label,0_x,0_y,0_z,1_x,1_y,1_z,2_x,2_y,2_z,3_x,3_y,3_z,4_x,4_y,4_z,5_x,5_y,5_z,6_x,6_y,6_z,7_x,7_y,7_z,8_x,8_y,8_z,9_x,9_y,9_z,10_x,10_y,10_z,11_x,11_y,11_z,12_x,12_y,12_z,13_x,13_y,13_z,14_x,14_y,14_z,15_x,15_y,15_z,16_x,16_y,16_z
pushup,0.5882670402526855,0.30707194010416666,0.9968445301055908,0.6468954086303711,0.23493188222249348,0.9855644106864929,0.5363310813903809,0.22121156056722005,0.9955908060073853,0.7076012134552002,0.19084383646647135,0.5256833434104919,0.45124454498291017,0.15730609893798828,0.9354621171951294,0.708702278137207,0.3682030995686849,0.9760863184928894,0.3385283946990967,0.3206377665201823,0.9960461258888245,0.6815476417541504,0.7359912872314454,0.8231574892997742,0.21476991176605226,0.6767525990804036,0.9645127058029175,0.6091020107269287,1.0,0.6807230710983276,0.2958779573440552,0.9915714263916016,0.8956112265586853,0.5576116561889648,0.7743099212646485,0.8831889629364014,0.3224039554595947,0.7614295959472657,0.9336039423942566,0.559872055053711,1.0,0.09020610898733139,0.29050111770629883,1.0,0.14971137046813965,0.4930562973022461,0.970043690999349,0.008906032890081406,0.3100972890853882,0.9797627766927083,0.0112514179199934
pushup,0.5917844295501709,0.3069764137268066,0.9971791505813599,0.6510252475738525,0.2362377166748047,0.9858572483062744,0.5405813217163086,0.2218579610188802,0.9953166246414185,0.7112485885620117,0.19445470174153645,0.6036304235458374,0.45566506385803224,0.1598313013712565,0.9311345815658569,0.7175354480743408,0.3659353256225586,0.9870206117630005,0.33398847579956054,0.3203446388244629,0.997062623500824,0.6921981334686279,0.7409847259521485,0.8987905383110046,0.21857087612152098,0.6810707092285156,0.9739988446235657,0.6037136077880859,1.0,0.7706931233406067,0.3089853525161743,0.9520350138346354,0.9176427125930786,0.5558241367340088,0.7656752268473307,0.9353861808776855,0.31122918128967286,0.7506373087565105,0.960459291934967,0.5660984992980957,0.9984131495157877,0.15764139592647552,0.2716692924499512,0.9839654286702474,0.22479547560214996,0.4988697528839111,0.9791046142578125,0.013929278589785099,0.2977418899536133,0.9766799926757812,0.01593308337032795
pushup,0.598658561706543,0.30846865971883136,0.9975827932357788,0.6564297199249267,0.2341306686401367,0.9870911836624146,0.5441895008087159,0.2234333038330078,0.996606707572937,0.7171740055084228,0.1867534637451172,0.47203487157821655,0.45450749397277834,0.1599919637044271,0.9481869339942932,0.7134946346282959,0.35668557484944663,0.9802671670913696,0.3399306297302246,0.3205330530802409,0.9972347617149353,0.690986442565918,0.7136620203653972,0.8714777827262878,0.18940887451171876,0.6749813079833984,0.9779146909713745,0.6271092414855957,0.9848862965901692,0.7824999094009399,0.28049917221069337,0.9773457845052084,0.9422833919525146,0.5654706954956055,0.7707126617431641,0.932118833065033,0.3269184112548828,0.7676592508951823,0.9633949398994446,0.569108247756958,1.0,0.1368645578622818,0.2955974817276001,1.0,0.22500215470790863,0.48716344833374026,0.9590267181396485,0.011911042965948582,0.29727725982666015,1.0,0.014869858510792255
pushup,0.6016051292419433,0.3094916025797526,0.9979008436203003,0.6560624599456787,0.23342933654785156,0.9881933331489563,0.5464484214782714,0.22900123596191407,0.9971649050712585,0.7173926353454589,0.17696946461995441,0.4409359097480774,0.45764551162719724,0.16443389256795246,0.9519778490066528,0.719782543182373,0.34873765309651694,0.9710913896560669,0.3398721218109131,0.3285679817199707,0.9972710013389587,0.7051172256469727,0.689564323425293,0.8305654525756836,0.15820808410644532,0.6681420008341471,0.9793478846549988,0.6467065811157227,0.9680773417154948,0.773645281791687,0.24977385997772217,0.949818738301595,0.9559622406959534,0.5788193702697754,0.7842504501342773,0.8771693110466003,0.3379971027374268,0.7915653228759766,0.9422486424446106,0.5711042881011963,0.9977996826171875,0.06989224255084991,0.30124483108520506,1.0,0.13608361780643463,0.4944140434265137,0.9398981094360351,0.0057871039025485516,0.3134406089782715,1.0,0.007778871804475784
pushup,0.6013723850250244,0.31032390594482423,0.9978832602500916,0.6548093795776367,0.23442821502685546,0.988608717918396,0.5456578731536865,0.23174088795979816,0.9971221089363098,0.7161606788635254,0.17519330978393555,0.46741169691085815,0.457338809967041,0.16623729070027668,0.9566497206687927,0.7285600185394288,0.3407301902770996,0.9717187285423279,0.3349233865737915,0.3276587804158529,0.9977071285247803,0.7140076637268067,0.6670187632242839,0.8258389830589294,0.14354546070098878,0.6608165740966797,0.9810186624526978,0.6718863010406494,0.9526883443196614,0.769717276096344,0.24028704166412354,0.945684814453125,0.958834171295166,0.6011600494384766,0.7829915364583333,0.8838537931442261,0.3541044473648071,0.7939330418904622,0.9488620162010193,0.58101487159729,1.0,0.075494185090065,0.3082295894622803,1.0,0.15136103332042694,0.5135945320129395,0.9639020284016927,0.006034863647073507,0.338225793838501,1.0,0.00855919998139143
pushup,0.5980607986450195,0.314714241027832,0.9980015158653259,0.6469552993774415,0.23977778752644857,0.9906908273696899,0.5429791927337646,0.23724908828735353,0.9961580634117126,0.7018919467926026,0.18337837855021158,0.4621860384941101,0.4517050743103027,0.17656911214192708,0.9272229075431824,0.7172133445739746,0.3509251912434896,0.9755762219429016,0.3437057018280029,0.34458659489949545,0.9954333901405334,0.7323691368103027,0.6764373143513998,0.8786059617996216,0.15482580661773682,0.6851456324259441,0.9603103995323181,0.7561552047729492,0.9568825403849284,0.8263469338417053,0.18895585536956788,0.9839992523193359,0.9285885691642761,0.6221071243286133,0.7794161478678385,0.8164467215538025,0.3860542058944702,0.7922680536905925,0.8725242018699646,0.6062397956848145,1.0,0.04901721328496933,0.337105917930603,1.0,0.06712862849235535,0.5643750190734863,0.953114382425944,0.003340554889291525,0.3529954433441162,0.979458236694336,0.0037344670854508877
pushup,0.5814991950988769,0.3210548718770345,0.9976783394813538,0.6409976482391357,0.24284095764160157,0.9902902245521545,0.5247282981872559,0.23759660720825196,0.9959048628807068,0.7067838668823242,0.20196609497070311,0.6885668635368347,0.4357910633087158,0.18775415420532227,0.9284297823905945,0.7292698383331299,0.3735019365946452,0.986957311630249,0.32777676582336424,0.35793205897013347,0.9969891905784607,0.7611146450042725,0.6728781382242839,0.9080996513366699,0.17132797241210937,0.6435604095458984,0.9738795757293701,0.7172112464904785,0.9714450200398763,0.8515827059745789,0.21928002834320068,0.8773262659708659,0.9482786059379578,0.5937305450439453,0.7786746342976888,0.9420676827430725,0.3414398193359375,0.7795281092325846,0.9641926288604736,0.5956524848937989,1.0,0.1610015630722046,0.29958477020263674,1.0,0.22764237225055695,0.5519196033477783,0.965104611714681,0.012093001045286655,0.3355367422103882,0.9834633509318034,0.013975034467875957
pushup,0.5704645633697509,0.3275484085083008,0.9972413778305054,0.6269418239593506,0.24789082209269206,0.9887041449546814,0.5112474441528321,0.24712327321370442,0.9948878884315491,0.6914363861083984,0.19943339029947918,0.6610733270645142,0.4224879264831543,0.19660876592000326,0.9056386947631836,0.7212174415588379,0.3709166208902995,0.9844532608985901,0.33387317657470705,0.3514209747314453,0.9944911003112793,0.7728819847106934,0.6875320434570312,0.8776496052742004,0.19713823795318602,0.6263077418009441,0.9491037726402283,0.7632021903991699,0.9759645462036133,0.8117583990097046,0.2033008575439453,0.8351310729980469,0.9156991243362427,0.5834570407867432,0.7757759730021159,0.8777092695236206,0.3457247257232666,0.7712863922119141,0.9115691781044006,0.568338680267334,1.0,0.10197337716817856,0.3274043083190918,1.0,0.1351747363805771,0.534650182723999,0.9644277572631836,0.008040916174650192,0.3749324560165405,0.9619298299153646,0.008866644464433193
pushup,0.5543959140777588,0.3337228775024414,0.9972174167633057,0.6092940330505371,0.2567634582519531,0.9882672429084778,0.4975531578063965,0.2554385503133138,0.9948318004608154,0.6713614463806152,0.20594762166341146,0.6642194986343384,0.41242132186889646,0.20176738103230793,0.8958199620246887,0.7078684806823731,0.3776189168294271,0.9831963777542114,0.3313590526580811,0.3530215581258138,0.9937014579772949,0.7782828330993652,0.7229384740193685,0.8429868221282959,0.20886461734771727,0.6451320012410482,0.9377784132957458,0.7844014167785645,0.9762613932291667,0.7503236532211304,0.17680177688598633,0.8242866516113281,0.8868232369422913,0.5718460083007812,0.7761812210083008,0.8089835047721863,0.34346637725830076,0.7665136337280274,0.8631324172019958,0.5428080081939697,0.998187764485677,0.07530579715967178,0.3208480358123779,0.9899895350138347,0.10515551269054413,0.5167184829711914,0.9464411417643229,0.0064188027754426,0.37622947692871095,0.9419939676920573,0.007403560448437929
pushup,0.5382369518280029,0.3461215655008952,0.9973366856575012,0.5938263893127441,0.26812912623087565,0.9881860017776489,0.4807887554168701,0.2678788820902506,0.9943357110023499,0.6594678401947022,0.21440032323201497,0.6685806512832642,0.3986726045608521,0.21060552597045898,0.8666372895240784,0.6951396465301514,0.3886582374572754,0.9835689663887024,0.3387919902801514,0.3435373306274414,0.9930863976478577,0.7763611316680908,0.7263209660847981,0.8811890482902527,0.23988490104675292,0.5952746073404948,0.9556487202644348,0.777738380432129,0.9522513707478841,0.8552674651145935,0.23152353763580322,0.8142871856689453,0.9359709620475769,0.5740739822387695,0.7819702784220378,0.8428953886032104,0.35623998641967775,0.7660783131917318,0.8905635476112366,0.5352638721466064,0.9890321095784506,0.08322255313396454,0.3280001640319824,0.9906073252360026,0.12173710763454437,0.5253647804260254,0.9279062906901042,0.006556386593729258,0.3789860248565674,0.9494317372639974,0.007809265051037073
pushup,0.5233166694641114,0.36573893229166665,0.997687816619873,0.5786622047424317,0.28278379440307616,0.9885644316673279,0.4633308410644531,0.2866034189860026,0.9949190020561218,0.6456079483032227,0.2186216354370117,0.6198422908782959,0.3795023441314697,0.22373968760172527,0.8596915602684021,0.6832387924194336,0.39698365529378254,0.9814761281013489,0.32900466918945315,0.36439393361409506,0.992484986782074,0.7759234428405761,0.7311525344848633,0.8726506233215332,0.23447556495666505,0.6187151590983073,0.9552760720252991,0.7961626052856445,0.960728136698405,0.8613425493240356,0.21827101707458496,0.8718549092610677,0.9378445744514465,0.5754731655120849,0.7940980275472005,0.8100369572639465,0.3616431713104248,0.7875071843465169,0.8701496124267578,0.5209129333496094,0.9775548299153646,0.0782153308391571,0.32645344734191895,1.0,0.11685873568058014,0.5270368576049804,0.9091200510660807,0.007096546236425638,0.387118935585022,0.9630963643391927,0.008468366228044033
pushup,0.5091977119445801,0.37387542724609374,0.9974507689476013,0.5668333053588868,0.29498602549235026,0.9892873764038086,0.45386462211608886,0.2930177688598633,0.9940100908279419,0.6343414306640625,0.232010555267334,0.6803233027458191,0.3750908374786377,0.22295296986897786,0.8283611536026001,0.6716032981872558,0.4006776809692383,0.9833343625068665,0.31919517517089846,0.36145273844401044,0.9909701347351074,0.7741541385650634,0.7346593856811523,0.89023357629776,0.2372722864151001,0.6190863927205403,0.9487228989601135,0.8039360046386719,0.9778414408365885,0.855621337890625,0.2153787612915039,0.8577561060587565,0.9226295948028564,0.5703038215637207,0.7765851974487304,0.8309215307235718,0.35531227588653563,0.7680149078369141,0.8718172311782837,0.5463836193084717,0.9727170944213868,0.08411645889282227,0.3229918241500854,0.9930362065633138,0.11726926267147064,0.5669368743896485,0.8910507202148438,0.007751237601041794,0.3882922887802124,0.9470081329345703,0.008940193802118301
pushup,0.5048666954040527,0.3713007609049479,0.9977491497993469,0.5624434471130371,0.2879182497660319,0.9896480441093445,0.4461794853210449,0.28795566558837893,0.9945308566093445,0.6298235893249512,0.21840327580769855,0.6216157078742981,0.3616571187973022,0.2153162956237793,0.8179404139518738,0.6660743713378906,0.3928044319152832,0.9821130633354187,0.3120289325714111,0.3668606440226237,0.989315390586853,0.7714664459228515,0.7265715916951497,0.8872037529945374,0.23145930767059325,0.6354065577189127,0.940342903137207,0.7975111484527588,0.9732885996500651,0.8662755489349365,0.2038264513015747,0.8688668568929037,0.9217329025268555,0.5670271873474121,0.7977603276570638,0.8189176917076111,0.3520805835723877,0.7947465896606445,0.856192946434021,0.5288691043853759,0.9831239700317382,0.08189205080270767,0.3167329072952271,1.0,0.10696724057197571,0.5355826377868652,0.8952443440755208,0.008053050376474857,0.37578961849212644,0.961345354715983,0.008672873489558697
pushup,0.4992378234863281,0.35768880844116213,0.9973178505897522,0.5564510822296143,0.27582019170125327,0.9898724555969238,0.4422932147979736,0.275186824798584,0.9940776824951172,0.622778844833374,0.21102978388468424,0.6483764052391052,0.3593161106109619,0.20663626988728842,0.8348329663276672,0.6615209579467773,0.38390531539916994,0.978547215461731,0.2956573963165283,0.3818810780843099,0.9869863390922546,0.7688278675079345,0.7012510299682617,0.8478443622589111,0.2022393226623535,0.6787876764933268,0.9052905440330505,0.8100211143493652,0.9562984466552734,0.8010914921760559,0.1998521566390991,0.8670566558837891,0.8725096583366394,0.5681703567504883,0.8084552764892579,0.7478546500205994,0.3456106185913086,0.8175997416178385,0.7845252752304077,0.540472412109375,0.9943871815999349,0.05147317796945572,0.3135529041290283,1.0,0.06355355679988861,0.5335865020751953,0.8906434377034506,0.00560047896578908,0.38168671131134035,0.9461795171101888,0.005772011820226908
pushup,0.49800996780395507,0.3544032414754232,0.9973560571670532,0.5576073169708252,0.27080008188883464,0.9905316829681396,0.4405005931854248,0.26900402704874676,0.993924081325531,0.6248964786529541,0.20588566462198893,0.6530981659889221,0.35263447761535643,0.19837077458699545,0.8164049386978149,0.6612767219543457,0.37631632486979166,0.9782418608665466,0.2860098838806152,0.37729136149088544,0.9843704104423523,0.775874662399292,0.6666611353556315,0.8621677160263062,0.18483824729919435,0.6432165145874024,0.8930329084396362,0.7814582824707031,0.9574720382690429,0.8452994227409363,0.1945642948150635,0.8291572570800781,0.8905971050262451,0.5681868076324463,0.8042490005493164,0.7751787900924683,0.34024221897125245,0.815823491414388,0.7955220341682434,0.538173246383667,0.986645762125651,0.060476455837488174,0.3091651201248169,1.0,0.06834978610277176,0.5195618629455566,0.8826121012369792,0.00650083227083087,0.38058426380157473,0.9602700551350911,0.006164681166410446
pushup,0.4993762493133545,0.3505733489990234,0.997463583946228,0.5567146301269531,0.26833890279134115,0.9907482266426086,0.44194669723510743,0.2673346519470215,0.9942498207092285,0.6214968681335449,0.20425907770792642,0.6639007925987244,0.35057687759399414,0.1998617172241211,0.8567763566970825,0.6709024429321289,0.36620715459187825,0.9838446974754333,0.26626362800598147,0.38917471567789713,0.9874748587608337,0.7940486907958985,0.6266789754231771,0.8870557546615601,0.15161442756652832,0.662738545735677,0.8974066972732544,0.7865796089172363,0.9394922892252604,0.8691831231117249,0.19221880435943603,0.861929194132487,0.8934451937675476,0.5762862205505371,0.8138499577840169,0.7963216304779053,0.3304665803909302,0.8338963190714518,0.8021476864814758,0.5489856719970703,0.9889446258544922,0.05419071391224861,0.2956331729888916,1.0,0.05569704622030258,0.5096781730651856,0.9021483103434245,0.005102712661027908,0.37386293411254884,0.9627813339233399,0.004535765387117863
pushup,0.4989175796508789,0.34884541829427085,0.9976933598518372,0.5580368041992188,0.2681751569112142,0.9911866784095764,0.44210085868835447,0.26497688293457033,0.9945302605628967,0.6230639457702637,0.20707146326700845,0.6874307990074158,0.3492448806762695,0.19777437845865886,0.8791242241859436,0.6690891742706299,0.3510003407796224,0.9894121289253235,0.25332639217376707,0.3830675760904948,0.9920229911804199,0.7861958026885987,0.5769336064656575,0.9326483607292175,0.12507007122039795,0.6463615417480468,0.9368059039115906,0.7720715999603271,0.9096972147623698,0.9243831634521484,0.1826098680496216,0.8831946690877278,0.9339491724967957,0.5711201667785645,0.7897082010904948,0.9140370488166809,0.3181226491928101,0.8161529541015625,0.9150158166885376,0.5566130638122558,0.9870312372843425,0.12262265384197235,0.29011287689208987,1.0,0.12336321920156479,0.5032496452331543,0.9258069356282552,0.009223273023962975,0.359878396987915,1.0,0.008033586665987968
pushup,0.5003795623779297,0.3515072504679362,0.997986912727356,0.5593963146209717,0.2710524876912435,0.9918715953826904,0.4437600612640381,0.2668858528137207,0.9950690269470215,0.6246077060699463,0.20351921717325847,0.6754815578460693,0.35100464820861815,0.19268906911214193,0.873741626739502,0.6730806350708007,0.3448537508646647,0.9881247282028198,0.2558279275894165,0.3731458028157552,0.9918028712272644,0.7969383716583252,0.5316672007242839,0.9314083456993103,0.11965992450714111,0.5987647374471029,0.9408488869667053,0.7946820259094238,0.8282161712646484,0.9407781958580017,0.14555370807647705,0.8508098602294922,0.9467637538909912,0.5746015548706055,0.8014828999837239,0.9161439538002014,0.32306180000305174,0.8240576426188151,0.9202591776847839,0.5530245780944825,0.9928208669026692,0.12902827560901642,0.2900832653045654,1.0,0.13171590864658356,0.5084027767181396,0.939111073811849,0.00953613594174385,0.36345844268798827,1.0,0.008573553524911404
pushup,0.5031330108642578,0.35761483510335285,0.9981169700622559,0.5597488880157471,0.27783927917480467,0.9914721846580505,0.4456120491027832,0.2752834320068359,0.996085524559021,0.6225080490112305,0.20490128199259441,0.5716266632080078,0.3512669563293457,0.19592609405517578,0.9040346741676331,0.6654480934143067,0.3447426160176595,0.9816257953643799,0.24947831630706788,0.3579801877339681,0.9925819635391235,0.7842985153198242,0.5054129918416341,0.9112451076507568,0.08732585906982422,0.5477743784586588,0.9486677646636963,0.8150667190551758,0.7303305943806966,0.9399163722991943,0.11309628486633301,0.7628897349039714,0.9634262323379517,0.5795174598693847,0.8048327128092448,0.9071342945098877,0.3293642520904541,0.8251729329427083,0.9244476556777954,0.5567254066467285,0.9957623799641927,0.12452584505081177,0.2925708770751953,1.0,0.14489534497261047,0.5444010734558106,0.9474291483561198,0.009188317693769932,0.37708396911621095,1.0,0.00911620818078518
pushup,0.5042091846466065,0.3549916903177897,0.9981897473335266,0.5572274208068848,0.27712421417236327,0.9903635382652283,0.44667706489562986,0.2777831713358561,0.9966337084770203,0.6189750671386719,0.2045620600382487,0.49905240535736084,0.35336415767669677,0.20256001154581707,0.9107824563980103,0.6612314224243164,0.3342995007832845,0.9764347076416016,0.2705274820327759,0.3405220667521159,0.9932184815406799,0.7893589019775391,0.4544039408365885,0.896691083908081,0.11424016952514648,0.47229204177856443,0.964762806892395,0.8098150253295898,0.6595528920491537,0.9461009502410889,0.14331388473510742,0.704090436299642,0.9780242443084717,0.5834322929382324,0.7902982076009114,0.930445671081543,0.3466711759567261,0.8058643976847331,0.9540210366249084,0.5474809646606446,0.9889983495076498,0.16801290214061737,0.30229711532592773,1.0,0.23193052411079407,0.5318093299865723,0.9392049789428711,0.012767455540597439,0.3650665760040283,1.0,0.014533720910549164
pushup,0.502345609664917,0.3572858174641927,0.9981468915939331,0.5575862407684327,0.2796403249104818,0.9911471009254456,0.44605493545532227,0.2776290575663249,0.9961632490158081,0.6209224700927735,0.20559784571329753,0.5491257905960083,0.355696439743042,0.19816134770711263,0.8783147931098938,0.6597513198852539,0.3302364985148112,0.9745619297027588,0.2812047958374023,0.33623196283976237,0.992055356502533,0.7900228023529052,0.41321036020914714,0.9020520448684692,0.13294413089752197,0.43817593256632487,0.9636418223381042,0.808962345123291,0.5972212473551433,0.9504202604293823,0.13309931755065918,0.6462067286173503,0.9781826734542847,0.5836140632629394,0.7869578679402669,0.9354538917541504,0.35441060066223146,0.7989190419514974,0.9564453363418579,0.5460466384887696,0.9834665934244792,0.19339953362941742,0.3025401830673218,1.0,0.25990283489227295,0.5329405307769776,0.9283795674641927,0.01599586382508278,0.36188383102416993,0.9905960083007812,0.01814139448106289
pushup,0.4960452079772949,0.35987351735432943,0.9979822635650635,0.5559344291687012,0.2861748695373535,0.9917454123497009,0.44301066398620603,0.2755528767903646,0.995049774646759,0.6204154968261719,0.21561867396036785,0.6272375583648682,0.3559772491455078,0.1879527727762858,0.8385956287384033,0.6534006595611572,0.32665262222290037,0.9805282950401306,0.28404927253723145,0.3219484011332194,0.9915224313735962,0.7954793930053711,0.3877210299173991,0.9325371384620667,0.15215895175933838,0.41270297368367515,0.9647601842880249,0.8272283554077149,0.5582396189371744,0.9625552892684937,0.14520092010498048,0.5946338017781575,0.9786033034324646,0.5813233375549316,0.7795881907145182,0.9597960710525513,0.3576826095581055,0.7856769561767578,0.9685880541801453,0.5514898777008057,0.9872334798177084,0.2743305265903473,0.3078678846359253,1.0,0.3349277973175049,0.5211166858673095,0.9241158803304036,0.023327454924583435,0.35843486785888673,0.9875494639078776,0.025159407407045364
pushup,0.49510979652404785,0.3601148287455241,0.9977999329566956,0.5538950443267823,0.28546533584594724,0.991601288318634,0.4404584884643555,0.2771642049153646,0.9946253895759583,0.619565200805664,0.2086374600728353,0.6236159205436707,0.35422980785369873,0.18711926142374674,0.8219104409217834,0.6567018508911133,0.31463034947713214,0.9756960272789001,0.2844455003738403,0.3116319974263509,0.9890550374984741,0.7885219097137451,0.3624463399251302,0.9183996319770813,0.15493221282958985,0.38800264994303385,0.9552245140075684,0.8282233238220215,0.5293469111124675,0.9548041224479675,0.1508476734161377,0.5633593241373698,0.9735445380210876,0.5831563472747803,0.7817426681518554,0.9445755481719971,0.3580885171890259,0.7865240732828777,0.9560832977294922,0.5491381645202636,0.9926035563151042,0.2189178466796875,0.30794837474823,1.0,0.26773613691329956,0.5235082626342773,0.9370974222819011,0.018592534586787224,0.3637197494506836,0.9746554056803386,0.02013656683266163
pushup,0.49281888008117675,0.35800215403238933,0.9975582361221313,0.5513225555419922,0.2844339370727539,0.9913389682769775,0.4385514736175537,0.2759706497192383,0.9936634302139282,0.6167087078094482,0.21040604909261068,0.6480260491371155,0.3539134502410889,0.18875163396199543,0.7951855659484863,0.6519428253173828,0.31213191350301106,0.9786567091941833,0.2891835689544678,0.30541709264119465,0.9875733256340027,0.7772567749023438,0.36230494181315104,0.9329879879951477,0.16872873306274414,0.3785238265991211,0.9513927698135376,0.8128618240356446,0.5110984802246094,0.9593574404716492,0.1622302770614624,0.5442325592041015,0.9705531001091003,0.5795533657073975,0.7712942759195963,0.9568154811859131,0.3585021495819092,0.7737208048502604,0.9618791937828064,0.5527524948120117,0.9978875478108724,0.26211071014404297,0.31200275421142576,1.0,0.29451704025268555,0.5314826965332031,0.9449927012125651,0.021419594064354897,0.36104574203491213,0.97837340037028,0.021793406456708908
pushup,0.4877345561981201,0.3534155527750651,0.9973766803741455,0.5446146965026856,0.28235527674357097,0.9907501339912415,0.4348128795623779,0.27501341501871746,0.9935867190361023,0.6077749252319335,0.2148120880126953,0.6484286189079285,0.3508842945098877,0.1955924352010091,0.8105137348175049,0.6448658466339111,0.30899791717529296,0.9781479835510254,0.2878397226333618,0.3125722567240397,0.9878183603286743,0.775014066696167,0.3540747324625651,0.9265023469924927,0.16666719913482667,0.3925522804260254,0.9497042894363403,0.8050487518310547,0.509280776977539,0.9530717730522156,0.16257576942443847,0.5536892573038737,0.9680026173591614,0.5796711921691895,0.7662635803222656,0.9526974558830261,0.360925030708313,0.7731376012166341,0.9593986868858337,0.5504443645477295,0.9898045857747396,0.24791698157787323,0.3137822151184082,1.0,0.2833188474178314,0.5255510330200195,0.9400546391805013,0.02044418454170227,0.36481366157531736,0.9782011032104492,0.020977914333343506
pushup,0.48299689292907716,0.35005728403727215,0.9974496960639954,0.5398809432983398,0.2797753969828288,0.9914480447769165,0.4306036472320557,0.27324577967325847,0.9931191205978394,0.6045254230499267,0.21390727361043294,0.7105216979980469,0.3495467662811279,0.19676742553710938,0.7998135089874268,0.6453647613525391,0.30600029627482095,0.9837381839752197,0.2885552644729614,0.3116262118021647,0.9904332160949707,0.7746469974517822,0.3539966901143392,0.9444669485092163,0.16717920303344727,0.3929369290669759,0.9604191184043884,0.7973705291748047,0.5180695215861003,0.9638063311576843,0.15940577983856202,0.5663733164469401,0.9738548994064331,0.5790657043457031,0.7569218317667643,0.9690096378326416,0.36070942878723145,0.7636975606282552,0.9732472896575928,0.5482721328735352,0.9817150751749675,0.34644562005996704,0.3131969451904297,1.0,0.3881336450576782,0.5217329502105713,0.9457077662150065,0.02978392317891121,0.36337695121765134,0.986563237508138,0.030776571482419968
pushup,0.4830464839935303,0.3538748105367025,0.9976028800010681,0.5415651321411132,0.2795000712076823,0.99174964427948,0.42818541526794435,0.27366835276285806,0.9935774207115173,0.609119176864624,0.20185133616129558,0.6814231872558594,0.34476256370544434,0.18714640935262045,0.7904378175735474,0.6486068725585937,0.29839305877685546,0.9790800213813782,0.2815854072570801,0.30788949330647786,0.9892318844795227,0.7718665122985839,0.35070219039916994,0.9339404106140137,0.1558302164077759,0.3973480542500814,0.9582810401916504,0.7894532680511475,0.5330562909444173,0.9648275375366211,0.15369694232940673,0.5900807698567708,0.9767846465110779,0.5785272598266602,0.7609504063924154,0.9574966430664062,0.35604517459869384,0.7711327234903972,0.9651741981506348,0.5475372314453125,0.982984987894694,0.2790738344192505,0.3157045841217041,1.0,0.32655370235443115,0.5200066566467285,0.9336636225382487,0.023397963494062424,0.370940637588501,0.9861074447631836,0.02465531788766384
pushup,0.4819167137145996,0.35847562154134116,0.9976933598518372,0.5394145965576171,0.2843579610188802,0.9918111562728882,0.4269561767578125,0.27978766759236656,0.9937648773193359,0.6060851097106934,0.2045114517211914,0.6696178317070007,0.3426518440246582,0.19293867746988932,0.7899758219718933,0.6480473041534424,0.29626124699910483,0.9790792465209961,0.27993919849395754,0.31174459457397463,0.9896132349967957,0.7728939056396484,0.3620364824930827,0.9369394183158875,0.1507129669189453,0.4134725252787272,0.9615576863288879,0.7823539257049561,0.5552300771077474,0.9672959446907043,0.1466463804244995,0.6096244812011719,0.9787824749946594,0.5836092948913574,0.7598812739054362,0.955901563167572,0.3594844818115234,0.7738231658935547,0.9645071625709534,0.551176643371582,0.9763570149739583,0.25696298480033875,0.3137938976287842,1.0,0.30231672525405884,0.523949384689331,0.9249371846516927,0.020164242014288902,0.3677055835723877,0.9911333084106445,0.021049143746495247
pushup,0.4813526153564453,0.3609941800435384,0.9978197813034058,0.5376749515533448,0.2903140068054199,0.9917138814926147,0.42876133918762205,0.28435436884562176,0.994394063949585,0.601873254776001,0.21312637329101564,0.6518895030021667,0.34473209381103515,0.1970386505126953,0.8181129693984985,0.6435163974761963,0.3043693542480469,0.9808896780014038,0.27681689262390136,0.31448456446329753,0.9911776185035706,0.7763071060180664,0.3974620819091797,0.9382533431053162,0.14288065433502198,0.44048471450805665,0.9656416177749634,0.7813855171203613,0.591799799601237,0.9670666456222534,0.14948089122772218,0.6560985565185546,0.9797737002372742,0.5836379528045654,0.7624942779541015,0.9590429663658142,0.3596142053604126,0.7769578297932943,0.9680517315864563,0.5487895965576172,0.9732570648193359,0.26889967918395996,0.3094520092010498,1.0,0.3220639228820801,0.5188221454620361,0.9168504079182943,0.021595565602183342,0.36447391510009763,1.0,0.02269553579390049
pushup,0.48038315773010254,0.36149705251057945,0.9978170394897461,0.5363484382629394,0.28720827102661134,0.9923343062400818,0.4263619422912598,0.2846379280090332,0.9940791130065918,0.601023006439209,0.20928096771240234,0.6828373670578003,0.3402592658996582,0.20082483291625977,0.8137412071228027,0.6511405944824219,0.3119098027547201,0.983797013759613,0.26397545337677003,0.3337713877360026,0.9897135496139526,0.7916754722595215,0.4159317334493001,0.9446454048156738,0.1286151885986328,0.47757158279418943,0.9525617957115173,0.7927760124206543,0.6190840403238932,0.9693267345428467,0.14945631027221679,0.6987987518310547,0.9729079604148865,0.5868489265441894,0.7671670913696289,0.9491066336631775,0.35151536464691163,0.7877943038940429,0.9529929757118225,0.5531135082244873,0.9650716145833333,0.2223270833492279,0.2991607666015625,1.0,0.23526085913181305,0.5373053550720215,0.9174828211466471,0.016293242573738098,0.3716270923614502,1.0,0.015152031555771828
pushup,0.47850914001464845,0.3629357655843099,0.9979301691055298,0.5353622913360596,0.28747660319010415,0.9929585456848145,0.42377781867980957,0.2854887326558431,0.9946988821029663,0.6031975746154785,0.20781663258870442,0.7209564447402954,0.340434193611145,0.20180066426595053,0.8356043100357056,0.6569429397583008,0.32030022939046227,0.9823780655860901,0.25568456649780275,0.34499810536702474,0.9920734763145447,0.7837828636169434,0.4610917409261068,0.9310182929039001,0.10720555782318116,0.5263087272644043,0.9605113863945007,0.7803393840789795,0.6788332621256511,0.9594310522079468,0.13292489051818848,0.7538653055826823,0.9731845855712891,0.5843050956726075,0.7876536687215169,0.9338139891624451,0.33995041847229,0.8106580098470052,0.9475820064544678,0.5647264957427979,0.9733091990152994,0.16647464036941528,0.2964006423950195,1.0,0.20198845863342285,0.5426921367645263,0.925587526957194,0.012456391006708145,0.3714694261550903,1.0,0.012998528778553009
pushup,0.4797379493713379,0.3621731440226237,0.9977473616600037,0.5391065120697022,0.29272292455037435,0.9932795166969299,0.43028435707092283,0.283559513092041,0.9931976795196533,0.6054913520812988,0.22004413604736328,0.7968501448631287,0.347438645362854,0.1971761703491211,0.8028090596199036,0.6646980762481689,0.31858380635579425,0.9913156032562256,0.24857149124145508,0.3415096282958984,0.9910693168640137,0.8081293106079102,0.491552480061849,0.9598277807235718,0.10961375236511231,0.5569913864135743,0.9467129707336426,0.7824937343597412,0.7672850290934244,0.9621669054031372,0.12995715141296388,0.8024733225504558,0.9512346386909485,0.5768017292022705,0.779949442545573,0.9561387896537781,0.3210933685302734,0.7992692947387695,0.9516618251800537,0.5678642272949219,0.9935307820638021,0.1864708513021469,0.27619545459747313,1.0,0.17117637395858765,0.5253493309020996,0.9275384267171224,0.01208912767469883,0.3561168909072876,1.0,0.0101710120216012
pushup,0.48482565879821776,0.3703794479370117,0.9986316561698914,0.5397489070892334,0.29980061848958334,0.9951840043067932,0.4353066921234131,0.2950476328531901,0.9957518577575684,0.6021587371826171,0.2214777628580729,0.7402778267860413,0.3502659797668457,0.20774784088134765,0.8298325538635254,0.6593401908874512,0.3320116678873698,0.992464542388916,0.24092133045196534,0.3564092953999837,0.9867218732833862,0.8291393280029297,0.5380120595296224,0.9586334228515625,0.09911022186279297,0.5951026916503906,0.9010593891143799,0.824647045135498,0.8536780039469402,0.9464783072471619,0.1422567129135132,0.8709922154744466,0.8994433283805847,0.5592827796936035,0.8274996439615886,0.9108096361160278,0.3003277063369751,0.8557547251383464,0.8734294176101685,0.5778576850891113,0.9562887191772461,0.09041143208742142,0.2751462936401367,1.0,0.0668087899684906,0.5422598838806152,0.9495391845703125,0.008278492838144302,0.36577463150024414,1.0,0.00571816973388195
pushup,0.49103260040283203,0.36829185485839844,0.998497486114502,0.5405542373657226,0.29667431513468423,0.9943903088569641,0.4395343780517578,0.2970884641011556,0.9967772364616394,0.5991744041442871,0.21374041239420574,0.6163194179534912,0.35310921669006345,0.21310822168986002,0.880620539188385,0.6637191295623779,0.3281093597412109,0.9807904958724976,0.24559369087219238,0.37235631942749026,0.9856215119361877,0.8478829383850097,0.511141014099121,0.892012894153595,0.09154953956604003,0.6246282577514648,0.8844215273857117,0.8606173515319824,0.7016913731892903,0.9108043313026428,0.13866755962371827,0.840984598795573,0.8952261209487915,0.5837847709655761,0.8442291259765625,0.7794778943061829,0.3266057252883911,0.8822381337483723,0.7618002891540527,0.5913539886474609,0.9503431955973307,0.035267144441604614,0.29515905380249025,1.0,0.033309221267700195,0.5673949241638183,0.936521848042806,0.0036349555011838675,0.3948890209197998,1.0,0.003015727736055851
pushup,0.4892690658569336,0.3686301549275716,0.9978312849998474,0.544933557510376,0.2977383295694987,0.9919666647911072,0.4397022247314453,0.2876920064290365,0.9946603178977966,0.6040524005889892,0.22692063649495442,0.5984397530555725,0.3514085054397583,0.19839680989583333,0.8449243307113647,0.6473954200744629,0.35973491668701174,0.9851585030555725,0.2537384986877441,0.3589518864949544,0.9789037704467773,0.8286463737487793,0.5461008707682292,0.9104639887809753,0.1197551965713501,0.5824183146158854,0.8399130702018738,0.9130403518676757,0.7691332499186198,0.9108604192733765,0.15571236610412598,0.7945358912150066,0.8684387803077698,0.5563493251800538,0.8027419408162435,0.8592562079429626,0.3208728790283203,0.8172569274902344,0.8177348375320435,0.5216981410980225,0.9915191014607747,0.10194855183362961,0.2807945489883423,1.0,0.08119187504053116,0.48209028244018554,0.8984397888183594,0.00974476058036089,0.3564640998840332,0.9743248621622721,0.007203548215329647
pushup,0.4937923431396484,0.37749993006388344,0.9984778761863708,0.5440295219421387,0.30627848307291666,0.9940261840820312,0.4438625812530518,0.3051740646362305,0.9962347149848938,0.6020834922790528,0.22643203735351564,0.5684780478477478,0.35916848182678224,0.21914081573486327,0.8205122351646423,0.6432591915130615,0.3521750450134277,0.9816608428955078,0.2708039045333862,0.3574742317199707,0.9703860282897949,0.8250653266906738,0.5826788584391276,0.9024552702903748,0.13738274574279785,0.582360585530599,0.8183512091636658,0.8731534004211425,0.8344688415527344,0.8950229287147522,0.17343497276306152,0.7629152297973633,0.8568214178085327,0.549389123916626,0.8302627563476562,0.8056586384773254,0.3179490327835083,0.853491465250651,0.7476348280906677,0.5597346782684326,0.9439311981201172,0.059290118515491486,0.2935974359512329,1.0,0.047621846199035645,0.5378249168395997,0.9027365366617839,0.007500067353248596,0.3583688735961914,1.0,0.005288377869874239
pushup,0.4948066234588623,0.3809872309366862,0.998432457447052,0.5421658992767334,0.3108789126078288,0.9933007955551147,0.44498815536499026,0.3134436289469401,0.996313750743866,0.5977644443511962,0.23382174173990886,0.5452731251716614,0.36216177940368655,0.2344378153483073,0.841389000415802,0.6445163249969482,0.3550246238708496,0.9827605485916138,0.2771580457687378,0.3690255482991536,0.9740656018257141,0.8244572639465332,0.617715326944987,0.9022790193557739,0.16022448539733886,0.6305765787760417,0.8305546045303345,0.884009838104248,0.8468541463216146,0.8754560947418213,0.19102158546447753,0.8118404388427735,0.8343894481658936,0.5616775512695312,0.8294518152872722,0.7461644411087036,0.33080942630767823,0.8573439280192058,0.6841179132461548,0.5800271987915039,0.9273757298787435,0.040435295552015305,0.3038853406906128,1.0,0.03319970518350601,0.5831171035766601,0.8963794072469076,0.00496057840064168,0.37921843528747556,1.0,0.0036014586221426725
pushup,0.4938753604888916,0.38527247111002605,0.9980310797691345,0.5439456939697266,0.31366310119628904,0.9911866784095764,0.442293119430542,0.3107637723286947,0.9954673051834106,0.6011885166168213,0.24071305592854816,0.610687255859375,0.3583055019378662,0.23285961151123047,0.8786423206329346,0.6628220081329346,0.3762766202290853,0.9874459505081177,0.27022857666015626,0.3889095942179362,0.9920543432235718,0.823084545135498,0.6482300440470378,0.9215748310089111,0.15495126247406005,0.6840836842854817,0.9423688054084778,0.8797966003417969,0.8651023228963216,0.9016990065574646,0.1382819414138794,0.9274229685465495,0.911612868309021,0.5754319190979004,0.7910931905110677,0.8630684018135071,0.33634209632873535,0.8065119425455729,0.8705872893333435,0.5603704929351807,0.9941411972045898,0.07308188825845718,0.28620638847351076,1.0,0.0800832137465477,0.5534575462341309,0.9328984578450521,0.005002464633435011,0.3500544786453247,0.9971185048421224,0.004795756656676531
pushup,0.4927061557769775,0.38973236083984375,0.9976755976676941,0.5437247276306152,0.320394770304362,0.9893239140510559,0.44385290145874023,0.31568012237548826,0.994388997554779,0.5991393089294433,0.254472287495931,0.6028378009796143,0.36283462047576903,0.23933979670206706,0.86045241355896,0.6456607818603516,0.3926110585530599,0.9888420104980469,0.2833244800567627,0.3888061205546061,0.9883303642272949,0.7995660305023193,0.6887011845906575,0.9227550029754639,0.19401028156280517,0.6817533493041992,0.9151025414466858,0.8781787872314453,0.9241881688435872,0.8773921728134155,0.18495578765869142,0.8859822591145833,0.8770527839660645,0.5592168807983399,0.7910638173421224,0.8374817371368408,0.3386491537094116,0.8018157958984375,0.8258224129676819,0.5483214855194092,0.9803301493326823,0.07945400476455688,0.3068782091140747,1.0,0.07843584567308426,0.5510140419006347,0.8979857762654623,0.006915155332535505,0.3814363956451416,0.9653194427490235,0.0061256978660821915
pushup,0.4958745002746582,0.3968592325846354,0.997832715511322,0.547055721282959,0.32397645314534507,0.9899477362632751,0.443759822845459,0.32092695236206054,0.9946737289428711,0.6033077716827393,0.25259625116984047,0.5890218019485474,0.3603969573974609,0.24347095489501952,0.8589521050453186,0.6577658176422119,0.39070266087849936,0.987916111946106,0.2855844497680664,0.39569454193115233,0.9907249808311462,0.8013978004455566,0.7074853261311849,0.9277890920639038,0.21140289306640625,0.7213369369506836,0.9355241060256958,0.8639163970947266,0.9288632710774739,0.8876575827598572,0.18538370132446289,0.9913452784220378,0.8792009353637695,0.5800025463104248,0.790727170308431,0.8241408467292786,0.3516260623931885,0.8034988403320312,0.8226211667060852,0.5669296741485595,0.9910498301188151,0.05867559090256691,0.3030888319015503,1.0,0.06008554995059967,0.5913202285766601,0.9312969843546549,0.00432221032679081,0.378302001953125,0.9955111821492513,0.003994353115558624
pushup,0.49711084365844727,0.39142284393310545,0.9977619647979736,0.5487853050231933,0.3213630676269531,0.9885089993476868,0.4476905345916748,0.3179259936014811,0.9947612881660461,0.6038043975830079,0.25533132553100585,0.5629456639289856,0.36656894683837893,0.24240465164184571,0.8824043869972229,0.6454015731811523,0.3880634307861328,0.9884263277053833,0.2848298788070679,0.40177787144978844,0.9909379482269287,0.792329216003418,0.7068178176879882,0.9202451705932617,0.19999442100524903,0.7492218017578125,0.9294158220291138,0.8864538192749023,0.9395957946777344,0.8645493388175964,0.203300404548645,0.9792837778727214,0.8713082075119019,0.5636990547180176,0.794088872273763,0.7639157772064209,0.34414305686950686,0.8164887110392253,0.7636776566505432,0.5438366413116456,0.9570910135904948,0.048113834112882614,0.3098146438598633,1.0,0.05015247315168381,0.5456886291503906,0.8680246988932292,0.0043147350661456585,0.3944531440734863,0.95762513478597,0.0039103226736187935
pushup,0.5019278049468994,0.3885190963745117,0.9977977275848389,0.5518533706665039,0.31739753087361655,0.9888151288032532,0.4513385772705078,0.3160188357035319,0.9951142072677612,0.6063063621520997,0.2500110626220703,0.5469298362731934,0.36825995445251464,0.24266398747762044,0.8839263916015625,0.6513467311859131,0.3883769989013672,0.9866610169410706,0.28620262145996095,0.39942658742268883,0.9890533089637756,0.7999275207519532,0.6917391459147135,0.9100344181060791,0.19038922786712648,0.7183265686035156,0.9159678816795349,0.886441707611084,0.9190672556559245,0.8580420613288879,0.18522684574127196,0.9466318766276042,0.8639012575149536,0.5696330547332764,0.8063593546549479,0.7412204146385193,0.346390962600708,0.8269153594970703,0.7376146912574768,0.5593770027160645,0.9720882415771485,0.03885024040937424,0.3168769836425781,1.0,0.039241887629032135,0.5735551357269287,0.8787455876668294,0.003495629644021392,0.40393810272216796,0.9536626815795899,0.0031156528275460005
pushup,0.5021116256713867,0.3851449966430664,0.997697651386261,0.5534552574157715,0.31335703531901044,0.9908255934715271,0.4504530429840088,0.3101736704508464,0.9947195053100586,0.6104031562805176,0.24335816701253254,0.6357715129852295,0.3674149990081787,0.2367232322692871,0.8591528534889221,0.6688321113586426,0.37013765970865886,0.9836493730545044,0.2879464149475098,0.40341046651204426,0.9905452728271484,0.8233442306518555,0.6145909627278646,0.9022697806358337,0.18029427528381348,0.7067061106363932,0.9294921159744263,0.8641426086425781,0.8065329233805338,0.8889885544776917,0.14450452327728272,0.9522499084472656,0.8898277282714844,0.584106731414795,0.8062736511230468,0.8180491924285889,0.3523395299911499,0.8276472727457682,0.8298086524009705,0.5582042694091797,0.9984989802042643,0.05534053221344948,0.3020351409912109,1.0,0.06002514436841011,0.5377001762390137,0.9300589879353841,0.004220727365463972,0.3648181438446045,0.9970439275105795,0.0040242625400424
pushup,0.5030666351318359,0.38239854176839194,0.9983447790145874,0.554728889465332,0.3147772471110026,0.9934896230697632,0.4551359176635742,0.31259628931681316,0.9960165619850159,0.6123367309570312,0.2433111826578776,0.6104183197021484,0.37357616424560547,0.23343127568562824,0.8343943953514099,0.6551663398742675,0.35552790959676106,0.9809328317642212,0.2833786725997925,0.3798329035441081,0.9774601459503174,0.830803394317627,0.6203426361083985,0.8907591700553894,0.17297849655151368,0.6737931569417318,0.8395267128944397,0.8460976600646972,0.8466552098592123,0.8771460056304932,0.21439549922943116,0.8447007497151693,0.8422079086303711,0.5636241912841797,0.853702163696289,0.6195541024208069,0.33037874698638914,0.8835018793741862,0.5633389949798584,0.5736199378967285,0.9100096384684245,0.021986518055200577,0.3079106092453003,1.0,0.019132114946842194,0.5386720657348633,0.8905913035074869,0.0028895370196551085,0.39407103061676024,1.0,0.0021847414318472147
pushup,0.50602707862854,0.38166554768880206,0.998429000377655,0.5579434394836426,0.3134365399678548,0.9941802024841309,0.4578096389770508,0.31115757624308266,0.9962647557258606,0.6160848617553711,0.24091498057047525,0.6309108138084412,0.37451364994049074,0.23116830190022786,0.8399554491043091,0.6626309871673584,0.35090872446695964,0.9825679659843445,0.27845914363861085,0.37766831715901694,0.9781816601753235,0.8478418350219726,0.5855247497558593,0.8991212844848633,0.1506777286529541,0.644275410970052,0.8399218916893005,0.8663189888000489,0.8362829844156902,0.8849539160728455,0.18865182399749755,0.8347232818603516,0.8441122770309448,0.5689704418182373,0.8491797129313151,0.7313804626464844,0.3286300182342529,0.8800870259602864,0.6751783490180969,0.5824748039245605,0.9218918482462565,0.03588102385401726,0.3024647951126099,1.0,0.030203886330127716,0.5479759693145752,0.9067166646321615,0.004701059777289629,0.38665773868560793,1.0,0.003474310738965869
pushup,0.5079241275787354,0.38226006825764974,0.9984071850776672,0.5607733726501465,0.31323928833007814,0.9940997362136841,0.4585026741027832,0.3102386474609375,0.9961611032485962,0.6208239555358886,0.24062989552815756,0.6746184825897217,0.3739210367202759,0.23059396743774413,0.85201096534729,0.6752477169036866,0.3499048868815104,0.9860529899597168,0.276790976524353,0.3742606480916341,0.9846455454826355,0.8549869537353516,0.5583600997924805,0.9133172631263733,0.14674866199493408,0.616526985168457,0.8848345279693604,0.8464991569519043,0.8136995951334636,0.9073982238769531,0.19026002883911133,0.8373518625895182,0.8822037577629089,0.571806526184082,0.8460238774617513,0.8332302570343018,0.3239712715148926,0.8703131993611654,0.8067619800567627,0.5665199756622314,0.9525389353434245,0.05462431535124779,0.286933970451355,1.0,0.049016959965229034,0.518803596496582,0.9367374420166016,0.006233213935047388,0.36965250968933105,1.0,0.004895743913948536
pushup,0.5101457595825195,0.3830986658732096,0.9984427094459534,0.5613444328308106,0.3138739267985026,0.9937699437141418,0.46030564308166505,0.311602783203125,0.9964028596878052,0.6199693202972412,0.23723077774047852,0.6634621024131775,0.3740077018737793,0.22933260599772134,0.8840404748916626,0.6839652061462402,0.34561786651611326,0.9873290061950684,0.26188249588012696,0.37381687164306643,0.9886748194694519,0.845356559753418,0.53831361134847,0.9195677638053894,0.12178826332092285,0.6038654963175456,0.908152163028717,0.8375672340393067,0.8207631429036458,0.9074410200119019,0.1697772741317749,0.8303522745768229,0.9005292057991028,0.5869523525238037,0.8462834676106771,0.8409130573272705,0.32572600841522215,0.8713514328002929,0.82795250415802,0.5882148265838623,0.9643739064534506,0.04737405851483345,0.2822770118713379,1.0,0.043838582932949066,0.558409309387207,0.9677940368652344,0.004688622429966927,0.38472201824188235,1.0,0.003875582478940487
pushup,0.5120782852172852,0.3789607683817546,0.9979614019393921,0.5650676727294922,0.309942372639974,0.9915424585342407,0.46141805648803713,0.3042082150777181,0.9955390095710754,0.6252020835876465,0.23793951670328775,0.6803659200668335,0.3744816303253174,0.22337141036987304,0.8991166353225708,0.6844484806060791,0.34643596013387046,0.9895268678665161,0.2650833368301392,0.36550369262695315,0.9944836497306824,0.8137850761413574,0.5129315376281738,0.9404392242431641,0.10981073379516601,0.5717302958170573,0.9621016979217529,0.8002490997314453,0.7810546875,0.9402080774307251,0.14700992107391359,0.8400222142537435,0.9557586908340454,0.5910837650299072,0.7882853825887044,0.9516093730926514,0.3341566324234009,0.8059850692749023,0.9586387872695923,0.5797717094421386,0.9905698140462239,0.17554810643196106,0.2805946826934814,1.0,0.1946142017841339,0.5378825664520264,0.9326627095540364,0.012755608186125755,0.34911925792694093,0.9826304753621419,0.01239643432199955
pushup,0.5131806373596192,0.3755165100097656,0.9978930354118347,0.5689212799072265,0.30538578033447267,0.9906352162361145,0.46268672943115235,0.2983485221862793,0.9953333735466003,0.6273419380187988,0.23847287495930988,0.624034583568573,0.3715374946594238,0.21992801030476888,0.8868386745452881,0.6730974197387696,0.3381799697875977,0.9871384501457214,0.27058370113372804,0.3659626324971517,0.9931377172470093,0.8053730964660645,0.46108023325602215,0.9388167858123779,0.11743698120117188,0.5389838536580404,0.9574154615402222,0.7877484798431397,0.7046403249104818,0.952164351940155,0.12618029117584229,0.7411766052246094,0.9651444554328918,0.5883079051971436,0.7895364761352539,0.9534264206886292,0.34270262718200684,0.8108561197916667,0.9599338173866272,0.5616948127746582,0.9977074940999349,0.2084154635667801,0.29100213050842283,1.0,0.22198708355426788,0.5247018814086915,0.941807238260905,0.015074857510626316,0.36862921714782715,1.0,0.01394366193562746
pushup,0.5127853393554688,0.36655667622884114,0.9985864162445068,0.5629438877105712,0.2962641398111979,0.9925855994224548,0.4601076602935791,0.29547074635823567,0.9970465302467346,0.6207322120666504,0.22195205688476563,0.5300469398498535,0.37040798664093016,0.216982905069987,0.9052554965019226,0.6606402397155762,0.318502680460612,0.9834919571876526,0.2834284543991089,0.3290551503499349,0.994314968585968,0.7853540420532227,0.4266000747680664,0.9384370446205139,0.12500576972961425,0.45241127014160154,0.97381591796875,0.7787078857421875,0.6554129282633464,0.9638285040855408,0.1524822473526001,0.7209065755208334,0.980720579624176,0.5913328647613525,0.8046611785888672,0.9672905802726746,0.35516645908355715,0.8246410369873047,0.9761521220207214,0.5799703598022461,0.9525267283121744,0.2523109018802643,0.3030890941619873,1.0,0.30804353952407837,0.5721923351287842,0.9706858317057292,0.02593638189136982,0.37312889099121094,1.0,0.027341684326529503
pushup,0.5060914993286133,0.3597765286763509,0.9979525804519653,0.5602776050567627,0.2872163454691569,0.9903432130813599,0.45221424102783203,0.2831010182698568,0.9958037734031677,0.621625566482544,0.2167185147603353,0.5665901303291321,0.3646793603897095,0.20449981689453126,0.8877054452896118,0.6614030361175537,0.3251482645670573,0.9769002199172974,0.28641865253448484,0.3299777666727702,0.9934678673744202,0.781296968460083,0.4059253374735514,0.910254716873169,0.1392651081085205,0.44096339543660484,0.9697279930114746,0.799122953414917,0.5904043833414714,0.950030505657196,0.14409949779510497,0.6569444020589192,0.9795888066291809,0.589419174194336,0.7757088343302408,0.9462990760803223,0.36145648956298826,0.7858154296875,0.9653006196022034,0.5521956443786621,0.9882968902587891,0.2152279019355774,0.30846452713012695,1.0,0.2935370206832886,0.53175950050354,0.9509240468343099,0.016355954110622406,0.3665009021759033,0.9987998962402344,0.019242985174059868
pushup,0.501850700378418,0.3586438496907552,0.9978971481323242,0.5581106662750244,0.28407262166341146,0.9909611344337463,0.4471421718597412,0.27847038904825844,0.9951751232147217,0.6214642524719238,0.21054007212320963,0.598030149936676,0.3596787691116333,0.19592593510945638,0.8508394956588745,0.6595216274261475,0.3182232856750488,0.9779332876205444,0.28993425369262693,0.3230876922607422,0.9919840693473816,0.7846545696258544,0.36569267908732095,0.9207977056503296,0.14912087917327882,0.40482559204101565,0.9653387069702148,0.8031086921691895,0.5240798314412435,0.9568555355072021,0.13427197933197021,0.5912481943766276,0.9790058732032776,0.5889567375183106,0.7663214365641277,0.9585595726966858,0.3658712387084961,0.7741934458414713,0.9705782532691956,0.5509859085083008,0.9903251012166341,0.29613518714904785,0.31533374786376955,1.0,0.370619535446167,0.5281742095947266,0.9454463958740235,0.02513699419796467,0.3675836086273193,0.9934745788574219,0.028221437707543373
pushup,0.49753260612487793,0.35297409693400067,0.9977278113365173,0.55140700340271,0.28181212743123374,0.9904400110244751,0.4455109119415283,0.2769142786661784,0.9946340322494507,0.6118218421936035,0.21611350377400715,0.6117240786552429,0.36231260299682616,0.2031450907389323,0.8382652997970581,0.646105146408081,0.31882025400797526,0.9778956770896912,0.29773721694946287,0.326670773824056,0.9911873936653137,0.7667228221893311,0.34298451741536456,0.9264320731163025,0.16029438972473145,0.38641974131266277,0.9642625451087952,0.7939839363098145,0.4870347340901693,0.9541336894035339,0.12978169918060303,0.547876485188802,0.976164698600769,0.5791690349578857,0.7652299880981446,0.9582446813583374,0.3666611909866333,0.7731761932373047,0.9692380428314209,0.5488546848297119,0.9856939951578776,0.28428763151168823,0.3143660545349121,1.0,0.3466472327709198,0.5345945358276367,0.9516921361287435,0.022794004529714584,0.3600712060928345,0.990440305074056,0.024902816861867905
pushup,0.49437618255615234,0.35820798873901366,0.9981977343559265,0.5404574394226074,0.28598817189534503,0.9932115077972412,0.4396384239196777,0.291594123840332,0.9952463507652283,0.6038690090179444,0.20100860595703124,0.6202797889709473,0.3622272253036499,0.2098801294962565,0.8048822283744812,0.6519887924194336,0.3131427764892578,0.9728720784187317,0.3086428642272949,0.2778883616129557,0.9884673953056335,0.7631607055664062,0.3943669637044271,0.9244824051856995,0.1586231470108032,0.29743979771931967,0.9601230025291443,0.7750612735748291,0.5088284810384115,0.9678369760513306,0.1609952926635742,0.5557188669840495,0.9804741144180298,0.6006285190582276,0.7818040211995443,0.9569770097732544,0.38611176013946535,0.7778737386067708,0.9677914381027222,0.5755647659301758,0.9638338088989258,0.23752635717391968,0.33123228549957273,0.984689203898112,0.2962382435798645,0.6187488555908203,0.9701201756795247,0.022163353860378265,0.3930217742919922,1.0,0.025656571611762047
pushup,0.4884665012359619,0.36695512135823566,0.9981021285057068,0.5354773998260498,0.29690767923990885,0.9931612014770508,0.43462457656860354,0.30009212493896487,0.9947789907455444,0.5991013526916504,0.20607007344563802,0.6329547166824341,0.35757765769958494,0.21010808944702147,0.7871986627578735,0.6485369682312012,0.30281848907470704,0.9764829874038696,0.30207099914550783,0.27093385060628256,0.9882997274398804,0.7643601417541503,0.38679634730021156,0.9361844658851624,0.15900018215179443,0.30858132044474285,0.960075318813324,0.7702937126159668,0.5045464197794597,0.971898078918457,0.16654887199401855,0.5757962544759114,0.9802323579788208,0.5971060752868652,0.7766559600830079,0.9686715006828308,0.3809600114822388,0.7740992863972982,0.9747706055641174,0.5743772506713867,0.9784201939900716,0.29276004433631897,0.3319958209991455,1.0,0.34580060839653015,0.6074652671813965,0.9760122934977213,0.028116121888160706,0.3954307556152344,1.0,0.031247109174728394
pushup,0.4889817237854004,0.3845131556193034,0.9981630444526672,0.5329763412475585,0.3146812438964844,0.9923675656318665,0.4363443851470947,0.3190577507019043,0.9952646493911743,0.5925463676452637,0.2171271006266276,0.5351211428642273,0.3563776254653931,0.22346115112304688,0.8042312264442444,0.6408405303955078,0.31370245615641273,0.9745029211044312,0.2953885555267334,0.2871328989664714,0.9867744445800781,0.7641522407531738,0.39494622548421227,0.9358729124069214,0.14945313930511475,0.3239069938659668,0.956886887550354,0.7580571174621582,0.5242722511291504,0.9743824005126953,0.1687934398651123,0.6061414082845052,0.981282114982605,0.5950358390808106,0.7748233159383138,0.9687680602073669,0.380204963684082,0.7784828186035156,0.973991870880127,0.5752657890319824,0.9824947357177735,0.29506251215934753,0.3317187070846558,1.0,0.33820438385009766,0.6156317234039307,0.96973876953125,0.028022516518831253,0.39705355167388917,1.0,0.029466476291418076
pushup,0.4902184009552002,0.42473236719767254,0.9981902241706848,0.537343692779541,0.354129155476888,0.9926173090934753,0.4356132984161377,0.3568527857462565,0.9958298802375793,0.6001970291137695,0.2574792226155599,0.5505603551864624,0.35380408763885496,0.25905666351318357,0.8354989290237427,0.654866361618042,0.34475453694661456,0.9712255597114563,0.28840041160583496,0.3086242993672689,0.9887393712997437,0.7700745105743408,0.4560936609903971,0.9166756272315979,0.14281237125396729,0.35964797337849935,0.9624465107917786,0.760313606262207,0.5908138275146484,0.9646763205528259,0.17061727046966552,0.6328176498413086,0.9810577630996704,0.6097672939300537,0.8046403884887695,0.9552261829376221,0.3799549102783203,0.8034722646077473,0.9678428173065186,0.591886329650879,0.9860358556111654,0.21458420157432556,0.32244651317596434,1.0,0.2809085249900818,0.6277308464050293,0.9895540873209635,0.020962567999958992,0.3958900928497314,1.0,0.025137079879641533
pushup,0.49597530364990233,0.47375548680623375,0.9980286955833435,0.5421378135681152,0.40566244125366213,0.9903152585029602,0.4424114227294922,0.40942875544230145,0.995928943157196,0.5997154235839843,0.29620259602864585,0.4576440453529358,0.3525496006011963,0.30377241770426433,0.8677797317504883,0.6595131874084472,0.33826465606689454,0.9791892766952515,0.25776190757751466,0.3576316833496094,0.9863284230232239,0.7851640224456787,0.43087228139241535,0.9341651797294617,0.11951675415039062,0.45898685455322263,0.9456492066383362,0.7499766826629639,0.6390761693318685,0.9660443067550659,0.15597851276397706,0.6997608184814453,0.9707242846488953,0.5792924880981445,0.8190666198730469,0.941794216632843,0.3308002233505249,0.8406826019287109,0.9445801973342896,0.5809675216674804,0.9727654774983724,0.1699788123369217,0.30455799102783204,1.0,0.1738489419221878,0.5923892021179199,1.0,0.01727757416665554,0.41572957038879393,1.0,0.015874536707997322
pushup,0.49959192276000974,0.525432840983073,0.9975191354751587,0.546344518661499,0.44767306645711263,0.9891861081123352,0.4402303218841553,0.457765007019043,0.995232880115509,0.6084799289703369,0.33526884714762367,0.5141376852989197,0.3514397144317627,0.3584342320760091,0.8769199848175049,0.6751354694366455,0.39682547251383465,0.9773145914077759,0.2628056049346924,0.4273562749226888,0.9887799024581909,0.7775186538696289,0.4889826456705729,0.9149001836776733,0.1261059045791626,0.5361250559488933,0.9464417695999146,0.7776297569274903,0.6903770446777344,0.9483060240745544,0.15350124835968018,0.7689280192057292,0.9640645384788513,0.5917876243591309,0.7781272888183594,0.9356993436813354,0.3437525749206543,0.8007132212320963,0.9459335803985596,0.574180793762207,0.9935963312784831,0.22403761744499207,0.29873950481414796,1.0,0.24682007730007172,0.6100725173950196,0.9907659530639649,0.019348297268152237,0.39460608959197996,1.0,0.01923324353992939
pushup,0.4970578193664551,0.5624083201090495,0.997933030128479,0.5489538192749024,0.48068059285481773,0.9900543689727783,0.43643574714660643,0.48707427978515627,0.9962743520736694,0.6137032032012939,0.3594231923421224,0.42513659596443176,0.343082594871521,0.3739925384521484,0.8788145184516907,0.669246768951416,0.42577873865763344,0.9620481729507446,0.24652068614959716,0.4594711939493815,0.9807502627372742,0.7783577919006348,0.5403014500935872,0.864078164100647,0.11917712688446044,0.6042145411173503,0.912662923336029,0.766966724395752,0.7564865748087565,0.9320167303085327,0.16061928272247314,0.8737172444661458,0.9468936920166016,0.5715773105621338,0.8514446258544922,0.7269664406776428,0.3181909084320068,0.8818824768066407,0.7547522783279419,0.5721598625183105,0.9801427205403646,0.04331950470805168,0.30777592658996583,1.0,0.04862402379512787,0.5904807090759278,0.9807039896647135,0.004927497357130051,0.4294867992401123,1.0,0.004789392929524183
pushup,0.4962557315826416,0.5799906412760417,0.9976490139961243,0.5496947765350342,0.5031753222147624,0.9925678968429565,0.439443302154541,0.5082329432169597,0.9937983155250549,0.6134666442871094,0.39105332692464195,0.610206663608551,0.34620099067687987,0.4021105130513509,0.7905148267745972,0.6751479625701904,0.43128465016682943,0.9805184602737427,0.23868179321289062,0.49698273340861004,0.9637869596481323,0.8268195152282715,0.5674559275309244,0.9264066219329834,0.10384490489959716,0.6901616414388021,0.7865357398986816,0.7986176967620849,0.8559810002644856,0.9503775238990784,0.1642534017562866,0.8714700063069661,0.887197732925415,0.5724167823791504,0.8638978322347005,0.6358730792999268,0.3108262062072754,0.9098555882771809,0.5129112005233765,0.5704273700714111,0.9434925079345703,0.02963978797197342,0.3096138000488281,1.0,0.017930757254362106,0.5369251251220704,0.9570494333902995,0.0031426940113306046,0.44167428016662597,1.0,0.0018988503143191338
pushup,0.49715604782104494,0.5819202423095703,0.9975245594978333,0.5484885692596435,0.5117254257202148,0.9920110106468201,0.44207048416137695,0.5152613321940104,0.9942319989204407,0.6111796379089356,0.4121356646219889,0.621848464012146,0.3516981601715088,0.41856733957926434,0.8280555605888367,0.6765442371368409,0.4436903635660807,0.9809162020683289,0.251862907409668,0.4871553103129069,0.9709553122520447,0.8362472534179688,0.5973185857137044,0.9093671441078186,0.11575531959533691,0.6732333501180013,0.8162201046943665,0.8240298271179199,0.9022632598876953,0.9126028418540955,0.17245113849639893,0.891539192199707,0.8581415414810181,0.5814733028411865,0.8619183858235677,0.5652225613594055,0.3249811172485352,0.8965181350708008,0.47428417205810547,0.576086950302124,0.9198355356852214,0.019424891099333763,0.32186386585235593,1.0,0.013727412559092045,0.5327408313751221,0.9425058364868164,0.002257476793602109,0.44817471504211426,1.0,0.0015408603940159082
pushup,0.4991365909576416,0.5845044453938802,0.9975712895393372,0.5509171485900879,0.5141450564066569,0.9919601082801819,0.4445601463317871,0.516571585337321,0.9947426319122314,0.6131833076477051,0.41537211736043295,0.5995985865592957,0.3541555404663086,0.41901407241821287,0.834972083568573,0.6767989158630371,0.45339787801106773,0.9777106642723083,0.2559868097305298,0.496625010172526,0.9681582450866699,0.8525032997131348,0.6077168782552084,0.8875423073768616,0.1226391315460205,0.691564432779948,0.7910758852958679,0.8431642532348633,0.8604617436726888,0.8984708189964294,0.17196948528289796,0.8920000712076823,0.8364032506942749,0.5846776485443115,0.8750897725423177,0.4760211110115051,0.3313595294952393,0.9106912612915039,0.38975638151168823,0.5828810214996338,0.9160040537516276,0.013982994481921196,0.3349973440170288,1.0,0.010151127353310585,0.5420894145965576,0.9181963602701823,0.001804055762477219,0.467474365234375,1.0,0.0012540735770016909
pushup,0.5018373966217041,0.5830880482991536,0.9976752400398254,0.553405475616455,0.5127893447875976,0.9913051128387451,0.44817256927490234,0.5148625055948893,0.9954017400741577,0.6126725196838378,0.4169454574584961,0.5007815957069397,0.3551612615585327,0.4178130785624186,0.8479239344596863,0.6641798973083496,0.4564655621846517,0.9727174043655396,0.2559826374053955,0.4976435979207357,0.9599562883377075,0.8409063339233398,0.6226657867431641,0.8785187005996704,0.12776706218719483,0.7021080017089844,0.766771137714386,0.8384625434875488,0.880671501159668,0.8932183384895325,0.19219653606414794,0.9017206827799479,0.8298231959342957,0.5757078170776367,0.867283821105957,0.4381861686706543,0.3268877983093262,0.9071901957194011,0.34668076038360596,0.5846267223358155,0.8982867558797201,0.013509253039956093,0.3282756328582764,1.0,0.009603009559214115,0.5521355628967285,0.8947271347045899,0.001896928995847702,0.45057501792907717,1.0,0.0012514401460066438
pushup,0.5035862922668457,0.580967903137207,0.9974809288978577,0.5548398494720459,0.5083857218424479,0.9898635745048523,0.4489264965057373,0.5110068321228027,0.9952625036239624,0.6138813495635986,0.4093994458516439,0.43379420042037964,0.3573066234588623,0.41112403869628905,0.8425215482711792,0.6582588195800781,0.4643495241800944,0.9632492065429688,0.2667309522628784,0.49544699986775714,0.9498950839042664,0.8229382514953614,0.6522446314493815,0.8381808400154114,0.1591336250305176,0.7128126780192058,0.7260352373123169,0.8418539047241211,0.8714290618896484,0.8655087947845459,0.2199878454208374,0.9089583079020183,0.7988945841789246,0.5694573879241943,0.8688927332560221,0.33261463046073914,0.33233344554901123,0.9047239939371745,0.2607583999633789,0.5738253116607666,0.8984079360961914,0.010812745429575443,0.3377216815948486,0.9998176574707032,0.008036687970161438,0.5577729225158692,0.8837481180826823,0.001764157204888761,0.4604806900024414,1.0,0.0012089676456525922
pushup,0.5024896621704101,0.5795318603515625,0.9972260594367981,0.5559779644012451,0.5057149569193522,0.9891911745071411,0.4468556880950928,0.506047534942627,0.994533896446228,0.6162949562072754,0.4089467684427897,0.4511154890060425,0.3582769870758057,0.40568857192993163,0.8345324397087097,0.6493928909301758,0.4672245979309082,0.9655348062515259,0.27598412036895753,0.492835267384847,0.9598050713539124,0.778143835067749,0.6777667999267578,0.8411910533905029,0.18294131755828857,0.7350931167602539,0.7639647722244263,0.8339327812194824,0.9025421778361002,0.8395095467567444,0.22636141777038574,0.907147471110026,0.7978429198265076,0.5624562740325928,0.8644456227620443,0.4419359862804413,0.3369722604751587,0.895626958211263,0.3778190016746521,0.5611296176910401,0.9260763168334961,0.02001163735985756,0.3372840642929077,1.0,0.016072871163487434,0.5438214778900147,0.9167677561442057,0.0033310065045952797,0.44308109283447267,1.0,0.0024623204953968525
pushup,0.5044162273406982,0.581959088643392,0.9974967837333679,0.5572709560394287,0.5062055269877116,0.9885695576667786,0.4468857765197754,0.508203919728597,0.9950898885726929,0.6163966178894043,0.4104360898335775,0.393920361995697,0.3554741382598877,0.4111146926879883,0.848965585231781,0.6455553531646728,0.46853453318277993,0.9688578844070435,0.27794053554534914,0.4937439282735189,0.9630237221717834,0.7642432689666748,0.6836265563964844,0.8633052706718445,0.19738552570343018,0.7313695907592773,0.7903624176979065,0.8388697624206543,0.9249308268229167,0.8444294929504395,0.21932477951049806,0.9137701670328776,0.8089585900306702,0.5673612594604492,0.8651486078898112,0.45274242758750916,0.34363455772399903,0.897195561726888,0.3851330578327179,0.5904571056365967,0.9003588994344075,0.023264028131961823,0.35643157958984373,0.9694250742594401,0.01843481883406639,0.6026108741760254,0.9188488642374675,0.004241947550326586,0.47093729972839354,1.0,0.003167044837027788
pushup,0.503053855895996,0.581558100382487,0.9972338080406189,0.556451940536499,0.5062358538309734,0.9883753061294556,0.44639906883239744,0.5074226061503092,0.9942635893821716,0.6154622077941895,0.41163984934488934,0.4216242730617523,0.3561373710632324,0.4107104619344076,0.8387570381164551,0.6443935871124268,0.4627259572347005,0.9728879928588867,0.27496016025543213,0.5026749928792318,0.9608488082885742,0.7633729934692383,0.6727011998494467,0.8807610869407654,0.20915210247039795,0.7636231740315755,0.7630360722541809,0.837253475189209,0.9276077270507812,0.8601224422454834,0.24907457828521729,0.9296585083007812,0.7882083058357239,0.5599386692047119,0.8520989735921224,0.4760739803314209,0.33510704040527345,0.8888173421223958,0.375091552734375,0.5853947162628174,0.8839806874593099,0.029588380828499794,0.3470430374145508,0.9545909881591796,0.021125754341483116,0.5795197010040283,0.9130263010660807,0.005534721072763205,0.4553401947021484,0.9969541549682617,0.0038592773489654064
pushup,0.503110933303833,0.5809239705403646,0.9972569346427917,0.5574868202209473,0.5050227165222168,0.9878809452056885,0.4459907054901123,0.5059375762939453,0.9949583411216736,0.6177504539489747,0.41141538619995116,0.40110138058662415,0.3549527645111084,0.4090866724650065,0.8516234159469604,0.6500636100769043,0.47227983474731444,0.9653726816177368,0.2753972291946411,0.5017375310262044,0.9593524932861328,0.7847836494445801,0.7066181182861329,0.8226802945137024,0.20834016799926758,0.7711191177368164,0.7431422472000122,0.8429003715515136,0.9220188140869141,0.8125403523445129,0.24735479354858397,0.936673100789388,0.7655972242355347,0.5634600162506104,0.8565121968587239,0.3218517601490021,0.33751678466796875,0.8896509806315104,0.263460248708725,0.581261157989502,0.8756070454915365,0.01636451855301857,0.3567044258117676,0.9521586736043294,0.013443651609122753,0.5726881504058838,0.8904896418253581,0.0032161311246454716,0.4742574691772461,0.9922412236531576,0.002447063336148858
pushup,0.5035277843475342,0.5754219055175781,0.9972330927848816,0.5583563327789307,0.49745219548543296,0.9893800616264343,0.44501266479492185,0.5014629046122233,0.9941654205322266,0.6217982769012451,0.39880816141764325,0.48742252588272095,0.3553010940551758,0.4035456339518229,0.8237276077270508,0.6604599952697754,0.46610978444417317,0.971250057220459,0.2751657485961914,0.4937938372294108,0.9587081670761108,0.798107385635376,0.692934799194336,0.8482872247695923,0.19324238300323487,0.738879648844401,0.7227288484573364,0.8571079254150391,0.9278050104777018,0.8291137218475342,0.2239281415939331,0.9129919052124024,0.7486419081687927,0.5669981956481933,0.8721570332845052,0.35907629132270813,0.3375272750854492,0.9038087209065755,0.27920982241630554,0.5683287143707275,0.9154603322347005,0.013780619949102402,0.35761117935180664,0.9891857147216797,0.010188769549131393,0.5730557918548584,0.9144315083821615,0.0022831084206700325,0.4954620361328125,1.0,0.0016241481062024832
pushup,0.5030057430267334,0.5697615305582683,0.9970918893814087,0.5581607341766357,0.4933201789855957,0.9899847507476807,0.4461386680603027,0.4940354665120443,0.9943897128105164,0.6218136787414551,0.39266284306844074,0.5071442127227783,0.35556626319885254,0.3911110560099284,0.8116230368614197,0.6730758666992187,0.4658713976542155,0.9602863192558289,0.27062129974365234,0.49008426666259763,0.9471887946128845,0.8281390190124511,0.6783804575602214,0.78675776720047,0.18114912509918213,0.7237842559814454,0.6763375401496887,0.8273701667785645,0.8819844563802083,0.8201891779899597,0.2272242546081543,0.9072921117146809,0.7481181025505066,0.5780683040618897,0.8875260670979818,0.32056277990341187,0.3376450061798096,0.9146554946899415,0.2610197961330414,0.5677942752838134,0.936668586730957,0.012137217447161674,0.34182608127593994,1.0,0.009688819758594036,0.5448694229125977,0.9185168584187825,0.0022335972171276808,0.4714809894561768,1.0,0.0016608055448159575
pushup,0.5042895793914794,0.561857032775879,0.9976182579994202,0.5583546161651611,0.48846826553344724,0.9908787608146667,0.44940576553344724,0.48791716893514,0.995830237865448,0.6201671600341797,0.3954102834065755,0.5108433961868286,0.3580777645111084,0.3903618494669596,0.8779708743095398,0.6754350185394287,0.4598589261372884,0.9667444825172424,0.25409247875213625,0.49226271311442055,0.9689621925354004,0.8420984268188476,0.6145589828491211,0.8145754337310791,0.1276993751525879,0.6970921834309896,0.7862213253974915,0.8698292732238769,0.838888422648112,0.8403766751289368,0.18875105381011964,0.8967983881632487,0.8220475316047668,0.5800344944000244,0.8818799336751302,0.4362320005893707,0.32639923095703127,0.9135777155558268,0.39876681566238403,0.5782219886779785,0.9294827779134115,0.015110489912331104,0.3145346403121948,1.0,0.013546726666390896,0.5470951557159424,0.9296484629313151,0.0023854419123381376,0.4369147300720215,1.0,0.0019168904982507229
pushup,0.5078119277954102,0.5640052795410156,0.9965930581092834,0.5625654220581054,0.49004875818888344,0.9875340461730957,0.4510671615600586,0.489287535349528,0.9956770539283752,0.6255921363830567,0.390834108988444,0.4717094302177429,0.35746541023254397,0.3881575584411621,0.896520733833313,0.6867547988891601,0.4444344838460286,0.932831883430481,0.25082669258117674,0.4873816172281901,0.9689289331436157,0.8215498924255371,0.5327875137329101,0.6224019527435303,0.11141319274902343,0.6602621078491211,0.7628567814826965,0.7797144889831543,0.6652988433837891,0.7484577298164368,0.1749328374862671,0.8635819753011068,0.8107932209968567,0.5918817520141602,0.8751047134399415,0.3959744870662689,0.33529789447784425,0.904782231648763,0.44666576385498047,0.5517836570739746,0.964175033569336,0.017855284735560417,0.32247414588928225,1.0,0.020406676456332207,0.5048891067504883,0.9648625055948893,0.0032411643769592047,0.4696779251098633,1.0,0.003159160492941737
pushup,0.5070497512817382,0.573974609375,0.9971312284469604,0.5649138450622558,0.4983969688415527,0.9913111925125122,0.45074000358581545,0.4944215456644694,0.9943196773529053,0.629541015625,0.3926668167114258,0.554381251335144,0.3548817873001099,0.38154401779174807,0.833380401134491,0.6843107223510743,0.4474161148071289,0.9582745432853699,0.2404167652130127,0.4851483027140299,0.9590725898742676,0.8221076011657715,0.5603123982747396,0.7940019965171814,0.0922769546508789,0.6441750208536784,0.7207896709442139,0.8099895477294922,0.8555033365885417,0.8631418347358704,0.15411672592163086,0.7913666407267252,0.8477565050125122,0.5861842632293701,0.8791014989217122,0.4335736930370331,0.3269994258880615,0.9101587295532226,0.3878341317176819,0.5571331977844238,0.9407512664794921,0.01998354122042656,0.31885781288146975,1.0,0.016215654090046883,0.49202818870544435,0.9584175109863281,0.0032709408551454544,0.4577028274536133,1.0,0.002482198877260089
pushup,0.5132856845855713,0.5783173243204752,0.9977548718452454,0.5742789268493652,0.503493086496989,0.9915546774864197,0.458492374420166,0.49509941736857094,0.9956791996955872,0.6375823020935059,0.4007362047831217,0.5081475973129272,0.35946998596191404,0.38031492233276365,0.8654636144638062,0.6848477363586426,0.4399155616760254,0.9663538932800293,0.23482811450958252,0.49256642659505206,0.9682325720787048,0.8354851722717285,0.5191889444986979,0.866165280342102,0.09339909553527832,0.6645832061767578,0.8112397789955139,0.8105014801025391,0.7769455591837565,0.9274357557296753,0.1484910488128662,0.8613475799560547,0.9028097987174988,0.5864396572113038,0.8782894770304362,0.5156446099281311,0.31741833686828613,0.9197266260782878,0.45853158831596375,0.6125142097473144,0.9146858851114908,0.0224748607724905,0.32964720726013186,0.9971585591634115,0.018095074221491814,0.5610310077667237,0.9281609853108724,0.003449011826887727,0.46803579330444334,1.0,0.0025981857907027006
pushup,0.519802188873291,0.5755300521850586,0.9982419013977051,0.5809855937957764,0.49648103713989256,0.9917359948158264,0.4639430046081543,0.48886833190917967,0.9965426325798035,0.6428732872009277,0.38553628921508787,0.3735438585281372,0.3612552881240845,0.3669800122578939,0.8528701066970825,0.6704478740692139,0.4312623659769694,0.9465991258621216,0.24793338775634766,0.4881120681762695,0.9615352153778076,0.8107089996337891,0.4441436131795247,0.8584096431732178,0.09830937385559083,0.6031920115152994,0.8400449156761169,0.8017061233520508,0.687026850382487,0.9537665843963623,0.13670790195465088,0.7971231460571289,0.9497390389442444,0.5835056781768799,0.8961289723714193,0.5538414716720581,0.33199875354766845,0.9423815409342448,0.528091549873352,0.5990448474884034,0.9204512278238932,0.0305671114474535,0.3367639064788818,1.0,0.026384245604276657,0.5643140792846679,0.9366896947224935,0.0050665708258748055,0.4656403064727783,1.0,0.0038587383460253477
pushup,0.5264188289642334,0.5639529546101888,0.9983256459236145,0.5827846050262451,0.4789347966512044,0.9889975786209106,0.4631894588470459,0.47917804718017576,0.9979894161224365,0.6486820220947266,0.35759763717651366,0.2552226185798645,0.3575733184814453,0.354531733194987,0.9319548010826111,0.6960158348083496,0.43549086252848307,0.9218894839286804,0.24639592170715333,0.4368013381958008,0.9828743934631348,0.81971435546875,0.4730098724365234,0.7269070744514465,0.07772171497344971,0.5088921864827474,0.9241586327552795,0.8007955551147461,0.5700541814168294,0.9086942076683044,0.14163854122161865,0.7340073267618815,0.9702510237693787,0.6029706478118897,0.880902099609375,0.6342405676841736,0.33561623096466064,0.8976610819498698,0.7483039498329163,0.5813514709472656,0.9985011418660482,0.0285610631108284,0.30967230796813966,1.0,0.04566487297415733,0.5889758110046387,0.9772986094156901,0.003462426131591201,0.4419376850128174,1.0,0.004245066549628973
pushup,0.5264337539672852,0.5427875518798828,0.9985013008117676,0.5823772430419922,0.4616491953531901,0.9921271800994873,0.4648010730743408,0.4633437474568685,0.9975252747535706,0.6489552021026611,0.3450313568115234,0.3593708276748657,0.3606483697891235,0.345141347249349,0.8995543718338013,0.6908857822418213,0.3960479100545247,0.9680668711662292,0.24654617309570312,0.40312891006469725,0.9764867424964905,0.8391316413879395,0.4144647280375163,0.9096835851669312,0.0770885705947876,0.45690155029296875,0.9039562344551086,0.8343071937561035,0.537579600016276,0.962372899055481,0.14306263923645018,0.6902378082275391,0.9617922902107239,0.5819514274597168,0.869196891784668,0.8027966022491455,0.31066296100616453,0.8915665944417318,0.7819103598594666,0.6168748378753662,0.9572758992513021,0.03472381830215454,0.32128913402557374,1.0,0.032004464417696,0.6388366222381592,0.9619288126627604,0.00330371898598969,0.46002731323242185,1.0,0.0027766753919422626
pushup,0.5254164695739746,0.5242080688476562,0.998475968837738,0.5788337707519531,0.4464680353800456,0.992283284664154,0.46524953842163086,0.44999364217122395,0.997128427028656,0.6452462673187256,0.3310392379760742,0.3998652398586273,0.3660315990447998,0.3348705291748047,0.8741354942321777,0.6903349876403808,0.37403895060221354,0.9759325981140137,0.25972208976745603,0.37091213862101235,0.9758196473121643,0.8548547744750976,0.36677824656168617,0.9385102987289429,0.08455603122711182,0.4002141316731771,0.9088515639305115,0.8676918983459473,0.43130048116048175,0.9722543954849243,0.13431234359741212,0.6493495305379232,0.9635124206542969,0.5762411594390869,0.8466931025187174,0.8812708854675293,0.3117757081985474,0.8614520390828451,0.8524103760719299,0.6017237663269043,0.9612199147542317,0.05845588818192482,0.311156177520752,1.0,0.04891602322459221,0.635466480255127,0.9642939249674479,0.004675969015806913,0.43721508979797363,1.0,0.0036530958022922277
pushup,0.5235967636108398,0.5137064615885417,0.9984846711158752,0.5792160511016846,0.43590056101481117,0.9932793974876404,0.46317005157470703,0.4377911567687988,0.9969608187675476,0.6484854698181153,0.31982266108194984,0.426460862159729,0.3655007600784302,0.3192222277323405,0.8375027179718018,0.6871433258056641,0.3640381177266439,0.9634532332420349,0.2738910675048828,0.35182177225748695,0.9732329249382019,0.8371523857116699,0.3662258783976237,0.9189762473106384,0.09301118850708008,0.3618851979573568,0.9146698117256165,0.8369345664978027,0.46313374837239585,0.9719812273979187,0.13553647994995116,0.6101915995279948,0.9723963141441345,0.5944841861724853,0.8525864919026692,0.8665284514427185,0.34034128189086915,0.8654986063639323,0.8582362532615662,0.598393726348877,0.959481684366862,0.05968503654003143,0.32570316791534426,1.0,0.057233456522226334,0.6206955432891845,0.9617494583129883,0.005488803144544363,0.441434383392334,1.0,0.004715754650533199
pushup,0.5233417510986328,0.5058143933614095,0.9986088871955872,0.5760879993438721,0.4315753618876139,0.9929972290992737,0.4653813362121582,0.4325187047322591,0.997352123260498,0.6400163173675537,0.32488683064778645,0.35588425397872925,0.36629700660705566,0.32185052235921224,0.8502798080444336,0.6750832557678222,0.36551990509033205,0.9567402005195618,0.2798827409744263,0.3559587478637695,0.9706943035125732,0.8333949089050293,0.35852505366007487,0.9143720269203186,0.10005061626434326,0.35623095830281576,0.9204567074775696,0.8332247734069824,0.4751141548156738,0.9731531143188477,0.13788647651672364,0.6036395390828451,0.9769048690795898,0.5972448825836182,0.8577336629231771,0.846390962600708,0.3491014003753662,0.8726779301961263,0.8436213731765747,0.6096671104431153,0.9333397547403971,0.05471546947956085,0.3218066692352295,0.9964330037434895,0.05446743965148926,0.6254493236541748,0.9478330612182617,0.005630577448755503,0.415223503112793,1.0,0.0048874737694859505
pushup,0.525216007232666,0.5036438941955567,0.9985485672950745,0.5787062168121337,0.4300776163736979,0.9929763674736023,0.46736874580383303,0.4295300165812174,0.9971563816070557,0.6422848701477051,0.3261142094930013,0.3700031638145447,0.3674920082092285,0.3196059862772624,0.8491784930229187,0.6758158683776856,0.36529153188069663,0.9605839848518372,0.28142590522766114,0.3552410125732422,0.9726895689964294,0.8273449897766113,0.3711371103922526,0.9191741943359375,0.10280900001525879,0.36819998423258465,0.9211369156837463,0.8234768867492676,0.4995831807454427,0.9730380773544312,0.14236176013946533,0.6132888793945312,0.9757369756698608,0.5999109268188476,0.8556479771931966,0.8615325689315796,0.35257387161254883,0.8697627385457357,0.85674649477005,0.601276969909668,0.9405138651529948,0.059876665472984314,0.319591760635376,1.0,0.05768659710884094,0.6058696269989013,0.9534216562906901,0.00596848176792264,0.4101344108581543,1.0,0.005077287554740906
pushup,0.5236506462097168,0.5051257133483886,0.9986492991447449,0.577838659286499,0.43118454615275065,0.9930158853530884,0.46629648208618163,0.42997264862060547,0.9974187612533569,0.6405028343200684,0.3271250089009603,0.3451622426509857,0.36418862342834474,0.31848293940226235,0.859927237033844,0.6728378295898437,0.3688286463419596,0.9635608792304993,0.271321439743042,0.36062116622924806,0.9727253317832947,0.831911563873291,0.388853645324707,0.9255203008651733,0.09496090412139893,0.387010383605957,0.9203367233276367,0.8215582847595215,0.5304409027099609,0.9749000072479248,0.14259181022644044,0.6322682062784831,0.9757448434829712,0.5946216583251953,0.8619716008504231,0.8716570734977722,0.34184632301330564,0.8796177546183268,0.8612908124923706,0.6085461616516114,0.9428133010864258,0.06267071515321732,0.31406090259552,1.0,0.05830155685544014,0.6183581352233887,0.9535103480021159,0.006244282703846693,0.41071643829345705,1.0,0.005093589890748262
pushup,0.5245585441589355,0.5077946980794271,0.9985886216163635,0.5795665740966797,0.43275591532389324,0.9922056794166565,0.46655855178833006,0.4307928403218587,0.997541069984436,0.6417150974273682,0.3265782674153646,0.32457205653190613,0.36308765411376953,0.3170687993367513,0.8890219330787659,0.672481632232666,0.3723989804585775,0.9638925194740295,0.25798892974853516,0.36974382400512695,0.9769850969314575,0.810508918762207,0.42395397822062175,0.9155932068824768,0.08805794715881347,0.43323755264282227,0.922980785369873,0.7959622859954834,0.5908549626668295,0.9681291580200195,0.1476527214050293,0.6710285186767578,0.9727555513381958,0.5838813781738281,0.864238993326823,0.8460235595703125,0.3245516300201416,0.8850689570109049,0.8410495519638062,0.6115643978118896,0.9457469940185547,0.05123589560389519,0.3130852222442627,1.0,0.04968005418777466,0.6192222118377686,0.9574666341145833,0.005306949373334646,0.42244701385498046,1.0,0.004497423302382231
pushup,0.5271131038665772,0.5143184979756673,0.9978151321411133,0.588777732849121,0.42998040517171227,0.9902920126914978,0.4666870594024658,0.4258640925089518,0.995818555355072,0.6533851146697998,0.3316244125366211,0.46316564083099365,0.3633847236633301,0.3210509618123372,0.867680013179779,0.6879764556884765,0.41316582361857096,0.9635229110717773,0.2666473865509033,0.4511405944824219,0.98105788230896,0.8124677658081054,0.44512786865234377,0.8573718070983887,0.1117704153060913,0.537696901957194,0.8948659896850586,0.8118990898132324,0.6747641881306966,0.9425477385520935,0.12315030097961426,0.6849585215250651,0.9593529105186462,0.5915939807891846,0.8358681996663412,0.8237794637680054,0.34580702781677247,0.8639568328857422,0.8409263491630554,0.550351905822754,0.9659313837687175,0.12854090332984924,0.3182924747467041,1.0,0.13319918513298035,0.5147090911865234,0.9217517852783204,0.017114007845520973,0.42249460220336915,1.0,0.015207812190055847
pushup,0.5272659301757813,0.5050728480021159,0.997771680355072,0.589717435836792,0.4222248077392578,0.9915966391563416,0.46784090995788574,0.41598033905029297,0.9951797723770142,0.6543136596679687,0.3282975514729818,0.5298873782157898,0.36527767181396487,0.31239757537841795,0.8614677786827087,0.6906606197357178,0.4171649297078451,0.9735518097877502,0.2539676666259766,0.4563030242919922,0.9775272607803345,0.8148311614990235,0.4871013323465983,0.8885359764099121,0.09586558341979981,0.6000799814860026,0.8448107242584229,0.8285110473632813,0.7342332204182943,0.9443421363830566,0.13227100372314454,0.7866137186686198,0.9321456551551819,0.5914353370666504,0.8541880925496419,0.7829439640045166,0.3358178615570068,0.8860720316569011,0.752940833568573,0.5638713359832763,0.96580015818278,0.09603964537382126,0.31820149421691896,1.0,0.07761973887681961,0.52437744140625,0.9371377309163411,0.01273954939097166,0.43358912467956545,1.0,0.009524302557110786
pushup,0.5296500205993653,0.49804296493530276,0.9975795149803162,0.5903295040130615,0.4167315165201823,0.9909172654151917,0.46932334899902345,0.4116474787394206,0.9946969747543335,0.653660249710083,0.3227983474731445,0.5594567060470581,0.3656604766845703,0.3103504180908203,0.8831623196601868,0.7048937797546386,0.4091583887736003,0.9841753840446472,0.23966333866119385,0.4525906244913737,0.9817618131637573,0.8235404014587402,0.5697788874308268,0.9076984524726868,0.09567618370056152,0.692239252726237,0.8211380243301392,0.8351425170898438,0.8365235646565755,0.9250078797340393,0.1491010904312134,0.9061740239461263,0.8722349405288696,0.5857562065124512,0.842435073852539,0.7553014159202576,0.3118032455444336,0.8729740142822265,0.6862462162971497,0.5554502964019775,0.9670008977254232,0.07379364222288132,0.29069154262542723,1.0,0.050510305911302567,0.5035552024841309,0.9470489501953125,0.008728894405066967,0.41342883110046386,0.9943883260091145,0.00594674376770854
pushup,0.5301490306854248,0.4947885195414225,0.9973729848861694,0.5873431205749512,0.4171431541442871,0.9904539585113525,0.47094879150390623,0.4096075057983398,0.9954569339752197,0.6491770267486572,0.32603047688802084,0.5131962299346924,0.36801948547363283,0.3085460344950358,0.8896201252937317,0.7110679149627686,0.4296142578125,0.9636924266815186,0.2540081024169922,0.44606316884358727,0.9717937111854553,0.8549188613891602,0.571310551961263,0.7369158864021301,0.10019903182983399,0.6387507120768229,0.7252365350723267,0.8602060317993164,0.8055861155192058,0.8207241892814636,0.1382194995880127,0.8722013473510742,0.809006929397583,0.5996191024780273,0.8679271697998047,0.43300506472587585,0.3366520404815674,0.8811065038045247,0.41359180212020874,0.5325826168060303,0.9655728658040365,0.024656489491462708,0.3089862823486328,0.9841053644816081,0.021436160430312157,0.44838647842407225,0.9504259745279948,0.0039196982979774475,0.4250332832336426,0.9639890670776368,0.0032410582061856985
pushup,0.5295773983001709,0.48913180033365883,0.9977579712867737,0.5852370262145996,0.41166019439697266,0.9908493757247925,0.4719837665557861,0.40611232121785484,0.9958227872848511,0.6451888084411621,0.3231037139892578,0.47941845655441284,0.37170610427856443,0.30845972696940105,0.8823453187942505,0.6940422058105469,0.43130458196004234,0.9683190584182739,0.2656355142593384,0.44288018544514973,0.9740477204322815,0.8319416046142578,0.6072912216186523,0.8131009340286255,0.12097892761230469,0.647421391805013,0.7963072061538696,0.8572626113891602,0.8804105122884115,0.8510823249816895,0.15729234218597413,0.8786764144897461,0.848522424697876,0.5881217002868653,0.8557935078938802,0.5427185893058777,0.33478827476501466,0.8715918223063152,0.5187535285949707,0.5444479942321777,0.9610546112060547,0.02910173498094082,0.2941751480102539,1.0,0.025333253666758537,0.48955674171447755,0.9224678675333658,0.004182247910648584,0.38563060760498047,0.9690447489420573,0.003326058154925704
pushup,0.5275147914886474,0.4888991673787435,0.9975613355636597,0.5828395843505859,0.41154206593831383,0.9904958009719849,0.4710700511932373,0.4073213259379069,0.9953612685203552,0.6432481288909913,0.3194765408833822,0.4874159097671509,0.37438278198242186,0.3081692059834798,0.8572887182235718,0.6903374195098877,0.4346371014912923,0.9595122933387756,0.2682126760482788,0.4501892725626628,0.9649864435195923,0.8205942153930664,0.6557863871256511,0.777768075466156,0.1390765905380249,0.6954486846923829,0.7479017376899719,0.8124533653259277,0.9150934855143229,0.832784116268158,0.19029908180236815,0.8919857025146485,0.825255811214447,0.5770092964172363,0.8652963002522787,0.3330286741256714,0.3261019229888916,0.884109369913737,0.307973176240921,0.5453370094299317,0.9156243642171223,0.01591804064810276,0.29711151123046875,0.9715220769246419,0.013851435855031013,0.4862842559814453,0.8728652954101562,0.002964948071166873,0.3961498498916626,0.945368766784668,0.0023165936581790447
pushup,0.5152663707733154,0.4923943837483724,0.9973215460777283,0.5734635829925537,0.41785621643066406,0.9907129406929016,0.46137418746948244,0.4102025032043457,0.9942846894264221,0.6373358726501465,0.32406915028889977,0.5763208866119385,0.37588465213775635,0.3047457377115885,0.8187494277954102,0.6811254501342774,0.4318171183268229,0.9588143229484558,0.28214335441589355,0.44279473622639975,0.9702779650688171,0.7979191303253174,0.6923529307047526,0.7705178260803223,0.17956881523132323,0.7363037745157878,0.7891162633895874,0.8322446823120118,0.9345242818196614,0.7861723899841309,0.1913217782974243,0.9485303243001302,0.7940324544906616,0.576525068283081,0.8595892588297526,0.2929539978504181,0.34000463485717775,0.875364875793457,0.29285383224487305,0.5469607353210449,0.9075510660807292,0.014580894261598587,0.309363579750061,0.948803202311198,0.014567539095878601,0.5034435749053955,0.8620524088541667,0.0030361718963831663,0.4117950439453125,0.9278588612874349,0.0027131293900310993
pushup,0.5018523216247559,0.5033301671346029,0.997162401676178,0.5677103996276855,0.4287804921468099,0.9915468096733093,0.44994535446166994,0.4120368321736654,0.9922059178352356,0.6403406620025635,0.33252906799316406,0.6889542937278748,0.3726102352142334,0.2920979499816895,0.7603439092636108,0.6770153999328613,0.4358132044474284,0.9705346822738647,0.28545594215393066,0.43218059539794923,0.9815038442611694,0.7684467315673829,0.7105717976888021,0.8379056453704834,0.20255744457244873,0.7514270782470703,0.8784534931182861,0.8235671997070313,0.9663468678792317,0.828829288482666,0.21644055843353271,0.97562255859375,0.854236364364624,0.5805870532989502,0.8467141469319661,0.5119065046310425,0.3501575469970703,0.854955546061198,0.5355122089385986,0.545420503616333,0.9496145248413086,0.030557772144675255,0.3122199296951294,0.9735180536905924,0.034766022115945816,0.4873612403869629,0.8911999384562175,0.005128057673573494,0.4010267734527588,0.9499368031819662,0.005169886164367199
pushup,0.4925137996673584,0.5082423845926921,0.9973157048225403,0.56145339012146,0.433055845896403,0.9920079708099365,0.4426978588104248,0.41290912628173826,0.9919207096099854,0.6381411552429199,0.338754399617513,0.6915394067764282,0.3694479465484619,0.28940661748250324,0.7175068855285645,0.669182014465332,0.44988511403401693,0.9708576202392578,0.28493247032165525,0.4353383382161458,0.9790627956390381,0.7654720306396484,0.7502272288004558,0.8435242176055908,0.21674888134002684,0.7763461430867513,0.874312162399292,0.8387216567993164,0.9721253712972006,0.8392426371574402,0.22545671463012695,0.9898137410481771,0.8529880046844482,0.5746724128723144,0.8426161448160807,0.47547298669815063,0.34741940498352053,0.8491204579671224,0.4876670241355896,0.5658074855804444,0.9286842346191406,0.03182954341173172,0.3223618745803833,0.9563587824503581,0.036807652562856674,0.5225342273712158,0.8666921615600586,0.005746433977037668,0.4089680194854736,0.9451691309611002,0.005888363346457481
pushup,0.4918664455413818,0.507235336303711,0.9968507885932922,0.5609788417816162,0.4323711077372233,0.9915458559989929,0.4409156799316406,0.41283445358276366,0.9911888837814331,0.6339634895324707,0.34718685150146483,0.7127165198326111,0.3647359132766724,0.30114568074544273,0.76094651222229,0.670242166519165,0.42978890736897785,0.9720200896263123,0.27725648880004883,0.45917383829752606,0.9859356880187988,0.7544456481933594,0.7329593658447265,0.8311072587966919,0.22209391593933106,0.8669793446858723,0.8714795708656311,0.8152078628540039,0.9505854288736979,0.799353301525116,0.20181500911712646,1.0,0.8023580312728882,0.5895552635192871,0.8111125310262044,0.4502294361591339,0.3559204816818237,0.8313863118489583,0.4676534831523895,0.5785804748535156,0.9151323954264323,0.034236934036016464,0.32198619842529297,0.9351051330566407,0.038959428668022156,0.5226132869720459,0.8937449773152669,0.005772140808403492,0.4115774154663086,0.945996348063151,0.0061851004138588905
pushup,0.48709678649902344,0.5005453109741211,0.9971465468406677,0.5549503803253174,0.4276652018229167,0.992345929145813,0.4395473480224609,0.4067789713541667,0.9904677271842957,0.6300411701202393,0.3402453104654948,0.7283790707588196,0.3679385185241699,0.2882160822550456,0.6840451955795288,0.6624435424804688,0.4515178680419922,0.9794452786445618,0.2803889989852905,0.4412907918294271,0.9711933732032776,0.7689743041992188,0.76216615041097,0.8634216785430908,0.2162027597427368,0.80283203125,0.7971981167793274,0.8522255897521973,0.9927689870198567,0.8201721906661987,0.24873619079589843,0.9658236185709635,0.7762793898582458,0.5694082260131836,0.8521647135416667,0.46692216396331787,0.3419331550598145,0.860789934794108,0.41127321124076843,0.5698285579681397,0.9370568593343099,0.032411761581897736,0.3280420064926147,0.9628489176432292,0.02939150109887123,0.5089816570281982,0.8656704584757487,0.006053725257515907,0.4170328140258789,0.9318627675374349,0.005247155204415321
pushup,0.48958659172058105,0.49305028915405275,0.9972705245018005,0.5564040184020996,0.41879316965738933,0.992109477519989,0.437800931930542,0.3988199551900228,0.9918910264968872,0.6284380435943604,0.3254828453063965,0.7103990316390991,0.35921971797943114,0.2798779487609863,0.7577172517776489,0.6695305347442627,0.4208985328674316,0.9766095280647278,0.27504119873046873,0.4281944274902344,0.9876660108566284,0.7664703369140625,0.6925796508789063,0.8812661170959473,0.1956188678741455,0.7719330469767253,0.9206383228302002,0.8079962730407715,0.9258002599080404,0.8809753656387329,0.19645209312438966,1.0,0.8933145999908447,0.5872194290161132,0.8245922724405924,0.6935308575630188,0.35329666137695315,0.836047871907552,0.7183347344398499,0.5564033031463623,0.9847444534301758,0.04750029370188713,0.3094500541687012,1.0,0.05596299096941948,0.48505711555480957,0.9252751032511394,0.005468654911965132,0.37586245536804197,0.992491086324056,0.005748908035457134
pushup,0.4918218612670898,0.4754094123840332,0.9972633123397827,0.5584741115570069,0.4025792439778646,0.9923033714294434,0.4420799732208252,0.38272933959960936,0.9925768971443176,0.6289711952209472,0.31121253967285156,0.6993518471717834,0.362230110168457,0.26316954294840494,0.7514549493789673,0.6700355052947998,0.42268797556559246,0.9691187739372253,0.2715860605239868,0.423986021677653,0.9756234884262085,0.802340316772461,0.6853361129760742,0.8273155093193054,0.18568506240844726,0.7421367645263672,0.8412074446678162,0.8392192840576171,0.9324673970540365,0.8437560796737671,0.21017582416534425,0.9419508616129557,0.8467527031898499,0.5794349670410156,0.8609516779581706,0.471942663192749,0.34476380348205565,0.8728935241699218,0.4704914093017578,0.5449400424957276,0.9650587717692057,0.021421441808342934,0.30937752723693845,1.0,0.022941648960113525,0.46686372756958006,0.8813089370727539,0.0033242725767195225,0.39855921268463135,0.9703066507975261,0.003130487632006407
pushup,0.49643449783325194,0.4628506342569987,0.9976441264152527,0.5608038425445556,0.38445695241292316,0.9931515455245972,0.4405653953552246,0.37117315928141276,0.9952982068061829,0.6330467224121094,0.2907132466634115,0.6671397686004639,0.3534873962402344,0.25997641881306965,0.8442760705947876,0.6932154655456543,0.4074473698933919,0.954881489276886,0.252970027923584,0.4228385289510091,0.9852559566497803,0.8241207122802734,0.6379189809163411,0.7224550247192383,0.12268581390380859,0.7227510452270508,0.8792805075645447,0.8421815872192383,0.8455570220947266,0.7765849828720093,0.14597005844116212,0.9582370122273763,0.8598582148551941,0.607243824005127,0.856634012858073,0.49343323707580566,0.346009635925293,0.8724521636962891,0.5803775787353516,0.5617520809173584,0.9981239318847657,0.0183577761054039,0.2882071971893311,1.0,0.025724109262228012,0.497391939163208,0.9179122924804688,0.0025418386794626713,0.3820765256881714,0.9776711781819661,0.002931352471932769
pushup,0.5009092330932617,0.4561690012613932,0.9977600574493408,0.5626760482788086,0.37637602488199867,0.9930429458618164,0.4423103332519531,0.3689723014831543,0.9964134097099304,0.6362317085266114,0.2826738675435384,0.6420868635177612,0.3532839298248291,0.26541481018066404,0.8890517950057983,0.7033545494079589,0.39273160298665366,0.9450098872184753,0.24654526710510255,0.41493155161539713,0.9871848225593567,0.8403548240661621,0.5414540608723958,0.6765854358673096,0.08208632469177246,0.6574068069458008,0.8965479135513306,0.8460728645324707,0.6835924784342448,0.7813767194747925,0.13241734504699706,0.937580935160319,0.8893578052520752,0.6132046222686768,0.8445885976155599,0.5555170178413391,0.341756534576416,0.8635784149169922,0.6754106283187866,0.5627834320068359,1.0,0.021579936146736145,0.2825903415679932,1.0,0.034187883138656616,0.5059419631958008,0.9433841069539388,0.0025923734065145254,0.3795161247253418,0.9986675262451172,0.0032309824600815773
pushup,0.5029520034790039,0.4547437032063802,0.99748694896698,0.56582670211792,0.3736934979756673,0.9943540096282959,0.44556388854980467,0.3664662043253581,0.9930878281593323,0.6399968147277832,0.2698520660400391,0.776843786239624,0.35777907371520995,0.25225194295247394,0.7744812965393066,0.7138829231262207,0.38420378367106117,0.9786953330039978,0.24057543277740479,0.3976589838663737,0.9735426306724548,0.8553062438964844,0.5411509831746419,0.862561047077179,0.0972940444946289,0.5809000651041667,0.7775554656982422,0.8737236976623535,0.8204152425130208,0.8921779990196228,0.13870687484741212,0.7424107869466146,0.8539407253265381,0.5968052864074707,0.8573026021321615,0.7402258515357971,0.32172360420227053,0.8695343653361003,0.6917605400085449,0.5590639591217041,1.0,0.0536683052778244,0.2861582517623901,1.0,0.044183291494846344,0.509757137298584,1.0,0.006264830008149147,0.41494054794311525,1.0,0.005097950343042612
pushup,0.5084166526794434,0.4574215253194173,0.9985530972480774,0.5742102146148682,0.36991666158040365,0.9923960566520691,0.4458616256713867,0.3575534184773763,0.9976413249969482,0.645424747467041,0.267302417755127,0.43662750720977783,0.3439605712890625,0.2379328409830729,0.9126368165016174,0.6858281135559082,0.39563446044921874,0.9603015780448914,0.2305859088897705,0.3922928810119629,0.9900259971618652,0.813355541229248,0.5038698196411133,0.8136719465255737,0.058514523506164554,0.5776791254679362,0.9393065571784973,0.8559288024902344,0.6071614583333333,0.9037554860115051,0.06493937969207764,0.8216499328613281,0.9594368934631348,0.5851339817047119,0.8372831344604492,0.8162364959716797,0.3164760828018188,0.8482411702473959,0.8743540048599243,0.5681698799133301,1.0,0.08841904997825623,0.27499163150787354,1.0,0.12868158519268036,0.5401462554931641,0.9410540262858073,0.009697644971311092,0.3546136856079102,1.0,0.011379274539649487
pushup,0.5087436199188232,0.4420477549235026,0.9984209537506104,0.5735379219055176,0.3621275583902995,0.9922605156898499,0.45005159378051757,0.34776490529378257,0.9975489974021912,0.6417953968048096,0.27660338083902997,0.4920828938484192,0.3504063606262207,0.24078858693440755,0.9223177433013916,0.6840922355651855,0.38402458826700847,0.96695876121521,0.2390211582183838,0.37628523508707684,0.9925064444541931,0.826016616821289,0.4615683873494466,0.8294366598129272,0.05366649627685547,0.5244312922159831,0.9523338675498962,0.8663238525390625,0.5621384938557943,0.8992021083831787,0.05006561279296875,0.7097251256306966,0.9666740298271179,0.5961402893066406,0.8176066080729166,0.8910505175590515,0.3307884693145752,0.8242523829142253,0.9323727488517761,0.5728294372558593,1.0,0.1481688767671585,0.27801516056060793,1.0,0.2230052947998047,0.5338552474975586,0.9540183385213216,0.01511227898299694,0.3526219367980957,1.0,0.01882128417491913
pushup,0.509676170349121,0.42716871897379555,0.9980412721633911,0.5714985847473144,0.3480157216389974,0.9906302094459534,0.45184826850891113,0.33736019134521483,0.9972414970397949,0.6367577075958252,0.267836856842041,0.4410192668437958,0.35555052757263184,0.23946571350097656,0.9184796810150146,0.6675941944122314,0.3771001180013021,0.9471157789230347,0.25519332885742185,0.3697827339172363,0.9893805980682373,0.7870452880859375,0.4251282056172689,0.7617944478988647,0.07726666927337647,0.4722174326578776,0.937251091003418,0.8493475914001465,0.5407072067260742,0.8543612957000732,0.06880030632019044,0.6384164810180664,0.956853985786438,0.5854973793029785,0.8145730336507161,0.854793131351471,0.33932955265045167,0.8218950907389323,0.9135909080505371,0.5567654609680176,1.0,0.12486974895000458,0.2860260963439941,1.0,0.1956811100244522,0.5394237041473389,0.9578835805257161,0.01432319637387991,0.36001126766204833,0.9921151479085286,0.01823403500020504
pushup,0.5140491485595703,0.3994243621826172,0.9986097812652588,0.5727890491485595,0.326662540435791,0.994848370552063,0.4619874954223633,0.31845299402872723,0.9951173067092896,0.633350944519043,0.2369249979654948,0.6190860271453857,0.36661174297332766,0.21559130350748698,0.7879246473312378,0.6637856960296631,0.30445213317871095,0.9901964664459229,0.25715830326080324,0.33858308792114256,0.9767160415649414,0.8198841094970704,0.32907953262329104,0.9742098450660706,0.09844145774841309,0.4433982531229655,0.875769853591919,0.8660680770874023,0.5751121520996094,0.9846973419189453,0.11619622707366943,0.6599961598714192,0.9493668079376221,0.5665040493011475,0.8153118133544922,0.9588333964347839,0.3191372394561768,0.8462490717569987,0.9223735928535461,0.5684544563293457,0.9380405426025391,0.2568659484386444,0.2935009241104126,1.0,0.1468471735715866,0.5514453887939453,0.962358029683431,0.027438035234808922,0.3963505744934082,1.0,0.015048678033053875
pushup,0.5157567501068115,0.38886299133300783,0.9986768364906311,0.5739589691162109,0.3132823308308919,0.9942321181297302,0.4617296695709229,0.30511980056762694,0.9965406060218811,0.6339442729949951,0.22603155771891276,0.5100391507148743,0.3609266996383667,0.2053229331970215,0.837706446647644,0.6704272747039794,0.31244084040323894,0.980610728263855,0.2543477058410645,0.343005116780599,0.9726629257202148,0.8414705276489258,0.32676788965861003,0.9305968880653381,0.09437084197998047,0.43072649637858074,0.8450445532798767,0.877012062072754,0.5603801091512044,0.9676860570907593,0.10385022163391114,0.6269102096557617,0.9419329166412354,0.5726968765258789,0.8345935821533204,0.8938255310058594,0.32203638553619385,0.8601936976114909,0.8515205383300781,0.562348747253418,0.9152267456054688,0.15791413187980652,0.29324750900268554,0.970648447672526,0.11033794283866882,0.529113483428955,0.9458528518676758,0.02268737182021141,0.3972275733947754,1.0,0.015029705129563808
pushup,0.5127081394195556,0.37750202814737954,0.9988135099411011,0.5730556964874267,0.30327816009521485,0.9950683116912842,0.4603732585906982,0.29404678344726565,0.9964168071746826,0.6351094245910645,0.21752643585205078,0.5714259743690491,0.36292524337768556,0.1926315943400065,0.8110226392745972,0.6623364448547363,0.29817063013712564,0.9845438599586487,0.2558391571044922,0.3213872273763021,0.9769365191459656,0.8303287506103516,0.31116730372111,0.9584886431694031,0.08495807647705078,0.3947235425313314,0.8916951417922974,0.8666895866394043,0.5457165400187175,0.9809963703155518,0.09600887298583985,0.5828320185343424,0.9631708860397339,0.5677318572998047,0.8148939768473308,0.9387710094451904,0.31933979988098143,0.8418504079182942,0.909870445728302,0.572231674194336,0.9037113189697266,0.21219216287136078,0.2885601282119751,0.977152951558431,0.14789582788944244,0.552388858795166,0.9231423060099284,0.0255357064306736,0.38594727516174315,1.0,0.016330871731042862
pushup,0.5102705001831055,0.37270641326904297,0.9987665414810181,0.5721272468566895,0.3002504666646322,0.9953576922416687,0.4590425968170166,0.2887187321980794,0.9957862496376038,0.6346636295318604,0.2208438237508138,0.6382788419723511,0.36321661472320554,0.19015833536783855,0.7942624688148499,0.6558722496032715,0.29838403065999347,0.9897255301475525,0.2579077482223511,0.31634508768717445,0.9806339740753174,0.8213010787963867,0.31980075836181643,0.9729523062705994,0.0842132568359375,0.3929661432902018,0.9048558473587036,0.8618409156799316,0.5717920939127604,0.9856516122817993,0.09508647918701171,0.5921064376831054,0.9649542570114136,0.5586181163787842,0.7986210505167644,0.9689353108406067,0.3153411388397217,0.8241223653157552,0.9481139779090881,0.5605441093444824,0.9127206166585287,0.33468911051750183,0.2859792947769165,0.9909834543863932,0.22665491700172424,0.5281146049499512,0.922439702351888,0.03995801508426666,0.3691263675689697,1.0,0.023997630923986435
pushup,0.5129872322082519,0.3779486974080404,0.9987344145774841,0.5724396705627441,0.30312716166178383,0.9945370554924011,0.4595921993255615,0.2953433354695638,0.996203601360321,0.6337338924407959,0.21791661580403646,0.5652397871017456,0.36124892234802247,0.1968746503194173,0.829211950302124,0.6625430107116699,0.2992434501647949,0.9872069954872131,0.2553117036819458,0.3268761952718099,0.9807464480400085,0.8240604400634766,0.33653888702392576,0.9613219499588013,0.09091925621032715,0.42260106404622394,0.8996695280075073,0.8611565589904785,0.5952046712239584,0.9805408120155334,0.10542945861816407,0.6243139902750651,0.962002158164978,0.5641454219818115,0.8074963887532552,0.9479577541351318,0.3169374704360962,0.8359541575113932,0.9229949116706848,0.5610997676849365,0.9189345041910807,0.23406492173671722,0.29307119846343993,0.9925099690755208,0.16446848213672638,0.5344846248626709,0.9344977696736654,0.026669979095458984,0.3895165681838989,1.0,0.01713043451309204
pushup,0.5124568939208984,0.3920161565144857,0.9981371164321899,0.5763339996337891,0.30874773661295574,0.9916915893554688,0.4535702705383301,0.2969195365905762,0.9962704181671143,0.6431512355804443,0.2245615005493164,0.4896070659160614,0.3553884506225586,0.19340238571166993,0.8633320331573486,0.6728152751922607,0.353363831837972,0.9665383100509644,0.27014086246490476,0.3347063700358073,0.9861600995063782,0.8131123542785644,0.4116231918334961,0.8707292079925537,0.1285179853439331,0.40894635518391925,0.9309507012367249,0.8724888801574707,0.5666992823282878,0.9344429969787598,0.11396305561065674,0.5798177083333333,0.9640471339225769,0.587702465057373,0.7941219329833984,0.9148956537246704,0.34934439659118655,0.7955965042114258,0.931952178478241,0.5552314758300781,0.9942728678385416,0.20423446595668793,0.30066514015197754,1.0,0.24943393468856812,0.5424455165863037,0.9273992538452148,0.02185492217540741,0.3683937549591064,0.9737968444824219,0.02328321523964405
pushup,0.5139791011810303,0.3981194496154785,0.9981871247291565,0.5751759529113769,0.3152409235636393,0.9896542429924011,0.45577139854431153,0.30554733276367185,0.9969798922538757,0.6383289337158203,0.2344561258951823,0.3993671238422394,0.3558453321456909,0.2081995964050293,0.9064889550209045,0.6641878128051758,0.3648778597513835,0.9638672471046448,0.2655620574951172,0.3545995712280273,0.9897574186325073,0.7908229827880859,0.4224570274353027,0.8569384217262268,0.12376904487609863,0.43951355616251625,0.9496945142745972,0.8251630783081054,0.5749444961547852,0.9315175414085388,0.12147707939147949,0.6270883560180665,0.9733167290687561,0.5808222770690918,0.7885383605957031,0.9140030741691589,0.34380650520324707,0.7952967325846354,0.9418600797653198,0.5589195251464844,0.983871332804362,0.20221005380153656,0.3014791488647461,1.0,0.2747587263584137,0.5545416355133057,0.9237724304199219,0.02107095532119274,0.37146310806274413,0.9810540517171223,0.024199893698096275
pushup,0.5155045032501221,0.4004783630371094,0.9982278943061829,0.5760903835296631,0.31646881103515623,0.9914299845695496,0.4552042007446289,0.31059538523356117,0.9970307350158691,0.6395669460296631,0.23967065811157226,0.43708911538124084,0.3512615919113159,0.2212445576985677,0.9117429852485657,0.6748922348022461,0.3737286249796549,0.9656674265861511,0.2512314558029175,0.37561721801757814,0.9870878458023071,0.8166850090026856,0.4809947649637858,0.8354361653327942,0.08411064147949218,0.5126693089803059,0.9095767736434937,0.8668066978454589,0.6720729192097982,0.9057657122612,0.09515137672424316,0.7076452891031901,0.9485039710998535,0.5927178382873535,0.8206017812093099,0.8314189910888672,0.3400269985198975,0.8360005060831706,0.862951397895813,0.5578720092773437,0.9817133585611979,0.09708910435438156,0.2922676086425781,1.0,0.11538471281528473,0.5505251884460449,0.9215365727742513,0.010509401559829712,0.38303561210632325,0.9818963368733724,0.010457759723067284
pushup,0.5111794471740723,0.393377431233724,0.9983370304107666,0.5704405307769775,0.3149298350016276,0.9945966005325317,0.4554735660552979,0.3110499064127604,0.9959694147109985,0.6351407051086426,0.2348846435546875,0.693204402923584,0.36040005683898924,0.22335135142008464,0.8649947047233582,0.6933359146118164,0.3433124542236328,0.9868488311767578,0.2408892869949341,0.38202629089355467,0.9833085536956787,0.8444405555725097,0.487613582611084,0.920925498008728,0.09917593002319336,0.57985045115153,0.8464363813400269,0.8504206657409668,0.7738400777180989,0.9213789701461792,0.14469664096832274,0.7290036519368489,0.8856054544448853,0.5914917945861816,0.859864616394043,0.8558607697486877,0.3149594306945801,0.8884455362955729,0.8118698000907898,0.6018385410308837,0.9687007904052735,0.0686679258942604,0.2839956521987915,1.0,0.05109764635562897,0.582125186920166,0.984338887532552,0.008076568134129047,0.41389951705932615,1.0,0.005876960698515177
pushup,0.511355209350586,0.3936730066935221,0.997525155544281,0.5734749794006347,0.31162872314453127,0.9916194677352905,0.4509582042694092,0.3055370012919108,0.9971688389778137,0.6430932998657226,0.23550450007120768,0.6039860248565674,0.35599141120910643,0.22179603576660156,0.9325657486915588,0.7055181503295899,0.3674086252848307,0.9430536031723022,0.24187908172607422,0.3982917149861654,0.9901188611984253,0.840146541595459,0.5272300084431966,0.5323553085327148,0.0577845573425293,0.662036641438802,0.8647237420082092,0.8478860855102539,0.638494873046875,0.5598359107971191,0.05443072319030762,0.8961495717366537,0.7993191480636597,0.6019913673400878,0.8256322224934896,0.570810079574585,0.32915568351745605,0.8452067693074544,0.7148396968841553,0.556699275970459,1.0,0.02865907922387123,0.2907102584838867,1.0,0.04920018091797829,0.5071352958679199,0.9499320983886719,0.00374575681053102,0.3999295949935913,0.9800570170084636,0.004961616825312376
pushup,0.5095161437988281,0.3944627126057943,0.9977388381958008,0.5690078735351562,0.3104472796122233,0.9926779270172119,0.4482701778411865,0.3080860137939453,0.9972593784332275,0.6418585777282715,0.23026762008666993,0.6177778840065002,0.35677328109741213,0.22471841176350912,0.9214999079704285,0.7108042716979981,0.37547505696614586,0.929495632648468,0.25043184757232667,0.39897359212239586,0.9881340861320496,0.8559439659118653,0.5062893231709799,0.5263929963111877,0.05782182216644287,0.6292277654012044,0.8763627409934998,0.8609536170959473,0.5684705098470052,0.6351023316383362,0.10113992691040039,0.8497788747151692,0.8616943955421448,0.6161111354827881,0.83394775390625,0.5065109133720398,0.34226536750793457,0.8511805852254232,0.6714728474617004,0.5652154445648193,1.0,0.01908033713698387,0.28404827117919923,1.0,0.03550827503204346,0.516357421875,0.9192554473876953,0.002423094818368554,0.3751446008682251,0.9572502772013346,0.0033129090443253517
pushup,0.5067214488983154,0.39952929814656574,0.9980525970458984,0.5679193496704101,0.31913935343424477,0.9938626289367676,0.4480109691619873,0.31306807200113934,0.9972468614578247,0.6404354095458984,0.24506740570068358,0.6959563493728638,0.35706443786621095,0.2303603490193685,0.9203752875328064,0.7205279350280762,0.3862988789876302,0.956291139125824,0.2464367389678955,0.40974928538004557,0.9909322261810303,0.9024217605590821,0.5647090276082357,0.61442631483078,0.06303296089172364,0.6792306264241537,0.8915733098983765,0.9107646942138672,0.6615734736124674,0.6807922720909119,0.09383151531219483,0.894040298461914,0.8556597828865051,0.6227492332458496,0.8497887293497721,0.4651091992855072,0.34064064025878904,0.8661381403605143,0.6082800030708313,0.5700486183166504,0.9920953750610352,0.01240936666727066,0.27902922630310056,1.0,0.021836096420884132,0.5022817134857178,0.9047172546386719,0.0014136192621663213,0.37733778953552244,0.9517903645833333,0.0018696398474276066
pushup,0.5058029651641845,0.40756231943766275,0.9981259703636169,0.5651462078094482,0.32748807271321617,0.9939860105514526,0.4478823184967041,0.3233099619547526,0.9969448447227478,0.6349896907806396,0.253453795115153,0.698999285697937,0.35769736766815186,0.24364325205485027,0.9059737920761108,0.71163969039917,0.39301605224609376,0.9645981788635254,0.25212817192077636,0.4250489234924316,0.9896984696388245,0.8911481857299804,0.595130729675293,0.7080832123756409,0.08646595478057861,0.7096181233723958,0.8908148407936096,0.8990447998046875,0.7437732060750325,0.7588051557540894,0.11338987350463867,0.9460784912109375,0.8567743897438049,0.608447790145874,0.8573883056640625,0.47490009665489197,0.3326925754547119,0.8782771428426107,0.574677586555481,0.5654193878173828,0.9767449696858724,0.012430432252585888,0.2715281963348389,1.0,0.01857832446694374,0.49914350509643557,0.8998559315999349,0.0014201223384588957,0.3578324317932129,0.9616358439127605,0.0016612277831882238
pushup,0.5036914825439454,0.4142841021219889,0.9979528188705444,0.5639081001281738,0.33183294932047525,0.99425208568573,0.44458627700805664,0.3305633544921875,0.9958688020706177,0.6357073307037353,0.2577786127726237,0.7726888060569763,0.3576427698135376,0.2561213493347168,0.8642953634262085,0.7169098377227783,0.39129180908203126,0.9760470390319824,0.26860361099243163,0.43440078099568685,0.9894350171089172,0.8938943862915039,0.6339001337687175,0.7918047308921814,0.13474695682525634,0.744131596883138,0.8872814178466797,0.9028850555419922,0.8146375020345052,0.7901042699813843,0.11049928665161132,0.9762017567952473,0.8237178921699524,0.6120480537414551,0.8390041351318359,0.5507358908653259,0.3417976856231689,0.8608954111735027,0.6052088141441345,0.5803513526916504,0.9830210367838542,0.01622539386153221,0.2881678581237793,1.0,0.02087055705487728,0.5367070198059082,0.9049896876017253,0.0016459862235933542,0.37358837127685546,0.9619688669840495,0.0017995284870266914
pushup,0.5036513328552246,0.41685791015625,0.9977625608444214,0.5639137268066406,0.3363946278889974,0.9935083389282227,0.44490346908569334,0.3340357144673665,0.9954664707183838,0.6340704441070557,0.2677654266357422,0.7478893995285034,0.35789806842803956,0.26252031326293945,0.8670096397399902,0.7080226421356202,0.3961186726888021,0.9800449013710022,0.2724858283996582,0.4349678039550781,0.9884436726570129,0.8870067596435547,0.6643893559773763,0.823337972164154,0.15906100273132323,0.7725159962972005,0.8772984743118286,0.9110493659973145,0.8453010559082031,0.799464225769043,0.1565924882888794,1.0,0.7964737415313721,0.5991671085357666,0.8374093373616537,0.5870234370231628,0.3347517490386963,0.8590998967488607,0.605383038520813,0.5705366134643555,0.982041867574056,0.01901976205408573,0.2891246795654297,1.0,0.022188087925314903,0.5160233497619628,0.9056556701660157,0.0019328623311594129,0.36343069076538087,0.9712406158447265,0.00194844591896981
pushup,0.5045083045959473,0.4230046272277832,0.9974689483642578,0.564795732498169,0.343552303314209,0.9931960105895996,0.44669127464294434,0.3413492202758789,0.9949045181274414,0.6340609073638916,0.2760711987813314,0.7615760564804077,0.3614976406097412,0.27042853037516273,0.8624797463417053,0.7061996459960938,0.398534901936849,0.9789479374885559,0.273549222946167,0.44017645517985027,0.9878399968147278,0.869045352935791,0.6855614980061849,0.8065585494041443,0.16725947856903076,0.7968509038289388,0.8521137833595276,0.9012784957885742,0.8741296132405599,0.7367757558822632,0.15692994594573975,1.0,0.7190898656845093,0.6066972732543945,0.8289487202962239,0.49080243706703186,0.343658447265625,0.8527825673421224,0.5028063654899597,0.5850354194641113,0.9622246424357096,0.013965943828225136,0.29811222553253175,1.0,0.01537883747369051,0.5545095443725586,0.8895915349324545,0.0015868594637140632,0.3941089153289795,0.9398109436035156,0.0015752128092572093
pushup,0.5054118156433105,0.4220661799112956,0.9975569248199463,0.5653594970703125,0.3442779858907064,0.9933671355247498,0.448710298538208,0.340866756439209,0.9950055480003357,0.634597635269165,0.2784676233927409,0.7736332416534424,0.3637749671936035,0.27021093368530275,0.87199467420578,0.7092948913574219,0.39892037709554035,0.9810383915901184,0.27152047157287595,0.44128278096516926,0.989887535572052,0.8798816680908204,0.6661398569742839,0.8253729939460754,0.1539524793624878,0.7868522008260092,0.8793571591377258,0.903352928161621,0.8580780665079752,0.7799835205078125,0.15867462158203124,1.0,0.7781010866165161,0.6061107635498046,0.8305806477864583,0.5564708709716797,0.3404651403427124,0.8539974212646484,0.577663004398346,0.5759559154510498,0.9735370635986328,0.015715476125478745,0.28977906703948975,1.0,0.01804383657872677,0.5240568161010742,0.9021947224934895,0.0015508860815316439,0.376682710647583,0.9560639063517252,0.0015678380150347948
pushup,0.5062445163726806,0.4183661142985026,0.9979590177536011,0.5668914794921875,0.3377159754435221,0.9944735169410706,0.4482921600341797,0.3342525164286296,0.996220052242279,0.6385603427886963,0.2660800615946452,0.763371467590332,0.36133532524108886,0.2591355323791504,0.8644843697547913,0.7202700614929199,0.39710636138916017,0.9693917036056519,0.2706653594970703,0.43293018341064454,0.9875308871269226,0.9049594879150391,0.6433989842732747,0.7378018498420715,0.12999122142791747,0.742596689860026,0.8703456521034241,0.9091598510742187,0.8071136474609375,0.735457718372345,0.10145018100738526,0.9656346638997396,0.7953488826751709,0.6178113937377929,0.8397137959798177,0.480486661195755,0.3447147846221924,0.8584706624348958,0.5487587451934814,0.5923903942108154,0.9832744598388672,0.012507125735282898,0.2861289978027344,1.0,0.016996778547763824,0.545979118347168,0.9017754872639974,0.0013556701596826315,0.3651930332183838,0.9623082478841146,0.0015314011834561825
pushup,0.5090207576751709,0.4144208590189616,0.9980581402778625,0.5697897911071778,0.33326543172200523,0.9940499067306519,0.45059995651245116,0.3292091369628906,0.9968916773796082,0.6407313823699952,0.2581024169921875,0.7047576904296875,0.3605482816696167,0.24980535507202148,0.9016919732093811,0.7143767356872559,0.3865456263224284,0.9613293409347534,0.25324771404266355,0.4332371711730957,0.9894607663154602,0.8829498291015625,0.5726444244384765,0.7043907642364502,0.08326849937438965,0.7262694676717122,0.8879857659339905,0.8862168312072753,0.707583999633789,0.743903636932373,0.08914034366607666,0.9521116256713867,0.843451201915741,0.6108662605285644,0.8525208791097005,0.4844031035900116,0.3324713230133057,0.8790651321411133,0.5853199362754822,0.581810712814331,0.9885741551717122,0.012385143898427486,0.2756639957427979,1.0,0.01819930598139763,0.523340368270874,0.909633191426595,0.0013740361901000142,0.36284241676330564,0.9701878865559895,0.0016014613211154938
pushup,0.5132533550262451,0.41073411305745444,0.9984117746353149,0.5706668853759765,0.33452434539794923,0.9945456981658936,0.45899286270141604,0.33129262924194336,0.997257649898529,0.635601806640625,0.2649340311686198,0.6327659487724304,0.3672307252883911,0.25394585927327473,0.8864269852638245,0.694636344909668,0.3855052630106608,0.9701935648918152,0.2569998025894165,0.40925095876057943,0.9726272821426392,0.8965066909790039,0.5503849665323893,0.7929553985595703,0.10489323139190673,0.6184943517049154,0.7739154696464539,0.8990760803222656,0.714749526977539,0.8343720436096191,0.1493051290512085,0.7740337371826171,0.8193532228469849,0.5854379177093506,0.8792712529500325,0.4936453402042389,0.31538710594177244,0.9048549652099609,0.45958226919174194,0.6146925449371338,0.9152291615804037,0.013366682454943657,0.3015732288360596,0.9837407430013021,0.012772660702466965,0.5792715072631835,0.9058018366495768,0.002059729304164648,0.40772371292114257,0.991369120279948,0.0017256735591217875
pushup,0.5206345558166504,0.41374422709147135,0.9971563816070557,0.5800204277038574,0.3351039250691732,0.9913185834884644,0.463744592666626,0.3296118418375651,0.9965516328811646,0.644306230545044,0.26431433359781903,0.578923761844635,0.3665367364883423,0.24841527938842772,0.9136143922805786,0.7107809066772461,0.3938544909159342,0.9435761570930481,0.24691309928894042,0.41337820688883464,0.9636866450309753,0.8983692169189453,0.5049107233683269,0.5322810411453247,0.08779706954956054,0.5914697647094727,0.6176678538322449,0.9025190353393555,0.631176249186198,0.6527365446090698,0.1468201160430908,0.7306290944417317,0.7130562663078308,0.5871175289154053,0.8518222173055013,0.430547297000885,0.31599719524383546,0.8672192891438802,0.4466525912284851,0.5422698974609375,0.9721823374430338,0.025070054456591606,0.29257075786590575,1.0,0.027749015018343925,0.47699384689331054,0.9521524429321289,0.004490400664508343,0.4167295455932617,0.9920198440551757,0.004254890140146017
pushup,0.527013111114502,0.4185577074686686,0.9973779916763306,0.5865324974060059,0.33598868052164715,0.9920523166656494,0.46859126091003417,0.331242307027181,0.9963470101356506,0.649637508392334,0.26246655782063805,0.5317575931549072,0.36782031059265136,0.24769280751546224,0.9002503156661987,0.7058628082275391,0.40010286966959635,0.9405655860900879,0.24895040988922118,0.42429720560709633,0.9468769431114197,0.8858500480651855,0.4657523473103841,0.5750700831413269,0.08811883926391602,0.5565057118733724,0.5091335773468018,0.9413690567016602,0.6438071568806966,0.6911954879760742,0.12594337463378907,0.7015097300211589,0.6756932735443115,0.6020427703857422,0.8710367838541667,0.35152775049209595,0.3387648344039917,0.8931713740030924,0.3152911365032196,0.5756994724273682,0.9532752354939779,0.02023295685648918,0.3332392454147339,0.982785987854004,0.017547182738780975,0.5470435142517089,0.9638949076334635,0.004096793942153454,0.4808944225311279,0.9869269688924154,0.0033555063419044018
pushup,0.5299056053161622,0.4157618840535482,0.9979187846183777,0.5878348350524902,0.3356775283813477,0.9942943453788757,0.4741374492645264,0.3320655186971029,0.9963646531105042,0.6509751319885254,0.2615749994913737,0.6220341920852661,0.37767539024353025,0.24972216288248697,0.8754550814628601,0.7069397926330566,0.38638827006022136,0.966684877872467,0.25503485202789306,0.4126816431681315,0.9524562358856201,0.8926819801330567,0.44160792032877605,0.784731924533844,0.09380321502685547,0.5196774482727051,0.6020915508270264,0.9342653274536132,0.6369342803955078,0.8416763544082642,0.14275991916656494,0.6266143798828125,0.7604796290397644,0.597796630859375,0.877728525797526,0.6382676959037781,0.326523494720459,0.902294667561849,0.5368828177452087,0.6208314895629883,0.9561166127522787,0.03540708124637604,0.31714744567871095,0.9915918986002604,0.025042062625288963,0.6125614166259765,0.9755345662434896,0.006176079623401165,0.45227828025817873,1.0,0.004380884580314159
pushup,0.5305015563964843,0.4053568204243978,0.998388409614563,0.5877372264862061,0.32585735321044923,0.994063675403595,0.4743765354156494,0.3228173573811849,0.9969308972358704,0.6494228839874268,0.2511599858601888,0.5726693868637085,0.3763460397720337,0.24079666137695313,0.8863837122917175,0.6966472625732422,0.36576398213704425,0.9766350984573364,0.2634866714477539,0.39178673426310223,0.9739572405815125,0.8774057388305664,0.41314519246419273,0.8712540864944458,0.09237055778503418,0.5017348289489746,0.7944822907447815,0.9161733627319336,0.5621508280436198,0.9187638759613037,0.12293739318847656,0.6459068298339844,0.8873696327209473,0.5899881362915039,0.8465221405029297,0.8280536532402039,0.32822747230529786,0.8711412429809571,0.7846265435218811,0.5914409160614014,0.944438362121582,0.08472973108291626,0.2996583223342896,0.9963117599487304,0.06629572808742523,0.5781430244445801,0.9536386489868164,0.011363830417394638,0.4076999664306641,1.0,0.008312075398862362
pushup,0.5331978797912598,0.3929573694864909,0.9986341595649719,0.5864740371704101,0.31333382924397785,0.9911373853683472,0.47370295524597167,0.31205838521321616,0.9987409710884094,0.6491312026977539,0.23507798512776693,0.31636181473731995,0.3732776403427124,0.22872428894042968,0.9606219530105591,0.6992134571075439,0.3578082402547201,0.9261126518249512,0.2634674787521362,0.3511051177978516,0.9915184378623962,0.8455573081970215,0.399545160929362,0.6049827933311462,0.051095008850097656,0.4373874346415202,0.9443550705909729,0.8649075508117676,0.46944669087727864,0.7714564800262451,0.06697337627410889,0.6865232467651368,0.9549225568771362,0.6070094108581543,0.840121078491211,0.7878028154373169,0.3395969390869141,0.8485005060831706,0.8990300893783569,0.5967954635620117,0.9603583017985026,0.062325119972229004,0.28264102935791013,0.9809225718180339,0.13082623481750488,0.5907790184020996,0.9558128356933594,0.009845555759966373,0.3637725830078125,0.9786548614501953,0.01504804939031601
pushup,0.5339160442352295,0.3866770108540853,0.9984675049781799,0.5839304447174072,0.31264362335205076,0.9905373454093933,0.4775068283081055,0.3090834935506185,0.9987082481384277,0.6437880516052246,0.24156875610351564,0.2848714292049408,0.384541392326355,0.22565631866455077,0.9626813530921936,0.6807746887207031,0.3876239140828451,0.8697912693023682,0.28628699779510497,0.3133660316467285,0.9922997951507568,0.7670459270477294,0.5249786059061686,0.4438106119632721,0.06373591423034668,0.37931474049886066,0.9552106261253357,0.7982416152954102,0.6005894343058268,0.6482850909233093,0.07362949848175049,0.6409172693888346,0.9620373845100403,0.6140904426574707,0.8420888264973958,0.7008625268936157,0.36842937469482423,0.8257378896077474,0.8916606903076172,0.5923953533172608,0.9864290873209636,0.04339956119656563,0.2957296848297119,0.9780029296875,0.12813781201839447,0.6145750522613526,0.9715928395589193,0.0070096873678267,0.35821239948272704,0.9705839157104492,0.014339874498546124
pushup,0.5380173683166504,0.3907311757405599,0.9985257983207703,0.5926975250244141,0.3153543472290039,0.9897642135620117,0.4812484264373779,0.308244514465332,0.9986093044281006,0.6514540195465088,0.2396403948465983,0.23960107564926147,0.37679224014282225,0.2180678685506185,0.953215479850769,0.6849702835083008,0.3442989349365234,0.9142897725105286,0.27637739181518556,0.3269852638244629,0.98936927318573,0.8392341613769532,0.3639568328857422,0.6183438897132874,0.07330305576324463,0.3762459437052409,0.9424099922180176,0.8604668617248535,0.4672060012817383,0.8079361319541931,0.08080992698669434,0.5738016128540039,0.9659956693649292,0.605306339263916,0.8304397583007812,0.8431150913238525,0.3541891098022461,0.8346869150797526,0.9253079891204834,0.5784717082977295,0.9556471506754557,0.10368568450212479,0.29269018173217776,0.9838069915771485,0.20226557552814484,0.551206111907959,0.9413016637166342,0.018161127343773842,0.36330833435058596,0.9783693313598633,0.02648053504526615
pushup,0.5378147602081299,0.39246705373128254,0.998174786567688,0.5965728759765625,0.31914548873901366,0.9927082657814026,0.48340625762939454,0.30936508178710936,0.9968534111976624,0.656466007232666,0.24199794133504232,0.4656018018722534,0.38256268501281737,0.21718072891235352,0.8764158487319946,0.682727861404419,0.32230714162190754,0.9621172547340393,0.2800766468048096,0.3339261372884115,0.9723816514015198,0.838715934753418,0.3160841623942057,0.8282433152198792,0.09767951965332031,0.38001667658487953,0.826170027256012,0.8606858253479004,0.5140008926391602,0.9109876155853271,0.1031829833984375,0.5429656982421875,0.9207329154014587,0.5745434761047363,0.8139603932698568,0.8929587602615356,0.33208651542663575,0.8289047241210937,0.8875372409820557,0.5533271312713623,0.9435246149698894,0.19212038815021515,0.30723867416381834,0.9856237411499024,0.17997749149799347,0.4949369430541992,0.9502798716227213,0.03463325649499893,0.38729372024536135,0.9987054824829101,0.028529807925224304
pushup,0.5377758979797364,0.3947717030843099,0.9982098340988159,0.5963984489440918,0.32135016123453775,0.9922524094581604,0.4839527130126953,0.3109599113464355,0.9972373247146606,0.6555437088012696,0.24757620493570964,0.425687313079834,0.3832486629486084,0.22141332626342775,0.8914426565170288,0.6797977447509765,0.3295246760050456,0.9549900889396667,0.27984938621520994,0.3425264358520508,0.9729602932929993,0.8322975158691406,0.3091085433959961,0.805754542350769,0.09980449676513672,0.3842292785644531,0.8403527736663818,0.8560365676879883,0.4957918485005697,0.8950994610786438,0.09639778137207031,0.5537354151407877,0.9224075675010681,0.5779458522796631,0.8187236785888672,0.8806312680244446,0.33411126136779784,0.83449281056722,0.8848812580108643,0.5787595272064209,0.9434883753458659,0.16318108141422272,0.30925562381744387,0.9803176244099935,0.16484197974205017,0.5369642734527588,0.951744016011556,0.02998083457350731,0.3871604442596436,0.9932916641235352,0.02632627636194229
pushup,0.5386327266693115,0.39521265029907227,0.998458743095398,0.5968722820281982,0.32058531443277993,0.9925801157951355,0.4837904453277588,0.31201626459757487,0.9973481893539429,0.6554497241973877,0.24595855077107748,0.4091699719429016,0.38040947914123535,0.22281208038330078,0.8928695917129517,0.6782392501831055,0.32681509653727214,0.9680284261703491,0.27743747234344485,0.3392655372619629,0.9768112897872925,0.837012767791748,0.3117924690246582,0.8672704100608826,0.09440698623657226,0.38234939575195315,0.8626426458358765,0.8725520133972168,0.4888844807942708,0.928846001625061,0.09404125213623046,0.5502646764119467,0.9369707107543945,0.5769956588745118,0.8145601272583007,0.9147109389305115,0.33249998092651367,0.8317044576009115,0.9096498489379883,0.5668899536132812,0.9362372080485026,0.20865140855312347,0.299696946144104,0.9823551177978516,0.19198310375213623,0.5332958698272705,0.944154167175293,0.03455227240920067,0.3800570011138916,0.9972501118977865,0.027750184759497643
pushup,0.5386691093444824,0.3940403620402018,0.998319685459137,0.5959189414978028,0.32037684122721355,0.9919243454933167,0.4843436241149902,0.3113274892171224,0.9972556233406067,0.6526658535003662,0.24580949147542316,0.3728363811969757,0.3794834852218628,0.22152697245279948,0.8961595296859741,0.6755246162414551,0.32738533020019533,0.9633831977844238,0.27546210289001466,0.3404646873474121,0.973071813583374,0.8317362785339355,0.3251585324605306,0.8429788947105408,0.0973008155822754,0.38928375244140623,0.8351267576217651,0.8580035209655762,0.522351328531901,0.9181775450706482,0.10778307914733887,0.5459541320800781,0.927840530872345,0.5792893409729004,0.8160146713256836,0.8934345245361328,0.3357088565826416,0.8343757629394531,0.8859454989433289,0.5673135757446289,0.9311061859130859,0.18899989128112793,0.30698471069335936,0.9793509165445964,0.1708562821149826,0.5273097515106201,0.9365962982177735,0.03459826484322548,0.3922321081161499,0.9886981964111328,0.027462869882583618
pushup,0.5401648044586181,0.39355023701985675,0.9987120628356934,0.5943201065063477,0.31778707504272463,0.9892725944519043,0.4831206798553467,0.31066131591796875,0.9987413287162781,0.6503284454345704,0.24359633127848307,0.18743540346622467,0.3744070291519165,0.22136758168538412,0.9586140513420105,0.6750442028045655,0.3446086883544922,0.9273214340209961,0.27190189361572265,0.3292172114054362,0.9900298714637756,0.8209259033203125,0.3702029863993327,0.6996703147888184,0.0742647647857666,0.3810556411743164,0.9505389332771301,0.8532401084899902,0.49341917037963867,0.8548920750617981,0.08128929138183594,0.5722105026245117,0.9725044965744019,0.598798131942749,0.834726079305013,0.8562746047973633,0.3483004093170166,0.8423367818196614,0.9263632893562317,0.5856149673461915,0.9448847452799479,0.10001407563686371,0.2898246288299561,0.9765935262044271,0.17938226461410522,0.5706846237182617,0.9349361419677734,0.016260014846920967,0.360980749130249,0.9708684921264649,0.02195047028362751
pushup,0.539132022857666,0.39167982737223306,0.9986634254455566,0.5911577701568603,0.3185036023457845,0.9908925294876099,0.4819206714630127,0.3122748692830404,0.9986935257911682,0.6523672103881836,0.2446988582611084,0.2930520474910736,0.38529970645904543,0.22365756034851075,0.9619529843330383,0.6858744621276855,0.3809093475341797,0.9334959983825684,0.28062915802001953,0.29684060414632163,0.9944515824317932,0.7693811416625976,0.5476005554199219,0.6297649145126343,0.05839815139770508,0.3908066431681315,0.9675915241241455,0.7797192573547364,0.6002328236897786,0.751681923866272,0.0834801197052002,0.661326281229655,0.9655531644821167,0.5965551853179931,0.8629573186238607,0.8055034279823303,0.341504168510437,0.8414056142171223,0.9221249222755432,0.5806693077087403,1.0,0.033436257392168045,0.28345956802368166,1.0,0.0843101292848587,0.5916143894195557,0.9984673817952474,0.0037702482659369707,0.3548417568206787,0.9798088073730469,0.006725982762873173
pushup,0.539771842956543,0.40066006978352864,0.9982228875160217,0.6004211902618408,0.317759641011556,0.9913738369941711,0.47951269149780273,0.30897623697916665,0.9980260729789734,0.6633819103240967,0.245921262105306,0.3890247046947479,0.37240376472473147,0.2206803321838379,0.9526194930076599,0.7048133373260498,0.39164883295694985,0.9430033564567566,0.2452624559402466,0.3848992665608724,0.98932284116745,0.8420358657836914,0.5036570866902669,0.6252245903015137,0.031471538543701175,0.5417619705200195,0.880485475063324,0.8974327087402344,0.6673365275065104,0.711814820766449,0.044712400436401366,0.7399304072062175,0.8983606696128845,0.6096952438354493,0.8373036702473958,0.6826144456863403,0.3378181457519531,0.8475475311279297,0.7862765789031982,0.5683161735534668,1.0,0.04668228700757027,0.28289213180541994,1.0,0.07072783261537552,0.5420939445495605,0.9537024180094401,0.005826292093843222,0.3823554039001465,0.975041389465332,0.006928702816367149
pushup,0.5393714427947998,0.39566593170166015,0.9982712268829346,0.5941482067108155,0.3184261957804362,0.9924288392066956,0.4838690280914307,0.31236384709676107,0.9972991347312927,0.650657320022583,0.2436422348022461,0.43008753657341003,0.3785292148590088,0.2268548647562663,0.9148147702217102,0.7015929222106934,0.37057530085245766,0.9699347615242004,0.2498464822769165,0.39110978444417316,0.9674495458602905,0.8791622161865235,0.47420132954915367,0.8018569946289062,0.0892024040222168,0.5493411382039388,0.7003602385520935,0.8771316528320312,0.6344728469848633,0.8620993494987488,0.14609987735748292,0.6699691772460937,0.8271418809890747,0.5986527919769287,0.8848321278889973,0.6267603039741516,0.3253464221954346,0.90801575978597,0.5544535517692566,0.6170089721679688,0.952001444498698,0.029073113575577736,0.3198371887207031,0.9921641031901042,0.021763773635029793,0.5886095046997071,0.9556814829508463,0.004640590399503708,0.45213994979858396,0.987598164876302,0.003334494074806571
pushup,0.5366573333740234,0.39880568186442056,0.9984523057937622,0.5920089721679688,0.32154947916666665,0.9927863478660583,0.4820145606994629,0.31605043411254885,0.9978320002555847,0.6500137329101563,0.24733804066975912,0.4134330153465271,0.37864255905151367,0.23063182830810547,0.9201549291610718,0.6977235794067382,0.3800261815388997,0.959300696849823,0.2510277032852173,0.3916542371114095,0.9655566811561584,0.8902031898498535,0.48528000513712566,0.7488388419151306,0.08027482032775879,0.5381833394368489,0.7188205122947693,0.8774173736572266,0.6218398412068685,0.8483774662017822,0.1383737564086914,0.6867351531982422,0.8446336984634399,0.589375114440918,0.8809686024983724,0.5301163196563721,0.3185442924499512,0.9041046142578125,0.49196624755859375,0.6165077209472656,0.928594970703125,0.02050824835896492,0.319494366645813,0.9903520584106446,0.01814408227801323,0.5926515579223632,0.9242648442586263,0.003420547815039754,0.446333122253418,0.9984568913777669,0.002676089061424136
pushup,0.5351264953613282,0.4081777890523275,0.9985162615776062,0.5894075870513916,0.3278415044148763,0.9929950833320618,0.47837071418762206,0.32596721649169924,0.9978017210960388,0.649564266204834,0.24386914571126303,0.42411237955093384,0.37704436779022216,0.23657239278157552,0.9102486968040466,0.7054351329803467,0.382443110148112,0.9559658765792847,0.25617618560791017,0.3970399220784505,0.9672272205352783,0.8847954750061036,0.528558858235677,0.7400637865066528,0.09957313537597656,0.5704943974812825,0.7486165165901184,0.8674306869506836,0.6803006490071615,0.8377757668495178,0.148093318939209,0.7283248901367188,0.8501050472259521,0.6002258777618408,0.8902799606323242,0.44086259603500366,0.3267603158950806,0.9132470448811849,0.4261300265789032,0.6265460014343261,0.9339885711669922,0.012507226318120956,0.3179714441299438,0.9902695973714193,0.011936255730688572,0.6194010734558105,0.9256582895914713,0.002059231512248516,0.4471259117126465,0.9921069463094075,0.0017181645380333066
pushup,0.5312803268432618,0.41444047292073566,0.9983329176902771,0.5865078449249268,0.3347273508707682,0.9927886128425598,0.47290811538696287,0.3317318598429362,0.9979456067085266,0.6491392135620118,0.251898988087972,0.4698927402496338,0.37271852493286134,0.24342937469482423,0.9375367164611816,0.7123486518859863,0.3858379046122233,0.9424115419387817,0.24699487686157226,0.4090237299601237,0.987082839012146,0.8751596450805664,0.5566598256429036,0.653532862663269,0.04269275665283203,0.6514385223388672,0.8780316114425659,0.8775370597839356,0.7003960291544596,0.7407780885696411,0.08292250633239746,0.8939242680867513,0.8758347034454346,0.6162411212921143,0.851447868347168,0.4326039254665375,0.3342357397079468,0.8760384241739909,0.5459325313568115,0.5941824913024902,0.9783141454060872,0.009778357110917568,0.2760759353637695,1.0,0.014237468130886555,0.5582958698272705,0.8908130009969075,0.0011339157354086637,0.3701031684875488,0.9608768463134766,0.0012559766182675958
pushup,0.5297074317932129,0.42279307047526044,0.9985288381576538,0.5858011722564698,0.3470677693684896,0.9929927587509155,0.47591476440429686,0.34018993377685547,0.9976412057876587,0.6447908878326416,0.2630896250406901,0.4162084460258484,0.37707014083862306,0.24348087310791017,0.8877812027931213,0.6908718109130859,0.397027842203776,0.9473366141319275,0.2685962677001953,0.4037169456481934,0.9644705653190613,0.8866168022155761,0.6137275695800781,0.7080418467521667,0.11251673698425294,0.647784169514974,0.7607319355010986,0.8747099876403809,0.7802502314249674,0.8245729207992554,0.14859488010406494,0.8735177357991536,0.8452187776565552,0.5884977817535401,0.8763160705566406,0.3048914670944214,0.33435678482055664,0.9001126607259115,0.31058329343795776,0.5758801460266113,0.9008649190266927,0.01142027135938406,0.3117447137832642,1.0,0.01216177549213171,0.5199461936950683,0.8541443506876628,0.0021384188439697027,0.4038865089416504,1.0,0.001815130584873259
pushup,0.5268240928649902,0.42637195587158205,0.9982184767723083,0.582718801498413,0.3505940755208333,0.9921525120735168,0.47192111015319826,0.3422771135965983,0.9969009160995483,0.6410935401916504,0.2781232198079427,0.5276694893836975,0.3762484312057495,0.25902929306030276,0.9038116931915283,0.7022363662719726,0.40594361623128256,0.968014657497406,0.2784868240356445,0.4344093958536784,0.9886533617973328,0.8699334144592286,0.631997553507487,0.7984920740127563,0.14121320247650146,0.7370183944702149,0.905444860458374,0.8728551864624023,0.7857506434122722,0.8263000249862671,0.13279829025268555,0.984219741821289,0.874653160572052,0.6219694137573242,0.8537805557250977,0.5281094312667847,0.3626290798187256,0.8749587376912434,0.5942853093147278,0.5909249782562256,0.9752460479736328,0.014702370390295982,0.29174175262451174,1.0,0.01840829849243164,0.5419448375701904,0.8907903671264649,0.0015841887798160315,0.36037354469299315,0.9670923868815104,0.0016279249684885144
pushup,0.5235846519470215,0.43005116780598956,0.9975206255912781,0.5808566570281982,0.3549956957499186,0.989267885684967,0.46953787803649905,0.3435532569885254,0.9959270358085632,0.6390349388122558,0.2915703773498535,0.5523367524147034,0.3752323627471924,0.26610679626464845,0.9000848531723022,0.7013581275939942,0.43016122182210287,0.9657803773880005,0.28870139122009275,0.4496781667073568,0.9898668527603149,0.8632478713989258,0.6574679056803385,0.734994649887085,0.17659502029418944,0.7504139582316081,0.9021344184875488,0.8545881271362304,0.790410868326823,0.76722252368927,0.1375802278518677,0.9867806116739909,0.8569684624671936,0.6201256275177002,0.8345756530761719,0.46617838740348816,0.3743991136550903,0.843745231628418,0.5684975981712341,0.5652283191680908,0.9645375569661458,0.018990537151694298,0.312890625,0.9834276835123698,0.026930686086416245,0.5088748455047607,0.8715314229329427,0.002408890053629875,0.393792724609375,0.908320426940918,0.002814576728269458
pushup,0.5286990642547608,0.43625977834065754,0.9980350136756897,0.584745979309082,0.3645398457845052,0.9901835322380066,0.47751359939575194,0.3538620630900065,0.9964780211448669,0.6388495445251465,0.30036258697509766,0.4428759813308716,0.38557775020599366,0.2725021044413249,0.887007474899292,0.6736199378967285,0.4332823117574056,0.9629663825035095,0.29677510261535645,0.447966480255127,0.9761359691619873,0.8373834609985351,0.7303841908772787,0.7703173756599426,0.20194075107574463,0.7851736704508464,0.8143873810768127,0.8886531829833985,0.9297007242838542,0.7587442994117737,0.17982940673828124,0.9874762217203776,0.7918100357055664,0.6066406726837158,0.8652100245157878,0.171109139919281,0.3779338836669922,0.891986592610677,0.1737535148859024,0.6366027355194092,0.834583854675293,0.006212984211742878,0.37880535125732423,0.9092465718587239,0.0067460727877914906,0.608797550201416,0.7812986373901367,0.0013961223885416985,0.47397675514221194,0.8964302698771159,0.00128921156283468
pushup,0.5255017757415772,0.4345642725626628,0.9972388744354248,0.5839881896972656,0.36107921600341797,0.9877932667732239,0.4738795757293701,0.3468019485473633,0.9949203133583069,0.6405079364776611,0.2964356740315755,0.4844108819961548,0.38046016693115237,0.2612581888834635,0.8776978850364685,0.6757916927337646,0.44808664321899416,0.9669396877288818,0.28844609260559084,0.4561549186706543,0.9782730340957642,0.8424707412719726,0.7238328297932942,0.7308533787727356,0.18942770957946778,0.7902449289957683,0.7745985984802246,0.889377212524414,0.8996541341145833,0.7491753101348877,0.17937350273132324,0.9940475463867188,0.7585914731025696,0.5801839828491211,0.8470844904581706,0.2107352912425995,0.35973830223083497,0.8628747940063477,0.21205051243305206,0.5382859706878662,0.882040278116862,0.010034182108938694,0.3633890628814697,0.9295576095581055,0.010390707291662693,0.462139368057251,0.795574696858724,0.0019977563060820103,0.4698195934295654,0.8742574055989584,0.0018051002407446504
pushup,0.5259352684020996,0.428190803527832,0.9981030225753784,0.5830771923065186,0.353421942392985,0.9916477203369141,0.47152204513549806,0.34489485422770183,0.9963345527648926,0.6413060188293457,0.28676191965738934,0.5425271987915039,0.3778045177459717,0.2666250546773275,0.8907942771911621,0.694729232788086,0.40433470408121747,0.9727843999862671,0.2900231838226318,0.4399672508239746,0.9886051416397095,0.8609183311462403,0.6473018010457356,0.8393423557281494,0.17551496028900146,0.7707024892171224,0.9089682698249817,0.872154426574707,0.793052609761556,0.8532382249832153,0.16313717365264893,1.0,0.870979905128479,0.6191673278808594,0.845121955871582,0.49141791462898254,0.36997644901275634,0.8706000645955404,0.5342056155204773,0.5916522979736328,0.9467952728271485,0.012774622067809105,0.3094019412994385,1.0,0.01483200490474701,0.5426075458526611,0.8651565551757813,0.0013459456386044621,0.3781144380569458,0.9566965103149414,0.0013132953317835927
pushup,0.5298453807830811,0.4218332290649414,0.9984732270240784,0.5855333805084229,0.34949862162272133,0.9924300312995911,0.47782325744628906,0.3424325625101725,0.9974925518035889,0.6438767910003662,0.277739683787028,0.4904075860977173,0.38366427421569826,0.25765902201334634,0.9012385606765747,0.693758773803711,0.4021939595540365,0.9643149971961975,0.2830525875091553,0.41352961858113607,0.9825941920280457,0.8757200241088867,0.6493858337402344,0.7774472832679749,0.1470586061477661,0.694424057006836,0.879023551940918,0.845623779296875,0.812605349222819,0.8353089094161987,0.1860645294189453,0.9151836395263672,0.8846641778945923,0.594345998764038,0.8651912689208985,0.44153305888175964,0.3414101839065552,0.8860905329386394,0.49315813183784485,0.5710171222686767,0.9139230728149415,0.013358402997255325,0.28882665634155275,1.0,0.016701525077223778,0.5063835144042969,0.8661371866861979,0.001852279994636774,0.3610482454299927,1.0,0.0017622479936107993
pushup,0.5346661567687988,0.40958032608032224,0.9986574649810791,0.5897476673126221,0.33582868576049807,0.9933750033378601,0.4828597068786621,0.3311807632446289,0.997863233089447,0.647998571395874,0.26735801696777345,0.47952374815940857,0.38899741172790525,0.25229724248250324,0.9151042699813843,0.6881076335906983,0.3839335759480794,0.9686794281005859,0.27559328079223633,0.4070002555847168,0.9808995723724365,0.8655909538269043,0.5620493570963542,0.8308022618293762,0.12733221054077148,0.6353179931640625,0.8690240383148193,0.865230941772461,0.7429515202840169,0.8651784658432007,0.17456588745117188,0.8275910059611002,0.886189341545105,0.5827553749084473,0.8633971532185872,0.5733485817909241,0.32358460426330565,0.893121846516927,0.5773745775222778,0.6208467483520508,0.906775156656901,0.015724049881100655,0.298038125038147,0.9960535685221354,0.01679033786058426,0.5919341087341309,0.8949956893920898,0.002094665542244911,0.37992424964904786,1.0,0.0018093721009790897
pushup,0.5432111740112304,0.4113726298014323,0.9979029893875122,0.598258113861084,0.33921273549397785,0.990635097026825,0.49009089469909667,0.33049151102701824,0.9972990155220032,0.6551506996154786,0.26489683787027996,0.46073684096336365,0.3923827648162842,0.24275957743326823,0.9326812624931335,0.7088624477386475,0.3867028554280599,0.949418306350708,0.2675132989883423,0.40632912317911785,0.9810333251953125,0.8767054557800293,0.5153976122538249,0.621347188949585,0.09197783470153809,0.6172383626302084,0.7952824234962463,0.878110122680664,0.6518553415934245,0.7358400225639343,0.13756916522979737,0.7999352773030599,0.8351243138313293,0.5926017761230469,0.8659921646118164,0.43383726477622986,0.33394923210144045,0.8834975560506185,0.4988130033016205,0.5374120235443115,0.9576988220214844,0.018983811140060425,0.29911854267120364,1.0,0.023474901914596558,0.4509727954864502,0.935354487101237,0.003008755389600992,0.4068737030029297,0.9864750544230143,0.002998301526531577
pushup,0.5492467403411865,0.4129958470662435,0.9972566962242126,0.6058635711669922,0.33850332895914714,0.9874491691589355,0.49434452056884765,0.3281109809875488,0.9973399043083191,0.6628320217132568,0.2655993143717448,0.37357956171035767,0.39211533069610593,0.2396447499593099,0.945275604724884,0.7130495071411133,0.391523806254069,0.9210922122001648,0.2642523288726807,0.4055161158243815,0.9737889170646667,0.8743510246276855,0.4562736829121908,0.43315282464027405,0.09562630653381347,0.5712408065795899,0.6857628226280212,0.8684030532836914,0.5352205276489258,0.5769933462142944,0.14818344116210938,0.7178511301676432,0.7605007886886597,0.5917304039001465,0.8652023951212565,0.3697609305381775,0.33342976570129396,0.8758106231689453,0.4492919147014618,0.531299352645874,0.9734293619791666,0.021967556327581406,0.31585168838500977,0.9857851028442383,0.028991123661398888,0.44783620834350585,0.9530262629191081,0.004563855938613415,0.4463653087615967,0.9618765513102213,0.004833931569010019
pushup,0.5555379867553711,0.41921780904134115,0.9983078241348267,0.6133293628692627,0.3345672607421875,0.9905468225479126,0.49384160041809083,0.32725661595662436,0.9984790682792664,0.6780831336975097,0.2549000104268392,0.3535192608833313,0.39071831703186033,0.2367198626200358,0.9595654010772705,0.7272617816925049,0.41875766118367513,0.9110976457595825,0.26885988712310793,0.39887199401855467,0.9903578162193298,0.8518024444580078,0.5116854667663574,0.4471313953399658,0.04945192337036133,0.5572199503580729,0.8960047364234924,0.8685108184814453,0.5282820065816244,0.6021831631660461,0.05095858573913574,0.8112565358479817,0.8983576893806458,0.6106717109680175,0.8524065653483073,0.5381501913070679,0.34143872261047364,0.8488710403442383,0.7365840673446655,0.5600889205932618,1.0,0.0319535993039608,0.2836925983428955,1.0,0.06662129610776901,0.5244414329528808,0.9632065455118816,0.00452313432469964,0.3625954627990723,0.9625564575195312,0.0067711491137743
pushup,0.5579177856445312,0.4140912055969238,0.998018741607666,0.6167132377624511,0.33162641525268555,0.9902620911598206,0.4989753246307373,0.3202727635701497,0.9982662796974182,0.6794544696807862,0.2563028653462728,0.34263354539871216,0.39600071907043455,0.22673708597819012,0.9552274942398071,0.7241487026214599,0.42502190272013346,0.886215090751648,0.2707789897918701,0.3923819859822591,0.9875271916389465,0.841462230682373,0.5252374649047852,0.38365644216537476,0.05276792049407959,0.5239110946655273,0.8675679564476013,0.8644664764404297,0.5880252838134765,0.5403454899787903,0.05534377098083496,0.7104602177937825,0.8875747323036194,0.6223821640014648,0.8569488525390625,0.553972601890564,0.35567145347595214,0.849707285563151,0.7500278353691101,0.5718791484832764,1.0,0.04020679369568825,0.28620023727416993,1.0,0.08330108225345612,0.5404266357421875,0.9760579427083333,0.006546849384903908,0.3678262233734131,0.9692952473958333,0.009920425713062286
pushup,0.5594007492065429,0.40458253224690754,0.9984269142150879,0.618380069732666,0.3219955762227376,0.9909732341766357,0.5005860328674316,0.30900980631510416,0.9984816908836365,0.6791586875915527,0.2415538787841797,0.2749614119529724,0.3930680274963379,0.20823790232340494,0.9517197012901306,0.7142241477966309,0.40131003061930337,0.896073579788208,0.27057461738586425,0.37154560089111327,0.9859747290611267,0.8460086822509766,0.4967397054036458,0.4922822117805481,0.059351539611816405,0.4892368952433268,0.8842024207115173,0.8865997314453125,0.6408077239990234,0.6685975790023804,0.044731426239013675,0.6954718907674153,0.9197250604629517,0.6118558883666992,0.8484319051106771,0.6171274781227112,0.3489090919494629,0.8450400034586588,0.7729569673538208,0.5812089920043946,1.0,0.04279894381761551,0.2872725248336792,1.0,0.08064527809619904,0.5437861442565918,0.9519156138102214,0.006515850313007832,0.3490924596786499,0.9657549540201823,0.00903299916535616
pushup,0.5626388549804687,0.3913217544555664,0.9986419081687927,0.617289686203003,0.31428826649983727,0.9921392798423767,0.5069746971130371,0.30562960306803383,0.9973702430725098,0.6712770462036133,0.22694085439046224,0.3166213631629944,0.39677064418792723,0.20314833323160808,0.9120440483093262,0.6994647026062012,0.33756033579508465,0.9785681366920471,0.2663048267364502,0.3390125910441081,0.9764358401298523,0.8474724769592286,0.38319466908772787,0.907850444316864,0.08874263763427734,0.42493851979573566,0.8294503688812256,0.8911776542663574,0.6125807444254557,0.9492737650871277,0.13639695644378663,0.6207346598307292,0.9291805624961853,0.5805645942687988,0.8346776962280273,0.8968594670295715,0.3214010715484619,0.8495358149210612,0.8598157167434692,0.5639838695526123,0.958729616800944,0.14161759614944458,0.28887908458709716,0.994687016805013,0.09976151585578918,0.5293869495391845,0.9669040679931641,0.018050212413072586,0.3842316627502441,0.9987254460652669,0.011872880160808563
pushup,0.5618937492370606,0.3902019500732422,0.9988798499107361,0.6168436527252197,0.3133819580078125,0.9924909472465515,0.5043118000030518,0.3045642852783203,0.9986104965209961,0.677386474609375,0.22564980189005535,0.28470078110694885,0.39882032871246337,0.20012736320495605,0.9414648413658142,0.7139073371887207,0.3483478864034017,0.9511680603027344,0.2850943565368652,0.29369548161824544,0.9897065162658691,0.8537635803222656,0.43130629857381186,0.7674620151519775,0.06745562553405762,0.3452254931131999,0.9401999711990356,0.8673788070678711,0.5247415224711101,0.8680663704872131,0.05315485000610352,0.5790332794189453,0.9591105580329895,0.6131174564361572,0.8708487192789713,0.8690091371536255,0.3483432769775391,0.8586827596028646,0.9191834926605225,0.60116548538208,1.0,0.04623807966709137,0.29360313415527345,1.0,0.07202814519405365,0.6062252998352051,1.0,0.0047774892300367355,0.38295104503631594,0.9961180369059245,0.005959958303719759
pushup,0.56570463180542,0.3868968963623047,0.9988628625869751,0.6190182209014893,0.3108060836791992,0.9919400811195374,0.5077762603759766,0.30310967763264973,0.9985076785087585,0.6768942832946777,0.22435879707336426,0.2416384369134903,0.39831252098083497,0.20103198687235516,0.9355918169021606,0.7084853649139404,0.33562335968017576,0.9572655558586121,0.29016928672790526,0.283197021484375,0.9880552887916565,0.8525619506835938,0.40565420786539713,0.8229439854621887,0.07172870635986328,0.31720879872639973,0.9371026158332825,0.8650516510009766,0.5074540456136067,0.9065127372741699,0.053967857360839845,0.5494905471801758,0.9639899730682373,0.6133110046386718,0.8600902557373047,0.9095192551612854,0.3532406330108643,0.8495805740356446,0.9365361928939819,0.5972677230834961,1.0,0.07121734321117401,0.2958378791809082,1.0,0.09437979757785797,0.599458885192871,1.0,0.007037202827632427,0.3748318672180176,1.0,0.007773957215249538
pushup,0.565561580657959,0.3842496871948242,0.9988560676574707,0.61923189163208,0.30775012969970705,0.9904035329818726,0.5074833869934082,0.2995623588562012,0.9986188411712646,0.6769800662994385,0.2237295945485433,0.20329324901103973,0.3982729434967041,0.19943345387776693,0.9400798678398132,0.7049474716186523,0.3347861607869466,0.9504823088645935,0.3013000965118408,0.2782258987426758,0.9900524020195007,0.8553587913513183,0.392739741007487,0.8048400282859802,0.09473891258239746,0.2957889556884766,0.9573051929473877,0.8717315673828125,0.4781929016113281,0.9056841731071472,0.0552574634552002,0.5270356178283692,0.9750027656555176,0.6112405776977539,0.8512444814046224,0.9234466552734375,0.3590128421783447,0.8370890935262044,0.9556982517242432,0.599752950668335,1.0,0.0875612124800682,0.3029994249343872,1.0,0.1399509757757187,0.6039493560791016,0.9940120697021484,0.0088396230712533,0.36820192337036134,0.9950634002685547,0.011294216848909855
pushup,0.5645648002624511,0.37875919342041015,0.9987791180610657,0.6168252944946289,0.30122448603312174,0.9902514219284058,0.5050168991088867,0.2959201176961263,0.998489260673523,0.6740729808807373,0.21732001304626464,0.193315789103508,0.39339635372161863,0.19970328013102215,0.9365155696868896,0.7022203922271728,0.32505706151326497,0.9525086879730225,0.29698824882507324,0.2780506134033203,0.9882451295852661,0.8490520477294922,0.3857280413309733,0.8198869228363037,0.08472268581390381,0.3052683194478353,0.9463573694229126,0.8645801544189453,0.4805611610412598,0.9096870422363281,0.05938363075256348,0.5450958887736003,0.9698718786239624,0.6155195236206055,0.8419714609781901,0.9244875907897949,0.36147112846374513,0.8341273625691732,0.950691282749176,0.6011361598968505,1.0,0.09185009449720383,0.3044224739074707,1.0,0.12847456336021423,0.6075457572937012,0.9805265426635742,0.009507858194410801,0.37115581035614015,0.9886310577392579,0.01087352354079485
pushup,0.5601316452026367,0.3831579844156901,0.998788058757782,0.6137277126312256,0.304312006632487,0.9915300607681274,0.5004854202270508,0.2984538396199544,0.9984221458435059,0.6734359264373779,0.2158240000406901,0.23603522777557373,0.3918950319290161,0.19752998352050782,0.9287986159324646,0.7029104232788086,0.3286518732706706,0.9499846696853638,0.29127793312072753,0.28222773869832357,0.9868757724761963,0.8431646347045898,0.3880144119262695,0.8170415163040161,0.07953062057495117,0.31252212524414064,0.9410193562507629,0.8621273040771484,0.4936896006266276,0.9089356660842896,0.06298298835754394,0.5592844645182292,0.9670810699462891,0.609231424331665,0.8482685089111328,0.9156687259674072,0.3519887924194336,0.8406993865966796,0.9432332515716553,0.6020400047302246,1.0,0.07383845001459122,0.2960344791412354,1.0,0.10260967910289764,0.6092375755310059,0.999452781677246,0.007151511963456869,0.3611316204071045,1.0,0.008128102868795395
pushup,0.5578014373779296,0.3866703987121582,0.9987931251525879,0.6119681358337402,0.30758193333943684,0.9922783374786377,0.4977086544036865,0.3043796539306641,0.9984902143478394,0.6744011402130127,0.218263308207194,0.3057382106781006,0.3926372766494751,0.2055208683013916,0.9409083127975464,0.7110452651977539,0.3325990041097005,0.9580947160720825,0.2819368839263916,0.2885973612467448,0.9902933835983276,0.8444934844970703,0.41049353281656903,0.810735285282135,0.06336770057678223,0.3334341049194336,0.9457978010177612,0.8617445945739746,0.5084454218546549,0.8931148648262024,0.0639559268951416,0.557934061686198,0.9643820524215698,0.6073785305023194,0.8514030456542969,0.914313793182373,0.3414012908935547,0.8457852681477864,0.9451844096183777,0.6019717216491699,1.0,0.06788718700408936,0.2966583251953125,1.0,0.09980419278144836,0.620402479171753,1.0,0.006149613298475742,0.38910861015319825,1.0,0.007361385505646467
pushup,0.5569602966308593,0.39307470321655275,0.9986878037452698,0.6096952438354493,0.31263354619344075,0.9911943674087524,0.4958223342895508,0.3104497273763021,0.9986304044723511,0.669945240020752,0.22266553243001302,0.2612784802913666,0.38925769329071047,0.2141148885091146,0.9510722756385803,0.716454029083252,0.3414140701293945,0.9321961998939514,0.2802330732345581,0.31621920267740883,0.9902012944221497,0.8454102516174317,0.42098636627197267,0.6601916551589966,0.06575620174407959,0.38583532969156903,0.9376137256622314,0.8779800415039063,0.5375106175740559,0.8040084838867188,0.04118690490722656,0.594227155049642,0.9564629793167114,0.6188627719879151,0.8418673197428386,0.8480448722839355,0.3528530359268188,0.8394513448079427,0.9214535355567932,0.5890793800354004,0.9899628957112631,0.09023970365524292,0.28319640159606935,0.9884426116943359,0.1595538705587387,0.5884984016418457,0.9837711970011394,0.013141538947820663,0.36281814575195315,0.9759796142578125,0.018323855474591255
pushup,0.5564297676086426,0.3916816711425781,0.9985792636871338,0.6103251934051513,0.31388400395711263,0.9918177127838135,0.49903120994567873,0.30880702336629234,0.9974774718284607,0.6637702465057373,0.23130791982014973,0.3132384419441223,0.38774681091308594,0.2171138127644857,0.9222944974899292,0.6950274467468261,0.32967694600423175,0.9778769612312317,0.262503457069397,0.3583072026570638,0.9774252772331238,0.8424566268920899,0.39266173044840497,0.8934762477874756,0.09111609458923339,0.49174474080403646,0.8187849521636963,0.8919314384460449,0.6362023035685221,0.928759753704071,0.13274741172790527,0.6914060592651368,0.903346836566925,0.5836781024932861,0.8383831024169922,0.8643702864646912,0.32172043323516847,0.8652168909708658,0.8215970993041992,0.5756847858428955,0.9485239664713542,0.10716894268989563,0.2946906566619873,0.9948228200276693,0.07534412294626236,0.5413851737976074,0.9638299306233724,0.014972303993999958,0.39355006217956545,0.9958508809407552,0.009912579320371151
pushup,0.5521075248718261,0.391322390238444,0.9983274340629578,0.6111732959747315,0.30481491088867185,0.9912125468254089,0.48898587226867674,0.2980482737223307,0.9984606504440308,0.6742743492126465,0.22122859954833984,0.2976364493370056,0.3791291952133179,0.20382871627807617,0.9517545104026794,0.7210354804992676,0.37127698262532555,0.8920868039131165,0.2592612743377686,0.37032241821289064,0.9852085113525391,0.8530641555786133,0.4856740951538086,0.4405266344547272,0.04619202613830566,0.5335293451944987,0.8568505644798279,0.891115951538086,0.6213894526163737,0.5897697806358337,0.02768387794494629,0.7326056162516276,0.8829585909843445,0.6196449279785157,0.8379896799723308,0.5748394131660461,0.3455561637878418,0.8459007263183593,0.7403503656387329,0.5762951850891114,1.0,0.03915667161345482,0.28133392333984375,1.0,0.07171384990215302,0.5417485237121582,0.9621773401896159,0.006055845879018307,0.3566633701324463,0.9797593434651692,0.008185896091163158
pushup,0.5506607055664062,0.3846782048543294,0.9983238577842712,0.6063966751098633,0.30406036376953127,0.9925228953361511,0.49271392822265625,0.29872061411539713,0.9971399307250977,0.6639567375183105,0.21812426249186198,0.40026330947875977,0.384141206741333,0.2021032969156901,0.9120793342590332,0.7125626564025879,0.3479763666788737,0.9723641872406006,0.25154244899749756,0.36797294616699217,0.9720063209533691,0.8798871040344238,0.4854649861653646,0.8227536082267761,0.09064373970031739,0.5465176900227865,0.7354211807250977,0.8981621742248536,0.7017166137695312,0.8825855851173401,0.18058886528015136,0.6159536997477214,0.8678514361381531,0.5966899871826172,0.8608465194702148,0.725308895111084,0.3208765983581543,0.8835751851399739,0.6639008522033691,0.5736382484436036,0.9674874623616536,0.04596014320850372,0.2886392116546631,1.0,0.034987807273864746,0.5143099308013916,0.954226303100586,0.006276956759393215,0.401415491104126,0.9960110982259115,0.004402302671223879
pushup,0.5496440887451172,0.38885453542073567,0.9977391958236694,0.6055683612823486,0.30397421518961587,0.9902774095535278,0.48894271850585935,0.30095497767130536,0.9969929456710815,0.6651469707489014,0.22062527338663737,0.38322800397872925,0.3816582679748535,0.21154677073160807,0.9157798290252686,0.7230412006378174,0.37748149236043294,0.9430164098739624,0.26113965511322024,0.4001928329467773,0.9631233811378479,0.8919098854064942,0.49914461771647134,0.587236762046814,0.10224964618682861,0.5913194020589193,0.62105792760849,0.895502758026123,0.5710748672485352,0.7511599659919739,0.164780330657959,0.6586618423461914,0.791676938533783,0.6073247909545898,0.8711515426635742,0.4244076907634735,0.3400550842285156,0.8886908849080404,0.4226439297199249,0.5415030479431152,0.976026980082194,0.026310672983527184,0.30689592361450196,1.0,0.02526075765490532,0.4800774574279785,0.9446930567423503,0.004410894121974707,0.43105525970458985,0.9792475382486979,0.0036888059694319963
pushup,0.5457884788513183,0.3943063735961914,0.9985249638557434,0.6003620147705078,0.3130319595336914,0.9925661087036133,0.48662939071655276,0.3120916684468587,0.9980319142341614,0.6606970310211182,0.2331681251525879,0.39580753445625305,0.3826430082321167,0.22797689437866211,0.9295598864555359,0.7111976623535157,0.3702030817667643,0.9553812146186829,0.26174747943878174,0.38541469573974607,0.9762276411056519,0.8776668548583985,0.5244940439860026,0.7075692415237427,0.08952317237854004,0.5764544804890951,0.787726104259491,0.8748151779174804,0.6470382690429688,0.8088222742080688,0.14594552516937256,0.711224365234375,0.861096203327179,0.5960442066192627,0.8747854232788086,0.49651554226875305,0.3236084938049316,0.8963264465332031,0.5165270566940308,0.5938488006591797,0.9411165873209636,0.015914874151349068,0.30281691551208495,0.9946392059326172,0.01691361330449581,0.5612184047698975,0.9292577743530274,0.0023477717768400908,0.4139278411865234,0.986871846516927,0.002075562020763755
pushup,0.5438634395599365,0.4027208646138509,0.9984885454177856,0.599422550201416,0.31922035217285155,0.9919854402542114,0.48235397338867186,0.3176527659098307,0.998335063457489,0.6621639728546143,0.23799289067586263,0.394410103559494,0.37778141498565676,0.23315067291259767,0.951852023601532,0.7242110729217529,0.3815395991007487,0.9363821148872375,0.25836710929870604,0.4056672732035319,0.9901954531669617,0.8858636856079102,0.5483174006144206,0.5968818664550781,0.05563585758209229,0.6499404907226562,0.9021674394607544,0.8967746734619141,0.66981627146403,0.695244312286377,0.07997751235961914,0.89844970703125,0.8898290395736694,0.6296433925628662,0.8545406341552735,0.41792407631874084,0.34850449562072755,0.8774576822916667,0.5773659944534302,0.5949084281921386,0.9867216746012369,0.00932953879237175,0.2886241912841797,1.0,0.016069335862994194,0.560516357421875,0.8966754913330078,0.0010856909211724997,0.38185853958129884,0.9533985137939454,0.0013516079634428024
pushup,0.5464163780212402,0.403451410929362,0.9987170696258545,0.5999832153320312,0.3242201805114746,0.9922940731048584,0.49007358551025393,0.3239346822102865,0.9980280995368958,0.6566647529602051,0.24544843037923178,0.35095518827438354,0.3885927438735962,0.24080915451049806,0.916628360748291,0.6933155059814453,0.3800030708312988,0.96079421043396,0.27632715702056887,0.401892884572347,0.9757973551750183,0.8530657768249512,0.605280876159668,0.7654168605804443,0.1341536283493042,0.6561818440755208,0.802142858505249,0.8485794067382812,0.7901876449584961,0.8110812902450562,0.16631133556365968,0.8322583516438802,0.8390188813209534,0.5774313926696777,0.887048848470052,0.3808196187019348,0.32074565887451173,0.9150932312011719,0.3804033696651459,0.5884253978729248,0.9024293263753255,0.010609258897602558,0.3033433437347412,0.9848604838053385,0.010516589507460594,0.5649273872375489,0.8969195048014323,0.0018099670996889472,0.4082790374755859,1.0,0.0014761157799512148
pushup,0.5480778217315674,0.408346430460612,0.998769223690033,0.6018214225769043,0.32956244150797526,0.9912635087966919,0.4917231559753418,0.32848310470581055,0.9981310963630676,0.6576010227203369,0.24999446868896485,0.29567545652389526,0.3915395736694336,0.2428882598876953,0.9213001132011414,0.6858386516571044,0.38533080418904625,0.9625587463378906,0.289341139793396,0.39825299580891926,0.9806174039840698,0.8391716003417968,0.643810780843099,0.7724326252937317,0.1633011817932129,0.6807872772216796,0.8493945598602295,0.8556053161621093,0.7798175811767578,0.8202968239784241,0.1851126194000244,0.8566118876139323,0.866845965385437,0.573313045501709,0.8792435963948567,0.44579023122787476,0.329082727432251,0.9052446365356446,0.4711722731590271,0.5777997970581055,0.9110785166422526,0.015653623268008232,0.312748384475708,0.9997501373291016,0.017508458346128464,0.5603925704956054,0.8926083246866862,0.0025356081314384937,0.4053135871887207,1.0,0.0022226739674806595
pushup,0.5502227783203125,0.4160582224527995,0.9982045888900757,0.604647159576416,0.33862743377685545,0.9892127513885498,0.4939451217651367,0.33210201263427735,0.9972391128540039,0.6582691192626953,0.26298678716023766,0.37972643971443176,0.39270544052124023,0.24833459854125978,0.9309700727462769,0.7055146217346191,0.3898778915405273,0.9714578986167908,0.28870720863342286,0.42473341623942057,0.9913907051086426,0.8502952575683593,0.6489681243896485,0.8014721870422363,0.16232807636260987,0.7589704513549804,0.9134016633033752,0.8715205192565918,0.8436756134033203,0.7911555171012878,0.12412068843841553,1.0,0.8607175350189209,0.6029608249664307,0.833641242980957,0.5536219477653503,0.3508312702178955,0.8565532684326171,0.6202149391174316,0.5760705947875977,0.9767750422159831,0.01849455013871193,0.3042999267578125,1.0,0.022881826385855675,0.5350881576538086,0.8986286163330078,0.0019447883823886514,0.381961727142334,0.9544967651367188,0.001982970628887415
pushup,0.5536451816558838,0.4126029332478841,0.9981992840766907,0.6074737071990967,0.3356759071350098,0.987797200679779,0.498185920715332,0.33209193547566734,0.9972795844078064,0.6611974716186524,0.2660653114318848,0.3523520529270172,0.4003176212310791,0.25421759287516277,0.9295921325683594,0.6934900760650635,0.4095741907755534,0.9693177938461304,0.30343286991119384,0.41761948267618815,0.9877311587333679,0.8330418586730957,0.7099262237548828,0.781682014465332,0.1915262222290039,0.7386680603027344,0.8937146663665771,0.8781608581542969,0.9289491017659505,0.7638184428215027,0.18738093376159667,0.9647787729899089,0.8535369634628296,0.5736285209655761,0.8342962900797526,0.44381436705589294,0.3371716499328613,0.8503291447957356,0.5053030848503113,0.5451258659362793,0.9249045054117838,0.017900319769978523,0.30026113986968994,0.9825434366861979,0.02235555090010166,0.5163558006286622,0.8459463755289713,0.0025953229051083326,0.37659378051757814,0.9285021464029948,0.0025325044989585876
pushup,0.5584043979644775,0.40825681686401366,0.9981100559234619,0.6146306037902832,0.3311320940653483,0.9876388311386108,0.5042660713195801,0.3237929344177246,0.9970794916152954,0.6676348209381103,0.2678852399190267,0.36159321665763855,0.4064937591552734,0.24710553487141926,0.9336146712303162,0.6893044948577881,0.4124012311299642,0.9722267985343933,0.30364289283752444,0.4287435531616211,0.9891534447669983,0.8189996719360352,0.6879801432291667,0.8107844591140747,0.19345998764038086,0.7553993225097656,0.9003170728683472,0.8823720932006835,0.9258653004964192,0.7808709740638733,0.19486706256866454,0.981131108601888,0.8546926379203796,0.5709818840026856,0.825247319539388,0.5201175808906555,0.3375087261199951,0.845887819925944,0.5685165524482727,0.5501502513885498,0.9280197779337566,0.023409312590956688,0.29975161552429197,0.985201644897461,0.02769131027162075,0.5158351421356201,0.8504661560058594,0.003234117990359664,0.36946792602539064,0.9291123708089193,0.003049164079129696
pushup,0.5664307117462158,0.4001925468444824,0.9981539845466614,0.6245113849639893,0.32682758967081704,0.9871875047683716,0.5136864662170411,0.31501197814941406,0.9974697828292847,0.6785821437835693,0.2672772725423177,0.3828141391277313,0.41564297676086426,0.23606869379679363,0.9492098689079285,0.7036270141601563,0.4090096155802409,0.9740395545959473,0.30404272079467776,0.40806668599446616,0.9935905933380127,0.8358602523803711,0.689556376139323,0.798048734664917,0.17541401386260985,0.733791732788086,0.9410673975944519,0.8552759170532227,0.8801138559977214,0.7997879385948181,0.20027565956115723,0.9755106608072917,0.9075437188148499,0.575237226486206,0.8238597234090169,0.661080539226532,0.33332138061523436,0.8360177357991536,0.751714289188385,0.5386427879333496,0.9541229248046875,0.037764184176921844,0.29085352420806887,1.0,0.05620209127664566,0.4709136486053467,0.8697058359781901,0.004438688978552818,0.35253381729125977,0.9607162475585938,0.0048685078509151936
pushup,0.5775243759155273,0.3926859855651855,0.9979521632194519,0.6357310295104981,0.3191897710164388,0.9871156215667725,0.5238351821899414,0.30821800231933594,0.9975546002388,0.6924163818359375,0.2618678092956543,0.38787999749183655,0.4254448890686035,0.23229398727416992,0.9546175599098206,0.7176758766174316,0.413035519917806,0.9631543159484863,0.3022193431854248,0.40258057912190753,0.9925324320793152,0.8377095222473144,0.6966298421223959,0.7082446217536926,0.14895365238189698,0.7249861399332682,0.9230120778083801,0.8340336799621582,0.8686658223470052,0.7270683646202087,0.21050474643707276,0.9640021006266276,0.887280285358429,0.5769958019256591,0.8357659657796224,0.48163753747940063,0.32528295516967776,0.8447460810343425,0.6089208126068115,0.541630744934082,0.9423974355061849,0.017921607941389084,0.2914991617202759,0.9933155695597331,0.028536945581436157,0.4624544620513916,0.8579741795857747,0.0023696948774158955,0.36321263313293456,0.9359617869059245,0.0026855182368308306
pushup,0.5959476470947266,0.38096017837524415,0.9982631802558899,0.6555305480957031,0.3083455721537272,0.9882692098617554,0.5434541225433349,0.29081617991129555,0.997837483882904,0.7109306812286377,0.247138245900472,0.3701421618461609,0.4401091575622559,0.20390294392903646,0.9584704637527466,0.7351540565490723,0.40239814122517903,0.9659597277641296,0.3055245399475098,0.38589261372884115,0.9943848848342896,0.8572463035583496,0.6462571461995442,0.728752076625824,0.1300067901611328,0.67443421681722,0.9419200420379639,0.8354941368103027,0.8759416580200196,0.7837533950805664,0.18461332321166993,0.9253557840983073,0.9298254251480103,0.5835790157318115,0.8428290685017904,0.6152191162109375,0.3280871629714966,0.8446521759033203,0.7424906492233276,0.5269204616546631,0.9589806238810221,0.03125860169529915,0.28286027908325195,0.9971144994099935,0.0522712841629982,0.3969046354293823,0.8842217127482096,0.003933458123356104,0.33558623790740966,0.9469668706258138,0.004622189328074455
pushup,0.616180419921875,0.3661378542582194,0.9987014532089233,0.6713580131530762,0.29376389185587565,0.9901973009109497,0.563887357711792,0.2807796796162923,0.9983615279197693,0.7235285758972168,0.23301753997802735,0.3097613751888275,0.4599125385284424,0.19751335779825846,0.9671713709831238,0.7444573402404785,0.39232606887817384,0.9768277406692505,0.31150715351104735,0.3640748023986816,0.9939000606536865,0.8595120429992675,0.6346837361653646,0.7840957641601562,0.12592313289642335,0.630548095703125,0.9209824204444885,0.8771013259887696,0.8339769999186198,0.7665793895721436,0.195204496383667,0.83582763671875,0.8989987969398499,0.5869793891906738,0.866995366414388,0.6568111181259155,0.32641148567199707,0.868353271484375,0.7242928743362427,0.5613564014434814,0.9665184656778971,0.022686585783958435,0.2969168186187744,0.9920611063639323,0.030347224324941635,0.4756288528442383,0.9549846013387044,0.0024641999043524265,0.3743641138076782,0.9864608764648437,0.002486810088157654
pushup,0.639437198638916,0.35722166697184243,0.9988844990730286,0.6954625129699707,0.2817632039388021,0.991637647151947,0.5856770515441895,0.26919371287027993,0.9984279870986938,0.7488127708435058,0.22039566040039063,0.31288132071495056,0.47908811569213866,0.1855366071065267,0.966045081615448,0.7558343887329102,0.3881647745768229,0.9824886322021484,0.3195209503173828,0.3444694519042969,0.9937337040901184,0.848094367980957,0.6067284266153972,0.8720771670341492,0.10403966903686523,0.5667721430460612,0.9285086989402771,0.8812827110290528,0.8397628784179687,0.8559638261795044,0.1687182903289795,0.814358901977539,0.9208484292030334,0.5750895023345948,0.8563213348388672,0.8053138256072998,0.3098625183105469,0.8529943466186524,0.82256680727005,0.5753534317016602,0.9766557057698567,0.03998596593737602,0.2871901273727417,0.9934647878011068,0.04361880570650101,0.5068428039550781,0.9699147542317709,0.0036213824059814215,0.34687778949737547,0.9881340026855469,0.0031763433944433928
pushup,0.6532717704772949,0.349030590057373,0.9989674091339111,0.7065765857696533,0.2757854461669922,0.9916881918907166,0.6017139434814454,0.26305999755859377,0.998539924621582,0.7570841789245606,0.21758886973063152,0.2974946200847626,0.49520225524902345,0.18232860565185546,0.9663872718811035,0.7601029396057128,0.3896423657735189,0.9847418069839478,0.33619017601013185,0.3303613026936849,0.9940933585166931,0.8573801994323731,0.5708762486775716,0.8988252282142639,0.10395534038543701,0.4874886512756348,0.9406081438064575,0.8757980346679688,0.808596674601237,0.8956388235092163,0.1450394868850708,0.7405591328938802,0.9436041712760925,0.5631861686706543,0.8480152765909831,0.9053335785865784,0.3039048194885254,0.8340081532796224,0.9128118753433228,0.564399003982544,0.9926397323608398,0.08509316295385361,0.2731243848800659,0.9982461929321289,0.09070950746536255,0.4941533088684082,0.9727718989054362,0.007310888729989529,0.3072652816772461,0.979351552327474,0.006315447855740786
pushup,0.6570279598236084,0.3486448287963867,0.9986218214035034,0.7088334083557128,0.2761605580647786,0.9889723658561707,0.6057583808898925,0.26137935320536293,0.9983568787574768,0.7609157562255859,0.22137916882832845,0.22814668715000153,0.5030158519744873,0.18011449178059896,0.9617714285850525,0.7783379554748535,0.43529316584269206,0.9764053821563721,0.35336472988128664,0.31068922678629557,0.993621289730072,0.8731890678405761,0.6610687255859375,0.8106061220169067,0.10995275974273681,0.44529361724853517,0.9430070519447327,0.8831421852111816,0.7028456370035807,0.8311362266540527,0.13647089004516602,0.783648935953776,0.9287669062614441,0.5995291233062744,0.9242404937744141,0.8783532977104187,0.335029149055481,0.8832305272420248,0.9126308560371399,0.6024483680725098,1.0,0.04147309437394142,0.29477686882019044,1.0,0.059301089495420456,0.6044939041137696,1.0,0.0037838860880583525,0.3491330146789551,0.9910710016886394,0.004280297085642815
pushup,0.6542710304260254,0.3396405855814616,0.9988799691200256,0.7080165863037109,0.2681217829386393,0.9917001128196716,0.6039223194122314,0.2527797063191732,0.9982759952545166,0.7618592262268067,0.21373337109883625,0.28261101245880127,0.5031140804290771,0.1696163813273112,0.94981449842453,0.7640590667724609,0.41298751831054686,0.9846817255020142,0.3631094694137573,0.28808701833089195,0.9934815168380737,0.8636552810668945,0.6126025517781576,0.9042692184448242,0.12130317687988282,0.39822842280069987,0.9477773904800415,0.89476318359375,0.6754753112792968,0.9185092449188232,0.13361973762512208,0.7393699010213216,0.9472244381904602,0.580260944366455,0.9036515553792318,0.939307451248169,0.3301649570465088,0.863147481282552,0.945112943649292,0.5749183654785156,1.0,0.0833713635802269,0.290250825881958,1.0,0.09352201223373413,0.5732636451721191,1.0,0.0067148394882678986,0.3339515686035156,0.9964035034179688,0.006367790512740612
pushup,0.6439191818237304,0.33621940612792967,0.9986398816108704,0.7037986755371094,0.27218376795450844,0.9908199906349182,0.5982230186462403,0.2483385721842448,0.9977153539657593,0.7545993328094482,0.2285119374593099,0.3982911705970764,0.4993088722229004,0.16682929992675782,0.946300208568573,0.7346221923828125,0.3637912114461263,0.9867130517959595,0.3579424858093262,0.29807748794555666,0.995323121547699,0.8245794296264648,0.4691559473673503,0.9487299919128418,0.13727421760559083,0.41136789321899414,0.9673557281494141,0.8783655166625977,0.6178428014119466,0.9471505284309387,0.09808287620544434,0.6210269292195638,0.9679315686225891,0.5679870128631592,0.7938274383544922,0.9728050827980042,0.3329214334487915,0.7739311218261719,0.9752909541130066,0.5801642417907715,1.0,0.2909906804561615,0.2887899398803711,0.9986825307210286,0.29843640327453613,0.5375378131866455,0.9236481984456381,0.022770490497350693,0.307612681388855,0.9258901596069335,0.020003391429781914
pushup,0.6336763858795166,0.32787532806396485,0.9986106157302856,0.694181489944458,0.2639708201090495,0.9911178946495056,0.5864043235778809,0.24059569040934245,0.9972994923591614,0.7443815231323242,0.22529888153076172,0.42937934398651123,0.48447675704956056,0.16479304631551106,0.9321616291999817,0.7285970687866211,0.3479738235473633,0.9899722337722778,0.35550665855407715,0.28664569854736327,0.9942264556884766,0.8361650466918945,0.4424400965372721,0.9636015295982361,0.14812285900115968,0.3928626696268717,0.959843635559082,0.8942184448242188,0.5600239435831705,0.9593688249588013,0.09648680686950684,0.5799122492472331,0.9625100493431091,0.5740478992462158,0.78739013671875,0.976525604724884,0.34005227088928225,0.7672957102457683,0.973770797252655,0.5727620601654053,1.0,0.3050406575202942,0.289628267288208,1.0,0.2681896388530731,0.5308205604553222,0.9326513926188151,0.020637905225157738,0.3098501920700073,0.9336581548055013,0.015766259282827377
pushup,0.6188174247741699,0.3263980865478516,0.9985935091972351,0.6818260669708252,0.2588359832763672,0.9917253255844116,0.5695865631103516,0.2360582987467448,0.9972872734069824,0.7356038570404053,0.22198673884073894,0.46702417731285095,0.46833553314208987,0.1628935178120931,0.923391580581665,0.7212657928466797,0.3548065821329753,0.987089216709137,0.3510929346084595,0.2941809336344401,0.9939547181129456,0.8293899536132813,0.45286382039388023,0.9503782987594604,0.14752490520477296,0.38478180567423503,0.9600651860237122,0.8842414855957031,0.5766239802042643,0.9497430324554443,0.08464946746826171,0.5450302759806315,0.9626230001449585,0.5776895523071289,0.7941902796427409,0.9720728993415833,0.34639883041381836,0.7749703089396159,0.9727981686592102,0.5682090282440185,1.0,0.29003438353538513,0.290219783782959,1.0,0.2802673876285553,0.5254156112670898,0.9291279474894206,0.02126796916127205,0.30748763084411623,0.941277821858724,0.017765240743756294
pushup,0.6128913879394531,0.32194719314575193,0.9990512728691101,0.6671482563018799,0.2550519466400146,0.9951010346412659,0.5627375602722168,0.24240681330362956,0.9980500936508179,0.7268410205841065,0.19977356592814127,0.5391283631324768,0.46999874114990237,0.16210835774739582,0.9220679402351379,0.7487881660461426,0.3377362887064616,0.9894466400146484,0.35732479095458985,0.23911900520324708,0.9952126741409302,0.8763992309570312,0.4697348276774089,0.9588812589645386,0.12836973667144774,0.28911234537760416,0.9750770330429077,0.9116113662719727,0.5828144709269206,0.9665515422821045,0.10558860301971436,0.5874114990234375,0.97806715965271,0.6162251949310302,0.8308816274007161,0.9828994274139404,0.36452016830444334,0.7975529988606771,0.9847778081893921,0.6207285404205323,1.0,0.19123998284339905,0.28839678764343263,0.9998988469441732,0.2145310342311859,0.6221714496612549,1.0,0.010860116221010685,0.31218087673187256,1.0,0.010955313220620155
pushup,0.6086047649383545,0.32478179931640627,0.9990718364715576,0.6589702606201172,0.25549224217732747,0.9941622614860535,0.5573681831359864,0.24672629038492838,0.99826979637146,0.7144874572753906,0.19280106226603191,0.4260370433330536,0.4607398509979248,0.16487382253011068,0.9334240555763245,0.7384509086608887,0.3344189961751302,0.988135576248169,0.3489896297454834,0.25012547175089517,0.9950271248817444,0.869391918182373,0.44986918767293294,0.9533233642578125,0.12255318164825439,0.29299538930257163,0.9735834002494812,0.9014214515686035,0.555659294128418,0.9652611613273621,0.09590463638305664,0.5857450485229492,0.978773295879364,0.615127420425415,0.8273846944173177,0.9842813611030579,0.36666772365570066,0.8013530095418294,0.9864462614059448,0.6159534931182862,1.0,0.23932835459709167,0.29193906784057616,1.0,0.26642417907714844,0.6310845375061035,1.0,0.015745310112833977,0.3232571125030518,1.0,0.015718625858426094
pushup,0.61512451171875,0.3180201530456543,0.9990930557250977,0.6675230026245117,0.2486143430074056,0.9941605925559998,0.564063310623169,0.23679660161336263,0.9985009431838989,0.7245128631591797,0.19101565678914387,0.4138554334640503,0.4678896427154541,0.15592581431070965,0.9444935321807861,0.7428539752960205,0.3449340502421061,0.9838479161262512,0.3514289855957031,0.2519339720408122,0.9956086277961731,0.8594985961914062,0.45977875391642253,0.9314264059066772,0.11601765155792236,0.30265045166015625,0.9762488007545471,0.8930770874023437,0.5508852005004883,0.9507459998130798,0.10002167224884033,0.6093699773152669,0.9785143733024597,0.6146900653839111,0.8515568415323893,0.9755797386169434,0.36370248794555665,0.8210105895996094,0.9826000332832336,0.6134146690368653,1.0,0.14487329125404358,0.2823289394378662,1.0,0.1881912797689438,0.6205621719360351,1.0,0.009269116446375847,0.30988035202026365,0.9940509796142578,0.010381483472883701
pushup,0.6373881816864013,0.30055077870686847,0.9990302324295044,0.6902471542358398,0.23938875198364257,0.9951508045196533,0.592247200012207,0.22568642298380534,0.9980289340019226,0.746150016784668,0.19726638793945311,0.5361559391021729,0.5033865928649902,0.15555737813313802,0.936454713344574,0.7465432643890381,0.34083658854166665,0.9909120798110962,0.3692588806152344,0.25098247528076173,0.996039628982544,0.8538381576538085,0.4786503791809082,0.9667423367500305,0.10162224769592285,0.34303414026896156,0.9742838144302368,0.8890910148620605,0.5805376688639323,0.9670875072479248,0.11999647617340088,0.6518903096516927,0.9735398292541504,0.60262131690979,0.84993896484375,0.9826152324676514,0.35812208652496336,0.8291269938151041,0.9826280474662781,0.6159568309783936,1.0,0.14165852963924408,0.3021301984786987,1.0,0.14088445901870728,0.6062102317810059,1.0,0.006701326929032803,0.33339734077453614,1.0,0.005836542695760727
pushup,0.6659588813781738,0.27912909189860025,0.9985736608505249,0.7158643722534179,0.22411012649536133,0.9910246133804321,0.6242894172668457,0.20330890019734701,0.997358500957489,0.7597818851470948,0.17987820307413738,0.34519433975219727,0.5294991970062256,0.12183755238850912,0.9431769251823425,0.7506723880767823,0.3262324015299479,0.9899206161499023,0.3740140438079834,0.22203124364217122,0.9939219951629639,0.8261542320251465,0.49921639760335285,0.97010338306427,0.13729000091552734,0.37070592244466144,0.9589629769325256,0.8788771629333496,0.5679959615071615,0.966725766658783,0.1483961820602417,0.6760848999023438,0.9622757434844971,0.5930908203125,0.8204573313395183,0.9705031514167786,0.35089945793151855,0.7883723576863607,0.963240921497345,0.6018340587615967,1.0,0.13681001961231232,0.2905470609664917,1.0,0.10748975723981857,0.5966692447662354,0.9863388697306316,0.005928635131567717,0.3189174890518188,0.9610445022583007,0.004338330589234829
pushup,0.7100590705871582,0.2641413370768229,0.9986579418182373,0.7581642150878907,0.2065268834431966,0.9898613691329956,0.6656013011932373,0.19118744532267254,0.9978219270706177,0.7990239143371582,0.17088314692179363,0.26944854855537415,0.565734577178955,0.1264659563700358,0.9591068029403687,0.772074031829834,0.3250283241271973,0.9927288889884949,0.3976922512054443,0.21759802500406902,0.9943429231643677,0.8301342010498047,0.5237269083658854,0.9770448207855225,0.14064245223999022,0.36688226064046225,0.9595886468887329,0.8974732398986817,0.6355403264363607,0.9656039476394653,0.15842907428741454,0.6978949228922526,0.9516249299049377,0.5587960720062256,0.8298346201578776,0.9807161092758179,0.31136598587036135,0.7974785486857097,0.9711953997612,0.6074721336364746,1.0,0.133589968085289,0.2838416576385498,1.0,0.09291845560073853,0.6124032497406006,0.9856122334798177,0.005854143761098385,0.29483442306518554,0.9360525131225585,0.003832297632470727
pushup,0.7466323375701904,0.2697338104248047,0.998683750629425,0.8018950462341309,0.20152613321940105,0.9883501529693604,0.6965088844299316,0.18518702189127603,0.9980981945991516,0.8473762512207031,0.1661078453063965,0.19672732055187225,0.5899394989013672,0.11801929473876953,0.9650945663452148,0.7914451599121094,0.34653348922729493,0.9840379953384399,0.4267763137817383,0.24016215006510416,0.9923328161239624,0.791646146774292,0.5496896107991537,0.9593980312347412,0.1891446590423584,0.4110111236572266,0.9491240382194519,0.8696344375610352,0.6509115854899089,0.9601189494132996,0.22621099948883056,0.7511676152547201,0.9551697969436646,0.5747524261474609,0.829725710550944,0.932898223400116,0.33657810688018797,0.8009880701700847,0.9161746501922607,0.6082265853881836,1.0,0.06612609326839447,0.3074136972427368,0.992916488647461,0.04752286151051521,0.6153955459594727,0.9590709050496419,0.003075048327445984,0.3187819719314575,0.9219459533691406,0.0020264594350010157
pushup,0.7855133056640625,0.26128997802734377,0.9983362555503845,0.8340579986572265,0.1993152936299642,0.9808432459831238,0.7400007724761963,0.18313496907552082,0.9979432225227356,0.8662148475646972,0.1708815892537435,0.12030890583992004,0.6342923641204834,0.12433023452758789,0.9775719046592712,0.7949163436889648,0.3580033620198568,0.9876829981803894,0.44769902229309083,0.2475902557373047,0.9923520684242249,0.7866995334625244,0.572846794128418,0.9623932242393494,0.17687137126922609,0.43912188212076825,0.9432278275489807,0.8825296401977539,0.6623367309570313,0.9598507285118103,0.288786506652832,0.8085674285888672,0.9460336565971375,0.5530474662780762,0.8666109085083008,0.9482736587524414,0.3254885673522949,0.8443398793538411,0.9234241843223572,0.6059369087219239,1.0,0.0814414918422699,0.3363260984420776,1.0,0.05336213484406471,0.5825760841369629,0.9903291066487631,0.0044663273729383945,0.33150644302368165,0.9708353678385416,0.0026206504553556442
pushup,0.8178913116455078,0.25761667887369794,0.9975239634513855,0.8651521682739258,0.2039857228597005,0.9684211015701294,0.7782196044921875,0.18099276224772134,0.9976233839988708,0.8871782302856446,0.18928909301757812,0.09850586205720901,0.6743664741516113,0.1294771194458008,0.9853988885879517,0.7992061138153076,0.36535342534383136,0.9890172481536865,0.4700270652770996,0.2568773587544759,0.9928707480430603,0.7759480476379395,0.5767176310221355,0.9625875949859619,0.19362688064575195,0.4793352762858073,0.9464661478996277,0.8780368804931641,0.6817718505859375,0.9523979425430298,0.3590563774108887,0.8380672454833984,0.9389865398406982,0.532104206085205,0.855233637491862,0.9600635170936584,0.3125399351119995,0.8333189646402995,0.9353733658790588,0.6169938087463379,1.0,0.0919770896434784,0.3433429718017578,1.0,0.06056291237473488,0.5398691177368165,0.9784793217976888,0.005103933159261942,0.2955173492431641,0.952367655436198,0.0029025962576270103
pushup,0.8185836791992187,0.2711847941080729,0.9974047541618347,0.8739309310913086,0.2236487070719401,0.9734192490577698,0.7912257194519043,0.190990416208903,0.9973045587539673,0.9088422775268554,0.21026398340861002,0.16939324140548706,0.7050386428833008,0.12416591644287109,0.9815559983253479,0.8240748405456543,0.36580120722452797,0.9873600602149963,0.47281174659729003,0.2564222971598307,0.9959885478019714,0.7927330017089844,0.5808148701985677,0.9540113210678101,0.20793721675872803,0.5288802782694498,0.9709106683731079,0.8940080642700196,0.6827538172403972,0.9440541863441467,0.39274797439575193,0.9062830607096354,0.9517756700515747,0.5410563945770264,0.7872744878133138,0.9712482690811157,0.3061240196228027,0.7623123168945313,0.9659589529037476,0.6313930511474609,0.9277336756388347,0.30619728565216064,0.2950709104537964,0.9096612294514974,0.2904475927352905,0.5723698616027832,0.9193901697794596,0.030959289520978928,0.2727293729782104,0.9092216491699219,0.02383497729897499
pushup,0.8346762657165527,0.2651056925455729,0.9963730573654175,0.8901013374328614,0.21439139048258463,0.9531521201133728,0.8009415626525879,0.18549877802530926,0.9961366057395935,0.9135832786560059,0.19951175053914388,0.14877447485923767,0.6992845058441162,0.123823610941569,0.9838898181915283,0.8105369567871094,0.3533940633138021,0.9892874956130981,0.4781008720397949,0.27329934438069664,0.9957554340362549,0.7621176719665528,0.5698018391927083,0.9596165418624878,0.2492142677307129,0.5851759592692057,0.957377552986145,0.883453369140625,0.6923684438069662,0.9436585307121277,0.4280965805053711,0.9883303960164388,0.918565571308136,0.529517936706543,0.7447553634643554,0.9591736793518066,0.31483509540557864,0.7282999674479167,0.9454969763755798,0.5279456615447998,0.9317887624104818,0.3145062029361725,0.27662270069122313,0.9196045557657878,0.2296682745218277,0.4625687599182129,0.9161422729492188,0.026477742940187454,0.2872896432876587,0.9028348286946615,0.01551612839102745
pushup,0.8385019302368164,0.2642745653788249,0.9967544674873352,0.8937625885009766,0.209292475382487,0.9618924260139465,0.8048954010009766,0.1802026112874349,0.9965092539787292,0.9207278251647949,0.18497641881306967,0.12566864490509033,0.7053238868713378,0.1110592524210612,0.9750815629959106,0.8385238647460938,0.35367555618286134,0.9729482531547546,0.49380178451538087,0.3002767562866211,0.9932751655578613,0.8206459045410156,0.5850734710693359,0.9075279235839844,0.2795382499694824,0.6427769343058268,0.9497368931770325,0.9319581031799317,0.770543098449707,0.8906766176223755,0.4114704608917236,1.0,0.9054535627365112,0.5782044410705567,0.8198535919189454,0.8055098056793213,0.35585105419158936,0.812423578898112,0.800421953201294,0.5811235904693604,0.9223624547322591,0.054991140961647034,0.2999584674835205,0.9231654485066731,0.049240391701459885,0.49825754165649416,0.9003135045369466,0.005079468246549368,0.3001758337020874,0.9024525960286458,0.003627076977863908
pushup,0.8438437461853028,0.2626752217610677,0.998450756072998,0.8933341979980469,0.20906489690144855,0.9629324078559875,0.8046122550964355,0.17769025166829427,0.9985976815223694,0.9079319953918457,0.18926159540812174,0.05559027940034866,0.6909976005554199,0.12048282623291015,0.9896788597106934,0.8155085563659668,0.32276767094930015,0.9815534353256226,0.5061617851257324,0.33256362279256185,0.9939802885055542,0.8264095306396484,0.5468837102254231,0.9429301023483276,0.3542484760284424,0.7335872650146484,0.9644854068756104,0.9292680740356445,0.7896862030029297,0.9294195175170898,0.4413808822631836,1.0,0.9496340155601501,0.6009477615356446,0.8183535257975261,0.803070068359375,0.39106462001800535,0.8450114568074544,0.7774185538291931,0.7733034133911133,0.8583428064982096,0.05623966082930565,0.4662611961364746,0.9021339416503906,0.050235699862241745,0.6142830848693848,0.8609402974446615,0.005917864851653576,0.392053484916687,0.9052608489990235,0.00402950681746006
pushup,0.8329918861389161,0.264012082417806,0.9982677698135376,0.8826802253723145,0.20932003657023113,0.9639164209365845,0.7948262214660644,0.17841456731160482,0.9988752007484436,0.8989757537841797,0.19757347106933593,0.04824758693575859,0.6854747295379638,0.12612654368082682,0.9926208257675171,0.8117575645446777,0.35081777572631834,0.969629168510437,0.49888219833374026,0.36082464853922525,0.9899088144302368,0.8540526390075683,0.6340099970499674,0.8193845748901367,0.36936781406402586,0.8252344767252604,0.8888947367668152,0.981871223449707,0.8643705368041992,0.7199456691741943,0.492016077041626,1.0,0.8168917298316956,0.6020305156707764,0.8465881983439127,0.4725457727909088,0.3902134895324707,0.8780702590942383,0.4282272458076477,0.8015667915344238,0.8407853444417318,0.021034682169556618,0.49036593437194825,0.8958128611246745,0.021223347634077072,0.6336048126220704,0.8365631103515625,0.004335320554673672,0.42841124534606934,0.8927050272623698,0.0032367801759392023
pushup,0.8209908485412598,0.26349080403645836,0.9968200922012329,0.8718008995056152,0.21088571548461915,0.9304391741752625,0.783661937713623,0.17862625122070314,0.9981874823570251,0.884333610534668,0.20517018636067708,0.03948725014925003,0.674251937866211,0.12970288594563803,0.9938952326774597,0.7866905212402344,0.34134845733642577,0.976294994354248,0.4935468673706055,0.3698809305826823,0.9874727725982666,0.833709716796875,0.6259335199991862,0.8210658431053162,0.4652546405792236,0.8717723846435547,0.8180639147758484,0.9642057418823242,0.8291846593221028,0.7103164196014404,0.6522587776184082,1.0,0.7299612760543823,0.5853232383728028,0.8204973856608073,0.4323512017726898,0.3904507875442505,0.8623466491699219,0.31876111030578613,0.8273348808288574,0.824685541788737,0.025357672944664955,0.5817451477050781,0.8704434712727864,0.021627254784107208,0.6700500011444092,0.8440925598144531,0.005439726635813713,0.5776788234710694,0.8819939295450846,0.0037747337482869625
pushup,0.8095253944396973,0.2571916898091634,0.9920864701271057,0.8700978279113769,0.215174929300944,0.8537654876708984,0.7796344757080078,0.16653436024983723,0.9966398477554321,0.8773106575012207,0.20608790715535483,0.05461643263697624,0.6662283897399902,0.09478336970011393,0.9926411509513855,0.7655296325683594,0.32896575927734373,0.9828243255615234,0.4600244998931885,0.32728398640950523,0.9871916770935059,0.8537078857421875,0.6520978291829427,0.7235615849494934,0.516787338256836,0.8878717422485352,0.7164016962051392,0.9608138084411622,0.6534745534261067,0.5159357786178589,0.7583617687225341,0.9461112976074219,0.40937405824661255,0.4622502326965332,0.8237755457560222,0.584254264831543,0.26862776279449463,0.836373774210612,0.40260517597198486,0.6323629856109619,0.9890903472900391,0.024354984983801842,0.4825103759765625,0.9883543650309244,0.017926879227161407,0.42515854835510253,0.9221062978108724,0.0023493627086281776,0.5134641170501709,0.9384665171305339,0.0014203879982233047
pushup,0.800954532623291,0.2502315521240234,0.9908108711242676,0.8619205474853515,0.20945892333984376,0.8804500699043274,0.7742470741271973,0.1657070795694987,0.9936175346374512,0.8775410652160645,0.1923982302347819,0.1144605204463005,0.6680377960205078,0.09405320485432943,0.9773283004760742,0.7717461585998535,0.3028998057047526,0.9894677996635437,0.462508487701416,0.3172829945882161,0.9866085648536682,0.8628582000732422,0.639390246073405,0.8508920669555664,0.508183479309082,0.8845699946085612,0.7418805360794067,0.9161060333251954,0.6766032536824544,0.7047038078308105,0.7505565643310547,0.9613245010375977,0.4302411675453186,0.41791601181030275,0.8072083791097006,0.7653355002403259,0.22085132598876953,0.8178180694580078,0.5473969578742981,0.5182974338531494,1.0,0.03382892906665802,0.3962395191192627,1.0,0.01907002367079258,0.28318536281585693,0.9097053527832031,0.002127694897353649,0.4101308822631836,0.9514378865559896,0.0010481731733307242
pushup,0.8067558288574219,0.24477914174397786,0.9906847476959229,0.8678529739379883,0.2026834487915039,0.8483008742332458,0.7783400535583496,0.1579593022664388,0.9953101277351379,0.8799243927001953,0.19054594039916992,0.06409364193677902,0.6688755989074707,0.09053112665812174,0.9869374632835388,0.7534749984741211,0.3129878044128418,0.9849610328674316,0.4563287734985352,0.3206127802530924,0.9873671531677246,0.831026840209961,0.6514071146647136,0.7819849848747253,0.46566128730773926,0.8903170267740885,0.7371353507041931,0.9320132255554199,0.6947902043660482,0.5399908423423767,0.6735789775848389,1.0,0.3601996600627899,0.4128426551818848,0.8297075907389323,0.6815874576568604,0.22334575653076172,0.8475046157836914,0.4813360869884491,0.5841047286987304,1.0,0.019555779173970222,0.4544999122619629,1.0,0.013411114923655987,0.37318849563598633,0.892124621073405,0.0015745837008580565,0.4741462230682373,0.9343080520629883,0.0008892124169506133
pushup,0.8151198387145996,0.2593937873840332,0.995208203792572,0.8728288650512696,0.2179485321044922,0.9034777283668518,0.7871517181396485,0.16392208735148112,0.9975534081459045,0.8732752799987793,0.2120027224222819,0.032775845378637314,0.6706621646881104,0.08848953247070312,0.9909838438034058,0.749789047241211,0.35856806437174477,0.9677133560180664,0.45227556228637694,0.3265318234761556,0.9827466011047363,0.7917836666107178,0.6947011311848958,0.8052159547805786,0.3516395568847656,0.8855085372924805,0.8106080293655396,0.9107495307922363,0.6947941462198893,0.7018744945526123,0.506476879119873,1.0,0.6627376079559326,0.5170880317687988,0.8693516413370769,0.42367973923683167,0.31514735221862794,0.883000373840332,0.308212012052536,0.7158184051513672,0.9659765879313151,0.009029789827764034,0.44480128288269044,0.9962073644002278,0.006906487047672272,0.5459673881530762,0.8624397277832031,0.0010405484354123473,0.41106085777282714,0.9236078898111979,0.0006264264229685068
pushup,0.8231285095214844,0.27415606180826824,0.9975973963737488,0.8784902572631836,0.23169447580973307,0.9381322860717773,0.7943158626556397,0.18071527481079103,0.9984978437423706,0.8787957191467285,0.22392810185750325,0.044610247015953064,0.6753230094909668,0.10684941609700521,0.9943511486053467,0.7663923263549804,0.36990572611490885,0.9805237054824829,0.45200510025024415,0.34569625854492186,0.9940882921218872,0.7893715858459472,0.6931838989257812,0.8586376309394836,0.29413938522338867,0.8426525115966796,0.9095560312271118,0.9088164329528808,0.9310838063557942,0.7067461609840393,0.37573091983795165,1.0,0.798143208026886,0.5613620281219482,0.8758751551310221,0.41452646255493164,0.35744504928588866,0.8935412089029948,0.3663216531276703,0.7410895347595214,0.8842361450195313,0.010601038113236427,0.46903314590454104,0.9099667231241862,0.009163402952253819,0.5640286922454834,0.8406735102335612,0.0016113895690068603,0.4645815372467041,0.8767911911010742,0.001083057257346809
pushup,0.8248865127563476,0.2776239077250163,0.9980117082595825,0.8800947189331054,0.23461192448933918,0.9527719020843506,0.7955055713653565,0.18719825744628907,0.9988549947738647,0.8858389854431152,0.23246657053629557,0.06997145712375641,0.6816490173339844,0.12476692199707032,0.995790421962738,0.780642318725586,0.3676642735799154,0.9818888306617737,0.44350423812866213,0.34987478256225585,0.9969249367713928,0.776732063293457,0.641543960571289,0.8830772042274475,0.22911269664764405,0.7994744618733723,0.9616152048110962,0.8735538482666015,0.9024461110432943,0.7748754620552063,0.3168081998825073,0.9715405782063802,0.914642870426178,0.5375393390655517,0.8270680745442708,0.7261440753936768,0.3142935514450073,0.8398265838623047,0.743800699710846,0.7198256969451904,0.9034462610880534,0.03432898968458176,0.38134765625,0.9196277618408203,0.03808845579624176,0.5115917205810547,0.8905370076497395,0.003385127754881978,0.3139961242675781,0.9082100550333659,0.0026635725516825914
pushup,0.8185059547424316,0.2768521308898926,0.9967319965362549,0.8791716575622559,0.22857837677001952,0.960800290107727,0.7897297859191894,0.18550284703572592,0.9970869421958923,0.9081795692443848,0.21510705947875977,0.12563645839691162,0.6879303455352783,0.11449406941731771,0.9783887267112732,0.8149333953857422,0.35950555801391604,0.9787949919700623,0.45035724639892577,0.29983526865641275,0.9958053827285767,0.7947408199310303,0.6478495915730794,0.9140449166297913,0.20153963565826416,0.708279546101888,0.9715635776519775,0.8749865531921387,0.8538466135660807,0.8561239242553711,0.2856191873550415,1.0,0.9206030964851379,0.5141530990600586,0.763760503133138,0.9178845286369324,0.2721182584762573,0.7503700892130534,0.9224708676338196,0.6122799873352051,0.934103520711263,0.10438212752342224,0.25405516624450686,0.9299851735432942,0.11653053015470505,0.45395350456237793,0.9012337366739909,0.006851258222013712,0.17075486183166505,0.9177543004353841,0.0056737749837338924
pushup,0.836635971069336,0.2808525085449219,0.9970653653144836,0.8874754905700684,0.238774045308431,0.9472746849060059,0.8095441818237304,0.20068289438883463,0.9972683191299438,0.8966971397399902,0.22723995844523112,0.10502687096595764,0.7059575080871582,0.13839435577392578,0.9882581830024719,0.7913191795349122,0.3620392481486003,0.993863582611084,0.45704212188720705,0.2806375503540039,0.9973692893981934,0.7667887687683106,0.6024674733479818,0.966020405292511,0.15134763717651367,0.5997771581013998,0.9739874601364136,0.8533071517944336,0.8097208658854167,0.9149616360664368,0.22203848361968995,0.9543948491414388,0.9183952212333679,0.43215289115905764,0.7491732279459635,0.9826201796531677,0.21752457618713378,0.7230790456136068,0.9764080047607422,0.4801033020019531,0.9359240214029948,0.39004039764404297,0.2106630325317383,0.9269116083780925,0.3238247036933899,0.2873618841171265,0.9348324457804362,0.030606700107455254,0.10357599258422852,0.9383561452229817,0.01869046688079834
pushup,0.8165934562683106,0.2843782107035319,0.9925923943519592,0.8621328353881836,0.250637690226237,0.9268263578414917,0.8030914306640625,0.21402807235717775,0.984977126121521,0.8764797210693359,0.23564767837524414,0.2051094025373459,0.7238203048706054,0.14602686564127604,0.9333605766296387,0.8016299247741699,0.3915088653564453,0.9933204650878906,0.4568756103515625,0.269667116800944,0.9929256439208984,0.7821130752563477,0.5985165278116862,0.9683180451393127,0.13916511535644532,0.5098978678385416,0.9204556941986084,0.8549871444702148,0.7364058176676432,0.9513662457466125,0.2083513021469116,0.8988866170247396,0.8537411093711853,0.40354366302490235,0.7708356857299805,0.95649254322052,0.19745864868164062,0.7105540593465169,0.9175130724906921,0.3193197727203369,0.9298078536987304,0.32922160625457764,0.13334903717041016,0.8435857772827149,0.18498647212982178,0.18370249271392822,0.9807474136352539,0.02246851846575737,0.11189906597137451,0.8851238886515299,0.011206379160284996
pushup,0.8444307327270508,0.29152189890543617,0.9787553548812866,0.8875205993652344,0.25954113006591795,0.7212319374084473,0.8313814163208008,0.2230513572692871,0.9803255796432495,0.8884431838989257,0.24732964833577473,0.0684221014380455,0.7477292060852051,0.15915155410766602,0.9734184741973877,0.7845139503479004,0.3950543721516927,0.9869416356086731,0.4473978042602539,0.24325780868530272,0.9901586174964905,0.7496398448944092,0.5969886779785156,0.9354149103164673,0.07295582294464112,0.4411213239034017,0.9152967929840088,0.8503284454345703,0.6760274251302083,0.9168195128440857,0.21644527912139894,0.8523216883341471,0.8636487126350403,0.3694908142089844,0.7812442779541016,0.963921844959259,0.1614320993423462,0.7271254221598308,0.9406113624572754,0.41854119300842285,1.0,0.21799427270889282,0.23164622783660888,0.9686318715413411,0.14919231832027435,0.3230421543121338,1.0,0.009863138198852539,0.20983633995056153,0.978630256652832,0.0058618527837097645
pushup,0.8494770050048828,0.28868904113769533,0.9729238748550415,0.8864140510559082,0.25122324625651044,0.6144581437110901,0.8252570152282714,0.22409982681274415,0.9817093014717102,0.8768304824829102,0.22692979176839193,0.02809169515967369,0.7222686767578125,0.1596522331237793,0.9821475744247437,0.7796133041381836,0.3646090825398763,0.9812342524528503,0.4300850868225098,0.23166306813557944,0.989662766456604,0.7453601837158204,0.5415808995564778,0.9318112134933472,0.0683793306350708,0.39838234583536786,0.9265231490135193,0.8438558578491211,0.6301401138305665,0.9125916361808777,0.21362955570220948,0.771940803527832,0.8986924290657043,0.4046196937561035,0.7613773345947266,0.9741361737251282,0.188153076171875,0.7182079315185547,0.9619945883750916,0.4302681922912598,1.0,0.24851499497890472,0.2372903823852539,0.9737960815429687,0.1779627948999405,0.3611588954925537,1.0,0.011283040046691895,0.22881639003753662,0.9454331715901693,0.00682317279279232
pushup,0.8477746963500976,0.29038461049397785,0.9574416875839233,0.8842172622680664,0.25353142420450847,0.6031486392021179,0.8225612640380859,0.22845160166422526,0.9607442617416382,0.88092041015625,0.2167642593383789,0.03319011256098747,0.7218780517578125,0.15274591445922853,0.9434747099876404,0.7944238185882568,0.3289095242818197,0.9752681255340576,0.4557636737823486,0.1951541264851888,0.9823975563049316,0.7640599250793457,0.48850968678792317,0.9492861032485962,0.10977895259857177,0.3168792724609375,0.9135012626647949,0.8416263580322265,0.594768778483073,0.9242626428604126,0.19938807487487792,0.6692853291829427,0.8872818946838379,0.46492671966552734,0.7855846405029296,0.9818441271781921,0.2501112937927246,0.7388151168823243,0.9702278971672058,0.4693115234375,1.0,0.19839675724506378,0.26845684051513674,0.9881053924560547,0.12127857655286789,0.43300480842590333,1.0,0.008304939605295658,0.28095719814300535,0.9015995661417643,0.004721791949123144
pushup,0.8447976112365723,0.28055025736490885,0.9467288255691528,0.8784440040588379,0.24383316040039063,0.4618527293205261,0.8208937644958496,0.2199875513712565,0.958102285861969,0.8709152221679688,0.2064348538716634,0.018353840336203575,0.7245347976684571,0.14483242034912108,0.9394850134849548,0.7769999504089355,0.34086469014485676,0.9506425857543945,0.4769249439239502,0.17660020192464193,0.9775150418281555,0.7434585094451904,0.517975902557373,0.9071118235588074,0.15833308696746826,0.2585493405659994,0.9261719584465027,0.8424520492553711,0.5599386850992839,0.8840548396110535,0.20012757778167725,0.5835865020751954,0.899818480014801,0.4423182964324951,0.8149510065714518,0.9660640954971313,0.2496084451675415,0.7520783742268881,0.959595799446106,0.45370140075683596,1.0,0.09302690625190735,0.2765055656433105,1.0,0.07401561737060547,0.45800118446350097,1.0,0.003267599968239665,0.2826267719268799,0.9090729395548502,0.0023174535017460585
pushup,0.8647546768188477,0.2497476100921631,0.9710342884063721,0.8999221801757813,0.21376651128133137,0.5670516490936279,0.836260986328125,0.18443094889322917,0.9767726063728333,0.8836833953857421,0.2013417879740397,0.014781733974814415,0.7224002838134765,0.12990776697794595,0.9599581956863403,0.7634077072143555,0.3491238911946615,0.9766383171081543,0.4960141181945801,0.18390331268310547,0.9700838327407837,0.7129933357238769,0.4778945287068685,0.9510241150856018,0.18965883255004884,0.2298615614573161,0.860981285572052,0.792957067489624,0.507473087310791,0.9359928965568542,0.17939178943634032,0.5328547477722168,0.8727166056632996,0.42054109573364257,0.7838563919067383,0.9863762259483337,0.25024704933166503,0.7152961095174154,0.9718614816665649,0.4301034927368164,1.0,0.3615056276321411,0.27909953594207765,0.9886333465576171,0.18765778839588165,0.3785661220550537,1.0,0.019660893827676773,0.23774192333221436,0.9182313283284506,0.008689620532095432
pushup,0.8329009056091309,0.2594203313191732,0.9327638149261475,0.8719234466552734,0.23316240310668945,0.37003180384635925,0.8151350021362305,0.1929181734720866,0.9325429201126099,0.8670481681823731,0.2133916219075521,0.01723269559442997,0.7248259544372558,0.11628872553507487,0.8797001838684082,0.7494811058044434,0.36137097676595054,0.9363325238227844,0.5016438484191894,0.14665387471516927,0.9762627482414246,0.6884284496307373,0.532172966003418,0.9072843790054321,0.23209998607635499,0.20027983983357747,0.9579214453697205,0.8051234245300293,0.48400058746337893,0.9105044007301331,0.201149845123291,0.47679487864176434,0.9442598223686218,0.3913985252380371,0.8150615692138672,0.9725232124328613,0.2285567045211792,0.7158822377522787,0.9741665720939636,0.37919044494628906,1.0,0.13809874653816223,0.22934823036193847,0.9763594309488932,0.14039228856563568,0.32717041969299315,1.0,0.004437359515577555,0.17004814147949218,0.8820699055989584,0.0038278389256447554
pushup,0.8650388717651367,0.26628737449645995,0.9238132834434509,0.9044649124145507,0.23563973108927408,0.3644005358219147,0.8424160957336426,0.19652255376180014,0.9293110370635986,0.9004892349243164,0.22899087270100912,0.013976157642900944,0.7449638366699218,0.13663357098897297,0.8797745108604431,0.7877675056457519,0.4126624425252279,0.9172613024711609,0.513484525680542,0.1741567611694336,0.955746591091156,0.7226309776306152,0.5942867279052735,0.8237937688827515,0.18889706134796141,0.20255010922749836,0.9033932685852051,0.8308212280273437,0.5371198654174805,0.8806422352790833,0.21480863094329833,0.5150586128234863,0.9140744805335999,0.4159290313720703,0.8645507176717122,0.9484368562698364,0.2363614559173584,0.7578946431477864,0.9466683268547058,0.4051674842834473,1.0,0.08794113248586655,0.24835221767425536,0.9452892303466797,0.0829416885972023,0.34171142578125,1.0,0.004165401682257652,0.18011181354522704,0.8746440251668294,0.0033947385381907225
pushup,0.843171215057373,0.2685778299967448,0.9588179588317871,0.8816263198852539,0.2412700653076172,0.5252792239189148,0.8258962631225586,0.20325145721435547,0.9659754633903503,0.8757352828979492,0.2242993672688802,0.02523929253220558,0.7369372367858886,0.1308047612508138,0.9359145760536194,0.7655152320861817,0.3795781135559082,0.936308741569519,0.49950833320617677,0.17077341079711914,0.9801732897758484,0.7099173545837403,0.5584541956583658,0.8654274940490723,0.2041579008102417,0.23540010452270507,0.9472243189811707,0.8271215438842774,0.5349117914835612,0.8671814799308777,0.22229344844818116,0.5261897087097168,0.9260939359664917,0.4184736251831055,0.8362726847330729,0.9429044723510742,0.2430105209350586,0.7452819188435872,0.9492452144622803,0.4154347896575928,1.0,0.05478958040475845,0.2366352081298828,0.9897742589314779,0.058257460594177246,0.38478760719299315,1.0,0.0018150286050513387,0.19444398880004882,0.8792949676513672,0.0016044757794588804
pushup,0.8577929496765136,0.24003187815348306,0.9801105260848999,0.894816780090332,0.2012022018432617,0.6434172987937927,0.832063865661621,0.17652610143025715,0.9864283204078674,0.8837738990783691,0.17522754669189453,0.0238751582801342,0.7268802642822265,0.11305561065673828,0.9761419892311096,0.7634297370910644,0.30740753809611004,0.9756709337234497,0.4870132923126221,0.1732911427815755,0.9884464740753174,0.7048314571380615,0.4378528912862142,0.9503579139709473,0.1751406669616699,0.25281591415405275,0.9485598206520081,0.7822628498077393,0.5305949529012044,0.9341667294502258,0.19354166984558105,0.5760724385579427,0.93537837266922,0.4192359924316406,0.741229756673177,0.9875378012657166,0.24001634120941162,0.6905766169230143,0.9832639098167419,0.45044384002685545,1.0,0.36174434423446655,0.25885810852050783,0.9851245880126953,0.26370328664779663,0.42582216262817385,0.9989430745442708,0.01857178658246994,0.23374562263488768,0.9080802281697591,0.010748407803475857
pushup,0.8682830810546875,0.29592212041219074,0.8310379981994629,0.8986973762512207,0.2588298797607422,0.1694878488779068,0.8434332847595215,0.23634955088297527,0.8910399079322815,0.8765166282653809,0.22573270797729492,0.007123404648154974,0.7339004516601563,0.16840019226074218,0.9523124694824219,0.766551399230957,0.33885650634765624,0.9541171193122864,0.45343813896179197,0.20972895622253418,0.9694228768348694,0.7223108291625977,0.5138518015543619,0.9224298000335693,0.08947875499725341,0.34156093597412107,0.8879345655441284,0.8196288108825683,0.6131100336710612,0.8885954022407532,0.24588956832885742,0.6851202011108398,0.8609733581542969,0.4501485824584961,0.7549311319986979,0.9859024286270142,0.25256612300872805,0.7242364883422852,0.9767668843269348,0.4838728904724121,1.0,0.24431373178958893,0.3210616588592529,1.0,0.15425923466682434,0.4532980442047119,1.0,0.0093807028606534,0.33106374740600586,0.9721748352050781,0.005065876059234142
pushup,0.8507010459899902,0.2904384930928548,0.893197774887085,0.8871967315673828,0.26221195856730145,0.31208446621894836,0.8395149230957031,0.22736434936523436,0.9050608277320862,0.8719484329223632,0.2342823028564453,0.023597249761223793,0.7493330001831054,0.14688049952189128,0.9482522010803223,0.7575647354125976,0.343461545308431,0.9782231450080872,0.4365962505340576,0.1969639460245768,0.9772501587867737,0.7086927413940429,0.5346751530965169,0.9495939016342163,0.062348341941833495,0.38190402984619143,0.8709247708320618,0.8326324462890625,0.6282159805297851,0.9202861785888672,0.23524765968322753,0.7599884033203125,0.8228712677955627,0.39093010425567626,0.7091113408406575,0.9810799360275269,0.19335038661956788,0.6664817810058594,0.960473358631134,0.4261284351348877,1.0,0.3428177535533905,0.2582515001296997,0.9601456960042317,0.19193010032176971,0.3757481575012207,1.0,0.015139570459723473,0.27202596664428713,0.9390652338663737,0.0072538238018751144
pushup,0.8481612205505371,0.2967409133911133,0.9501160383224487,0.8894981384277344,0.26880874633789065,0.5256323218345642,0.8413100242614746,0.22884642283121745,0.955162525177002,0.8769609451293945,0.25509490966796877,0.03879589959979057,0.7540857315063476,0.1547549247741699,0.9669862985610962,0.7709901809692383,0.3774298985799154,0.9877486824989319,0.4173764705657959,0.23629347483317056,0.9834081530570984,0.7220640182495117,0.6304540634155273,0.9576919078826904,0.06967308521270751,0.5305408159891765,0.8701691627502441,0.8318496704101562,0.6584929784138998,0.924934446811676,0.3224574089050293,0.8732878367106119,0.7692979574203491,0.3764548063278198,0.7108929951985677,0.9809618592262268,0.1475839376449585,0.668216323852539,0.9544132351875305,0.42675294876098635,0.9615066528320313,0.49567314982414246,0.1531510591506958,0.9054100672403972,0.2806088924407959,0.3944133758544922,1.0,0.03969553858041763,0.16957767009735109,0.9303195953369141,0.017196297645568848
pushup,0.8494525909423828,0.2645837465922038,0.9945927262306213,0.9033187866210938,0.23308830261230468,0.9290146827697754,0.8274757385253906,0.18131758371988932,0.9953487515449524,0.9052151679992676,0.24055042266845703,0.08690532296895981,0.7141713619232177,0.11584266026814778,0.9792549014091492,0.7931036949157715,0.39955644607543944,0.9905637502670288,0.46367683410644533,0.23530165354410806,0.9851426482200623,0.7954470157623291,0.6128618240356445,0.9113332033157349,0.20372776985168456,0.46080837249755857,0.7622295618057251,0.8740639686584473,0.7299152374267578,0.8370677828788757,0.2248074531555176,0.834179941813151,0.6164482235908508,0.3808401107788086,0.6581041971842448,0.9562018513679504,0.1870591640472412,0.5771694183349609,0.9024823904037476,0.3143455982208252,0.9199965159098308,0.6066163182258606,0.15362865924835206,0.8137524922688802,0.38667240738868713,0.13469767570495605,0.960336176554362,0.09960762411355972,0.10223369598388672,0.8700402577718099,0.045496806502342224
pushup,0.8395232200622559,0.27935428619384767,0.9960442781448364,0.8938678741455078,0.23760029474894206,0.9360336065292358,0.8138208389282227,0.19247970581054688,0.9973184466362,0.90477294921875,0.22422320048014324,0.08154305815696716,0.707948112487793,0.11875950495402018,0.9895304441452026,0.812690258026123,0.37594712575276695,0.9840859174728394,0.4535220146179199,0.2936634381612142,0.9961062073707581,0.8214042663574219,0.6172297795613607,0.8388869762420654,0.17107956409454345,0.6513910293579102,0.9424611330032349,0.9054668426513672,0.7364144643147786,0.7468770742416382,0.25814430713653563,0.96513671875,0.8351748585700989,0.45015592575073243,0.7788511912027994,0.9233813285827637,0.23048503398895265,0.7464179356892904,0.9238694310188293,0.4343958854675293,0.9646277109781901,0.1896623820066452,0.21033704280853271,0.939969253540039,0.1993553638458252,0.1986438274383545,0.9335135142008464,0.017953762784600258,0.12866153717041015,0.9261055628458659,0.01396057941019535
pushup,0.8353038787841797,0.29544668197631835,0.9982372522354126,0.894888973236084,0.24508075714111327,0.9647194743156433,0.8045425415039062,0.19788411458333333,0.9988310933113098,0.9099573135375977,0.22306505839029947,0.08069345355033875,0.6934497356414795,0.11367870966593424,0.9933626651763916,0.8012140274047852,0.35854117075602215,0.9868113398551941,0.45054311752319337,0.3048586845397949,0.9961227774620056,0.815096378326416,0.6519301096598308,0.929841935634613,0.2301182746887207,0.7344221750895182,0.9662962555885315,0.9560428619384765,0.8851771036783854,0.8475164175033569,0.33109130859375,0.9780863444010417,0.9150120615959167,0.5103322029113769,0.7841513951619467,0.8833556771278381,0.27527270317077634,0.783249028523763,0.8637492060661316,0.7102743148803711,0.9035879135131836,0.06804825365543365,0.3296947717666626,0.9227635065714518,0.07051501423120499,0.5268036842346191,0.8861066182454427,0.004975310526788235,0.22157046794891358,0.9331076939900717,0.0037059145979583263
pushup,0.8213320732116699,0.2941481908162435,0.9980900883674622,0.8764965057373046,0.2523077964782715,0.9603296518325806,0.7942426681518555,0.19963324864705403,0.9988125562667847,0.8850116729736328,0.24604930877685546,0.057287395000457764,0.6847583770751953,0.12508529027303059,0.9942193031311035,0.7852771759033204,0.3899607022603353,0.9813287258148193,0.4486701965332031,0.3522699991861979,0.9917228817939758,0.8356236457824707,0.6939084370930989,0.8475747108459473,0.26820173263549807,0.8340286254882813,0.8796998858451843,0.9438582420349121,0.9087933858235677,0.7166575193405151,0.37663166522979735,1.0,0.7997039556503296,0.5200101375579834,0.8532957712809245,0.5126171708106995,0.2995161056518555,0.8600507100423177,0.4235992133617401,0.7430972099304199,0.8692825317382813,0.024050239473581314,0.4219000816345215,0.8954851786295573,0.022263135761022568,0.4882385730743408,0.8662903467814128,0.003816165030002594,0.3285291433334351,0.9169169108072917,0.0026522078551352024
pushup,0.8111446380615235,0.2976977348327637,0.9947865009307861,0.8748643875122071,0.2541673024495443,0.9289834499359131,0.7857951164245606,0.1967031160990397,0.9972436428070068,0.8846514701843262,0.2381903648376465,0.05745507404208183,0.6756138801574707,0.10622482299804688,0.9880533814430237,0.761799430847168,0.3660767873128255,0.9620825052261353,0.4563786506652832,0.3511310577392578,0.972093939781189,0.8286705017089844,0.6848121007283529,0.7407969236373901,0.38722543716430663,0.8996571858723958,0.6697525382041931,0.9501405715942383,0.8649458567301432,0.5927504301071167,0.5557762145996094,1.0,0.5074165463447571,0.5049070358276367,0.8629398345947266,0.30993548035621643,0.3036326885223389,0.8819713592529297,0.18070165812969208,0.732935619354248,0.9465353647867839,0.007497874088585377,0.47337913513183594,0.9836475372314453,0.00550570385530591,0.5182441711425781,0.8499709447224935,0.0013023167848587036,0.445067024230957,0.9191587448120118,0.0007753836107440293
pushup,0.802362060546875,0.2884752909342448,0.9913320541381836,0.868355655670166,0.2491045633951823,0.8732012510299683,0.7793642997741699,0.19334319432576497,0.9954901337623596,0.884031105041504,0.22688506444295248,0.08152128756046295,0.6730113506317139,0.10090929667154948,0.9844329357147217,0.7680378913879394,0.3374564488728841,0.9819875359535217,0.4540543079376221,0.3322610855102539,0.9859104156494141,0.8639337539672851,0.6663566589355469,0.698426365852356,0.4888777732849121,0.9116306304931641,0.697780191898346,0.938661003112793,0.672174072265625,0.5025529265403748,0.7066537857055664,0.9955802917480469,0.3510362505912781,0.41989855766296386,0.8498147328694662,0.5497796535491943,0.224692702293396,0.8540614446004232,0.36340323090553284,0.5586514472961426,1.0,0.015522218309342861,0.43439679145812987,1.0,0.0117400623857975,0.3059088230133057,0.9259131113688152,0.0013981428928673267,0.4579627513885498,0.95457763671875,0.0008661307510919869
pushup,0.8023551940917969,0.30345726013183594,0.99198979139328,0.8654726028442383,0.2651325861612956,0.8391990661621094,0.7792973518371582,0.2091213862101237,0.9958798885345459,0.867921257019043,0.243345578511556,0.057591017335653305,0.6691251754760742,0.11394386291503907,0.9912260174751282,0.7410613536834717,0.3474810282389323,0.9862592220306396,0.4599874019622803,0.3415817896525065,0.9890350699424744,0.8411708831787109,0.6951028823852539,0.8005576133728027,0.5115852355957031,0.9203779856363933,0.7786543369293213,0.9933633804321289,0.8399044036865234,0.5994105339050293,0.723396635055542,1.0,0.48985543847084045,0.43493947982788084,0.8107078552246094,0.6155207753181458,0.2626833915710449,0.8228727976481119,0.4277060031890869,0.5836027145385743,0.9748306274414062,0.03614817559719086,0.4656246185302734,0.9930743535359701,0.026591261848807335,0.34913499355316163,0.8939562479654948,0.0037601336371153593,0.4894503116607666,0.9484906514485677,0.0022018849849700928
pushup,0.8065170288085938,0.31515318552652993,0.9921190738677979,0.8697216033935546,0.2746628761291504,0.8407574892044067,0.781177568435669,0.2175663948059082,0.9963068962097168,0.8719266891479492,0.24917662938435872,0.05121612921357155,0.6678094863891602,0.11955553690592448,0.9922252893447876,0.7409406661987304,0.35273046493530275,0.9811360239982605,0.4594818115234375,0.35203189849853517,0.9875679016113281,0.8275913238525391,0.6790779749552409,0.753547728061676,0.5053561687469482,0.9220539093017578,0.7804821133613586,0.9931219100952149,0.850208600362142,0.5603013038635254,0.7368943214416503,1.0,0.5055367350578308,0.4386190891265869,0.8258382161458333,0.5252752304077148,0.26374406814575196,0.8406162897745768,0.36029428243637085,0.5947845458984375,0.9589531580607097,0.024119842797517776,0.4588804244995117,0.976025136311849,0.019101835787296295,0.33484885692596433,0.8694342295328776,0.0030981695745140314,0.45294342041015623,0.9150321960449219,0.0018952236277982593
pushup,0.8025319099426269,0.3170475006103516,0.993756890296936,0.8625118255615234,0.27496420542399086,0.8397241830825806,0.7764562606811524,0.22181873321533202,0.9980760812759399,0.8656756401062011,0.2615735371907552,0.03399498388171196,0.6645529747009278,0.13864854176839192,0.9966989159584045,0.7396428108215332,0.36044699350992837,0.9776087999343872,0.4538911819458008,0.3610862731933594,0.9926502108573914,0.82949857711792,0.6755270640055339,0.7077693343162537,0.4752686023712158,0.907812754313151,0.8794465661048889,0.9746867179870605,0.8087355295817057,0.5341922640800476,0.7621524810791016,0.959728495279948,0.7073875069618225,0.482575798034668,0.8047380447387695,0.5936955213546753,0.29097685813903806,0.8333988189697266,0.5029313564300537,0.7516013622283936,0.8928155899047852,0.02952650375664234,0.5131490230560303,0.9378003438313802,0.03490768000483513,0.5196686744689941,0.8715306599934896,0.004156691953539848,0.4805005073547363,0.9446898142496745,0.0034096387680619955
pushup,0.8107719421386719,0.3103928248087565,0.9961599111557007,0.8696606636047364,0.2686684926350911,0.9246200323104858,0.7839360237121582,0.20986385345458985,0.9984643459320068,0.8737590789794922,0.2525040626525879,0.032051850110292435,0.6698542594909668,0.11821339925130209,0.9946163296699524,0.7588982582092285,0.3702772776285807,0.955206573009491,0.45438399314880373,0.3482252438863119,0.9851346611976624,0.8273394584655762,0.6703505198160807,0.6709133386611938,0.3507347345352173,0.8754409154256185,0.8193594813346863,0.9572683334350586,0.8670415242513021,0.5237327814102173,0.5123558521270752,1.0,0.6805384755134583,0.5208862781524658,0.8607888539632161,0.31776437163352966,0.31948873996734617,0.8755873362223308,0.25966253876686096,0.7401272773742675,0.9371842702229818,0.006346933543682098,0.4630302906036377,0.9700203577677409,0.0070989690721035,0.47046666145324706,0.8647542953491211,0.0010664743604138494,0.3769710063934326,0.9216464360555013,0.0008374214521609247
pushup,0.8149801254272461,0.3076594034830729,0.9982136487960815,0.8710098266601562,0.2676904042561849,0.9559304714202881,0.7905950546264648,0.21514310836791992,0.9988855719566345,0.8794635772705078,0.26081438064575196,0.065341055393219,0.6857760906219482,0.1391848882039388,0.995087206363678,0.7772968769073486,0.39068559010823567,0.985421895980835,0.45053935050964355,0.35260022481282555,0.9959015250205994,0.81490478515625,0.6848705291748047,0.8876916766166687,0.2804993152618408,0.8120653788248698,0.949252188205719,0.9307044982910156,0.9548935572306315,0.7285182476043701,0.35148015022277834,1.0,0.8687602281570435,0.5132955074310303,0.8429686228434244,0.7222709059715271,0.29620139598846434,0.8477702458699544,0.7011708617210388,0.7458318710327149,0.9070677439371745,0.04145412519574165,0.4056123733520508,0.9243255615234375,0.04783979803323746,0.5271980285644531,0.9205724080403646,0.00495990039780736,0.32308320999145507,0.9656092325846354,0.0040768813341856
pushup,0.823243522644043,0.3117663065592448,0.9981623291969299,0.8778255462646485,0.2690504709879557,0.9520819187164307,0.7957893371582031,0.2194805145263672,0.999096155166626,0.8824743270874024,0.2615264256795247,0.05826432630419731,0.6855212211608886,0.14836641947428386,0.9963284134864807,0.7757404327392579,0.3865715980529785,0.9852100014686584,0.4581817626953125,0.3424105962117513,0.9974406957626343,0.7921541213989258,0.6431641896565755,0.8799346685409546,0.24847939014434814,0.7466522216796875,0.9713953733444214,0.9053146362304687,0.8488380432128906,0.7400550246238708,0.28889777660369875,0.9739874521891276,0.9097062945365906,0.5090678215026856,0.80877685546875,0.8722474575042725,0.2969257593154907,0.80721435546875,0.8852435946464539,0.707190990447998,0.9195216496785482,0.0743069052696228,0.36422712802886964,0.9260255813598632,0.0993247851729393,0.49611520767211914,0.9148246765136718,0.007144121453166008,0.2479943037033081,0.9442966461181641,0.006638835184276104
pushup,0.8308727264404296,0.3151850382486979,0.9973547458648682,0.8945358276367188,0.27437648773193357,0.9604412317276001,0.8090324401855469,0.2214707056681315,0.9981049299240112,0.918855857849121,0.257234001159668,0.13274110853672028,0.707544994354248,0.13077386220296225,0.9902921319007874,0.820802116394043,0.37920506795247394,0.9849517941474915,0.4547135353088379,0.29713878631591795,0.998214840888977,0.8230145454406739,0.6120038986206054,0.8765507340431213,0.20002567768096924,0.6573979059855143,0.9796109199523926,0.887234878540039,0.821161397298177,0.8108081221580505,0.27746851444244386,0.9904146830240885,0.9287468791007996,0.47788262367248535,0.728099250793457,0.944969117641449,0.2508578300476074,0.6967478434244792,0.9593945145606995,0.4914283275604248,0.9233172734578451,0.2649897336959839,0.2237253427505493,0.8991842269897461,0.34768474102020264,0.26837978363037107,0.912344487508138,0.024385761469602585,0.16623923778533936,0.9219253540039063,0.024387869983911514
pushup,0.8392984390258789,0.32215245564778644,0.9964808821678162,0.8931894302368164,0.2845022519429525,0.9257242679595947,0.8203500747680664,0.23639233907063803,0.9969179630279541,0.89393310546875,0.26499951680501305,0.09794701635837555,0.7146655559539795,0.15076847076416017,0.990760087966919,0.7789817810058594,0.3880840619405111,0.994964599609375,0.4387622356414795,0.28382765452067055,0.9973600506782532,0.7630777359008789,0.5858570098876953,0.9658278822898865,0.12879581451416017,0.5577274958292643,0.9646677374839783,0.8428352355957032,0.7836306254069011,0.9243791103363037,0.17959344387054443,0.9088920593261719,0.9045607447624207,0.3898804187774658,0.7388147354125977,0.9823494553565979,0.1819124698638916,0.696936289469401,0.9731425046920776,0.40540142059326173,0.9629703521728515,0.4939507842063904,0.1735828161239624,0.9179226557413737,0.3777497708797455,0.2220097780227661,0.9803511301676432,0.04366634413599968,0.11976819038391114,0.9492982228597006,0.02442527748644352
pushup,0.8488197326660156,0.3589237848917643,0.9807314276695251,0.8990030288696289,0.32878519694010416,0.6608588695526123,0.83922119140625,0.27933731079101565,0.9872597455978394,0.8917701721191407,0.31038080851236977,0.03809754177927971,0.7427208423614502,0.19413843154907226,0.9867584109306335,0.7643186569213867,0.4107110341389974,0.986148476600647,0.41910691261291505,0.29404735565185547,0.9928574562072754,0.7346084594726563,0.6016213734944661,0.9337689876556396,0.07097973823547363,0.5667238235473633,0.9408637881278992,0.8431143760681152,0.706667963663737,0.8919366598129272,0.20627520084381104,0.9237916310628255,0.8615202307701111,0.3556034564971924,0.7843794504801432,0.9627366065979004,0.13512094020843507,0.7488433837890625,0.9431847929954529,0.4691630363464355,1.0,0.18851472437381744,0.21619179248809814,0.9717690149943033,0.1383955478668213,0.35217306613922117,1.0,0.009579610079526901,0.19897260665893554,0.9689148585001628,0.005907382350414991
pushup,0.8476876258850098,0.33886896769205727,0.9957454800605774,0.8932449340820312,0.30553388595581055,0.8457251191139221,0.8313436508178711,0.25849908192952475,0.9978456497192383,0.8772916793823242,0.2721041361490885,0.029668176546692848,0.7217160224914551,0.16192156473795574,0.9947876930236816,0.7565149784088134,0.3734240214029948,0.9880611896514893,0.45037841796875,0.24756075541178385,0.9964838027954102,0.7575953483581543,0.5102981249491374,0.9267876744270325,0.12894582748413086,0.41685988108317057,0.9670881628990173,0.8482514381408691,0.6632640202840169,0.8838272094726562,0.0878366470336914,0.7609846750895183,0.9265384674072266,0.364705753326416,0.7809683481852213,0.9778125882148743,0.1749591827392578,0.7241214116414388,0.9756264686584473,0.41623811721801757,1.0,0.38143259286880493,0.20222418308258056,0.9548960367838542,0.33992913365364075,0.2847388982772827,1.0,0.03171144053339958,0.1545764446258545,0.9453034083048503,0.02209191396832466
pushup,0.8520254135131836,0.35794293085734047,0.9800998568534851,0.9007102012634277,0.3172095934549967,0.5344706177711487,0.8313981056213379,0.27671801249186195,0.9955922961235046,0.8862645149230957,0.28059285481770835,0.008279518224298954,0.7157437324523925,0.18110386530558267,0.9946891069412231,0.7461122512817383,0.37945245107014974,0.9013842344284058,0.442289400100708,0.2368546962738037,0.9878287315368652,0.7293406009674073,0.5339759826660156,0.49910789728164673,0.08621907234191895,0.3768789291381836,0.8961964845657349,0.8441908836364747,0.6643239974975585,0.4380798935890198,0.09532694816589356,0.7237141927083334,0.7850114703178406,0.36437315940856935,0.7109287897745769,0.9313859939575195,0.18074557781219483,0.6609547297159831,0.9525620341300964,0.4053341865539551,1.0,0.37182894349098206,0.23461151123046875,0.9638601303100586,0.4409225881099701,0.3239719390869141,1.0,0.056876495480537415,0.2338728666305542,0.997281010945638,0.05223037302494049
pushup,0.8617202758789062,0.3796743075052897,0.9847501516342163,0.9108332633972168,0.34239432017008464,0.6172497272491455,0.8405463218688964,0.2959896087646484,0.9963397979736328,0.8953333854675293,0.31523272196451824,0.009622208774089813,0.7214263439178467,0.19868545532226561,0.9952517747879028,0.7561026573181152,0.44129152297973634,0.9268051385879517,0.4477517127990723,0.23925687472025553,0.9889761209487915,0.7314341545104981,0.6066498438517253,0.5413364768028259,0.09336795806884765,0.3183031717936198,0.8963932991027832,0.8466137886047364,0.6467754364013671,0.5143769383430481,0.11013603210449219,0.6257284800211589,0.8339840769767761,0.3878253698348999,0.7553445180257161,0.9433958530426025,0.20197248458862305,0.6806690851847331,0.9603202939033508,0.41459455490112307,1.0,0.3766591548919678,0.2436190128326416,0.974462381998698,0.44443172216415405,0.35228981971740725,1.0,0.05055548995733261,0.24432363510131835,0.9831068674723308,0.04750678315758705
pushup,0.86195068359375,0.39836851755777997,0.9738306999206543,0.9109405517578125,0.3572008768717448,0.3887036144733429,0.837527847290039,0.3061561902364095,0.9942986965179443,0.8985117912292481,0.3329184532165527,0.0033041711430996656,0.7169126987457275,0.2083630879720052,0.9931007623672485,0.7617440223693848,0.4944368044535319,0.8095735311508179,0.47638578414916993,0.25750349362691244,0.9841653108596802,0.7262133598327637,0.6252293904622396,0.3169724941253662,0.16528477668762206,0.268980598449707,0.9227890372276306,0.8366481781005859,0.6348119099934896,0.43287864327430725,0.13319544792175292,0.5829476038614909,0.9018728733062744,0.3826472520828247,0.8048301696777344,0.8935768604278564,0.21360492706298828,0.6998469034830729,0.9511624574661255,0.3902782917022705,1.0,0.27862921357154846,0.24089362621307372,0.9296200434366862,0.4577123522758484,0.28514552116394043,1.0,0.0436532236635685,0.18573148250579835,0.918959108988444,0.05795401334762573
pushup,0.8702644348144531,0.40639139811197916,0.9879457950592041,0.9196962356567383,0.36643365224202473,0.515565812587738,0.8465999603271485,0.315001106262207,0.9978323578834534,0.9019027709960937,0.33179070154825846,0.004297755192965269,0.7230086326599121,0.2082854906717936,0.9971600770950317,0.747231388092041,0.4547356923421224,0.8572170734405518,0.48160643577575685,0.24652506510416666,0.9930452704429626,0.7127129554748535,0.5493796030680339,0.37613070011138916,0.1822338342666626,0.2640981674194336,0.961858332157135,0.8504190444946289,0.6011269251505534,0.4781132638454437,0.14266626834869384,0.5542442957560222,0.9385890960693359,0.3627729892730713,0.7675243377685547,0.9069004654884338,0.20418424606323243,0.6724643707275391,0.9636165499687195,0.3702181339263916,1.0,0.26823508739471436,0.2315079927444458,0.9295406977335612,0.47756990790367126,0.2508049726486206,1.0,0.03294655308127403,0.16540803909301757,0.9066244125366211,0.04743336886167526
pushup,0.8718085289001465,0.41754423777262367,0.9876435995101929,0.9211966514587402,0.3750190734863281,0.5780850648880005,0.8478536605834961,0.32633771896362307,0.9978733062744141,0.9088415145874024,0.3326685587565104,0.004791282117366791,0.7267786026000976,0.21350498199462892,0.9965401887893677,0.7698305130004883,0.4609286944071452,0.8024840354919434,0.47299990653991697,0.24630339940388998,0.9885170459747314,0.75179123878479,0.5884946823120117,0.271317720413208,0.16275424957275392,0.2738398869832357,0.9327296018600464,0.858616828918457,0.6540501912434896,0.38538601994514465,0.15723421573638915,0.5788132985432942,0.907095730304718,0.38163142204284667,0.7729735056559245,0.8297410607337952,0.20328598022460936,0.679667599995931,0.9274066090583801,0.40180048942565916,1.0,0.1698824167251587,0.24260241985321046,0.9408690770467122,0.3399401009082794,0.3050073146820068,1.0,0.022355351597070694,0.20080623626708985,0.9316709518432618,0.03290654346346855
pushup,0.8573247909545898,0.41843395233154296,0.966183066368103,0.9095223426818848,0.3775070826212565,0.30901867151260376,0.8349275588989258,0.3245165506998698,0.9928971529006958,0.9013204574584961,0.3465811093648275,0.0027114087715744972,0.7157451629638671,0.21592666308085123,0.9927843809127808,0.7608982563018799,0.48425814310709636,0.803179919719696,0.4637909412384033,0.24345978101094565,0.9873926043510437,0.7395702838897705,0.649220085144043,0.34846439957618713,0.14650352001190187,0.2951008478800456,0.9534451961517334,0.8436957359313965,0.6473996480305989,0.5069699883460999,0.160378360748291,0.6114668528238932,0.9404744505882263,0.3806816816329956,0.7500865300496419,0.9182049036026001,0.2017305850982666,0.6506018320719401,0.967195987701416,0.4100620269775391,1.0,0.3562498688697815,0.24994466304779053,0.9332804997762044,0.5896455645561218,0.3176918029785156,1.0,0.04964376613497734,0.2120053291320801,0.956078847249349,0.07279637455940247
pushup,0.8575925827026367,0.42473201751708983,0.973997175693512,0.9105135917663574,0.3818400700887044,0.32237571477890015,0.8339451789855957,0.33037989934285483,0.9957451224327087,0.8924310684204102,0.3466588020324707,0.002721997443586588,0.7059532165527344,0.21868882179260254,0.9974178075790405,0.7341544151306152,0.4665953000386556,0.8817816972732544,0.43157072067260743,0.24547963142395018,0.9912875294685364,0.699892807006836,0.6512085596720377,0.4274612069129944,0.09082245826721191,0.3464433034261068,0.9446312785148621,0.8529762268066406,0.6657494862874349,0.49039873480796814,0.16139261722564696,0.6596188227335612,0.9125528931617737,0.37187838554382324,0.7307846069335937,0.90997713804245,0.1892937421798706,0.6532376607259115,0.9542271494865417,0.43474040031433103,1.0,0.2737271189689636,0.26648435592651365,0.9603219985961914,0.41911840438842773,0.37762956619262694,1.0,0.028921151533722878,0.2709846258163452,0.966268793741862,0.03399408236145973
pushup,0.8522132873535156,0.43188511530558266,0.9861321449279785,0.9036161422729492,0.39235013326009116,0.5177357792854309,0.8337143898010254,0.3429789861043294,0.997173547744751,0.887815284729004,0.34728806813557944,0.006717040203511715,0.7171082496643066,0.22613995869954426,0.9975111484527588,0.7368721961975098,0.440895144144694,0.9363834261894226,0.435064697265625,0.2552324295043945,0.9945113658905029,0.7081902980804443,0.6295321146647136,0.6144065260887146,0.09283552169799805,0.4068129221598307,0.959478497505188,0.861604118347168,0.6849493026733399,0.6178451180458069,0.1329634428024292,0.7461409250895182,0.9191164970397949,0.36436965465545657,0.7112183252970378,0.9250932931900024,0.18085033893585206,0.6475547790527344,0.9556184411048889,0.4583737850189209,1.0,0.3114371597766876,0.266639256477356,0.9550272623697916,0.42723098397254944,0.406017541885376,1.0,0.029152745380997658,0.2714272737503052,0.9873068491617839,0.03158698230981827
pushup,0.8571523666381836,0.43783582051595055,0.9799726605415344,0.9018346786499023,0.40780932108561196,0.4826139211654663,0.8469998359680175,0.3576077461242676,0.9931783676147461,0.8737573623657227,0.3671671549479167,0.011875318363308907,0.7391852378845215,0.24800726572672527,0.9953908920288086,0.7233955383300781,0.43596102396647135,0.9705815315246582,0.4335011959075928,0.2883937199910482,0.9945817589759827,0.6859983444213867,0.5996786117553711,0.8534154295921326,0.07980194091796874,0.4773418108622233,0.96635901927948,0.8434928894042969,0.7140065511067708,0.8224335312843323,0.18484876155853272,0.8242766698201497,0.9248664379119873,0.34851908683776855,0.7688233693440755,0.9657841324806213,0.16363270282745362,0.7199074427286783,0.969551146030426,0.4319366455078125,1.0,0.2948403060436249,0.2198575258255005,0.9753554026285808,0.31212151050567627,0.3467699527740479,1.0,0.020142322406172752,0.19282231330871583,0.9971285502115885,0.016719097271561623
pushup,0.8526891708374024,0.3946659723917643,0.9949890971183777,0.9052594184875489,0.3577697436014811,0.8256598114967346,0.8325098991394043,0.3084849993387858,0.9983599781990051,0.8896743774414062,0.32009922663370766,0.025719735771417618,0.7105969429016114,0.2056637446085612,0.9970867037773132,0.7502401828765869,0.3992626190185547,0.9853014349937439,0.4183975696563721,0.2860864003499349,0.9953595995903015,0.7430996417999267,0.5828512827555339,0.8594294190406799,0.0999410629272461,0.5278172175089518,0.9302613139152527,0.8523184776306152,0.7388329823811849,0.7315649390220642,0.08311829566955567,0.9011771519978841,0.7966228723526001,0.35118956565856935,0.7353736877441406,0.9522022008895874,0.14704997539520265,0.6954634348551433,0.9431506395339966,0.4594109058380127,1.0,0.34006235003471375,0.24293689727783202,0.9576836903889974,0.29227909445762634,0.35175671577453616,1.0,0.03450393304228783,0.2456609010696411,0.9861855824788411,0.0235738605260849
pushup,0.8384890556335449,0.39130287170410155,0.9973000884056091,0.8960391998291015,0.3539023717244466,0.9343236088752747,0.8184060096740723,0.29721253712972007,0.9983559250831604,0.9013070106506348,0.3251328150431315,0.058954231441020966,0.7064614772796631,0.19291629791259765,0.9911254048347473,0.7895831108093262,0.4446104049682617,0.9855139255523682,0.4429004192352295,0.302225399017334,0.9957375526428223,0.8044820785522461,0.6253234227498372,0.8621833920478821,0.1527679443359375,0.5202483495076498,0.950693666934967,0.8485554695129395,0.8006816228230794,0.7875989079475403,0.1074300765991211,0.8927909851074218,0.8703574538230896,0.36590914726257323,0.7689591725667317,0.9456846714019775,0.15809247493743897,0.6974969228108724,0.9459003210067749,0.3729300022125244,0.9968411763509114,0.34054431319236755,0.16242408752441406,0.9025405248006185,0.34515297412872314,0.15576658248901368,1.0,0.03740176185965538,0.08843269348144531,0.9563857396443685,0.02984980121254921
pushup,0.8197211265563965,0.38265552520751955,0.9967857599258423,0.8812616348266602,0.344075870513916,0.9504371881484985,0.7996317863464355,0.28655846913655597,0.9982815980911255,0.8973576545715332,0.3201470692952474,0.07608941942453384,0.6959856986999512,0.18357086181640625,0.988923192024231,0.7971129894256592,0.44525267283121744,0.9683141112327576,0.443741512298584,0.31973559061686196,0.9932576417922974,0.8259782791137695,0.6971823374430338,0.6386914253234863,0.1767261266708374,0.6450031280517579,0.9037625193595886,0.8908804893493653,0.851140848795573,0.5050906538963318,0.2103665828704834,0.9441305796305338,0.7465408444404602,0.40978198051452636,0.7759006500244141,0.8325999975204468,0.19616665840148925,0.7192195892333985,0.8574066162109375,0.4117090702056885,0.9488071441650391,0.20002014935016632,0.18497262001037598,0.9015933990478515,0.25870031118392944,0.15289366245269775,0.9616018295288086,0.03229605033993721,0.09606518745422363,0.9624772389729818,0.03030947782099247
pushup,0.8168672561645508,0.39147961934407555,0.9981145858764648,0.8784191131591796,0.3455518086751302,0.9735075235366821,0.7896361351013184,0.2918465296427409,0.9984815716743469,0.8994258880615235,0.3105713526407878,0.10239827632904053,0.6788029670715332,0.18524599075317383,0.9822928309440613,0.815621280670166,0.4430766423543294,0.9771839380264282,0.43451848030090334,0.34821319580078125,0.9949051141738892,0.8440893173217774,0.7295326232910156,0.8504766821861267,0.19445247650146485,0.7362820307413737,0.9524649977684021,0.9156095504760742,0.8042970657348633,0.7824206352233887,0.1951122283935547,0.9660236994425456,0.8843979239463806,0.5033644199371338,0.8067349116007487,0.8088597655296326,0.2617649078369141,0.7692015329996745,0.8266180753707886,0.5547335624694825,0.9435166676839193,0.08183957636356354,0.2257444143295288,0.904042116800944,0.09569362550973892,0.3833277225494385,0.9194136301676432,0.006839115172624588,0.15846216678619385,0.9219767888387044,0.00600217841565609
pushup,0.8086296081542969,0.40674222310384117,0.9982806444168091,0.8610969543457031,0.36665770212809246,0.9421663284301758,0.7853944778442383,0.31269585291544594,0.999200165271759,0.8644731521606446,0.3294743220011393,0.019907215610146523,0.6692552089691162,0.20153039296468098,0.9959062337875366,0.7762494564056397,0.4417088190714518,0.9602516889572144,0.41509199142456055,0.3831196149190267,0.9932606816291809,0.8226056098937988,0.742186164855957,0.7452465295791626,0.2296889066696167,0.8181372324625651,0.9277622103691101,0.8970542907714844,0.9560292561848959,0.6580476760864258,0.309491491317749,0.9897530237833659,0.888995349407196,0.5345274448394776,0.8308634440104167,0.3978519141674042,0.30344057083129883,0.8289671579996745,0.44188255071640015,0.7159478187561035,0.8660853068033855,0.02557283453643322,0.3733628749847412,0.8798213958740234,0.03311353176832199,0.5423442363739014,0.8696494420369466,0.004622347187250853,0.35279486179351804,0.9168556849161784,0.00409516179934144
pushup,0.7989584922790527,0.41298828125,0.9975627660751343,0.8549199104309082,0.37126824061075847,0.9466546773910522,0.7741276264190674,0.3185525894165039,0.9988734126091003,0.8633918762207031,0.33268426259358724,0.025015970692038536,0.6612917423248291,0.2071555773417155,0.9932937622070312,0.7690211296081543,0.4228229522705078,0.9381304979324341,0.42106094360351565,0.3980652491251628,0.9848308563232422,0.8308682441711426,0.7326360702514648,0.6679448485374451,0.2713298320770264,0.8952381134033203,0.8410326838493347,0.906212043762207,0.9592644373575846,0.5970141887664795,0.405609655380249,1.0,0.7961512804031372,0.5343654155731201,0.8067454020182292,0.2809202969074249,0.3095133304595947,0.8238560994466145,0.2701464891433716,0.7203402042388916,0.8162142435709635,0.023790746927261353,0.38976738452911375,0.8769361495971679,0.027416231110692024,0.5053139209747315,0.8137225468953451,0.006318315397948027,0.3492491006851196,0.9216943105061849,0.005014010705053806
pushup,0.7918708801269532,0.42133108774820965,0.9946464896202087,0.8455751419067383,0.3743799527486165,0.9062052369117737,0.761257266998291,0.32869145075480144,0.9984384179115295,0.8578763008117676,0.3207931200663249,0.01961994357407093,0.6535359382629394,0.21314458847045897,0.9933338761329651,0.7830599784851074,0.4203042984008789,0.8958812355995178,0.4365094184875488,0.38767598470052084,0.9729226231575012,0.8516228675842286,0.7696525573730468,0.3116738796234131,0.3813340187072754,0.9223613739013672,0.6548905372619629,0.9362371444702149,0.694415283203125,0.32388681173324585,0.6105568885803223,0.9314793904622396,0.5782904624938965,0.5521890640258789,0.8517294565836588,0.1550929695367813,0.3281274318695068,0.8625636418660482,0.1503314971923828,0.7573527812957763,0.9188297271728516,0.009329943917691708,0.4731143951416016,0.934352429707845,0.013623706065118313,0.5892692089080811,0.8926247278849284,0.002439115894958377,0.47267937660217285,0.9358740488688151,0.0024681766517460346
pushup,0.7789649963378906,0.42734285990397136,0.9938784241676331,0.8387706756591797,0.3812739690144857,0.8802382349967957,0.7514312744140625,0.331518300374349,0.9980047345161438,0.8546966552734375,0.3340087890625,0.02566605433821678,0.6468166828155517,0.21709874471028645,0.9909332990646362,0.7617825031280517,0.4307453155517578,0.9216346740722656,0.4418944358825684,0.38537235260009767,0.9767911434173584,0.8220692634582519,0.7854888280232747,0.4214189052581787,0.46543254852294924,0.9074068069458008,0.7614300847053528,0.8597934722900391,0.5738654454549154,0.5798002481460571,0.7228782653808594,0.8077397664388021,0.773305356502533,0.5097584247589111,0.7938957214355469,0.28063228726387024,0.2992675304412842,0.7974886576334635,0.2661808729171753,0.7423662185668946,0.8847028096516927,0.035462673753499985,0.48153371810913087,0.8995981216430664,0.05065698176622391,0.6069850444793701,0.8869284947713216,0.006560941692441702,0.49906768798828127,0.9632422129313151,0.00656849192455411
pushup,0.7718222618103028,0.4243594805399577,0.9928471446037292,0.8341532707214355,0.385883363087972,0.8552120327949524,0.7482205867767334,0.3280223846435547,0.9961906671524048,0.847901439666748,0.33963966369628906,0.03626024350523949,0.6440988540649414,0.2052894910176595,0.9838078618049622,0.747913408279419,0.4397505442301432,0.9694730639457703,0.43590030670166013,0.3916894594828288,0.9771281480789185,0.8400691986083985,0.779432996114095,0.6592106223106384,0.512727689743042,0.9484163920084635,0.6968005299568176,0.8568727493286132,0.5398704528808593,0.6859126091003418,0.760655403137207,0.8139898935953777,0.6646802425384521,0.4378541946411133,0.853510030110677,0.282559335231781,0.24686050415039062,0.8407103856404622,0.1799740344285965,0.5897891998291016,0.9414364496866862,0.02426544763147831,0.4528533935546875,0.9275007247924805,0.021034758538007736,0.37633862495422366,0.8648024876912435,0.0031910159159451723,0.5041275501251221,0.9145929336547851,0.0021289000287652016
pushup,0.7655857086181641,0.41422964731852213,0.9914095997810364,0.8289043426513671,0.3717242558797201,0.8573285341262817,0.7459928512573242,0.3222047487894694,0.9956231713294983,0.8446642875671386,0.3134016036987305,0.059551939368247986,0.6483315467834473,0.19947417577107748,0.9802127480506897,0.7424468040466309,0.375590451558431,0.9635674357414246,0.44228229522705076,0.3972908020019531,0.9827592372894287,0.847932243347168,0.6746405283610026,0.6077278256416321,0.5018659114837647,0.9633730570475261,0.72921222448349,0.921749496459961,0.6857960383097331,0.5326642990112305,0.6823372840881348,0.9699793497721354,0.48652932047843933,0.40599651336669923,0.8174249013264974,0.45108357071876526,0.2218336820602417,0.82641175587972,0.3386581838130951,0.5104644298553467,0.975196647644043,0.0375848226249218,0.3697077512741089,0.9802100499471028,0.03530523553490639,0.2979299068450928,0.9006924311319987,0.005404243711382151,0.41362152099609373,0.9471185048421223,0.003927034791558981
pushup,0.7682465076446533,0.405453364054362,0.9913941025733948,0.82713623046875,0.3685249964396159,0.8400683999061584,0.7447646617889404,0.31441977818806965,0.9960895776748657,0.8399510383605957,0.32099889119466146,0.03909950703382492,0.6444334506988525,0.19515225092569988,0.9873160123825073,0.7495285987854003,0.42827192942301434,0.9621989130973816,0.4312592506408691,0.37964776357014973,0.9782149791717529,0.8341919898986816,0.7731157938639323,0.543082058429718,0.5033710956573486,0.9242222468058269,0.6694309115409851,0.8609644889831543,0.5383007049560546,0.5564799904823303,0.7855206489562988,0.7641276041666667,0.624115526676178,0.4622462749481201,0.859912618001302,0.19312207400798798,0.270640230178833,0.8524258931477865,0.1323065161705017,0.6315877437591553,0.9186996459960938,0.016634998843073845,0.5080016613006592,0.901629384358724,0.016482532024383545,0.4456127643585205,0.8617345174153646,0.0026636652182787657,0.6025778770446777,0.8960432688395182,0.0019873976707458496
pushup,0.7726394653320312,0.4012234369913737,0.9939247965812683,0.8318450927734375,0.36027215321858724,0.8920754194259644,0.7507341861724853,0.30807336171468097,0.9977929592132568,0.8448579788208008,0.30985864003499347,0.03776473179459572,0.6547796726226807,0.18684806823730468,0.9919335246086121,0.7428680419921875,0.3807127316792806,0.9256303906440735,0.45115346908569337,0.3726820945739746,0.9838378429412842,0.8208483695983887,0.696826171875,0.4522571265697479,0.44460434913635255,0.9067335764567057,0.8031827211380005,0.9504055976867676,0.8209770838419597,0.4013158977031708,0.6676239967346191,0.9736928304036458,0.6723037958145142,0.5087454319000244,0.8031368255615234,0.29719316959381104,0.32062344551086425,0.8249340057373047,0.29379716515541077,0.7155248165130615,0.8868427276611328,0.022920286282896996,0.4810600280761719,0.929494031270345,0.03597945347428322,0.5091410636901855,0.891668192545573,0.005700515583157539,0.47301621437072755,0.9805868784586589,0.006006789393723011
pushup,0.782421350479126,0.39764556884765623,0.9964305758476257,0.8440232276916504,0.3505439758300781,0.9494582414627075,0.753641414642334,0.2958619435628255,0.9981591105461121,0.8592388153076171,0.29700889587402346,0.036221545189619064,0.6429104328155517,0.1688417116800944,0.9876998662948608,0.7679818153381348,0.3999488830566406,0.9150347113609314,0.41674075126647947,0.379217529296875,0.9701345562934875,0.8228530883789062,0.7311757405598959,0.5774887204170227,0.3025963544845581,0.9235879898071289,0.6800833940505981,0.9381409645080566,0.8777695337931315,0.5109176635742188,0.4396251678466797,1.0,0.5852986574172974,0.5564446926116944,0.8751166025797527,0.10200586169958115,0.33325579166412356,0.8949349721272787,0.07747654616832733,0.7368578910827637,0.8692217508951823,0.003944878466427326,0.4334632396697998,0.9066970825195313,0.003719378961250186,0.5484445571899415,0.8016894658406576,0.001184862689115107,0.4394188404083252,0.8748619715372722,0.0008679665043018758
pushup,0.7889081954956054,0.3880001703898112,0.9971184730529785,0.8440604209899902,0.34381542205810545,0.943373441696167,0.7636452674865722,0.29221305847167967,0.9988058805465698,0.8558645248413086,0.2997227350870768,0.02959396317601204,0.6611698150634766,0.17443809509277344,0.994125485420227,0.7616806030273438,0.42194782892862953,0.9401346445083618,0.4272585391998291,0.3394620895385742,0.9853044152259827,0.8181276321411133,0.7416706720987956,0.5972440242767334,0.2825149059295654,0.7790697733561198,0.8782002925872803,0.9481916427612305,0.8783201853434245,0.5679466128349304,0.5704515457153321,0.8275240580240886,0.8669426441192627,0.5064367771148681,0.8603263854980469,0.47648775577545166,0.28533430099487306,0.8546260197957357,0.491263210773468,0.6845723152160644,0.9090941111246745,0.02184375375509262,0.3618632793426514,0.952032725016276,0.03486783057451248,0.45708866119384767,0.8758241653442382,0.004296514671295881,0.2763709783554077,0.9601697285970052,0.004072823561728001
pushup,0.7993859767913818,0.3809138615926107,0.9980803728103638,0.8574359893798829,0.33761828740437827,0.9666798710823059,0.7737442016601562,0.280642827351888,0.9988569021224976,0.8689085006713867,0.2978773752848307,0.04755594953894615,0.6609425067901611,0.165591303507487,0.9883861541748047,0.7817531585693359,0.40794347127278646,0.967780590057373,0.42668681144714354,0.33284873962402345,0.9920580983161926,0.825678539276123,0.6912119547526042,0.8086327314376831,0.21419310569763184,0.7417825063069662,0.9357784390449524,0.9036942481994629,0.8123132069905599,0.7133870124816895,0.23829481601715088,0.9758141835530599,0.8631771802902222,0.5312574863433838,0.8510767618815104,0.7242943644523621,0.29631929397583007,0.8350975672403972,0.7320117950439453,0.6812320709228515,0.9323797225952148,0.03563598543405533,0.3132930755615234,0.9283405303955078,0.04435691982507706,0.5004310607910156,0.9095299402872722,0.004692266695201397,0.2281278133392334,0.9474526723225911,0.004253120627254248
pushup,0.8067209243774414,0.37027320861816404,0.9974855184555054,0.868867301940918,0.3263713836669922,0.9571145176887512,0.7804368019104004,0.2711793899536133,0.9988149404525757,0.8895351409912109,0.29425299962361656,0.059259217232465744,0.6716608524322509,0.16295506159464518,0.9918129444122314,0.8059843063354493,0.42503410975138345,0.9550560712814331,0.42224998474121095,0.30674613316853844,0.995364785194397,0.8342741966247559,0.6676922480265299,0.5459262728691101,0.15490264892578126,0.6495382944742839,0.9351367950439453,0.8986130714416504,0.6897087097167969,0.4961680471897125,0.18737668991088868,0.9509047826131185,0.8159627914428711,0.4523127555847168,0.7761238733927409,0.7850975394248962,0.22095413208007814,0.7253477732340495,0.8629450798034668,0.4355886936187744,0.9556571960449218,0.14052969217300415,0.19118432998657225,0.9050255457560221,0.22904475033283234,0.20908985137939454,0.9529839833577474,0.019480040296912193,0.12971057891845703,0.9480564753214519,0.022323360666632652
pushup,0.8075735092163085,0.3597315152486165,0.9948434829711914,0.8576621055603028,0.3255880037943522,0.9048601388931274,0.7925105094909668,0.2765902837117513,0.9960116147994995,0.8643444061279297,0.3069850285847982,0.06532858312129974,0.6970883846282959,0.189009952545166,0.9826198816299438,0.7880231857299804,0.457989501953125,0.9774407744407654,0.43863492012023925,0.3145667394002279,0.9954012632369995,0.817010498046875,0.6569579442342123,0.7669012546539307,0.13580968379974365,0.5398312886555989,0.9452504515647888,0.854551887512207,0.7753745396931966,0.7351798415184021,0.15710756778717042,0.897671890258789,0.8628309369087219,0.38191750049591067,0.7859141667683919,0.8915643692016602,0.18026535511016845,0.7105084737141927,0.9129399657249451,0.27570462226867676,0.9170575459798177,0.31138864159584045,0.1066596269607544,0.8302080790201823,0.35766226053237915,0.05678229331970215,0.9661090850830079,0.045932136476039886,0.054082822799682614,0.9016959508260091,0.04161498323082924
pushup,0.8042757034301757,0.3684818267822266,0.9940868616104126,0.8576687812805176,0.3403469721476237,0.8779909014701843,0.794494915008545,0.2834458033243815,0.996562659740448,0.8537684440612793,0.3184888521830241,0.06491785496473312,0.696036434173584,0.18155364990234374,0.9906595945358276,0.7356844902038574,0.4393082936604818,0.9863957166671753,0.41031684875488283,0.2627039591471354,0.9929239749908447,0.7498875141143799,0.6315195083618164,0.8805721998214722,0.09749426841735839,0.45709781646728515,0.9164086580276489,0.8331321716308594,0.7180183410644532,0.8335197567939758,0.13946521282196045,0.8327683766682943,0.8347373008728027,0.3254223346710205,0.7876455942789714,0.9501065015792847,0.12567589282989503,0.7138731638590495,0.934212327003479,0.37516834735870364,1.0,0.2692895233631134,0.16510937213897706,0.9695231119791666,0.2261771857738495,0.2410327434539795,1.0,0.021151909604668617,0.1381249189376831,0.9903914133707682,0.01438905019313097
pushup,0.8170458793640136,0.35631736119588214,0.9925306439399719,0.8636799812316894,0.3281297047932943,0.8084297180175781,0.8029505729675293,0.27511027654012044,0.9962521195411682,0.8460308074951172,0.2992914835611979,0.036038678139448166,0.6943028450012207,0.17116613388061525,0.994470477104187,0.7273680686950683,0.4131331443786621,0.9879978895187378,0.4091794013977051,0.2397306442260742,0.9952555298805237,0.7152175426483154,0.5925716400146485,0.8924873471260071,0.09491589069366455,0.4143740971883138,0.9372502565383911,0.8300535202026367,0.6948680241902669,0.8384373784065247,0.15455729961395265,0.7281190236409505,0.8832263946533203,0.34425790309906007,0.7769374847412109,0.9623215794563293,0.15282795429229737,0.7025341033935547,0.9544753432273865,0.34453449249267576,1.0,0.37604597210884094,0.1647028684616089,0.9075796763102214,0.3198866546154022,0.21068506240844725,1.0,0.039267998188734055,0.15020737648010254,0.891185188293457,0.026896769180893898
pushup,0.8249910354614258,0.3499209721883138,0.984394907951355,0.8727895736694335,0.31825942993164064,0.6705480217933655,0.806407356262207,0.2684417724609375,0.9944434762001038,0.8581546783447266,0.29949944814046225,0.020472856238484383,0.6949821949005127,0.17628231048583984,0.9946151375770569,0.7458029747009277,0.4339844067891439,0.9722299575805664,0.4128122329711914,0.23809688886006672,0.9927956461906433,0.7308027744293213,0.6053248087565104,0.7497814893722534,0.07085466384887695,0.3661004384358724,0.9043241739273071,0.8225515365600586,0.633529535929362,0.6688603758811951,0.15319018363952636,0.7318611145019531,0.8112627863883972,0.3940047025680542,0.8264787038167317,0.9351993203163147,0.19448776245117189,0.752020263671875,0.9366815686225891,0.40891547203063966,1.0,0.13437491655349731,0.2406068801879883,0.9966873168945313,0.12905210256576538,0.3237560272216797,1.0,0.009501959197223186,0.2717940092086792,0.9454378763834635,0.007457671221345663
pushup,0.822730827331543,0.3217089335123698,0.9937224984169006,0.8669024467468261,0.28888988494873047,0.8557993769645691,0.8025014877319336,0.2437616030375163,0.9971663355827332,0.8524423599243164,0.27257823944091797,0.028022699058055878,0.6883591175079345,0.16052398681640626,0.992377758026123,0.7317814826965332,0.40186971028645835,0.9790838360786438,0.4395205020904541,0.21866453488667806,0.98593670129776,0.7431077480316162,0.5171712239583334,0.8328177332878113,0.11261916160583496,0.2607428232828776,0.8119003772735596,0.8401651382446289,0.6062516530354818,0.7464882731437683,0.07831172943115235,0.5455341339111328,0.7593784928321838,0.382533597946167,0.7583338419596354,0.9671803116798401,0.20801229476928712,0.6833831151326497,0.9509299993515015,0.41127471923828124,1.0,0.4265076518058777,0.25117576122283936,0.9468640009562175,0.30890873074531555,0.32443215847015383,1.0,0.05005430057644844,0.23865196704864503,0.9417867024739583,0.029089033603668213
pushup,0.820590877532959,0.3059197743733724,0.9947971701622009,0.8632917404174805,0.27191378275553385,0.8568450212478638,0.798830795288086,0.22722791035970052,0.9975728392601013,0.8518783569335937,0.25353914896647134,0.02361406572163105,0.6888852596282959,0.1437566121419271,0.9922153353691101,0.7370140552520752,0.40458539326985676,0.9717180728912354,0.4547548294067383,0.2067008336385091,0.9889979958534241,0.7391420841217041,0.5173170725504558,0.7943858504295349,0.1470489263534546,0.2294745127360026,0.8895362615585327,0.8450387001037598,0.5699252446492513,0.7543964385986328,0.10285415649414062,0.509625244140625,0.8618731498718262,0.38634960651397704,0.8124168395996094,0.9554560780525208,0.21630969047546386,0.7258981704711914,0.9526002407073975,0.40439209938049314,1.0,0.2778676748275757,0.24826645851135254,0.949078369140625,0.2516447603702545,0.30757999420166016,1.0,0.027086876332759857,0.20957460403442382,0.9258613586425781,0.020095691084861755
pushup,0.8207674026489258,0.2972439130147298,0.9958957433700562,0.865394115447998,0.2611827532450358,0.8743907809257507,0.7973636627197266,0.21358626683553059,0.9981741905212402,0.8544711112976074,0.24819100697835286,0.02111761085689068,0.6831686973571778,0.13140618006388347,0.9934684038162231,0.7334630966186524,0.4238045374552409,0.9690432548522949,0.45250530242919923,0.20334712664286295,0.9880167245864868,0.7309282302856446,0.5466075897216797,0.7528330087661743,0.15563130378723145,0.20712512334187824,0.8749685883522034,0.8460211753845215,0.5710384368896484,0.7390897274017334,0.10677080154418946,0.46868683497111,0.8656021952629089,0.38357703685760497,0.8182817459106445,0.9313583970069885,0.21467719078063965,0.7226307551066081,0.9297017455101013,0.4109933376312256,1.0,0.20669887959957123,0.254652214050293,0.9391434987386068,0.19268672168254852,0.32666614055633547,1.0,0.019043607637286186,0.21417486667633057,0.9028481801350912,0.014600981026887894
pushup,0.8202129364013672,0.28565753300984703,0.9965912103652954,0.8670797348022461,0.24877599080403645,0.8937469720840454,0.7962352752685546,0.20079623858133952,0.9981707334518433,0.8583351135253906,0.23884086608886718,0.027520036324858665,0.68118896484375,0.12106825510660807,0.9931308627128601,0.7313483715057373,0.4169953982035319,0.9803911447525024,0.4458193778991699,0.20003658930460613,0.9909929633140564,0.7196411609649658,0.5496468861897786,0.8477487564086914,0.13900406360626222,0.22625048955281576,0.8996744751930237,0.8265631675720215,0.5816850026448568,0.8289955854415894,0.09305524826049805,0.5213252385457356,0.8888647556304932,0.37390918731689454,0.8096862157185872,0.9512999057769775,0.20178046226501464,0.7169380823771159,0.9440223574638367,0.3986244201660156,1.0,0.2430410385131836,0.238875675201416,0.937551752726237,0.20079246163368225,0.3114453315734863,1.0,0.018970519304275513,0.19975671768188477,0.9099512100219727,0.012929044663906097
pushup,0.8160419464111328,0.2828770955403646,0.9954311847686768,0.8609265327453614,0.2457871437072754,0.8506289720535278,0.7905776977539063,0.2013354460398356,0.9978772401809692,0.8517742156982422,0.23928028742472332,0.02058415301144123,0.6753407478332519,0.1292743682861328,0.9939543604850769,0.7284507751464844,0.42748661041259767,0.976225733757019,0.43814473152160643,0.20542529424031575,0.9906094670295715,0.7157818794250488,0.5843534469604492,0.7987036108970642,0.13400309085845946,0.23800261815388998,0.8958553671836853,0.8228732109069824,0.6077533721923828,0.7781791687011719,0.12127873897552491,0.532719612121582,0.881812572479248,0.37388708591461184,0.8106075286865234,0.9451761245727539,0.19880030155181885,0.7198130289713541,0.9428513646125793,0.41350831985473635,1.0,0.2530707120895386,0.2577841281890869,0.9377700805664062,0.23268234729766846,0.34014644622802737,1.0,0.022218775004148483,0.23195834159851075,0.9184353510538737,0.016437718644738197
pushup,0.8101746559143066,0.29819825490315754,0.9957184195518494,0.8602405548095703,0.25934933026631674,0.8919144868850708,0.7845313072204589,0.21181346575419108,0.9983654618263245,0.8577260971069336,0.2519779841105143,0.02894292213022709,0.6677711009979248,0.13244158426920574,0.9948443174362183,0.7503484725952149,0.4485608736673991,0.9642347693443298,0.4200611114501953,0.2210850715637207,0.9914904236793518,0.7460591316223144,0.637730598449707,0.5809317231178284,0.09300441741943359,0.2922999699910482,0.8483198881149292,0.8127590179443359,0.6182377497355144,0.5660842061042786,0.09770069122314454,0.6128182729085286,0.7940136194229126,0.4094852447509766,0.7886118570963542,0.8605295419692993,0.21704018115997314,0.6977867126464844,0.8855156302452087,0.3992658853530884,1.0,0.1574203073978424,0.24953088760375977,0.9338963190714519,0.1687101125717163,0.3320874452590942,1.0,0.016058897599577904,0.27123308181762695,0.9050072987874349,0.013568849302828312
pushup,0.8062660217285156,0.34507888158162436,0.9688447117805481,0.8461711883544922,0.3145167668660482,0.6310062408447266,0.7894391536712646,0.27174027760823566,0.9780179858207703,0.8348161697387695,0.27850685119628904,0.023418636992573738,0.6874211311340332,0.17129828135172526,0.9686084985733032,0.7469274520874023,0.41297734578450523,0.9591280817985535,0.39564464092254636,0.22014220555623373,0.9775534272193909,0.7302945137023926,0.6362544377644856,0.8179630041122437,0.06928422451019287,0.38125664393107095,0.8469991683959961,0.821926212310791,0.6945007960001628,0.7932292819023132,0.19907734394073487,0.7067342758178711,0.8049499988555908,0.38200058937072756,0.8204217910766601,0.8888494968414307,0.16613376140594482,0.7413328806559245,0.8616974949836731,0.3381218910217285,1.0,0.07922698557376862,0.1530594825744629,0.9345298767089844,0.060273732990026474,0.2589535713195801,1.0,0.004915615543723106,0.16040403842926027,0.8725598653157552,0.0033599683083593845
pushup,0.8027250289916992,0.3276862462361654,0.9958213567733765,0.8565729141235352,0.28881619771321615,0.9143295884132385,0.7824016571044922,0.24298102060953777,0.9975677132606506,0.8556079864501953,0.25323670705159507,0.07236620783805847,0.6707171440124512,0.13893276850382488,0.9945847392082214,0.7457136154174805,0.36725212732950846,0.9919198751449585,0.3716313362121582,0.22826751073201498,0.9962283372879028,0.7392974853515625,0.5787642161051433,0.9366822838783264,0.04373350143432617,0.458189868927002,0.9429165720939636,0.813496208190918,0.7334877014160156,0.9029385447502136,0.1701514959335327,0.7798166910807292,0.9076164960861206,0.37238986492156984,0.7324526468912761,0.9712647795677185,0.14369621276855468,0.6864509582519531,0.95960533618927,0.40471906661987306,1.0,0.32083651423454285,0.1741093635559082,0.9771504720052083,0.24485599994659424,0.2952320337295532,1.0,0.019233953207731247,0.1947777271270752,0.9843589146931966,0.011603535152971745
pushup,0.7956102371215821,0.3199441909790039,0.9978506565093994,0.857363510131836,0.2773837407430013,0.9660918116569519,0.7715365409851074,0.2191909154256185,0.9984764456748962,0.8779209136962891,0.26163902282714846,0.10623664408922195,0.6635990142822266,0.12135858535766601,0.9900446534156799,0.7994200706481933,0.4778921445210775,0.9849846363067627,0.37872776985168455,0.26674038569132485,0.994819700717926,0.8077013969421387,0.766742197672526,0.793324887752533,0.07151765823364258,0.5072240511576335,0.9164742827415466,0.8357934951782227,0.822337023417155,0.7482342720031738,0.12512102127075195,0.8688735326131185,0.8571280837059021,0.40653109550476074,0.8858989715576172,0.7922086119651794,0.1508420705795288,0.7976582845052084,0.7989905476570129,0.45380449295043945,1.0,0.04579904302954674,0.18812799453735352,0.9632887522379557,0.052568964660167694,0.3149651050567627,1.0,0.0035837849136441946,0.18231794834136963,0.9417858123779297,0.0032365568913519382
pushup,0.7813408851623536,0.31634534200032555,0.9978551268577576,0.844914436340332,0.27395540873209634,0.9736856818199158,0.7612532138824463,0.21678028106689454,0.9972965121269226,0.8730265617370605,0.25108267466227213,0.19729205965995789,0.6616284370422363,0.11108277638753256,0.9778624773025513,0.8007667541503907,0.4409334182739258,0.9897156357765198,0.39415802955627444,0.2709245999654134,0.9964864253997803,0.8185346603393555,0.7101083755493164,0.8777821660041809,0.10606329441070557,0.5562899271647136,0.9369975924491882,0.8544297218322754,0.8651888529459636,0.8504220247268677,0.15849645137786866,0.9589649200439453,0.8707337379455566,0.40616493225097655,0.7878200531005859,0.8292441964149475,0.17243802547454834,0.7060096104939778,0.8217710256576538,0.3083059310913086,0.942516835530599,0.14296472072601318,0.10811553001403809,0.8422910054524739,0.13377971947193146,0.0931279182434082,0.9597866058349609,0.011710843071341515,0.09457960128784179,0.8930561065673828,0.008983522653579712
pushup,0.7830664634704589,0.3246916135152181,0.9983431100845337,0.8425033569335938,0.27761446634928383,0.9716149568557739,0.754766845703125,0.2265806833902995,0.9989497065544128,0.8664792060852051,0.24198582967122395,0.09786323457956314,0.6499963760375976,0.11965147654215495,0.9916933178901672,0.797114372253418,0.4191027959187826,0.9698352217674255,0.3988398551940918,0.2887128829956055,0.997355580329895,0.8029335975646973,0.7330912272135417,0.6568694710731506,0.14390184879302978,0.6438049952189128,0.9623194336891174,0.8653098106384277,0.9245473225911458,0.5084467530250549,0.20664143562316895,0.9391040166219076,0.8745064735412598,0.45337576866149903,0.8272902170817057,0.7520899176597595,0.21213643550872802,0.7707566579182943,0.853967547416687,0.4411923885345459,0.9652168273925781,0.0705861821770668,0.16297879219055175,0.8998866399129232,0.1305617094039917,0.21969592571258545,0.945092519124349,0.008553662337362766,0.10445008277893067,0.909070078531901,0.010205286554992199
pushup,0.774490213394165,0.33250020345052084,0.9982991814613342,0.835106086730957,0.2860569953918457,0.9719886183738708,0.7483602523803711,0.23354721069335938,0.998895525932312,0.856442642211914,0.25207564036051433,0.09470298886299133,0.643851900100708,0.12938817342122397,0.9903719425201416,0.7861286640167237,0.39080009460449217,0.9749016165733337,0.3983271837234497,0.3206475575764974,0.9963619112968445,0.8147645950317383,0.7115047454833985,0.8228995203971863,0.19695672988891602,0.7581101735432942,0.964575469493866,0.8554538726806641,0.8816228230794271,0.7064942121505737,0.2407552719116211,1.0,0.8939655423164368,0.5030807018280029,0.8302386601765951,0.7393338084220886,0.25064404010772706,0.8112475077311198,0.7911146283149719,0.6488722801208496,0.9619627634684245,0.030173897743225098,0.2649837017059326,0.9424674987792969,0.04578513652086258,0.48292012214660646,0.9273024876912435,0.002690053079277277,0.21388704776763917,0.9445485432942708,0.002802091185003519
pushup,0.7679089546203614,0.33534037272135414,0.9972199201583862,0.828194522857666,0.2940105438232422,0.9613269567489624,0.7448878765106202,0.23993136088053385,0.998245120048523,0.8430609703063965,0.2664042472839355,0.1033926010131836,0.6439396858215332,0.1391139030456543,0.9898661971092224,0.7544105052947998,0.39745397567749025,0.9674747586250305,0.4067102909088135,0.3490961710611979,0.9920288920402527,0.7971229553222656,0.7353680928548177,0.7520390748977661,0.22511072158813478,0.8341684977213542,0.8889471292495728,0.8838622093200683,0.983229382832845,0.5751800537109375,0.3170844316482544,1.0,0.7678737044334412,0.49829978942871095,0.8264383951822917,0.452424019575119,0.2764713287353516,0.8258801778157552,0.4518755078315735,0.6467339992523193,0.9232444763183594,0.018105225637555122,0.3351757526397705,0.9495982487996419,0.021211182698607445,0.44011611938476564,0.8464522043863932,0.0027929977513849735,0.29866743087768555,0.9156917572021485,0.0022871491964906454
pushup,0.7615532875061035,0.34769535064697266,0.996532678604126,0.8245381355285645,0.30691102345784504,0.9461784362792969,0.7389731884002686,0.249978510538737,0.9980294108390808,0.8366489410400391,0.27510687510172527,0.06262651830911636,0.635387659072876,0.1402051289876302,0.9899311065673828,0.7343702793121338,0.3812681198120117,0.9598504304885864,0.4064507484436035,0.3641256332397461,0.9873279929161072,0.7974083900451661,0.7416619618733724,0.7303342819213867,0.30248949527740476,0.9280829747517904,0.8189958333969116,0.9007044792175293,0.9607563654581706,0.571922779083252,0.4158173561096191,1.0,0.6773363351821899,0.5219183444976807,0.8330712636311849,0.2437063306570053,0.311753249168396,0.8572442372639973,0.20173563063144684,0.7376833915710449,0.8595541636149089,0.010381399653851986,0.4436734676361084,0.9160825093587239,0.01083607692271471,0.5571928024291992,0.8107089996337891,0.002317295875400305,0.4590911865234375,0.9206474939982097,0.0018027956830337644
pushup,0.7541804313659668,0.3490968068440755,0.9927345514297485,0.8197839736938477,0.3086182276407878,0.9036620259284973,0.7318305969238281,0.2542189280192057,0.9957399368286133,0.8369535446166992,0.27337706883748375,0.0835283175110817,0.6320696353912354,0.14700708389282227,0.9834228754043579,0.7179015636444092,0.366351318359375,0.9764976501464844,0.42203731536865235,0.35728928248087566,0.9849998950958252,0.7985349655151367,0.7132232030232747,0.7459113001823425,0.40857887268066406,0.9277493794759114,0.730505645275116,0.8909202575683594,0.8353537877400716,0.54617840051651,0.5669147491455078,1.0,0.46348103880882263,0.4297527313232422,0.8240650812784831,0.4827122390270233,0.2473581314086914,0.839449691772461,0.33053040504455566,0.6075290679931641,0.9664723714192708,0.021867025643587112,0.4566337108612061,0.999955685933431,0.01823285035789013,0.3956851243972778,0.8673112233479817,0.0029766482766717672,0.4953924179077148,0.9501340230305989,0.0019832057878375053
pushup,0.7502871513366699,0.34968318939208987,0.9936221241950989,0.8140217781066894,0.3060784339904785,0.8886737823486328,0.7259105682373047,0.2547053337097168,0.9966219663619995,0.825225830078125,0.26837692260742185,0.05925421044230461,0.6201469421386718,0.14907318751017254,0.9864698052406311,0.7084663391113282,0.36238892873128253,0.9759809374809265,0.416147518157959,0.3623915672302246,0.9848685264587402,0.8011552810668945,0.7072786331176758,0.7371155023574829,0.447452449798584,0.9382451375325521,0.7543318271636963,0.9022388458251953,0.8199676513671875,0.575077474117279,0.6189629554748535,1.0,0.4966502785682678,0.3875694751739502,0.8035523096720377,0.5652589797973633,0.20439813137054444,0.8127114613850911,0.41501012444496155,0.5206343173980713,0.9675806681315104,0.04218859225511551,0.3577446460723877,0.9913022359212239,0.035124123096466064,0.29728147983551023,0.8760837554931641,0.0058000897988677025,0.3611611366271973,0.9460994084676106,0.00372117105871439
pushup,0.7448119163513184,0.3480020523071289,0.9933391213417053,0.8098939895629883,0.30182342529296874,0.9014256000518799,0.7191525459289551,0.2532400449117025,0.9961448907852173,0.8273283004760742,0.25987669626871746,0.08132704347372055,0.6163456439971924,0.1472461700439453,0.9843705296516418,0.7122683048248291,0.3501906712849935,0.9792752861976624,0.4129763126373291,0.3633069356282552,0.9863862991333008,0.794240665435791,0.6960901260375977,0.7764967083930969,0.4435307502746582,0.9346616109212239,0.7648835778236389,0.8884806632995605,0.899494743347168,0.5682346224784851,0.6240413665771485,1.0,0.47880789637565613,0.4036759376525879,0.8025723775227864,0.597973644733429,0.2164745807647705,0.8220908482869466,0.4326242208480835,0.5702561378479004,0.9515070597330729,0.03825455904006958,0.39973959922790525,0.9849457422892253,0.03065597265958786,0.3597587823867798,0.8617750803629557,0.005581266712397337,0.4259641647338867,0.9344172159830729,0.003543663304299116
pushup,0.7531970977783203,0.3447162628173828,0.9972139000892639,0.8136940002441406,0.29627370834350586,0.9413160085678101,0.7223222732543946,0.246562131245931,0.9983585476875305,0.8287479400634765,0.2613880157470703,0.037918608635663986,0.6108085632324218,0.14388853708902996,0.9913028478622437,0.734991979598999,0.37734483083089193,0.954064667224884,0.4113962650299072,0.3899640401204427,0.9903674125671387,0.8071357727050781,0.7070259094238281,0.6705243587493896,0.35849292278289796,0.9355286280314128,0.8594034910202026,0.8799164772033692,1.0,0.559844434261322,0.49983553886413573,1.0,0.7908921837806702,0.5497725486755372,0.8555833180745442,0.22547835111618042,0.3497741222381592,0.8916482289632162,0.23101478815078735,0.7286740779876709,0.851966921488444,0.01310821808874607,0.5075876235961914,0.9238112131754558,0.017825398594141006,0.5139863967895508,0.8007123947143555,0.004148926120251417,0.5370309829711915,0.9121693293253581,0.0038168863393366337
pushup,0.7561850070953369,0.33618650436401365,0.9980964064598083,0.817197608947754,0.288774299621582,0.9578019976615906,0.726491117477417,0.23755009969075522,0.9988045692443848,0.8343347549438477,0.2545397440592448,0.04345317929983139,0.6133267402648925,0.1334782600402832,0.9918947815895081,0.7456160068511963,0.37309929529825847,0.9601854085922241,0.3899791479110718,0.3708583196004232,0.993350088596344,0.8072385787963867,0.700721804300944,0.7406870722770691,0.27059178352355956,0.8946418126424154,0.9160812497138977,0.8520979881286621,1.0,0.6453491449356079,0.3949766159057617,1.0,0.8726280331611633,0.5401428699493408,0.8356801350911458,0.33025190234184265,0.3169607877731323,0.8647979736328125,0.36853906512260437,0.7170306205749511,0.830294418334961,0.01998533494770527,0.43548059463500977,0.9042873382568359,0.028314054012298584,0.49630107879638674,0.8023615519205729,0.00515240803360939,0.44249911308288575,0.9238773981730143,0.004753137938678265
pushup,0.7588371276855469,0.33147061665852867,0.9971176385879517,0.8238487243652344,0.27663920720418295,0.9664075374603271,0.7271811485290527,0.2295066197713216,0.9975864887237549,0.85130615234375,0.2346792221069336,0.12226215749979019,0.618183708190918,0.12552560170491536,0.9788378477096558,0.7702937602996827,0.3621620814005534,0.9750072956085205,0.4035520076751709,0.3346633593241374,0.9930190443992615,0.7930641174316406,0.6821382522583008,0.858288049697876,0.2531149864196777,0.7999408721923829,0.9270409345626831,0.8077116966247558,0.9561940511067708,0.7815471291542053,0.3064897060394287,1.0,0.8553390502929688,0.49692578315734864,0.7691717147827148,0.7535333037376404,0.26491711139678953,0.7667505900065105,0.740764856338501,0.5938083171844483,0.9548988978068034,0.055286042392253876,0.2959564447402954,0.9689843495686848,0.05833989009261131,0.40609064102172854,0.8838497161865234,0.005446554161608219,0.2636670351028442,0.9362519582112631,0.00434879818931222
pushup,0.7614290237426757,0.3284365971883138,0.9981016516685486,0.8258782386779785,0.2747593561808268,0.9751989841461182,0.7298528671264648,0.227764892578125,0.998404324054718,0.8612471580505371,0.23304551442464191,0.1721184402704239,0.6297365188598633,0.12328262329101562,0.9836533069610596,0.7871837615966797,0.38730541865030926,0.97231525182724,0.4144084930419922,0.3067121187845866,0.997882068157196,0.769196891784668,0.6928641001383463,0.7613509893417358,0.2003631591796875,0.6969078063964844,0.9764301180839539,0.8133687019348145,0.9555451075236002,0.641255795955658,0.21895878314971923,0.9918129603068034,0.9116050601005554,0.46719183921813967,0.7587533315022786,0.8586785793304443,0.24136106967926024,0.7190900802612304,0.923669159412384,0.445875358581543,0.9339439392089843,0.15935231745243073,0.1806368350982666,0.8874330520629883,0.2684135437011719,0.22059524059295654,0.9085486094156902,0.018634475767612457,0.1122204303741455,0.8947032928466797,0.022301537916064262
pushup,0.7691508769989014,0.31338513692220055,0.9981536269187927,0.8347007751464843,0.26356964111328124,0.9739339351654053,0.7402256011962891,0.2165880839029948,0.9984883069992065,0.8706172943115235,0.236437193552653,0.20077897608280182,0.6429841995239258,0.12358630498250325,0.9904031753540039,0.777008056640625,0.3854381243387858,0.9885121583938599,0.39140536785125735,0.2775588353474935,0.9983287453651428,0.7537853240966796,0.6086580912272136,0.9082292914390564,0.11524555683135987,0.5679556528727213,0.9794666767120361,0.810457706451416,0.8491673787434896,0.8187365531921387,0.1649336814880371,0.928936258951823,0.929513692855835,0.4058543682098389,0.7627067565917969,0.9641789197921753,0.16635620594024658,0.720409901936849,0.9724339246749878,0.4744556427001953,1.0,0.21852025389671326,0.18229875564575196,0.965705680847168,0.27773088216781616,0.28598082065582275,0.9442702611287435,0.01515186857432127,0.1258005142211914,0.9174739837646484,0.014521734789013863
pushup,0.7735424995422363,0.31078898111979164,0.9976009726524353,0.8375110626220703,0.2673063278198242,0.9646387100219727,0.7486927032470703,0.2160740852355957,0.9978378415107727,0.8629798889160156,0.24241803487141927,0.17539851367473602,0.6467610359191894,0.12001800537109375,0.9866644144058228,0.7601306915283204,0.3795688947041829,0.9897308349609375,0.389100170135498,0.24801206588745117,0.9962344765663147,0.7440419673919678,0.5596691131591797,0.9356896877288818,0.11202247142791748,0.4593657493591309,0.9532520771026611,0.7863412857055664,0.7805538177490234,0.8896532654762268,0.08145174980163575,0.837005615234375,0.904369056224823,0.3750796318054199,0.7535889943440756,0.9601131081581116,0.1484373092651367,0.6961132049560547,0.9530969858169556,0.45370802879333494,1.0,0.23128512501716614,0.19920382499694825,0.9654248555501302,0.20024287700653076,0.30600411891937257,1.0,0.012462258338928223,0.17809662818908692,0.9579925537109375,0.009018387645483017
pushup,0.7653402328491211,0.33002618153889973,0.9942746758460999,0.8203791618347168,0.29405606587727867,0.9426347017288208,0.7476578712463379,0.24249871571858725,0.9933924078941345,0.8306736946105957,0.2612367312113444,0.14224812388420105,0.6484808921813965,0.13478174209594726,0.9677631855010986,0.7257255554199219,0.40295117696126304,0.9879193305969238,0.3708359718322754,0.2353497823079427,0.987996518611908,0.6887265205383301,0.6152819951375326,0.9554725885391235,0.06831862926483154,0.43020718892415366,0.8897901773452759,0.75943021774292,0.7273658116658529,0.9324978590011597,0.1362365484237671,0.7858379364013672,0.8641413450241089,0.4067391395568848,0.8470866521199544,0.9341449737548828,0.18043160438537598,0.788728396097819,0.8804880976676941,0.4753161907196045,1.0,0.06227536499500275,0.20038888454437256,1.0,0.03277940675616264,0.4213918685913086,1.0,0.0025878585875034332,0.21150288581848145,0.9306664784749349,0.0013901698403060436
pushup,0.7874856948852539,0.2983044942220052,0.9951698184013367,0.8351634979248047,0.25750532150268557,0.9118034243583679,0.7634549140930176,0.2170238494873047,0.996570348739624,0.8317131042480469,0.22791508038838704,0.059419531375169754,0.6510630130767823,0.12814210255940756,0.987447202205658,0.7299835681915283,0.3642481168111165,0.9884727597236633,0.3960082530975342,0.22175100644429524,0.9919270277023315,0.7217643737792969,0.5286101341247559,0.9361873865127563,0.08337101936340333,0.3574058532714844,0.9084218144416809,0.7698781967163086,0.6861832300821941,0.8894692659378052,0.10102999210357666,0.6775084177652995,0.8668978214263916,0.39395999908447266,0.8026047388712565,0.9781576991081238,0.18588216304779054,0.7470197041829427,0.9653258323669434,0.42265520095825193,1.0,0.2766845226287842,0.1944270133972168,0.9971975962320964,0.17674459517002106,0.33880693912506105,1.0,0.018874522298574448,0.19325058460235595,0.9718584696451823,0.010290573351085186
pushup,0.776945686340332,0.29943170547485354,0.986233115196228,0.8226879119873047,0.26924107869466146,0.8338360786437988,0.7572194099426269,0.22107712427775064,0.989564061164856,0.8303214073181152,0.2434743881225586,0.04889996349811554,0.663755464553833,0.12507257461547852,0.9627861976623535,0.7558958053588867,0.41145299275716146,0.9448202252388,0.4146132946014404,0.18339255650838215,0.9856330752372742,0.7390032291412354,0.6295512517293295,0.7320272326469421,0.10244019031524658,0.28770376841227213,0.909767210483551,0.8118480682373047,0.6747229258219402,0.7206724882125854,0.10725719928741455,0.6367670059204101,0.8711577653884888,0.4113488674163818,0.8818918863932291,0.8628223538398743,0.20054872035980226,0.7787866592407227,0.8877623081207275,0.39444313049316404,1.0,0.037974804639816284,0.19694197177886963,0.9701281229654948,0.04741530865430832,0.3028706073760986,1.0,0.0022949979174882174,0.1784067392349243,0.8807928721110027,0.0023804144002497196
pushup,0.7675480365753173,0.2727898279825846,0.9819751381874084,0.8184598922729492,0.2412316640218099,0.7401444315910339,0.7470029354095459,0.19154224395751954,0.9836596250534058,0.8271875381469727,0.22340040206909179,0.04165782406926155,0.6511698246002198,0.10448408126831055,0.9350090026855469,0.7202712535858155,0.3846786816914876,0.9468369483947754,0.4367030143737793,0.16754598617553712,0.9869323372840881,0.7015865325927735,0.5845685323079427,0.8484615087509155,0.168639874458313,0.243521245320638,0.9582797288894653,0.8037064552307129,0.5881136576334636,0.8507543206214905,0.09041109085083007,0.5162568092346191,0.9364491105079651,0.39103529453277586,0.8425729751586915,0.9288763403892517,0.20869216918945313,0.7448785146077473,0.9448944926261902,0.4090133190155029,1.0,0.06652280688285828,0.22417740821838378,0.982906723022461,0.08652450144290924,0.34047560691833495,0.9934587478637695,0.0028742533177137375,0.18076798915863038,0.8572727839152018,0.0030344780534505844
pushup,0.7863054752349854,0.2641300360361735,0.9532015323638916,0.832644271850586,0.230600372950236,0.44455453753471375,0.7630409240722656,0.18242133458455403,0.9775852560997009,0.8328997611999511,0.22905785242716473,0.008765069767832756,0.6604289054870606,0.11184768676757813,0.9532173275947571,0.7435009956359864,0.44864778518676757,0.7363757491111755,0.4310428619384766,0.18721728324890136,0.9645726680755615,0.7118024826049805,0.6728410085042318,0.32138851284980774,0.11863019466400146,0.2418187459309896,0.8923365473747253,0.7887755393981933,0.6402306874593099,0.4568372964859009,0.10865845680236816,0.5769170761108399,0.8706819415092468,0.39994971752166747,0.9268623352050781,0.6695180535316467,0.20110018253326417,0.8092787424723308,0.820292592048645,0.3856071949005127,1.0,0.014142271131277084,0.1826777935028076,0.9708202997843425,0.02983482927083969,0.31559760570526124,1.0,0.001207086374051869,0.14372377395629882,0.9052009582519531,0.001676433952525258
pushup,0.7669955730438233,0.2523689270019531,0.9819217920303345,0.8151764869689941,0.2235337257385254,0.7326754927635193,0.7486945152282715,0.17113787333170574,0.9862987399101257,0.8181217193603516,0.21512111028035483,0.0362078882753849,0.6566107749938965,0.08959404627482097,0.9617253541946411,0.70713210105896,0.3971989313761393,0.9391905069351196,0.4280507564544678,0.16751782099405924,0.9839087128639221,0.663758373260498,0.5895906448364258,0.7935948371887207,0.14152421951293945,0.26250263849894206,0.9332653284072876,0.7965132713317871,0.5816653569539388,0.8042447566986084,0.11695806980133057,0.585791015625,0.9129060506820679,0.3781538724899292,0.8705603281656901,0.8660706877708435,0.2000758171081543,0.7704462051391602,0.8868206143379211,0.42238826751708985,1.0,0.03211118280887604,0.22975397109985352,0.9635648091634115,0.03914528712630272,0.34714651107788086,1.0,0.0015595587901771069,0.180678129196167,0.8673447926839193,0.0015525876078754663
pushup,0.7527450561523438,0.2713952382405599,0.9889976382255554,0.8080656051635742,0.2373414993286133,0.8466898202896118,0.7348466873168945,0.18659855524698893,0.9882318377494812,0.8257736206054688,0.20743865966796876,0.08024300634860992,0.6472893238067627,0.08583447138468424,0.9418237209320068,0.7087018966674805,0.3522188186645508,0.964364230632782,0.4259027481079102,0.15792350769042968,0.9909589290618896,0.665036678314209,0.5498514175415039,0.8964428305625916,0.15459764003753662,0.29580485026041664,0.9650970101356506,0.7827885627746582,0.5854301452636719,0.8939000368118286,0.1143146276473999,0.6173119862874349,0.9460740685462952,0.37972316741943357,0.8232398986816406,0.940772533416748,0.19830501079559326,0.7392564137776693,0.9500421285629272,0.413663387298584,1.0,0.07468526065349579,0.2218946933746338,0.9908479054768881,0.08950166404247284,0.33703246116638186,1.0,0.002874750876799226,0.1828359603881836,0.896520487467448,0.0028215902857482433
pushup,0.7737290382385253,0.27037204106648766,0.9977213740348816,0.8238229751586914,0.22892252604166666,0.9459437131881714,0.7490303993225098,0.1890284220377604,0.9985131621360779,0.8354546546936035,0.18906927108764648,0.07604433596134186,0.6511259078979492,0.09222084681193034,0.9898275136947632,0.7295772552490234,0.3174113909403483,0.9765030145645142,0.43761367797851564,0.16729084650675455,0.9966837763786316,0.705753755569458,0.4466012636820475,0.8742161989212036,0.14889297485351563,0.25097363789876304,0.9745079278945923,0.7641569137573242,0.586063003540039,0.8541387915611267,0.068780517578125,0.5442026774088542,0.957555890083313,0.3927192687988281,0.7430950800577799,0.9704173803329468,0.21233048439025878,0.6743952433268229,0.9801623821258545,0.4193852424621582,1.0,0.2853334844112396,0.22663710117340088,0.9465311686197917,0.3434855341911316,0.32222144603729247,1.0,0.019266465678811073,0.18956010341644286,0.9063948313395183,0.018758727237582207
pushup,0.7546459197998047,0.29746112823486326,0.9889500737190247,0.8074830055236817,0.26166515350341796,0.837623119354248,0.7396710872650146,0.21400556564331055,0.9908768534660339,0.8236819267272949,0.22527732849121093,0.0713544636964798,0.6578953742980957,0.1092836062113444,0.9656745195388794,0.712100601196289,0.36653238932291665,0.9472806453704834,0.4215672492980957,0.18785311381022135,0.9924970865249634,0.6543696880340576,0.5495206197102864,0.8340503573417664,0.132405686378479,0.33226213455200193,0.9674177765846252,0.7744019985198974,0.6336569468180339,0.8402000665664673,0.1344219446182251,0.682017962137858,0.9460960626602173,0.39252872467041017,0.8286750793457032,0.8979897499084473,0.20674753189086914,0.7552220026652018,0.9294964671134949,0.4431140422821045,1.0,0.043626077473163605,0.22371125221252441,0.9880747477213542,0.06308121979236603,0.38767099380493164,1.0,0.0019527486292645335,0.20193157196044922,0.8991280237833659,0.002189615974202752
pushup,0.7478257179260254,0.2961638768513997,0.9930241107940674,0.8014370918273925,0.2589940071105957,0.9109416007995605,0.7285749912261963,0.212694517771403,0.9935569167137146,0.817547607421875,0.2246227264404297,0.11981061100959778,0.6401749610900879,0.11137317021687826,0.9718530774116516,0.7109862804412842,0.36481720606486,0.9759581089019775,0.40813360214233396,0.19221893946329752,0.9938119649887085,0.6538344860076905,0.5588729858398438,0.9113384485244751,0.12871096134185792,0.34718961715698243,0.961909830570221,0.7704596519470215,0.6602733612060547,0.8908408284187317,0.13899569511413573,0.695724614461263,0.9373096227645874,0.40859394073486327,0.8218643188476562,0.9497448205947876,0.21476507186889648,0.752839724222819,0.9533180594444275,0.45586142539978025,1.0,0.08760792762041092,0.22277169227600097,1.0,0.09165143221616745,0.4045863628387451,1.0,0.003639118280261755,0.20843107700347902,0.9231283823649089,0.003272349713370204
pushup,0.7352081298828125,0.2712792714436849,0.9954608082771301,0.7920166969299316,0.23247350056966146,0.9463706612586975,0.7135066509246826,0.1818041165669759,0.995250940322876,0.8074240684509277,0.20402758916219074,0.12999719381332397,0.6162111282348632,0.07912270228068034,0.9727489948272705,0.6953694343566894,0.3609020233154297,0.9822757244110107,0.38137991428375245,0.18236430486043295,0.9916068315505981,0.6396005630493165,0.585605239868164,0.938171923160553,0.10887501239776612,0.3747261047363281,0.9380653500556946,0.7475502490997314,0.6737806320190429,0.9242485165596008,0.15173647403717042,0.7201915105183919,0.9244658946990967,0.4176809787750244,0.831518046061198,0.9355724453926086,0.21554262638092042,0.7671492258707683,0.9179939031600952,0.47144379615783694,1.0,0.07434115558862686,0.21934254169464112,1.0,0.0554225891828537,0.41803865432739257,1.0,0.0031672585755586624,0.21078050136566162,0.9352994283040365,0.0021639347542077303
pushup,0.7131377220153808,0.2573947270711263,0.9965541362762451,0.7749131202697754,0.2125717798868815,0.9763819575309753,0.6869738578796387,0.169901974995931,0.9952715039253235,0.8176913261413574,0.19044640858968098,0.27791690826416016,0.6029033660888672,0.08217188517252604,0.9466774463653564,0.7203971862792968,0.3564541180928548,0.9794577360153198,0.39573776721954346,0.1874248504638672,0.9925947785377502,0.6572198867797852,0.5866074879964193,0.9377908706665039,0.13221752643585205,0.3721310297648112,0.9544938206672668,0.7523476600646972,0.6939477284749349,0.9274581074714661,0.1649930000305176,0.7209566116333008,0.9423742890357971,0.4526369571685791,0.7991895039876302,0.954864501953125,0.23989806175231934,0.7398239771525065,0.9512017369270325,0.5197912216186523,1.0,0.09499571472406387,0.24010283946990968,1.0,0.08986356854438782,0.4821897029876709,1.0,0.0036681690253317356,0.2222625732421875,0.9570039749145508,0.0030596505384892225
pushup,0.692820405960083,0.22571417490641277,0.9979817867279053,0.7514045715332032,0.16381762822469076,0.9862099289894104,0.6533071041107178,0.1358506202697754,0.9972162246704102,0.8031961441040039,0.13060617446899414,0.23759397864341736,0.5639583587646484,0.05710322062174479,0.943931519985199,0.7357386589050293,0.3410149256388346,0.9720465540885925,0.3892634153366089,0.18496681849161783,0.9895728230476379,0.6981011390686035,0.5874952952067057,0.909534752368927,0.15051875114440919,0.3529188791910807,0.9412005543708801,0.7916118144989014,0.7190630594889323,0.9090062975883484,0.18126542568206788,0.7047285715738932,0.9392141699790955,0.48630261421203613,0.8421960830688476,0.9116395115852356,0.25923428535461424,0.788165028889974,0.9091329574584961,0.5636614799499512,1.0,0.043986476957798004,0.2614257335662842,0.985393778483073,0.04550110548734665,0.5573536872863769,1.0,0.0024327822029590607,0.24624578952789306,0.934253184000651,0.0021738591603934765
pushup,0.6651538848876953,0.19301166534423828,0.9980815649032593,0.7229423522949219,0.13561477661132812,0.9893079400062561,0.6237457275390625,0.11356376012166342,0.9957430958747864,0.780397891998291,0.10258042017618815,0.5258364677429199,0.542416000366211,0.04610710144042969,0.9047576189041138,0.7529078483581543,0.27005236943562827,0.9852988719940186,0.37943124771118164,0.17014106114705405,0.9945237636566162,0.7540245056152344,0.47164719899495444,0.9649741649627686,0.15531694889068604,0.345528252919515,0.97268146276474,0.7637306213378906,0.6374509175618489,0.9578326940536499,0.1591428279876709,0.6845689137776693,0.9635816812515259,0.5241430282592774,0.801492182413737,0.9634878635406494,0.27735989093780516,0.7621458053588868,0.9650853872299194,0.5789498329162598,1.0,0.08478112518787384,0.2453696012496948,0.9693954467773438,0.08019816130399704,0.5508842945098877,0.9913859049479167,0.003175347112119198,0.25078060626983645,0.9205874760945638,0.0026715875137597322
pushup,0.6162347793579102,0.1877041180928548,0.9981037378311157,0.6789024829864502,0.12940155665079753,0.9936168193817139,0.5742843151092529,0.10600557327270507,0.9940820336341858,0.746953010559082,0.0947267214457194,0.7886894345283508,0.49976816177368166,0.035944620768229164,0.8409099578857422,0.7473379135131836,0.25306409200032554,0.9908932447433472,0.3609971523284912,0.1687620480855306,0.9951877593994141,0.7942663192749023,0.4606959660847982,0.9706776738166809,0.15788376331329346,0.3590656916300456,0.9706085920333862,0.7903157234191894,0.6408292134602864,0.9658058285713196,0.17342915534973144,0.6623423258463542,0.9628326296806335,0.5603239059448242,0.7969650268554688,0.9747978448867798,0.30988287925720215,0.7625204722086588,0.9745023846626282,0.5812121391296386,1.0,0.12216421216726303,0.26736176013946533,0.9944012959798177,0.1156046986579895,0.529390525817871,0.9819923400878906,0.0048048594035208225,0.2923453330993652,0.933818499247233,0.004180599935352802
pushup,0.5818150520324707,0.16330442428588868,0.9985412359237671,0.6410997867584228,0.0939637819925944,0.995235025882721,0.532416820526123,0.08493391672770183,0.9950829744338989,0.7133383750915527,0.052103583017985025,0.8363843560218811,0.4566140651702881,0.028794511159261068,0.8425993919372559,0.7431882858276367,0.2229551951090495,0.9924197793006897,0.34618463516235354,0.1907827377319336,0.9963927865028381,0.8255351066589356,0.41634578704833985,0.9698487520217896,0.15622167587280272,0.38042755126953126,0.9772316217422485,0.8156115531921386,0.6412802378336588,0.9715320467948914,0.1754528760910034,0.6751595179239909,0.9741144776344299,0.5982515811920166,0.7958197275797526,0.9787634015083313,0.34432330131530764,0.7864330291748047,0.9811237454414368,0.6067707061767578,0.9937679290771484,0.16871266067028046,0.3008339166641235,0.9827486038208008,0.18066035211086273,0.572662353515625,0.979987907409668,0.008789243176579475,0.34971938133239744,0.9629519144694011,0.008514144457876682
pushup,0.542180061340332,0.14109799067179363,0.9979842901229858,0.6001086235046387,0.060957145690917966,0.9954916834831238,0.48649749755859373,0.05806468327840169,0.9890750050544739,0.6799396514892578,0.005559349060058593,0.8601294159889221,0.411880350112915,0.0,0.6369510889053345,0.7356420516967773,0.21063270568847656,0.9923065304756165,0.3281549453735352,0.17868703206380207,0.9900319576263428,0.845916748046875,0.4429859479268392,0.9777792692184448,0.17747488021850585,0.38527278900146483,0.9477097988128662,0.8693117141723633,0.6672711690266927,0.9828077554702759,0.22461109161376952,0.6933850606282552,0.9642489552497864,0.6396531105041504,0.8054355621337891,0.9701674580574036,0.3815936088562012,0.8005840301513671,0.9590681791305542,0.6589109420776367,0.9968790054321289,0.12844695150852203,0.347721791267395,0.9952401479085287,0.10457096248865128,0.654317569732666,0.9926219940185547,0.006029786076396704,0.39922871589660647,0.9877449035644531,0.0049571385607123375
pushup,0.4964256286621094,0.11432997385660808,0.9869165420532227,0.5562361240386963,0.028083133697509765,0.967620313167572,0.43845376968383787,0.027845191955566406,0.9155028462409973,0.6387719631195068,0.0,0.7095082402229309,0.360914421081543,0.0,0.2980101406574249,0.7139718055725097,0.2034941037495931,0.986941397190094,0.29583916664123533,0.21245803833007812,0.9790415167808533,0.8735078811645508,0.4435359001159668,0.9786509275436401,0.19111144542694092,0.4604879061381022,0.9461387395858765,0.8786922454833984,0.7233959833780924,0.9786272644996643,0.22526803016662597,0.7913934071858724,0.9483610391616821,0.6590047836303711,0.8221963246663412,0.9660618901252747,0.3897299528121948,0.837383778889974,0.9518987536430359,0.7094942092895508,0.9612075805664062,0.08203557133674622,0.3764433622360229,0.9844501495361329,0.06711141020059586,0.7169497966766357,0.9587048848470052,0.004349143244326115,0.46252927780151365,0.973926289876302,0.0036831817124038935
pushup,0.4564966201782227,0.10110740661621094,0.9968474507331848,0.5101795196533203,0.014437325795491536,0.9929225444793701,0.39614043235778806,0.024493821461995444,0.9803035259246826,0.5930997848510742,0.0,0.912652313709259,0.3258143663406372,0.0,0.5833317637443542,0.6990053176879882,0.1948541005452474,0.9967705011367798,0.27978560924530027,0.23045269648234049,0.9936221241950989,0.8560959815979003,0.48017584482828773,0.9795591831207275,0.20631022453308107,0.5264187812805176,0.9514483213424683,0.8402884483337403,0.7435712814331055,0.9637158513069153,0.23233363628387452,0.8582621256510417,0.9116694331169128,0.6502564907073974,0.7997369766235352,0.9685714840888977,0.38748276233673096,0.8193611780802409,0.9567027688026428,0.6774586200714111,0.9624454498291015,0.10901597887277603,0.39137792587280273,0.9696839650472006,0.09323172271251678,0.6881906509399414,0.9770469665527344,0.005982612259685993,0.5026637077331543,0.957516860961914,0.005517386831343174
pushup,0.421922492980957,0.09517421722412109,0.9970213770866394,0.46854386329650877,0.016331609090169272,0.9924421310424805,0.36392669677734374,0.03606249491373698,0.9864707589149475,0.551513671875,0.0,0.9324666261672974,0.30458524227142336,0.033981068929036455,0.7177181839942932,0.6803225994110107,0.19247185389200847,0.9972931742668152,0.2762565612792969,0.2493338902791341,0.9967175126075745,0.8392768859863281,0.5421785990397135,0.9619336724281311,0.22080848217010499,0.5935452779134115,0.9671868681907654,0.8034626960754394,0.8575121561686198,0.8909532427787781,0.23231172561645508,0.9267328262329102,0.8856050968170166,0.6411872863769531,0.7992356618245443,0.952394425868988,0.38790407180786135,0.8253279368082682,0.9560394883155823,0.6671348571777344,1.0,0.0651121586561203,0.42436866760253905,1.0,0.08241374790668488,0.6723955631256103,1.0,0.002694521564990282,0.5572888851165771,1.0,0.003369296668097377
pushup,0.38804378509521487,0.08725442886352539,0.9925610423088074,0.4338871955871582,0.005852826436360677,0.9826784729957581,0.33004353046417234,0.02898890177408854,0.9571595788002014,0.5190118312835693,0.0,0.9059522747993469,0.27352142333984375,0.030827458699544272,0.4974893629550934,0.65458984375,0.17756630579630533,0.9963871240615845,0.266668963432312,0.2682223320007324,0.9944139719009399,0.814459228515625,0.5146609306335449,0.9594702124595642,0.24768667221069335,0.6346828460693359,0.9504505395889282,0.7994839191436768,0.8665782928466796,0.8738378882408142,0.2495204448699951,0.9349459330240886,0.8342704772949219,0.6545966148376465,0.8061546325683594,0.9386904239654541,0.4138947010040283,0.8448152542114258,0.937038242816925,0.6510955333709717,1.0,0.05429622158408165,0.44922609329223634,1.0,0.05966703221201897,0.6652723789215088,1.0,0.0024831246118992567,0.6181432723999023,0.9650599161783854,0.002909468486905098
pushup,0.3533304452896118,0.08353331883748373,0.9932774901390076,0.3961245059967041,0.0017287254333496094,0.9861475825309753,0.2950416564941406,0.029789543151855467,0.9589882493019104,0.4849221229553223,0.0,0.9422319531440735,0.24605073928833007,0.03450714747111003,0.47094494104385376,0.6392135143280029,0.19664640426635743,0.9975510239601135,0.254718017578125,0.2649842262268066,0.9948871731758118,0.7753535747528076,0.6389849344889323,0.9477337002754211,0.2740105152130127,0.6796856562296549,0.9290552735328674,0.7231510162353516,0.9664361317952473,0.759998619556427,0.2830545663833618,0.9390612284342448,0.7113814949989319,0.6472488880157471,0.829541015625,0.899785041809082,0.4106773853302002,0.8524951299031576,0.8969557285308838,0.6212261199951172,1.0,0.04294802248477936,0.44887990951538087,0.9931744893391927,0.04717210307717323,0.6505706787109375,1.0,0.002351678442209959,0.6488466262817383,0.9467848459879558,0.0028777294792234898
pushup,0.3243387699127197,0.0833174705505371,0.9920295476913452,0.36922407150268555,0.0,0.9835538864135742,0.2649152517318726,0.03026555379231771,0.946017861366272,0.47218666076660154,0.0,0.9353585839271545,0.2243429899215698,0.04513359069824219,0.3905858099460602,0.62659592628479,0.20583985646565756,0.9965720176696777,0.25176825523376467,0.28887939453125,0.994666337966919,0.7252055168151855,0.649724833170573,0.9267846941947937,0.2896442413330078,0.7188866933186849,0.931546688079834,0.6893433094024658,0.9803714116414388,0.7221444845199585,0.30226309299468995,0.9781748453776041,0.72312331199646,0.6458148002624512,0.8168292999267578,0.878527820110321,0.41787014007568357,0.8454912821451823,0.8926623463630676,0.6113181591033936,1.0,0.03975322097539902,0.4801649570465088,1.0,0.050698421895504,0.6421857357025147,1.0,0.0016787034692242742,0.6815636157989502,0.9679129918416342,0.002345193177461624
pushup,0.3065025329589844,0.08732055028279623,0.9888806343078613,0.3393551349639893,0.004797903696695963,0.9792249798774719,0.2520585298538208,0.04679943720499675,0.906600832939148,0.43561835289001466,0.0,0.9535960555076599,0.22568960189819337,0.0614588737487793,0.26640525460243225,0.6162725925445557,0.2030596097310384,0.9965893030166626,0.2532604455947876,0.2811971028645833,0.9954729676246643,0.6850282192230225,0.6924744288126627,0.9253343343734741,0.3003967761993408,0.7171829223632813,0.939039409160614,0.6266293525695801,1.0,0.5990886092185974,0.3071898460388184,1.0,0.6076030731201172,0.6480697154998779,0.8568612416585286,0.8613422513008118,0.422411584854126,0.8756403605143229,0.8901009559631348,0.5937262535095215,1.0,0.03862227872014046,0.4216311454772949,0.9481619517008464,0.051127273589372635,0.6878225326538085,1.0,0.002726303180679679,0.655540657043457,0.9189720789591471,0.004168577492237091
pushup,0.2935006141662598,0.10370244979858398,0.9931898713111877,0.3255725860595703,0.011396439870198567,0.9863818883895874,0.2307427406311035,0.059098211924235027,0.9418016076087952,0.41999406814575196,0.0,0.9368185997009277,0.19549381732940674,0.05481805801391602,0.2528153359889984,0.5991135120391846,0.17567021052042645,0.9943988919258118,0.2553761720657349,0.264586067199707,0.9939348101615906,0.663555097579956,0.7038846333821615,0.9018064141273499,0.3071160793304443,0.7216939290364583,0.9382475018501282,0.5859429359436035,1.0,0.6406363844871521,0.31669225692749026,0.9944869995117187,0.7141615748405457,0.6858590126037598,0.8231370925903321,0.8490660786628723,0.46906294822692873,0.8546154022216796,0.8970792889595032,0.6043300151824951,0.9989875793457031,0.06257136166095734,0.44494194984436036,0.9825408935546875,0.09186870604753494,0.6979101657867431,1.0,0.0056348880752921104,0.6456453323364257,0.9469573338826497,0.008990737609565258
pushup,0.2827859163284302,0.10960273742675782,0.9907667636871338,0.314065957069397,0.01376946767171224,0.982905387878418,0.21779911518096923,0.06355031331380208,0.9224961400032043,0.4073549747467041,0.0,0.9317870736122131,0.17942397594451903,0.07383028666178386,0.19217699766159058,0.5983362674713135,0.19324676195780435,0.9931010007858276,0.25925047397613527,0.28689695994059244,0.9923628568649292,0.6763490676879883,0.7212138493855794,0.8659989833831787,0.33443899154663087,0.7376492182413737,0.9149357676506042,0.5208990097045898,0.9084376017252604,0.661196231842041,0.3358572244644165,0.8796730041503906,0.728335440158844,0.6954390525817871,0.834124755859375,0.8076282143592834,0.472332763671875,0.8573872884114583,0.8716529011726379,0.5961023330688476,0.9980292002360026,0.04422353580594063,0.40168328285217286,0.9630010604858399,0.06568968296051025,0.6857106208801269,1.0,0.004104715771973133,0.5799494743347168,0.9179183959960937,0.006668372079730034
pushup,0.27753970623016355,0.12360788981119791,0.9958170056343079,0.30282201766967776,0.026274903615315755,0.9923703670501709,0.21033318042755128,0.08705403010050455,0.9635236263275146,0.39698123931884766,0.0,0.9459966421127319,0.175772762298584,0.0949629783630371,0.2661478519439697,0.5944638252258301,0.1887486457824707,0.9959653615951538,0.27792494297027587,0.2871071497599284,0.9896581768989563,0.6910286903381347,0.7279394785563151,0.9171746969223022,0.3524765968322754,0.7180879592895508,0.8922778367996216,0.5918571949005127,1.0,0.702168345451355,0.3499172210693359,0.9647859573364258,0.6654630899429321,0.7049305438995361,0.8088883717854818,0.8021077513694763,0.49904398918151854,0.8421997706095378,0.8236792087554932,0.6046915054321289,0.9470219930013021,0.06285585463047028,0.45711588859558105,0.9513115564982096,0.0690322294831276,0.7192817687988281,0.9907272338867188,0.006489112041890621,0.634732437133789,0.9149319966634114,0.008237024769186974
pushup,0.2750787973403931,0.12882216771443686,0.9970278143882751,0.2987548351287842,0.033349100748697916,0.993335485458374,0.20893211364746095,0.09541250864664713,0.9774807691574097,0.3903985500335693,0.0,0.9498046040534973,0.17658522129058837,0.11186100641886393,0.3558955192565918,0.5944626808166504,0.2023023287455241,0.9949936270713806,0.29741482734680175,0.29470291137695315,0.9940150380134583,0.7252473831176758,0.7047709782918294,0.8992373943328857,0.3812328100204468,0.6664905548095703,0.9572915434837341,0.6012469291687011,1.0,0.7086400985717773,0.3611488342285156,0.9597876866658529,0.8247494101524353,0.7239084243774414,0.80796693166097,0.8293782472610474,0.5250063896179199,0.8388687133789062,0.9009068012237549,0.6262232303619385,0.9451975504557292,0.054752834141254425,0.45961904525756836,0.9664780934651692,0.09573622047901154,0.758713960647583,0.9755900065104167,0.0052017648704349995,0.6255856513977051,0.9361049652099609,0.009088734164834023
pushup,0.2667247295379639,0.12579679489135742,0.9978446960449219,0.2903199911117554,0.030010509490966796,0.9952915906906128,0.2012786626815796,0.09462118148803711,0.9776730537414551,0.38259871006011964,0.0,0.9638673663139343,0.17147438526153563,0.12336161931355795,0.2647339701652527,0.607981014251709,0.20550018946329754,0.9921565055847168,0.32974872589111326,0.2967373530069987,0.9948871731758118,0.7613713264465332,0.6905497868855794,0.8835724592208862,0.4210384368896484,0.6160995483398437,0.9778954386711121,0.5710608959197998,1.0,0.767109215259552,0.3684798002243042,0.9344914118448894,0.9204093217849731,0.8100719451904297,0.8019475936889648,0.8335129618644714,0.6116301059722901,0.8293694814046224,0.9376829266548157,0.6518577575683594,0.8821862538655599,0.09505828469991684,0.4390516757965088,0.9284486134847005,0.214724600315094,0.8119637489318847,0.9576656341552734,0.011865749955177307,0.5976059913635254,0.9640528996785481,0.02667139656841755
pushup,0.2498518705368042,0.12840464909871419,0.9955289959907532,0.27600085735321045,0.03571532567342122,0.9909434914588928,0.1849461793899536,0.09284607569376628,0.9528960585594177,0.37424025535583494,0.0,0.939448356628418,0.15513429641723633,0.12312084833780924,0.2320561707019806,0.6027929782867432,0.22281246185302733,0.9906840324401855,0.3468101978302002,0.29933284123738607,0.9880518913269043,0.8007954597473145,0.684067980448405,0.8802644610404968,0.47447519302368163,0.595400873819987,0.9546411037445068,0.5585592269897461,0.9912793477376302,0.7892636060714722,0.3878446578979492,0.8858882904052734,0.9069135189056396,0.8366277694702149,0.7630537033081055,0.8152465224266052,0.6502351760864258,0.7828840891520182,0.9103803038597107,0.6924186229705811,0.9228984832763671,0.06483516097068787,0.5229036331176757,0.9827393213907878,0.1313828080892563,0.7933211326599121,0.9541140874226888,0.004915702156722546,0.6375953674316406,0.9860819498697917,0.009832204319536686
pushup,0.24335017204284667,0.12015759150187175,0.9939284324645996,0.2590150833129883,0.037989870707194014,0.9882277846336365,0.18616418838500975,0.09348392486572266,0.9328998923301697,0.3425144672393799,0.0,0.9393561482429504,0.16560988426208495,0.12469867070515951,0.2562547028064728,0.5852774143218994,0.19551483790079752,0.992455244064331,0.361767053604126,0.2996483484903971,0.9862335920333862,0.843559455871582,0.5974944432576498,0.8915339708328247,0.4956805229187012,0.5741527557373047,0.938889741897583,0.604912281036377,0.932984733581543,0.7871114611625671,0.40802202224731443,0.8161210378011068,0.8879098296165466,0.856627082824707,0.7254631042480468,0.8246215581893921,0.6951409816741944,0.7590079625447591,0.8992072939872742,0.7447569370269775,0.9125361124674479,0.0553731732070446,0.6131710529327392,0.9918944040934244,0.10252216458320618,0.8135400772094726,0.9176462809244792,0.003411836689338088,0.7157515525817871,0.9591803868611654,0.006427051965147257
pushup,0.2373443841934204,0.13539791107177734,0.99528968334198,0.254801869392395,0.04558623631795247,0.9906833171844482,0.17398767471313475,0.10545336405436198,0.9550483822822571,0.3432307720184326,0.0,0.9532473087310791,0.15423598289489746,0.13026507695515951,0.3357824981212616,0.5923723220825196,0.1620430628458659,0.9791553616523743,0.36698527336120607,0.28569571177164715,0.9924750924110413,0.8554121017456054,0.5035942077636719,0.6904711127281189,0.515561580657959,0.5204047838846843,0.9731429219245911,0.6782671451568604,0.7933348337809245,0.6882036924362183,0.41965384483337403,0.6899322509765625,0.954085648059845,0.8782127380371094,0.6656877517700195,0.7150225043296814,0.7222754001617432,0.7035019556681316,0.9182739853858948,0.7409992694854737,0.8935737609863281,0.04649289697408676,0.6147888660430908,0.952509053548177,0.1889190822839737,0.8276979446411132,0.960653813680013,0.002499137306585908,0.7358752250671386,0.9785526275634766,0.009211093187332153
pushup,0.2222832679748535,0.15404529571533204,0.9921613335609436,0.24247303009033203,0.06700789133707682,0.9893978834152222,0.16096577644348145,0.1201917012532552,0.9152212738990784,0.3324620246887207,0.017648696899414062,0.9623371362686157,0.14244477748870848,0.14229393005371094,0.2442631721496582,0.5767092704772949,0.15862334569295247,0.9824025630950928,0.36697494983673096,0.28311678568522136,0.9855400919914246,0.8597850799560547,0.4423657417297363,0.7819160223007202,0.5469655513763427,0.48111260732014977,0.9534139633178711,0.6705830574035645,0.7422173182169597,0.7621732354164124,0.4555387496948242,0.5914206822713216,0.9403334259986877,0.8755931854248047,0.6105709075927734,0.8291596174240112,0.7248427867889404,0.6466974894205729,0.9351017475128174,0.766171646118164,0.9045036315917969,0.06305030733346939,0.6269607543945312,0.9633855183919271,0.1856970638036728,0.8322558403015137,0.9531822840372721,0.0025956660974770784,0.7233149528503418,0.9729658126831054,0.007574412506073713
pushup,0.20233349800109862,0.17006572087605795,0.9904112815856934,0.2225501775741577,0.07931254704793295,0.9897043108940125,0.14087367057800293,0.13233299255371095,0.8794381022453308,0.3203894853591919,0.005366166432698567,0.9601519107818604,0.12455959320068359,0.1349887212117513,0.13377095758914948,0.5791754245758056,0.1125701904296875,0.9775050282478333,0.35317111015319824,0.26526266733805337,0.9678393006324768,0.8682645797729492,0.37100830078125,0.7871952652931213,0.5486281871795654,0.4743112881978353,0.9226807355880737,0.6825493812561035,0.7063018798828125,0.8297600746154785,0.48253545761108396,0.5539421081542969,0.9398984909057617,0.8801265716552734,0.5317405700683594,0.8089648485183716,0.7204181671142578,0.5775369644165039,0.905681312084198,0.8057201385498047,0.8416825612386067,0.09766918420791626,0.663231611251831,0.9079597473144532,0.2371288686990738,0.8206617355346679,0.9193756739298503,0.004246576689183712,0.7196193695068359,0.9436714172363281,0.011304946616292
pushup,0.1939694404602051,0.17808170318603517,0.989528477191925,0.21945767402648925,0.09129638671875,0.9911194443702698,0.1352544069290161,0.13904183705647785,0.8642441034317017,0.31860511302947997,0.037290032704671225,0.9717227816581726,0.12005586624145508,0.1552417755126953,0.12382940202951431,0.5652796268463135,0.13372348149617513,0.9815093278884888,0.3475779056549072,0.3190520604451497,0.9557998776435852,0.8901411056518554,0.28939806620279945,0.8370579481124878,0.5644042491912842,0.494570255279541,0.8863692283630371,0.7313981056213379,0.6167200724283854,0.870251476764679,0.48615155220031736,0.5554755528767904,0.9145132899284363,0.8635257720947266,0.5675095876057943,0.8417678475379944,0.7076417922973632,0.6299598693847657,0.8953015208244324,0.8329758644104004,0.8810853322347005,0.06141718104481697,0.6761541366577148,0.97043883005778,0.12660273909568787,0.8447938919067383,0.895571772257487,0.002156192436814308,0.7367926597595215,0.9493497212727865,0.004723717458546162
pushup,0.19798071384429933,0.1859646161397298,0.9891788959503174,0.2218018054962158,0.10383310317993164,0.9900888800621033,0.14065189361572267,0.15266612370808919,0.8629980087280273,0.31465349197387693,0.05153633753458659,0.96864914894104,0.1256519079208374,0.17014242808024088,0.15509670972824097,0.5508269786834716,0.12434298197428385,0.9855760335922241,0.3499169826507568,0.32353973388671875,0.9582686424255371,0.8960908889770508,0.2142836888631185,0.8813005089759827,0.5713740348815918,0.4742397944132487,0.8821364641189575,0.8014308929443359,0.5200000127156575,0.8856332302093506,0.4892904758453369,0.5449586232503255,0.8950311541557312,0.8518850326538085,0.5864551544189454,0.8572022914886475,0.7096115112304687,0.6582966486612956,0.8890933990478516,0.8145638465881347,0.907327143351237,0.0409303717315197,0.6914476871490478,1.0,0.07178664207458496,0.8560254096984863,0.9277516682942708,0.001066315919160843,0.790403413772583,0.9742716471354167,0.002011537319049239
pushup,0.20158891677856444,0.19013322194417318,0.9879584312438965,0.2253507614135742,0.10220921834309896,0.9897668957710266,0.13978927135467528,0.1551235834757487,0.851624608039856,0.32255115509033205,0.04807713826497396,0.9709096550941467,0.12878952026367188,0.17568626403808593,0.17527133226394653,0.5538821220397949,0.12283767064412435,0.9793710708618164,0.37438373565673827,0.3234112739562988,0.9567172527313232,0.897944450378418,0.19498198827107746,0.8125354647636414,0.6030430316925048,0.4571604092915853,0.8693565130233765,0.8252991676330567,0.47857364018758136,0.8231479525566101,0.5012662410736084,0.5209774017333985,0.8783168792724609,0.8574705123901367,0.5843477249145508,0.790436327457428,0.7295808792114258,0.656356938680013,0.8571085333824158,0.8193939208984375,0.8813795725504557,0.0343170240521431,0.7115593910217285,0.9706051508585612,0.07294037193059921,0.8678295135498046,0.9021626790364583,0.001139923231676221,0.8051794052124024,0.9393583933512369,0.002501147100701928
pushup,0.19480981826782226,0.18243274688720704,0.9865593910217285,0.22385685443878173,0.09036506017049153,0.9892238974571228,0.13264567852020265,0.14074201583862306,0.8098164200782776,0.3293409585952759,0.0296144167582194,0.9680233001708984,0.11956214904785156,0.1532923698425293,0.10407193750143051,0.554064416885376,0.10199394226074218,0.9815707802772522,0.3615095615386963,0.313516362508138,0.9318064451217651,0.8962471008300781,0.13389466603597006,0.8815387487411499,0.5978827476501465,0.4363529205322266,0.8450201749801636,0.8213787078857422,0.43150774637858075,0.9007987380027771,0.5039690017700196,0.5091571172078451,0.8878670930862427,0.8375581741333008,0.5865170160929362,0.843268632888794,0.6996992588043213,0.6621832529703776,0.8611590266227722,0.828929328918457,0.8821208318074544,0.03641631454229355,0.7054713249206543,0.9766621271769206,0.06031402572989464,0.8625420570373535,0.8726093292236328,0.0011148810153827071,0.7836625099182128,0.9181121190388998,0.001999858533963561
pushup,0.199648118019104,0.15841999053955078,0.9900224804878235,0.22983818054199218,0.06408678690592448,0.9916332960128784,0.13707997798919677,0.11370391845703125,0.8565959930419922,0.33210067749023436,0.008998711903889975,0.9668239951133728,0.12004711627960205,0.13089415232340496,0.11675773561000824,0.5493674755096436,0.10292174021402994,0.9811967015266418,0.36143319606781005,0.32993259429931643,0.9325124621391296,0.9039938926696778,0.1460783322652181,0.8534982204437256,0.589576005935669,0.47844982147216797,0.8006842732429504,0.8322362899780273,0.46079667409261066,0.8696725964546204,0.47082858085632323,0.5401973724365234,0.85268634557724,0.8470012664794921,0.5974135716756185,0.7872105836868286,0.7141144752502442,0.6844612121582031,0.8067095279693604,0.8523540496826172,0.8295698801676432,0.037918806076049805,0.7296340942382813,0.9503269195556641,0.0626692995429039,0.8819461822509765,0.7959880193074544,0.0018189775291830301,0.8105506896972656,0.8781330108642578,0.0032207556068897247
pushup,0.20643508434295654,0.14313780466715495,0.991287887096405,0.23406658172607422,0.047785441080729164,0.9942023158073425,0.13866567611694336,0.1028109868367513,0.8468735218048096,0.33066525459289553,0.00024328231811523437,0.9801058173179626,0.11372988224029541,0.13722883860270182,0.09839383512735367,0.5598942279815674,0.09967943827311197,0.9917703866958618,0.35332047939300537,0.34613927205403644,0.9331379532814026,0.9070405006408692,0.1694062868754069,0.9347464442253113,0.567467451095581,0.5138313293457031,0.7520345449447632,0.8165163993835449,0.47817824681599935,0.9220786690711975,0.42817249298095705,0.49354511896769204,0.8179555535316467,0.8515186309814453,0.6367303848266601,0.9070082306861877,0.7034946918487549,0.7262622833251953,0.8791375160217285,0.8315325736999511,0.9597491582234701,0.04481784626841545,0.6878836631774903,1.0,0.04631728678941727,0.8603694915771485,0.9115453720092773,0.0011754536535590887,0.7586507320404052,0.9573550542195638,0.0015089414082467556
pushup,0.21238133907318116,0.16023909250895182,0.9892581105232239,0.23900468349456788,0.07142292658487956,0.9912154674530029,0.15019552707672118,0.11928857167561849,0.8415592312812805,0.33584144115448,0.01309518814086914,0.9728642702102661,0.1294698476791382,0.13251431783040366,0.1091395914554596,0.5734335899353027,0.10523843765258789,0.9878523349761963,0.34981226921081543,0.3020843505859375,0.9512525200843811,0.8911773681640625,0.24107284545898439,0.9018521308898926,0.5587751388549804,0.49348551432291665,0.8543030023574829,0.7829461097717285,0.5441001892089844,0.9027089476585388,0.46918435096740724,0.5490516662597656,0.8808353543281555,0.8553293228149415,0.6102761586507162,0.8662878274917603,0.698291540145874,0.6758286158243815,0.8800445199012756,0.8119112014770508,0.9491523742675781,0.035524263978004456,0.6713704109191895,1.0,0.05295046418905258,0.826024341583252,0.938668950398763,0.0008976502576842904,0.7449121475219727,0.9488032658894857,0.0015346785075962543
pushup,0.2170609712600708,0.1717500368754069,0.990261971950531,0.23837225437164306,0.08326578140258789,0.9882907867431641,0.1545060396194458,0.1356351852416992,0.9013519883155823,0.3295109987258911,0.019226233164469402,0.946342408657074,0.1293630599975586,0.14649264017740884,0.1805616319179535,0.5820095539093018,0.12232262293497721,0.9779974818229675,0.34176292419433596,0.2841960906982422,0.9610066413879395,0.8913604736328125,0.32717536290486654,0.8180616497993469,0.5438731193542481,0.47116076151529945,0.9122514128684998,0.7533890247344971,0.6315866470336914,0.8615235090255737,0.48651928901672364,0.5705727259318034,0.9288869500160217,0.858064842224121,0.5718162536621094,0.8286771178245544,0.6879195213317871,0.6215442657470703,0.9006789922714233,0.7828785896301269,0.9080184936523438,0.05261224880814552,0.6166280746459961,0.9712361653645833,0.11575084179639816,0.8214954376220703,0.9651470184326172,0.0016253957292065024,0.6821099281311035,0.9786123911539714,0.0036754326429218054
pushup,0.22515690326690674,0.18304367065429689,0.9931172132492065,0.2429054021835327,0.0958499272664388,0.9899834394454956,0.1641939640045166,0.15072027842203775,0.932205855846405,0.3315126419067383,0.0330410639444987,0.9576331973075867,0.14295606613159179,0.16715815862019856,0.2583411633968353,0.5912911415100097,0.14477802912394205,0.9831966161727905,0.3484118223190308,0.30834995905558266,0.9871343970298767,0.8707324981689453,0.38938948313395183,0.7730425596237183,0.519440746307373,0.5178154945373535,0.954212486743927,0.6918042182922364,0.7133562723795573,0.7628465890884399,0.430989933013916,0.6395680745442708,0.9360770583152771,0.8876606941223144,0.5501478830973308,0.830012857913971,0.7224661827087402,0.6015846252441406,0.933974027633667,0.8092081069946289,0.8566141764322917,0.09966370463371277,0.6672029018402099,0.9139118194580078,0.27166396379470825,0.853875732421875,0.9647290547688802,0.004067027010023594,0.7623161315917969,0.973190180460612,0.012164135463535786
pushup,0.2344273090362549,0.1901010513305664,0.9910263419151306,0.2533513307571411,0.11233240763346354,0.9886652231216431,0.18146915435791017,0.15587472915649414,0.8846008777618408,0.339017653465271,0.06225945154825847,0.9522199034690857,0.16254568099975586,0.166457462310791,0.1652165949344635,0.5781416893005371,0.1996617317199707,0.9937471151351929,0.3555310726165771,0.31289920806884763,0.9739313721656799,0.876304817199707,0.49954296747843424,0.9318376779556274,0.5089060306549072,0.5392925262451171,0.895230233669281,0.6873335361480712,0.8237553278605143,0.8649266362190247,0.40558700561523436,0.7005736033121744,0.8684161305427551,0.8724017143249512,0.6197481155395508,0.929350733757019,0.7149649620056152,0.6587799708048503,0.9396711587905884,0.8372011184692383,0.9066736857096355,0.16553087532520294,0.6912232398986816,0.9788074493408203,0.2195894867181778,0.8816928863525391,0.9494043986002604,0.007339424919337034,0.7738072395324707,0.992661984761556,0.011690166778862476
pushup,0.24064574241638184,0.19571304321289062,0.9929989576339722,0.2576894760131836,0.11133925120035808,0.9868382811546326,0.1847172737121582,0.16378053029378256,0.9262632727622986,0.34879748821258544,0.05351861317952474,0.9280634522438049,0.17295360565185547,0.17599493662516277,0.24863910675048828,0.5895794868469239,0.21744146347045898,0.986493706703186,0.3758044481277466,0.32184340159098307,0.9870772361755371,0.8610008239746094,0.5646359125773112,0.824339747428894,0.4959240913391113,0.5677329381306966,0.9511767029762268,0.6973685264587403,0.8367410024007161,0.7171952128410339,0.37053570747375486,0.7868955612182618,0.9022533893585205,0.8860939025878907,0.6895900090535482,0.8085199594497681,0.7320868492126464,0.7271315256754557,0.9138368964195251,0.8261490821838379,0.8650219599405925,0.08136846870183945,0.6804502487182618,0.9328558603922527,0.19687774777412415,0.9101548194885254,0.8710982640584309,0.006593375001102686,0.7762701034545898,0.9033098220825195,0.01663360930979252
pushup,0.25108301639556885,0.19367504119873047,0.9949883222579956,0.27269256114959717,0.10338293711344401,0.9909430146217346,0.18960802555084227,0.15794197718302408,0.9410030841827393,0.3679263830184937,0.05114129384358724,0.9464899301528931,0.17056961059570314,0.17623621622721355,0.22416499257087708,0.595705223083496,0.24727579752604167,0.9888968467712402,0.37847750186920165,0.3217212994893392,0.9874581694602966,0.8416414260864258,0.6781988143920898,0.8333286046981812,0.4878872871398926,0.59291566212972,0.9434993267059326,0.6504608154296875,0.9361387888590494,0.7019535303115845,0.3506181716918945,0.8339335123697916,0.8831523060798645,0.8729842185974122,0.7309809366861979,0.7150971293449402,0.7174367904663086,0.7565302530924479,0.8593029379844666,0.7762993812561035,0.885982894897461,0.0494522824883461,0.645556640625,0.9535507202148438,0.11401428282260895,0.8803455352783203,0.9070367177327474,0.003826787928119302,0.7611862659454346,0.9536835352579752,0.00874040462076664
pushup,0.2637627601623535,0.19380807876586914,0.9957901835441589,0.29071316719055174,0.09397513071695963,0.9926536083221436,0.1950016975402832,0.15127716064453126,0.9583272933959961,0.38588681221008303,0.04554675420125325,0.9707419276237488,0.16970441341400147,0.17421220143636068,0.3500388562679291,0.6146332740783691,0.27314380009969075,0.987442672252655,0.37104957103729247,0.31680065790812173,0.9955918192863464,0.8020145416259765,0.7700978597005208,0.6546774506568909,0.490535306930542,0.6100563049316406,0.9636638164520264,0.5944347381591797,0.959630839029948,0.4118209779262543,0.3376750469207764,0.8760372161865234,0.835989773273468,0.8638751983642579,0.756488037109375,0.6200821399688721,0.6960036277770996,0.7590999603271484,0.8830064535140991,0.6819988250732422,0.9302388509114583,0.039372194558382034,0.53203125,0.9319112141927083,0.13861672580242157,0.8703024864196778,1.0,0.0035312136169523,0.7248856067657471,0.9924860636393229,0.011462317779660225
pushup,0.2681783676147461,0.19973119099934897,0.995154619216919,0.2970038175582886,0.10060380299886068,0.9929131865501404,0.2005324125289917,0.15372098286946614,0.9495880603790283,0.3908976078033447,0.04817047119140625,0.9724235534667969,0.17187149524688722,0.16887677510579427,0.2737519145011902,0.6117097854614257,0.2740107218424479,0.9890382289886475,0.35815882682800293,0.3142160733540853,0.9939104318618774,0.7467470645904541,0.8048700968424479,0.7065117359161377,0.4705962181091309,0.6527379353841146,0.9430890083312988,0.5008822917938233,0.942163594563802,0.47356241941452026,0.3225066661834717,0.8944852193196614,0.7830166816711426,0.8379606246948242,0.7649917602539062,0.685725212097168,0.6611769199371338,0.7612284342447917,0.886317253112793,0.6407660484313965,0.953952407836914,0.06837373226881027,0.47342767715454104,0.9367015202840169,0.17087046802043915,0.8147994041442871,1.0,0.006589996628463268,0.6497585296630859,0.9999407450358073,0.01697889342904091
pushup,0.27501378059387205,0.21408141454060872,0.9953047037124634,0.3031341791152954,0.11694087982177734,0.9937558174133301,0.20731739997863768,0.1678204854329427,0.9377721548080444,0.3989855289459229,0.056410598754882815,0.9675834774971008,0.17630608081817628,0.17431418100992838,0.18657232820987701,0.6023990154266358,0.2680059432983398,0.9928047060966492,0.34286794662475584,0.29470272064208985,0.9931419491767883,0.6314503669738769,0.8532166798909505,0.8395786285400391,0.4156314849853516,0.6936592102050781,0.9360918402671814,0.42075285911560056,0.9525931040445964,0.6336113214492798,0.3081461191177368,0.8925104777018229,0.8003377914428711,0.8203027725219727,0.6879025777180989,0.8326085805892944,0.6371893405914306,0.679542350769043,0.9272690415382385,0.6162548065185547,0.9155855178833008,0.28316816687583923,0.4468660354614258,0.8757034301757812,0.4292338788509369,0.7702773094177247,1.0,0.02898837998509407,0.5764735698699951,0.9945725758870443,0.057310495525598526
pushup,0.28468587398529055,0.23440656661987305,0.9962038397789001,0.3101015567779541,0.1366191864013672,0.9946489930152893,0.21428389549255372,0.18960558573404948,0.9318321347236633,0.4035588264465332,0.055069224039713545,0.959102988243103,0.17854926586151124,0.17825409571329753,0.12964776158332825,0.5985264301300048,0.2713425318400065,0.9926117062568665,0.3402870655059814,0.28632411956787107,0.9909521341323853,0.5637309074401855,0.9209096272786458,0.8836904168128967,0.375736141204834,0.7307980219523112,0.9267863035202026,0.363405442237854,1.0,0.7022675275802612,0.2946512699127197,0.9621617635091145,0.7954256534576416,0.8335745811462403,0.717671267191569,0.6365205645561218,0.6517812728881835,0.7108287811279297,0.7955760359764099,0.5799781322479248,0.9036732355753581,0.10838834941387177,0.43907594680786133,0.8748561859130859,0.1510085016489029,0.7357380390167236,1.0,0.009073132649064064,0.5733884334564209,0.9455628077189128,0.015030799433588982
pushup,0.28615405559539797,0.2444029490152995,0.9967043995857239,0.3073931932449341,0.149153995513916,0.9945141077041626,0.21616358757019044,0.20347509384155274,0.9357644319534302,0.3983677864074707,0.06250171661376953,0.9464093446731567,0.18092138767242433,0.1905062993367513,0.13164019584655762,0.583613109588623,0.267450491587321,0.9932854175567627,0.3356319904327393,0.2924771308898926,0.9917325973510742,0.5366664409637452,0.9065831502278646,0.9192406535148621,0.34495697021484373,0.7413384755452473,0.9391565322875977,0.3931548595428467,1.0,0.7420990467071533,0.28090677261352537,0.9859383900960287,0.8167372941970825,0.8543951034545898,0.6919422149658203,0.6373744010925293,0.680580472946167,0.7002213160196941,0.7780272960662842,0.6519022464752198,0.8708412170410156,0.11362403631210327,0.5239850521087647,0.8495755513509115,0.14174523949623108,0.8247429847717285,0.9909596761067708,0.008816411718726158,0.6707630634307862,0.9040863672892253,0.013954313471913338
pushup,0.2722116470336914,0.25474802652994794,0.9957375526428223,0.29405698776245115,0.16231412887573243,0.9935949444770813,0.20715906620025634,0.21306432088216146,0.9189691543579102,0.3922869205474854,0.07157605489095052,0.9379017353057861,0.18254356384277343,0.19042812983194987,0.1064617857336998,0.577410364151001,0.270498530069987,0.9843123555183411,0.34832000732421875,0.29145676294962564,0.9867406487464905,0.5523387908935546,0.8879636764526367,0.8442171812057495,0.3392651081085205,0.7292123158772786,0.9248928427696228,0.38118686676025393,1.0,0.6794044375419617,0.27297000885009765,0.9831534067789713,0.8294734954833984,0.8334548950195313,0.7234371821085612,0.3843844532966614,0.6739424228668213,0.7258174896240235,0.6031758785247803,0.5935296058654785,0.8844690958658854,0.03614248335361481,0.5109511852264405,0.8791299184163411,0.05744386836886406,0.6869062900543212,0.9581718444824219,0.002870293101295829,0.6117868900299073,0.8946243286132812,0.005138138309121132
pushup,0.2804809331893921,0.25742562611897785,0.996394693851471,0.3018918514251709,0.16297664642333984,0.9957656860351562,0.21411325931549072,0.21902475357055665,0.9168040752410889,0.39518227577209475,0.08266846338907878,0.9730405807495117,0.18477282524108887,0.2129828453063965,0.08546322584152222,0.597195816040039,0.2911746342976888,0.9943000078201294,0.3440062999725342,0.3209466298421224,0.9887731671333313,0.5757071018218994,0.9180490493774414,0.9364062547683716,0.3550736427307129,0.7443485260009766,0.9207830429077148,0.3569795608520508,1.0,0.7813941240310669,0.27907505035400393,1.0,0.7805405855178833,0.8511547088623047,0.7232426961263021,0.6564513444900513,0.6694710731506348,0.7258631388346354,0.7638158798217773,0.6172653198242187,0.8794338226318359,0.09782662987709045,0.4566056251525879,0.873445701599121,0.10722827911376953,0.7730507850646973,0.987096659342448,0.007504008244723082,0.58419771194458,0.9304808934529623,0.010444633662700653
pushup,0.2665342092514038,0.2517650286356608,0.9962814450263977,0.2904146671295166,0.15762373606363933,0.9958219528198242,0.203110671043396,0.20933186213175456,0.9253124594688416,0.3931738376617432,0.07864036560058593,0.9681459665298462,0.18249895572662353,0.20078357060750326,0.07434424012899399,0.5996478080749512,0.28151865005493165,0.9843178987503052,0.35028839111328125,0.3161151885986328,0.982606053352356,0.6198872089385986,0.8629956563313802,0.8600109815597534,0.357054615020752,0.7247893015543619,0.9283057451248169,0.4521204948425293,1.0,0.756622850894928,0.275730562210083,1.0,0.8525182008743286,0.816707706451416,0.721751085917155,0.5478692054748535,0.6378437519073487,0.7158898035685222,0.7361578345298767,0.5679450988769531,0.8784968058268229,0.0981239452958107,0.39107065200805663,0.858837890625,0.14632025361061096,0.6474978446960449,1.0,0.009548705071210861,0.43923025131225585,0.9362876892089844,0.016759326681494713
pushup,0.2686913013458252,0.242799711227417,0.99592125415802,0.2984639644622803,0.14863789876302083,0.9949186444282532,0.20515589714050292,0.1961840311686198,0.9499533772468567,0.39546003341674807,0.0881455103556315,0.973843514919281,0.17438406944274903,0.19923470815022787,0.17539599537849426,0.6110425472259522,0.30032726923624675,0.9932342171669006,0.32546062469482423,0.3305302619934082,0.9920483231544495,0.7156376361846923,0.8556711832682292,0.8192108273506165,0.3812553405761719,0.6959323247273763,0.916897714138031,0.4926154613494873,0.9565093358357747,0.6239755153656006,0.28124735355377195,0.8907469431559245,0.7629212737083435,0.8258855819702149,0.7302963256835937,0.7619311213493347,0.6318299770355225,0.7285792668660481,0.8799414038658142,0.6606301307678223,0.9412878036499024,0.13006019592285156,0.48946776390075686,0.9289839426676433,0.21290697157382965,0.808871078491211,1.0,0.011589230969548225,0.6498034000396729,0.9836700439453125,0.021945470944046974
pushup,0.26406800746917725,0.23451024691263836,0.9965873956680298,0.2937635898590088,0.14302953084309897,0.9949555993080139,0.20311343669891357,0.1904132843017578,0.9613090753555298,0.3894084692001343,0.08483991622924805,0.9737873077392578,0.17429778575897217,0.19426822662353516,0.2169046550989151,0.6106293678283692,0.2895928700764974,0.9937315583229065,0.33062186241149905,0.33338743845621743,0.9937887787818909,0.7874039649963379,0.8025615692138672,0.8401371240615845,0.40656085014343263,0.665731938680013,0.9470701813697815,0.5645577430725097,0.9815087636311849,0.6311436891555786,0.3023587465286255,0.909381357828776,0.8077201247215271,0.833519172668457,0.7568363825480143,0.7862297892570496,0.6423891067504883,0.7648448308308919,0.9013234972953796,0.6986257553100585,0.9595719655354817,0.06730562448501587,0.5255192279815674,0.9814452489217123,0.13643264770507812,0.8412710189819336,1.0,0.005025859456509352,0.6969079494476318,1.0,0.010527059435844421
pushup,0.26356825828552244,0.23068869908650716,0.9957679510116577,0.28658266067504884,0.14093758265177408,0.9928984642028809,0.20517196655273437,0.18641586303710939,0.9464173316955566,0.38204078674316405,0.07995306650797526,0.9567781686782837,0.1851076602935791,0.184891414642334,0.20004548132419586,0.6208917617797851,0.303806209564209,0.9905669093132019,0.3611746788024902,0.31409339904785155,0.9882658123970032,0.8329654693603515,0.7946137110392253,0.8084136843681335,0.4282378673553467,0.5962340037027994,0.9362272024154663,0.6458071708679199,0.9602571487426758,0.6983063817024231,0.32869205474853513,0.9012715021769205,0.8630018830299377,0.8751396179199219,0.7252580006917317,0.6163715720176697,0.7004094600677491,0.7197943369547526,0.8000274896621704,0.7387544631958007,0.9165412902832031,0.04841003939509392,0.5980993270874023,0.9235861460367839,0.1037428230047226,0.8614301681518555,0.9707846959431966,0.0034104427322745323,0.726270055770874,0.9576379140218099,0.007665523327887058
pushup,0.2536048889160156,0.23005250295003254,0.9972780346870422,0.27762532234191895,0.14313103357950846,0.9934146404266357,0.19607896804809571,0.1931825002034505,0.9758074879646301,0.36983532905578614,0.07759300867716472,0.9473192691802979,0.17508842945098876,0.19165420532226562,0.3790816366672516,0.5975895881652832,0.2346947987874349,0.9866085648536682,0.3447291612625122,0.3239630381266276,0.9960036873817444,0.8561717987060546,0.5934927622477214,0.7644670605659485,0.4378489017486572,0.5687894185384115,0.9823912978172302,0.7552433967590332,0.8870141983032227,0.6313530802726746,0.35483555793762206,0.8526287078857422,0.9362919926643372,0.8801796913146973,0.6776901245117187,0.7623944878578186,0.7129904747009277,0.7168706258138021,0.9316868185997009,0.791124963760376,0.8761894226074218,0.05752866342663765,0.6545764446258545,0.9457827885945638,0.219350665807724,0.9129390716552734,0.9494498570760092,0.0035484367981553078,0.8181148529052734,1.0,0.012566795572638512
pushup,0.24538700580596923,0.23892399470011394,0.9943842887878418,0.2602264404296875,0.156635316212972,0.9910596013069153,0.18910634517669678,0.20435147285461425,0.9402667880058289,0.34848828315734864,0.08352006276448568,0.9359663724899292,0.1650285005569458,0.20225157737731933,0.20312316715717316,0.6038576602935791,0.22018322944641114,0.9937790036201477,0.3254788160324097,0.32299365997314455,0.981808602809906,0.8875582695007325,0.5365873972574869,0.9170376062393188,0.4200939178466797,0.5404140472412109,0.9267232418060303,0.7182116508483887,0.8771941502888997,0.8346443176269531,0.3745001792907715,0.7368413925170898,0.8939048647880554,0.8785953521728516,0.5949846267700195,0.9268215298652649,0.6934550285339356,0.6334340413411458,0.9461550712585449,0.8847887992858887,0.8921210606892903,0.19285424053668976,0.7285435676574707,0.9472899119059245,0.29172778129577637,0.9186893463134765,0.9828990936279297,0.008601349778473377,0.806242847442627,0.9975801467895508,0.015751555562019348
pushup,0.2444220542907715,0.2477280616760254,0.9912531971931458,0.25369575023651125,0.16552371978759767,0.9872840642929077,0.19022743701934813,0.21742005348205568,0.9052737951278687,0.334723973274231,0.0786762555440267,0.9265059232711792,0.1721198797225952,0.20827579498291016,0.17402656376361847,0.5989645957946778,0.18313121795654297,0.9909459352493286,0.35201210975646974,0.3237864176432292,0.9740018248558044,0.9072295188903808,0.45311082204182945,0.907543420791626,0.4664731979370117,0.5345487594604492,0.9173735976219177,0.7266310691833496,0.7581432342529297,0.8721380233764648,0.38298921585083007,0.664456303914388,0.9126794934272766,0.8813012123107911,0.5981157938639323,0.9346969723701477,0.7135321140289307,0.6467810312906901,0.953307032585144,0.8584856033325196,0.9254924774169921,0.19080893695354462,0.7144025325775146,0.999604606628418,0.2914360463619232,0.8823833465576172,0.9791769663492839,0.0077072023414075375,0.7675475597381591,1.0,0.014034723863005638
pushup,0.23956968784332275,0.24593515396118165,0.9939000606536865,0.25665132999420165,0.1588244120279948,0.9891197681427002,0.1771484613418579,0.20997745196024578,0.9524317979812622,0.34142889976501467,0.06310459772745768,0.9005373120307922,0.1452315092086792,0.1918207804361979,0.25061294436454773,0.5852317810058594,0.14059782028198242,0.9785687923431396,0.32733371257781985,0.29033997853597004,0.9745274782180786,0.8789590835571289,0.3331008275349935,0.823381245136261,0.4809469699859619,0.4461130460103353,0.9490314722061157,0.7721230030059815,0.6652607599894206,0.8484246730804443,0.42729034423828127,0.5801333109537761,0.9493330717086792,0.8419824600219726,0.5960243860880534,0.8644251227378845,0.6668274879455567,0.6469443003336589,0.9320513010025024,0.8208439826965332,0.9017882029215495,0.0664023607969284,0.6627379417419433,0.9576404571533204,0.1651764065027237,0.8543424606323242,0.950998051961263,0.0026839147321879864,0.7323317050933837,0.9569211959838867,0.006589571945369244
pushup,0.23053903579711915,0.24755128224690756,0.9922360777854919,0.25048935413360596,0.16331183115641276,0.9886045455932617,0.17265021800994873,0.21098100344340007,0.9294518828392029,0.3390552043914795,0.07419780095418295,0.9238219261169434,0.14986121654510498,0.19390703837076823,0.2054835557937622,0.570725679397583,0.14274123509724934,0.9812018871307373,0.3330350399017334,0.3059686024983724,0.9698275923728943,0.8778279304504395,0.2832484245300293,0.8514035940170288,0.493437671661377,0.4553455034891764,0.9337660670280457,0.8134684562683105,0.6008535385131836,0.8693114519119263,0.4310490131378174,0.570872942606608,0.935541033744812,0.8197409629821777,0.6013104756673177,0.8588912487030029,0.6606893062591552,0.6595743815104167,0.9136223196983337,0.8093876838684082,0.8833791097005208,0.061200059950351715,0.6797244071960449,0.9481608072916666,0.1348673552274704,0.8327144622802735,0.9176485697428386,0.002498663030564785,0.7572640895843505,0.9350501378377278,0.00554132042452693
pushup,0.2264120101928711,0.25981993675231935,0.9936062097549438,0.2485118865966797,0.17264693578084309,0.9924111366271973,0.16612670421600342,0.2247963587443034,0.9171305298805237,0.33958911895751953,0.08868309656778971,0.9514724016189575,0.14146785736083983,0.21965743700663248,0.13602086901664734,0.5734166145324707,0.13957560857137044,0.9871804118156433,0.3436858892440796,0.35223881403605145,0.9634559750556946,0.905336570739746,0.20883639653523764,0.9175863862037659,0.5284332752227783,0.4837333679199219,0.9155564904212952,0.8508522987365723,0.5477742513020833,0.9239072799682617,0.4586925983428955,0.5397819519042969,0.9267377853393555,0.850529956817627,0.6545645395914713,0.8840892910957336,0.6920656681060791,0.7329611460367839,0.9037580490112305,0.8339113235473633,0.8937252044677735,0.051685817539691925,0.7002346038818359,0.981311289469401,0.08276653289794922,0.865643310546875,0.9203739802042643,0.002022491069510579,0.7995417594909668,0.944033432006836,0.0034971199929714203
pushup,0.23125746250152587,0.27939732869466144,0.9927695393562317,0.25002365112304686,0.1854382832845052,0.9907777309417725,0.1633229970932007,0.2389373779296875,0.9117211699485779,0.33277482986450196,0.08620265324910482,0.914173424243927,0.12475271224975586,0.2217734972635905,0.14633220434188843,0.5580792427062988,0.13707275390625,0.9861361980438232,0.3401195049285889,0.3365072250366211,0.9208129644393921,0.8956491470336914,0.19634151458740234,0.930415153503418,0.5416605949401856,0.43853896458943686,0.8449195623397827,0.8547762870788574,0.53790283203125,0.9417054057121277,0.4619028568267822,0.5333009084065755,0.9050664305686951,0.8339466094970703,0.6392606735229492,0.863041877746582,0.6847256660461426,0.7125332514444987,0.8452703356742859,0.817082691192627,0.9142948786417643,0.03980366140604019,0.6991959095001221,0.9953393936157227,0.04564845189452171,0.8540098190307617,0.9396842956542969,0.0013147909194231033,0.7731546878814697,0.9522988637288411,0.0017442883690819144
pushup,0.23369138240814208,0.3149539629618327,0.9910258650779724,0.24292407035827637,0.22917946179707846,0.9869264960289001,0.1730290174484253,0.28862349192301434,0.9210336804389954,0.32908105850219727,0.10411850611368816,0.8989201784133911,0.1539628028869629,0.25388283729553224,0.17702199518680573,0.5854627609252929,0.14450197219848632,0.9788777232170105,0.33274044990539553,0.3117600758870443,0.9590533971786499,0.8855400085449219,0.3048418045043945,0.8587890863418579,0.48228163719177247,0.4623765309651693,0.923209547996521,0.8529664993286132,0.6108657201131185,0.8735188841819763,0.45877809524536134,0.5614935557047526,0.9267722964286804,0.8216104507446289,0.6170756022135416,0.8578080534934998,0.6537227153778076,0.6734414418538411,0.9036916494369507,0.7952468872070313,0.911673100789388,0.06147109344601631,0.6674355506896973,0.9540706634521484,0.11933208256959915,0.8336573600769043,0.9754549662272135,0.002538021421059966,0.7457209587097168,0.9380873362223308,0.005149807780981064
pushup,0.2318258285522461,0.36657466888427737,0.9663947820663452,0.23200042247772218,0.28114293416341146,0.9615922570228577,0.17889342308044434,0.3453865051269531,0.7361100316047668,0.3263991355895996,0.14710127512613932,0.8672782182693481,0.1847153425216675,0.30878349939982097,0.07053358107805252,0.6040419578552246,0.2181643009185791,0.9598711729049683,0.3288759469985962,0.3396464983622233,0.9099897742271423,0.860806941986084,0.4413492520650228,0.8195937275886536,0.41706047058105467,0.4943172772725423,0.887257993221283,0.8000278472900391,0.6703941345214843,0.8458978533744812,0.4600995540618896,0.5930840174357096,0.9044057726860046,0.7853702068328857,0.6187066396077474,0.820037841796875,0.6035429477691651,0.6538017272949219,0.8688559532165527,0.8041165351867676,0.9291651407877605,0.056734513491392136,0.636628532409668,0.9336840311686198,0.10912167280912399,0.851019287109375,1.0,0.0021447050385177135,0.6742884635925293,0.9435902913411458,0.004412117414176464
pushup,0.2304286003112793,0.44798984527587893,0.9409812688827515,0.22817776203155518,0.36533807118733724,0.9616252183914185,0.1833566188812256,0.4214430491129557,0.44780904054641724,0.3319807529449463,0.23314615885416667,0.959894597530365,0.22009856700897218,0.37261028289794923,0.05869288742542267,0.6071184158325196,0.30518709818522133,0.9644360542297363,0.4193085193634033,0.36692657470703127,0.9217394590377808,0.8837389945983887,0.5867392222086588,0.7404870986938477,0.5425203323364258,0.5333517710367839,0.8513239026069641,0.8126071929931641,0.7762204488118489,0.7113532423973083,0.4610198974609375,0.6216097513834635,0.8503333330154419,0.8013213157653809,0.5809524536132813,0.6738689541816711,0.6796456813812256,0.5802071889241537,0.7820083498954773,0.8120146751403808,0.9251848856608073,0.07086942344903946,0.6925196647644043,0.8751167933146159,0.17198845744132996,0.8493010520935058,1.0,0.002740107709541917,0.7058975696563721,0.9490411122639973,0.007867039181292057
pushup,0.2316364526748657,0.5439368565877278,0.9439564943313599,0.23095228672027587,0.4469988505045573,0.9763428568840027,0.18017003536224366,0.513076909383138,0.3574000597000122,0.3452190399169922,0.30155795415242515,0.9759122729301453,0.21516044139862062,0.46386330922444663,0.024572322145104408,0.6088056564331055,0.3838605244954427,0.9806318283081055,0.4140615463256836,0.4736957867940267,0.8666144609451294,0.8665277481079101,0.6658692677815755,0.8376898169517517,0.5322638988494873,0.644550069173177,0.6015755534172058,0.8260059356689453,0.89416929880778,0.7434033751487732,0.4457096576690674,0.6547207514444987,0.6437180042266846,0.7961884498596191,0.5499750137329101,0.6414443850517273,0.681412935256958,0.5645288467407227,0.6004012227058411,0.8144686698913575,0.8456989924112955,0.1561480313539505,0.7232925415039062,0.8085103988647461,0.19166646897792816,0.8979913711547851,1.0,0.008437365293502808,0.7808382034301757,0.9058003743489583,0.014690259471535683
pushup,0.2500753879547119,0.6086549123128255,0.946318507194519,0.24733238220214843,0.5179897308349609,0.9716377258300781,0.20030009746551514,0.5822770436604817,0.5248633027076721,0.3520036697387695,0.37527424494425454,0.9621046781539917,0.2350382089614868,0.5306751569112141,0.0725482776761055,0.5908044338226318,0.46302693684895835,0.971445620059967,0.4199234962463379,0.5094996452331543,0.9142823219299316,0.8146985054016114,0.7529394785563152,0.7074016332626343,0.5092535495758057,0.648333740234375,0.684089720249176,0.8319524765014649,0.9242958704630534,0.5067834258079529,0.4175273895263672,0.723870849609375,0.5775462985038757,0.7567042350769043,0.611032231648763,0.5824735164642334,0.6561659812927246,0.6137240091959636,0.6380460262298584,0.7723320007324219,0.8952289581298828,0.10094673931598663,0.6884440422058106,0.8467192967732747,0.16492196917533875,0.912046241760254,0.9937744140625,0.007682673167437315,0.7574682235717773,0.8682421366373698,0.015422162599861622
pushup,0.2491851806640625,0.6925584157307942,0.9423081278800964,0.24643266201019287,0.5946457544962566,0.9728423953056335,0.19666199684143065,0.6660823822021484,0.46922534704208374,0.358760929107666,0.43534844716389975,0.9564855694770813,0.2256625175476074,0.6127890904744466,0.027577122673392296,0.6240728378295899,0.4956040064493815,0.9679142832756042,0.3957193851470947,0.6111229578653972,0.8208744525909424,0.890172290802002,0.7400015513102214,0.759366512298584,0.48075084686279296,0.7612222035725912,0.5056886672973633,0.8647418975830078,0.8993316014607747,0.6553080677986145,0.4271235466003418,0.7551592508951823,0.5126948952674866,0.7965475082397461,0.6354853312174479,0.47425365447998047,0.6636533260345459,0.6702049255371094,0.4162174463272095,0.8705766677856446,0.8560034434000651,0.0755823627114296,0.7616888046264648,0.8539834976196289,0.09267804026603699,0.9632383346557617,0.9314842859903971,0.005679869093000889,0.825892448425293,0.8573192596435547,0.009146849624812603
pushup,0.2673544406890869,0.7382344563802083,0.9762271642684937,0.264090895652771,0.6362745285034179,0.9829307198524475,0.20264756679534912,0.718913205464681,0.8117948174476624,0.35993289947509766,0.46763998667399087,0.910852313041687,0.19339308738708497,0.6724965413411458,0.07722964137792587,0.6184195518493653,0.4975532213846842,0.9834255576133728,0.3164865016937256,0.6720945358276367,0.8718782067298889,0.8890920639038086,0.6782096227010092,0.8950026035308838,0.35785932540893556,0.8029961268107096,0.5576094388961792,0.8939646720886231,0.8492713928222656,0.831922709941864,0.382246208190918,0.8209104537963867,0.5617920160293579,0.7867145538330078,0.6793710708618164,0.7392617464065552,0.6107026100158691,0.7539536794026692,0.6016625761985779,0.8532315254211426,0.8841622034708659,0.12108267843723297,0.7309396266937256,0.9454889933268229,0.09029974043369293,0.97071533203125,0.945003890991211,0.007771254517138004,0.8428812026977539,0.92127685546875,0.007709452882409096
pushup,0.27976939678192136,0.7659037907918295,0.9905755519866943,0.28610477447509763,0.66105531056722,0.991334855556488,0.2047423839569092,0.7379992167154948,0.9487040042877197,0.37961015701293943,0.515083376566569,0.926548421382904,0.16879007816314698,0.7072272618611654,0.2280481457710266,0.6247784614562988,0.555500602722168,0.987642765045166,0.29982471466064453,0.7267009099324544,0.9456397891044617,0.9071381568908692,0.7305901845296224,0.8403679728507996,0.3561754941940308,0.867898432413737,0.6586275696754456,0.8808040618896484,0.7972046534220377,0.7876177430152893,0.3636994123458862,0.9058222452799479,0.6014399528503418,0.8014163017272949,0.684173583984375,0.6705210208892822,0.6127707481384277,0.755902099609375,0.599709689617157,0.8369722366333008,0.8733137766520183,0.13309939205646515,0.7210784912109375,0.9267738342285157,0.12525029480457306,0.9414793968200683,0.8901725769042969,0.011280961334705353,0.8606874465942382,0.8716723124186198,0.013539019040763378
pushup,0.2865142822265625,0.7631133397420248,0.9900473952293396,0.294173526763916,0.6681297302246094,0.9904317259788513,0.2190702438354492,0.7374682108561198,0.9201895594596863,0.38678693771362305,0.5247894287109375,0.9335103631019592,0.2010662794113159,0.6986202875773112,0.13553370535373688,0.5986854076385498,0.538540776570638,0.9679479598999023,0.37879147529602053,0.6934441248575847,0.9531499743461609,0.8120960235595703,0.7359623591105143,0.7734518051147461,0.44716558456420896,0.8524229049682617,0.8349077701568604,0.801384162902832,0.8498363494873047,0.76007479429245,0.3749663829803467,0.9636953989664714,0.7729761004447937,0.8183002471923828,0.7278242111206055,0.47748231887817383,0.6856705665588378,0.7906876881917317,0.5679075121879578,0.7941593647003173,0.9119123458862305,0.06422089040279388,0.7279778480529785,0.962530008951823,0.09620773047208786,0.9019285202026367,0.9204238255818685,0.006199879106134176,0.8441608428955079,0.9138680140177409,0.010705987922847271
pushup,0.28467979431152346,0.7360856374104817,0.9899517893791199,0.29274213314056396,0.6387743631998698,0.9925093650817871,0.21979749202728271,0.709021250406901,0.8898947238922119,0.394237756729126,0.4896236419677734,0.9548330307006836,0.21426734924316407,0.6642874399820964,0.08173684775829315,0.6084439277648925,0.5217206319173177,0.968616783618927,0.40213398933410643,0.6796443303426106,0.9361708760261536,0.8395065307617188,0.7825530370076498,0.758766770362854,0.47505745887756345,0.9003532409667969,0.7444840669631958,0.8251478195190429,0.8710753122965494,0.7377886176109314,0.3904360294342041,0.9436314264933269,0.7031229138374329,0.8255222320556641,0.7316034317016602,0.3133721351623535,0.7000807285308838,0.7974083582560222,0.358009934425354,0.8194143295288085,0.8867507934570312,0.030346782878041267,0.74765625,0.9614799499511719,0.04447288066148758,0.9071849822998047,0.8223814010620117,0.003286061342805624,0.8403732299804687,0.8562636057535807,0.005516704171895981
pushup,0.2870351552963257,0.7027428309122722,0.9893458485603333,0.2976313352584839,0.6106208165486654,0.9935123324394226,0.22639799118041992,0.6736840565999349,0.8741056323051453,0.39549736976623534,0.47059383392333987,0.9688183665275574,0.21788952350616456,0.6287748336791992,0.06332879513502121,0.6193352699279785,0.5108465194702149,0.9726501107215881,0.391495680809021,0.6563763936360677,0.9115984439849854,0.862694263458252,0.7626438776652018,0.7753923535346985,0.45601716041564944,0.861431884765625,0.6477915644645691,0.7914996147155762,0.9135004679361979,0.7220614552497864,0.3764952659606934,1.0,0.5644975304603577,0.8320469856262207,0.7441563924153646,0.24593988060951233,0.6928167819976807,0.80174134572347,0.24663589894771576,0.8056689262390136,0.86312255859375,0.01865028776228428,0.7144896507263183,0.9311560312906901,0.021608147770166397,0.8867531776428222,0.7840433120727539,0.0026801314670592546,0.8302161216735839,0.8158725102742513,0.0037987479008734226
pushup,0.2968899726867676,0.6713546752929688,0.9850261807441711,0.30688796043395994,0.5740735371907552,0.9917661547660828,0.22864351272583008,0.6421430587768555,0.8551163673400879,0.39876646995544435,0.45634291966756185,0.9755622148513794,0.20738570690155028,0.6244413375854492,0.0888281837105751,0.6154467105865479,0.533489481608073,0.9893836379051208,0.37149858474731445,0.6400705973307291,0.9444238543510437,0.7760661125183106,0.8999503453572592,0.8384321928024292,0.4477408409118652,0.8820060094197592,0.5402827858924866,0.6265148162841797,0.927471415201823,0.6891502737998962,0.3569509983062744,0.9181681315104167,0.4026460349559784,0.8044637680053711,0.6802647908528646,0.5712553858757019,0.6551555633544922,0.7120222091674805,0.5104398727416992,0.7537971496582031,0.8728523890177409,0.19256240129470825,0.6596249580383301,0.8692175547281901,0.15044118463993073,0.8978490829467773,0.9393711725870768,0.02428070642054081,0.8089753150939941,0.8737033843994141,0.026798415929079056
pushup,0.30429797172546386,0.6475428263346354,0.9853259325027466,0.3197697401046753,0.5505505243937174,0.9914957284927368,0.23635489940643312,0.6136955261230469,0.8307033181190491,0.4128063201904297,0.44176788330078126,0.9751186966896057,0.2133796215057373,0.5948656082153321,0.06693807989358902,0.6086024284362793,0.545181401570638,0.9875473976135254,0.382037353515625,0.6071961720784506,0.9503471851348877,0.6926301956176758,1.0,0.8406282067298889,0.45845370292663573,0.8973007202148438,0.6208183169364929,0.5019792556762696,0.9437592824300131,0.7642048597335815,0.38531997203826907,0.937375259399414,0.5349306464195251,0.7961178302764893,0.7011725743611653,0.44420957565307617,0.6510412216186523,0.7130526860555013,0.4379112124443054,0.6757363319396973,0.8690081278483073,0.16478019952774048,0.5851740837097168,0.8486331939697266,0.13342927396297455,0.8539257049560547,0.9487602869669597,0.02135932259261608,0.7508494853973389,0.8803248087565104,0.02401650696992874
pushup,0.30432426929473877,0.6367674509684245,0.9859537482261658,0.3243689060211182,0.5371419270833333,0.9921031594276428,0.23187706470489503,0.5957790374755859,0.828149676322937,0.4192755699157715,0.432430903116862,0.9709171652793884,0.19984002113342286,0.5768938700358073,0.05580386891961098,0.5996675014495849,0.5400639216105143,0.9893590211868286,0.366741418838501,0.5897942860921224,0.9396050572395325,0.653386926651001,1.0,0.8511756062507629,0.43296031951904296,0.9055834452311198,0.5239942669868469,0.5069261074066163,0.923330561319987,0.7734511494636536,0.36992487907409666,0.8717302958170573,0.48838886618614197,0.7967812538146972,0.6637157440185547,0.44121113419532776,0.6498388290405274,0.6737234751383464,0.3840683102607727,0.6931736946105957,0.8311978022257487,0.2517909109592438,0.6191906929016113,0.7931655883789063,0.17518126964569092,0.8635272026062012,0.9180484135945638,0.03900953754782677,0.781926155090332,0.8231164296468099,0.0390685610473156
pushup,0.3055380582809448,0.6262080510457356,0.9879980087280273,0.3262462615966797,0.5290299733479817,0.9915280342102051,0.2350707769393921,0.5883824666341145,0.8654213547706604,0.42337636947631835,0.4303213755289714,0.9630370140075684,0.20657477378845215,0.5744304021199544,0.07874596118927002,0.5927950859069824,0.5270070393880208,0.9836064577102661,0.3713939428329468,0.584433110555013,0.9691818356513977,0.5982836246490478,1.0,0.7954262495040894,0.41373157501220703,0.9187137603759765,0.7183940410614014,0.4536633014678955,0.9116840362548828,0.7097635865211487,0.3533937931060791,0.8999094645182292,0.6306586861610413,0.8097816467285156,0.6465522130330403,0.37571147084236145,0.665090274810791,0.662855847676595,0.44479745626449585,0.6908820629119873,0.8008235931396485,0.22074592113494873,0.617504072189331,0.7682229995727539,0.21819743514060974,0.8669930458068847,0.9056617736816406,0.03566473349928856,0.7838808059692383,0.8120136260986328,0.04817870631814003
pushup,0.303914999961853,0.6211833953857422,0.988166093826294,0.32655656337738037,0.5256635030110677,0.9914012551307678,0.23442940711975097,0.581653086344401,0.8743273615837097,0.4223567008972168,0.43328997294108074,0.9634981751441956,0.20246763229370118,0.5690125783284505,0.08977599442005157,0.5905976295471191,0.533863639831543,0.9876157641410828,0.35895910263061526,0.5848807017008464,0.9719038605690002,0.6087783813476563,1.0,0.8261610269546509,0.4034417629241943,0.9145744323730469,0.7277072668075562,0.4548297882080078,0.936687723795573,0.7298357486724854,0.35996832847595217,0.8972230275472005,0.6389655470848083,0.8011997222900391,0.6453071594238281,0.46392929553985596,0.6512182712554931,0.6604616165161132,0.5144466161727905,0.690640640258789,0.812722905476888,0.25746166706085205,0.6163540840148926,0.7884928385416666,0.2476692795753479,0.8530702590942383,0.9012484232584635,0.03942485898733139,0.7813416481018066,0.825508181254069,0.050791170448064804
pushup,0.2977863550186157,0.6168336232503255,0.9883605241775513,0.3229410409927368,0.521583620707194,0.9918928146362305,0.2291933298110962,0.5742626190185547,0.8771716356277466,0.4192363739013672,0.4318250020345052,0.9676858186721802,0.19555947780609131,0.5600565592447917,0.08001142740249634,0.5961672782897949,0.5406978607177735,0.988439679145813,0.3483718395233154,0.5810665130615235,0.965552568435669,0.653354549407959,1.0,0.8212817311286926,0.3992772102355957,0.8977218627929687,0.6906624436378479,0.5008668899536133,0.9310728073120117,0.7447221279144287,0.3506336212158203,0.8839379628499349,0.6106625199317932,0.7954267024993896,0.6579803466796875,0.4344724118709564,0.6381229400634766,0.6672726949055989,0.46257761120796204,0.6862187385559082,0.8295516967773438,0.20378588140010834,0.6032288551330567,0.8040669123331706,0.18500733375549316,0.8498639106750489,0.9028917948404948,0.026765938848257065,0.7765524864196778,0.8372244517008464,0.032673850655555725
pushup,0.2941955804824829,0.6152008056640625,0.9895428419113159,0.31773080825805666,0.5212719917297364,0.9922148585319519,0.22658045291900636,0.5750542322794596,0.8988457918167114,0.4122927188873291,0.43250646591186526,0.971892237663269,0.1926060914993286,0.5633367538452149,0.09429553151130676,0.6124646186828613,0.549366823832194,0.9884573817253113,0.3471440315246582,0.5843109130859375,0.9692371487617493,0.7241423606872559,1.0,0.7887417078018188,0.4039189338684082,0.8691029230753581,0.7264888882637024,0.5281206607818604,0.9132609049479167,0.7174102663993835,0.35213122367858884,0.9490269343058269,0.5906509160995483,0.8162397384643555,0.6689140319824218,0.3587290644645691,0.649690055847168,0.6752505620320638,0.4174991250038147,0.7010251045227051,0.8038337707519532,0.12253303825855255,0.6054102897644043,0.7894259134928385,0.12395073473453522,0.8786199569702149,0.8505333582560222,0.016388999298214912,0.8037226676940918,0.8116495768229167,0.02161272056400776
pushup,0.2913767576217651,0.6213821411132813,0.9907163977622986,0.31114611625671384,0.526521873474121,0.9929456114768982,0.22192630767822266,0.5822400410970052,0.9096283316612244,0.4033047199249268,0.4293222745259603,0.9708542823791504,0.1859135627746582,0.5674221038818359,0.0997830182313919,0.6160285949707032,0.5451747258504231,0.990139365196228,0.3413198947906494,0.5910147349039714,0.9606078267097473,0.7681022167205811,0.9513753255208334,0.8367290496826172,0.39954347610473634,0.8221040725708008,0.7141002416610718,0.5949143409729004,0.8996299743652344,0.7663702368736267,0.36063337326049805,0.969656499226888,0.5813627243041992,0.8214738845825196,0.6933175404866536,0.43748363852500916,0.6524398803710938,0.7056991577148437,0.448927640914917,0.7287631511688233,0.8325707117716471,0.09666407853364944,0.635132884979248,0.828572146097819,0.08815784007310867,0.8798439979553223,0.8619471232096354,0.011176444590091705,0.8126036643981933,0.830619748433431,0.013493604026734829
pushup,0.28926239013671873,0.6270519892374674,0.99236661195755,0.30110788345336914,0.5238793690999349,0.9937612414360046,0.21630311012268066,0.5914801279703776,0.9284350872039795,0.3910391807556152,0.40932912826538087,0.9620468616485596,0.18138370513916016,0.5780284881591797,0.14826279878616333,0.6147896766662597,0.49127448399861656,0.9925485253334045,0.3414942264556885,0.6365991592407226,0.9449031352996826,0.8856794357299804,0.7242810567220052,0.8982497453689575,0.42165317535400393,0.8108338673909505,0.6322271823883057,0.8426193237304688,0.8675249735514323,0.8069717288017273,0.3563188076019287,0.9816855112711589,0.5039997100830078,0.8174399375915528,0.6400487263997395,0.5891329050064087,0.6577823638916016,0.7009335199991862,0.4734073579311371,0.8280756950378418,0.7948622385660807,0.10080371797084808,0.7328335285186768,0.8514411926269532,0.07911383360624313,0.9331259727478027,0.8494651794433594,0.008614334277808666,0.8583840370178223,0.8602703094482422,0.009284218773245811
pushup,0.28719406127929686,0.6241566975911458,0.9919579029083252,0.29862003326416015,0.5209959665934245,0.9911249279975891,0.21199193000793456,0.590144157409668,0.93991619348526,0.3849235773086548,0.40584824879964193,0.9165863394737244,0.17580113410949708,0.5767481486002605,0.22689343988895416,0.5783222198486329,0.4648230234781901,0.9887692928314209,0.33565049171447753,0.6327059427897136,0.9579096436500549,0.7961911201477051,0.667034403483073,0.8866640329360962,0.4224905490875244,0.8353499094645183,0.7283660173416138,0.8869056701660156,0.7861287434895833,0.8002952337265015,0.37120952606201174,0.9284463246663411,0.6170505285263062,0.7931719779968261,0.6481580098470052,0.6970450282096863,0.650048303604126,0.7226147333780925,0.6358110904693604,0.7986866950988769,0.8555957794189453,0.15381470322608948,0.7229565620422364,0.8967007954915365,0.1365422010421753,0.917120361328125,0.9490399678548177,0.011765960603952408,0.8366225242614747,0.9094759623209635,0.013978011906147003
pushup,0.2819544553756714,0.6171361923217773,0.991692066192627,0.2884669303894043,0.5179078737894695,0.990253210067749,0.21036806106567382,0.5891131083170573,0.9320113062858582,0.3724733114242554,0.39688816070556643,0.9166355729103088,0.1830512046813965,0.5728368123372396,0.2235829383134842,0.5678966522216797,0.4393453598022461,0.9881359338760376,0.35653252601623536,0.6061126708984375,0.9596213698387146,0.8016311645507812,0.6058739344278972,0.9030967354774475,0.45250611305236815,0.7630294799804688,0.8121263980865479,0.9056065559387207,0.7685936609903972,0.8413400650024414,0.39513843059539794,0.8742099126180013,0.7358265519142151,0.7879199981689453,0.6197840372721354,0.734254777431488,0.6629667758941651,0.6941295623779297,0.7007577419281006,0.8056480407714843,0.8189125696818034,0.15529409050941467,0.7423585891723633,0.8684337615966797,0.15797267854213715,0.933749771118164,0.9229878743489583,0.010693985037505627,0.8476190567016602,0.8947155634562175,0.013923509046435356
pushup,0.27307825088500975,0.6077410380045573,0.987224817276001,0.2863930702209473,0.5032668431599935,0.992408037185669,0.19990200996398927,0.5740955352783204,0.8974107503890991,0.3731672763824463,0.38521490097045896,0.9670005440711975,0.16505832672119142,0.5604196548461914,0.12371553480625153,0.5894654750823974,0.4507734934488932,0.9891092777252197,0.30960659980773925,0.6302255630493164,0.9050289392471313,0.8239350318908691,0.6485241572062175,0.866503119468689,0.4228003978729248,0.8057977676391601,0.42079681158065796,0.7941834449768066,0.7955738067626953,0.7798240184783936,0.38209195137023927,0.7729651769002278,0.40087762475013733,0.7536129951477051,0.6194122950236003,0.6175678372383118,0.5900778770446777,0.6836851755777995,0.4485778212547302,0.7390985488891602,0.79388427734375,0.17753536999225616,0.6237056255340576,0.8190915425618489,0.11635668575763702,0.8542869567871094,0.8644504547119141,0.021193742752075195,0.7651639938354492,0.810466194152832,0.020039953291416168
pushup,0.27554056644439695,0.5935890833536784,0.9932589530944824,0.28510823249816897,0.49761632283528645,0.9957833290100098,0.20623548030853273,0.5669213612874349,0.8992328643798828,0.36724562644958497,0.3725373903910319,0.9649824500083923,0.16896541118621827,0.5455276489257812,0.07983961701393127,0.5794710159301758,0.3981651306152344,0.9962159991264343,0.3035960912704468,0.6052159627278646,0.9082615375518799,0.8294757843017578,0.5435407638549805,0.97339928150177,0.3406240940093994,0.7601724624633789,0.4685477316379547,0.9212182044982911,0.7760273615519205,0.9373003840446472,0.27140307426452637,0.7044746398925781,0.5400032997131348,0.8084128379821778,0.656169319152832,0.8516561388969421,0.6489393234252929,0.7487339655558268,0.6210310459136963,0.8123659133911133,0.8294938405354818,0.2782418429851532,0.7293034076690674,0.9057213465372721,0.11144720762968063,0.906679344177246,0.9395341873168945,0.018563488498330116,0.8690502166748046,0.92633056640625,0.011267884634435177
pushup,0.26867630481719973,0.5758452733357747,0.9946768283843994,0.2821368932723999,0.48821690877278645,0.9962624907493591,0.2073387622833252,0.5459176381429036,0.9068504571914673,0.35994319915771483,0.3604502042134603,0.9586151242256165,0.16850640773773193,0.506882890065511,0.06977753341197968,0.5696503639221191,0.35144952138264973,0.9960029721260071,0.2841501712799072,0.5776818593343099,0.9006080031394958,0.8398334503173828,0.39745426177978516,0.9848374724388123,0.3199812889099121,0.7033316930135091,0.5896191000938416,0.8991683959960938,0.6479314804077149,0.9767540693283081,0.29500670433044435,0.6359577178955078,0.7537534236907959,0.8185395240783692,0.6988788604736328,0.8794361352920532,0.6467616081237793,0.8018959045410157,0.6682252287864685,0.830965518951416,0.8468886693318685,0.18064843118190765,0.7091874122619629,0.9491566975911458,0.06368876993656158,0.897573184967041,0.9341075897216797,0.008876538835465908,0.8566383361816406,0.9556528727213541,0.0049029504880309105
pushup,0.2731029748916626,0.5658137003580729,0.9942159056663513,0.27833869457244875,0.4764931996663411,0.9949179887771606,0.20773229598999024,0.540783437093099,0.9094064831733704,0.34552907943725586,0.34689385096232095,0.9301197528839111,0.1610020160675049,0.5117300987243653,0.08660046011209488,0.5576849937438965,0.3266865412394206,0.9970587491989136,0.29472291469573975,0.5752555847167968,0.8808687925338745,0.8513842582702636,0.33021376927693685,0.9897288084030151,0.379950213432312,0.6793371200561523,0.5452788472175598,0.8882307052612305,0.5710135142008463,0.98385089635849,0.3670954704284668,0.6557765960693359,0.7259014248847961,0.8160888671875,0.6643699010213217,0.9325354695320129,0.6578239917755127,0.7756192525227864,0.7438517212867737,0.8541817665100098,0.7994471232096354,0.31468161940574646,0.7540716171264649,0.9071746190388997,0.10109920054674149,0.9251687049865722,0.925281016031901,0.01865340955555439,0.8916794776916503,0.9420949935913085,0.008741974830627441
pushup,0.26669561862945557,0.554943339029948,0.9926436543464661,0.2729663848876953,0.46325276692708334,0.9940114617347717,0.20044167041778566,0.5266887664794921,0.8656197786331177,0.34406070709228515,0.3330495834350586,0.9430235028266907,0.1642293930053711,0.4955327033996582,0.065750353038311,0.5529492378234864,0.31578636169433594,0.9952076077461243,0.3572691440582275,0.5463877360026042,0.8508685827255249,0.8737320899963379,0.29104407628377277,0.9857124090194702,0.5069962501525879,0.5995576858520508,0.6225907802581787,0.8962642669677734,0.5514347712198894,0.9818752408027649,0.425431489944458,0.6379334767659505,0.7849887609481812,0.8192546844482422,0.7012046178181967,0.9156880378723145,0.6959932804107666,0.7955377578735352,0.7549943923950195,0.8366828918457031,0.8451327006022136,0.18526804447174072,0.7581429481506348,0.9414766947428386,0.07457518577575684,0.9138830184936524,0.9255050659179688,0.010367066599428654,0.8636006355285645,0.9437853495279948,0.006199635099619627
pushup,0.25818591117858886,0.5501640319824219,0.9916411638259888,0.26708457469940183,0.4560400644938151,0.9930942058563232,0.1908367395401001,0.5153639157613118,0.8440733551979065,0.34229488372802735,0.3242616335550944,0.9389081001281738,0.1570676565170288,0.47659403483072915,0.06566394865512848,0.5470123767852784,0.30776704152425133,0.9931110143661499,0.3710176944732666,0.5193135579427083,0.8467369675636292,0.8744741439819336,0.2947506586710612,0.9787198901176453,0.5379794597625732,0.5662334442138672,0.6582839488983154,0.893841552734375,0.5796202341715495,0.9754894971847534,0.4326667785644531,0.6422321955362956,0.8070827126502991,0.8284752845764161,0.6781898498535156,0.8737951517105103,0.716915225982666,0.7642066319783528,0.7118510603904724,0.8513184547424316,0.8177867253621419,0.1416063755750656,0.7817347526550293,0.9060008366902669,0.07058766484260559,0.9222498893737793,0.8959915161132812,0.008462322875857353,0.8769405364990235,0.9138769785563151,0.006166370585560799
pushup,0.2588372230529785,0.5485375722249349,0.9917086958885193,0.26960813999176025,0.45545619328816733,0.9932680726051331,0.19198300838470458,0.5153420130411784,0.8569208383560181,0.3433547496795654,0.3323976516723633,0.9404953122138977,0.1531215190887451,0.48530324300130206,0.06487295776605606,0.5456747531890869,0.3134081204732259,0.993934690952301,0.3547046661376953,0.5403925577799479,0.8504448533058167,0.8632967948913575,0.3191117604573568,0.9806498289108276,0.5261580467224121,0.6176736195882161,0.6273535490036011,0.8675148010253906,0.5975386937459309,0.9775254130363464,0.44495224952697754,0.6625283559163412,0.7834457755088806,0.8261574745178223,0.6546024322509766,0.8840668797492981,0.705122423171997,0.7490434010823568,0.711091935634613,0.8429700851440429,0.7926663080851237,0.19650022685527802,0.7661468505859375,0.8956807454427084,0.08950018882751465,0.9171977996826172,0.884428342183431,0.012393645010888577,0.8773372650146485,0.921911112467448,0.008180223405361176
pushup,0.2579346656799316,0.557645606994629,0.9921574592590332,0.26998870372772216,0.4591262181599935,0.993841290473938,0.18671960830688478,0.5220395723978678,0.8656724095344543,0.347913932800293,0.33369194666544594,0.9449977278709412,0.14192960262298585,0.4954726537068685,0.0634077861905098,0.5590775012969971,0.32338552474975585,0.9954203963279724,0.3398296594619751,0.5612726847330729,0.8590472936630249,0.8773889541625977,0.3417423566182454,0.9827162027359009,0.5116259574890136,0.6469182968139648,0.5852498412132263,0.8516677856445313,0.6210962931315104,0.9770352840423584,0.43706746101379396,0.6752796808878581,0.7405914664268494,0.8387445449829102,0.6393774668375651,0.9047201871871948,0.7024418354034424,0.7386167526245118,0.7295625805854797,0.8747856140136718,0.7931250254313151,0.22413180768489838,0.7892700672149658,0.8980602900187175,0.09411625564098358,0.9479480743408203,0.8658655166625977,0.013364682905375957,0.9084575653076172,0.9018076578776042,0.008277064189314842
pushup,0.26044981479644774,0.5612630844116211,0.9931313395500183,0.27470901012420657,0.4583477338155111,0.9953964352607727,0.1871319055557251,0.5248827616373698,0.8788102865219116,0.3567312955856323,0.33898220062255857,0.9606307148933411,0.14016106128692626,0.5081484158833821,0.061747003346681595,0.5723659992218018,0.35205488204956054,0.9963655471801758,0.3193532466888428,0.5984201431274414,0.8713005185127258,0.8766881942749023,0.40090824762980143,0.9829984307289124,0.4616066932678223,0.7063224792480469,0.5048015117645264,0.8643389701843261,0.7015620549519856,0.975060224533081,0.3819547653198242,0.6837292989095052,0.6852831244468689,0.8266910552978516,0.6702414194742838,0.9020076394081116,0.6728739738464355,0.7711578369140625,0.7011871933937073,0.8453031539916992,0.8367945988972981,0.22823083400726318,0.7453276634216308,0.9351823806762696,0.08462762832641602,0.9162878036499024,0.9245990117390951,0.012680456042289734,0.8694622993469239,0.9431719462076823,0.007219019811600447
pushup,0.2628531217575073,0.5559963862101237,0.9942588806152344,0.27609777450561523,0.458364995320638,0.9953266382217407,0.19166140556335448,0.5234814961751302,0.9253446459770203,0.3541074275970459,0.34214795430501305,0.9420535564422607,0.13907299041748047,0.5050708452860514,0.10477107018232346,0.5760515689849853,0.35964921315511067,0.9956678152084351,0.2780728816986084,0.5909969329833984,0.8979880809783936,0.868442440032959,0.44284658432006835,0.9768813252449036,0.3883279085159302,0.7241068522135417,0.5594341158866882,0.8680878639221191,0.7432518641153971,0.9688526391983032,0.4148128032684326,0.6839176177978515,0.7364832758903503,0.8274170875549316,0.678432846069336,0.8854427933692932,0.6455674648284913,0.7797697067260743,0.7002606987953186,0.8326353073120117,0.8368111928304036,0.21608126163482666,0.7054787635803222,0.9399763743082682,0.09011219441890717,0.8963824272155761,0.9597699483235677,0.012279537506401539,0.8505373954772949,0.97849915822347,0.007441290188580751
pushup,0.26044278144836425,0.5500450134277344,0.9924128651618958,0.2701678514480591,0.45092252095540364,0.9913386106491089,0.1907982349395752,0.5214510599772135,0.9385561943054199,0.3564414978027344,0.3375738779703776,0.9251988530158997,0.16199867725372313,0.5084326426188152,0.21076416969299316,0.5637335777282715,0.3967095692952474,0.9881380200386047,0.33603758811950685,0.5558732350667318,0.9565907120704651,0.8221308708190918,0.5765171051025391,0.9014285802841187,0.4632276058197021,0.687786865234375,0.8296060562133789,0.8643827438354492,0.8235543568929037,0.8663762807846069,0.44217605590820314,0.7011096318562825,0.8392261266708374,0.7748510360717773,0.6475084940592448,0.8328894972801208,0.6343633651733398,0.713268788655599,0.8218291997909546,0.772426986694336,0.8456380208333333,0.22067290544509888,0.6823865890502929,0.9054125467936198,0.25146374106407166,0.8818120956420898,0.9852502822875977,0.01629938930273056,0.7910985946655273,0.9760431925455729,0.02218221127986908
pushup,0.2573251724243164,0.5404141743977865,0.9889651536941528,0.2639777421951294,0.44510504404703777,0.9856922626495361,0.19178400039672852,0.5116368293762207,0.9206774234771729,0.3519286632537842,0.3371293385823568,0.9196409583091736,0.17944915294647218,0.49681720733642576,0.2970743477344513,0.5550380706787109,0.4149895668029785,0.9770135283470154,0.37634596824645994,0.5270836194356282,0.9754142165184021,0.7923261642456054,0.6562266031901042,0.7434567809104919,0.4836718559265137,0.6789597829182943,0.8994848132133484,0.8268484115600586,0.8552059173583985,0.6422126889228821,0.4117222785949707,0.7619824091593425,0.8456097841262817,0.7906431198120117,0.5959489186604817,0.6824061274528503,0.6826487064361573,0.6422815958658854,0.8065099716186523,0.7743373870849609,0.8631584803263347,0.1311357170343399,0.7258500576019287,0.8987111409505208,0.2655438184738159,0.8988000869750976,0.9735349655151367,0.00820930115878582,0.824245548248291,0.9495088577270507,0.018963105976581573
pushup,0.2681922197341919,0.5383596420288086,0.9919484853744507,0.27776708602905276,0.4377542495727539,0.9880038499832153,0.1971923828125,0.5068536758422851,0.9425054788589478,0.3653914451599121,0.3314689000447591,0.9111183285713196,0.1750037908554077,0.49686530431111653,0.304092675447464,0.5685168266296386,0.42090117136637367,0.9724599719047546,0.375623083114624,0.5376148859659831,0.9760879278182983,0.7973879814147949,0.6926312764485677,0.7134826183319092,0.4767890930175781,0.7164351145426432,0.8993435502052307,0.8105213165283203,0.8691784540812174,0.6212303042411804,0.3823208808898926,0.877544911702474,0.8180966973304749,0.8111047744750977,0.635914166768392,0.47580862045288086,0.6920150756835938,0.6851435343424479,0.658359944820404,0.7633754730224609,0.8489941279093425,0.05472496524453163,0.703302001953125,0.8938196182250977,0.11872702836990356,0.90566987991333,0.9557511647542317,0.0037682231049984694,0.8174041748046875,0.9466763178507487,0.008525140583515167
pushup,0.2726780414581299,0.5407030741373698,0.9925528168678284,0.2833737850189209,0.4417154312133789,0.9895358681678772,0.20134549140930175,0.5073356628417969,0.9413434267044067,0.3706971645355225,0.3326960245768229,0.9266146421432495,0.17513735294342042,0.49291213353474933,0.269135445356369,0.5873656749725342,0.4178005218505859,0.9802809357643127,0.36952915191650393,0.5362176895141602,0.9778784513473511,0.8147361755371094,0.6798167546590169,0.7740501761436462,0.4702910900115967,0.7189314524332683,0.8994486331939697,0.7920534610748291,0.8353940327962239,0.6877188086509705,0.3767079830169678,0.9323596954345703,0.7968882322311401,0.8334221839904785,0.6599336624145508,0.5920323133468628,0.6981371879577637,0.7053320566813152,0.7317083477973938,0.7725663661956788,0.8687548319498698,0.08195901662111282,0.6958153724670411,0.8959618250528971,0.14933861792087555,0.8999584197998047,0.9616326014200847,0.006521186325699091,0.8159241676330566,0.9293807983398438,0.0135531947016716
pushup,0.2825750827789307,0.5457066853841146,0.9920229911804199,0.2942300081253052,0.44405593872070315,0.9911764860153198,0.2088418960571289,0.5147468566894531,0.9241618514060974,0.38185896873474123,0.33378483454386393,0.9565445780754089,0.17796473503112792,0.5048777898152669,0.15987086296081543,0.6118439674377442,0.4394760767618815,0.982644259929657,0.37364826202392576,0.5458091735839844,0.9732105731964111,0.8052232742309571,0.8018725077311198,0.7880970239639282,0.4744973659515381,0.7658755620320638,0.851004958152771,0.6409269332885742,0.9195395151774088,0.6844040751457214,0.37912209033966066,0.9626602172851563,0.7103559374809265,0.8553781509399414,0.7207221349080404,0.4521179795265198,0.7031685829162597,0.7551043192545573,0.5873715877532959,0.7327892303466796,0.906350835164388,0.04173349216580391,0.642937183380127,0.9317562103271484,0.060774318873882294,0.8930391311645508,0.9767738342285156,0.003345179371535778,0.8104259490966796,0.950080680847168,0.005697735119611025
pushup,0.2910091638565063,0.5521739959716797,0.988922119140625,0.30567591190338134,0.4532189687093099,0.9905101656913757,0.21724178791046142,0.5171180089314779,0.8814000487327576,0.3927353858947754,0.3444606463114421,0.9628682136535645,0.18220093250274658,0.5001298904418945,0.0985909253358841,0.6109751224517822,0.47003803253173826,0.9888450503349304,0.3602407932281494,0.5171676953633626,0.9574099779129028,0.7306003570556641,0.9606637318929037,0.838928759098053,0.4553980827331543,0.808636220296224,0.719430685043335,0.522824478149414,0.9482862472534179,0.7237663269042969,0.3816957473754883,0.9902652104695638,0.546480119228363,0.8239805221557617,0.702613894144694,0.4702160358428955,0.6620191097259521,0.7095975240071615,0.5038344860076904,0.69047532081604,0.9199973424275716,0.0828205943107605,0.5911672592163086,0.898169199625651,0.07483293861150742,0.8892861366271972,1.0,0.006806571036577225,0.7769083023071289,0.9397174835205078,0.008376301266252995
pushup,0.2978198051452637,0.5542901357014974,0.9874011874198914,0.3131790399551392,0.4596934636433919,0.9906343221664429,0.22743663787841797,0.5195643742879231,0.8453761339187622,0.400115966796875,0.356431770324707,0.964832067489624,0.19626207351684571,0.5025594393412273,0.07684744149446487,0.5996876239776612,0.47150758107503254,0.9879176020622253,0.36460270881652834,0.5271122932434082,0.9540871381759644,0.661790132522583,0.9540997823079427,0.8484627604484558,0.4405355453491211,0.8504100163777669,0.6569731831550598,0.48917412757873535,0.9359654744466146,0.725644588470459,0.37969164848327636,0.9776818593343098,0.5039116144180298,0.8238395690917969,0.6966280619303385,0.40171995759010315,0.6723611354827881,0.7076354344685872,0.4089698791503906,0.6729135513305664,0.911460812886556,0.08677750080823898,0.5968281269073487,0.8742464065551758,0.0669727474451065,0.8497849464416504,1.0,0.00763547932729125,0.7773814678192139,0.9197302500406901,0.00868772342801094
pushup,0.3043719530105591,0.5553000768025717,0.9883195161819458,0.31761696338653567,0.4593051274617513,0.9919410943984985,0.23221726417541505,0.5231411616007487,0.8346552848815918,0.40542378425598147,0.35474567413330077,0.9655699133872986,0.2034182071685791,0.5100769996643066,0.06643404066562653,0.5953431129455566,0.47505531311035154,0.9873693585395813,0.37451872825622556,0.5327389717102051,0.9552232027053833,0.5940946578979492,0.9939315795898438,0.8515028357505798,0.42839775085449217,0.8909883499145508,0.6307249665260315,0.4399665355682373,0.943527094523112,0.7282756567001343,0.36231584548950196,0.9511390686035156,0.514867901802063,0.8227288246154785,0.7102240244547526,0.35777124762535095,0.675202465057373,0.7212162653605143,0.36632832884788513,0.655828857421875,0.9050109227498372,0.10565797984600067,0.5763642311096191,0.8552441914876302,0.07812492549419403,0.8369012832641601,1.0,0.010980674996972084,0.7356803894042969,0.8991819381713867,0.01228194311261177
pushup,0.3042446136474609,0.5550492604573568,0.9899644255638123,0.3186645984649658,0.4586383819580078,0.9917173981666565,0.23272883892059326,0.5242273330688476,0.866151750087738,0.40693073272705077,0.3577829996744792,0.9585295915603638,0.20203640460968017,0.5145165125528971,0.08515705168247223,0.5862074375152588,0.47376241683959963,0.9881282448768616,0.367962908744812,0.5361120859781902,0.9723433256149292,0.570467185974121,1.0,0.8619552254676819,0.40865492820739746,0.9004095713297526,0.7377123236656189,0.4116512298583984,0.9551576614379883,0.7327625155448914,0.3505687952041626,0.9406593322753907,0.6123921275138855,0.8244036674499512,0.6744736989339193,0.4048426151275635,0.6761959552764892,0.693247667948405,0.4561103284358978,0.664461326599121,0.8359953562418619,0.16184407472610474,0.5792030811309814,0.8075117746988932,0.13880452513694763,0.8687110900878906,0.9616731643676758,0.02030467614531517,0.7564332485198975,0.8573139826456706,0.024675767868757248
pushup,0.30144619941711426,0.5461987177530925,0.990652322769165,0.3157881498336792,0.4522281010945638,0.9921154379844666,0.23086233139038087,0.5157577196756998,0.8739229440689087,0.4027844429016113,0.3526752789815267,0.9576046466827393,0.19873898029327391,0.5050204594930013,0.09005895256996155,0.5802814483642578,0.46789398193359377,0.9906736016273499,0.35783777236938474,0.5285651524861653,0.9745832085609436,0.5645172119140625,1.0,0.8833518624305725,0.38813467025756837,0.9032751719156901,0.7380228042602539,0.4113347053527832,0.9574558893839519,0.7519931197166443,0.3409179925918579,0.9356868108113606,0.6155608892440796,0.8205530166625976,0.667044194539388,0.4844112694263458,0.6711790561676025,0.6878674189249675,0.5146602988243103,0.6668364048004151,0.8418073654174805,0.20670773088932037,0.5906411170959472,0.8226951599121094,0.1693442016839981,0.8519142150878907,0.9596630732218424,0.024740256369113922,0.7592987537384033,0.8695808410644531,0.028443478047847748
pushup,0.29501268863677976,0.5387232462565105,0.990288496017456,0.3102553367614746,0.44659303029378256,0.9921435117721558,0.2261052131652832,0.5085742314656575,0.8742126226425171,0.40012688636779786,0.3432324727376302,0.9616246819496155,0.19726347923278809,0.49265117645263673,0.08437656611204147,0.5888442039489746,0.4614095687866211,0.9899412989616394,0.3519673109054565,0.513394832611084,0.9713932275772095,0.5975204944610596,0.999905014038086,0.8543311953544617,0.38287882804870604,0.8827461878458659,0.7086519002914429,0.442350959777832,0.9310070037841797,0.7145751714706421,0.3358786106109619,0.9430774688720703,0.5582345128059387,0.8210633277893067,0.6805271784464518,0.44207534193992615,0.6666764259338379,0.6978082021077474,0.47565796971321106,0.6712287902832031,0.8706780751546224,0.14919054508209229,0.6041494369506836,0.8504056294759115,0.12461495399475098,0.8574187278747558,0.9719858805338542,0.015588278882205486,0.7903079986572266,0.88965269724528,0.018367040902376175
pushup,0.2936830997467041,0.5333907445271809,0.9911956787109375,0.3098156452178955,0.4396774927775065,0.9920991659164429,0.22362189292907714,0.5008357048034668,0.8997761011123657,0.39828341007232665,0.3383478800455729,0.9600216746330261,0.19122283458709716,0.4864530563354492,0.09710147231817245,0.6002423286437988,0.4674089431762695,0.9893741011619568,0.34911270141601564,0.5080024401346842,0.9691948294639587,0.6683703422546386,1.0,0.8277900815010071,0.39530985355377196,0.8602445602416993,0.7288418412208557,0.5147034168243408,0.9130929946899414,0.7245875000953674,0.3400541305541992,0.9563084920247396,0.5801159143447876,0.8161667823791504,0.6829284032185873,0.40375563502311707,0.6544431686401367,0.6927485148111979,0.45182186365127563,0.6685298919677735,0.879217020670573,0.10897504538297653,0.5829282283782959,0.858027458190918,0.09749027341604233,0.8659460067749023,0.9685853322347006,0.010010461322963238,0.7699052810668945,0.8977728525797526,0.012239644303917885
pushup,0.28798956871032716,0.5310413360595703,0.9928567409515381,0.30491564273834226,0.43681090672810874,0.9932907819747925,0.22020978927612306,0.49903891881306967,0.9268966913223267,0.3950716495513916,0.3359007517496745,0.969487190246582,0.19023094177246094,0.48569507598876954,0.11504052579402924,0.6225309848785401,0.4724920590718587,0.98920738697052,0.3479929447174072,0.5249906222025553,0.9722899198532104,0.7865184783935547,0.9581448872884114,0.7919682264328003,0.40427589416503906,0.816641362508138,0.7679575681686401,0.6031512260437012,0.9062084197998047,0.6856583952903748,0.33946523666381834,0.9678037007649739,0.5814930200576782,0.8333296775817871,0.737323506673177,0.364378422498703,0.6607009410858155,0.7528561274210612,0.44063887000083923,0.7018776893615722,0.8935488382975261,0.04313061386346817,0.6026851177215576,0.9070590972900391,0.04838114231824875,0.8882673263549805,0.9201296488444011,0.0038241057191044092,0.80711669921875,0.9087354660034179,0.005298559088259935
pushup,0.2847543478012085,0.5285102844238281,0.9942228198051453,0.29714720249176024,0.43161071141560875,0.9929125905036926,0.21606001853942872,0.4977919578552246,0.9508488178253174,0.3806405544281006,0.3275943120320638,0.9473041296005249,0.18173935413360595,0.4871897061665853,0.19074374437332153,0.6102619171142578,0.43640006383260094,0.9866325259208679,0.351653528213501,0.5562087376912435,0.9680527448654175,0.8763587951660157,0.7649069468180338,0.8063570857048035,0.4251733303070068,0.7756251017252604,0.7903146147727966,0.7517831802368165,0.8630887349446614,0.7100330591201782,0.35068976879119873,0.9754692713419596,0.6358293890953064,0.8489817619323731,0.7216574986775716,0.4082539677619934,0.689540433883667,0.7730969111124675,0.46631065011024475,0.7674874305725098,0.8556298573811849,0.028890332207083702,0.6800399780273437,0.9363142649332682,0.036627791821956635,0.8980926513671875,0.8604838689168294,0.0025075676385313272,0.8444347381591797,0.9172219594319662,0.0036434761714190245
pushup,0.2781816959381104,0.5267183621724446,0.9939769506454468,0.285851263999939,0.4311312993367513,0.9892016649246216,0.20618486404418945,0.49640318552652996,0.960660994052887,0.36722090244293215,0.3267738978068034,0.8993256092071533,0.1719658374786377,0.4884150505065918,0.3740575909614563,0.5935253143310547,0.4125513076782227,0.9874001145362854,0.3446831703186035,0.5408296585083008,0.9829530715942383,0.8466738700866699,0.6651004155476888,0.8195143342018127,0.4322939395904541,0.73997802734375,0.9075455665588379,0.8427679061889648,0.7755933125813802,0.7299798130989075,0.37717010974884035,0.9557458241780599,0.7943425178527832,0.8371475219726563,0.6460176467895508,0.6887365579605103,0.6852307319641113,0.6994546254475912,0.7801554799079895,0.805057144165039,0.8844114939371744,0.09084554761648178,0.7252450942993164,0.9167300542195638,0.1513618677854538,0.9144173622131347,0.9738767623901368,0.005341160576790571,0.8427275657653809,0.9400082270304362,0.010383427143096924
pushup,0.2690210103988647,0.5242769559224446,0.9882785081863403,0.2745173931121826,0.42589184443155925,0.9820072054862976,0.19942095279693603,0.4877478281656901,0.9137259125709534,0.3565648078918457,0.320684019724528,0.8516938090324402,0.1728616714477539,0.47258402506510416,0.28876593708992004,0.5591671943664551,0.42511847813924153,0.987533688545227,0.36408586502075196,0.5327294031778972,0.9596539735794067,0.8305313110351562,0.6554124196370442,0.8452328443527222,0.4555339336395264,0.7366516749064128,0.7863258719444275,0.9333950042724609,0.6296863555908203,0.765455961227417,0.3877089023590088,0.9100302378336589,0.690305233001709,0.8175449371337891,0.5900071461995443,0.7067252397537231,0.7045641899108886,0.642501958211263,0.7026312947273254,0.8186358451843262,0.8714865366617839,0.1284978836774826,0.7939848899841309,0.9027089436848958,0.1496167629957199,0.9476322174072266,0.8961526234944661,0.006525129545480013,0.8824064254760742,0.8625050862630208,0.009703874588012695
pushup,0.2560666561126709,0.5106217384338378,0.9910616874694824,0.2660829067230225,0.4162783940633138,0.9881303310394287,0.1921325445175171,0.47729352315266926,0.9211435914039612,0.35548136234283445,0.3132847150166829,0.9175071120262146,0.17853178977966308,0.45984344482421874,0.2668227255344391,0.5553669452667236,0.3937568028767904,0.9842367172241211,0.36414141654968263,0.5159711519877116,0.9755334258079529,0.7897619247436524,0.6470257441202799,0.8267381191253662,0.4751296520233154,0.7320866902669271,0.8793371915817261,0.8803753852844238,0.7954994201660156,0.7115604877471924,0.40677947998046876,0.8297702153523763,0.7891420125961304,0.8122882843017578,0.5984430313110352,0.7087466716766357,0.6933460235595703,0.6523494720458984,0.7774180173873901,0.8110488891601563,0.8515144983927408,0.14007854461669922,0.7308645248413086,0.8771205902099609,0.2201930582523346,0.9468645095825196,0.9636311848958333,0.008656330406665802,0.8363805770874023,0.9177209218343099,0.01690351404249668
pushup,0.2558057546615601,0.502906862894694,0.9917196035385132,0.26646037101745607,0.4045301119486491,0.9878314137458801,0.1838735818862915,0.46380456288655597,0.9375177621841431,0.35184297561645506,0.30070056915283205,0.8919968008995056,0.1492253541946411,0.44694207509358724,0.30748552083969116,0.5587904453277588,0.3852806091308594,0.991101086139679,0.33034391403198243,0.48848161697387693,0.96817946434021,0.82840576171875,0.6043872833251953,0.8910074830055237,0.4614223003387451,0.6369214375813802,0.8559213876724243,0.8827506065368652,0.7928512573242188,0.814354419708252,0.43500480651855467,0.7430805206298828,0.8155094981193542,0.7960171699523926,0.5462106068929037,0.8768883943557739,0.6594822883605957,0.5894481023152669,0.8764218688011169,0.8193157196044922,0.8424430211385091,0.3296903967857361,0.7502857685089112,0.8530604044596354,0.394904762506485,0.9265891075134277,1.0,0.019850999116897583,0.8505793571472168,0.950650405883789,0.031433627009391785
pushup,0.2526542186737061,0.49320348103841144,0.9917532205581665,0.2674252986907959,0.39748799006144203,0.9915120005607605,0.17976031303405762,0.4546462376912435,0.911394476890564,0.34779791831970214,0.3046343167622884,0.9192379713058472,0.12995293140411376,0.44838705062866213,0.15905292332172394,0.5479344367980957,0.35639247894287107,0.9958428740501404,0.29855129718780515,0.5163438479105632,0.9287974834442139,0.8149144172668457,0.5220401128133138,0.9676058888435364,0.4338073253631592,0.6751475652058919,0.6678475141525269,0.8515767097473145,0.7699935913085938,0.9378361105918884,0.4270768642425537,0.6990382512410481,0.7313524484634399,0.8013358116149902,0.5441992441813152,0.9248479008674622,0.6500663757324219,0.6134674708048503,0.8309672474861145,0.8226362228393554,0.8302261988321941,0.4131871461868286,0.746244478225708,0.8784886678059896,0.26347243785858154,0.8943476676940918,0.9777997970581055,0.022893168032169342,0.8521774291992188,0.9454077402750651,0.018740365281701088
pushup,0.2488856315612793,0.48688074747721355,0.9934868812561035,0.26382510662078856,0.395847225189209,0.9946749210357666,0.17929456233978272,0.45263131459554035,0.8999069929122925,0.3398601531982422,0.30221401850382484,0.9507395625114441,0.12532365322113037,0.4474372863769531,0.0991302877664566,0.5587901115417481,0.3283798853556315,0.9978983402252197,0.2782962560653687,0.5353832244873047,0.9059160947799683,0.8633391380310058,0.39547913869222007,0.9878076910972595,0.39353623390197756,0.643525759379069,0.5685268044471741,0.8652087211608886,0.6847506841023763,0.9769998788833618,0.3606677532196045,0.654910659790039,0.7079412341117859,0.8228032112121582,0.6119555791219076,0.9571338295936584,0.6523935317993164,0.6996040344238281,0.8414411544799805,0.8379110336303711,0.8528533935546875,0.3974283039569855,0.7361472129821778,0.9295370737711589,0.1590711921453476,0.8981719970703125,0.9745751698811849,0.018593406304717064,0.8695812225341797,0.9670759836832682,0.010170411318540573
pushup,0.24126639366149902,0.48111753463745116,0.9947070479393005,0.25713918209075926,0.39140354792277016,0.994762122631073,0.173637318611145,0.4449506441752116,0.9124460220336914,0.33154892921447754,0.287649408976237,0.9303227066993713,0.12036590576171875,0.4266078313191732,0.08616135269403458,0.5406373500823974,0.29338868459065753,0.9971377849578857,0.28618488311767576,0.5127861976623536,0.8928868174552917,0.85757417678833,0.30638694763183594,0.9886618852615356,0.4150942325592041,0.5945661544799805,0.6501023769378662,0.8769054412841797,0.6156198501586914,0.9815837740898132,0.36073572635650636,0.6116569519042969,0.7912923693656921,0.8234834671020508,0.6680295944213868,0.9505565166473389,0.6639464378356934,0.7626516977945964,0.8339098691940308,0.8595707893371582,0.8559342702229817,0.25049281120300293,0.7564445495605469,0.9469470977783203,0.09699677675962448,0.9152462005615234,0.9348360697428385,0.01149787474423647,0.8828121185302734,0.9452158610026041,0.00653044180944562
pushup,0.2367786169052124,0.4703078587849935,0.9943943023681641,0.25330140590667727,0.3834270477294922,0.9946245551109314,0.1742100715637207,0.4321367899576823,0.9043675065040588,0.3324588298797607,0.27730223337809246,0.9428478479385376,0.13506171703338624,0.40443652470906577,0.08627854287624359,0.5419694900512695,0.2937411626180013,0.996129035949707,0.30796587467193604,0.487600580851237,0.907629132270813,0.8582029342651367,0.3045641899108887,0.9837926626205444,0.4436472415924072,0.5545820236206055,0.736056923866272,0.8826444625854493,0.6233561197916667,0.9757777452468872,0.381443452835083,0.6137303670247396,0.8338438272476196,0.8152721405029297,0.6967950185139974,0.9402092695236206,0.6666103363037109,0.7773562749226888,0.8469761610031128,0.8609987258911133,0.8715251286824545,0.18772898614406586,0.7551360130310059,0.9421566645304362,0.09691207110881805,0.906553077697754,0.9379684448242187,0.009538518264889717,0.8621096611022949,0.933482042948405,0.007027609273791313
pushup,0.23761844635009766,0.4685320536295573,0.9932783246040344,0.2558546781539917,0.3806632359822591,0.9944321513175964,0.17379169464111327,0.4296493212381999,0.8803882598876953,0.33829307556152344,0.27907641728719074,0.9514238238334656,0.1337836503982544,0.4071110089619954,0.07079459726810455,0.546877384185791,0.29162584940592445,0.9965959191322327,0.31172738075256345,0.4882896105448405,0.8848968744277954,0.8629478454589844,0.31491966247558595,0.9857995510101318,0.465898323059082,0.5727366765340169,0.6688723564147949,0.8703020095825196,0.6183084487915039,0.9785304665565491,0.4166375160217285,0.6384516398111979,0.7889440059661865,0.8173589706420898,0.6483852386474609,0.9427343010902405,0.6680524349212646,0.7300769170125325,0.8269821405410767,0.8697938919067383,0.8392679850260417,0.24097293615341187,0.7684595108032226,0.9138799667358398,0.11101991683244705,0.9145780563354492,0.9238152186075846,0.01187520194798708,0.8768795013427735,0.9285841623942057,0.007929688319563866
pushup,0.24383325576782228,0.46856482823689777,0.9933431148529053,0.25978105068206786,0.3813044865926107,0.99400794506073,0.177435040473938,0.43360214233398436,0.9036166071891785,0.33737757205963137,0.2839619318644206,0.9387915730476379,0.12799930572509766,0.418977165222168,0.09619060158729553,0.5551209926605225,0.3039592425028483,0.9967189431190491,0.28659801483154296,0.49627488454182944,0.8902602195739746,0.858065128326416,0.37469005584716797,0.9839005470275879,0.42368216514587403,0.6013336817423502,0.6339675784111023,0.8543123245239258,0.6836757659912109,0.9738625884056091,0.4117433547973633,0.6309114456176758,0.763210654258728,0.8199884414672851,0.6356491724650065,0.9398002028465271,0.6507688522338867,0.7159198125203451,0.8173770904541016,0.8495618820190429,0.8607547760009766,0.2482193261384964,0.7379284858703613,0.9302065531412761,0.1068708747625351,0.8964495658874512,0.9758664449055989,0.010522952303290367,0.8577316284179688,0.9633820851643881,0.00661101657897234
pushup,0.24904756546020507,0.4756606101989746,0.9924167394638062,0.2609332799911499,0.38801377614339194,0.9923449158668518,0.18256168365478515,0.4469085693359375,0.9197966456413269,0.3404954433441162,0.28764127095540365,0.943039059638977,0.14356858730316163,0.43575458526611327,0.14877712726593018,0.5747169971466064,0.3224553426106771,0.9945926070213318,0.3143815040588379,0.49007107416788737,0.938309371471405,0.8840139389038086,0.46751534144083656,0.9584550857543945,0.4627827644348145,0.6173351923624675,0.7835462093353271,0.848016357421875,0.7362119038899739,0.9402649998664856,0.45423688888549807,0.6700541814168294,0.8189131617546082,0.8156893730163575,0.6424670537312825,0.9174606800079346,0.6496107101440429,0.7062459945678711,0.863111674785614,0.8117887496948242,0.8883105595906575,0.212818905711174,0.6999642372131347,0.9448635101318359,0.16644832491874695,0.8722084999084473,0.9906778335571289,0.010279977694153786,0.8141009330749511,0.975509770711263,0.010414784774184227
pushup,0.25173966884613036,0.4873162905375163,0.9922059178352356,0.2648011684417725,0.3957197825113932,0.9900924563407898,0.18313121795654297,0.4542595227559408,0.937244713306427,0.3466242551803589,0.3012637774149577,0.9117259383201599,0.1444087505340576,0.4456768035888672,0.2354215681552887,0.5547294616699219,0.3592142740885417,0.992287278175354,0.3145826578140259,0.4974010149637858,0.9572771191596985,0.826270580291748,0.5547300338745117,0.9280049800872803,0.45023317337036134,0.6513965606689454,0.830238938331604,0.845573616027832,0.7985115051269531,0.8899855613708496,0.44677004814147947,0.7105790456136067,0.8360844254493713,0.7898978233337403,0.5747986475626627,0.8960164189338684,0.6408826828002929,0.6327940622965494,0.8716497421264648,0.7957433700561524,0.8481168746948242,0.3131316006183624,0.7114131450653076,0.8989255905151368,0.32048889994621277,0.8701362609863281,0.9942851384480794,0.018049662932753563,0.8097985267639161,0.9829335530598958,0.022960197180509567
pushup,0.24978177547454833,0.48975245157877606,0.9897913336753845,0.2590110063552856,0.3975160280863444,0.9853907823562622,0.1853954315185547,0.45579833984375,0.9165361523628235,0.3468709707260132,0.3002838134765625,0.9114395380020142,0.170755934715271,0.4402053197224935,0.3181576728820801,0.5531528472900391,0.3920255661010742,0.9811481833457947,0.37022881507873534,0.48530731201171873,0.9757324457168579,0.8052267074584961,0.6266607284545899,0.7853703498840332,0.4918831825256348,0.6373191197713216,0.9097946882247925,0.8582535743713379,0.851670773824056,0.7045986652374268,0.4343831539154053,0.7590023040771484,0.8757249712944031,0.8052985191345214,0.5940583546956381,0.7233736515045166,0.6935107707977295,0.6311469395955404,0.8279877305030823,0.7813354969024658,0.8876261393229167,0.12631471455097198,0.7311059474945069,0.907659912109375,0.25518888235092163,0.8774543762207031,1.0,0.006368266884237528,0.8106646537780762,0.9713143666585287,0.014968633651733398
pushup,0.2546668291091919,0.4884494145711263,0.9902921319007874,0.2644251108169556,0.3947772979736328,0.9849416017532349,0.18828203678131103,0.455457878112793,0.9331495761871338,0.3533968448638916,0.3011293411254883,0.9063287377357483,0.1712123394012451,0.4486098607381185,0.3433954417705536,0.5518253326416016,0.4023817698160807,0.9781115055084229,0.36707732677459715,0.4964289665222168,0.9791284799575806,0.7678616523742676,0.6598734537760417,0.7459865212440491,0.47884397506713866,0.660812250773112,0.9227997660636902,0.7803516387939453,0.8959978103637696,0.6413330435752869,0.42384910583496094,0.8459700266520183,0.8652979135513306,0.7853810310363769,0.5976484934488933,0.6973645687103271,0.6704202651977539,0.6358227411905925,0.8303475975990295,0.775655460357666,0.8769785563151041,0.1226816326379776,0.7216517448425293,0.9003172556559245,0.2678854167461395,0.8721981048583984,1.0,0.0075010331347584724,0.7958656311035156,0.9651031494140625,0.018451975658535957
pushup,0.26506242752075193,0.502159595489502,0.9920827150344849,0.27222182750701907,0.4038476308186849,0.9863211512565613,0.1923440217971802,0.4699564933776855,0.9462927579879761,0.3573284149169922,0.29730027516682944,0.8936727643013,0.16341326236724854,0.4601085662841797,0.3449356257915497,0.5806602478027344,0.39662961959838866,0.9842594265937805,0.35420880317687986,0.5079143524169922,0.9786477088928223,0.8225947380065918,0.6831789016723633,0.7942679524421692,0.47290782928466796,0.7076148986816406,0.9104236364364624,0.8127927780151367,0.8490809758504232,0.6934272050857544,0.4237635612487793,0.8936216990152995,0.8284851908683777,0.8196048736572266,0.6262660980224609,0.679857075214386,0.677289628982544,0.6694569905598958,0.7883799076080322,0.8021065711975097,0.8801326115926107,0.09428486227989197,0.7148179531097412,0.9013127644856771,0.17887045443058014,0.9095422744750976,0.9713098526000976,0.005826933309435844,0.8051450729370118,0.9247609456380208,0.012543975375592709
pushup,0.2714555025100708,0.5066229184468587,0.9915859699249268,0.2815514326095581,0.40719448725382484,0.9899448156356812,0.20331227779388428,0.4745452562967936,0.9229817986488342,0.37085666656494143,0.30396817525227865,0.9584739208221436,0.18178014755249022,0.46812849044799804,0.21782582998275757,0.6061079978942872,0.42401809692382814,0.988243043422699,0.36633830070495604,0.544946797688802,0.9811432361602783,0.8298855781555176,0.7396030426025391,0.8022809028625488,0.4846806526184082,0.7593971252441406,0.8721585869789124,0.7044211864471436,0.9327458699544271,0.6318846344947815,0.4150365352630615,0.9673707326253255,0.6945064663887024,0.8439929962158204,0.6787972132364909,0.5890597701072693,0.6947901725769043,0.720827865600586,0.700391948223114,0.785996675491333,0.8727553685506185,0.06868615001440048,0.6884259700775146,0.8956862131754557,0.1114434152841568,0.9227151870727539,0.9445871353149414,0.005682543385773897,0.8413646697998047,0.9069366455078125,0.010815556161105633
pushup,0.2819494724273682,0.5142333348592122,0.9885695576667786,0.2974107027053833,0.41300458908081056,0.9912269711494446,0.21014387607574464,0.47707357406616213,0.8756129145622253,0.389376163482666,0.31057090759277345,0.9722319841384888,0.18431808948516845,0.4661151885986328,0.10594119876623154,0.6160566329956054,0.45850048065185545,0.9887712597846985,0.3702287435531616,0.518787701924642,0.9569941759109497,0.7665055274963379,0.9256935119628906,0.8035650849342346,0.4833075523376465,0.8085908889770508,0.6948461532592773,0.5624703407287598,0.9150620778401692,0.6898462176322937,0.4070160388946533,0.9788060506184896,0.5268798470497131,0.8219740867614747,0.7349285125732422,0.5142794847488403,0.6621143341064453,0.745468266805013,0.5534347891807556,0.7082118034362793,0.9260339736938477,0.09364679455757141,0.592308521270752,0.9143501281738281,0.09680680930614471,0.8819339752197266,0.9787517547607422,0.009881296195089817,0.750947904586792,0.9255020141601562,0.013429385609924793
pushup,0.29095027446746824,0.5157794952392578,0.9877063632011414,0.30592944622039797,0.4167551358540853,0.9903867840766907,0.2180525541305542,0.47847690582275393,0.855857789516449,0.39383933544158933,0.3154819806416829,0.9658705592155457,0.18666138648986816,0.46576671600341796,0.10062740743160248,0.6029838562011719,0.4605182965596517,0.9904859662055969,0.3620364427566528,0.5113574345906575,0.9594680666923523,0.6809045791625976,0.9741237004597981,0.82914799451828,0.4566535472869873,0.8511660893758138,0.6355016231536865,0.49340181350708007,0.9627793629964193,0.6548256278038025,0.38652958869934084,0.9969944000244141,0.4430951476097107,0.819364356994629,0.7140724182128906,0.46358054876327515,0.6637237071990967,0.7211818695068359,0.4726599454879761,0.6813629150390625,0.929667599995931,0.10825048387050629,0.5925819396972656,0.8889176686604817,0.09035217761993408,0.8590547561645507,1.0,0.011109317652881145,0.7644570350646973,0.9163729349772135,0.013332942500710487
pushup,0.29422261714935305,0.5154460906982422,0.9897023439407349,0.3084189653396606,0.4197120030721029,0.9915341734886169,0.22249186038970947,0.483285395304362,0.8722425699234009,0.39851720333099366,0.3197085698445638,0.9634312987327576,0.19465742111206055,0.47485148111979164,0.09618496894836426,0.5998175621032715,0.4560969352722168,0.9895721673965454,0.3578667402267456,0.5176244735717773,0.9724881649017334,0.6173700809478759,1.0,0.811123788356781,0.41889243125915526,0.9101131439208985,0.6882314682006836,0.479547119140625,0.9371659596761067,0.6479700207710266,0.3627293109893799,0.9464892069498698,0.5175686478614807,0.8201516151428223,0.7164655049641927,0.3877110481262207,0.6614814281463623,0.728311284383138,0.4356369972229004,0.6695833683013916,0.9134963989257813,0.11409221589565277,0.583475399017334,0.8558815002441407,0.10229704529047012,0.8435182571411133,1.0,0.01259692944586277,0.7526810646057129,0.87301025390625,0.016340550035238266
pushup,0.2974496603012085,0.5167378743489583,0.9906360507011414,0.30991804599761963,0.4262989044189453,0.9922391176223755,0.2307180643081665,0.48785270055135094,0.8701676726341248,0.39868783950805664,0.3159251530965169,0.958774209022522,0.2077789306640625,0.4660484313964844,0.08233709633350372,0.5920980453491211,0.4412390391031901,0.9885523319244385,0.3512484073638916,0.5007711410522461,0.971372663974762,0.5708821296691895,0.993230692545573,0.8426801562309265,0.3780068397521973,0.9092184066772461,0.7063189744949341,0.44022207260131835,0.9175430297851562,0.7177824974060059,0.33100640773773193,0.9441324869791666,0.5768909454345703,0.8068696975708007,0.7215281168619792,0.38657262921333313,0.6481762886047363,0.7361461639404296,0.4279707670211792,0.6485464096069335,0.9106004079182942,0.11746478825807571,0.5606295108795166,0.8615737915039062,0.09883659332990646,0.8202539443969726,1.0,0.012426083907485008,0.7253358364105225,0.8943548838297526,0.015139271505177021
pushup,0.2888333797454834,0.5424230575561524,0.9916990995407104,0.30335748195648193,0.4525973955790202,0.9929500818252563,0.22468175888061523,0.513834540049235,0.8843892216682434,0.39841222763061523,0.34011720021565756,0.9632912278175354,0.20591268539428711,0.4877305030822754,0.08634547889232635,0.5971033096313476,0.45831457773844403,0.9876585602760315,0.34380953311920165,0.5102588017781575,0.9807009696960449,0.56712646484375,1.0,0.8262664079666138,0.34975414276123046,0.9011516571044922,0.7972393035888672,0.40179948806762694,0.9373900095621744,0.688892662525177,0.3083700895309448,0.9620126088460287,0.6485415101051331,0.8189674377441406,0.7257104237874349,0.3724398910999298,0.651215934753418,0.7393648147583007,0.4796968102455139,0.6584517955780029,0.8861981074015299,0.10529015213251114,0.5601395606994629,0.8474122365315755,0.11108478903770447,0.8400062561035156,0.9938543955485026,0.011862903833389282,0.7442185401916503,0.883004887898763,0.016955828294157982
pushup,0.2771421432495117,0.5651451110839844,0.9916566610336304,0.2908343315124512,0.4727325757344564,0.9939122200012207,0.2130669593811035,0.5364735285441081,0.8778436183929443,0.39612646102905275,0.3448871930440267,0.9706391096115112,0.20402677059173585,0.5016654968261719,0.05811334773898125,0.6172222137451172,0.469416872660319,0.9815573692321777,0.345154857635498,0.5174535115559896,0.9730332493782043,0.6094801902770997,1.0,0.7041547894477844,0.3431534290313721,0.9060784657796224,0.7383582592010498,0.4493669033050537,0.9591487884521485,0.5785669684410095,0.291508150100708,0.9428599039713542,0.5947606563568115,0.8132732391357422,0.7754890441894531,0.19134818017482758,0.63925199508667,0.7816382090250651,0.292460560798645,0.6586417198181153,0.9233509063720703,0.039045654237270355,0.5678382396697998,0.8703104654947916,0.04891227185726166,0.8095615386962891,1.0,0.004603931214660406,0.7392629623413086,0.87849915822347,0.007439646404236555
pushup,0.26321940422058104,0.5733011881510417,0.992460310459137,0.28748860359191897,0.48470773696899416,0.995093822479248,0.20658550262451172,0.5367687225341797,0.8933289647102356,0.4011265277862549,0.3761776924133301,0.9792572855949402,0.1984612226486206,0.5022018750508627,0.05361490696668625,0.6160149097442627,0.4956721305847168,0.9808725118637085,0.32729277610778806,0.5348971684773763,0.9787485599517822,0.640076732635498,1.0,0.6661846041679382,0.324179482460022,0.8951514561971029,0.7890213131904602,0.4499221324920654,0.9464314778645834,0.5739088654518127,0.28455309867858886,0.86295591990153,0.6737639904022217,0.8198824882507324,0.7680683135986328,0.21784541010856628,0.6331297397613526,0.7733965555826823,0.36497458815574646,0.6877811431884766,0.8899420420328776,0.045717012137174606,0.5595609664916992,0.857507832845052,0.07088601589202881,0.8269475936889649,0.9187554041544597,0.006087358109652996,0.7496618270874024,0.8451917012532552,0.011227237991988659
pushup,0.24731407165527344,0.5709357579549154,0.9934965372085571,0.27520592212677003,0.4852036476135254,0.9961285591125488,0.19820914268493653,0.5338459650675456,0.9018629789352417,0.39559621810913087,0.3843276023864746,0.9856839179992676,0.19837398529052735,0.4999544143676758,0.03996194899082184,0.6301624298095703,0.5101159413655599,0.976764976978302,0.330683159828186,0.54496644337972,0.9782146215438843,0.7267961502075195,1.0,0.5873158574104309,0.32438433170318604,0.8823565800984701,0.807012140750885,0.49823427200317383,0.9061578114827474,0.5825347900390625,0.27950594425201414,0.9145743687947591,0.6836604475975037,0.8391489028930664,0.7975027084350585,0.18914642930030823,0.6451164722442627,0.800800895690918,0.3630909025669098,0.6836369514465332,0.8979448318481446,0.029991887509822845,0.5382080078125,0.8981523513793945,0.05491429939866066,0.8277236938476562,0.8761131286621093,0.004152312409132719,0.7439114093780518,0.8692869186401367,0.008301924914121628
pushup,0.23678419589996338,0.5688332239786784,0.9934259653091431,0.2608593463897705,0.48753592173258464,0.9962412118911743,0.19623088836669922,0.536990229288737,0.8836137056350708,0.3849712133407593,0.38630441029866536,0.9881913065910339,0.21219637393951415,0.5030649185180665,0.030376242473721504,0.6294577598571778,0.5123177846272786,0.9801762104034424,0.34842376708984374,0.5483263651529948,0.9757827520370483,0.7799773693084717,0.9875352223714192,0.6333611607551575,0.33666143417358396,0.8505483627319336,0.8112130165100098,0.5606488704681396,0.9019570668538411,0.6144712567329407,0.30158793926239014,0.9707106908162435,0.6551324725151062,0.8353483200073242,0.8219951629638672,0.23077130317687988,0.6545163631439209,0.8288616180419922,0.39656883478164673,0.6983509063720703,0.9112693150838216,0.02362634427845478,0.5724937915802002,0.9373929977416993,0.04280558228492737,0.8407503128051758,0.8500335693359375,0.003234834410250187,0.7774127960205078,0.8810199101765951,0.006271542981266975
pushup,0.23184921741485595,0.5706700007120769,0.9917870163917542,0.24934561252593995,0.48644793828328453,0.9950464963912964,0.18774547576904296,0.5386419296264648,0.8621715307235718,0.36649069786071775,0.37881339391072594,0.9865697026252747,0.2042393445968628,0.5032428105672201,0.05070192366838455,0.6185139656066895,0.4884240468343099,0.9875556826591492,0.3568009376525879,0.5469568252563477,0.974371612071991,0.8538095474243164,0.8786190032958985,0.7440418601036072,0.3775215148925781,0.8028977076212566,0.7978301644325256,0.7189527034759522,0.8844549814860027,0.6308333277702332,0.321607780456543,0.9709588368733724,0.5966041684150696,0.8448361396789551,0.7270499547322591,0.36212456226348877,0.6846190929412842,0.7475020090738932,0.4727994203567505,0.7724011898040771,0.8739620208740234,0.03488752618432045,0.6763577938079834,0.9062170028686524,0.05702332779765129,0.9007452964782715,0.8496239980061849,0.003246142528951168,0.858950424194336,0.8724957784016927,0.006167954299598932
pushup,0.22587933540344238,0.5675741831461588,0.9910481572151184,0.24143753051757813,0.47925901412963867,0.9937500357627869,0.1789259910583496,0.5351367950439453,0.8720127940177917,0.3578068494796753,0.36811545689900715,0.9746131896972656,0.19684867858886718,0.5010135650634766,0.08125291764736176,0.5894307613372802,0.4476690610249837,0.9803286790847778,0.3656180381774902,0.553112284342448,0.968508243560791,0.8360901832580566,0.709976323445638,0.7298639416694641,0.4114527702331543,0.7722764333089193,0.8073630928993225,0.8349390029907227,0.7926105499267578,0.6392279267311096,0.3379124641418457,0.9723275502522787,0.6315949559211731,0.8258109092712402,0.6857046763102214,0.5119816660881042,0.6901392936706543,0.7289501825968424,0.61980140209198,0.7808464050292969,0.874143918355306,0.07614711672067642,0.7023192882537842,0.9138137817382812,0.12882336974143982,0.9014533996582031,0.9249817530314127,0.007010298315435648,0.8477829933166504,0.9289712270100912,0.014256159774959087
pushup,0.21446740627288818,0.5672474543253581,0.9914587736129761,0.22907373905181885,0.4795823097229004,0.992631196975708,0.1674180030822754,0.53551025390625,0.8831979632377625,0.34558782577514646,0.3641698201497396,0.9685072302818298,0.18609704971313476,0.49791428248087566,0.11483269184827805,0.5758744239807129,0.4228406270345052,0.9854950904846191,0.3563381671905518,0.5412946701049804,0.979697048664093,0.8369905471801757,0.6249897638956706,0.8202657103538513,0.4232645988464355,0.7302826563517253,0.9026057720184326,0.8867664337158203,0.7844917297363281,0.7351272702217102,0.3553468227386475,0.9644251505533854,0.7733920812606812,0.8055539131164551,0.658145014444987,0.7394046783447266,0.6718255519866944,0.7059105555216472,0.8224362730979919,0.7897978782653808,0.8793645858764648,0.13636724650859833,0.7029772758483886,0.9098504384358724,0.24449241161346436,0.9053572654724121,0.9514516194661459,0.010505931451916695,0.836213493347168,0.9320531209309896,0.02340184710919857
pushup,0.2068439245223999,0.570825703938802,0.9883324503898621,0.21859254837036132,0.4861171722412109,0.9879750609397888,0.158608341217041,0.5387641906738281,0.8813409805297852,0.33322772979736326,0.3656782150268555,0.9458404779434204,0.176715087890625,0.4941489537556966,0.14898307621479034,0.5638158798217774,0.41602007548014325,0.9756150245666504,0.35555076599121094,0.5044052124023437,0.9783146381378174,0.8128852844238281,0.6531119028727214,0.7179330587387085,0.436702823638916,0.6875121434529622,0.9212962985038757,0.8382887840270996,0.8350609461466472,0.6032403111457825,0.37587800025939944,0.8985618591308594,0.8156712651252747,0.8010788917541504,0.6024183909098307,0.6950389742851257,0.6720445632934571,0.6357818603515625,0.8323736786842346,0.8291571617126465,0.863039779663086,0.1352519392967224,0.7476319789886474,0.8662761688232422,0.31353434920310974,0.9193477630615234,0.9593461354573568,0.010349961929023266,0.8490461349487305,0.9076421737670899,0.02959153801202774
pushup,0.20546844005584716,0.5639930089314779,0.9836373925209045,0.21475379467010497,0.4783618927001953,0.988923966884613,0.1614574670791626,0.5394280751546224,0.7682148218154907,0.3339672088623047,0.3599254290262858,0.9732697606086731,0.1880408763885498,0.5068478266398112,0.061080027371644974,0.5832005500793457,0.4009671211242676,0.9859564304351807,0.36261544227600095,0.5263745625813802,0.9747519493103027,0.8357755661010742,0.67135009765625,0.8331674933433533,0.4431310653686523,0.741049321492513,0.8763387203216553,0.7859502792358398,0.9137226104736328,0.6952812075614929,0.37554471492767333,0.8305928548177083,0.7673879861831665,0.8132736206054687,0.5664326985677083,0.80356764793396,0.6752063274383545,0.609205945332845,0.8609805107116699,0.8204925537109375,0.8315537770589193,0.2724451720714569,0.7213580131530761,0.8592456817626953,0.42460915446281433,0.9082590103149414,0.9692300160725912,0.02071043848991394,0.8336297035217285,0.9398601531982422,0.044979702681303024
pushup,0.19639015197753906,0.5521043141682943,0.9671626687049866,0.2018017053604126,0.47891365687052406,0.9805775880813599,0.15735993385314942,0.5280788103739421,0.5771204829216003,0.30746750831604003,0.35531959533691404,0.9653857946395874,0.1830679416656494,0.47861382166544597,0.03341648355126381,0.5752304077148438,0.37098843256632485,0.9862549304962158,0.3519972085952759,0.4753816286722819,0.922606348991394,0.8851630210876464,0.550059191385905,0.9126110076904297,0.45438237190246583,0.5988474527994792,0.8265575170516968,0.8195212364196778,0.8318487803141276,0.8560917973518372,0.42026662826538086,0.7128430684407552,0.803989827632904,0.8137693405151367,0.6317106246948242,0.8860787153244019,0.6712995052337647,0.6624908447265625,0.877922534942627,0.8573400497436523,0.8942946116129558,0.20747500658035278,0.7451882362365723,0.9072845458984375,0.2684272229671478,0.8902278900146484,1.0,0.011940366588532925,0.8234612464904785,0.963344955444336,0.02050747349858284
pushup,0.1959000825881958,0.5423274993896484,0.9790441393852234,0.2055828094482422,0.469333553314209,0.9878870248794556,0.16098830699920655,0.5148433049519857,0.633379340171814,0.3113346815109253,0.3524312655131022,0.9719793200492859,0.18884632587432862,0.4657487233479818,0.033791638910770416,0.5554242610931397,0.35381882985432944,0.987622857093811,0.36384310722351076,0.49980850219726564,0.9304958581924438,0.8667646408081054,0.4635526021321615,0.9294183850288391,0.4849052906036377,0.6252812703450521,0.8157782554626465,0.8445820808410645,0.7711779276529948,0.8946309089660645,0.4294991970062256,0.6940071105957031,0.814361572265625,0.820916748046875,0.6347177505493165,0.8548563718795776,0.6989561557769776,0.688030497233073,0.8288268446922302,0.8712797164916992,0.8387166341145833,0.18144091963768005,0.7726163864135742,0.8812739054361979,0.21262820065021515,0.9109862327575684,0.9557394663492839,0.011244270019233227,0.8690059661865235,0.9416216532389323,0.017572395503520966
pushup,0.19793527126312255,0.5383708318074544,0.9723853468894958,0.21016364097595214,0.4644261042277018,0.9834877848625183,0.15664355754852294,0.5063337643941244,0.6186254620552063,0.3111093521118164,0.3474299748738607,0.9620542526245117,0.16739237308502197,0.4551308314005534,0.036022428423166275,0.5581457138061523,0.34102840423583985,0.9886182546615601,0.3443180561065674,0.47182178497314453,0.8953245282173157,0.8893843650817871,0.4240153630574544,0.9408811926841736,0.48418431282043456,0.5510866800944011,0.7763684988021851,0.8271461486816406,0.7311386108398438,0.9208906888961792,0.42992029190063474,0.6612651824951172,0.8060069680213928,0.8083335876464843,0.6018262227376302,0.9028281569480896,0.6728016376495362,0.6445700327555338,0.8606843948364258,0.8632769584655762,0.8457256317138672,0.2344171404838562,0.7618141174316406,0.8719490051269532,0.23549577593803406,0.8903789520263672,0.9401067097981771,0.01405660156160593,0.8546529769897461,0.9116998036702474,0.019098395481705666
pushup,0.1923236846923828,0.5284288406372071,0.9814163446426392,0.2066066026687622,0.450100580851237,0.9876841306686401,0.14700751304626464,0.4940514882405599,0.720553457736969,0.30296835899353025,0.33047539393107095,0.9519884586334229,0.1470158576965332,0.44342613220214844,0.04198053106665611,0.5386934757232666,0.3235533396402995,0.9889978766441345,0.3274546146392822,0.4911869684855143,0.8808394074440002,0.8710690498352051,0.371467653910319,0.9525863528251648,0.481063175201416,0.5804398854573568,0.7509923577308655,0.838652229309082,0.6772762934366862,0.94294673204422,0.43555417060852053,0.6406672795613607,0.8186642527580261,0.8062875747680665,0.6550328572591145,0.9051730632781982,0.6697193145751953,0.7178291320800781,0.8444067239761353,0.8559489250183105,0.884878667195638,0.16292373836040497,0.7527887344360351,0.9428518295288086,0.13893786072731018,0.8834686279296875,0.9332035064697266,0.008804069831967354,0.8454240798950196,0.9322877248128255,0.010001949034631252
pushup,0.2063210725784302,0.5145066579182943,0.989564061164856,0.22159790992736816,0.43039693832397463,0.9933182001113892,0.1531977891921997,0.47631111145019533,0.8011704087257385,0.3077345848083496,0.3150966008504232,0.9553714990615845,0.13203144073486328,0.4344835917154948,0.03900701552629471,0.5302034854888916,0.3110162099202474,0.9936113953590393,0.31436588764190676,0.5090611457824707,0.8174092173576355,0.88143310546875,0.32790114084879557,0.9756596088409424,0.47065234184265137,0.5915620803833008,0.5815778374671936,0.8520695686340332,0.6286792119344076,0.9723333716392517,0.430620813369751,0.6096792856852213,0.772875964641571,0.8193648338317872,0.640477180480957,0.8894075155258179,0.6834748268127442,0.7233402252197265,0.7197754979133606,0.8742782592773437,0.8099754969278972,0.1858057975769043,0.7794414043426514,0.907787005106608,0.09398297220468521,0.9029092788696289,0.8696123758951823,0.01071713026612997,0.8840008735656738,0.9165660858154296,0.00784322526305914
pushup,0.2211759328842163,0.5058729171752929,0.9914125204086304,0.23246748447418214,0.41459554036458335,0.9937752485275269,0.16066377162933348,0.4709262212117513,0.8399440050125122,0.3108853340148926,0.29523245493570965,0.945741593837738,0.1293358564376831,0.4389182090759277,0.04950319975614548,0.5334612369537354,0.30203088124593097,0.993946373462677,0.3151883602142334,0.5285993576049804,0.8113113641738892,0.8720230102539063,0.334612782796224,0.9782726764678955,0.48144946098327634,0.6373122533162435,0.5439543128013611,0.8503852844238281,0.6346967061360677,0.977728545665741,0.4555020809173584,0.6513832728068034,0.768631637096405,0.8206892967224121,0.6655415217081706,0.8636313676834106,0.6827058315277099,0.7609685262044271,0.649355411529541,0.8437153816223144,0.8171082178751627,0.15181416273117065,0.7471511840820313,0.9294225056966146,0.06430220603942871,0.8935400009155273,0.8936016082763671,0.00838180910795927,0.8562753677368165,0.9419783274332683,0.005340286996215582
pushup,0.22412457466125488,0.492124080657959,0.9925938248634338,0.23943026065826417,0.40081246693929035,0.9943597912788391,0.15939638614654542,0.4551320711771647,0.8732941150665283,0.3196850776672363,0.29332186381022135,0.9468379020690918,0.11574029922485352,0.4339202245076497,0.05953655391931534,0.5462400913238525,0.2978453318277995,0.9954550266265869,0.2912294387817383,0.5258472442626954,0.8469599485397339,0.8803486824035645,0.34033842086791993,0.979282021522522,0.44281682968139646,0.6452507654825846,0.5356079339981079,0.8397056579589843,0.6317789077758789,0.9747812747955322,0.41095938682556155,0.657641855875651,0.7316104769706726,0.839503002166748,0.6016885757446289,0.8702561855316162,0.6810807704925537,0.6975723266601562,0.652129590511322,0.8699334144592286,0.7667213439941406,0.20121631026268005,0.7657476425170898,0.8696336110432943,0.08203445374965668,0.9106354713439941,0.8575102488199869,0.01083903294056654,0.891064453125,0.8931439717610677,0.0067570083774626255
pushup,0.22712082862854005,0.488877805074056,0.9924232959747314,0.2397245168685913,0.39657001495361327,0.9937157034873962,0.1582639694213867,0.45502058664957684,0.8830408453941345,0.3169780969619751,0.2932886123657227,0.9388585090637207,0.1094118595123291,0.4446897506713867,0.0726236030459404,0.5455468654632568,0.2996600786844889,0.995689332485199,0.2919465065002441,0.5273125648498536,0.8536611795425415,0.8776556015014648,0.34543867111206056,0.978532612323761,0.4414510726928711,0.6341246922810873,0.5419156551361084,0.8353842735290528,0.6314964294433594,0.9726031422615051,0.40258121490478516,0.6602270762125652,0.7254378795623779,0.8402163505554199,0.5691144943237305,0.873938798904419,0.6834712028503418,0.6648344039916992,0.6635616421699524,0.8708511352539062,0.742741584777832,0.23011629283428192,0.7769600868225097,0.8439567565917969,0.0961918830871582,0.9170354843139649,0.8372317632039388,0.012439275160431862,0.8973505020141601,0.8670803070068359,0.007794411852955818
pushup,0.22734735012054444,0.4879817326863607,0.9923477172851562,0.23859257698059083,0.3962810198465983,0.9932082295417786,0.15792632102966309,0.45516885121663414,0.8913087844848633,0.31317145824432374,0.2962522506713867,0.9293311834335327,0.10677356719970703,0.44908682505289715,0.08417913317680359,0.5413690090179444,0.30578250885009767,0.9956788420677185,0.28584747314453124,0.536354128519694,0.852126955986023,0.8745119094848632,0.34621861775716145,0.9778369665145874,0.4421102523803711,0.6414721171061198,0.5392957329750061,0.8321903228759766,0.6351439793904622,0.9727327823638916,0.42575550079345703,0.6573588053385416,0.7347795963287354,0.8347480773925782,0.572085189819336,0.8746440410614014,0.6769361972808838,0.6699479420979818,0.6617406010627747,0.8749979972839356,0.7398390452067057,0.23698893189430237,0.7794612884521485,0.8419127782185872,0.10016005486249924,0.9158849716186523,0.841427739461263,0.013168119825422764,0.8979057312011719,0.8690127054850261,0.008227179758250713
pushup,0.2269127607345581,0.4916772524515788,0.9921332597732544,0.23818857669830323,0.39885133107503257,0.993354082107544,0.15817627906799317,0.4594157854715983,0.8822014927864075,0.3149186372756958,0.2951391855875651,0.9392433762550354,0.1118706226348877,0.4517624537150065,0.0772353857755661,0.543019437789917,0.3024613698323568,0.9957014918327332,0.29770822525024415,0.5388743082682291,0.864135205745697,0.8751455307006836,0.34704325993855795,0.9778527021408081,0.45583205223083495,0.6495498657226563,0.5625757575035095,0.8279634475708008,0.639486821492513,0.9715245962142944,0.41504549980163574,0.6721468607584635,0.733594536781311,0.83203125,0.5821501413981119,0.8811801075935364,0.6798559188842773,0.6811766306559245,0.6868788599967957,0.8707542419433594,0.749605369567871,0.23424050211906433,0.7782148361206055,0.8562755584716797,0.1040927991271019,0.9152119636535645,0.8354527791341145,0.013370946981012821,0.8923532485961914,0.8710716247558594,0.008688954636454582
pushup,0.22623980045318604,0.48956804275512694,0.9928390383720398,0.23721928596496583,0.39736000696818036,0.9932466745376587,0.15782556533813477,0.45711326599121094,0.8957378268241882,0.31310343742370605,0.29340909322102865,0.9270283579826355,0.11047818660736083,0.4482397715250651,0.08562953770160675,0.5394237041473389,0.299967892964681,0.9955182671546936,0.2917341232299805,0.5371392567952474,0.873605489730835,0.8703748703002929,0.34184157053629555,0.9770616888999939,0.4449726104736328,0.6545122146606446,0.588658332824707,0.8358619689941407,0.6253811518351237,0.9720208644866943,0.41402430534362794,0.6807795206705729,0.7572166323661804,0.8341479301452637,0.5701738357543945,0.8809602856636047,0.6815684318542481,0.6718849182128906,0.6955339312553406,0.8786078453063965,0.7314060211181641,0.26889532804489136,0.7884795188903808,0.8417526880900065,0.12757694721221924,0.9202988624572754,0.8384092966715495,0.016126900911331177,0.9021406173706055,0.879296620686849,0.010815311223268509
pushup,0.2283935308456421,0.48729610443115234,0.9928916692733765,0.23831040859222413,0.3947701136271159,0.9932147264480591,0.15736331939697265,0.45573965708414715,0.9023326635360718,0.31216015815734866,0.29378328323364256,0.9241881370544434,0.10412459373474121,0.452679697672526,0.0934133306145668,0.5446521759033203,0.30384120941162107,0.995924711227417,0.28103821277618407,0.5402199427286783,0.8707254528999329,0.8714256286621094,0.35853869120279946,0.9771029949188232,0.42598781585693357,0.6570021311442057,0.5534425377845764,0.8213432312011719,0.6467981974283854,0.9701772928237915,0.38986103534698485,0.6776327768961589,0.732011079788208,0.8378570556640625,0.5569773356119792,0.8749687671661377,0.6762651443481446,0.6569674809773763,0.6722121238708496,0.8821878433227539,0.7296577453613281,0.26650363206863403,0.7860277175903321,0.8326758066813151,0.11807817220687866,0.9185425758361816,0.842352294921875,0.014952964149415493,0.8977474212646485,0.8704842885335287,0.009611153975129128
pushup,0.23211336135864258,0.48978989919026694,0.9931595325469971,0.24016206264495848,0.3978764533996582,0.9930316209793091,0.16264593601226807,0.4608664830525716,0.9103718996047974,0.31232855319976804,0.2907183329264323,0.9158645868301392,0.11209166049957275,0.45365403493245443,0.09882253408432007,0.5433672904968262,0.29741382598876953,0.9954546689987183,0.28543527126312257,0.5372356414794922,0.8750909566879272,0.8682033538818359,0.3624501546223958,0.9756686687469482,0.4300073623657227,0.6631721496582031,0.582203209400177,0.8234405517578125,0.6566104253133138,0.9688459038734436,0.40438232421875,0.6797520955403645,0.7478151917457581,0.8296710014343261,0.579066785176595,0.8678461909294128,0.6702728271484375,0.6817200342814128,0.6716113686561584,0.8745013236999511,0.7438213348388671,0.22687223553657532,0.7782175064086914,0.8547771453857422,0.10357135534286499,0.9161550521850585,0.8558511734008789,0.012392080388963223,0.8906257629394532,0.8921645482381185,0.008153753355145454
pushup,0.2339385986328125,0.4900400161743164,0.9928100109100342,0.24286797046661376,0.3975085258483887,0.9921900629997253,0.16385235786437988,0.4573769251505534,0.9114040732383728,0.3135579824447632,0.28664379119873046,0.8984583020210266,0.10969805717468262,0.4420283317565918,0.10842026770114899,0.5431259632110595,0.2935986836751302,0.9952276945114136,0.28415238857269287,0.518733819325765,0.8622991442680359,0.8752985000610352,0.35601005554199217,0.9752114415168762,0.44161324501037597,0.6345094680786133,0.5835561752319336,0.8362051963806152,0.6526097615559896,0.9687855243682861,0.4214173793792725,0.6622844696044922,0.7543162107467651,0.8246254920959473,0.5892561594645183,0.8795652985572815,0.6637058258056641,0.6835376103719075,0.6932263374328613,0.8643805503845214,0.7821448008219402,0.20250727236270905,0.764401912689209,0.8770784378051758,0.09121527522802353,0.9080939292907715,0.8838175455729167,0.010050328448414803,0.8754513740539551,0.9003016153971354,0.006603996269404888
pushup,0.2344144821166992,0.4911175727844238,0.992889404296875,0.24379322528839112,0.399105167388916,0.9920443296432495,0.16513755321502685,0.4580193201700846,0.9151465892791748,0.31638731956481936,0.28703467051188153,0.8993133902549744,0.1140129804611206,0.44018481572469076,0.11481934040784836,0.5449034690856933,0.2929131825764974,0.9946828484535217,0.2898000001907349,0.5127873420715332,0.8821689486503601,0.8747847557067872,0.3634366989135742,0.9709638357162476,0.4458265781402588,0.6326128641764323,0.6382483839988708,0.8332914352416992,0.6533141454060872,0.963300883769989,0.42653670310974123,0.6591477711995443,0.7774713039398193,0.8286699295043946,0.584639040629069,0.8765219449996948,0.6695322036743164,0.6774917602539062,0.7181411385536194,0.8780703544616699,0.77644837697347,0.1983097642660141,0.7775171279907227,0.8705429077148438,0.10359770804643631,0.9204084396362304,0.8712844848632812,0.010241136886179447,0.8867902755737305,0.8902933756510417,0.007562210783362389
pushup,0.2356698751449585,0.4898261070251465,0.9932165741920471,0.24536688327789308,0.3984004338582357,0.9924721717834473,0.165635347366333,0.45736026763916016,0.9165201187133789,0.3159811496734619,0.2920765558878581,0.8954450488090515,0.10978431701660156,0.4449371019999186,0.11190430074930191,0.5403374195098877,0.2979560852050781,0.9954792261123657,0.28081569671630857,0.521661122639974,0.8668587803840637,0.8717565536499023,0.35813493728637696,0.9767548441886902,0.42960729598999026,0.6363189697265625,0.5844178199768066,0.8397895812988281,0.6497329711914063,0.9697850942611694,0.41593112945556643,0.6609083811442057,0.7556487321853638,0.8275676727294922,0.5739594141642252,0.8771066069602966,0.6667096614837646,0.6710264841715495,0.6815679669380188,0.8757139205932617,0.7465059916178386,0.22597242891788483,0.7765662670135498,0.8501481374104818,0.10074445605278015,0.9193182945251465,0.8503997802734375,0.012273425236344337,0.8912784576416015,0.8800991694132487,0.00787480641156435
pushup,0.23727195262908934,0.48997405370076497,0.9928911924362183,0.24825363159179686,0.3989163716634115,0.9925935864448547,0.168549108505249,0.4565897305806478,0.9069276452064514,0.32183122634887695,0.29419689178466796,0.9137461185455322,0.11873838901519776,0.4438062985738119,0.1041518896818161,0.5418110370635987,0.29969828923543296,0.995067834854126,0.29918038845062256,0.5189356803894043,0.8813966512680054,0.8674248695373535,0.3587609608968099,0.9742026925086975,0.4523900032043457,0.6330254872639974,0.6273749470710754,0.8445785522460938,0.6516291936238606,0.966029942035675,0.4154398441314697,0.6732765197753906,0.7662105560302734,0.8287910461425781,0.5673655192057292,0.872874915599823,0.6779651641845703,0.6609535853068034,0.7003528475761414,0.8748616218566895,0.7362752914428711,0.2390030175447464,0.781856632232666,0.8344208399454752,0.1215013712644577,0.9191099166870117,0.8385328928629557,0.014382349327206612,0.8888535499572754,0.8669984817504883,0.010286266915500164
pushup,0.24180729389190675,0.4904270807902018,0.9924769997596741,0.2543091535568237,0.39787546793619794,0.9920365810394287,0.17206592559814454,0.45372502009073895,0.9119914770126343,0.3284761905670166,0.2914065678914388,0.9054139852523804,0.11868894100189209,0.43661858240763346,0.11291423439979553,0.5479145526885987,0.3066794077555339,0.99461430311203,0.2928746461868286,0.5098247210184733,0.866234302520752,0.8720264434814453,0.371774164835612,0.9709290862083435,0.45268845558166504,0.6102512359619141,0.610841691493988,0.8370442390441895,0.669488271077474,0.9642341732978821,0.43892664909362794,0.6496391296386719,0.7678322196006775,0.8165137290954589,0.5756402969360351,0.8665452003479004,0.6581660270690918,0.660670789082845,0.6875191926956177,0.8633525848388672,0.756244977315267,0.20410484075546265,0.7621797561645508,0.8412387847900391,0.10299310833215714,0.9053655624389648,0.8472321828206381,0.011820737272500992,0.8693872451782226,0.8619625727335612,0.008438318967819214
pushup,0.2440570831298828,0.4920022010803223,0.9920737743377686,0.2561201810836792,0.3998563766479492,0.9918220639228821,0.1757171630859375,0.4565630276997884,0.9085277318954468,0.3315899133682251,0.28973929087320965,0.9120983481407166,0.12737669944763183,0.43678677876790367,0.1100720688700676,0.5504027843475342,0.3021980921427409,0.993664026260376,0.3046099185943604,0.5052032152811686,0.8733859062194824,0.8700296401977539,0.3816317876180013,0.9650412797927856,0.46425666809082033,0.615127690633138,0.6349838376045227,0.8294161796569824,0.6848884582519531,0.9569531083106995,0.43719162940979006,0.6600457509358724,0.7695931196212769,0.8122394561767579,0.5769710540771484,0.8484545946121216,0.6591351509094239,0.6611408869425456,0.682266116142273,0.8585077285766601,0.763067881266276,0.17652757465839386,0.7616453170776367,0.8509119669596354,0.09870199859142303,0.9003151893615723,0.850531005859375,0.010049166157841682,0.8635498046875,0.8729971567789714,0.007807462941855192
pushup,0.24519722461700438,0.4912346522013346,0.9920891523361206,0.2600939035415649,0.3998093287150065,0.9917062520980835,0.17619221210479735,0.45223102569580076,0.9142805337905884,0.3371612071990967,0.2955020268758138,0.9126818776130676,0.12480635643005371,0.4326839764912923,0.11996039748191833,0.5546575546264648,0.31203835805257163,0.9935817718505859,0.3001281976699829,0.49863662719726565,0.8823956251144409,0.8717677116394043,0.40408973693847655,0.9609171748161316,0.463596773147583,0.6088494618733724,0.6547710299491882,0.8222041130065918,0.7049632390340169,0.9512574672698975,0.4383380889892578,0.6634000142415365,0.775802731513977,0.8154437065124511,0.5625797271728515,0.8538409471511841,0.6570460319519043,0.6388968785603841,0.7063032388687134,0.8676353454589844,0.767755126953125,0.1938619464635849,0.7652453899383544,0.8421585083007812,0.11819224059581757,0.90078706741333,0.8662415186564127,0.0107879051938653,0.8644852638244629,0.8797339121500651,0.00901225209236145
pushup,0.24753577709198,0.48702815373738606,0.9918924570083618,0.2607381343841553,0.3976153373718262,0.9912954568862915,0.1801969289779663,0.45093536376953125,0.9114935994148254,0.3378776788711548,0.29278361002604164,0.920116662979126,0.1360823392868042,0.43056697845458985,0.12948355078697205,0.5555304527282715,0.31188939412434896,0.9924185276031494,0.3217939853668213,0.48158251444498695,0.9033112525939941,0.8692794799804687,0.4221550941467285,0.9521002769470215,0.4847062587738037,0.5831134796142579,0.7284179329872131,0.8235162734985352,0.7310722351074219,0.9379122853279114,0.4361158847808838,0.6658376693725586,0.8042523860931396,0.815101146697998,0.586200459798177,0.8526672124862671,0.6679463386535645,0.6536324818929037,0.7534292340278625,0.851473045349121,0.8051823933919271,0.16653196513652802,0.7593229293823243,0.8716174443562825,0.12407970428466797,0.8957260131835938,0.9144622802734375,0.008646952919661999,0.8546914100646973,0.9226643880208333,0.00851872656494379
pushup,0.25075469017028806,0.4864251772562663,0.9923868179321289,0.26365859508514405,0.3958207448323568,0.9916877150535583,0.18139348030090333,0.4504065195719401,0.9167577028274536,0.34063570499420165,0.2932960828145345,0.9196466207504272,0.13535163402557374,0.4344053268432617,0.13941505551338196,0.5557969570159912,0.31442890167236326,0.9931867122650146,0.3206512212753296,0.48574075698852537,0.9116532802581787,0.8624118804931641,0.4325823465983073,0.9548208117485046,0.475529146194458,0.5961036046346029,0.733670711517334,0.8359623908996582,0.7435825983683269,0.9369937777519226,0.427030611038208,0.676983642578125,0.8038334250450134,0.8164320945739746,0.5769496917724609,0.8659157156944275,0.6692644596099854,0.646516990661621,0.7705761790275574,0.8566335678100586,0.804363759358724,0.19668696820735931,0.7678333282470703,0.8709451039632161,0.14663001894950867,0.8984346389770508,0.9268546422322591,0.010070553980767727,0.8564441680908204,0.932247543334961,0.009905224665999413
pushup,0.2575880527496338,0.4895620346069336,0.9928969740867615,0.26706268787384035,0.39889685312906903,0.9919133186340332,0.18855175971984864,0.4583249727884928,0.9247524738311768,0.34239983558654785,0.29492979049682616,0.9249993562698364,0.1449882745742798,0.446964963277181,0.160929337143898,0.5629469871520996,0.32131983439127604,0.9943243265151978,0.32080464363098143,0.4971014658610026,0.9351789951324463,0.8600277900695801,0.4617522557576497,0.9569738507270813,0.4598790168762207,0.6235121409098308,0.7640436291694641,0.8397183418273926,0.7783654530843099,0.9275689721107483,0.41041998863220214,0.7002615610758464,0.7950204610824585,0.8128561019897461,0.5829757690429688,0.8890448212623596,0.6620827674865722,0.6536397933959961,0.8145456910133362,0.8478329658508301,0.8284296671549479,0.22852051258087158,0.7535682201385498,0.8884866078694661,0.1753750592470169,0.9079085350036621,0.9749945958455404,0.011043136939406395,0.8516265869140625,0.9631935119628906,0.011123093776404858
pushup,0.26155107021331786,0.4923055648803711,0.9928921461105347,0.26938343048095703,0.4015041351318359,0.9922688603401184,0.19431211948394775,0.46447671254475914,0.9217953681945801,0.34507930278778076,0.2964754740397135,0.9348403215408325,0.15688009262084962,0.45567439397176107,0.1568111628293991,0.5637328147888183,0.32745434443155924,0.9941369295120239,0.3314460039138794,0.5124130249023438,0.9439743161201477,0.8500608444213867,0.4883679707845052,0.9543321132659912,0.45420522689819337,0.6642454783121745,0.7649946808815002,0.8296257972717285,0.7936731974283854,0.9160765409469604,0.3846693754196167,0.7442602157592774,0.7675009965896606,0.8074545860290527,0.6011189778645833,0.867398738861084,0.6619278430938721,0.6760566711425782,0.7916282415390015,0.8288414001464843,0.8374271392822266,0.188067227602005,0.7355749130249023,0.9077988306681315,0.14405308663845062,0.8996657371520996,0.9644924799601237,0.009270601905882359,0.8334157943725586,0.9633127848307291,0.009368976578116417
pushup,0.2672546625137329,0.5008163452148438,0.9933916330337524,0.27410454750061036,0.40678679148356117,0.9926753640174866,0.20012264251708983,0.4743304888407389,0.9254536628723145,0.3530584335327148,0.29331111907958984,0.9412634968757629,0.168914270401001,0.46101586023966473,0.16161267459392548,0.5758110046386719,0.3296278635660807,0.9928983449935913,0.3447438716888428,0.5144804000854493,0.9594963788986206,0.856325912475586,0.5266992568969726,0.9385098218917847,0.4562362194061279,0.6908315022786459,0.8087347149848938,0.8434024810791015,0.8187513987223307,0.8877823948860168,0.3761157751083374,0.7565617879231771,0.7841060757637024,0.8180781364440918,0.6102533340454102,0.8295395970344543,0.6745674133300781,0.6848696390787761,0.7860046625137329,0.8140022277832031,0.854655392964681,0.14886431396007538,0.7239514350891113,0.9256321589152018,0.13720327615737915,0.9061097145080567,0.9884721755981445,0.006804159842431545,0.8351573944091797,0.9875333150227864,0.008068675175309181
pushup,0.2668346643447876,0.5068617820739746,0.994383692741394,0.2762648582458496,0.4112755139668783,0.9929867386817932,0.2011874198913574,0.4777100880940755,0.9380229711532593,0.35904688835144044,0.2975317001342773,0.936582624912262,0.17277863025665283,0.45962432225545247,0.16878268122673035,0.5823168277740478,0.34436779022216796,0.9884275794029236,0.35404195785522463,0.5153357187906901,0.968788743019104,0.8660501480102539,0.5594979604085286,0.8970024585723877,0.4590580463409424,0.6868079503377279,0.8656858205795288,0.8386036872863769,0.8567443211873372,0.8466690182685852,0.37546777725219727,0.7496646881103516,0.844772458076477,0.8385488510131835,0.6314188639322916,0.7332723140716553,0.6958428859710694,0.7009389241536458,0.7601876258850098,0.8061077117919921,0.8361366907755534,0.10511454939842224,0.7122585296630859,0.915441385904948,0.13568037748336792,0.906610107421875,0.9625957489013672,0.005934775806963444,0.8351902961730957,0.9835027058919271,0.009018126875162125
pushup,0.26651573181152344,0.5084169387817383,0.9935575127601624,0.2763587236404419,0.4122716585795085,0.9921085238456726,0.2002410888671875,0.4760487874348958,0.9326719045639038,0.3596777439117432,0.30013837814331057,0.9361137747764587,0.1719714879989624,0.45664167404174805,0.19169218838214874,0.5787911415100098,0.3592885335286458,0.9904758930206299,0.34985830783843996,0.5126667976379394,0.9645742177963257,0.8696681976318359,0.5647221247355143,0.905636727809906,0.46459341049194336,0.6637938817342123,0.8446592092514038,0.8659526824951171,0.8826865514119466,0.8357580304145813,0.3802779674530029,0.7481089909871419,0.8169068098068237,0.8134595870971679,0.6168512344360352,0.7633538246154785,0.6741028308868409,0.6785457611083985,0.7622029781341553,0.8123987197875977,0.8383662541707356,0.11828524619340897,0.7233912467956543,0.9012564341227214,0.14564447104930878,0.9068490982055664,0.9777412414550781,0.006231772713363171,0.8343567848205566,0.9831782023111979,0.009159858338534832
pushup,0.2692918300628662,0.508279577891032,0.9936703443527222,0.27817113399505616,0.41141347885131835,0.9914087653160095,0.20332462787628175,0.47705821990966796,0.9419288039207458,0.3634200572967529,0.29701487223307294,0.9360091090202332,0.17980458736419677,0.4583518346150716,0.23553401231765747,0.5879314422607422,0.35922393798828123,0.9899431467056274,0.3549766540527344,0.5198381423950196,0.9751067161560059,0.8843955993652344,0.524796994527181,0.8825324773788452,0.46067237854003906,0.6717964172363281,0.8740090131759644,0.8746611595153808,0.7030275344848633,0.8055742979049683,0.3756099224090576,0.7442689259847005,0.8212196230888367,0.8191967010498047,0.624644152323405,0.7574585676193237,0.6788963794708252,0.6874672571818033,0.7885398864746094,0.8177025794982911,0.8451934814453125,0.10119210183620453,0.7317319869995117,0.9000109354654948,0.14631545543670654,0.9223785400390625,0.944812520345052,0.005216313526034355,0.854071044921875,0.9419164021809896,0.008724306710064411
pushup,0.2741180181503296,0.5040026346842448,0.9941415190696716,0.2814756155014038,0.4077349344889323,0.9885863661766052,0.2071593999862671,0.47437384923299153,0.9622992277145386,0.3651880264282227,0.2964973449707031,0.8801084160804749,0.18295812606811523,0.4599517822265625,0.3566799461841583,0.5806724548339843,0.3583040873209635,0.9861356019973755,0.35385427474975584,0.5173086484273275,0.9806500673294067,0.8836904525756836,0.4855777422587077,0.8314462304115295,0.4458616256713867,0.6746241251627604,0.9052579402923584,0.9252875328063965,0.46974906921386717,0.7843425869941711,0.37697157859802244,0.749805768330892,0.848499059677124,0.811923885345459,0.6015452067057292,0.7338910698890686,0.6762750148773193,0.6686681747436524,0.8035631775856018,0.8261965751647949,0.7795539220174154,0.13188204169273376,0.7511255264282226,0.8350453058878581,0.22604990005493164,0.9462055206298828,0.8632804870605468,0.008973835967481136,0.8735136032104492,0.8658299128214518,0.017438456416130066
pushup,0.267886757850647,0.4963878949483236,0.9926543235778809,0.27194383144378664,0.4014002799987793,0.9875582456588745,0.20339348316192626,0.464490000406901,0.945623517036438,0.36070847511291504,0.294661808013916,0.8821088075637817,0.18931522369384765,0.4503411610921224,0.31476232409477234,0.587694787979126,0.3855038324991862,0.9790573120117188,0.38382673263549805,0.512833817799886,0.9767860174179077,0.8946819305419922,0.6044602711995443,0.7129350900650024,0.45233736038208006,0.6854811350504557,0.8935815691947937,0.9519668579101562,0.7443073272705079,0.588345468044281,0.3702334642410278,0.7691029230753581,0.8333624601364136,0.875551986694336,0.5724554061889648,0.5575523972511292,0.7541539192199707,0.6329490661621093,0.7054384350776672,0.9239548683166504,0.8246117909749349,0.056624554097652435,0.8687789916992188,0.8830992380777994,0.13599152863025665,1.0,0.8624865214029948,0.002903965301811695,0.9421649932861328,0.863300069173177,0.007295649964362383
pushup,0.2665594816207886,0.4875764846801758,0.9932692646980286,0.27411704063415526,0.39359957377115884,0.9860413670539856,0.20144877433776856,0.45516560872395834,0.9571478962898254,0.3621817588806152,0.2909570058186849,0.8490273356437683,0.18371176719665527,0.43993981679280597,0.3794059455394745,0.5817838191986084,0.3891575813293457,0.9790763854980469,0.37796893119812014,0.49884074529012046,0.9795403480529785,0.8976712226867676,0.6010550816853841,0.735490083694458,0.4538561820983887,0.6568537394205729,0.9205852150917053,0.9533504486083985,0.6671875635782878,0.6531122326850891,0.3652179718017578,0.7896692276000976,0.8660862445831299,0.8567193031311036,0.6474035898844401,0.6666130423545837,0.7312148094177247,0.7015321095784505,0.8034281730651855,0.8837940216064453,0.8777661641438802,0.0630231574177742,0.822908592224121,0.9407738367716472,0.1553347408771515,0.9939571380615234,0.8951553344726563,0.003434716956689954,0.9128637313842773,0.9144883473714193,0.00854096282273531
pushup,0.2661747455596924,0.49239934285481773,0.9943398833274841,0.27441813945770266,0.397527535756429,0.988024890422821,0.20110325813293456,0.4594636599222819,0.9629610776901245,0.36097395420074463,0.2927091598510742,0.8666989803314209,0.1803201675415039,0.44231290817260743,0.38553863763809204,0.585787010192871,0.39932994842529296,0.983709454536438,0.36710176467895506,0.5116937001546223,0.9823912978172302,0.9061565399169922,0.6260589599609375,0.7710872888565063,0.4437534809112549,0.6783594131469727,0.9230483770370483,0.9502544403076172,0.7179691314697265,0.6795729994773865,0.35423917770385743,0.8490423202514649,0.8526268005371094,0.8516725540161133,0.6860709508260091,0.6517706513404846,0.718257999420166,0.7402442296346029,0.782738983631134,0.8589879035949707,0.9053305308024089,0.044407185167074203,0.7953662872314453,0.9680110931396484,0.10295425355434418,0.9754676818847656,0.9062983830769856,0.0023628664202988148,0.902888298034668,0.924105453491211,0.005457615479826927
pushup,0.2791668176651001,0.49049015045166017,0.9947970509529114,0.28644795417785646,0.39357700347900393,0.9908260703086853,0.2116349458694458,0.46365235646565756,0.9641504287719727,0.36743879318237305,0.28857027689615883,0.9147675633430481,0.18624439239501953,0.4572051684061686,0.32462644577026367,0.5947177886962891,0.39713153839111326,0.9796598553657532,0.3624880313873291,0.5358799616495769,0.9789398312568665,0.8766185760498046,0.6475737889607748,0.7324396371841431,0.4378976821899414,0.7202065149943034,0.8873906135559082,0.8389575004577636,0.7221559524536133,0.6693947911262512,0.3553813934326172,0.9022263844807943,0.7776733040809631,0.8397486686706543,0.7103996912638346,0.41889095306396484,0.6980917453765869,0.7720840454101563,0.5762178897857666,0.7879989624023438,0.8562666575113932,0.022774910554289818,0.7116542816162109,0.9355277379353841,0.0459880530834198,0.9285558700561524,0.8847482681274415,0.0016074858140200377,0.8575362205505371,0.9256228129069011,0.0032591717317700386
pushup,0.2838286399841309,0.47759361267089845,0.9945630431175232,0.2922840118408203,0.3804617881774902,0.9908975958824158,0.21475527286529542,0.4514158248901367,0.9614659547805786,0.37154312133789064,0.28350435892740883,0.9283587336540222,0.18451504707336425,0.452367909749349,0.31747207045555115,0.6000657558441163,0.403364626566569,0.9827593564987183,0.36437091827392576,0.5287215550740559,0.9792098999023438,0.8763796806335449,0.6842097600301107,0.7620559334754944,0.44593400955200196,0.7062493006388346,0.8851059675216675,0.7936696529388427,0.7893774668375652,0.6850096583366394,0.3607626438140869,0.9408342997233073,0.7574266791343689,0.8441162109375,0.7138627370198568,0.4489806592464447,0.6983774185180665,0.7690834045410156,0.598127007484436,0.763876485824585,0.8575178146362304,0.02551289275288582,0.6828582286834717,0.9393267313639323,0.04687640443444252,0.9217596054077148,0.8941168467203776,0.0018225949024781585,0.8456249237060547,0.944695790608724,0.0034351691137999296
pushup,0.28599205017089846,0.4739943822224935,0.9951021671295166,0.2954374313354492,0.38076960245768227,0.991908848285675,0.21879293918609619,0.449736213684082,0.9663896560668945,0.37586944103240966,0.28520660400390624,0.9371233582496643,0.18995485305786133,0.4496579806009928,0.31039443612098694,0.6106610298156738,0.40385510126749674,0.9823819994926453,0.360528564453125,0.5223258018493653,0.9825276732444763,0.8750846862792969,0.7260806401570638,0.7379048466682434,0.437040376663208,0.7344975789388021,0.8993375897407532,0.7833985805511474,0.8337025960286458,0.6291846632957458,0.364200758934021,0.9633107503255208,0.7491238713264465,0.8495282173156739,0.7457019805908203,0.41264665126800537,0.6914249420166015,0.7956629435221354,0.5896716713905334,0.7607343673706055,0.8937061945597331,0.018008997663855553,0.6623533725738525,0.9642738342285156,0.03660541772842407,0.9077335357666015,0.920687739054362,0.0013326621847227216,0.826270866394043,0.957455571492513,0.002691569272428751
pushup,0.29003195762634276,0.48146146138509116,0.9940999150276184,0.2981913089752197,0.3907265345255534,0.9925850033760071,0.22603909969329833,0.45698407491048176,0.944993793964386,0.3772932529449463,0.29020891189575193,0.9609617590904236,0.19946422576904296,0.4490230560302734,0.1859375238418579,0.6180367946624756,0.42614078521728516,0.9902190566062927,0.35943117141723635,0.5144405364990234,0.9775443077087402,0.8672616958618165,0.8444972991943359,0.8121781349182129,0.4212222099304199,0.7698942820231119,0.8236514329910278,0.688966941833496,0.9218898773193359,0.6601904034614563,0.35229039192199707,0.9791179656982422,0.6219956874847412,0.8457526206970215,0.7382222493489583,0.39496657252311707,0.6853304862976074,0.7739353179931641,0.48014864325523376,0.7477458953857422,0.8769919077555338,0.023916130885481834,0.6586408615112305,0.9407197952270507,0.03244633600115776,0.898648452758789,0.8911013921101888,0.0018668638076633215,0.8431641578674316,0.9347752253214519,0.002853958634659648
pushup,0.29173781871795657,0.49531097412109376,0.993572473526001,0.30653226375579834,0.40501200358072914,0.993331253528595,0.22756195068359375,0.46402530670166015,0.9369775056838989,0.391188907623291,0.30791664123535156,0.9672800898551941,0.1966705322265625,0.4503196080525716,0.14825265109539032,0.6250455856323243,0.43769677480061847,0.99224853515625,0.33987739086151125,0.5047789891560872,0.9752067923545837,0.8355478286743164,0.8920266469319661,0.8484894633293152,0.39790079593658445,0.7961214701334636,0.7929856777191162,0.6709676742553711,0.9245332082112631,0.7111079096794128,0.3494666576385498,0.9776865005493164,0.5879566669464111,0.8395246505737305,0.6836809794108073,0.4775283634662628,0.6601831912994385,0.7081612269083659,0.5188512206077576,0.7476321697235108,0.8637134552001953,0.051663242280483246,0.6196964740753174,0.892852783203125,0.05618112534284592,0.9132449150085449,0.8898934682210287,0.00396966515108943,0.8077096939086914,0.8945114135742187,0.005388133693486452
pushup,0.2927850723266602,0.5008438428243002,0.993966817855835,0.30868656635284425,0.41181885401407875,0.9942061901092529,0.22950282096862792,0.4711966832478841,0.9361504316329956,0.3961828947067261,0.3142683664957682,0.9718695878982544,0.20204765796661378,0.4567920684814453,0.12087993323802948,0.6357760429382324,0.457959238688151,0.9907512664794922,0.33883368968963623,0.5067190488179525,0.9755792617797852,0.8117534637451171,0.9755093892415364,0.7934942245483398,0.3810739994049072,0.8361903508504231,0.772557258605957,0.6407008171081543,0.9185941060384114,0.6835388541221619,0.3441339015960693,0.9663812001546224,0.5844372510910034,0.8409563064575195,0.7400639216105144,0.32331037521362305,0.6527301788330078,0.7538570404052735,0.39471670985221863,0.7081258296966553,0.8878281275431316,0.035601768642663956,0.575365686416626,0.8992699940999349,0.040652282536029816,0.8899763107299805,0.9151957194010417,0.0031393645331263542,0.7796647071838378,0.9005995432535807,0.004399110097438097
pushup,0.29292128086090086,0.5014580726623535,0.9932346940040588,0.3122015714645386,0.41190109252929685,0.9943278431892395,0.2295933485031128,0.4703333854675293,0.9287410974502563,0.403326416015625,0.3210884730021159,0.9760865569114685,0.20314459800720214,0.46096757253011067,0.10536307841539383,0.63583345413208,0.472050412495931,0.9895527362823486,0.3368698596954346,0.5171798706054688,0.9734259247779846,0.776835298538208,1.0,0.7508297562599182,0.3775407552719116,0.8671888987223307,0.715960681438446,0.5950304985046386,0.8682174682617188,0.6585118770599365,0.33664422035217284,0.946809450785319,0.523733377456665,0.8335570335388184,0.7511319478352865,0.23245787620544434,0.6428815364837647,0.7618204752604166,0.29259926080703735,0.6939285278320313,0.8688525517781576,0.029677435755729675,0.5564250946044922,0.8660074869791666,0.03194618597626686,0.8914127349853516,0.88379332224528,0.003044934244826436,0.7751340866088867,0.852999750773112,0.004142474848777056
pushup,0.29462106227874757,0.49775288899739584,0.9929130673408508,0.3136152267456055,0.4080834706624349,0.9936484694480896,0.23083169460296632,0.468299134572347,0.9223769903182983,0.406528902053833,0.3157192230224609,0.9738819599151611,0.20483152866363524,0.45919659932454426,0.10767662525177002,0.6240148544311523,0.4559571901957194,0.9906716346740723,0.3379692554473877,0.5037029266357422,0.9812047481536865,0.7080742835998535,1.0,0.801461398601532,0.3753597021102905,0.8773370107014974,0.7864381670951843,0.5034561157226562,0.9363273620605469,0.6546474695205688,0.33492488861083985,0.9673486709594726,0.5746925473213196,0.8264312744140625,0.7037076314290365,0.3219490349292755,0.6402724266052247,0.7167327245076497,0.411153644323349,0.6965293407440185,0.8326758066813151,0.06327380985021591,0.5590036392211915,0.8254881540934245,0.0698891282081604,0.902761173248291,0.8944705327351888,0.006874932441860437,0.7801929473876953,0.8511801401774088,0.009719613008201122
pushup,0.2961374044418335,0.5019015630086263,0.9922937154769897,0.3150656700134277,0.41178906758626305,0.9932657480239868,0.23189613819122315,0.47183462778727214,0.9145337343215942,0.40703916549682617,0.31778151194254556,0.9706092476844788,0.20457005500793457,0.4608219782511393,0.1028813049197197,0.614324951171875,0.45255680084228517,0.9908009171485901,0.3351650953292847,0.5063350677490235,0.9790336489677429,0.6796798229217529,1.0,0.8130395412445068,0.3714094400405884,0.8997834523518881,0.7438344359397888,0.4934208869934082,0.9480028788248698,0.6502140760421753,0.33064558506011965,0.9530658086140951,0.5343307256698608,0.8189250946044921,0.6851228713989258,0.307853102684021,0.6374902248382568,0.7021748860677083,0.36727607250213623,0.6958262920379639,0.8183099110921224,0.07041972130537033,0.5648694038391113,0.8093606313069661,0.06884994357824326,0.9010141372680665,0.8815956115722656,0.007859171368181705,0.7835139274597168,0.8290921529134114,0.010235676541924477
pushup,0.2963631391525269,0.5031954129536946,0.9922652244567871,0.315675950050354,0.4139590581258138,0.9933140873908997,0.23227639198303224,0.4726572036743164,0.9085013270378113,0.40701918601989745,0.3242725690205892,0.9720951914787292,0.20417065620422364,0.46414457956949867,0.10292331874370575,0.6125768184661865,0.45459343592325846,0.9910029172897339,0.3367482662200928,0.512735907236735,0.98259037733078,0.6605128765106201,1.0,0.8124233484268188,0.3660370588302612,0.9085601170857748,0.7577334046363831,0.4651191234588623,0.9193234125773112,0.6536396145820618,0.3211540699005127,0.9360263824462891,0.5570916533470154,0.8391206741333008,0.6715983072916667,0.28640541434288025,0.6600965023040771,0.6907313028971355,0.35879090428352356,0.704103422164917,0.7840923309326172,0.08023006469011307,0.5831077098846436,0.7712085723876954,0.0798867791891098,0.9035914421081543,0.8523638407389323,0.009880946949124336,0.8090082168579101,0.7907033284505208,0.013371544890105724
pushup,0.2995349168777466,0.508143424987793,0.9928077459335327,0.3176270484924316,0.4181107838948568,0.9935272336006165,0.23474533557891847,0.477993647257487,0.9191619157791138,0.40781030654907224,0.32707608540852867,0.9697736501693726,0.20578086376190186,0.4700074831644694,0.10974837094545364,0.6159271717071533,0.4651601473490397,0.9892361760139465,0.3372210502624512,0.5161444028218587,0.9821083545684814,0.6561687469482422,1.0,0.7824231386184692,0.35660543441772463,0.902841313680013,0.7725952863693237,0.4569094657897949,0.9496190388997395,0.6321843266487122,0.3147233247756958,0.9485066731770834,0.5880479216575623,0.8330159187316895,0.6903224309285482,0.252686083316803,0.6508208274841308,0.7046726862589519,0.34550151228904724,0.685875415802002,0.7896281560262044,0.07357198745012283,0.554442310333252,0.7728686650594075,0.0799902081489563,0.8830446243286133,0.8643169403076172,0.010262672789394855,0.7670682907104492,0.7984186808268229,0.014570139348506927
pushup,0.3021020650863647,0.5038964907328288,0.9927265644073486,0.31959149837493894,0.41271432240804035,0.9934104084968567,0.23551626205444337,0.4724454243977865,0.9137058258056641,0.4074740409851074,0.31883780161539715,0.9650112390518188,0.203898286819458,0.4619076093037923,0.10261648893356323,0.6110321998596191,0.45881404876708987,0.9883232712745667,0.33844938278198244,0.5101209004720052,0.978394091129303,0.6360763072967529,1.0,0.782106876373291,0.3580618858337402,0.896068827311198,0.7384147047996521,0.4535532474517822,0.9668840408325196,0.6275872588157654,0.3106517791748047,0.8816535313924153,0.5923954248428345,0.8332714080810547,0.7084543863932292,0.23997801542282104,0.654973840713501,0.7220417022705078,0.31799015402793884,0.6780651569366455,0.818027941385905,0.06891433894634247,0.5548226356506347,0.7951403935750325,0.07065922766923904,0.8613531112670898,0.898504130045573,0.009182151407003403,0.753002405166626,0.8173582077026367,0.012494340538978577
pushup,0.3027634859085083,0.5032541275024414,0.992823600769043,0.32038006782531736,0.41155751546223956,0.9934301972389221,0.23553645610809326,0.47065391540527346,0.9096039533615112,0.4099916458129883,0.3119100570678711,0.9622538685798645,0.2046971559524536,0.4541550318400065,0.09870509803295135,0.6085682868957519,0.45284010569254557,0.988077700138092,0.3379934072494507,0.49943386713663734,0.9770295023918152,0.6075286865234375,1.0,0.8021319508552551,0.35191640853881834,0.8985154469807942,0.7420898079872131,0.4371496677398682,0.9819995880126953,0.6461861729621887,0.30707242488861086,0.9638142903645833,0.5791177749633789,0.8221705436706543,0.722454833984375,0.24153457581996918,0.6447777271270752,0.733405876159668,0.3132406175136566,0.6547699928283691,0.8540243148803711,0.0580475851893425,0.5392363548278809,0.8207411448160807,0.0564030259847641,0.8352557182312011,0.9445503234863282,0.007105821743607521,0.7289183616638184,0.8475456237792969,0.009334546513855457
pushup,0.30568106174468995,0.4998777707417806,0.9932494163513184,0.323150110244751,0.40852044423421224,0.9932603240013123,0.23826799392700196,0.46800072987874347,0.9176717400550842,0.41124544143676756,0.31315625508626305,0.9610980749130249,0.20470802783966063,0.45613899230957033,0.11709988862276077,0.6069494724273682,0.4479603449503581,0.9904114603996277,0.3348092555999756,0.5027280807495117,0.983700692653656,0.6060559272766113,1.0,0.8334782123565674,0.3425260305404663,0.9002652486165365,0.7911529541015625,0.4319338798522949,0.9822598139444987,0.6702604293823242,0.2981127738952637,0.9702781677246094,0.61786288022995,0.8283127784729004,0.6921700159708659,0.32975897192955017,0.6498477935791016,0.7080017725626627,0.41823551058769226,0.6684493064880371,0.8146158854166666,0.10601336508989334,0.5517490386962891,0.7835308710734049,0.10371899604797363,0.8519635200500488,0.9207497914632161,0.01464331615716219,0.750936222076416,0.8205163319905598,0.019551264122128487
pushup,0.3086361885070801,0.4973398844401042,0.9930106997489929,0.32717204093933105,0.40473893483479817,0.9932857155799866,0.23953394889831542,0.46119782129923503,0.9178094863891602,0.4145970821380615,0.3082644780476888,0.9558956027030945,0.20210464000701905,0.44585434595743817,0.11119884997606277,0.6114156723022461,0.4457587560017904,0.9879966378211975,0.32997176647186277,0.5002923965454101,0.9781391024589539,0.6098114013671875,1.0,0.7907317876815796,0.3412649631500244,0.9203795115152995,0.7325642704963684,0.44410195350646975,0.9787789662679036,0.6424351334571838,0.30415358543396,0.9581429799397786,0.5908679366111755,0.829465103149414,0.6877598444620768,0.2517036199569702,0.6456532955169678,0.7011545181274415,0.32323452830314636,0.6694533348083496,0.8199994405110677,0.09005125612020493,0.5415963649749755,0.7798980077107748,0.08705455809831619,0.8259464263916015,0.9262815475463867,0.012948446907103062,0.7167507171630859,0.8148866653442383,0.01722443662583828
pushup,0.3118566036224365,0.49163662592569984,0.993151068687439,0.329764199256897,0.3979100545247396,0.9931753277778625,0.24156901836395264,0.4558336893717448,0.9201716780662537,0.41515088081359863,0.3004729906717936,0.9547735452651978,0.20136587619781493,0.4412204742431641,0.12287861108779907,0.6142243385314942,0.4469348907470703,0.9898799657821655,0.3246187925338745,0.5038899421691895,0.9786620736122131,0.6113698959350586,1.0,0.8080546855926514,0.33617095947265624,0.9242975234985351,0.7093114852905273,0.43224072456359863,0.9736061096191406,0.6529749035835266,0.2997147083282471,0.9693249384562175,0.5584335327148438,0.8280600547790528,0.7092248280843099,0.2554599642753601,0.6405318260192872,0.7240748723347982,0.3093765079975128,0.6636561870574951,0.8301256815592448,0.0827346071600914,0.538245153427124,0.7926392237345378,0.0736609622836113,0.8253973007202149,0.9285632451375325,0.011690172366797924,0.7243188858032227,0.8194398244222005,0.014563918113708496
pushup,0.31329200267791746,0.49371102650960286,0.993181049823761,0.33065023422241213,0.39992650349934894,0.9930230379104614,0.2434087038040161,0.4574345588684082,0.9236058592796326,0.41584267616271975,0.3032784144083659,0.9521178603172302,0.2047771692276001,0.44364827473958335,0.12858058512210846,0.6195441246032715,0.4574645360310872,0.986752986907959,0.32879087924957273,0.5110755284627279,0.9789522886276245,0.6128107070922851,1.0,0.7415590286254883,0.3330405235290527,0.9226815541585286,0.7170460820198059,0.4390233039855957,0.9368135452270507,0.6256486773490906,0.29546351432800294,0.9514666239420573,0.5919468998908997,0.8296921730041504,0.7266905466715495,0.19294017553329468,0.6430371284484864,0.7368742624918619,0.27000564336776733,0.6420162200927735,0.8280016581217448,0.06964419037103653,0.5207675933837891,0.7808057149251302,0.07039742171764374,0.7936250686645507,0.9226374308268229,0.011119800619781017,0.6973512172698975,0.8013572692871094,0.015192787162959576
pushup,0.31389689445495605,0.4986926396687826,0.9931331276893616,0.32948904037475585,0.4046288808186849,0.9929288029670715,0.24395806789398194,0.4646958669026693,0.9243702292442322,0.4130122661590576,0.30720602671305336,0.9485812783241272,0.20591654777526855,0.4530636469523112,0.12840205430984497,0.6155717849731446,0.4631127039591471,0.9852688908576965,0.3310368776321411,0.5208129247029623,0.9754412174224854,0.6098453521728515,1.0,0.7268455624580383,0.33368868827819825,0.921351432800293,0.6781787276268005,0.44341630935668946,0.9337296803792318,0.6042327284812927,0.2971404790878296,0.9458469390869141,0.5530174374580383,0.8311371803283691,0.7423088709513347,0.15293292701244354,0.6488047122955323,0.7564888636271159,0.21160495281219482,0.6461097717285156,0.826971689860026,0.049858447164297104,0.5326383590698243,0.7872718811035156,0.0479532890021801,0.8094792366027832,0.9178956349690756,0.008094694465398788,0.7171793460845948,0.8024191538492839,0.010594569146633148
pushup,0.310781192779541,0.5012290636698405,0.9931488633155823,0.3253187656402588,0.4075749079386393,0.9935157299041748,0.24286506175994874,0.469839350382487,0.9181004166603088,0.41031465530395506,0.30803025563557945,0.9566329121589661,0.21073417663574218,0.4584574381510417,0.10556589066982269,0.6179557800292969,0.4668957074483236,0.9838115572929382,0.335803747177124,0.5270052909851074,0.971657395362854,0.6174502372741699,1.0,0.7069380879402161,0.3328255176544189,0.9198113759358724,0.6428808569908142,0.45590853691101074,0.933978525797526,0.5971953868865967,0.2944913864135742,0.9377036412556966,0.525891900062561,0.8278140068054199,0.7680516560872396,0.11182818561792374,0.6484450340270996,0.7825396855672201,0.15578636527061462,0.6312015056610107,0.8222998936971029,0.03483564034104347,0.5237993240356446,0.7864673614501954,0.032614875584840775,0.7990486145019531,0.9121283849080404,0.006056629121303558,0.7153580665588379,0.8016002019246419,0.007732613943517208
pushup,0.3083993911743164,0.5045837084452311,0.9931748509407043,0.32457828521728516,0.41143643061319984,0.9937276840209961,0.242101788520813,0.47227725982666013,0.9171551465988159,0.4099268436431885,0.31360479990641277,0.9570260643959045,0.21079623699188232,0.4595705350240072,0.09845554828643799,0.6137089729309082,0.4714811325073242,0.9823334217071533,0.33342714309692384,0.5367776234944661,0.9691194891929626,0.6187660694122314,1.0,0.6867550611495972,0.33336310386657714,0.9289133071899414,0.6058248281478882,0.4725047588348389,0.9344024658203125,0.5747138857841492,0.29557721614837645,0.92571595509847,0.49305030703544617,0.8301239967346191,0.7847375233968099,0.09271396696567535,0.6533144474029541,0.8033286412556966,0.12763451039791107,0.6311629295349122,0.8260698318481445,0.027549689635634422,0.5276567459106445,0.7980168024698894,0.024961384013295174,0.8026001930236817,0.9043818791707356,0.005018048919737339,0.7315702438354492,0.8043483098347982,0.006223374046385288
pushup,0.30610201358795164,0.5043174107869466,0.9931498169898987,0.32282509803771975,0.41227343877156575,0.9935186505317688,0.2404487133026123,0.470786984761556,0.9182500243186951,0.4085747241973877,0.315655771891276,0.9558894038200378,0.20942504405975343,0.45672181447347004,0.10455238819122314,0.6097977638244629,0.4743597666422526,0.9836485385894775,0.3311936855316162,0.5324082374572754,0.9710581302642822,0.6141219139099121,1.0,0.7007660865783691,0.3319502830505371,0.9210543314615885,0.6315348148345947,0.4682778835296631,0.9354194005330404,0.5807448029518127,0.2921513319015503,0.9350147247314453,0.5077956318855286,0.8229042053222656,0.7819095611572265,0.11243856698274612,0.6471022129058838,0.7976601918538412,0.1539481282234192,0.6363553524017334,0.8338890075683594,0.03270258754491806,0.5341485500335693,0.8012378692626954,0.030506283044815063,0.8025623321533203,0.9145751953125,0.005738239269703627,0.7323930740356446,0.812594223022461,0.007264194544404745
pushup,0.3061030387878418,0.5057312329610189,0.9929741621017456,0.3217400074005127,0.4109776496887207,0.9935977458953857,0.23834059238433838,0.4731701532999674,0.9151437282562256,0.40807065963745115,0.31108970642089845,0.9547592997550964,0.20701382160186768,0.46030060450236004,0.09989847987890244,0.6100163459777832,0.47568972905476886,0.9811404943466187,0.33251333236694336,0.5343386967976888,0.9666461944580078,0.599433183670044,1.0,0.6869656443595886,0.32742767333984374,0.9181258519490559,0.6080039143562317,0.4517187595367432,0.9252913157145183,0.5919704437255859,0.2940154790878296,0.9309366861979167,0.5110368132591248,0.8182588577270508,0.7969889958699544,0.09310302883386612,0.642462158203125,0.8117149353027344,0.12944546341896057,0.6075645923614502,0.8448869069417317,0.025679003447294235,0.5103391170501709,0.81109619140625,0.023277409374713898,0.7780056953430176,0.9284809112548829,0.004446080420166254,0.7044545173645019,0.8196046193440755,0.005474308505654335
pushup,0.3047539472579956,0.5048707962036133,0.9927951693534851,0.3204983711242676,0.40972925821940104,0.9933515191078186,0.23610966205596923,0.471823247273763,0.9125425815582275,0.4062179088592529,0.30941845575968424,0.9541919827461243,0.20308346748352052,0.4588373819986979,0.1012643352150917,0.6096884727478027,0.47067248026529945,0.9833553433418274,0.33037939071655276,0.5336129506429036,0.9681422710418701,0.6023258209228516,1.0,0.7081829309463501,0.3353367567062378,0.9264058430989583,0.6045863628387451,0.4501974105834961,0.9085439046223959,0.6140990853309631,0.2929858684539795,0.9075417836507161,0.5168363451957703,0.821743106842041,0.7900258382161458,0.11028313636779785,0.6444847106933593,0.8056572596232097,0.14648278057575226,0.619204044342041,0.8516478220621745,0.03164214268326759,0.5196670055389404,0.8134699503580729,0.02781529165804386,0.7908232688903809,0.9340188344319661,0.005099885631352663,0.7160966873168946,0.8182565053304036,0.006235944107174873
pushup,0.3003060340881348,0.502486260732015,0.9926124811172485,0.3172574996948242,0.41278562545776365,0.9945583343505859,0.2356520414352417,0.472559388478597,0.9102320075035095,0.4006795406341553,0.3174879709879557,0.9742993116378784,0.20753538608551025,0.4627135912577311,0.0827125757932663,0.6116065502166748,0.47166465123494467,0.9771755933761597,0.3233203411102295,0.5589322408040365,0.9653398394584656,0.6312348365783691,0.9844603856404622,0.6160494685173035,0.3389172077178955,0.9458191553751628,0.5390406250953674,0.4576866626739502,0.9054658889770508,0.5187188386917114,0.2816685676574707,0.9393441518147786,0.39831817150115967,0.8051132202148438,0.8284343083699545,0.06982657313346863,0.6254621028900147,0.8480321248372396,0.09844326972961426,0.589012622833252,0.863751475016276,0.016240684315562248,0.46937003135681155,0.8288192749023438,0.015062154270708561,0.7352599620819091,0.9364109039306641,0.0032443348318338394,0.6711615562438965,0.8304816563924153,0.004168452695012093
pushup,0.3035726070404053,0.5038146018981934,0.9929183125495911,0.32084407806396487,0.40931310653686526,0.9931566119194031,0.2349147081375122,0.47016623814900715,0.9158065915107727,0.4071784973144531,0.31560370127360027,0.9544134736061096,0.2003307580947876,0.46107730865478513,0.11548132449388504,0.6029833793640137,0.473354434967041,0.9855006337165833,0.3295031309127808,0.5334208806355795,0.9750781655311584,0.5907763957977294,1.0,0.7433792352676392,0.33430070877075196,0.919693120320638,0.6711229085922241,0.441193675994873,0.9296168009440104,0.6181135773658752,0.298829984664917,0.9378550211588542,0.5454041957855225,0.8250152587890625,0.7678288777669271,0.14622464776039124,0.6500386238098145,0.7851767857869466,0.19852490723133087,0.6284073829650879,0.8371760050455729,0.041336026042699814,0.5316150665283204,0.8044314702351888,0.03794068470597267,0.8053110122680665,0.9227252960205078,0.006478483788669109,0.7331851959228516,0.8146060307820638,0.008147534914314747
pushup,0.2964811325073242,0.5049726168314616,0.9928949475288391,0.31572842597961426,0.4145954132080078,0.9946960210800171,0.2311929941177368,0.4722254435221354,0.9155471920967102,0.40204777717590334,0.32240041097005206,0.9744540452957153,0.2020841121673584,0.46235342025756837,0.08449903130531311,0.6119170188903809,0.4780643145243327,0.9756147861480713,0.32396831512451174,0.5515399932861328,0.9674955010414124,0.6311654090881348,0.9996121088663737,0.5954622030258179,0.3441017627716064,0.9339447021484375,0.5904041528701782,0.44698481559753417,0.931578254699707,0.4960681200027466,0.28919639587402346,0.9566054026285807,0.4323905408382416,0.8091571807861329,0.814501698811849,0.07558565586805344,0.6270511150360107,0.8281745910644531,0.11785174161195755,0.5981486320495606,0.8540971120198567,0.01953432895243168,0.4686153411865234,0.8162194569905599,0.02069292776286602,0.7459964752197266,0.9344282786051432,0.004143425263464451,0.6648015022277832,0.8327157338460286,0.005828383378684521
pushup,0.3000037670135498,0.5063799540201823,0.9933016300201416,0.3168479442596436,0.4130705833435059,0.9928511381149292,0.23245556354522706,0.47244370778401695,0.9277942180633545,0.4029343605041504,0.31630179087320964,0.9542978405952454,0.19778742790222167,0.4597940444946289,0.12855499982833862,0.608879566192627,0.46684846878051756,0.9880281686782837,0.3274041414260864,0.5253842035929362,0.977846622467041,0.6507225036621094,1.0,0.7657771706581116,0.35245509147644044,0.898641840616862,0.7283996343612671,0.48472938537597654,0.9644873301188152,0.6146568655967712,0.3118645906448364,0.9662214914957682,0.5601475834846497,0.8262187957763671,0.7448123931884766,0.22953738272190094,0.6472492218017578,0.762295913696289,0.30046069622039795,0.6757184505462647,0.8494787216186523,0.05424455553293228,0.5641027927398682,0.825507926940918,0.05459511652588844,0.8528952598571777,0.9339996973673502,0.007383313030004501,0.7678600311279297,0.8481543223063152,0.009849410504102707
pushup,0.2992356777191162,0.505658213297526,0.9932581186294556,0.3145347833633423,0.4135380744934082,0.9926185011863708,0.23198432922363282,0.4747557322184245,0.9330966472625732,0.3973697662353516,0.3207738240559896,0.9545904994010925,0.1963481903076172,0.4686622619628906,0.13957180082798004,0.6052457809448242,0.4666988054911296,0.9901919364929199,0.32498607635498045,0.5347067515055338,0.9780647158622742,0.6830724239349365,0.999673589070638,0.7880950570106506,0.35600059032440184,0.9074194590250652,0.7121627330780029,0.5450019836425781,0.9327838897705079,0.6406485438346863,0.3098989725112915,0.9509080251057943,0.5301403403282166,0.8194009780883789,0.7236254374186198,0.2619996964931488,0.6431190967559814,0.746858278910319,0.31054484844207764,0.6857576847076416,0.8408033370971679,0.05953964963555336,0.5758075714111328,0.8264059702555339,0.05431218445301056,0.8743175506591797,0.9120877583821615,0.007022789679467678,0.7844709396362305,0.837185287475586,0.008688042871654034
pushup,0.2953810691833496,0.5097843170166015,0.9930118918418884,0.3118830919265747,0.41779499053955077,0.993139922618866,0.22961735725402832,0.4795912424723307,0.9342405796051025,0.3961529016494751,0.3270350138346354,0.9629085659980774,0.19596304893493652,0.4749195098876953,0.12916059792041779,0.620410966873169,0.4753753980000814,0.9893890023231506,0.32392005920410155,0.5428219477335612,0.9716281294822693,0.7608243942260742,0.9938876469930013,0.7407207489013672,0.36171250343322753,0.889161745707194,0.6476125121116638,0.6180674076080322,0.8095203399658203,0.6901214122772217,0.3165931463241577,0.8307533264160156,0.5438111424446106,0.8232271194458007,0.719586435953776,0.18539907038211823,0.6408826351165772,0.7418734868367513,0.21546469628810883,0.6852663993835449,0.808434804280599,0.040542781352996826,0.5773145675659179,0.8104757944742839,0.03809097781777382,0.8756521224975586,0.8447861989339193,0.004315368365496397,0.7995678901672363,0.8061941146850586,0.005368225276470184
pushup,0.289551830291748,0.5134892145792643,0.9937977194786072,0.30378615856170654,0.42268718083699547,0.9938570857048035,0.22473905086517335,0.4846700032552083,0.937822163105011,0.38919312953948976,0.3253554026285807,0.9674102663993835,0.1934974431991577,0.47522637049357097,0.13091979920864105,0.6281955242156982,0.472727902730306,0.9913836717605591,0.32096638679504397,0.5406076431274414,0.9748849272727966,0.7877920150756836,0.951626205444336,0.8052975535392761,0.3509239196777344,0.8568171819051107,0.7296556234359741,0.6171638488769531,0.8536581675211589,0.717280924320221,0.3373880386352539,0.963677978515625,0.5554208159446716,0.841649055480957,0.7641459147135417,0.3242597281932831,0.6509253025054932,0.7885851542154948,0.36564987897872925,0.7089354515075683,0.897365951538086,0.033109553158283234,0.5940970420837403,0.9115567525227865,0.0317608006298542,0.8852027893066406,0.916066042582194,0.002790369326248765,0.8096105575561523,0.8909484227498372,0.0034713188651949167
pushup,0.2867403030395508,0.509217898050944,0.9940041899681091,0.2965412139892578,0.41734787623087566,0.9938883185386658,0.22449173927307128,0.4844502449035645,0.9414060115814209,0.38255996704101564,0.3095592498779297,0.9688982963562012,0.19969911575317384,0.4725176493326823,0.1592283546924591,0.6328234195709228,0.41743551890055336,0.9913781881332397,0.329555082321167,0.5495227813720703,0.9789936542510986,0.8547989845275878,0.7679803212483723,0.8441095352172852,0.3647932767868042,0.8039587656656901,0.7958275675773621,0.702392292022705,0.9069779713948568,0.6799622774124146,0.33841872215270996,0.976983388264974,0.5730599761009216,0.8632400512695313,0.698861821492513,0.48917990922927856,0.6784616470336914,0.7528713862101237,0.5323390364646912,0.7831090927124024,0.8706896464029948,0.03475504741072655,0.6647654056549073,0.9268561045328776,0.03869020193815231,0.9176651954650878,0.8979986826578776,0.002437886316329241,0.8585069656372071,0.9046525319417318,0.003389329183846712
pushup,0.28475987911224365,0.5041207313537598,0.9926227331161499,0.2930575370788574,0.41191107432047525,0.9908931255340576,0.22068297863006592,0.47574885686238605,0.9420520663261414,0.3762012481689453,0.30359926223754885,0.9298166632652283,0.19673457145690917,0.4599788665771484,0.20353582501411438,0.5902441024780274,0.40958836873372395,0.9800768494606018,0.3468470573425293,0.5215991973876953,0.9682706594467163,0.764526653289795,0.7125675201416015,0.7656210064888,0.3897278070449829,0.7398480733235677,0.8062403798103333,0.6906964302062988,0.8204724629720052,0.6422680616378784,0.35014824867248534,0.9703662236531575,0.6315354108810425,0.8291090965270996,0.6678768157958984,0.532900333404541,0.6802657127380372,0.7177012125651042,0.6217610836029053,0.7666423797607422,0.8793517430623372,0.06842485815286636,0.6845821380615235,0.9183031717936198,0.08876123279333115,0.9088794708251953,0.962530517578125,0.005550301633775234,0.8342863082885742,0.9472218195597331,0.008705527521669865
pushup,0.2798297643661499,0.5002859115600586,0.995219886302948,0.28945763111114503,0.40691134134928386,0.9921619296073914,0.21217145919799804,0.4696316401163737,0.9599724411964417,0.37303948402404785,0.29827149709065753,0.9002980589866638,0.1832416534423828,0.44939645131429035,0.2904796898365021,0.5795453071594239,0.3935403823852539,0.9898682832717896,0.3397820949554443,0.49830392201741536,0.9738112688064575,0.8369234085083008,0.6569771448771159,0.8859111666679382,0.39331438541412356,0.6948350270589193,0.8710796236991882,0.9410587310791015,0.7712570190429687,0.8033536076545715,0.3578341484069824,0.9155436197916667,0.7647425532341003,0.8155381202697753,0.6531775792439779,0.7187517285346985,0.6707070350646973,0.7085042953491211,0.737257182598114,0.7921602249145507,0.866979471842448,0.09288964420557022,0.7145266532897949,0.9231065114339193,0.11686180531978607,0.9311985015869141,0.9461755116780599,0.00523580564185977,0.8359891891479492,0.9512844085693359,0.007874061353504658
pushup,0.27323479652404786,0.49657360712687176,0.9946723580360413,0.2833350419998169,0.40541280110677086,0.9916567802429199,0.20768802165985106,0.46522477467854817,0.9602771997451782,0.3694770812988281,0.29289048512776694,0.8942990899085999,0.18015377521514891,0.438862673441569,0.28454887866973877,0.5739065170288086,0.3822130521138509,0.9886033535003662,0.32273790836334226,0.4782157262166341,0.9692760109901428,0.8107330322265625,0.6297290802001954,0.8869651556015015,0.3750360727310181,0.6428609212239583,0.8770458102226257,0.9077913284301757,0.8203242619832357,0.8002313375473022,0.36244378089904783,0.809423828125,0.8127151131629944,0.7912944316864013,0.6171670913696289,0.7750608921051025,0.6378646850585937,0.6664715449015299,0.7891020774841309,0.8153971672058106,0.8688778559366862,0.10841413587331772,0.7115559577941895,0.9056467692057292,0.14286011457443237,0.9394038200378418,0.9546740849812826,0.005497863981872797,0.81283597946167,0.9319082895914713,0.008558965288102627
pushup,0.2726409912109375,0.4876920064290365,0.993436872959137,0.27979001998901365,0.4024094263712565,0.9885482788085938,0.20939955711364747,0.46166162490844725,0.9531779885292053,0.35760841369628904,0.2897916793823242,0.8480417132377625,0.1824279546737671,0.43555612564086915,0.2987118363380432,0.5449790477752685,0.33977654774983723,0.9839497804641724,0.3353215932846069,0.46123975118001304,0.967326819896698,0.765399980545044,0.5283382415771485,0.886043131351471,0.3980870246887207,0.599601682027181,0.8981600403785706,0.8922439575195312,0.7631843566894532,0.82839035987854,0.37290258407592775,0.7103136698404948,0.8713308572769165,0.7805566787719727,0.5950013478597005,0.8140454888343811,0.6521753787994384,0.6558804829915365,0.8384850025177002,0.8005121231079102,0.8646464029947917,0.13821877539157867,0.7362906455993652,0.9103611628214519,0.18676838278770447,0.9107698440551758,0.97548033396403,0.006559076718986034,0.8290976524353028,0.9475182851155599,0.010377501137554646
pushup,0.2733093023300171,0.4808964729309082,0.9930182695388794,0.28445661067962646,0.3934605280558268,0.9924760460853577,0.20686006546020508,0.4500589370727539,0.9292994737625122,0.3613507986068726,0.28741140365600587,0.9223654270172119,0.16746222972869873,0.4307559967041016,0.15854382514953613,0.5552261352539063,0.32842340469360354,0.9943434000015259,0.31243271827697755,0.4700339635213216,0.929210364818573,0.7959134101867675,0.48675015767415364,0.9661878347396851,0.40038156509399414,0.5932399113972981,0.7589858770370483,0.8572503089904785,0.7723880132039388,0.9380000829696655,0.38882012367248536,0.6721195856730143,0.7980815172195435,0.7679786205291748,0.5960423787434895,0.9098904728889465,0.6192480087280273,0.6599879582722982,0.8284379839897156,0.8091239929199219,0.8550697326660156,0.23732389509677887,0.7226127624511719,0.9065426508585612,0.16194917261600494,0.8779945373535156,0.9983842213948567,0.010413709096610546,0.8091875076293945,0.9805188496907552,0.00923075806349516
pushup,0.27312664985656737,0.4728044827779134,0.9931710958480835,0.28420631885528563,0.3846089998881022,0.9926255345344543,0.20781912803649902,0.4461695671081543,0.9247660040855408,0.36078543663024903,0.2785976409912109,0.9356931447982788,0.17437477111816407,0.4339138031005859,0.1503584235906601,0.5599026203155517,0.30741907755533854,0.9933601021766663,0.336448073387146,0.49613564809163413,0.940268337726593,0.8139494895935059,0.39662068684895835,0.9636196494102478,0.4539505958557129,0.604150390625,0.8093358278274536,0.8795424461364746,0.7031181335449219,0.948799729347229,0.4075022220611572,0.6679442723592123,0.842536211013794,0.766948127746582,0.6751883824666342,0.9047252535820007,0.6272393226623535,0.7512235005696615,0.8427578806877136,0.7723291873931885,0.8677342732747396,0.19060003757476807,0.6900068283081054,0.9278954188028972,0.14388272166252136,0.8389745712280273,0.9897913614908854,0.010862339287996292,0.784849739074707,0.9684335072835286,0.010449113324284554
pushup,0.2732176542282104,0.46706899007161456,0.9945957064628601,0.28637740612030027,0.375302791595459,0.9931368827819824,0.20423929691314696,0.4369553565979004,0.9391403198242188,0.3624758720397949,0.2666308085123698,0.9245265126228333,0.16171705722808838,0.42378966013590497,0.1603531688451767,0.569499158859253,0.28627958297729494,0.9938673377037048,0.3336763381958008,0.49810921351114906,0.9442594051361084,0.8512467384338379,0.3309759775797526,0.9670500755310059,0.4730195999145508,0.5913354237874349,0.8254344463348389,0.8909668922424316,0.6225926081339518,0.9555177688598633,0.4090540409088135,0.6442227045694987,0.8569176197052002,0.8003639221191406,0.6922418594360351,0.9064955115318298,0.6509693145751954,0.7764369328816731,0.8455278873443604,0.8125446319580079,0.8656260172526041,0.1430063247680664,0.7152263641357421,0.9335411707560222,0.10580401867628098,0.8822150230407715,0.9544638315836589,0.007655250374227762,0.8254270553588867,0.9385622660319011,0.007312764413654804
pushup,0.28005452156066896,0.46206849416097007,0.9944728016853333,0.29313633441925047,0.37304534912109377,0.9933311343193054,0.21282460689544677,0.4324387868245443,0.9335102438926697,0.36744184494018556,0.2591983795166016,0.9259019494056702,0.1697909116744995,0.4110150973002116,0.13667374849319458,0.5756338119506836,0.26782480875651044,0.9945651292800903,0.3320192337036133,0.47263882954915365,0.9311837553977966,0.8620145797729493,0.32394065856933596,0.9734126925468445,0.46738295555114745,0.5738523483276368,0.7917172312736511,0.9062005996704101,0.6061721801757812,0.9627679586410522,0.4106581687927246,0.6264198939005534,0.8354456424713135,0.8013541221618652,0.6638977686564128,0.905440092086792,0.6482347965240478,0.745942751566569,0.8180415034294128,0.8146764755249023,0.8387223561604817,0.15615704655647278,0.7141339778900146,0.9055566151936849,0.0992264598608017,0.8867014884948731,0.9397902806599935,0.00802767276763916,0.8312979698181152,0.927291997273763,0.00683960784226656
pushup,0.2826514482498169,0.4566290537516276,0.9943694472312927,0.2976082324981689,0.36889578501383463,0.9937629103660583,0.21620461940765381,0.42502075831095376,0.928061306476593,0.37334837913513186,0.25777943929036456,0.9378365278244019,0.1725996255874634,0.40242671966552734,0.12392165511846542,0.5831948280334472,0.2644533157348633,0.9955652356147766,0.3283514976501465,0.46340017318725585,0.929317831993103,0.8721077919006348,0.3192291259765625,0.9773361086845398,0.4617814064025879,0.5672796249389649,0.7725237011909485,0.9107828140258789,0.5951407114664714,0.9662033319473267,0.41470022201538087,0.6291767756144205,0.8169389963150024,0.8079751968383789,0.6327952067057292,0.9159384965896606,0.6496486663818359,0.7123413721720377,0.8195546865463257,0.8285816192626954,0.8115127563476563,0.20146295428276062,0.7248576164245606,0.8723966598510742,0.11981811374425888,0.8947254180908203,0.9250469207763672,0.010560190305113792,0.8471396446228028,0.9099372863769531,0.008569258265197277
pushup,0.2863588571548462,0.4567157745361328,0.9946210384368896,0.30121963024139403,0.3699870427449544,0.9935160875320435,0.2200531005859375,0.4241129239400228,0.9342984557151794,0.3746663570404053,0.255897585550944,0.9223728775978088,0.17446300983428956,0.39476019541422525,0.1385243535041809,0.5827855110168457,0.261896006266276,0.9946683049201965,0.33258187770843506,0.44810829162597654,0.9253872632980347,0.8764045715332032,0.3491940498352051,0.9734139442443848,0.4723762035369873,0.5656720479329427,0.7786501049995422,0.9263105392456055,0.663494618733724,0.9611371755599976,0.41500020027160645,0.6462099711100261,0.8226890563964844,0.8056785583496093,0.6518679936726888,0.9028089046478271,0.6474710941314697,0.725077756245931,0.8075981140136719,0.813941478729248,0.841560427347819,0.1634657084941864,0.7010465621948242,0.8975764592488606,0.10203679651021957,0.8790399551391601,0.9518831888834636,0.0087592713534832,0.8129616737365722,0.9315145492553711,0.007429825142025948
pushup,0.2879202842712402,0.4633114496866862,0.9937295913696289,0.29650349617004396,0.37644611994425453,0.9907518625259399,0.22071964740753175,0.43671932220458987,0.9440768361091614,0.36811842918396,0.25977697372436526,0.8522482514381409,0.17214815616607665,0.4153955777486165,0.17448925971984863,0.5827287197113037,0.27102578481038414,0.9942952990531921,0.3283621072769165,0.4730966567993164,0.9193036556243896,0.8745800971984863,0.3489047686258952,0.9718589186668396,0.4491881370544434,0.5824333190917969,0.7736898064613342,0.8812908172607422,0.6471669514973958,0.9624038338661194,0.41490945816040037,0.664041010538737,0.8425148129463196,0.8152573585510254,0.6606857299804687,0.9504539966583252,0.6539090633392334,0.746056874593099,0.8953235745429993,0.8581628799438477,0.9078172047932943,0.2464846819639206,0.7655189514160157,0.9907381693522136,0.15632009506225586,0.9077354431152344,0.9953845342000326,0.011541018262505531,0.8588746070861817,0.9976889292399088,0.009224092587828636
pushup,0.2923333406448364,0.47796379725138344,0.9944936633110046,0.30470523834228513,0.38775418599446615,0.9931154847145081,0.22339482307434083,0.44780152638753257,0.9384487867355347,0.37593913078308105,0.26855122248331703,0.9089512228965759,0.17461776733398438,0.42185996373494467,0.1406702697277069,0.5815437793731689,0.27718321482340497,0.9941708445549011,0.3287184715270996,0.47837565739949545,0.914520263671875,0.8639957427978515,0.3684502283732096,0.971490740776062,0.46521544456481934,0.6014957427978516,0.7380185127258301,0.9093860626220703,0.6664903640747071,0.961323082447052,0.42002058029174805,0.6621904373168945,0.8022459149360657,0.7931603908538818,0.6662119547526042,0.8751040101051331,0.6357663154602051,0.7475781758626302,0.7472941875457764,0.8003999710083007,0.8351928075154622,0.13645371794700623,0.6986231803894043,0.9037798563639323,0.07735111564397812,0.8714618682861328,0.9462013244628906,0.007353640161454678,0.8162544250488282,0.9372297922770182,0.00571666844189167
pushup,0.2962118864059448,0.4846638679504395,0.9947726130485535,0.3091969728469849,0.3942539215087891,0.9929487705230713,0.22749288082122804,0.45186030069986977,0.9450424909591675,0.37958464622497556,0.2713325500488281,0.8887704014778137,0.1769115447998047,0.4186502774556478,0.14933110773563385,0.5805408477783203,0.28485851287841796,0.9928492307662964,0.3248124361038208,0.474279244740804,0.906240701675415,0.8598478317260743,0.3800868352254232,0.9672242403030396,0.4560746192932129,0.5949700673421224,0.7391480207443237,0.9113636016845703,0.6760395050048829,0.9602569937705994,0.4193406105041504,0.6658276240030925,0.8176047801971436,0.785749864578247,0.6806375503540039,0.8503883481025696,0.6269506931304931,0.75809326171875,0.7160888910293579,0.792891550064087,0.8517382303873698,0.1067923903465271,0.6865750312805176,0.9174523671468099,0.06244863197207451,0.8620726585388183,0.960300064086914,0.0056486111134290695,0.7994723320007324,0.9525856018066406,0.004473584238439798
pushup,0.29292266368865966,0.47851632436116537,0.9942488670349121,0.3057264804840088,0.3891147613525391,0.992643415927887,0.2234788417816162,0.4457674662272135,0.9392650127410889,0.37734055519104004,0.2713527043660482,0.9045841693878174,0.17250604629516603,0.41693731943766277,0.15619751811027527,0.5854488849639893,0.28468923568725585,0.9947486519813538,0.3230443000793457,0.4629690170288086,0.9189937710762024,0.8715580940246582,0.4023906389872233,0.9704181551933289,0.45649566650390627,0.5897445678710938,0.7405633330345154,0.911829948425293,0.697451400756836,0.9549357295036316,0.41970672607421877,0.6661460240681966,0.7905927300453186,0.7968772888183594,0.6346113204956054,0.8869311213493347,0.634724235534668,0.7064734141031901,0.768603503704071,0.8150770187377929,0.8378145853678386,0.15762361884117126,0.711440896987915,0.891587511698405,0.09315226227045059,0.8804119110107422,0.9545541763305664,0.007776999846100807,0.8242938995361329,0.9327736536661784,0.006294603925198317
pushup,0.2884799957275391,0.4677048047383626,0.9944939017295837,0.3027761697769165,0.38123982747395835,0.9929826259613037,0.22314260005950928,0.4362056732177734,0.9427467584609985,0.3777109146118164,0.26939595540364586,0.9236212372779846,0.18199567794799804,0.4089054107666016,0.17643558979034424,0.5843489646911622,0.2894147237141927,0.9938929080963135,0.3340627193450928,0.46111345291137695,0.9464950561523438,0.8676531791687012,0.4046900749206543,0.9624990224838257,0.46442561149597167,0.5857653299967448,0.8259255886077881,0.9184175491333008,0.6990333557128906,0.9423389434814453,0.42237176895141604,0.6616300582885742,0.8354952335357666,0.7978377342224121,0.662302843729655,0.8966809511184692,0.6411205768585205,0.7312534968058269,0.8341402411460876,0.8090098381042481,0.8729806900024414,0.1387343853712082,0.7018360137939453,0.9260327657063802,0.10866185277700424,0.8798989295959473,0.977187983194987,0.006693317089229822,0.8157889366149902,0.9591692606608073,0.006728286389261484
pushup,0.28626489639282227,0.4568079312642415,0.9931675791740417,0.29670541286468505,0.3714642842610677,0.989875078201294,0.2208763837814331,0.42412939071655276,0.9437639117240906,0.3735863208770752,0.25975713729858396,0.8555604815483093,0.17489471435546874,0.3964933713277181,0.1932062804698944,0.5878377914428711,0.29140586853027345,0.9934687614440918,0.32185823917388917,0.4384016036987305,0.9356583952903748,0.8717299461364746,0.44749472935994467,0.9534327983856201,0.4158478736877441,0.5660795211791992,0.7956127524375916,0.8650282859802246,0.7414713541666667,0.9329622387886047,0.41230316162109376,0.6722610473632813,0.8458089232444763,0.8290573120117187,0.5401419321695964,0.9275547862052917,0.6668426513671875,0.6076154708862305,0.8788591623306274,0.8939859390258789,0.8144235610961914,0.3472168445587158,0.8136444091796875,0.8847908020019531,0.29120510816574097,0.9225701332092285,0.9358270645141602,0.01872042380273342,0.8942240715026856,0.9480209350585938,0.01916203461587429
pushup,0.2896488428115845,0.45467662811279297,0.9924039244651794,0.2967726707458496,0.36855354309082033,0.9898660778999329,0.22517473697662355,0.4237141291300456,0.9336720108985901,0.3761621952056885,0.2562948862711589,0.8908048868179321,0.18958425521850586,0.3969186147054036,0.2003098875284195,0.5899265766143799,0.31194477081298827,0.9949624538421631,0.33777058124542236,0.4226128896077474,0.94195157289505,0.8730325698852539,0.5261876106262207,0.9554029703140259,0.41980419158935545,0.5674257278442383,0.7840681672096252,0.9113212585449219,0.788814926147461,0.9143837690353394,0.4048128128051758,0.7000700632731119,0.798707902431488,0.8031186103820801,0.51210511525472,0.9225828051567078,0.6525173664093018,0.5626323699951172,0.8647221326828003,0.8693723678588867,0.8120150248209635,0.37010905146598816,0.8016826629638671,0.8517557779947916,0.3110889494419098,0.9238946914672852,0.9603293736775717,0.018665457144379616,0.8748200416564942,0.9370466868082682,0.019692784175276756
pushup,0.2931542873382568,0.45299193064371746,0.9937801957130432,0.302700138092041,0.3607476552327474,0.9898666143417358,0.22546014785766602,0.4180789311726888,0.9490119814872742,0.38743319511413576,0.24912433624267577,0.8787329792976379,0.1931739091873169,0.39210122426350913,0.2749750316143036,0.595421838760376,0.3266053517659505,0.9945090413093567,0.3527323007583618,0.4316120147705078,0.9652202725410461,0.8809590339660645,0.5647537231445312,0.9426229596138,0.4429135799407959,0.6168912887573242,0.8493801951408386,0.9516064643859863,0.6942813873291016,0.8880378603935242,0.4086790084838867,0.7872897466023763,0.7938393950462341,0.8171380996704102,0.5685039520263672,0.9075237512588501,0.6694450378417969,0.6201105117797852,0.8733277916908264,0.8811620712280274,0.8393567403157552,0.2587343752384186,0.8031418800354004,0.8764739990234375,0.2566165328025818,0.9770595550537109,0.9435880025227864,0.012527495622634888,0.8928770065307617,0.9214773813883463,0.015913020819425583
pushup,0.2894624710083008,0.4447683334350586,0.9946870803833008,0.3006464958190918,0.35354417165120444,0.9870315194129944,0.22431046962738038,0.4089053153991699,0.9635820388793945,0.383713698387146,0.24074055353800455,0.8054344654083252,0.1955918550491333,0.3763328870137533,0.37476247549057007,0.5910283088684082,0.3251674652099609,0.9882825016975403,0.36205201148986815,0.4452592213948568,0.973406970500946,0.8969690322875976,0.509493064880371,0.8850988745689392,0.4583634853363037,0.6401885986328125,0.9067322611808777,0.9881815910339355,0.5627113978068033,0.8154174089431763,0.410955810546875,0.8444206237792968,0.8421499133110046,0.8415038108825683,0.6668599446614584,0.7574341893196106,0.6992165565490722,0.7270516713460287,0.7897176742553711,0.8763871192932129,0.9113822937011719,0.04558238387107849,0.7964602947235108,0.9731695175170898,0.07279150187969208,0.9810248374938965,0.9148096720377604,0.0018281100783497095,0.8951581954956055,0.9311389923095703,0.0031218347139656544
pushup,0.2952156066894531,0.44337997436523435,0.9945836663246155,0.30826687812805176,0.3461167335510254,0.9846193194389343,0.22386441230773926,0.406165345509847,0.9709765315055847,0.3887845516204834,0.23919296264648438,0.7777907252311707,0.18342094421386718,0.3863011042277018,0.4535899758338928,0.6063362121582031,0.3234015782674154,0.982361376285553,0.36537919044494627,0.4723958969116211,0.9802303910255432,0.895396614074707,0.5000236511230469,0.8060654401779175,0.48774099349975586,0.6956161499023438,0.9239280819892883,0.8767732620239258,0.47252915700276693,0.7751233577728271,0.4361067771911621,0.927099609375,0.857719898223877,0.8682733535766601,0.6774354298909505,0.7058523893356323,0.7151640892028809,0.7407716115315756,0.8121582269668579,0.822114372253418,0.9329375584920248,0.05124427005648613,0.7408536434173584,0.998705800374349,0.09918146580457687,0.9285450935363769,0.9370853424072265,0.0025310220662504435,0.8609270095825196,0.9584120432535808,0.004973181523382664
pushup,0.29723343849182127,0.4282435099283854,0.9952568411827087,0.31332805156707766,0.3308143933614095,0.9884849786758423,0.2263856887817383,0.38977073033650717,0.9700897932052612,0.39554996490478517,0.23050419489542642,0.830655574798584,0.18434302806854247,0.3732215245564779,0.41915011405944824,0.6158797264099121,0.3280185063680013,0.98618084192276,0.36055445671081543,0.47939453125,0.9794155359268188,0.9109375,0.5540834426879883,0.8311219811439514,0.4919806957244873,0.7214146296183268,0.9058668613433838,0.9097618103027344,0.6863253911336263,0.7567761540412903,0.45409355163574217,0.9775616963704427,0.8025431632995605,0.8784570693969727,0.7309154510498047,0.6763631105422974,0.7143687248229981,0.797598139444987,0.760773777961731,0.8289118766784668,0.9519283294677734,0.03233318030834198,0.7279136180877686,1.0,0.054982490837574005,0.9336175918579102,0.9574880599975586,0.0018670122371986508,0.8642086029052735,0.9723857879638672,0.003318268107250333
pushup,0.30420775413513185,0.40816834767659504,0.9942337870597839,0.3197293758392334,0.31147378285725913,0.9894284605979919,0.2370288848876953,0.37135302225748695,0.9590672254562378,0.4021721363067627,0.21843264897664388,0.8886017203330994,0.20281703472137452,0.36207125981648763,0.32361894845962524,0.6258267402648926,0.34135891596476237,0.9846316576004028,0.3787321805953979,0.49278831481933594,0.9707307815551758,0.9196614265441895,0.5739689509073893,0.7991024255752563,0.5046478271484375,0.7416297276814778,0.8348757028579712,0.8691129684448242,0.6221858978271484,0.717949390411377,0.465984582901001,0.9754969914754231,0.6830540895462036,0.8901412963867188,0.7657251358032227,0.5805537700653076,0.7311935901641846,0.8315170923868815,0.650453507900238,0.8212952613830566,0.9686426162719727,0.020734723657369614,0.7237253189086914,1.0,0.030188608914613724,0.9415369033813477,0.9405002593994141,0.0013063796795904636,0.8759405136108398,0.9723019282023112,0.0020746991503983736
pushup,0.3091882705688477,0.39557110468546547,0.9934839606285095,0.32341628074645995,0.3041635513305664,0.9896971583366394,0.24647700786590576,0.35912564595540364,0.9392324090003967,0.4022841453552246,0.21177911758422852,0.9030182361602783,0.21602070331573486,0.34344832102457684,0.2596181035041809,0.6217360496520996,0.3401271502176921,0.9883280396461487,0.384356689453125,0.4830044110616048,0.9587072730064392,0.9161722183227539,0.5857710520426432,0.8556379675865173,0.5051769256591797,0.7419643402099609,0.7677909135818481,0.9168153762817383,0.7327275594075521,0.758580207824707,0.4842560291290283,0.9934031804402669,0.6166428923606873,0.8890905380249023,0.7721507390340169,0.5645946860313416,0.738275146484375,0.8361920674641927,0.5542912483215332,0.8179474830627441,0.967657470703125,0.02244083769619465,0.7307664394378662,1.0,0.02440504916012287,0.9275337219238281,0.9349494934082031,0.0015414174413308501,0.8782684326171875,0.9458694458007812,0.0020482235122472048
pushup,0.31196889877319334,0.39013824462890623,0.9934343099594116,0.3299447536468506,0.2951375961303711,0.9917955994606018,0.24824755191802977,0.3504634857177734,0.9283519983291626,0.4140970706939697,0.2050639788309733,0.9275127649307251,0.21791484355926513,0.33735259373982746,0.1734382063150406,0.627473783493042,0.34434668223063153,0.9873027801513672,0.3894948959350586,0.48787272771199547,0.9371395707130432,0.9113762855529786,0.5996495564778646,0.8719189763069153,0.5117312431335449,0.7476001739501953,0.7030438184738159,0.895069694519043,0.7563681920369466,0.8143472671508789,0.5022650718688965,0.990487543741862,0.6003058552742004,0.8827142715454102,0.7959774017333985,0.5370599031448364,0.7276662826538086,0.8599765777587891,0.4833710491657257,0.8086075782775879,0.9588425318400066,0.021628985181450844,0.7029032707214355,1.0,0.01969754323363304,0.9194142341613769,0.9174784342447917,0.0017668305663391948,0.8439416885375977,0.941607920328776,0.0020505415741354227
