label,0_x,0_y,0_z,1_x,1_y,1_z,2_x,2_y,2_z,3_x,3_y,3_z,4_x,4_y,4_z,5_x,5_y,5_z,6_x,6_y,6_z,7_x,7_y,7_z,8_x,8_y,8_z,9_x,9_y,9_z,10_x,10_y,10_z,11_x,11_y,11_z,12_x,12_y,12_z,13_x,13_y,13_z,14_x,14_y,14_z,15_x,15_y,15_z,16_x,16_y,16_z
pushup,0.24862098693847656,0.006301593780517578,0.06671101599931717,0.2782111167907715,0.0,0.011491546407341957,0.2019970417022705,0.0,0.021946923807263374,0.34631099700927737,0.0,0.0076492102816700935,0.13992888927459718,0.0,0.020570755004882812,0.4875475406646729,0.02871116002400716,0.6714015603065491,0.16009337902069093,0.06727514266967774,0.5833125710487366,0.7178824424743653,0.2533465703328451,0.8584728837013245,0.19846959114074708,0.2509835879007975,0.909203827381134,0.7840097427368165,0.5394173940022786,0.9229779839515686,0.27236037254333495,0.4527894020080566,0.9577926993370056,0.5643566131591797,0.3743624051411947,0.996103048324585,0.35012125968933105,0.4033849080403646,0.9966250658035278,0.5606888771057129,0.7516279856363932,0.945528507232666,0.40003318786621095,0.8280068079630534,0.9642217755317688,0.5320224761962891,0.8382472991943359,0.3556903004646301,0.4363879203796387,0.9092418034871419,0.42629727721214294
pushup,0.2610032558441162,0.01023406982421875,0.0596579872071743,0.291623592376709,0.0,0.009411442093551159,0.21092028617858888,0.0,0.021099817007780075,0.3608757495880127,0.0,0.0062506175599992275,0.14425387382507324,0.0,0.021406902000308037,0.49912233352661134,0.029052925109863282,0.6630761623382568,0.16363835334777832,0.06182905832926432,0.6041111350059509,0.7201328277587891,0.2741973559061686,0.8436865210533142,0.19919731616973876,0.2540313243865967,0.9146814942359924,0.7706106185913086,0.5479775746663411,0.9151910543441772,0.276043438911438,0.46179501215616864,0.9584911465644836,0.5631561279296875,0.35602200826009117,0.9965736865997314,0.34416627883911133,0.3816096623738607,0.9972130656242371,0.5599269866943359,0.7056316375732422,0.9684756994247437,0.3912989139556885,0.7758550643920898,0.9805783033370972,0.5341550827026367,0.7739289601643881,0.5775573253631592,0.4290433883666992,0.8398564020792644,0.6567792892456055
pushup,0.29306850433349607,0.0071888923645019535,0.07667725533246994,0.3218589544296265,0.0,0.01567079685628414,0.24553227424621582,0.0,0.022151244804263115,0.3841602087020874,0.0,0.018120402470231056,0.1836564064025879,0.0,0.026641611009836197,0.5153261184692383,0.03978792826334635,0.8086091876029968,0.18687105178833008,0.06288518905639648,0.7936884760856628,0.7100081443786621,0.27027467091878254,0.9093315601348877,0.1896143913269043,0.25235193570454917,0.9545891880989075,0.7029447555541992,0.4768630663553874,0.9538325071334839,0.28378586769104003,0.45860408147176107,0.9782885313034058,0.5750446796417237,0.3764043172200521,0.9978529214859009,0.3647810935974121,0.3979379653930664,0.9983862638473511,0.5689183235168457,0.6777263005574544,0.9787958264350891,0.38658676147460935,0.7464622497558594,0.9882459044456482,0.5118253231048584,0.7402805328369141,0.6707395315170288,0.41504650115966796,0.8262261072794597,0.7548521161079407
pushup,0.3155525684356689,0.014668528238932292,0.18856258690357208,0.34429516792297366,0.0,0.05772777646780014,0.27399497032165526,0.0,0.05087331682443619,0.4053792953491211,0.0,0.06324786692857742,0.22214117050170898,0.0,0.03571878373622894,0.5298002243041993,0.05705442428588867,0.898662269115448,0.2197096586227417,0.05760625203450521,0.8597357273101807,0.7154523849487304,0.30406119028727213,0.9300847053527832,0.2081137180328369,0.23984179496765137,0.948552131652832,0.7060894966125488,0.505155086517334,0.9571425914764404,0.28493099212646483,0.4686044375101725,0.9703711271286011,0.5728108406066894,0.3771547317504883,0.9979434609413147,0.37722220420837405,0.3866739273071289,0.9982195496559143,0.5573680877685547,0.666909662882487,0.984185516834259,0.3851401567459106,0.7173744201660156,0.9898644089698792,0.5133913040161133,0.7462250391642252,0.7590065002441406,0.41806721687316895,0.820947265625,0.815977931022644
pushup,0.32965426445007323,0.020667171478271483,0.4257236123085022,0.3605611324310303,0.0,0.14776268601417542,0.28924472332000734,0.0,0.14844061434268951,0.41978940963745115,0.0,0.09338197112083435,0.23231019973754882,0.0,0.07014854997396469,0.5390704154968262,0.08799594243367513,0.9481326341629028,0.22736403942108155,0.0901349385579427,0.8820405006408691,0.747761344909668,0.3610065460205078,0.9372783303260803,0.23066608905792235,0.28439966837565106,0.923702597618103,0.7582789421081543,0.6964986165364583,0.9343475699424744,0.2820228338241577,0.4962066968282064,0.9449034333229065,0.5595675468444824,0.3921605428059896,0.9958524703979492,0.3652833938598633,0.3986587842305501,0.9955127835273743,0.5368434906005859,0.7153228123982748,0.9582834243774414,0.3879779100418091,0.7584941864013672,0.9657756090164185,0.4967335224151611,0.8284974416097005,0.48639604449272156,0.43993396759033204,0.8806772867838542,0.5256718397140503
pushup,0.34290874004364014,0.025242042541503907,0.24096858501434326,0.3669164180755615,0.0,0.0652366504073143,0.30147476196289064,0.0,0.05512609705328941,0.42551379203796386,0.0,0.06305696815252304,0.24820663928985595,0.0,0.033191978931427,0.5605879306793213,0.06967328389485677,0.9383694529533386,0.24225010871887206,0.07510595321655274,0.8577612042427063,0.7549720764160156,0.3738775889078776,0.9523572325706482,0.2302328109741211,0.2768850326538086,0.9367874264717102,0.7403415679931641,0.7683859507242838,0.9479681253433228,0.2767195224761963,0.5224528630574544,0.9566535353660583,0.5758967399597168,0.4019899368286133,0.9956761002540588,0.3797274589538574,0.40740124384562176,0.9953032732009888,0.5499475479125977,0.7410119374593099,0.9342394471168518,0.415009880065918,0.7755826950073242,0.9442808628082275,0.5068709373474121,0.8858636220296224,0.2899664342403412,0.4661287784576416,0.9157147725423177,0.3199622333049774
pushup,0.37085113525390623,0.023160807291666665,0.14742155373096466,0.3967698812484741,0.0,0.03985543176531792,0.33501720428466797,0.0,0.028339313343167305,0.4573506355285645,0.0,0.05459894239902496,0.2911902189254761,0.0,0.020035365596413612,0.5767390727996826,0.06403490702311197,0.8927696943283081,0.2652572154998779,0.06256256103515626,0.834572434425354,0.7352358818054199,0.3860076268513997,0.9470922350883484,0.23766641616821288,0.29877777099609376,0.9466193914413452,0.7448105812072754,0.7679847717285156,0.9413038492202759,0.2769904375076294,0.5507717132568359,0.9580559134483337,0.5803502082824707,0.39684123992919923,0.9951861500740051,0.38577914237976074,0.40261220932006836,0.9954173564910889,0.5819487571716309,0.7688613891601562,0.9138026833534241,0.41632747650146484,0.7972609202067057,0.933890700340271,0.5676998615264892,0.9501305898030599,0.19332656264305115,0.4726470947265625,0.982244364420573,0.2305273413658142
pushup,0.40821132659912107,0.03281822204589844,0.10100337862968445,0.4353374481201172,0.0,0.01976507343351841,0.36805062294006347,0.0,0.021258104592561722,0.4901559352874756,0.0,0.01833491586148739,0.31151981353759767,0.0,0.016744663938879967,0.5851248741149903,0.059038798014322914,0.7934350371360779,0.28500804901123045,0.053381888071695964,0.7680667042732239,0.719489574432373,0.395657221476237,0.9372115731239319,0.258148717880249,0.2965216318766276,0.9493889212608337,0.7492820262908936,0.8017831166585286,0.9428211450576782,0.272881007194519,0.5589564005533855,0.9671601057052612,0.5872323989868165,0.4026715914408366,0.9932002425193787,0.39702653884887695,0.4103660583496094,0.9940118193626404,0.6041125774383544,0.753155263264974,0.9003758430480957,0.4285912036895752,0.7883776346842448,0.9259875416755676,0.5962833404541016,0.896491813659668,0.19563311338424683,0.46653122901916505,0.9420035044352214,0.23108786344528198
pushup,0.43636579513549806,0.03287382125854492,0.0463688001036644,0.46411762237548826,0.0,0.008562418632209301,0.39644694328308105,0.0,0.008054372854530811,0.518129825592041,0.0,0.011968511156737804,0.3384849548339844,0.0,0.010385319590568542,0.604669189453125,0.05244522094726563,0.7746695876121521,0.30149111747741697,0.043318525950113936,0.746231198310852,0.7146363258361816,0.37655986150105797,0.9483472108840942,0.26094062328338624,0.2910284678141276,0.9465495347976685,0.7503849983215332,0.7494403839111328,0.9581702351570129,0.2785738229751587,0.5627379735310872,0.9677273631095886,0.5898392677307129,0.4045692443847656,0.9953065514564514,0.4047126770019531,0.40875921249389646,0.9954467415809631,0.5601099967956543,0.7443525314331054,0.9439986348152161,0.42841281890869143,0.7680888493855794,0.9521611332893372,0.5265497207641602,0.8842036565144856,0.3225601017475128,0.47823352813720704,0.9137869517008463,0.3462234437465668
pushup,0.4519796848297119,0.05993022918701172,0.22022376954555511,0.4780732154846191,0.012697156270345051,0.05867584049701691,0.4165243625640869,0.019319756825764974,0.04464583471417427,0.5318247318267822,0.0,0.05930656939744949,0.3692648887634277,0.0,0.03294210880994797,0.6214358329772949,0.051808611551920576,0.9266032576560974,0.32353954315185546,0.038968658447265624,0.9266148209571838,0.7260512351989746,0.38969380060831704,0.96233731508255,0.25645172595977783,0.3154229799906413,0.9690093994140625,0.7592856884002686,0.7345951080322266,0.957133412361145,0.26822590827941895,0.6002928415934244,0.9704618453979492,0.5925651550292969,0.3620449701944987,0.9977976083755493,0.41594901084899905,0.36286681493123374,0.9980582594871521,0.5524933815002442,0.7112250645955404,0.9817088842391968,0.4284081935882568,0.7337015787760417,0.9862188696861267,0.5020142555236816,0.8818589528401692,0.642676055431366,0.46686830520629885,0.921145502726237,0.6890585422515869
pushup,0.4720327377319336,0.09777908325195313,0.878309428691864,0.4998589515686035,0.046622212727864584,0.6790940761566162,0.43119540214538576,0.05593385696411133,0.5856952667236328,0.5545621395111084,0.0,0.36426791548728943,0.3800325393676758,0.013451798756917318,0.2129141241312027,0.6353012084960937,0.07816244761149088,0.9845263957977295,0.3437518835067749,0.07649717330932618,0.9810003042221069,0.7307966232299805,0.3974704106648763,0.9733573794364929,0.25862267017364504,0.3494053840637207,0.9713096618652344,0.7506932735443115,0.7134212493896485,0.9675516486167908,0.26842441558837893,0.6271687825520833,0.9696280360221863,0.5875312328338623,0.33433895111083983,0.9977044463157654,0.4153545379638672,0.33626461029052734,0.9976803064346313,0.5493790626525878,0.665153439839681,0.9893240332603455,0.4257016658782959,0.6803518931070963,0.9904638528823853,0.5001441955566406,0.8907641728719076,0.8003314137458801,0.44837474822998047,0.9093634287516276,0.8178292512893677
pushup,0.475798225402832,0.16368738810221353,0.8039227724075317,0.5085017204284668,0.11449635823567708,0.6185920238494873,0.43722944259643554,0.11580034891764322,0.3858913481235504,0.5675521850585937,0.04698934555053711,0.3623827397823334,0.38731918334960935,0.053988107045491535,0.09047020971775055,0.6423175811767579,0.10374126434326172,0.9788621664047241,0.3508914470672607,0.09218762715657552,0.9489052295684814,0.7311103343963623,0.4091449737548828,0.9765020608901978,0.28259246349334716,0.36576995849609373,0.9365562796592712,0.7467386722564697,0.7021770477294922,0.9718461632728577,0.26854557991027833,0.6497049331665039,0.940046489238739,0.5844489097595215,0.3241061528523763,0.9962185025215149,0.4124613285064697,0.3166558901468913,0.9944181442260742,0.5459824085235596,0.6863218943277994,0.9813535213470459,0.42053890228271484,0.6743291219075521,0.9752134084701538,0.498583459854126,0.9078833262125651,0.6806403398513794,0.4485641956329346,0.8993707656860351,0.6529863476753235
pushup,0.497418737411499,0.2552708943684896,0.8770243525505066,0.5355556011199951,0.20541229248046874,0.724461019039154,0.45601463317871094,0.1991233189900716,0.5913203358650208,0.5959554672241211,0.12108535766601562,0.32933932542800903,0.3970333099365234,0.11194292704264323,0.15578344464302063,0.6573313713073731,0.13145116170247395,0.9749337434768677,0.3553492307662964,0.11056737899780274,0.9646504521369934,0.7333234786987305,0.4316830317179362,0.9671527147293091,0.276607346534729,0.3966184933980306,0.9515773057937622,0.7380013465881348,0.7313308080037435,0.9639818668365479,0.2681131839752197,0.679111925760905,0.9511722922325134,0.5986691474914551,0.2638514518737793,0.9963394403457642,0.41959991455078127,0.2515974680582682,0.9955905675888062,0.5632709503173828,0.6449434916178386,0.9914171099662781,0.42177066802978513,0.6177584966023763,0.9902847409248352,0.5065334796905517,0.8872642517089844,0.8757165670394897,0.44957990646362306,0.8610663731892904,0.8769095540046692
pushup,0.5016389846801758,0.29040762583414714,0.9444588422775269,0.5349910259246826,0.25675576527913413,0.8775187730789185,0.47652039527893064,0.24502766927083333,0.8068168759346008,0.5872492790222168,0.18987433115641275,0.4941672682762146,0.43527922630310056,0.16646108627319336,0.2589661180973053,0.6328892707824707,0.19543924331665039,0.9718998074531555,0.38622703552246096,0.17851924896240234,0.9739246964454651,0.7087227821350097,0.4413581848144531,0.9496549367904663,0.3139317989349365,0.4345497767130534,0.9524057507514954,0.7174030303955078,0.7271051406860352,0.9594607949256897,0.29442729949951174,0.6962908426920573,0.956723690032959,0.573721981048584,0.3159376462300619,0.993854820728302,0.42630491256713865,0.3048219362894694,0.9938609600067139,0.5671696186065673,0.6030481974283854,0.9931788444519043,0.42923908233642577,0.5763212839762369,0.9936559200286865,0.5235105991363526,0.8424825032552083,0.9516640305519104,0.4624288558959961,0.8235616683959961,0.9582136869430542
pushup,0.5138301372528076,0.3131173769632975,0.9746875166893005,0.5461291313171387,0.27387180328369143,0.9447079300880432,0.48464312553405764,0.26744352976481117,0.8887555599212646,0.5939632415771484,0.21283095677693684,0.6812565326690674,0.4377415180206299,0.202815310160319,0.3196992874145508,0.6367710113525391,0.23326282501220702,0.9927358627319336,0.40059723854064944,0.22357393900553385,0.9746811389923096,0.7400733470916748,0.5160026868184407,0.9787576794624329,0.34316511154174806,0.5060768127441406,0.91492760181427,0.7430329322814941,0.8227137883504232,0.9601351022720337,0.3086965084075928,0.7643235524495443,0.8843790888786316,0.5610296249389648,0.3016253153483073,0.9944063425064087,0.41782245635986326,0.2923492749532064,0.989763617515564,0.5663784980773926,0.6095578511555989,0.9927696585655212,0.43468341827392576,0.5854834874471029,0.9876073002815247,0.5543473720550537,0.8508995691935222,0.9415076375007629,0.4797239303588867,0.8223158518473307,0.9245565533638
pushup,0.5064798831939697,0.3718815485636393,0.9821617603302002,0.5363929271697998,0.3306430816650391,0.9468241333961487,0.47493829727172854,0.3261160214742025,0.9392494559288025,0.5879168510437012,0.26072072982788086,0.6011819243431091,0.43272705078125,0.2576495488484701,0.5260640382766724,0.6527005672454834,0.2798253377278646,0.9809710383415222,0.396158504486084,0.2960276921590169,0.9911518692970276,0.735140323638916,0.5528813044230143,0.9276178479194641,0.3232097625732422,0.6038722991943359,0.9733128547668457,0.7395259857177734,0.8122784296671549,0.9139236211776733,0.2996687889099121,0.8128604253133138,0.9571002125740051,0.6270451068878173,0.3712288856506348,0.9778954386711121,0.47278871536254885,0.37653388977050783,0.9845919013023376,0.6384427070617675,0.6008186976114909,0.9687811136245728,0.47658710479736327,0.5943843205769856,0.9799654483795166,0.5856045246124267,0.8413529713948568,0.8235381841659546,0.4967507839202881,0.8365662892659506,0.8763070702552795
pushup,0.48896484375,0.44978644053141276,0.9765219688415527,0.5137732982635498,0.42050809860229493,0.9382787346839905,0.4671389102935791,0.4146430969238281,0.8914823532104492,0.5627467155456543,0.33996013005574544,0.5982604622840881,0.4371070384979248,0.334368896484375,0.28272101283073425,0.625965166091919,0.3253948211669922,0.975854218006134,0.40895719528198243,0.3421987533569336,0.9820361733436584,0.7035534858703614,0.579340934753418,0.9438183903694153,0.3572150707244873,0.6263148625691731,0.9649329781532288,0.6928860187530518,0.8711481730143229,0.9450852870941162,0.3141918659210205,0.8558171590169271,0.956658124923706,0.6013754367828369,0.4451656977335612,0.9686920642852783,0.47078990936279297,0.4473353703816732,0.9737545251846313,0.5982782363891601,0.5657215118408203,0.9731017351150513,0.45898213386535647,0.5613152821858723,0.9786918759346008,0.5425184726715088,0.8458924611409505,0.9033321738243103,0.4930417060852051,0.8516315460205078,0.9242952466011047
pushup,0.477784538269043,0.49195232391357424,0.9642094969749451,0.5039263725280761,0.46468817392985023,0.9451678991317749,0.4617043972015381,0.4549498240152995,0.7788558602333069,0.5597117424011231,0.3849081039428711,0.7092697024345398,0.4381289005279541,0.36794023513793944,0.1083499938249588,0.620258092880249,0.3617336908976237,0.9845917820930481,0.411316442489624,0.3575519879659017,0.9397957921028137,0.7149997234344483,0.6087706883748373,0.9729101061820984,0.36728777885437014,0.6291587829589844,0.8812055587768555,0.7160545825958252,0.8754609425862631,0.9732592105865479,0.35749049186706544,0.8599753061930339,0.902812123298645,0.5816895008087158,0.42124786376953127,0.9783139824867249,0.4568182468414307,0.41193342208862305,0.9604303240776062,0.5692130088806152,0.602720578511556,0.9809163212776184,0.44553604125976565,0.575931167602539,0.9667813181877136,0.5228840351104737,0.8696799596150716,0.9099413156509399,0.4881009101867676,0.844035275777181,0.8868388533592224
pushup,0.4902998447418213,0.5243911107381185,0.96635901927948,0.5170785427093506,0.48836326599121094,0.9494938254356384,0.4657463550567627,0.48265829086303713,0.8302320241928101,0.5697108268737793,0.4035997708638509,0.6588388085365295,0.43185973167419434,0.39614766438802085,0.142578125,0.6231839179992675,0.3782302538553874,0.9824873805046082,0.40494771003723146,0.37576605478922526,0.8645488619804382,0.7111594200134277,0.6136477152506511,0.9727606177330017,0.39111340045928955,0.6264911651611328,0.7573277950286865,0.7178364753723144,0.8882841110229492,0.9566067457199097,0.4235817909240723,0.8405566533406575,0.7836445569992065,0.583003044128418,0.454959233601888,0.951368510723114,0.4430570602416992,0.45201199849446616,0.8786695599555969,0.6425035476684571,0.6578023274739583,0.8954301476478577,0.46463723182678224,0.6371858596801758,0.7765903472900391,0.6175580978393554,0.8871168772379557,0.5334274172782898,0.488129997253418,0.8630815505981445,0.399990051984787
pushup,0.47868714332580564,0.5696585337320964,0.9849950671195984,0.5018034934997558,0.5347153981526692,0.9716695547103882,0.4566145896911621,0.5325084686279297,0.9296835660934448,0.5536140441894531,0.4521283467610677,0.7171141505241394,0.42996721267700194,0.45294049580891926,0.2664451599121094,0.6114123344421387,0.42158215840657554,0.9862356781959534,0.4173712253570557,0.43681186040242515,0.9536606669425964,0.6986886024475097,0.6446069081624349,0.97145015001297,0.43080735206604004,0.6900487263997396,0.9124071002006531,0.7110732078552247,0.9217173258463541,0.951729953289032,0.4673708438873291,0.8521938323974609,0.8937068581581116,0.5972274303436279,0.5025410652160645,0.9652159810066223,0.46505117416381836,0.504816468556722,0.943015992641449,0.6755030155181885,0.6432769139607747,0.9321867823600769,0.4648554801940918,0.6155258178710937,0.8997435569763184,0.6734161853790284,0.8983300526936849,0.7159995436668396,0.49080400466918944,0.8541965484619141,0.6723890900611877
pushup,0.46575107574462893,0.6233599344889323,0.8509843349456787,0.48554363250732424,0.5994935353597005,0.8188015818595886,0.45656309127807615,0.5925078709920247,0.733677327632904,0.5371060371398926,0.5428918202718099,0.3756081461906433,0.4428964614868164,0.5254846572875976,0.1591944545507431,0.5812725067138672,0.5028151512145996,0.7676840424537659,0.43483781814575195,0.4735045115152995,0.800585925579071,0.6811923980712891,0.6898513158162435,0.6261690855026245,0.41282477378845217,0.653543217976888,0.7442381978034973,0.7178003787994385,0.9381163914998373,0.4881235361099243,0.4574770450592041,0.8338568369547527,0.605391263961792,0.605373477935791,0.42040656407674154,0.9271237254142761,0.49814786911010744,0.409858767191569,0.9371441602706909,0.6676185607910157,0.6749253590901693,0.9522342681884766,0.4674339294433594,0.6550989786783854,0.9616321921348572,0.7170775890350342,0.8992567698160807,0.8910263180732727,0.48890008926391604,0.8754936854044596,0.9115250110626221
pushup,0.5050147533416748,0.6941153208414713,0.6689087748527527,0.5198331832885742,0.6679712295532226,0.5977921485900879,0.48627433776855467,0.6670733133951823,0.5693019032478333,0.5521752834320068,0.6225142161051432,0.19501420855522156,0.45462350845336913,0.6216906865437826,0.15641851723194122,0.6043652534484864,0.6036443710327148,0.6125847101211548,0.4358250617980957,0.5976081212361654,0.5009406805038452,0.7080483913421631,0.7524700800577799,0.4810296595096588,0.44049501419067383,0.737332280476888,0.4305277168750763,0.7327550411224365,0.9657488505045573,0.3953017294406891,0.4854978084564209,0.8458228429158529,0.40297332406044006,0.6030160903930664,0.6109352111816406,0.7868658304214478,0.4830533504486084,0.6076478322347005,0.7533259987831116,0.6865329742431641,0.7127232869466146,0.8430866599082947,0.46349396705627444,0.6989595413208007,0.8458068370819092,0.6999694347381592,0.8930463155110677,0.8190202116966248,0.4574275493621826,0.8710629781087239,0.8285466432571411
pushup,0.47307705879211426,0.6939608891805013,0.8109257817268372,0.492801570892334,0.6642570495605469,0.7584105730056763,0.4546500205993652,0.662114969889323,0.5213178396224976,0.5418096065521241,0.6053351084391276,0.5138072967529297,0.4319629669189453,0.6029231389363606,0.10352514684200287,0.5980676651000977,0.5683755874633789,0.9543687105178833,0.4338715076446533,0.5541115442911784,0.9128279089927673,0.6932906150817871,0.7371658325195313,0.9550873637199402,0.4288633346557617,0.7094987233479818,0.9176465272903442,0.7128351211547852,0.9348840077718099,0.9132269024848938,0.45410809516906736,0.8272831598917644,0.8666234016418457,0.6173110961914062,0.5014829635620117,0.9908247590065002,0.5015716552734375,0.4910092035929362,0.9880220890045166,0.6525759696960449,0.7616423924763998,0.9765464067459106,0.452196741104126,0.732904052734375,0.9704970717430115,0.6861905097961426,0.914264424641927,0.8560270667076111,0.45983614921569826,0.8738420486450196,0.8448099493980408
pushup,0.4809086799621582,0.7115344365437826,0.9596070051193237,0.5044557094573975,0.6788792928059896,0.9396618008613586,0.45937724113464357,0.6736459096272787,0.887420654296875,0.552971076965332,0.6081422170003256,0.6252935528755188,0.4289408683776855,0.6005753835042318,0.27153244614601135,0.6039810657501221,0.5563885370890299,0.9666153788566589,0.41163010597229005,0.5525931040445964,0.919585108757019,0.6985382556915283,0.712055524190267,0.9474664330482483,0.400496768951416,0.7236469904581706,0.8918018341064453,0.7085109710693359,0.89430726369222,0.9292691946029663,0.45029001235961913,0.8270233790079753,0.8780753016471863,0.5914951801300049,0.5102879842122395,0.9787194132804871,0.45652308464050295,0.5049998601277669,0.9691423177719116,0.6821107387542724,0.7589535395304362,0.9398426413536072,0.43734111785888674,0.7229029337565104,0.9181250929832458,0.6982306957244873,0.9288770675659179,0.691766083240509,0.43307929039001464,0.8766849517822266,0.656894862651825
pushup,0.5177218437194824,0.6744656244913737,0.9840248227119446,0.5408940315246582,0.6428705851236979,0.9413537979125977,0.49382691383361815,0.6392852147420247,0.9711747169494629,0.572409200668335,0.574200439453125,0.349651038646698,0.44554920196533204,0.5672852198282877,0.6872934103012085,0.6197751998901367,0.5666200637817382,0.9440215826034546,0.37466456890106203,0.5771486918131511,0.9750362038612366,0.7212716579437256,0.7740805943806967,0.8749958276748657,0.30476722717285154,0.8228251139322916,0.9472154378890991,0.7063076019287109,0.888708750406901,0.8990479111671448,0.3118673086166382,0.9887990951538086,0.931243896484375,0.5501804828643799,0.6630807876586914,0.8789936900138855,0.3923657894134521,0.6685125350952148,0.9038859009742737,0.5678711414337159,0.7367195129394531,0.6689930558204651,0.32152934074401857,0.762462870279948,0.7261254787445068,0.551572608947754,0.891864013671875,0.31678295135498047,0.33078904151916505,0.9424166361490885,0.3482281267642975
pushup,0.5076636791229248,0.6732820510864258,0.9889801740646362,0.5418574810028076,0.6326175689697265,0.978226363658905,0.47830514907836913,0.6276129404703776,0.976499617099762,0.5913098335266114,0.5567854563395183,0.6819521188735962,0.4343570709228516,0.544505246480306,0.6931986808776855,0.6371126174926758,0.5155205408732096,0.9749742150306702,0.3797086477279663,0.5332457860310872,0.9839567542076111,0.7074923515319824,0.7560824076334636,0.9139651656150818,0.3199921131134033,0.8211252848307292,0.9364134669303894,0.7149827957153321,0.9314802805582683,0.8478323817253113,0.3257900714874268,0.9780602137247721,0.8667340874671936,0.6059672832489014,0.5329005877176921,0.9284895658493042,0.4369703769683838,0.5456626892089844,0.9317343235015869,0.6547810554504394,0.7596719106038411,0.7353686690330505,0.38718090057373045,0.7736972173055013,0.7655958533287048,0.6674641609191895,0.8831193288167317,0.28243473172187805,0.4072427272796631,0.9071895599365234,0.3233395218849182
pushup,0.5172486305236816,0.6528575261433919,0.9926618337631226,0.5460716724395752,0.6134955088297526,0.9785520434379578,0.48544087409973147,0.6137895584106445,0.984153687953949,0.5876539707183838,0.5308989842732748,0.6091635823249817,0.43905014991760255,0.5335278193155925,0.7507219910621643,0.6304587364196778,0.5214314778645833,0.9780977964401245,0.376252269744873,0.5371103922526042,0.9756010174751282,0.7050867080688477,0.7771839777628581,0.9228248596191406,0.33229520320892336,0.8153413136800131,0.9045368432998657,0.7322218894958497,0.980795415242513,0.8584384322166443,0.33449950218200686,1.0,0.8312796354293823,0.5630122661590576,0.6721279144287109,0.7902787327766418,0.3988812446594238,0.6869167963663737,0.7572607398033142,0.6443195819854737,0.8010165532430013,0.3103753328323364,0.40425934791564944,0.8213305155436198,0.2943083941936493,0.6637984275817871,0.9291398366292317,0.06648452579975128,0.44271097183227537,0.9613947550455729,0.06313923001289368
pushup,0.5260717391967773,0.642100715637207,0.9935833811759949,0.5550765514373779,0.5986642837524414,0.9797490239143372,0.4911201953887939,0.6015415191650391,0.9871671795845032,0.5972657680511475,0.519119675954183,0.5789638757705688,0.4416508674621582,0.5279611269632976,0.7832785844802856,0.6390086650848389,0.5211301803588867,0.9769144654273987,0.37944531440734863,0.5412232716878255,0.9765850901603699,0.700994873046875,0.7733445485432943,0.9219122529029846,0.33569560050964353,0.8150060017903645,0.9121118783950806,0.7247000694274902,0.9561056137084961,0.8570597171783447,0.34253392219543455,0.9967817942301432,0.8416722416877747,0.5755251884460449,0.6939279556274414,0.8022607564926147,0.4031826972961426,0.7120002110799154,0.7762407660484314,0.6807740211486817,0.7996503829956054,0.2853740155696869,0.4046635627746582,0.8212310791015625,0.2767815887928009,0.7134827136993408,0.9179909388224284,0.062396593391895294,0.4311614990234375,0.9480670293172201,0.06020842120051384
pushup,0.5307085514068604,0.6261170069376628,0.9936829805374146,0.5620474338531494,0.5811986923217773,0.9821463227272034,0.4951320171356201,0.584073829650879,0.9861660003662109,0.6073397636413574,0.5088483810424804,0.6693313717842102,0.4484529972076416,0.5169075012207032,0.7623444199562073,0.6513365745544434,0.5396647771199544,0.977290689945221,0.3900259733200073,0.5433510462443034,0.9770813584327698,0.7055058956146241,0.8028057098388672,0.9076635837554932,0.33581085205078126,0.8038901011149089,0.8985500335693359,0.7366243362426758,0.961811637878418,0.8190121054649353,0.32103672027587893,1.0,0.7920311689376831,0.5809484004974366,0.7567392985026041,0.6976684927940369,0.40961122512817383,0.7657871246337891,0.6728816032409668,0.6580440998077393,0.8526228586832683,0.11947005242109299,0.4004490375518799,0.8592992146809896,0.1155264675617218,0.7010406017303467,0.9206614812215169,0.02195810340344906,0.4405990123748779,0.9355361938476563,0.02131010591983795
pushup,0.5353962421417237,0.6157506306966146,0.9947881698608398,0.568841552734375,0.5705998102823894,0.9846056699752808,0.49971494674682615,0.5709039052327474,0.9884939789772034,0.6147051811218261,0.5000710805257161,0.6630319952964783,0.45061511993408204,0.5021690050760905,0.7614086270332336,0.6636169910430908,0.5498135248819987,0.9674969911575317,0.3870890140533447,0.5498900095621745,0.9759553074836731,0.7182868957519531,0.8350648880004883,0.8732036352157593,0.3305699348449707,0.8284929275512696,0.8992322087287903,0.7394893169403076,1.0,0.7851588129997253,0.3166914939880371,1.0,0.8053781986236572,0.6018825054168702,0.8459396362304688,0.5037879943847656,0.41790027618408204,0.8527694702148437,0.5171457529067993,0.6744032382965088,0.8816289265950521,0.044100239872932434,0.38904643058776855,0.8840009053548177,0.0479748360812664,0.7133743286132812,0.9230600992838541,0.00985129363834858,0.44057421684265136,0.9323650360107422,0.010233966633677483
pushup,0.5438342094421387,0.6004652659098307,0.9945152401924133,0.5754684448242188,0.5514053344726563,0.9817634224891663,0.505143690109253,0.555431874593099,0.9895360469818115,0.6196388244628906,0.4894673029581706,0.6159629821777344,0.4508207321166992,0.5007804234822592,0.813737690448761,0.6646871566772461,0.5438026428222656,0.9711607694625854,0.39107954502105713,0.5462690353393554,0.9807693958282471,0.7197681903839112,0.8265467325846354,0.8791506290435791,0.329431414604187,0.8170397440592448,0.9160208106040955,0.7379714488983155,1.0,0.798082172870636,0.31281390190124514,1.0,0.8342882990837097,0.5915825366973877,0.7561557133992513,0.5860902070999146,0.41108293533325196,0.7623148600260417,0.6086638569831848,0.6665714263916016,0.8352267583211263,0.07550434023141861,0.3931013584136963,0.8334328969319661,0.08404328674077988,0.708579683303833,0.9059247334798177,0.014135930687189102,0.4280688762664795,0.9034543991088867,0.014996086247265339
pushup,0.5426661968231201,0.5878411610921224,0.9947052597999573,0.5753094673156738,0.5417032877604167,0.9821988940238953,0.506673526763916,0.5418047587076823,0.9900200366973877,0.6188453674316406,0.485973326365153,0.6472823023796082,0.45463008880615235,0.4885011037190755,0.8270102143287659,0.6648379325866699,0.5399820963541667,0.9726780652999878,0.3927924633026123,0.5444549560546875,0.9860444068908691,0.7186445236206055,0.8133736292521159,0.8755845427513123,0.3337893009185791,0.8190499623616536,0.9376916289329529,0.7321792125701905,0.995354970296224,0.7825884819030762,0.3085299491882324,1.0,0.8554748892784119,0.5961424350738526,0.7671744028727213,0.6480711102485657,0.41568765640258787,0.7716054280598958,0.6994315981864929,0.6705611705780029,0.8417314529418946,0.0890074223279953,0.38654279708862305,0.8319491704305013,0.11227606236934662,0.6961448192596436,0.9110448201497395,0.017135590314865112,0.4132088661193848,0.9003173828125,0.020103439688682556
pushup,0.5393426418304443,0.5766558329264323,0.9942840933799744,0.5734831333160401,0.5297376632690429,0.9833321571350098,0.5032818794250489,0.530600102742513,0.9886542558670044,0.6191335201263428,0.4716538747151693,0.6906896233558655,0.4543927669525146,0.4746442476908366,0.8021161556243896,0.6632547378540039,0.528974978129069,0.9764951467514038,0.38994669914245605,0.5308718999226888,0.9822330474853516,0.7126675605773926,0.824984614054362,0.8764119148254395,0.33694167137145997,0.8196785608927409,0.9005551338195801,0.7295576572418213,0.989361572265625,0.7334226369857788,0.3143205404281616,0.9952618916829427,0.765209972858429,0.5892995357513428,0.7809148788452148,0.6410142779350281,0.4080808162689209,0.7873444239298503,0.6474423408508301,0.6782787322998047,0.8726767222086589,0.0765458345413208,0.3958154201507568,0.8708489100138347,0.08466020971536636,0.7155187129974365,0.9303987503051758,0.013586449436843395,0.4320021152496338,0.9355977376302084,0.014442746527493
pushup,0.5376742362976075,0.5661876042683919,0.9939634203910828,0.57220458984375,0.5181609471638997,0.9826592206954956,0.5009806156158447,0.5186055183410645,0.9882968068122864,0.6187323093414306,0.46531721750895183,0.6990473866462708,0.451813268661499,0.4680431048075358,0.8161874413490295,0.6590982913970947,0.5214234987894694,0.979866623878479,0.3894909381866455,0.527334435780843,0.9848270416259766,0.7101149559020996,0.8097663879394531,0.887336254119873,0.33447604179382323,0.8209776560465495,0.9099611639976501,0.7361692428588867,0.9858262379964192,0.741690456867218,0.31212992668151857,1.0,0.7718685269355774,0.5802726745605469,0.7275857289632162,0.7264203429222107,0.4027620792388916,0.7350597381591797,0.7288259863853455,0.6754151821136475,0.8466676076253256,0.13045011460781097,0.40053272247314453,0.8432416280110677,0.14405390620231628,0.7001904964447021,0.917045529683431,0.022730158641934395,0.4200144290924072,0.9178070704142253,0.02442435547709465
pushup,0.5367178440093994,0.5632469177246093,0.9946132302284241,0.5698517799377442,0.5157291094462076,0.984430730342865,0.5005064487457276,0.5163737297058105,0.987800121307373,0.6161338806152343,0.4588410059611003,0.6952149271965027,0.4508711338043213,0.4630435943603516,0.7770504951477051,0.6594411849975585,0.5182134946187337,0.9769815802574158,0.39103538990020753,0.5270256042480469,0.9830947518348694,0.7083973407745361,0.7973059972127279,0.9062092900276184,0.33115878105163576,0.815972900390625,0.9236330389976501,0.7409210681915284,0.9880437215169271,0.8224490880966187,0.308188271522522,1.0,0.8329877257347107,0.590503454208374,0.7386416117350261,0.6820594072341919,0.4134827613830566,0.7461971282958985,0.6889001131057739,0.6651774883270264,0.8397825241088868,0.09586579352617264,0.3884850025177002,0.8340613047281901,0.10087795555591583,0.6933452129364014,0.9080994288126628,0.01547144539654255,0.4092616081237793,0.9002141952514648,0.015926295891404152
pushup,0.5339892864227295,0.5595891952514649,0.9940297603607178,0.5688112258911133,0.5109942118326823,0.9819926023483276,0.49805450439453125,0.511517588297526,0.9882062077522278,0.6153188228607178,0.46199922561645507,0.6821994185447693,0.4487123489379883,0.4647893269856771,0.8184410333633423,0.6483371257781982,0.5111082394917806,0.9804096817970276,0.3889064073562622,0.5283063888549805,0.9861568212509155,0.7010777950286865,0.7729782104492188,0.9019723534584045,0.33515143394470215,0.815341567993164,0.9232870936393738,0.7382906913757324,0.9784819285074869,0.7790975570678711,0.30979743003845217,1.0,0.8005141615867615,0.5699247360229492,0.6780649820963541,0.7724902033805847,0.3993850231170654,0.6906806945800781,0.7749359011650085,0.6635121822357177,0.809154764811198,0.18695321679115295,0.39641704559326174,0.8124378840128581,0.20230257511138916,0.6891568660736084,0.9036165873209635,0.0325554683804512,0.4106637477874756,0.9090346018473308,0.03456075116991997
pushup,0.5326949119567871,0.5546276092529296,0.9938977360725403,0.5681187152862549,0.5062249501546224,0.9829109311103821,0.4976809024810791,0.5062055269877116,0.9871276617050171,0.6162782669067383,0.4581511815388997,0.710986852645874,0.45012903213500977,0.45913988749186196,0.7935388684272766,0.6499710083007812,0.5108461062113444,0.9809252619743347,0.39114861488342284,0.5227959632873536,0.9857214689254761,0.7038133621215821,0.7900470097859701,0.9031506776809692,0.334484338760376,0.8192806879679362,0.9189504384994507,0.735197114944458,0.987103271484375,0.781196117401123,0.3101898193359375,1.0,0.793630063533783,0.5732484817504883,0.6635093688964844,0.7657750844955444,0.4035630226135254,0.6742453893025716,0.765099823474884,0.6609191417694091,0.7983807881673177,0.19364683330059052,0.3959851026535034,0.8047391255696614,0.20611584186553955,0.6875217437744141,0.891908836364746,0.03314601257443428,0.41122145652770997,0.9061147689819335,0.03473315387964249
pushup,0.5330080032348633,0.5444596608479818,0.9942200183868408,0.5678719520568848,0.4970891316731771,0.9834682941436768,0.49876251220703127,0.4961935679117839,0.9878348708152771,0.6149768829345703,0.4540362993876139,0.7192717790603638,0.4520594596862793,0.4530975341796875,0.8088776469230652,0.6482723712921142,0.5110637664794921,0.9828863739967346,0.39244813919067384,0.5227274894714355,0.987811267375946,0.7025580406188965,0.7882808685302735,0.9094435572624207,0.33353390693664553,0.8212968190511067,0.9288791418075562,0.7441611766815186,0.993369992574056,0.7701164484024048,0.3064518213272095,1.0,0.7943200469017029,0.5755927085876464,0.6702699025472005,0.8071780204772949,0.4063553333282471,0.6808510462443034,0.80964595079422,0.6708052635192872,0.8133501688639323,0.21638347208499908,0.3961226224899292,0.816311772664388,0.23471568524837494,0.6961707592010498,0.9138710021972656,0.035102345049381256,0.4021605014801025,0.921633783976237,0.03751664236187935
pushup,0.5346972465515136,0.5382703145345052,0.9947576522827148,0.5682690143585205,0.4910349210103353,0.9840008020401001,0.49947032928466795,0.4925177256266276,0.9886205196380615,0.6137156963348389,0.44443683624267577,0.7269235253334045,0.4527860164642334,0.44839000701904297,0.8206647038459778,0.6531021118164062,0.5162959098815918,0.9838310480117798,0.3921475648880005,0.5218980789184571,0.9887315630912781,0.7013981819152832,0.8003018061319987,0.9116801619529724,0.33305559158325193,0.8070808410644531,0.933070182800293,0.7437713623046875,0.9950395584106445,0.7673761248588562,0.30517802238464353,1.0,0.7998276352882385,0.5822653293609619,0.7548964818318685,0.7795277237892151,0.4097508430480957,0.7630395253499349,0.7889957427978516,0.6601162910461426,0.8875287373860677,0.1134711354970932,0.39072093963623045,0.8868707021077474,0.1256297379732132,0.6988791465759278,0.9542396545410157,0.014960451051592827,0.41507253646850584,0.955418586730957,0.01589527353644371
pushup,0.5335812568664551,0.5440682093302409,0.9952083230018616,0.5662363529205322,0.49912935892740884,0.9856125116348267,0.49950737953186036,0.49795055389404297,0.9891146421432495,0.6121829986572266,0.44915027618408204,0.7325103878974915,0.45351614952087405,0.4495354652404785,0.8008456230163574,0.6572475433349609,0.5168874740600586,0.9819777607917786,0.3950372219085693,0.5254938125610351,0.9894170165061951,0.7089904308319092,0.8015040079752604,0.9172132015228271,0.32859272956848146,0.8221131006876627,0.9515940546989441,0.7384653091430664,0.9923662185668946,0.8124423027038574,0.2999259948730469,1.0,0.8599901795387268,0.5958400726318359,0.7634033203125,0.8090973496437073,0.419966983795166,0.7713186899820964,0.8330194354057312,0.6793055534362793,0.8856833140055339,0.12714923918247223,0.38986992835998535,0.8872495651245117,0.15322890877723694,0.6913313388824462,0.9273159662882487,0.017782054841518402,0.38688812255859373,0.933355204264323,0.020091906189918518
pushup,0.5390942096710205,0.5697242101033528,0.9954521059989929,0.568401288986206,0.523571523030599,0.9841540455818176,0.503232479095459,0.5267389297485352,0.9903007745742798,0.6116833686828613,0.4581356684366862,0.6223852634429932,0.4533093929290771,0.4683918635050456,0.8062602877616882,0.655190896987915,0.5108207066853842,0.978058934211731,0.39125857353210447,0.5243491490681966,0.9865825772285461,0.7075148105621338,0.7988845189412435,0.9180908203125,0.31917247772216795,0.822722053527832,0.946664571762085,0.7393659114837646,0.9663710912068685,0.8450042605400085,0.3005345582962036,1.0,0.8726357221603394,0.590929365158081,0.7361024220784506,0.7991857528686523,0.41474308967590334,0.7495436986287435,0.815599262714386,0.669755220413208,0.8581673940022786,0.1551610380411148,0.3828293323516846,0.876326052347819,0.172773540019989,0.697997760772705,0.9245168050130208,0.021755186840891838,0.3851137161254883,0.9508195241292318,0.022746676579117775
pushup,0.5245336532592774,0.5235118865966797,0.9819586873054504,0.5549814224243164,0.48861738840738933,0.9546927213668823,0.49991717338562014,0.48315703074137367,0.9348839521408081,0.5973050594329834,0.4581404685974121,0.7198477387428284,0.4637457847595215,0.4455864906311035,0.5441574454307556,0.6536978721618653,0.5584275563557942,0.980388879776001,0.3870598077774048,0.5578257878621419,0.9771838188171387,0.7196133613586426,0.8212643941243489,0.9241061806678772,0.3143662214279175,0.8316519419352214,0.8826472759246826,0.7341759681701661,0.9896504720052083,0.7957965731620789,0.2943569183349609,1.0,0.7260470390319824,0.6112382888793946,0.9597017923990886,0.5114049911499023,0.4364143371582031,0.9647352218627929,0.46417585015296936,0.679234504699707,0.9248360315958659,0.018536420539021492,0.42527146339416505,0.9049505869547526,0.015787702053785324,0.6938475608825684,0.9641582489013671,0.0032096807844936848,0.5159662246704102,0.9287394205729167,0.0029193342197686434
pushup,0.534154748916626,0.5981862386067708,0.9094566702842712,0.5557360649108887,0.5702025731404622,0.7327157855033875,0.5130074501037598,0.5621697743733723,0.816131591796875,0.5859982967376709,0.5325067520141602,0.23454490303993225,0.47355213165283205,0.5152100245157878,0.46257483959198,0.6460779190063477,0.6004526774088542,0.8915693163871765,0.3834450006484985,0.5890261967976888,0.92196124792099,0.7355587005615234,0.8281725565592448,0.7679977416992188,0.2964268684387207,0.8325670878092448,0.8206011652946472,0.7430713653564454,0.9630143483479817,0.6778138875961304,0.31101455688476565,1.0,0.7265221476554871,0.5996000289916992,0.9252902348836263,0.34380432963371277,0.43458995819091795,0.9276976903279622,0.354941189289093,0.6752516746520996,0.855224609375,0.028765857219696045,0.4617823600769043,0.8408705393473307,0.03244061768054962,0.6380124568939209,0.9275612513224284,0.00843076966702938,0.5225772857666016,0.9040650685628255,0.009046787396073341
pushup,0.5283029079437256,0.7635809580485026,0.9629393815994263,0.55867600440979,0.7292860666910808,0.9462962746620178,0.50749831199646,0.7186967213948567,0.9503195881843567,0.6081826686859131,0.7047732671101888,0.5172474980354309,0.47559967041015627,0.679161008199056,0.46175485849380493,0.6631768226623536,0.8005210876464843,0.5605099201202393,0.4152270793914795,0.721504020690918,0.7824811339378357,0.7253952026367188,0.9490271886189778,0.15578101575374603,0.2770334243774414,0.8239604314168294,0.4904966950416565,0.6841790199279785,0.8506068547566732,0.2637590169906616,0.2989336013793945,0.9994160334269205,0.45170101523399353,0.5686899185180664,0.9422168095906576,0.05144253000617027,0.4101749897003174,0.8989757537841797,0.08788034319877625,0.5331526756286621,0.8689823150634766,0.013999794609844685,0.2938833713531494,0.8193052927652995,0.024205423891544342,0.4878392219543457,0.9191669464111328,0.009904309175908566,0.2739033937454224,0.8914552052815755,0.014072556048631668
pushup,0.4840528964996338,0.7436726252237956,0.07021283358335495,0.48165264129638674,0.7282644271850586,0.03706889972090721,0.5126243591308594,0.7286554972330729,0.022697608917951584,0.4602259635925293,0.7151438395182291,0.5974790453910828,0.5630423069000244,0.7142110188802083,0.17007580399513245,0.4111311912536621,0.7734127044677734,0.6808796525001526,0.5495897769927979,0.7496944427490234,0.7040906548500061,0.35148167610168457,0.8623574574788412,0.3492045998573303,0.42259607315063474,0.8195826212565104,0.3419110178947449,0.46225829124450685,0.888891092936198,0.24877271056175232,0.3770547389984131,0.9392500559488932,0.1505184769630432,0.334039306640625,0.8287999471028645,0.28701624274253845,0.43326501846313475,0.8073375066121419,0.29032158851623535,0.2224048376083374,0.8231077829996745,0.26096126437187195,0.29306826591491697,0.7947680155436198,0.20722827315330505,0.3054155111312866,0.9509327570597331,0.13037672638893127,0.2974944829940796,0.912805684407552,0.10561075061559677
pushup,0.47005796432495117,0.746369743347168,0.011756965890526772,0.4596663475036621,0.7290757497151693,0.012860780581831932,0.5060621738433838,0.7329385121663411,0.0019056485034525394,0.4276725769042969,0.7227202733357747,0.7944229245185852,0.5811226844787598,0.7275416692097981,0.06998968124389648,0.3736728191375732,0.7985619227091472,0.5923490524291992,0.5990827083587646,0.7971559524536133,0.4552059471607208,0.2628102540969849,0.8606564203898112,0.32331207394599915,0.4854499340057373,0.8614604949951172,0.10148091614246368,0.2692718505859375,0.9011975606282552,0.1639280915260315,0.3677960395812988,0.9587233225504558,0.04524713754653931,0.3483973264694214,0.859889539082845,0.07231246680021286,0.50718092918396,0.8444513320922852,0.054096147418022156,0.2116593599319458,0.8130959828694662,0.05489467456936836,0.34021782875061035,0.7874768575032552,0.029282016679644585,0.32309865951538086,0.9303020477294922,0.025427568703889847,0.3641494274139404,0.8898674011230469,0.017089273780584335
pushup,0.45296554565429686,0.7612449645996093,0.0017361142672598362,0.4344186782836914,0.7569543838500976,0.001509179943241179,0.4900704860687256,0.7588204701741537,0.0003125481598544866,0.38783063888549807,0.7735464731852214,0.7278215885162354,0.5734235763549804,0.7737658182779948,0.12270929664373398,0.3330392360687256,0.8338703155517578,0.7467058300971985,0.6259226322174072,0.8050756454467773,0.5403310060501099,0.2612396240234375,0.8617775599161784,0.45413321256637573,0.6209947109222412,0.7722482681274414,0.1722928136587143,0.2841981887817383,0.7776936848958333,0.2915598154067993,0.600442361831665,0.6487226486206055,0.10849106311798096,0.352811336517334,0.8068607330322266,0.2683362364768982,0.5543533802032471,0.7889518737792969,0.19461579620838165,0.2902370929718018,0.7883370717366537,0.18939387798309326,0.4902628421783447,0.7612590154012044,0.1195848286151886,0.4073211669921875,0.8347256342569987,0.0618588924407959,0.5376097679138183,0.7924491246541341,0.04571220651268959
pushup,0.43424510955810547,0.785843022664388,0.005635587964206934,0.4262228965759277,0.7869885762532552,0.005278346128761768,0.4548758029937744,0.7875726064046223,0.0015542523469775915,0.42545428276062014,0.8370194753011068,0.32990288734436035,0.5178770065307617,0.8349900563557943,0.05582872033119202,0.3999202251434326,0.9124368031819662,0.22443179786205292,0.6094834327697753,0.8752254486083985,0.5232486128807068,0.3456076145172119,0.8913593928019206,0.10083775967359543,0.6229466438293457,0.819778569539388,0.38484251499176025,0.3723031520843506,0.7982916514078776,0.14284595847129822,0.594429349899292,0.7932701746622721,0.3579087555408478,0.4787760734558105,0.8065720876057942,0.325496643781662,0.6156038284301758,0.7886962890625,0.5300785303115845,0.4108166217803955,0.6886061350504558,0.5408198237419128,0.5324976444244385,0.6825363159179687,0.7228132486343384,0.4792701244354248,0.5928407033284505,0.7010484337806702,0.5390849113464355,0.5986897150675455,0.8061760067939758
pushup,0.4939121723175049,0.8326162974039714,0.009404882788658142,0.49179930686950685,0.8323735555013021,0.005043628625571728,0.5000195026397705,0.8309030532836914,0.006045604590326548,0.4818929672241211,0.8771931966145833,0.055744316428899765,0.5139161109924316,0.8741219838460287,0.06435161083936691,0.4388602256774902,0.9250944137573243,0.11642748862504959,0.5663276672363281,0.8866106033325195,0.23634681105613708,0.417540168762207,0.8787338892618816,0.08640361577272415,0.5673749923706055,0.7972061157226562,0.24624037742614746,0.4809819221496582,0.8100093841552735,0.16601204872131348,0.5855343818664551,0.7909712473551432,0.2985394597053528,0.46618027687072755,0.8292102813720703,0.41226404905319214,0.5485066413879395,0.8155576705932617,0.5242873430252075,0.4231116771697998,0.7226067860921224,0.6615639328956604,0.5092102527618408,0.7257478713989258,0.740139365196228,0.4738701343536377,0.626150639851888,0.8261750340461731,0.5113163948059082,0.6357016245524089,0.8528391122817993
pushup,0.4631415843963623,0.883419418334961,0.015726765617728233,0.46395397186279297,0.88671449025472,0.010723567567765713,0.479127836227417,0.883699607849121,0.006668811198323965,0.4659942626953125,0.9261953989664714,0.21497155725955963,0.5165888786315918,0.916734250386556,0.0746072307229042,0.42415919303894045,0.9599934895833333,0.29203885793685913,0.5781196594238281,0.9191976547241211,0.5531902313232422,0.378210186958313,0.948187255859375,0.15808753669261932,0.5753309726715088,0.8757728576660156,0.43541041016578674,0.4492174625396729,0.8684730529785156,0.22690071165561676,0.5685942649841309,0.8785146077473959,0.3806420862674713,0.45508222579956054,0.837643814086914,0.4745931029319763,0.558044147491455,0.8186246236165364,0.6244015097618103,0.37055439949035646,0.7326559702555339,0.6291961669921875,0.49196815490722656,0.7235097249348958,0.7313265800476074,0.42794156074523926,0.6057603200276692,0.7817538380622864,0.525098466873169,0.6053268432617187,0.8279054760932922
pushup,0.4477108955383301,0.9017521540323893,0.019045855849981308,0.4401387214660645,0.903667704264323,0.009321603924036026,0.45508561134338377,0.9046303431193033,0.009969789534807205,0.425799560546875,0.9379038492838542,0.13712066411972046,0.47785449028015137,0.9396919886271159,0.15285852551460266,0.39122915267944336,0.971414057413737,0.3924843966960907,0.5532681465148925,0.931402842203776,0.6268901824951172,0.3796689987182617,0.9483826955159506,0.25778523087501526,0.6026620864868164,0.8575007120768229,0.5809872150421143,0.43956542015075684,0.86645933787028,0.3698370158672333,0.600137996673584,0.8360054651896159,0.6016627550125122,0.4370256423950195,0.8440512975056966,0.6848288178443909,0.5435822486877442,0.8281551996866862,0.7930094599723816,0.39727416038513186,0.7156660715738933,0.8224512338638306,0.5144765377044678,0.7118264516194661,0.887666642665863,0.4533869743347168,0.6012652715047201,0.9089343547821045,0.5232269287109375,0.605134391784668,0.9323844909667969
pushup,0.45462923049926757,0.8926004409790039,0.024621881544589996,0.4453729152679443,0.9005908966064453,0.013825355097651482,0.4674321174621582,0.8994656880696614,0.010899736545979977,0.43024067878723143,0.9424311319986979,0.2502754330635071,0.5017955780029297,0.9383637110392252,0.19913889467716217,0.39697556495666503,0.9685070037841796,0.5586528182029724,0.5725025177001953,0.9241314570109049,0.7594261169433594,0.3764051914215088,0.9463213602701823,0.3453187048435211,0.6136926651000977,0.8571533838907878,0.6507805585861206,0.42202024459838866,0.8695901234944662,0.4022984504699707,0.5928445816040039,0.8416105270385742,0.6146843433380127,0.434871244430542,0.8240066528320312,0.7204091548919678,0.5510711669921875,0.8033688227335612,0.8185150623321533,0.39377095699310305,0.6827487309773763,0.8360999822616577,0.5156960964202881,0.6649700800577799,0.8966332077980042,0.4488207817077637,0.5875475565592448,0.9137917160987854,0.5312853813171386,0.5738446553548177,0.9377065300941467
pushup,0.4775141716003418,0.8584416071573894,0.012973970733582973,0.47707314491271974,0.8582091649373372,0.007492858450859785,0.48869309425354,0.8565134684244792,0.008343759924173355,0.475836181640625,0.8962663650512696,0.10081281512975693,0.5158554077148437,0.8897911707560221,0.08971022814512253,0.4406449317932129,0.9403350830078125,0.15194258093833923,0.570758056640625,0.9008491516113282,0.42341041564941406,0.432216215133667,0.9129311243693033,0.0700174868106842,0.5832745552062988,0.8362426122029623,0.34528279304504395,0.5123031616210938,0.8822841008504232,0.10987061262130737,0.5786477565765381,0.8476802190144856,0.2960349917411804,0.4542966842651367,0.825097401936849,0.40689459443092346,0.5449977397918702,0.8050585428873698,0.5931878685951233,0.37834346294403076,0.7364243825276693,0.634436309337616,0.4870923042297363,0.7208883921305339,0.7698032259941101,0.42807531356811523,0.6305668512980144,0.8324975371360779,0.5156525611877442,0.6172492980957032,0.8821774125099182
pushup,0.4928006172180176,0.8324628829956054,0.0024828766472637653,0.48740239143371583,0.8270339965820312,0.0017623653402552009,0.49988532066345215,0.8277653376261394,0.0015882485313341022,0.47359318733215333,0.8763790130615234,0.04561363905668259,0.522028636932373,0.8789908727010091,0.03702162951231003,0.42614402770996096,0.9543365478515625,0.038441967219114304,0.5896037101745606,0.919412358601888,0.08520112186670303,0.39855146408081055,0.8993031819661458,0.025144455954432487,0.581852912902832,0.8227074305216472,0.07473940402269363,0.45581207275390623,0.8487901051839193,0.052507735788822174,0.553328275680542,0.8518814086914063,0.103522390127182,0.46050448417663575,0.8362845102945964,0.14451585710048676,0.5712050437927246,0.8227890650431315,0.2128031849861145,0.4148731708526611,0.7322373072306315,0.44885873794555664,0.5265858173370361,0.7357872645060222,0.5478811264038086,0.4700618743896484,0.6400960922241211,0.7353649735450745,0.5153388500213623,0.6524426142374674,0.7780656218528748
pushup,0.49929165840148926,0.8665276209513346,0.007053188048303127,0.48528251647949217,0.8723960240681966,0.004752758890390396,0.519168472290039,0.8692091623942058,0.0025183081161230803,0.45365476608276367,0.9173030853271484,0.21442429721355438,0.5598745346069336,0.9084158579508463,0.10608316957950592,0.3955006837844849,0.9581883112589519,0.3593607246875763,0.6246768951416015,0.919242795308431,0.4164653420448303,0.33783509731292727,0.8946591695149739,0.27244770526885986,0.6351236343383789,0.8145882924397786,0.3058304190635681,0.34077460765838624,0.8503056208292643,0.35146135091781616,0.5773709297180176,0.7860544840494792,0.39799320697784424,0.42565221786499025,0.8052102406819661,0.5309531688690186,0.5741607666015625,0.7862613677978516,0.5715780854225159,0.4170047760009766,0.677763557434082,0.736060619354248,0.5307983875274658,0.6651097615559896,0.7690073847770691,0.48197159767150877,0.6072742462158203,0.8207903504371643,0.5099657058715821,0.6039138793945312,0.8395187854766846
pushup,0.5354669570922852,1.0,0.16800281405448914,0.5413910388946533,0.9793785730997722,0.06682154536247253,0.5357254028320313,0.9783502578735351,0.2137211710214615,0.5141824722290039,0.9386396408081055,0.07872094959020615,0.5094675064086914,0.933902359008789,0.40124934911727905,0.43002805709838865,0.900100580851237,0.2553474009037018,0.4956511497497559,0.8929673512776692,0.3157981038093567,0.38696775436401365,0.7639882405598958,0.1857883334159851,0.4877984046936035,0.7366101582845052,0.1870085746049881,0.4787705898284912,0.6620280583699544,0.2698695659637451,0.5057239055633544,0.621205457051595,0.19533222913742065,0.38537092208862306,0.7486811319986979,0.14903753995895386,0.4384745121002197,0.7461166381835938,0.13061057031154633,0.3138510942459106,0.7672138849894206,0.21314819157123566,0.36557374000549314,0.7415343602498372,0.14431115984916687,0.4349403381347656,0.754998779296875,0.24718649685382843,0.4505673885345459,0.7045998891194661,0.1881624460220337
pushup,0.5103764533996582,0.8117205301920573,0.9453189373016357,0.5498382091522217,0.7773947397867839,0.9321208000183105,0.4991444110870361,0.7690483729044596,0.9005129933357239,0.6181816101074219,0.7704932530721028,0.5703802108764648,0.47800517082214355,0.7423231760660808,0.31158772110939026,0.6297057628631592,0.8491227467854817,0.6343608498573303,0.40823683738708494,0.7814000447591146,0.8109050393104553,0.6338115215301514,0.9612778345743815,0.20741057395935059,0.27248992919921877,0.8758824666341146,0.40360593795776367,0.5677989482879638,0.9124963760375977,0.3860965371131897,0.2873199462890625,1.0,0.42205312848091125,0.4492826461791992,0.8424552917480469,0.11117927730083466,0.321990442276001,0.7932947158813477,0.15054193139076233,0.29453163146972655,0.8867204030354817,0.09577787667512894,0.19810118675231933,0.8245297749837239,0.11180462688207626,0.2703291893005371,1.0,0.04965387284755707,0.264401912689209,0.9618784586588541,0.05547969415783882
pushup,0.4981064319610596,0.7078437805175781,0.2172509878873825,0.5126017093658447,0.6897129694620768,0.09389550983905792,0.5135406494140625,0.6850165049235026,0.10019879043102264,0.5035086631774902,0.6583665211995443,0.5268507599830627,0.5186715126037598,0.6528130213419596,0.1686464548110962,0.44257411956787107,0.677966562906901,0.8278678059577942,0.4448697566986084,0.6843696594238281,0.6994706988334656,0.32871994972229,0.7923542658487955,0.6583778262138367,0.25614569187164304,0.8656356175740559,0.33296653628349304,0.46491250991821287,0.7194072723388671,0.5935043096542358,0.3218672752380371,0.9821423848470052,0.19098223745822906,0.36679849624633787,0.7552402496337891,0.4013783931732178,0.3735677719116211,0.7554995854695638,0.2742088735103607,0.27575395107269285,0.8364700317382813,0.28217899799346924,0.26521666049957277,0.8244291941324869,0.12173917144536972,0.3192051649093628,0.9788894017537435,0.07940845936536789,0.3049184799194336,0.9570145924886068,0.03782949224114418
pushup,0.5348533153533935,0.6970659891764323,0.9392303228378296,0.5698707580566407,0.6574230194091797,0.8937883973121643,0.5071393966674804,0.6492699940999349,0.9209416508674622,0.6166258335113526,0.624601682027181,0.49497759342193604,0.45749826431274415,0.609655253092448,0.5384645462036133,0.6872797012329102,0.640420659383138,0.8136478066444397,0.36562337875366213,0.6826971054077149,0.8917662501335144,0.7748166084289551,0.6722696940104167,0.6250466108322144,0.2605924606323242,0.8488089879353841,0.7581961750984192,0.6001660346984863,0.5453154881795247,0.7079139351844788,0.30739331245422363,0.9820632934570312,0.7269776463508606,0.6327274799346924,0.8477621714274088,0.34338927268981934,0.41509428024291994,0.8641918182373047,0.3888217806816101,0.7329397201538086,0.765361467997233,0.04515394940972328,0.3581989288330078,0.7823749542236328,0.055236104875802994,0.6793603420257568,0.8044756571451823,0.01739976368844509,0.3785224437713623,0.8421360651652018,0.01956690102815628
pushup,0.5369853019714356,0.6506298700968425,0.9951587319374084,0.5707527160644531,0.6080022811889648,0.9890154004096985,0.5047639846801758,0.6037030537923177,0.9903579354286194,0.614856481552124,0.555317497253418,0.7236562967300415,0.4539665222167969,0.5446709314982097,0.793294370174408,0.6628619194030761,0.6135916392008464,0.9677422046661377,0.3852551460266113,0.6201366424560547,0.9720680713653564,0.7672177791595459,0.832346789042155,0.8411514163017273,0.2776690244674683,0.8546737670898438,0.848820149898529,0.7657932281494141,0.9596052169799805,0.7558128237724304,0.2975944757461548,1.0,0.7695846557617188,0.6248269557952881,0.9000647226969402,0.4373852014541626,0.43970541954040526,0.9174060821533203,0.42552727460861206,0.7010309219360351,0.8709387461344401,0.025711307302117348,0.40275917053222654,0.9247592926025391,0.02738961949944496,0.6745728492736817,0.8419549306233723,0.006997672840952873,0.4164778232574463,0.9189590454101563,0.006821014452725649
pushup,0.5377686023712158,0.6018390019734701,0.9948864579200745,0.5677595138549805,0.5572734196980794,0.985346794128418,0.5035231113433838,0.5581692377726237,0.989813506603241,0.6065363407135009,0.5170803070068359,0.6896798014640808,0.4484593391418457,0.5195989926656087,0.832137942314148,0.6575127601623535,0.5878983815511067,0.9787307381629944,0.38431587219238283,0.6046948115030925,0.9803134799003601,0.751408863067627,0.8157898585001627,0.8912294507026672,0.301486873626709,0.844934590657552,0.8857940435409546,0.7559992790222168,0.9944318135579427,0.7847367525100708,0.30084881782531736,1.0,0.7763230204582214,0.6103307723999023,0.8469441731770834,0.5782233476638794,0.42795639038085936,0.8621742248535156,0.558375358581543,0.6779423713684082,0.878585688273112,0.03718503192067146,0.38570117950439453,0.9084863662719727,0.03562897443771362,0.6807380676269531,0.8761475245157878,0.006902589462697506,0.4015373706817627,0.908501942952474,0.006294729188084602
pushup,0.5299413681030274,0.5708854675292969,0.9947781562805176,0.559912109375,0.5270034154256185,0.9845766425132751,0.4959534168243408,0.5269447326660156,0.9891883730888367,0.599168348312378,0.49019908905029297,0.706504762172699,0.4438190460205078,0.49154911041259763,0.8321137428283691,0.6515737533569336,0.5680241266886393,0.9812016487121582,0.38362631797790525,0.5847036997477214,0.9844979643821716,0.7336496353149414,0.8097841898600261,0.9042037129402161,0.3130678176879883,0.8438538869222005,0.9141290187835693,0.7472151756286621,0.9728585561116536,0.7952205538749695,0.30519678592681887,1.0,0.8041203022003174,0.6146400451660157,0.8458136240641276,0.6656274199485779,0.4331484317779541,0.860321044921875,0.6639600396156311,0.6975474834442139,0.9001434326171875,0.04732564464211464,0.39678349494934084,0.9160488764444987,0.04885529726743698,0.7115435123443603,0.8983685175577799,0.007888146676123142,0.410845947265625,0.9110360463460286,0.007786361500620842
pushup,0.5229305744171142,0.5479111989339193,0.9944451451301575,0.5541147232055664,0.5025843938191732,0.9852480888366699,0.48905220031738283,0.5039565086364746,0.9883212447166443,0.5966815948486328,0.4681257247924805,0.7647227048873901,0.4404444217681885,0.4729008992513021,0.8175273537635803,0.6487737655639648,0.5506785074869792,0.9830544590950012,0.38235793113708494,0.5647987365722656,0.9857531189918518,0.7259526252746582,0.814502207438151,0.9050487279891968,0.3149500131607056,0.837353769938151,0.9147545099258423,0.7426736354827881,0.9864779790242513,0.7812301516532898,0.29224491119384766,1.0,0.7837249636650085,0.5978005886077881,0.7801936467488607,0.6792941689491272,0.41911067962646487,0.7914930979410807,0.6802501678466797,0.6824685573577881,0.8708680470784506,0.05941566824913025,0.3911739826202393,0.8764443079630534,0.06188387796282768,0.714784049987793,0.8751036326090494,0.009537613950669765,0.4127501964569092,0.8766338348388671,0.00967139471322298
pushup,0.519120740890503,0.5442731221516927,0.9946387410163879,0.5499366283416748,0.49818808237711587,0.9846065044403076,0.4846532344818115,0.5005776087443033,0.9882206916809082,0.592201042175293,0.46260248819986977,0.7398446798324585,0.4349685192108154,0.46959648132324217,0.8129293322563171,0.6383091449737549,0.541703732808431,0.9846578240394592,0.37987351417541504,0.5569764455159505,0.9859755635261536,0.7163802146911621,0.8118156433105469,0.9177967309951782,0.3149420738220215,0.837027104695638,0.9185941219329834,0.7503986358642578,1.0,0.8088091611862183,0.28633196353912355,1.0,0.7992002367973328,0.5776548385620117,0.7468926111857096,0.699294924736023,0.40622587203979493,0.7581457773844401,0.6900120377540588,0.6520173072814941,0.8390394846598307,0.08190933614969254,0.38242738246917723,0.8454796473185221,0.08128716796636581,0.6799633979797364,0.8718800862630208,0.013147447258234024,0.4005871295928955,0.8729231516520183,0.012818051502108574
pushup,0.514277458190918,0.54427490234375,0.9949683547019958,0.5450467586517334,0.49823214213053385,0.9855888485908508,0.48000569343566896,0.5017323811848958,0.9883308410644531,0.5880386352539062,0.4582813580830892,0.7485966682434082,0.43179869651794434,0.4671331405639648,0.7990087866783142,0.635887336730957,0.541913096110026,0.984693169593811,0.3755094051361084,0.5557670593261719,0.9845685958862305,0.716244888305664,0.8241680145263672,0.9177941083908081,0.31116936206817625,0.8400460561116536,0.9092996120452881,0.7563310623168945,1.0,0.8007916212081909,0.28237090110778806,1.0,0.7815443873405457,0.5719456195831298,0.7883200963338216,0.6465343236923218,0.3987784147262573,0.799459966023763,0.6273806691169739,0.642186975479126,0.866634750366211,0.052833620458841324,0.37223329544067385,0.8757935841878255,0.05073175206780434,0.6756356239318848,0.877424685160319,0.008248523809015751,0.39951863288879397,0.8818426132202148,0.0077654654160141945
pushup,0.5081385612487793,0.5447778065999349,0.9947785139083862,0.5399771690368652,0.49752305348714193,0.985039234161377,0.4732555866241455,0.5003408432006836,0.9882161021232605,0.5845516681671142,0.45738722483317057,0.7412781119346619,0.42447938919067385,0.4649242401123047,0.7954205274581909,0.630882740020752,0.5371449788411459,0.9844931364059448,0.3715896844863892,0.5494833628336588,0.9850037097930908,0.7120584011077881,0.827154541015625,0.9150927066802979,0.31238207817077634,0.8431704839070638,0.9148140549659729,0.754520320892334,1.0,0.7977467179298401,0.2845379590988159,1.0,0.7891360521316528,0.5671941757202148,0.746498171488444,0.6835106611251831,0.39525089263916013,0.7568108240763346,0.6727433204650879,0.6408128261566162,0.8463174184163411,0.0768224373459816,0.373533296585083,0.8531838099161784,0.07692175358533859,0.6750876426696777,0.8702362696329753,0.012402273714542389,0.39687950611114503,0.8738271077473958,0.012149853631854057
pushup,0.5058156490325928,0.5385263442993165,0.9952762126922607,0.5355964183807373,0.4915912628173828,0.9844963550567627,0.47037792205810547,0.49592774709065757,0.9895702600479126,0.5782779216766357,0.4496371905008952,0.7071177363395691,0.4211630344390869,0.4608778953552246,0.8192073702812195,0.6258999347686768,0.5318520228068034,0.9847720265388489,0.37035417556762695,0.5468005498250326,0.9873401522636414,0.7041103839874268,0.8195756276448568,0.9170780181884766,0.3117457628250122,0.8395027796427409,0.9317744374275208,0.7577392578125,1.0,0.7968207001686096,0.28499650955200195,1.0,0.8142502307891846,0.5655144691467285,0.7677740732828776,0.7098761200904846,0.3951904773712158,0.7789255777994791,0.7160645127296448,0.6306184768676758,0.8658123016357422,0.07335848361253738,0.36438307762145994,0.872326405843099,0.07800575345754623,0.6617645740509033,0.8875511805216472,0.011031363159418106,0.38082523345947267,0.8859350204467773,0.011175421997904778
pushup,0.5045990467071533,0.5373839060465495,0.9955164790153503,0.5347573757171631,0.491044553120931,0.9851387143135071,0.46912388801574706,0.4941961924235026,0.9897223114967346,0.576900577545166,0.4489819844563802,0.7090641260147095,0.41915106773376465,0.45751018524169923,0.8162975311279297,0.62471604347229,0.5335503896077474,0.9857252836227417,0.37023425102233887,0.5476751963297526,0.9875989556312561,0.7029545783996582,0.8204827626546224,0.9248954057693481,0.31156253814697266,0.8387521107991537,0.9347789287567139,0.7514791488647461,1.0,0.8096250891685486,0.2843648433685303,1.0,0.8234569430351257,0.575703239440918,0.8070229212443034,0.7366793751716614,0.40413942337036135,0.8190890630086263,0.7392622232437134,0.642626953125,0.903871726989746,0.06441418826580048,0.37117414474487304,0.9147000630696615,0.0673864558339119,0.6716557502746582,0.9006546020507813,0.00914283562451601,0.38661305904388427,0.9052134195963542,0.00910007394850254
pushup,0.5059350967407227,0.5427136739095052,0.9939099550247192,0.5360144138336181,0.49700797398885094,0.986099898815155,0.47179698944091797,0.49983304341634116,0.9855337738990784,0.5789902210235596,0.4581457138061523,0.7622931599617004,0.42379164695739746,0.4661156972249349,0.7643306255340576,0.6317975997924805,0.5336105346679687,0.9804242849349976,0.3747114658355713,0.5513006846110026,0.981069028377533,0.7263680458068847,0.800894292195638,0.9046005606651306,0.30495500564575195,0.8328858057657877,0.8895150423049927,0.7546125411987304,0.9681016286214192,0.8043632507324219,0.2948659896850586,1.0,0.7587688565254211,0.5925919532775878,0.7408784866333008,0.6733377575874329,0.42120814323425293,0.7559665679931641,0.6475040912628174,0.6561466217041015,0.8653101603190104,0.06371280550956726,0.3918114185333252,0.8912097930908203,0.06076253950595856,0.6815523147583008,0.858155886332194,0.0092233344912529,0.4064955711364746,0.8867786407470704,0.008751102723181248
pushup,0.5079257488250732,0.5726885477701823,0.9947100877761841,0.538178539276123,0.5320295333862305,0.9836270809173584,0.47599210739135744,0.5292587916056315,0.9869367480278015,0.5782967567443847,0.4773915608723958,0.6841908097267151,0.42703638076782224,0.47285353342692055,0.7799766659736633,0.6333741188049317,0.5413416544596354,0.9818836450576782,0.3657885789871216,0.5562764485677083,0.9811471700668335,0.7208755016326904,0.8063972473144532,0.9148818254470825,0.3114508867263794,0.843146006266276,0.9045807719230652,0.7532271385192871,0.9929082870483399,0.8218441009521484,0.29579906463623046,1.0,0.8054866790771484,0.5957401275634766,0.8571098963419597,0.6026094555854797,0.4192164421081543,0.8709990819295247,0.5791466236114502,0.6671353340148926,0.9071309407552083,0.04064064100384712,0.39898908138275146,0.9199419657389323,0.03934680297970772,0.6726842403411866,0.9093453725179036,0.0070701660588383675,0.43643746376037595,0.9226072947184245,0.006744820158928633
pushup,0.5150955200195313,0.5529390335083008,0.6901644468307495,0.542714262008667,0.5138187408447266,0.5911480188369751,0.49587397575378417,0.5125661214192708,0.4342696964740753,0.589948034286499,0.48299070994059246,0.2595027685165405,0.46209020614624025,0.474588680267334,0.1234581470489502,0.660760498046875,0.5544499079386394,0.7732968330383301,0.37516467571258544,0.5535622914632161,0.7198489904403687,0.7567974090576172,0.7950048446655273,0.5280865430831909,0.2937774658203125,0.8193251291910807,0.3887593150138855,0.7547060012817383,0.7450847625732422,0.5359604358673096,0.36522183418273924,0.7991962432861328,0.355415403842926,0.5802628517150878,0.6841045379638672,0.24448896944522858,0.40744881629943847,0.6788945515950521,0.1962217390537262,0.5093629837036133,0.7412583033243815,0.08619490265846252,0.3145310401916504,0.7269597371419271,0.06677612662315369,0.5082955837249756,0.8403542836507162,0.023204511031508446,0.39872989654541013,0.814102045694987,0.0201904084533453
pushup,0.5408482551574707,0.5901826858520508,0.49792689085006714,0.5363302230834961,0.567715072631836,0.1283719390630722,0.5469600677490234,0.5687804539998372,0.30920594930648804,0.5039768218994141,0.5530450185139973,0.14461220800876617,0.5424882888793945,0.5597282409667969,0.40016573667526245,0.5157295227050781,0.6292101542154948,0.89216148853302,0.44858970642089846,0.6511316299438477,0.8700413703918457,0.5939391136169434,0.7359767278035482,0.8130509853363037,0.32410416603088377,0.8172162373860677,0.7600535750389099,0.7185096740722656,0.7458908081054687,0.7957055568695068,0.39306488037109377,0.9529162089029948,0.6449844241142273,0.41462202072143556,0.7833488464355469,0.5850294232368469,0.38338751792907716,0.7951515197753907,0.5015909075737,0.4263163566589355,0.737191645304362,0.23311847448349,0.3600780963897705,0.7445262908935547,0.16548413038253784,0.4487178325653076,0.8854089101155599,0.05968932434916496,0.32509119510650636,0.8722044626871744,0.04126013070344925
pushup,0.5245676040649414,0.7770058949788411,0.9759269952774048,0.5519503593444824,0.7421919504801432,0.9696289300918579,0.5045671463012695,0.741121482849121,0.962428867816925,0.5961925029754639,0.7291554133097331,0.741919755935669,0.47658615112304686,0.7247269312540691,0.5679008960723877,0.6407846927642822,0.8520517349243164,0.8212171792984009,0.4128689765930176,0.7894399007161458,0.8754821419715881,0.6546303272247315,0.985797627766927,0.28231504559516907,0.2742296695709229,0.8622336069742839,0.44988036155700684,0.5858736515045166,0.9027846018473308,0.3275773227214813,0.2873769521713257,1.0,0.33292677998542786,0.5068784713745117,0.9837785085042318,0.10497480630874634,0.36802537441253663,0.9433497746785482,0.1336778849363327,0.4088181495666504,0.9074227650960286,0.03649239242076874,0.24290030002593993,0.8501399358113607,0.04052305594086647,0.4082756042480469,0.9532861709594727,0.025883596390485764,0.28139300346374513,0.8951344807942708,0.02734619937837124
pushup,0.4826667308807373,0.8376823425292969,0.027851678431034088,0.4768679618835449,0.8192559560139974,0.038630105555057526,0.5271297454833984,0.82371826171875,0.0024557190481573343,0.4734352588653564,0.8220844904581706,0.9394434094429016,0.6325457572937012,0.8271746317545573,0.06259076297283173,0.4194317817687988,0.9185920079549154,0.6722031831741333,0.6723933219909668,0.9116568247477214,0.6363406777381897,0.2452521800994873,0.9021464665730794,0.31206953525543213,0.489644718170166,0.8931330998738607,0.14285404980182648,0.2683551549911499,0.9377649943033854,0.1915246993303299,0.3137213230133057,1.0,0.06682805716991425,0.41853842735290525,0.9780242284138997,0.030727170407772064,0.5953909873962402,0.9560113271077474,0.03018454648554325,0.2552156448364258,0.8383509318033854,0.017649156972765923,0.3962786912918091,0.7946264266967773,0.01112342905253172,0.3604350328445435,0.9305906931559245,0.00862863939255476,0.4193594932556152,0.8639755249023438,0.006986535154283047
pushup,0.4980337619781494,0.9145061492919921,0.02424725703895092,0.5006404876708984,0.9016867955525716,0.0716128945350647,0.5274050235748291,0.8953132629394531,0.0017743135103955865,0.4903105735778809,0.9291397094726562,0.9920624494552612,0.6291214466094971,0.9134610493977865,0.48091256618499756,0.46910462379455564,1.0,0.36360102891921997,0.6562341213226318,1.0,0.4489707946777344,0.4448077201843262,0.993541399637858,0.007074750028550625,0.6286880016326905,0.9850856145222981,0.005256122909486294,0.4722492218017578,0.9349198659261068,0.0023592475336045027,0.5804553031921387,0.9329880396525065,0.0018520806916058064,0.5350437164306641,1.0,0.0007986066630110145,0.6613642692565918,1.0,0.0014056472573429346,0.507203483581543,0.9729105631510416,0.0007018960313871503,0.6157288074493408,0.9676198323567708,0.000765081204008311,0.5347500324249268,0.9817399342854818,0.007114762905985117,0.6412812232971191,0.9697649637858073,0.00786634348332882
pushup,0.4407218933105469,0.7450172424316406,0.002026981208473444,0.4305549621582031,0.7451496124267578,0.00146269123069942,0.46938014030456543,0.7470432917277018,0.0007208318565972149,0.39359354972839355,0.7916180928548177,0.5192641615867615,0.5348698616027832,0.793386967976888,0.11711398512125015,0.3343435525894165,0.8816677093505859,0.38334527611732483,0.5881734848022461,0.8470626831054687,0.38846471905708313,0.31739330291748047,0.8636117299397786,0.12329350411891937,0.5820387840270996,0.7738765080769857,0.13061174750328064,0.44545540809631345,0.7356494903564453,0.12293708324432373,0.5451316833496094,0.7094883600870768,0.08707773685455322,0.34632086753845215,0.8498493830362955,0.17601828277111053,0.5264185905456543,0.8338336944580078,0.18688394129276276,0.2859838008880615,0.7805258433024088,0.2622511684894562,0.45830626487731935,0.7628943125406901,0.24693293869495392,0.42920732498168945,0.8039657592773437,0.20092524588108063,0.5423593044281005,0.7926580429077148,0.19143258035182953
pushup,0.42267937660217286,0.8124585469563802,0.029726186767220497,0.41979093551635743,0.8217308044433593,0.03855837881565094,0.44727087020874023,0.812298838297526,0.0071400743909180164,0.41571979522705077,0.8797536849975586,0.8467345833778381,0.5102580547332763,0.8555065790812174,0.19739580154418945,0.3727661371231079,0.9287081400553385,0.7177562117576599,0.5991601467132568,0.8839787801106771,0.8464967012405396,0.2961984872817993,0.8773513158162435,0.3406130075454712,0.623874282836914,0.8255751291910808,0.5768903493881226,0.3330965995788574,0.8077769597371419,0.29906564950942993,0.5819797515869141,0.8533425013224284,0.4406161904335022,0.4675476551055908,0.7837340037027994,0.528728187084198,0.6132322788238526,0.7604705174763997,0.6772250533103943,0.4145807266235352,0.6672412236531575,0.6318051218986511,0.5148692607879639,0.635891342163086,0.7492569088935852,0.48038406372070314,0.6040351867675782,0.7379476428031921,0.538374948501587,0.5869846979777018,0.8167370557785034
pushup,0.5835833549499512,0.8850937525431315,0.00200147507712245,0.5802789211273194,0.8775573094685872,0.0016116367187350988,0.5901864528656006,0.8776564280192057,0.0011910314206033945,0.5718187808990478,0.9121605555216471,0.051465243101119995,0.6106339931488037,0.909795633951823,0.040138088166713715,0.5189354896545411,0.9595625559488933,0.046920452266931534,0.6669226169586182,0.9337406794230143,0.13827981054782867,0.4991572380065918,0.9122456868489583,0.030141836032271385,0.6785717964172363,0.8621198654174804,0.11360825598239899,0.5685851097106933,0.9659161885579427,0.045744072645902634,0.6050350189208984,0.9222067515055339,0.1045251339673996,0.5067174911499024,0.8424503326416015,0.21419835090637207,0.6107897281646728,0.8211427688598633,0.3317362666130066,0.3847468376159668,0.7627799352010091,0.4223662316799164,0.49773855209350587,0.7328772226969401,0.5341637134552002,0.4205946922302246,0.648617935180664,0.7437853217124939,0.5027615547180175,0.605508295694987,0.7986235618591309
pushup,0.5494347095489502,0.895806884765625,0.004497124347835779,0.5374994277954102,0.8928229649861653,0.0023317569866776466,0.558671522140503,0.8999317804972331,0.0023364871740341187,0.5274300098419189,0.9172344207763672,0.05316297709941864,0.5908146381378174,0.9291418711344401,0.07861781865358353,0.5064015865325928,0.9452634811401367,0.1620287001132965,0.642370080947876,0.9211484909057617,0.4319157004356384,0.5298791885375976,0.9208089192708333,0.10635292530059814,0.672335433959961,0.8648219426472982,0.41797974705696106,0.5966794490814209,0.9429635365804037,0.14187391102313995,0.6247292995452881,0.900186030069987,0.34707170724868774,0.4755897521972656,0.8414206186930339,0.5286263823509216,0.5735994815826416,0.819521713256836,0.6953322887420654,0.36310610771179197,0.7237379074096679,0.7044506072998047,0.4810370445251465,0.6920140584309896,0.8174288272857666,0.40911269187927246,0.6412177403767904,0.8793148398399353,0.5007548332214355,0.5877419789632161,0.9179866313934326
pushup,0.4869565486907959,0.9007431030273437,0.008381828665733337,0.481186580657959,0.8960848490397135,0.0045985630713403225,0.4948441028594971,0.899608039855957,0.00425940565764904,0.47806224822998045,0.911466407775879,0.08750040829181671,0.5213367462158203,0.9155654907226562,0.08465628325939178,0.4609527587890625,0.937234624226888,0.21719001233577728,0.5676283359527587,0.9078495025634765,0.5455048680305481,0.4368475914001465,0.9173669815063477,0.12543930113315582,0.6142933368682861,0.8507249832153321,0.470407634973526,0.519249963760376,0.9287677764892578,0.1511698216199875,0.6156727313995362,0.9090958913167317,0.3406212329864502,0.48275222778320315,0.8420434951782226,0.5441229939460754,0.5639161586761474,0.8227864583333333,0.7133826017379761,0.3653604984283447,0.73531068166097,0.7039356231689453,0.4823192596435547,0.6814888000488282,0.8011157512664795,0.4449314594268799,0.6681470235188802,0.8825536370277405,0.5618257522583008,0.5843088150024414,0.9190768003463745
pushup,0.4332937240600586,0.9039191563924154,0.025497497990727425,0.419874382019043,0.9050071716308594,0.012290826067328453,0.44017624855041504,0.9095893859863281,0.01588127203285694,0.39672012329101564,0.9320243835449219,0.12946970760822296,0.45999922752380373,0.9413344065348307,0.2097817063331604,0.38074612617492676,0.952746836344401,0.3915511667728424,0.5268033981323242,0.9276341756184896,0.6272631287574768,0.3847163915634155,0.9114178975423177,0.22913764417171478,0.5812615871429443,0.8534517288208008,0.5297964811325073,0.4450270652770996,0.9213071823120117,0.2688409984111786,0.5641446113586426,0.9202669143676758,0.48374876379966736,0.43605594635009765,0.8442390441894532,0.6265217661857605,0.5376216411590576,0.8298571904500326,0.7504953145980835,0.3737035274505615,0.6896751403808594,0.8157019019126892,0.4860521793365479,0.6558767318725586,0.8785486817359924,0.4415604114532471,0.6667246500651042,0.9410505294799805,0.5238419532775879,0.6115421930948893,0.9577160477638245
pushup,0.4835005760192871,0.912181027730306,0.03935721144080162,0.47394742965698244,0.9194129308064779,0.018707120791077614,0.49222259521484374,0.9190322875976562,0.02283557504415512,0.45101146697998046,0.9577122370402018,0.21817553043365479,0.5123120307922363,0.9550373713175456,0.3129536509513855,0.4167233943939209,0.9693536122639974,0.6186161041259766,0.5714092254638672,0.9375850677490234,0.7878829836845398,0.38922183513641356,0.9312180201212565,0.39578717947006226,0.6179409980773926,0.868091901143392,0.6594758629798889,0.43267359733581545,0.9181466420491536,0.39067497849464417,0.594685697555542,0.9033774058024089,0.5653319358825684,0.4517451286315918,0.8386698404947917,0.7276888489723206,0.556110954284668,0.8203844706217448,0.8120299577713013,0.38426980972290037,0.6871812184651692,0.8064182996749878,0.49399099349975584,0.6536426544189453,0.8565055727958679,0.43314418792724607,0.6278563817342122,0.9173220992088318,0.5277315616607666,0.5813102722167969,0.9340023994445801
pushup,0.5730422496795654,0.9134614944458008,0.02094997651875019,0.5604393959045411,0.927224604288737,0.0063959951512515545,0.5862988471984864,0.92410888671875,0.013555178418755531,0.515102767944336,0.9725245793660482,0.2591434121131897,0.6071150779724122,0.9661420186360677,0.5684468150138855,0.44716525077819824,0.9818314870198568,0.8174002766609192,0.6451691627502442,0.9421236038208007,0.9025983214378357,0.36733264923095704,0.9611714680989584,0.610598087310791,0.6640479087829589,0.8784152348836263,0.7940192222595215,0.39019792079925536,0.904206911722819,0.5440858006477356,0.6258177757263184,0.8797618865966796,0.6647960543632507,0.4343428134918213,0.8477794647216796,0.8299169540405273,0.5638903617858887,0.8237771352132162,0.8758037686347961,0.38141574859619143,0.681912612915039,0.840972900390625,0.5018918514251709,0.6449956893920898,0.8686110973358154,0.4105692863464355,0.6288538614908854,0.8987804055213928,0.5129144191741943,0.5855449676513672,0.9091619253158569
pushup,0.5522156715393066,0.8746288935343425,0.045613210648298264,0.5405385017395019,0.8928180694580078,0.015763884410262108,0.5722573757171631,0.8860309600830079,0.02249487303197384,0.4994828224182129,0.9471487681070964,0.5926732420921326,0.6106595039367676,0.9333420435587565,0.6982290744781494,0.43631596565246583,0.9593761444091797,0.9375030994415283,0.6489034652709961,0.9288742065429687,0.9703782200813293,0.3566241979598999,0.9356862386067708,0.751129686832428,0.6937868118286132,0.8761093775431316,0.898417055606842,0.36844520568847655,0.8837821324666341,0.6430704593658447,0.6865119934082031,0.8264308293660482,0.7639857530593872,0.4186793327331543,0.814184824625651,0.8714954257011414,0.5596611022949218,0.7935659408569335,0.9104530811309814,0.390245246887207,0.6309806823730468,0.8400136232376099,0.5248023986816406,0.5946070353190104,0.881499707698822,0.39102754592895506,0.5879498799641927,0.8746383190155029,0.5285161018371582,0.549148686726888,0.8974958062171936
pushup,0.5401016712188721,0.8858437220255534,0.01905737817287445,0.5288068771362304,0.8965033213297526,0.00800919346511364,0.5638638496398926,0.8954893747965494,0.007804733235388994,0.49496970176696775,0.9410490036010742,0.709664523601532,0.6207293510437012,0.9391248067220052,0.6168103814125061,0.4273883819580078,0.9557894388834636,0.9231976866722107,0.6685782432556152,0.9396077473958333,0.9621872305870056,0.35795667171478274,0.9237773259480794,0.6811282634735107,0.7110036849975586,0.8877780278523763,0.8541444540023804,0.40085182189941404,0.8705551147460937,0.5335498452186584,0.6930726051330567,0.8186656316121419,0.6399633884429932,0.3919150114059448,0.8151001612345378,0.7968930602073669,0.5550195217132569,0.7996334711710612,0.8517201542854309,0.3702518463134766,0.6418978373209635,0.7257392406463623,0.5256370067596435,0.6099133809407552,0.7880645394325256,0.39123687744140623,0.601177724202474,0.7527638673782349,0.5470103263854981,0.5619354248046875,0.7936413884162903
pushup,0.5726377010345459,0.953266461690267,0.04547586664557457,0.5651431560516358,0.9639638264973959,0.012624342925846577,0.591957426071167,0.9579902013142904,0.03397684916853905,0.5235803127288818,0.9912534713745117,0.22712260484695435,0.6110722541809082,0.9772815704345703,0.49915611743927,0.4348891258239746,0.9686527252197266,0.7227878570556641,0.6367283821105957,0.948306655883789,0.8512424826622009,0.4068183898925781,0.9215407689412435,0.542171061038971,0.6855175018310546,0.8894507090250651,0.7830318808555603,0.48007898330688475,0.8486551920572917,0.6194586157798767,0.7018983840942383,0.8283042907714844,0.7161998152732849,0.3776111125946045,0.821539560953776,0.7605828046798706,0.5045358180999756,0.8083199818929037,0.810548722743988,0.3496110439300537,0.7162457784016927,0.7066944241523743,0.44759140014648435,0.7120996475219726,0.7458446025848389,0.4039463996887207,0.5794646581013997,0.7100681662559509,0.44693565368652344,0.5859668731689454,0.7171007394790649
pushup,0.5085247993469239,0.9913407643636067,0.3215946555137634,0.5257040500640869,0.9822603225708008,0.44563421607017517,0.5092450141906738,0.9805057525634766,0.1936931610107422,0.5782956123352051,0.9699915568033854,0.4563099145889282,0.5152868747711181,0.964563496907552,0.0568108856678009,0.6163872718811035,0.914536730448405,0.6262021660804749,0.4959988594055176,0.9023419698079427,0.5357059836387634,0.6623053550720215,0.8630354563395183,0.5520215034484863,0.47289228439331055,0.8469625473022461,0.5076517462730408,0.6070905685424804,0.8678386688232422,0.6569037437438965,0.5747572898864746,0.8398014704386393,0.5473392009735107,0.5335786819458008,0.7537560780843099,0.8923729062080383,0.45415620803833007,0.7368570327758789,0.8805259466171265,0.5130833148956299,0.7126806894938151,0.8731563687324524,0.40001649856567384,0.7059257507324219,0.8723859190940857,0.46445727348327637,0.537522824605306,0.9417741298675537,0.3986165523529053,0.5412864685058594,0.9403569102287292
pushup,0.5419634342193603,1.0,0.6819155216217041,0.558989429473877,1.0,0.7721008658409119,0.5273025512695313,1.0,0.6377967000007629,0.5933422088623047,0.9705643971761068,0.5437710881233215,0.49985299110412595,0.9809673309326172,0.24423734843730927,0.6267635345458984,0.8992905934651693,0.8484920263290405,0.474531888961792,0.9057259877522786,0.5955701470375061,0.7135555267333984,0.8410218556722006,0.7336211204528809,0.45528507232666016,0.8448741912841797,0.3841131925582886,0.6387982368469238,0.8322178522745768,0.7887223958969116,0.5474404335021973,0.8377535502115886,0.4881916046142578,0.524131441116333,0.735423723856608,0.9159592986106873,0.42830491065979004,0.728802744547526,0.8495750427246094,0.4938697338104248,0.682058842976888,0.9025104641914368,0.37812645435333253,0.7004008611043294,0.8433398604393005,0.45132932662963865,0.5044204394022623,0.9572827219963074,0.38899765014648435,0.5314903895060221,0.9357278943061829
pushup,0.5356721401214599,1.0,0.533460795879364,0.5599584102630615,0.998503049214681,0.6125994920730591,0.5161208629608154,0.9989339192708333,0.5368466973304749,0.6003809928894043,0.9624133427937825,0.339047908782959,0.4791233062744141,0.9616099675496419,0.2293214052915573,0.6204390048980712,0.8923517862955729,0.7046889066696167,0.43787188529968263,0.894750467936198,0.5030603408813477,0.683430528640747,0.8489324569702148,0.611832320690155,0.40425658226013184,0.8653022766113281,0.3612629771232605,0.6205111503601074,0.8456483205159505,0.6979807615280151,0.4971902847290039,0.8477732340494791,0.48108556866645813,0.510838794708252,0.7450880686442057,0.8657156229019165,0.39486515522003174,0.7406150182088216,0.8000963926315308,0.5096635341644287,0.7364874521891276,0.8019073605537415,0.36077442169189455,0.7504849116007487,0.7372088432312012,0.4572013854980469,0.5443452835083008,0.8876750469207764,0.3697272777557373,0.5676385243733724,0.8506706357002258
pushup,0.5362078189849854,1.0,0.5145732164382935,0.5472043037414551,0.9931756337483724,0.44922006130218506,0.5310315132141114,0.9931510925292969,0.5284988284111023,0.5611356735229492,0.9549463907877604,0.16753341257572174,0.5060767650604248,0.9515861511230469,0.2983305752277374,0.5516160488128662,0.8784098943074544,0.6700814962387085,0.4600318431854248,0.8929351170857748,0.53585284948349,0.5975710391998291,0.7892845789591472,0.6425098180770874,0.43266825675964354,0.8398745218912761,0.43147292733192444,0.5926393508911133,0.8241883595784505,0.7222476601600647,0.5424276351928711,0.836134401957194,0.553752601146698,0.4797819137573242,0.7688157399495442,0.8848099708557129,0.4214926242828369,0.7800733566284179,0.8318953514099121,0.4906928539276123,0.7149452209472656,0.8816631436347961,0.4102753162384033,0.752337900797526,0.832374632358551,0.49118938446044924,0.5573407491048177,0.9507257342338562,0.4397132873535156,0.5968953450520833,0.9296590089797974
pushup,0.5509058475494385,1.0,0.858518123626709,0.5714117527008057,0.9743778864542644,0.8248112797737122,0.5326520919799804,0.9766125996907552,0.8558600544929504,0.5979139328002929,0.9387739817301433,0.41837677359580994,0.4915860652923584,0.9392780303955078,0.5901995301246643,0.6028830528259277,0.8984341939290365,0.92989182472229,0.4335318088531494,0.895770772298177,0.8554272651672363,0.710671329498291,0.8301522572835286,0.8313244581222534,0.34495720863342283,0.841183598836263,0.6227925419807434,0.7404940128326416,0.8169430414835612,0.844285786151886,0.3616891860961914,0.8749863306681315,0.6887076497077942,0.48309011459350587,0.7471198399861654,0.9401022791862488,0.3882143497467041,0.7504539489746094,0.9048745632171631,0.486986780166626,0.6860008875528971,0.9219983220100403,0.3934736728668213,0.721620750427246,0.8916072249412537,0.4766566753387451,0.5086156527201334,0.9573346972465515,0.4356235504150391,0.5640169779459635,0.9416938424110413
pushup,0.5514963150024415,0.9888057072957357,0.9266501665115356,0.581514310836792,0.9499155680338541,0.8764902949333191,0.5275160789489746,0.9472527821858724,0.9579697847366333,0.6042708396911621,0.9105440775553385,0.20538760721683502,0.4617349624633789,0.8934363683064779,0.8278660178184509,0.5778921604156494,0.8962908426920573,0.7646378874778748,0.38212335109710693,0.8900064468383789,0.8161013126373291,0.614752721786499,0.804633903503418,0.48421943187713623,0.2871500730514526,0.8186824162801106,0.43744227290153503,0.624956464767456,0.8602960586547852,0.5416372418403625,0.31806697845458987,0.9369430541992188,0.49482646584510803,0.49757847785949705,0.7877532323201497,0.5378907322883606,0.38588063716888427,0.7976032257080078,0.5007221698760986,0.46973609924316406,0.7443669637044271,0.3304087519645691,0.3455954551696777,0.7702149709065755,0.28461888432502747,0.5362675666809082,0.565517807006836,0.48033857345581055,0.4578110694885254,0.5938622792561848,0.43177515268325806
pushup,0.5573974132537842,0.9373423894246419,0.9581778049468994,0.5799650192260742,0.9021704355875652,0.8976183533668518,0.5331533908843994,0.9044921875,0.9803429245948792,0.598242998123169,0.8561909357706706,0.25354477763175964,0.4729305267333984,0.8548339207967123,0.941692054271698,0.5813626289367676,0.834498405456543,0.8774062991142273,0.37106215953826904,0.8488873799641927,0.9491187930107117,0.5836471080780029,0.7580020904541016,0.5546581149101257,0.24046483039855956,0.8462048212687174,0.6776848435401917,0.5726897239685058,0.7378222147623698,0.5303546190261841,0.2825195550918579,0.974886131286621,0.6218254566192627,0.4844044208526611,0.7605381011962891,0.5260050892829895,0.36647911071777345,0.7787040710449219,0.562508225440979,0.49001574516296387,0.7180370330810547,0.25991180539131165,0.37512960433959963,0.7225781758626302,0.25811129808425903,0.5430121898651123,0.5835477828979492,0.3470516502857208,0.5056797504425049,0.5640901565551758,0.33551719784736633
pushup,0.5520987033843994,0.894986089070638,0.9614346623420715,0.5808843612670899,0.8614889144897461,0.9111529588699341,0.5316763877868652,0.8577423095703125,0.9786226749420166,0.6052831649780274,0.8235143661499024,0.33123666048049927,0.47672286033630373,0.806157938639323,0.9174648523330688,0.603634262084961,0.8306106567382813,0.8524927496910095,0.3608156681060791,0.8203027089436848,0.9417309761047363,0.6249705791473389,0.8544960021972656,0.47127243876457214,0.2384204387664795,0.878741963704427,0.6557915806770325,0.5763272285461426,0.824370002746582,0.47055602073669434,0.2827523946762085,1.0,0.5463805198669434,0.47964019775390626,0.8347974141438802,0.26166582107543945,0.333490777015686,0.8379796346028646,0.30800125002861023,0.47471022605895996,0.7874275207519531,0.06707265228033066,0.30274238586425783,0.7786109924316407,0.07164031267166138,0.532347297668457,0.6616672515869141,0.06814246624708176,0.44270172119140627,0.6399790445963541,0.06895054131746292
pushup,0.5469437122344971,0.8423660278320313,0.9135353565216064,0.5768385410308838,0.812069320678711,0.8741713762283325,0.5296404838562012,0.8079128265380859,0.9151883125305176,0.6089060306549072,0.7893994649251302,0.40290242433547974,0.4860933780670166,0.7702050526936849,0.6411641240119934,0.6190883636474609,0.8146166483561198,0.7865970134735107,0.3959066390991211,0.7887337366739909,0.7513595819473267,0.6839002132415771,0.7854174931844076,0.43012624979019165,0.33769640922546384,0.7582698822021484,0.3575810492038727,0.6722457885742188,0.8024133682250977,0.5143668055534363,0.4343574047088623,0.7337548573811848,0.3994998335838318,0.43904805183410645,0.8350882848103841,0.4965101182460785,0.3110343456268311,0.8111010233561198,0.43426084518432617,0.3193730115890503,0.9033677419026692,0.2831786572933197,0.21055424213409424,0.8744422912597656,0.2354182004928589,0.28635435104370116,0.9417818705240886,0.13515585660934448,0.2752774953842163,0.9049280802408854,0.10944802314043045
pushup,0.5369678974151612,0.7817444483439128,0.9711407423019409,0.5690274238586426,0.7486715316772461,0.9165731072425842,0.5195835590362549,0.7402360916137696,0.9713873863220215,0.60646653175354,0.7158599853515625,0.2737182676792145,0.4792940139770508,0.6860883712768555,0.8049978613853455,0.6064601898193359,0.7626029332478841,0.6371261477470398,0.3928640604019165,0.7185972213745118,0.9604158401489258,0.5981066703796387,0.8661176681518554,0.23684246838092804,0.24190855026245117,0.8461443583170573,0.8381016254425049,0.5962580680847168,0.8608252843221028,0.3850148320198059,0.291596508026123,1.0,0.7765734791755676,0.49460206031799314,0.865646489461263,0.16401176154613495,0.36658225059509275,0.8425711313883464,0.3556845784187317,0.3334744930267334,0.8901725769042969,0.05397842824459076,0.2152254343032837,0.8707000096638997,0.11408457905054092,0.3069387197494507,0.9531075795491536,0.02279362827539444,0.2666779518127441,0.9386473337809245,0.037336353212594986
pushup,0.5398345470428467,0.7287938435872395,0.988114595413208,0.574956750869751,0.6855308532714843,0.9675717353820801,0.5071632862091064,0.6794187545776367,0.9837678074836731,0.6227847099304199,0.6359413146972657,0.505721926689148,0.454304838180542,0.6209737141927083,0.7575886845588684,0.6817370891571045,0.6789077123006185,0.9009268879890442,0.3721456050872803,0.6668879191080729,0.9583509564399719,0.7901130676269531,0.8133017857869466,0.6987354159355164,0.25588924884796144,0.8478565216064453,0.8869088888168335,0.779160737991333,0.7632445017496745,0.7156724333763123,0.3033596515655518,1.0,0.8281899094581604,0.6154138088226319,0.896319325764974,0.499838650226593,0.40848097801208494,0.8960481643676758,0.589957058429718,0.6744544029235839,0.8545680363972982,0.05628761276602745,0.31568739414215086,0.8697244008382161,0.08316134661436081,0.6565016269683838,0.8812232335408529,0.016698399558663368,0.3121277570724487,0.924176279703776,0.020282234996557236
pushup,0.5399285316467285,0.6693899790445964,0.9950281977653503,0.5691225528717041,0.6227224985758464,0.9869727492332458,0.5042501926422119,0.6276537577311198,0.9916113018989563,0.6106539249420166,0.5759591420491537,0.6733152866363525,0.45041956901550295,0.5856482823689778,0.8659881353378296,0.6627138614654541,0.6398782094319662,0.968410074710846,0.3779719829559326,0.6634058634440104,0.9765205979347229,0.7601490020751953,0.7942906697591146,0.8443263173103333,0.25935533046722414,0.8557120641072591,0.8597580790519714,0.7836498260498047,0.8317089716593424,0.8015274405479431,0.301029896736145,0.9876636505126953,0.7992343902587891,0.6221015930175782,0.9204980850219726,0.40690284967422485,0.4329559803009033,0.9445258458455403,0.4005994200706482,0.6836164474487305,0.8756645838419597,0.019376173615455627,0.38658943176269533,0.9150060017903646,0.019374655559659004,0.6984552383422852,0.8583640416463216,0.004579764325171709,0.42662982940673827,0.8891995112101237,0.0043630595318973064
pushup,0.5284880638122559,0.6404993693033855,0.9946370720863342,0.5606179237365723,0.5933942159016927,0.9870918989181519,0.49401512145996096,0.5940327962239583,0.9882268309593201,0.6032190799713135,0.5383998870849609,0.6910356879234314,0.44038047790527346,0.5384956359863281,0.7904059290885925,0.6496182441711426,0.5981831232706706,0.9719213843345642,0.3729249000549316,0.6261870702107747,0.9704453349113464,0.7511209487915039,0.7884857813517253,0.8737164735794067,0.2764327049255371,0.8551725387573242,0.825202465057373,0.7788751602172852,0.9291804631551107,0.8139482736587524,0.3003255605697632,1.0,0.7667641043663025,0.6181970119476319,0.8448756535847982,0.36922532320022583,0.4385491371154785,0.8721986770629883,0.3243683874607086,0.676540756225586,0.7780873616536458,0.026892080903053284,0.3972964286804199,0.8343730290730794,0.023345431312918663,0.6721884727478027,0.7488148371378581,0.008826037868857384,0.4352935791015625,0.8144124348958334,0.007570650428533554
pushup,0.5099149703979492,0.6307030359903971,0.9936301112174988,0.5427263259887696,0.5852999369303385,0.987772524356842,0.47670879364013674,0.5872324625651042,0.9835917949676514,0.5923455238342286,0.5181576410929362,0.8008165955543518,0.43442821502685547,0.5230389277140299,0.7046698331832886,0.649304723739624,0.5706928888956706,0.9797602295875549,0.3708982467651367,0.5893807729085286,0.9725985527038574,0.7329962730407715,0.8116068522135417,0.8995523452758789,0.2941718578338623,0.8454551696777344,0.8348100781440735,0.7557684898376464,0.9538151423136393,0.7983258366584778,0.30157923698425293,1.0,0.7115944623947144,0.6031180381774902,0.8325077056884765,0.5683415532112122,0.4216004371643066,0.8521087646484375,0.5037972331047058,0.6782618522644043,0.8688398996988932,0.04327071085572243,0.39830951690673827,0.9034065882364909,0.036961935460567474,0.7016882419586181,0.8231104532877604,0.009902761317789555,0.4464242458343506,0.8700294494628906,0.008648633025586605
pushup,0.5025335311889648,0.645120366414388,0.9936659932136536,0.53408203125,0.6040854771931966,0.9868814945220947,0.4707374095916748,0.604133669535319,0.9823922514915466,0.5830347061157226,0.5246714909871419,0.784303605556488,0.43092031478881837,0.5268167495727539,0.6857192516326904,0.6409430503845215,0.5453687032063802,0.9832987189292908,0.3668869972229004,0.5678846359252929,0.9766461253166199,0.7144663810729981,0.7889243443806966,0.931648850440979,0.3041224002838135,0.8392714818318685,0.8848828673362732,0.7384203910827637,0.9519731521606445,0.8528364300727844,0.31192991733551023,1.0,0.7821146845817566,0.5931095600128173,0.8185830434163411,0.7450625896453857,0.41409716606140134,0.8384273529052735,0.6896944046020508,0.673663330078125,0.8866025288899739,0.09409092366695404,0.3975922346115112,0.9184141794840495,0.08159829676151276,0.677323293685913,0.8822632471720377,0.017707569524645805,0.4331014633178711,0.9296304066975911,0.015600151382386684
pushup,0.5024644374847412,0.6649635314941407,0.9922921061515808,0.5278573989868164,0.6261115392049154,0.9780293107032776,0.46981301307678225,0.629961903889974,0.9819707870483398,0.5720357894897461,0.5382033030192057,0.6483513116836548,0.4282387256622314,0.5511437733968099,0.7156972289085388,0.6403791427612304,0.5504604339599609,0.9744164347648621,0.36590406894683836,0.567719841003418,0.9759593605995178,0.7162443161010742,0.8089129130045573,0.9036606550216675,0.3087653398513794,0.8385340372721354,0.9121130704879761,0.7431728839874268,0.9715866724650065,0.8311089873313904,0.3050297975540161,1.0,0.8279749751091003,0.5775594711303711,0.7996557871500651,0.6584606766700745,0.4000973701477051,0.8113715489705403,0.6515063047409058,0.6425143241882324,0.8799527486165365,0.07942730188369751,0.38084752559661866,0.8886761983235677,0.08313938975334167,0.6478228569030762,0.9138658523559571,0.014105182141065598,0.4135399341583252,0.9264739990234375,0.014344255439937115
pushup,0.5082583904266358,0.6843304951985677,0.9838031530380249,0.5312522888183594,0.6480044682820638,0.9500440955162048,0.4777209281921387,0.6498916625976563,0.96938556432724,0.5708751678466797,0.5630032857259114,0.4692944288253784,0.432859992980957,0.5719612121582032,0.6806027293205261,0.632473373413086,0.5441351572672526,0.9592170119285583,0.3687639951705933,0.5621404647827148,0.9715225100517273,0.7175015449523926,0.793386713663737,0.8883692622184753,0.3082584381103516,0.834796651204427,0.9286177158355713,0.7330096244812012,0.9745845794677734,0.8221436738967896,0.3073160409927368,1.0,0.857002854347229,0.5699186325073242,0.6486578623453776,0.7871546745300293,0.39873385429382324,0.6598512649536132,0.8016384840011597,0.645008134841919,0.805344835917155,0.2594003677368164,0.37782464027404783,0.8152257919311523,0.2903158366680145,0.649239444732666,0.9088350931803385,0.047393787652254105,0.3886080741882324,0.9238666534423828,0.051926206797361374
pushup,0.5135738372802734,0.6939465204874674,0.9656405448913574,0.5392589092254638,0.6582533518473307,0.9115444421768188,0.4847560405731201,0.6568069458007812,0.9263333678245544,0.5818325996398925,0.5749383290608724,0.4266553521156311,0.442537260055542,0.5762277603149414,0.505517303943634,0.6380623817443848,0.5419092814127604,0.9405903220176697,0.3809379577636719,0.5598892211914063,0.9591817259788513,0.7123254299163818,0.7698363622029623,0.8931883573532104,0.31179466247558596,0.8236166636149088,0.9261955618858337,0.7344268321990967,0.9551984786987304,0.8416026830673218,0.2926797389984131,1.0,0.8552871942520142,0.5861378669738769,0.6158244450887044,0.834296464920044,0.41936326026916504,0.6272937138875325,0.8440654873847961,0.6536834716796875,0.803717295328776,0.36473801732063293,0.3910708427429199,0.810954729715983,0.3889137804508209,0.6635654449462891,0.925104268391927,0.06806498765945435,0.4028769016265869,0.9401090621948243,0.07391219586133957
pushup,0.5127788543701172,0.7005290349324544,0.9678137302398682,0.5427451610565186,0.6691349665323894,0.919567883014679,0.4887348175048828,0.6592028935750326,0.9347566366195679,0.5914544105529785,0.5902852376302083,0.517384946346283,0.45325231552124023,0.5701260884602865,0.544035792350769,0.6504734992980957,0.5647209803263347,0.9458240270614624,0.3783714771270752,0.548738161722819,0.9742204546928406,0.7159369468688965,0.8110314687093099,0.8731510043144226,0.30504348278045657,0.8021658579508464,0.951960563659668,0.7227517604827881,1.0,0.7586787939071655,0.30617499351501465,0.9867572148640951,0.874285876750946,0.6000071048736573,0.6771322886149088,0.8558918237686157,0.42180724143981935,0.6740429560343425,0.8950613141059875,0.685773229598999,0.8627875010172527,0.3098834753036499,0.39754810333251955,0.8479984283447266,0.40167099237442017,0.6786928176879883,0.9594750086466471,0.052289582788944244,0.4205020904541016,0.9614315668741862,0.06753849238157272
pushup,0.5238796710968018,0.7061403910319011,0.8921447992324829,0.5490978717803955,0.6827605565388998,0.7614967226982117,0.5040575981140136,0.670672353108724,0.7805723547935486,0.5948972225189209,0.5978646596272786,0.35528692603111267,0.47425074577331544,0.5743875503540039,0.3387461006641388,0.6650397300720214,0.5655813852945963,0.8797045946121216,0.39429192543029784,0.5443406422932943,0.950648307800293,0.725285005569458,0.7965094884236653,0.8082699775695801,0.3130535840988159,0.7854490280151367,0.9376035928726196,0.7329107761383057,0.9993258158365885,0.6874867677688599,0.3086289882659912,0.9924036661783854,0.8482344746589661,0.6189931869506836,0.7389923095703125,0.6837385892868042,0.4457888603210449,0.7304880142211914,0.7744717001914978,0.6785965919494629,0.8669779459635417,0.1175963282585144,0.42494940757751465,0.8319567362467448,0.17770011723041534,0.6403095722198486,0.9298375447591146,0.022226883098483086,0.46702017784118655,0.898775291442871,0.031177306547760963
pushup,0.5528493881225586,0.6681194305419922,0.04076768085360527,0.5457889556884765,0.6464742024739584,0.012013540603220463,0.5695841789245606,0.6500083923339843,0.009482255205512047,0.493672513961792,0.5886426289876302,0.8318678736686707,0.6181485652923584,0.6021895090738932,0.6114879250526428,0.43701963424682616,0.608772341410319,0.9681227207183838,0.6555821895599365,0.6613843282063802,0.948936939239502,0.3144547939300537,0.7953990936279297,0.8432930707931519,0.7247296333312988,0.8858716328938802,0.6716030836105347,0.3033116102218628,0.9743264516194662,0.5187476873397827,0.7464029788970947,0.9776872634887696,0.28662124276161194,0.4554473876953125,0.9453174591064453,0.2386971414089203,0.6059144020080567,0.9632310231526693,0.1753401756286621,0.40664138793945315,0.7609742482503256,0.04385071620345116,0.6068763256072998,0.7633771260579427,0.025642957538366318,0.4095677375793457,0.9395354588826498,0.012379107996821404,0.6653563499450683,0.9188348770141601,0.008245096541941166
pushup,0.5344400882720948,0.6939165751139323,0.9080919027328491,0.5581656455993652,0.6728725433349609,0.883427619934082,0.5239568710327148,0.6619736989339192,0.5602877736091614,0.6122807502746582,0.5995838801066081,0.6919273138046265,0.5135875225067139,0.5789588928222656,0.07634362578392029,0.6991319179534912,0.6062096913655599,0.8987786769866943,0.45148863792419436,0.5989627838134766,0.8964347839355469,0.6951423645019531,0.8186189651489257,0.8561296463012695,0.3422672986984253,0.8127657572428385,0.810772716999054,0.5602619647979736,1.0,0.8073517680168152,0.2999296188354492,1.0,0.7671270370483398,0.6598130226135254,0.9357096354166666,0.3839918375015259,0.5018274307250976,0.9167255401611328,0.3883322477340698,0.6116716384887695,0.8840840657552084,0.042529940605163574,0.405582332611084,0.8443825403849284,0.04122979938983917,0.4972785472869873,0.9655150095621745,0.011835244484245777,0.42767486572265623,0.925436528523763,0.012333102524280548
pushup,0.5575050354003906,0.6994831085205078,0.7993168234825134,0.5771249771118164,0.6730651219685873,0.6689238548278809,0.5373420238494873,0.6689627329508464,0.5565844774246216,0.6207803726196289,0.5890522003173828,0.30737748742103577,0.509089183807373,0.5829248428344727,0.15168015658855438,0.6850379943847656,0.5482446670532226,0.8662099838256836,0.44803333282470703,0.5371323903401692,0.9105251431465149,0.721563720703125,0.7744625091552735,0.8904892206192017,0.35808591842651366,0.7676053365071615,0.9205144047737122,0.7390885829925538,0.9449118932088216,0.8069109916687012,0.3384660482406616,0.9606736501057943,0.8354116082191467,0.6657516479492187,0.6423770904541015,0.8695566058158875,0.5085992336273193,0.6383482615152994,0.8867282271385193,0.690834903717041,0.8493829727172851,0.35627445578575134,0.43618025779724123,0.825551160176595,0.3764815926551819,0.6971864700317383,0.9596805572509766,0.05685354769229889,0.45251874923706054,0.9310248057047527,0.06303296983242035
pushup,0.5468712329864502,0.6685550689697266,0.710735559463501,0.5621193408966064,0.6471593221028645,0.6124881505966187,0.5338574886322022,0.6477502187093099,0.21279165148735046,0.6046688556671143,0.5503854751586914,0.4011211395263672,0.5230624675750732,0.555345090230306,0.036027513444423676,0.6638514518737793,0.5324591954549154,0.8891569375991821,0.47143077850341797,0.5390482584635417,0.7867823243141174,0.5765841960906982,0.8049324671427409,0.9315515756607056,0.41406989097595215,0.7978823343912761,0.7132384181022644,0.359999418258667,1.0,0.8707032203674316,0.4239471912384033,1.0,0.6813048124313354,0.6578659534454345,0.8793017069498698,0.4516526460647583,0.5299432277679443,0.8813407897949219,0.33893242478370667,0.6455531120300293,0.8296786626180013,0.06776397675275803,0.528663969039917,0.8206429799397786,0.039175305515527725,0.6217185497283936,0.9281763712565104,0.02031710371375084,0.6387699604034424,0.9091245015462239,0.014825833030045033
pushup,0.557590913772583,0.6723827997843425,0.8139945864677429,0.5758832931518555,0.6465967814127604,0.7292234301567078,0.5386578559875488,0.6483712514241536,0.3617004156112671,0.6223103523254394,0.5461954116821289,0.4457361400127411,0.5173563480377197,0.5551235834757487,0.04849928244948387,0.6964138507843017,0.5312420527140299,0.9147302508354187,0.4571388244628906,0.527840773264567,0.8030778765678406,0.6744371891021729,0.7882033665974935,0.9447375535964966,0.3898150444030762,0.7473129272460938,0.7687072157859802,0.504458999633789,1.0,0.9126263856887817,0.3903059720993042,0.9850177764892578,0.7652455568313599,0.6510275840759278,0.8756814956665039,0.5999703407287598,0.4941847801208496,0.8697976430257162,0.46877020597457886,0.6612440586090088,0.836344846089681,0.10152225196361542,0.4779345512390137,0.8199796040852865,0.0612691268324852,0.6330479621887207,0.9516743977864583,0.027201276272535324,0.5649750232696533,0.9296559651692708,0.019981641322374344
pushup,0.5767864227294922,0.621104876200358,0.5036701560020447,0.5838811874389649,0.5953447341918945,0.1766277700662613,0.5645214557647705,0.5978654861450196,0.2578100860118866,0.6088883876800537,0.5342905044555664,0.05153173953294754,0.5420989036560059,0.5401105880737305,0.10338925570249557,0.6695749282836914,0.5607816696166992,0.7328298687934875,0.47086095809936523,0.5162636439005533,0.8171321153640747,0.7378935813903809,0.7997238794962566,0.8487248420715332,0.35448470115661623,0.6870673497517904,0.918929398059845,0.745272159576416,0.9453823725382487,0.8019340634346008,0.3310408353805542,0.9408259073893229,0.8684582114219666,0.6146924018859863,0.7019719441731771,0.7144039273262024,0.48128585815429686,0.6883546193440755,0.7633307576179504,0.6580682754516601,0.793459955851237,0.15232308208942413,0.44689345359802246,0.790415636698405,0.1833113133907318,0.7028600692749023,0.9010920206705729,0.022353868931531906,0.44786891937255857,0.9068735122680665,0.02493482641875744
pushup,0.5507479667663574,0.6726772308349609,0.9595686793327332,0.5728506565093994,0.6474402109781902,0.931837797164917,0.5334157466888427,0.6412232081095378,0.8554787039756775,0.6240499019622803,0.5673587799072266,0.6113266348838806,0.512031364440918,0.5564889907836914,0.21698574721813202,0.6814022064208984,0.5443740208943685,0.9457293748855591,0.4634056091308594,0.5011645952860514,0.9374082684516907,0.7274059295654297,0.7700368245442708,0.9284794926643372,0.3622661828994751,0.6839235941569011,0.9184785485267639,0.7434541702270507,0.9403467814127604,0.8713033199310303,0.31578114032745364,0.9417883555094401,0.843528151512146,0.6458417415618897,0.6190398534138998,0.8790509104728699,0.50066237449646,0.6017246882120768,0.874760627746582,0.6932623863220215,0.8065133412679036,0.4328346848487854,0.4514486312866211,0.7819346745808919,0.419569194316864,0.7179520606994629,0.9362659454345703,0.08039399981498718,0.4559319019317627,0.9288336435953776,0.08176547288894653
pushup,0.5483243465423584,0.6791779200236002,0.9723274111747742,0.5725977420806885,0.6524897257486979,0.9359415173530579,0.5276975154876709,0.6468891779581706,0.9182451963424683,0.6170789718627929,0.5742783864339193,0.5315757393836975,0.500271224975586,0.563091786702474,0.3928323984146118,0.6667901515960694,0.5689440409342448,0.9425534605979919,0.44263124465942383,0.5400423049926758,0.9487179517745972,0.7171166419982911,0.7780353546142578,0.9091783761978149,0.36338133811950685,0.7291887919108073,0.9207084774971008,0.7600645065307617,0.9413279215494792,0.8520005941390991,0.31939053535461426,0.9805243174235027,0.8486480116844177,0.6095632553100586,0.7816861470540365,0.7417904138565063,0.46044397354125977,0.772105598449707,0.7422800064086914,0.6643170356750489,0.8825941721598307,0.11934098601341248,0.42418699264526366,0.864534060160319,0.12907254695892334,0.6779789924621582,0.9567722956339518,0.018976407125592232,0.4388877868652344,0.951702880859375,0.020828677341341972
pushup,0.5149731636047363,0.6525368372599284,0.6314877867698669,0.5318593502044677,0.6393092473347982,0.4174584150314331,0.5076687812805176,0.6321539560953776,0.22584989666938782,0.570485258102417,0.5570194880167644,0.2858541011810303,0.5001089572906494,0.5405879974365234,0.07537303119897842,0.6189346313476562,0.5457640965779622,0.8883160948753357,0.4345847606658936,0.5194845199584961,0.9038915634155273,0.5636120319366456,0.780063247680664,0.9112532138824463,0.3545547008514404,0.7279655456542968,0.8797326683998108,0.39129390716552737,1.0,0.7953512668609619,0.32895665168762206,1.0,0.760618269443512,0.5984385013580322,0.904888407389323,0.6038052439689636,0.48168458938598635,0.8971157073974609,0.607514500617981,0.5925560474395752,0.8626120249430339,0.06906364858150482,0.5088864326477051,0.8433385213216146,0.06560942530632019,0.5751988410949707,0.9292925516764323,0.019358180463314056,0.6454922676086425,0.9129334767659505,0.019509317353367805
pushup,0.5295612335205078,0.679041862487793,0.9714393615722656,0.5530120849609375,0.6488475163777669,0.9177842736244202,0.5042526245117187,0.6468111673990885,0.9377365708351135,0.5939685821533203,0.5606210072835286,0.4309878647327423,0.46864900588989256,0.5585319519042968,0.5289342999458313,0.6478968620300293,0.5416943868001302,0.9399320483207703,0.40577144622802735,0.5220866521199544,0.9630348086357117,0.7113468647003174,0.788687006632487,0.8875373601913452,0.33831048011779785,0.7502450942993164,0.9398338198661804,0.7462784767150878,0.9812482198079427,0.8135892748832703,0.31053800582885743,0.9889789581298828,0.8708820939064026,0.58927903175354,0.6879944483439128,0.7994234561920166,0.4302184581756592,0.6842256546020508,0.8283439874649048,0.6608358860015869,0.831732432047526,0.28793632984161377,0.412874698638916,0.8169231414794922,0.34504300355911255,0.7014838695526123,0.9550483067830403,0.06145278364419937,0.45508632659912107,0.9487391153971354,0.07504277676343918
pushup,0.5121150970458984,0.6285053253173828,0.9652544856071472,0.5320303440093994,0.5987225214640299,0.8992692232131958,0.48709306716918943,0.6000356674194336,0.89383864402771,0.5716370582580567,0.515949567159017,0.43092232942581177,0.45593838691711425,0.52144775390625,0.3758092522621155,0.6311858177185059,0.5297226270039876,0.9571869969367981,0.4000993728637695,0.5073708534240723,0.9531134366989136,0.6873281002044678,0.7963277180989583,0.9360722899436951,0.3398306369781494,0.7346380869547526,0.9316446185112,0.7443020820617676,0.9771621704101563,0.86795574426651,0.3055604934692383,0.9806548436482747,0.8567482233047485,0.5885498523712158,0.7766436894734701,0.8343960046768188,0.4336540699005127,0.7742994944254558,0.8251376152038574,0.6621170520782471,0.873089599609375,0.20182032883167267,0.4094973564147949,0.8656431833902994,0.20210812985897064,0.7135095596313477,0.9612562815348308,0.03478216379880905,0.44310636520385743,0.9647434234619141,0.03507751598954201
pushup,0.502351951599121,0.5796441396077474,0.9894009232521057,0.5191247463226318,0.5480029424031575,0.9571830630302429,0.47510619163513185,0.5530953725179036,0.9712747931480408,0.553194808959961,0.46989647547403973,0.4690869152545929,0.4392682075500488,0.48447291056315106,0.6386507749557495,0.6163265228271484,0.5085912704467773,0.9660934805870056,0.38750286102294923,0.5029668807983398,0.9729496836662292,0.6771211147308349,0.7684555689493815,0.9201540350914001,0.3330125331878662,0.7363837560017904,0.9427542090415955,0.7363161087036133,0.9645863850911458,0.8587908744812012,0.3043478488922119,0.9871352513631185,0.8828663229942322,0.5758801460266113,0.8349993387858073,0.7134485244750977,0.42267742156982424,0.8370109558105469,0.7337254881858826,0.6277268886566162,0.8901585261027019,0.08478499203920364,0.38462324142456056,0.8814388275146484,0.09408266097307205,0.6650557518005371,0.9695139567057292,0.013516378588974476,0.41022281646728515,0.9547843297322591,0.014367405325174332
pushup,0.49031705856323243,0.5453941345214843,0.9949624538421631,0.5128893852233887,0.508014710744222,0.9815955758094788,0.45981264114379883,0.5118783950805664,0.9873078465461731,0.5503255367279053,0.4496966044108073,0.6458286643028259,0.4169893264770508,0.4611554463704427,0.7714465260505676,0.604143476486206,0.49755471547444663,0.9821653962135315,0.37672626972198486,0.5084920565287272,0.9846410155296326,0.6788004398345947,0.7258315404256185,0.9338164925575256,0.3269484519958496,0.7375644048055013,0.9501731991767883,0.7209471225738525,0.9347565333048503,0.8859853148460388,0.31244897842407227,0.9772324879964193,0.898783802986145,0.5640501976013184,0.76542542775472,0.8389302492141724,0.41351494789123533,0.7732077916463216,0.847391664981842,0.6035350799560547,0.8616099675496419,0.20213742554187775,0.37467806339263915,0.8680666605631511,0.21619343757629395,0.6131882667541504,0.9679281870524089,0.029485829174518585,0.3806183338165283,0.9702205657958984,0.03043328784406185
pushup,0.4874111175537109,0.5197908719380696,0.9947156310081482,0.5093766689300537,0.483123779296875,0.9809577465057373,0.4577791690826416,0.48890056610107424,0.9867165088653564,0.543901014328003,0.4295148531595866,0.6814029216766357,0.4155843734741211,0.4450238545735677,0.7967427968978882,0.5968694686889648,0.48534727096557617,0.9874449968338013,0.3760830879211426,0.5113135655721028,0.98776775598526,0.6781330585479737,0.697298812866211,0.943924605846405,0.32725460529327394,0.7352848052978516,0.9476667642593384,0.709267520904541,0.9120020548502604,0.8617525696754456,0.30831968784332275,0.9668076833089193,0.8604944944381714,0.5606485843658447,0.8433244069417317,0.9038006663322449,0.41219172477722166,0.8591537475585938,0.9037742018699646,0.5897778987884521,1.0,0.09218730032444,0.3843617677688599,1.0,0.09247414767742157,0.6099714279174805,1.0,0.007568772882223129,0.40973730087280275,1.0,0.007182891480624676
pushup,0.4902950763702393,0.5166233698527019,0.9946622252464294,0.512195634841919,0.4791947682698568,0.9783788919448853,0.4601284980773926,0.4856027921040853,0.9877503514289856,0.5460152149200439,0.4286704381306966,0.6563649773597717,0.4168522834777832,0.4450429916381836,0.8373316526412964,0.6009568214416504,0.4917974789937337,0.9873892068862915,0.37137436866760254,0.5142688751220703,0.9895245432853699,0.6757296085357666,0.7021990458170573,0.934661865234375,0.3299555778503418,0.7347122192382812,0.9491599202156067,0.7143778800964355,0.9070826212565104,0.8405992388725281,0.309818172454834,0.9652174631754558,0.8567143678665161,0.5579314708709717,0.8448122660319011,0.878596842288971,0.4056278705596924,0.8572397232055664,0.8861260414123535,0.588743257522583,1.0,0.09008017182350159,0.38286685943603516,1.0,0.09557737410068512,0.6255498409271241,1.0,0.008511620573699474,0.43025999069213866,1.0,0.008652640506625175
pushup,0.49941072463989256,0.5257192611694336,0.9948264956474304,0.5210193634033203,0.4869893391927083,0.9764488935470581,0.46779642105102537,0.4936480204264323,0.9894965291023254,0.5539485454559326,0.43577216466267904,0.5753031373023987,0.4208559036254883,0.4524173100789388,0.8602913618087769,0.6037644386291504,0.4978512763977051,0.9846292734146118,0.37579998970031736,0.5162720362345378,0.9892011880874634,0.6774272918701172,0.7162554423014323,0.9228800535202026,0.32965247631072997,0.7370609919230143,0.9514950513839722,0.7149005889892578,0.9145968119303386,0.8285143375396729,0.3152965545654297,0.9648684183756511,0.8720057606697083,0.5626695156097412,0.8291618347167968,0.8687973022460938,0.4113794803619385,0.8428521474202474,0.8847365379333496,0.5998170852661133,1.0,0.08976302295923233,0.39456820487976074,1.0,0.10317748039960861,0.6310235023498535,1.0,0.008117752149701118,0.4268171787261963,1.0,0.008556460961699486
pushup,0.5052727699279785,0.5297797838846843,0.994549572467804,0.5281654357910156,0.49087702433268227,0.9791391491889954,0.4737441062927246,0.4979167302449544,0.9877578020095825,0.563191032409668,0.4352953275044759,0.6439821720123291,0.42923750877380373,0.45300957361857097,0.8279328942298889,0.6135640144348145,0.49439605077107746,0.9845585227012634,0.3822488307952881,0.5162954648335775,0.987798273563385,0.6819267749786377,0.7113768259684244,0.9282591342926025,0.3310535192489624,0.7378494898478191,0.9431576132774353,0.7169854640960693,0.9153174718221029,0.8382639288902283,0.3117818355560303,0.9662801106770833,0.8551607728004456,0.569364595413208,0.8371707916259765,0.8554515838623047,0.4166390419006348,0.8524151484171549,0.8636119961738586,0.6029788017272949,1.0,0.07820417732000351,0.3977757453918457,1.0,0.08279470354318619,0.6405641555786132,1.0,0.007370638195425272,0.44161486625671387,1.0,0.00735065434128046
pushup,0.5124061107635498,0.5246055920918783,0.9942571520805359,0.5356555461883545,0.4854593594868978,0.9784664511680603,0.480925178527832,0.4922634124755859,0.9879620671272278,0.5711170196533203,0.4346975008646647,0.657793402671814,0.4367083549499512,0.4518681844075521,0.8417479991912842,0.6202826499938965,0.4953509648640951,0.9848184585571289,0.3870725393295288,0.5122467041015625,0.9886154532432556,0.6890127182006835,0.7193579991658529,0.9242402911186218,0.331961989402771,0.7349252065022787,0.9449977278709412,0.7202621459960937,0.9247961044311523,0.82383793592453,0.31256871223449706,0.9725739161173502,0.8506044745445251,0.5667181015014648,0.7904021581013997,0.8556849956512451,0.4133450508117676,0.8033507029215495,0.8663782477378845,0.6124038696289062,0.9741013844807943,0.10044543445110321,0.40193610191345214,0.987342643737793,0.11080091446638107,0.649005937576294,1.0,0.009674550965428352,0.4362781047821045,1.0,0.009999522008001804
pushup,0.5183578968048096,0.5297573407491049,0.9949147701263428,0.542257833480835,0.48989429473876955,0.9798357486724854,0.4863905906677246,0.49646673202514646,0.9891674518585205,0.5777052879333496,0.43746309280395507,0.6362511515617371,0.43988685607910155,0.4535733540852865,0.8416888117790222,0.626085901260376,0.5022651354471842,0.9833715558052063,0.3901748418807983,0.5177665710449219,0.9884335398674011,0.6997274398803711,0.7235437393188476,0.9212789535522461,0.3298595428466797,0.7347153981526693,0.9461580514907837,0.7247277736663819,0.9230001449584961,0.832763135433197,0.3105948448181152,0.9666042327880859,0.8641204833984375,0.5744490623474121,0.8323776245117187,0.8278826475143433,0.41825294494628906,0.8451037724812825,0.8444640040397644,0.6096640586853027,0.9868745803833008,0.0703636184334755,0.39525935649871824,1.0,0.07875031232833862,0.643170690536499,1.0,0.0072025456465780735,0.4336134910583496,1.0,0.007384630851447582
pushup,0.5188380241394043,0.5605519612630209,0.9942514896392822,0.543177318572998,0.5262158393859864,0.9786924719810486,0.4892725467681885,0.5269176801045735,0.9868349432945251,0.5777297973632812,0.46673444112141926,0.6071882247924805,0.44199094772338865,0.4699499448140462,0.8047693371772766,0.6296313285827637,0.5156539916992188,0.9774854183197021,0.38566861152648924,0.5272466977437337,0.9830572009086609,0.7123642444610596,0.720352045694987,0.9117462635040283,0.3175503730773926,0.7438201904296875,0.9301890134811401,0.7311273574829101,0.9109645843505859,0.8598067164421082,0.3064170598983765,0.9838167190551758,0.8695772886276245,0.5849135398864747,0.8841641743977865,0.7121266722679138,0.4250223636627197,0.8942363739013672,0.7243890762329102,0.6073196411132813,0.9687025705973308,0.04814402386546135,0.3954185962677002,0.9816375096638997,0.050376806408166885,0.6066365242004395,0.969830067952474,0.006707524880766869,0.4391644477844238,0.9755902608235677,0.006606643553823233
pushup,0.5150925159454346,0.5818100611368815,0.9890851378440857,0.5375511169433593,0.5523888905843098,0.9624433517456055,0.4905587673187256,0.5501607259114584,0.9669389128684998,0.5721169948577881,0.48798745473225913,0.5617272853851318,0.45169987678527834,0.48498385747273765,0.621633768081665,0.6278245925903321,0.5401365915934245,0.962617039680481,0.3931966543197632,0.5419782638549805,0.9687040448188782,0.7205733299255371,0.7240753173828125,0.8959778547286987,0.31331255435943606,0.7360338846842448,0.9084107279777527,0.729733943939209,0.9254664103190104,0.8807237148284912,0.3027310609817505,0.9850690841674805,0.8759005069732666,0.5661851406097412,0.944680658976237,0.5154029726982117,0.4179851531982422,0.9461959838867188,0.5231900215148926,0.5506878852844238,0.9391787846883138,0.029789483174681664,0.38172805309295654,0.9459709167480469,0.03035154566168785,0.5012535572052002,0.974940808614095,0.005541131366044283,0.4236183166503906,0.9782896041870117,0.005334620829671621
pushup,0.5231311321258545,0.5675643920898438,0.542229413986206,0.5309331893920899,0.5512219746907552,0.1580175906419754,0.5170390129089355,0.5492446899414063,0.42296451330184937,0.5363599777221679,0.550301996866862,0.053444791585206985,0.5004003524780274,0.5451478958129883,0.3871719241142273,0.5463011741638184,0.6313709259033203,0.6811959743499756,0.4246217250823975,0.6112398147583008,0.9273355603218079,0.5557929992675781,0.7523297627766927,0.6161681413650513,0.29064412117004396,0.7439950307210287,0.9269116520881653,0.5724220275878906,0.7731646855672201,0.5923178791999817,0.3082798957824707,0.975588607788086,0.8271121382713318,0.4785576820373535,0.9288928349812825,0.6076719164848328,0.3977583169937134,0.9276727676391602,0.7579977512359619,0.4671358585357666,0.9512163798014323,0.047559332102537155,0.3870848178863525,0.9509024302164714,0.08477962762117386,0.4688863754272461,0.9868171056111653,0.009541753679513931,0.3998089075088501,0.9708712259928386,0.013505974784493446
pushup,0.521008825302124,0.7721681594848633,0.9877848625183105,0.5442739486694336,0.7416492462158203,0.9619542956352234,0.4973308086395264,0.7402826944986979,0.9854442477226257,0.5810506820678711,0.7081066131591797,0.48723578453063965,0.4616567134857178,0.6999146143595377,0.8302923440933228,0.6140082359313965,0.7821785608927408,0.8772426247596741,0.3990616321563721,0.7042689641316732,0.9500900506973267,0.6898103713989258,0.9095207850138346,0.5598878264427185,0.2938897132873535,0.7505377451578776,0.8483712077140808,0.7318292617797851,0.9400196075439453,0.6289561986923218,0.31304311752319336,0.9821738560994466,0.8146055936813354,0.5082512855529785,0.9542303721110026,0.1989464908838272,0.370642876625061,0.9234751383463542,0.28270280361175537,0.5401734828948974,0.8839253743489583,0.024802494794130325,0.34328131675720214,0.8480449040730794,0.042926888912916183,0.5542669773101807,0.9518635431925456,0.009806131012737751,0.3600682020187378,0.9252318700154623,0.013973989523947239
pushup,0.5294133186340332,0.8888301213582357,0.726296603679657,0.5422877311706543,0.8636737823486328,0.4313128888607025,0.5158364772796631,0.8632511774698893,0.6869905591011047,0.5606485843658447,0.7892349243164063,0.08654149621725082,0.4759503364562988,0.7865165074666342,0.42704156041145325,0.5967008113861084,0.7143547693888347,0.8223825693130493,0.38058905601501464,0.7003203709920247,0.8179333209991455,0.7100298404693604,0.7902729034423828,0.822578489780426,0.28039391040802003,0.7823093414306641,0.811644971370697,0.7623226642608643,0.9482781092325846,0.7504391670227051,0.2794471263885498,0.9937007904052735,0.6977410316467285,0.4723764419555664,0.6783698399861654,0.8326257467269897,0.33656015396118166,0.6716787974039714,0.8080145716667175,0.5071201801300049,0.8255760192871093,0.5075317621231079,0.3182192802429199,0.8094468434651693,0.46375277638435364,0.5458523273468018,0.8906766891479492,0.1834268718957901,0.35538249015808104,0.8600496927897135,0.16001735627651215
pushup,0.49005990028381347,0.6512579600016276,0.014062079600989819,0.4755378246307373,0.6406837463378906,0.006626787129789591,0.503295612335205,0.6441031138102213,0.003953014500439167,0.4474010944366455,0.6479488372802734,0.46330419182777405,0.5500449657440185,0.654979960123698,0.3015580177307129,0.4190512657165527,0.7067984898885091,0.8133890628814697,0.6198574066162109,0.716873296101888,0.8573668003082275,0.44724082946777344,0.7424046198527018,0.4387691617012024,0.7025947570800781,0.7991996765136719,0.5460726618766785,0.5383020401000976,0.755152702331543,0.23846566677093506,0.6985278606414795,0.9108773549397786,0.22844156622886658,0.43832783699035643,0.7348045349121094,0.7253843545913696,0.5871589660644532,0.7310813268025717,0.7490665912628174,0.337678050994873,0.7610450744628906,0.6774181127548218,0.5170925617218017,0.7453470230102539,0.6881340146064758,0.3560888051986694,0.8760834376017252,0.40409547090530396,0.5312643051147461,0.8441221872965495,0.4175834655761719
pushup,0.5002263069152832,0.9224050521850586,0.013571485877037048,0.5008631229400635,0.9106855392456055,0.03599404916167259,0.5228939533233643,0.9051287968953451,0.0018937800778076053,0.49094529151916505,0.9351185480753581,0.9865406155586243,0.6085582733154297,0.9212722778320312,0.629986584186554,0.4694307804107666,1.0,0.3691316246986389,0.6387774467468261,1.0,0.4357414245605469,0.44455671310424805,1.0,0.00618516793474555,0.62923264503479,0.9970173517862956,0.005509990267455578,0.4715378761291504,0.9427716573079427,0.001584768877364695,0.5865419387817383,0.9521500905354817,0.0014717583544552326,0.5246257305145263,1.0,0.0008283699862658978,0.6399169921875,1.0,0.0013473737053573132,0.5040879249572754,0.9746117273966471,0.0005957328830845654,0.6095964908599854,0.9702763875325521,0.000674779643304646,0.513602876663208,0.9876959482828777,0.005329573061317205,0.6194318294525146,0.9776404062906902,0.0060091703198850155
pushup,0.5651001453399658,0.8683176676432292,0.002950509311631322,0.5494005680084229,0.8794072469075521,0.001780793652869761,0.5833399295806885,0.8777374267578125,0.001491628005169332,0.5142468452453614,0.9314857482910156,0.04262879863381386,0.6106220722198487,0.9289889653523763,0.03093115985393524,0.46207003593444823,0.9562722524007161,0.09001472592353821,0.641385555267334,0.9241995493570964,0.0915386900305748,0.436522388458252,0.8799970626831055,0.13302156329154968,0.5816654205322266,0.8148107528686523,0.12295237928628922,0.5045222759246826,0.9048956553141276,0.2226046621799469,0.5322307586669922,0.9130321502685547,0.1832374632358551,0.46228914260864257,0.8010343551635742,0.29150423407554626,0.5814519405364991,0.7868986129760742,0.28420794010162354,0.43596324920654295,0.63160400390625,0.5745946764945984,0.5250777244567871,0.631634012858073,0.5396167039871216,0.4734059810638428,0.607248051961263,0.8010077476501465,0.4803135395050049,0.6099202473958333,0.7791649699211121
pushup,0.5931454181671143,0.9282405853271485,0.004475954920053482,0.5725793361663818,0.9383385976155599,0.0019696755334734917,0.6088822364807129,0.9417771021525065,0.0035029142163693905,0.524620532989502,0.9682356516520182,0.062464553862810135,0.6329517841339112,0.9780509312947591,0.1834736168384552,0.46152682304382325,0.9545838673909505,0.23981080949306488,0.6662294864654541,0.9410312652587891,0.3446534276008606,0.40087194442749025,0.8556009928385416,0.1612870842218399,0.6460000991821289,0.8220387776692708,0.2358788400888443,0.42393999099731444,0.8522391637166341,0.1702660471200943,0.5998443126678467,0.8582405090332031,0.19812984764575958,0.43870768547058103,0.8025573094685873,0.5009174346923828,0.5818527698516845,0.7893650690714519,0.5417652726173401,0.37136549949645997,0.6367143630981446,0.7564030289649963,0.5483695983886718,0.6139606475830078,0.7597039341926575,0.3932985305786133,0.6094666798909505,0.9121765494346619,0.5463682651519776,0.5647575378417968,0.9109857082366943
pushup,0.5836234092712402,0.9133826573689778,0.015609636902809143,0.5677112102508545,0.9343217213948568,0.007068261504173279,0.6040138721466064,0.9288443247477214,0.009510966017842293,0.5257296085357666,0.982691764831543,0.20722976326942444,0.6380593776702881,0.969369633992513,0.3800341486930847,0.4586446762084961,0.9784462610880534,0.6830490827560425,0.6675166606903076,0.9204904556274414,0.7308230996131897,0.38300371170043945,0.8968693415323893,0.43743643164634705,0.6499711513519287,0.7725596110026042,0.5050053000450134,0.3804181098937988,0.8990252176920573,0.35141628980636597,0.6077261924743652,0.8036745707194011,0.38604024052619934,0.4266077995300293,0.8181046803792318,0.7923104166984558,0.5703060626983643,0.7871440887451172,0.8093335032463074,0.3797250270843506,0.6218313852945964,0.8995674848556519,0.5554840087890625,0.5830193201700846,0.9039990901947021,0.3889045715332031,0.5937225341796875,0.963079571723938,0.5620931625366211,0.5474388122558593,0.9637941718101501
pushup,0.5929888248443603,0.855633290608724,0.0025520434137433767,0.5782116889953614,0.8669198354085287,0.0010947692207992077,0.6077300071716308,0.8646415074666342,0.0016265499871224165,0.537453031539917,0.9159562428792317,0.044053416699171066,0.6294575214385987,0.9097017288208008,0.1152447834610939,0.4714064121246338,0.9369880676269531,0.2466708868741989,0.6591992855072022,0.895622444152832,0.3029276728630066,0.4205143928527832,0.8916113535563152,0.1964612752199173,0.6547020435333252,0.8087509791056315,0.2380610853433609,0.4513241767883301,0.8950669606526692,0.19309458136558533,0.5924621105194092,0.8441251754760742,0.21434618532657623,0.4416769504547119,0.8106130599975586,0.5986397862434387,0.5684133529663086,0.78651123046875,0.6190429329872131,0.3958594560623169,0.658917490641276,0.8155001401901245,0.5286785125732422,0.6218278884887696,0.8141140937805176,0.4417888164520264,0.6131629308064779,0.9313707947731018,0.542231559753418,0.5612785339355468,0.9299269914627075
pushup,0.5974346160888672,0.8290331522623698,0.004416866227984428,0.5847440242767334,0.8406604766845703,0.002064690925180912,0.6124042987823486,0.835946528116862,0.0022073048166930676,0.5486369132995605,0.8936482747395833,0.03869817405939102,0.6294841289520263,0.8837303161621094,0.052347421646118164,0.4887360095977783,0.9190998713175456,0.20088639855384827,0.6480511665344239,0.8757090250651042,0.1757824420928955,0.45624938011169436,0.8581165949503581,0.23632550239562988,0.5986456394195556,0.7734970728556315,0.1861923635005951,0.5113532543182373,0.8887784957885743,0.27899694442749023,0.5383249282836914,0.8521697362263997,0.2186790257692337,0.466782808303833,0.801748784383138,0.5411894917488098,0.5726717948913574,0.7795791625976562,0.5069678425788879,0.42982845306396483,0.6548292160034179,0.7643700838088989,0.5224514007568359,0.6316414515177409,0.7172592282295227,0.4708509922027588,0.6381927490234375,0.8794995546340942,0.5043470859527588,0.6061534881591797,0.8582531213760376
pushup,0.487683629989624,0.8055805206298828,0.0035553325433284044,0.4721840858459473,0.80806884765625,0.002076101489365101,0.5074423789978028,0.8081689834594726,0.0015636635944247246,0.4471839427947998,0.8445667266845703,0.08583322912454605,0.5538937091827393,0.8430475234985352,0.057628877460956573,0.41806979179382325,0.8909102121988932,0.12978941202163696,0.6154472351074218,0.8544293721516927,0.2633139491081238,0.43042659759521484,0.8468944549560546,0.09951881319284439,0.6062528133392334,0.7705012003580729,0.2641453742980957,0.5058718204498291,0.8789953231811524,0.14529865980148315,0.545569658279419,0.8280046463012696,0.27818357944488525,0.44063892364501955,0.7695840199788412,0.33580222725868225,0.575734806060791,0.7496702194213867,0.4543018341064453,0.4054113864898682,0.6504308064778646,0.5852026343345642,0.5107872962951661,0.6366950988769531,0.6924835443496704,0.4577627182006836,0.6088459014892578,0.7658262252807617,0.48381719589233396,0.5952756881713868,0.816268265247345
pushup,0.4909346580505371,0.5477951685587565,0.04098300263285637,0.48572425842285155,0.5342393239339193,0.021749211475253105,0.5012098789215088,0.534692891438802,0.009171701967716217,0.456800651550293,0.5586892445882161,0.8977816700935364,0.5508774280548095,0.5590301513671875,0.6434676051139832,0.39975159168243407,0.6840517679850261,0.9813047647476196,0.6250746726989747,0.6755849202473958,0.973341703414917,0.36371417045593263,0.8044071833292643,0.6909979581832886,0.7004931926727295,0.797232182820638,0.5802488923072815,0.4150095462799072,0.7813481648763021,0.2725827395915985,0.6794792175292969,0.8257085800170898,0.18691593408584595,0.4297922134399414,0.8032886505126953,0.8372594714164734,0.5992053508758545,0.8002774556477864,0.8143444061279297,0.36958904266357423,0.7628059387207031,0.7524086833000183,0.6100782871246337,0.7592861175537109,0.7272835373878479,0.3748144626617432,0.8874241511027018,0.44615232944488525,0.6670379638671875,0.8919479370117187,0.4256633520126343
pushup,0.5252413749694824,0.7593905131022135,0.06482880562543869,0.5131590366363525,0.7441147486368815,0.03334974870085716,0.5362884521484375,0.7496160507202149,0.01433416735380888,0.5253777980804444,0.7286151250203451,0.3092750906944275,0.589750099182129,0.7366570790608724,0.16543114185333252,0.5587501525878906,0.7384817759195964,0.6778306365013123,0.6469355583190918,0.7248875300089518,0.753912627696991,0.7315891265869141,0.7541107177734375,0.6430279016494751,0.7458585739135742,0.7489476521809896,0.8210943937301636,0.7267189502716065,0.9826071421305339,0.5525108575820923,0.6617199897766113,1.0,0.6742818355560303,0.47649321556091306,0.7262081146240235,0.42920613288879395,0.5314472675323486,0.7028966267903646,0.49836409091949463,0.5401533126831055,0.6956274668375652,0.12946559488773346,0.5059216976165771,0.6656347910563151,0.21000008285045624,0.5584704399108886,0.8476922988891602,0.04246136173605919,0.4545904159545898,0.8106824239095052,0.06288772821426392
pushup,0.5082395076751709,0.7686185836791992,0.9584957361221313,0.5291045188903809,0.743515141805013,0.8772605061531067,0.49232091903686526,0.7406902949015299,0.9455189108848572,0.5641760349273681,0.7139399846394857,0.3604500889778137,0.4675342082977295,0.6999577840169271,0.6937978267669678,0.5979290008544922,0.7912521362304688,0.7437009811401367,0.40097875595092775,0.7093029022216797,0.957771897315979,0.624712610244751,0.9207015991210937,0.4372931718826294,0.27848060131073,0.7521828969319662,0.8991196155548096,0.5896738529205322,0.9342170715332031,0.5550426840782166,0.3123659133911133,0.9619450887044271,0.8694159984588623,0.5281424999237061,0.997406005859375,0.23125478625297546,0.40209379196166994,0.9635570526123047,0.4340185523033142,0.5038373947143555,0.9770348230997722,0.022330177947878838,0.3430856466293335,0.9352628072102864,0.052149880677461624,0.5291756629943848,0.9902195612589518,0.007614591158926487,0.3960580348968506,0.954136848449707,0.013635052368044853
pushup,0.5231088161468506,0.6823949813842773,0.9725932478904724,0.5385783195495606,0.6599084218343099,0.8446645140647888,0.5111789703369141,0.6589068094889323,0.9708966016769409,0.5559755325317383,0.6356656392415364,0.1773620992898941,0.48255119323730467,0.6273727416992188,0.8618955612182617,0.5473636627197266,0.6901880264282226,0.8258188962936401,0.40705671310424807,0.6459096908569336,0.9814164638519287,0.5430608749389648,0.7837851206461589,0.6298202276229858,0.29414949417114256,0.7374312718709309,0.9598627090454102,0.5548044204711914,0.8006949742635091,0.7469496726989746,0.31297452449798585,0.9509431838989257,0.9421337246894836,0.43209052085876465,0.8354230244954427,0.5235618948936462,0.3417346715927124,0.8149272282918294,0.732624351978302,0.39539103507995604,0.8497940063476562,0.166005939245224,0.2852643013000488,0.8217854181925456,0.3080512285232544,0.4181316375732422,0.9840261459350585,0.04683500528335571,0.3044304847717285,0.953422737121582,0.07472318410873413
pushup,0.5303109645843506,0.634542973836263,0.9117633700370789,0.5449337959289551,0.6102375666300456,0.7539607286453247,0.5147011280059814,0.6117860158284505,0.7775722742080688,0.5706816673278808,0.5489020665486654,0.33017823100090027,0.4855456829071045,0.5523717880249024,0.4052562117576599,0.6312861442565918,0.5696317036946614,0.9436314702033997,0.39713659286499026,0.5772397359212239,0.9234921932220459,0.7514912128448487,0.736019515991211,0.887470006942749,0.29511175155639646,0.7557284037272135,0.8236734867095947,0.742215919494629,0.9436173756917318,0.8377595543861389,0.30901098251342773,0.9888559977213541,0.7563022971153259,0.530016565322876,0.7895790100097656,0.5118107199668884,0.3949540853500366,0.797168223063151,0.44381004571914673,0.525782585144043,0.8131508509318034,0.06608579307794571,0.41328840255737304,0.8464160283406575,0.05493913218379021,0.4759653091430664,0.9121533711751302,0.010663577355444431,0.47557435035705564,0.9557014465332031,0.008787835016846657
pushup,0.5253027439117431,0.603909428914388,0.9933903217315674,0.546974515914917,0.5725845336914063,0.9740036129951477,0.49793238639831544,0.5737038930257161,0.9853556752204895,0.5797254562377929,0.4984621365865072,0.535060703754425,0.45293631553649905,0.5033289909362793,0.7830369472503662,0.6373002052307128,0.5219539642333985,0.9717091917991638,0.38640341758728025,0.5369269053141276,0.9801592826843262,0.7211766242980957,0.71601988474528,0.9114598631858826,0.3165078639984131,0.7456274032592773,0.9370454549789429,0.7300989151000976,0.9042973836263021,0.8762093782424927,0.3098829030990601,0.9875005086263021,0.8906151652336121,0.5857378482818604,0.8649831136067708,0.7296531796455383,0.42125673294067384,0.8773062388102214,0.7460987567901611,0.6243073463439941,0.9193792343139648,0.07441098242998123,0.38599300384521484,0.942092768351237,0.08128616958856583,0.6240487575531006,0.952482032775879,0.012099610641598701,0.42406435012817384,0.9797808329264323,0.012187093496322632
pushup,0.5186862945556641,0.5960796356201172,0.9936041235923767,0.5418938636779785,0.5643710454305013,0.9803907871246338,0.49053187370300294,0.5652453740437825,0.9827100038528442,0.5792341232299805,0.4815360069274902,0.6525853276252747,0.44969921112060546,0.48780193328857424,0.705592930316925,0.6366460800170899,0.4987302780151367,0.9766205549240112,0.392515230178833,0.5128752390543619,0.9769734740257263,0.7136535167694091,0.709606679280599,0.9215536713600159,0.32359840869903567,0.7395563125610352,0.9179352521896362,0.7285348892211914,0.9010478973388671,0.8890771865844727,0.30311360359191897,0.9919498443603516,0.8631222248077393,0.5713837146759033,0.8279674530029297,0.7588824033737183,0.4162896633148193,0.8363108317057292,0.7464035153388977,0.583254051208496,0.933426030476888,0.10400205105543137,0.38965716361999514,0.9491817474365234,0.09910444170236588,0.5641221046447754,0.967120869954427,0.015410162508487701,0.42148828506469727,0.988994852701823,0.014290220104157925
pushup,0.5217635154724121,0.6059661865234375,0.985565721988678,0.542203712463379,0.5752082824707031,0.9530932307243347,0.4953042984008789,0.5773309071858724,0.9601632952690125,0.5769274711608887,0.4917819341023763,0.5206515789031982,0.45633797645568847,0.5000387191772461,0.6102038621902466,0.6366747856140137,0.5025007883707683,0.9727980494499207,0.3918598651885986,0.5146558443705241,0.9704219698905945,0.71043381690979,0.7213162104288737,0.9304530024528503,0.3255209684371948,0.7417953491210938,0.9181774854660034,0.733055591583252,0.9233406066894532,0.8767155408859253,0.30027427673339846,0.9916100184122721,0.8460524082183838,0.5740706920623779,0.7958019892374675,0.8103073239326477,0.41867599487304685,0.805627187093099,0.791467547416687,0.6031822204589844,0.8973640441894531,0.1575315147638321,0.3973380565643311,0.9146392822265625,0.14730174839496613,0.600563383102417,0.9743152618408203,0.024355273693799973,0.4363399505615234,1.0,0.022423099726438522
pushup,0.5205227851867675,0.6428904851277669,0.9575759172439575,0.538681936264038,0.6211634318033854,0.8975329995155334,0.5036129474639892,0.6192586263020833,0.8696385025978088,0.5686718940734863,0.5605691274007162,0.5810326933860779,0.4750800132751465,0.5572759628295898,0.4677101671695709,0.6442597866058349,0.5815555572509765,0.9525554180145264,0.3976825952529907,0.5910267512003581,0.9667450189590454,0.7355795860290527,0.716590690612793,0.8776155114173889,0.29714007377624513,0.7334051767985026,0.8852814435958862,0.6576740741729736,0.9686440785725912,0.8369098901748657,0.304975700378418,0.966769027709961,0.8323380947113037,0.5927055835723877,0.954051399230957,0.49640780687332153,0.4464414119720459,0.95528564453125,0.5039780139923096,0.5681393623352051,0.914692497253418,0.030843541026115417,0.4404707431793213,0.9073641459147136,0.03152743726968765,0.5121882438659668,0.9675249735514323,0.006308114621788263,0.5437329292297364,0.9420138676961263,0.0064309933222830296
pushup,0.4883118152618408,0.6412597020467122,0.02137562818825245,0.48710241317749026,0.6237781524658204,0.00848916731774807,0.5164192676544189,0.6216402053833008,0.003661881200969219,0.48139123916625975,0.6415292104085286,0.7957980036735535,0.6020478248596192,0.6271573384602864,0.4291519224643707,0.44371399879455564,0.7503526051839192,0.8124024271965027,0.6656691074371338,0.731704584757487,0.9612846374511719,0.3151470899581909,0.7957141876220704,0.5075467824935913,0.7118741989135742,0.779111671447754,0.8873637318611145,0.2778820514678955,0.9320778528849284,0.3577567934989929,0.740050983428955,0.9588556925455729,0.686829149723053,0.4883412837982178,1.0,0.21447408199310303,0.6284578323364258,0.998852793375651,0.4203617572784424,0.4103425979614258,0.8668326695760091,0.025649074465036392,0.5372447490692138,0.8328046162923177,0.05915234610438347,0.444442081451416,0.9712345759073894,0.007562253158539534,0.5572095394134522,0.9224178314208984,0.014169782400131226
pushup,0.46702880859375,0.7526927947998047,0.06790131330490112,0.4686412811279297,0.7349176406860352,0.0454755574464798,0.5064188957214355,0.7346731821695963,0.004530685488134623,0.4811800479888916,0.740557861328125,0.7158034443855286,0.5889074325561523,0.7368204116821289,0.015576713718473911,0.4518878936767578,0.8364292780558268,0.6305835843086243,0.5950744152069092,0.8208689371744792,0.6623587012290955,0.2770712852478027,0.8098811467488607,0.6348499059677124,0.380613899230957,0.7679780324300131,0.4845062792301178,0.3010680675506592,0.9623716990152995,0.7099111676216125,0.31082377433776853,0.9723203023274739,0.5014663934707642,0.4777522087097168,1.0,0.10396062582731247,0.5791995048522949,0.995873769124349,0.11109128594398499,0.3177028656005859,0.8295684814453125,0.03360659256577492,0.41221251487731936,0.7982858022054037,0.0225848276168108,0.3561865329742432,0.9427646636962891,0.014355450868606567,0.4003297328948975,0.8907880783081055,0.011803227476775646
pushup,0.4937169551849365,0.8322490056355795,0.028533363714814186,0.49509854316711427,0.8190886179606119,0.052668116986751556,0.5199343204498291,0.814288584391276,0.003370430553331971,0.48314781188964845,0.8460406621297201,0.9828985929489136,0.6099837779998779,0.8359001159667969,0.6019814610481262,0.4636673927307129,0.9577383677164714,0.7403848171234131,0.6297126293182373,0.9541213989257813,0.7722855806350708,0.4456759452819824,0.9440348307291667,0.03920288383960724,0.6189960479736328,0.9479536056518555,0.033035170286893845,0.4847907543182373,0.8770345687866211,0.010335934348404408,0.5940269947052002,0.8813134511311849,0.0087196733802557,0.5021407604217529,1.0,0.006817442364990711,0.6146519660949707,1.0,0.010017073713243008,0.5229640960693359,0.951617685953776,0.0019340172875672579,0.6097386360168457,0.9522690455118815,0.0023094345815479755,0.5306148529052734,0.9380685170491536,0.006354785058647394,0.6050548553466797,0.9340487798055013,0.0075190383940935135
pushup,0.4857137203216553,0.6058905283610027,0.004000082612037659,0.4715270519256592,0.5924100875854492,0.0022009601816534996,0.5100121021270752,0.5990315755208333,0.0005073460633866489,0.4428852558135986,0.6202945709228516,0.48643943667411804,0.5748601436614991,0.6289620717366536,0.095273956656456,0.4082502841949463,0.7191888173421224,0.8024466633796692,0.6256150722503662,0.7141245524088542,0.7372930645942688,0.35262312889099123,0.8081953048706054,0.6902047991752625,0.6021184921264648,0.8021439870198568,0.4470294713973999,0.3585301399230957,0.9173440297444662,0.4815843403339386,0.5206864356994629,0.9430638631184896,0.25585871934890747,0.40920004844665525,0.7321900685628255,0.6670630574226379,0.5574359893798828,0.7153650919596354,0.6193521022796631,0.25320661067962646,0.760907236735026,0.6115239858627319,0.3611212491989136,0.7452067057291667,0.48322954773902893,0.3310700416564941,0.944769541422526,0.24066102504730225,0.3569119930267334,0.9107801437377929,0.18495148420333862
pushup,0.484314489364624,0.716009012858073,0.0032458987552672625,0.4640805244445801,0.7174760818481445,0.0018626516684889793,0.5019093990325928,0.7211453119913737,0.0008337298058904707,0.4306972026824951,0.752038319905599,0.18541690707206726,0.553736400604248,0.759924570719401,0.08480195701122284,0.42532620429992674,0.7931557973225911,0.47211992740631104,0.6048300266265869,0.7820960998535156,0.47425293922424316,0.434635066986084,0.7532233556111654,0.3107975721359253,0.6113588333129882,0.7384825388590495,0.28471508622169495,0.48645706176757814,0.765522575378418,0.23441444337368011,0.5778282165527344,0.7501918792724609,0.18911664187908173,0.44479713439941404,0.7705331802368164,0.498130202293396,0.5797303676605224,0.7494077682495117,0.49919769167900085,0.3040555477142334,0.7134973526000976,0.6247639656066895,0.46822199821472166,0.6575057347615559,0.5708752870559692,0.3304303169250488,0.8392203013102214,0.5483959913253784,0.48188190460205077,0.7327682495117187,0.5264397859573364
pushup,0.5615952491760254,0.8997717539469401,0.002261824207380414,0.5503230094909668,0.9068038940429688,0.0015088063664734364,0.5736474514007568,0.9077443440755208,0.0009164385264739394,0.5318521499633789,0.9530960083007812,0.028601698577404022,0.5969985961914063,0.9540414174397787,0.01498638279736042,0.48701958656311034,0.9690941492716472,0.06028994545340538,0.6434669494628906,0.9237911224365234,0.07717196643352509,0.44426331520080564,0.8843278884887695,0.13012343645095825,0.578787899017334,0.7884641647338867,0.14852239191532135,0.5106138706207275,0.9277671178181967,0.24329425394535065,0.5205601215362549,0.9292149861653646,0.2252180576324463,0.49103608131408694,0.8048964182535807,0.3432742953300476,0.5963772773742676,0.7807437896728515,0.37144261598587036,0.3861613988876343,0.6601882934570312,0.5904817581176758,0.49226903915405273,0.6482545852661132,0.5685511827468872,0.42019100189208985,0.6119723637898763,0.7940797209739685,0.45867671966552737,0.5949642181396484,0.7788226008415222
pushup,0.5717236995697021,0.8414766947428386,0.0011870944872498512,0.5564101219177247,0.843076515197754,0.0005838552606292069,0.5836800575256348,0.8479786554972331,0.0005966670578345656,0.5329856872558594,0.8729787826538086,0.01911836676299572,0.6089095592498779,0.8855221430460612,0.027419956400990486,0.5090967655181885,0.8959532419840495,0.0751173198223114,0.6248270511627197,0.8865509033203125,0.1479371041059494,0.4768693923950195,0.8529285430908203,0.06960967183113098,0.5889286994934082,0.8253143310546875,0.1360914558172226,0.5076257705688476,0.9347555796305339,0.08463339507579803,0.5556341171264648,0.895183817545573,0.1165958121418953,0.4783116340637207,0.7998502731323243,0.27811548113822937,0.5756407260894776,0.7839267730712891,0.3373931348323822,0.34803907871246337,0.6630168279012044,0.5800444483757019,0.5264026165008545,0.6244897206624349,0.5981343984603882,0.34538705348968507,0.6857486724853515,0.8046067357063293,0.5570357322692872,0.6104918162027995,0.8142700791358948
pushup,0.6116640090942382,0.9116212209065755,0.009470246732234955,0.5925009727478028,0.9239171346028646,0.0041000088676810265,0.6302277565002441,0.9248738606770833,0.005237271543592215,0.5498273372650146,0.9598102569580078,0.09147992730140686,0.6596296310424805,0.9603199640909831,0.18887801468372345,0.49386281967163087,0.9749962488810221,0.528337299823761,0.6792839050292969,0.9257580439249674,0.5474092960357666,0.4464143753051758,0.9219793319702149,0.35802415013313293,0.614623737335205,0.8104407628377278,0.3572489321231842,0.48345236778259276,0.9747456868489583,0.2962918281555176,0.5481924057006836,0.9110145568847656,0.2854863703250885,0.45548110008239745,0.8264992396036784,0.8018022775650024,0.5871474266052246,0.798468017578125,0.8035590052604675,0.37902679443359377,0.6758720397949218,0.9135249257087708,0.5414973735809326,0.6400430043538411,0.9042112231254578,0.42926912307739257,0.6083576202392578,0.9693655967712402,0.5521205425262451,0.5503074645996093,0.9667857885360718
pushup,0.5699580192565918,0.8171638488769531,0.0018068710342049599,0.5557660579681396,0.8207518259684244,0.0008168735657818615,0.5801900386810303,0.8226703008015951,0.0008068198221735656,0.5297942638397217,0.8637777964274088,0.019577166065573692,0.5990317344665528,0.8674559911092122,0.026022817939519882,0.49571213722229,0.9111113866170247,0.10489116609096527,0.638286018371582,0.8758164087931315,0.18806397914886475,0.4709743022918701,0.8977593104044597,0.13922572135925293,0.6007967948913574,0.8205025990804037,0.2481480985879898,0.5219159603118897,0.9562398274739583,0.17751242220401764,0.5440446376800537,0.9465479532877604,0.24384699761867523,0.502647876739502,0.8138434092203776,0.4869801998138428,0.6032251358032227,0.7934075037638346,0.5672534704208374,0.39194843769073484,0.667791748046875,0.7145702838897705,0.5145124435424805,0.6497742970784505,0.7417258024215698,0.41947355270385744,0.6057754516601562,0.8882912993431091,0.5087663650512695,0.5723135630289714,0.8948536515235901
pushup,0.5034458637237549,0.8235122680664062,0.005353204440325499,0.48408026695251466,0.8237408955891927,0.0027472551446408033,0.5170857906341553,0.8239691416422527,0.0023214302491396666,0.4512485980987549,0.8548524856567383,0.07078644633293152,0.5540215015411377,0.852872657775879,0.09763532131910324,0.4404942989349365,0.8987943013509114,0.17846807837486267,0.620435380935669,0.8624570210774739,0.3070719242095947,0.47515120506286623,0.8562228520711263,0.11692801862955093,0.6377748966217041,0.786465835571289,0.2615445852279663,0.518165922164917,0.8883458455403646,0.13197289407253265,0.563654613494873,0.8420863469441732,0.23877285420894623,0.4700284004211426,0.815906270345052,0.3506182134151459,0.5942620754241943,0.7881574630737305,0.45362982153892517,0.3936498165130615,0.7151018142700195,0.5336906909942627,0.49048566818237305,0.6742012023925781,0.6167197227478027,0.4354288101196289,0.7217568715413412,0.6471977829933167,0.4614735126495361,0.6581300099690756,0.7002090215682983
pushup,0.4789914608001709,0.658163324991862,0.00735547486692667,0.46034488677978513,0.6498547871907552,0.00467546284198761,0.5002960681915283,0.6569845835367839,0.0013927493710070848,0.4210409641265869,0.6854745229085286,0.5650194883346558,0.5687266826629639,0.6986982345581054,0.19473819434642792,0.39399189949035646,0.7578258514404297,0.7379383444786072,0.6347218990325928,0.762798563639323,0.6050037145614624,0.40324883460998534,0.7223849614461263,0.5327892303466797,0.6551259994506836,0.7351527531941732,0.3096044659614563,0.45531573295593264,0.6967901865641276,0.40430063009262085,0.6199653625488282,0.6766471862792969,0.21527042984962463,0.39416303634643557,0.7870757420857747,0.4716790020465851,0.559121036529541,0.773291015625,0.3974802792072296,0.2702037334442139,0.756075668334961,0.4609183073043823,0.394227933883667,0.7379357655843098,0.33750635385513306,0.3208765506744385,0.9547561645507813,0.19396208226680756,0.3604698419570923,0.9060240427652995,0.14568042755126953
pushup,0.49550771713256836,0.8843402862548828,0.021376552060246468,0.49626569747924804,0.8719903310139974,0.05030849203467369,0.5198914527893066,0.8666568120320638,0.002382809529080987,0.48007855415344236,0.8948407491048177,0.9791906476020813,0.604572868347168,0.8834675470987956,0.44878247380256653,0.4607654094696045,0.9846563339233398,0.3586553931236267,0.6282676696777344,0.979972775777181,0.41940388083457947,0.44577317237854003,0.9649422963460287,0.01169615052640438,0.6022892951965332,0.9719282786051432,0.008370956405997276,0.47298479080200195,0.9015026728312174,0.003957395441830158,0.5578840255737305,0.9224503835042318,0.0029593571089208126,0.5120286464691162,1.0,0.001340914168395102,0.6266656875610351,1.0,0.0020928382873535156,0.48853759765625,0.953878911336263,0.0008401512750424445,0.5893072128295899,0.9509442647298177,0.0008587078773416579,0.5101804733276367,0.9708504358927409,0.005673457868397236,0.6084869384765625,0.9630579630533854,0.005934291984885931
pushup,0.4511115550994873,0.7378877639770508,0.093976229429245,0.4554450035095215,0.7269014358520508,0.05981668084859848,0.48155713081359863,0.7287543614705404,0.016947772353887558,0.4607517719268799,0.718917719523112,0.5414094924926758,0.5272286891937256,0.7177904764811198,0.03891453519463539,0.40485167503356934,0.7432606379191081,0.6917489171028137,0.5054012298583984,0.7202230453491211,0.6207646131515503,0.2706987619400024,0.8107412974039714,0.716727077960968,0.32718064785003664,0.7595985412597657,0.46911555528640747,0.27244081497192385,0.9795481999715169,0.6873480081558228,0.3006993293762207,0.9745869954427083,0.38527557253837585,0.3525916576385498,0.7048999786376953,0.459913045167923,0.41802315711975097,0.6871920267740885,0.3994332551956177,0.21638762950897217,0.7156426747639973,0.5204451084136963,0.26354303359985354,0.7130994160970052,0.3555079996585846,0.3065403938293457,0.9628608067830403,0.24864494800567627,0.297044038772583,0.9588965733846029,0.17352814972400665
pushup,0.45930824279785154,0.7283243179321289,0.10340218991041183,0.45919318199157716,0.7148052851359049,0.07680807262659073,0.49812636375427244,0.7058722178141276,0.00601427024230361,0.48650083541870115,0.7318721135457357,0.8202765583992004,0.5977607727050781,0.7014516830444336,0.04693535342812538,0.4865246772766113,0.8514312744140625,0.7204936146736145,0.6305030822753906,0.7715615590413412,0.8995290994644165,0.38144004344940186,0.8572911580403646,0.5311641097068787,0.45481462478637696,0.7182256698608398,0.7896274328231812,0.3134674072265625,0.992840576171875,0.4651857316493988,0.2847275733947754,0.9991019566853842,0.636386513710022,0.47575745582580564,0.9731099446614583,0.07761069387197495,0.5788056373596191,0.9162532806396484,0.16405735909938812,0.3033785820007324,0.8034507115681966,0.015142855234444141,0.393635892868042,0.7322715123494467,0.02628546580672264,0.30321755409240725,0.9500316619873047,0.004255047533661127,0.35307965278625486,0.8773836771647135,0.006984338629990816
pushup,0.46292691230773925,0.6480613072713216,0.17685680091381073,0.4636837482452393,0.6299729665120443,0.094124935567379,0.4753807544708252,0.6278907140096028,0.020760927349328995,0.49349474906921387,0.6277571360270182,0.3880881071090698,0.5275814056396484,0.6187367757161458,0.04229804500937462,0.596072006225586,0.7288966496785482,0.8182356357574463,0.5024980545043946,0.6937151590983073,0.8910141587257385,0.7135408878326416,0.7817976633707683,0.7342322468757629,0.35863409042358396,0.7261091868082682,0.8512148261070251,0.7393129348754883,0.9571275075276693,0.581413745880127,0.2525260210037231,0.9848608652750651,0.672920286655426,0.5734328269958496,1.0,0.34979379177093506,0.5331806659698486,1.0,0.44455090165138245,0.5000802993774414,0.9839056015014649,0.01299174502491951,0.4922175407409668,0.902399190266927,0.019936837255954742,0.4786066055297852,1.0,0.0022366554476320744,0.5143862724304199,0.898599116007487,0.0034708306193351746
pushup,0.5008341789245605,0.6396013259887695,0.9547091126441956,0.5199106693267822,0.6201744079589844,0.8983860611915588,0.48549842834472656,0.6161884943644206,0.8545665144920349,0.5548782348632812,0.5542689005533854,0.6093513369560242,0.46213374137878416,0.5464010874430338,0.40943610668182373,0.6380936622619628,0.5607652028401693,0.9543702602386475,0.38839285373687743,0.5685608545939128,0.964717447757721,0.7509341716766358,0.7079341888427735,0.8930501937866211,0.30796194076538086,0.737893549601237,0.902616560459137,0.7445363998413086,0.9173964182535808,0.8498989343643188,0.30903432369232176,0.9632911682128906,0.8375018835067749,0.5981070041656494,0.8986869176228841,0.6167095303535461,0.44675073623657224,0.9005091349283855,0.6202163100242615,0.6011698722839356,0.9246137619018555,0.04286131262779236,0.4327601432800293,0.9131057739257813,0.04666893184185028,0.5660393714904786,0.9540019989013672,0.006813933607190847,0.5197972297668457,0.9329413096110026,0.007446022238582373
pushup,0.5101430416107178,0.6493151982625326,0.9672510027885437,0.5356585025787354,0.6224033991495769,0.9326004981994629,0.4884626865386963,0.6145252227783203,0.9034541845321655,0.5768360137939453,0.5515340169270834,0.5763421058654785,0.45135955810546874,0.5369661966959636,0.3826502859592438,0.6430394172668457,0.5297779083251953,0.9549410343170166,0.38490996360778806,0.5294027964274088,0.9400157928466797,0.7419601440429687,0.7129056930541993,0.9224317073822021,0.30721867084503174,0.7330792744954427,0.8871756792068481,0.7309178829193115,0.9047826766967774,0.9053760766983032,0.2905875205993652,0.9869394938151042,0.8465914726257324,0.595736312866211,0.6635943094889323,0.8073115348815918,0.4307906150817871,0.6645267486572266,0.772067129611969,0.6427725315093994,0.7857488632202149,0.30597686767578125,0.3930233001708984,0.7886098225911459,0.27117109298706055,0.6244599342346191,0.9226497650146485,0.05547424778342247,0.4134342193603516,0.9436685562133789,0.05106889083981514
pushup,0.48371095657348634,0.6044541676839192,0.07810147106647491,0.4873631954193115,0.5916188557942709,0.028408631682395935,0.5015388488769531,0.5865530649820964,0.010298400186002254,0.47986207008361814,0.5596200307210286,0.48220086097717285,0.5381397724151611,0.5492177327473958,0.07670304924249649,0.4495899200439453,0.5969261805216471,0.9030661582946777,0.5284859657287597,0.6099661509195964,0.8669077157974243,0.32928953170776365,0.7165232976277669,0.9229634404182434,0.4861485958099365,0.7431704839070638,0.7983425259590149,0.2819060325622559,0.9743258794148763,0.760496199131012,0.46169748306274416,1.0,0.5383814573287964,0.47817535400390626,0.9720451990763347,0.47376343607902527,0.5242806434631347,0.9820296605428059,0.3949301242828369,0.4774940490722656,0.8755414326985677,0.031589630991220474,0.5371241092681884,0.8719523111979167,0.018723327666521072,0.5207194805145263,0.9521267573038737,0.006618194747716188,0.6129721641540528,0.9292634328206381,0.004690069239586592
pushup,0.4790036678314209,0.6711736043294271,0.02591206319630146,0.4753404140472412,0.6529371261596679,0.009953202679753304,0.510883092880249,0.6513403574625651,0.003907663747668266,0.46815032958984376,0.6563988367716471,0.7616072297096252,0.6014003753662109,0.6432888666788737,0.3781473636627197,0.42235403060913085,0.7332930246988932,0.8007044196128845,0.6637483596801758,0.7254697799682617,0.9326153993606567,0.31547088623046876,0.7421265920003255,0.5581373572349548,0.7297489166259765,0.7489717483520508,0.8458183407783508,0.28432159423828124,0.9055699666341146,0.45010852813720703,0.7449426651000977,0.9265529632568359,0.6946287155151367,0.4509272575378418,0.9925331115722656,0.1136770248413086,0.60409517288208,0.9849310557047526,0.20726321637630463,0.4344783306121826,0.737597401936849,0.020543398335576057,0.5648613929748535,0.7193149566650391,0.04085518792271614,0.4818265914916992,0.9225550333658854,0.008834105916321278,0.5920995235443115,0.8988195419311523,0.014847633428871632
pushup,0.4628187656402588,0.7156705856323242,0.028834084048867226,0.4623252391815186,0.7047009150187175,0.01634281873703003,0.4930842876434326,0.7074532826741536,0.0029771889094263315,0.46192474365234376,0.6840961456298829,0.8343223929405212,0.5559535503387452,0.688242785135905,0.07160920649766922,0.40384297370910643,0.6929924647013347,0.8895056843757629,0.5989010334014893,0.6722277323404948,0.9285378456115723,0.25978386402130127,0.7875253677368164,0.8075644373893738,0.4511597156524658,0.722689692179362,0.7958691716194153,0.2684678792953491,0.9581617991129557,0.5975874066352844,0.3367486000061035,0.9971356709798177,0.4430481791496277,0.4426398754119873,0.6489777247111003,0.5399813652038574,0.5800659656524658,0.6334920247395833,0.5937656164169312,0.25744173526763914,0.6895089467366536,0.3739050626754761,0.4383424758911133,0.679668935139974,0.29958516359329224,0.3391753673553467,0.9218740463256836,0.06728009134531021,0.5182999610900879,0.909618886311849,0.058280836790800095
pushup,0.4930622100830078,0.8477474212646484,0.009178746491670609,0.4927848815917969,0.83333740234375,0.014456450939178467,0.5177274227142334,0.8295634587605795,0.0014641935704275966,0.47572665214538573,0.8599098841349284,0.9454314112663269,0.603143310546875,0.852700678507487,0.4935779571533203,0.45506820678710935,0.9819357554117839,0.4979630708694458,0.6235128402709961,0.9820786158243815,0.5526564717292786,0.43286862373352053,0.9802361170450846,0.017509181052446365,0.6175506114959717,0.9934085845947266,0.01869024895131588,0.4759559631347656,0.9114004770914713,0.004729661624878645,0.5935724258422852,0.9283133188883463,0.0049188099801540375,0.493898344039917,1.0,0.003170172916725278,0.6065502166748047,1.0,0.00463529210537672,0.528838062286377,0.9780774434407552,0.0011625682236626744,0.6047163009643555,0.9805926640828451,0.0014925949508324265,0.5356383323669434,0.9513190587361654,0.0044593531638383865,0.5881870746612549,0.949678103129069,0.005542444996535778
pushup,0.4754207134246826,0.7088193893432617,0.0026207827031612396,0.4638687610626221,0.7018704096476237,0.0015457718400284648,0.5022777557373047,0.7023141225179036,0.00033727611298672855,0.4363227367401123,0.7207344055175782,0.5338297486305237,0.5652953147888183,0.7162442525227865,0.07530613243579865,0.3806723117828369,0.7791863123575846,0.7743638753890991,0.6338811874389648,0.7420181274414063,0.7222180962562561,0.29690189361572267,0.8506829579671223,0.6713039875030518,0.6564300537109375,0.7582750956217448,0.5198953151702881,0.336350417137146,0.9075322469075521,0.541702389717102,0.629236364364624,0.7747535705566406,0.3756449520587921,0.4049699783325195,0.7349664688110351,0.6737698912620544,0.5733030796051025,0.7071847915649414,0.6489821076393127,0.2624314308166504,0.7341380437215169,0.6388459205627441,0.4047675132751465,0.698602803548177,0.5483385920524597,0.3446811676025391,0.857806905110677,0.29367244243621826,0.42316346168518065,0.8081904729207356,0.24983780086040497
pushup,0.4908668041229248,0.8709840774536133,0.015466014854609966,0.47052536010742185,0.8735525767008464,0.011703968979418278,0.5080564498901368,0.8779650370279948,0.006879230961203575,0.4409339904785156,0.8971340815226237,0.18843045830726624,0.5518091678619385,0.9044209798177083,0.12598957121372223,0.42421536445617675,0.9151861826578777,0.27102920413017273,0.6203308582305909,0.880975850423177,0.33493709564208984,0.4119855880737305,0.8624677022298177,0.1439104676246643,0.6023540019989013,0.7803388595581054,0.20224905014038086,0.4370356559753418,0.9104480743408203,0.15420636534690857,0.5665250301361084,0.8678757985432942,0.19555748999118805,0.47162399291992185,0.7672152201334635,0.31154608726501465,0.6065645217895508,0.7455542882283529,0.3707934319972992,0.38066964149475097,0.6487996419270833,0.5425103902816772,0.5115528106689453,0.6260692596435546,0.5711617469787598,0.43715906143188477,0.6368971506754557,0.7447107434272766,0.4941655158996582,0.5941234588623047,0.7611172199249268
pushup,0.5676984786987305,0.9445365905761719,0.0059845042414963245,0.5489114761352539,0.9569286346435547,0.0038906384725123644,0.5819895267486572,0.9586654663085937,0.0024343659169971943,0.5187989234924316,0.995895512898763,0.05781713128089905,0.6109018325805664,0.997203254699707,0.04723764955997467,0.4833320140838623,0.9925584157307943,0.18820956349372864,0.6635837554931641,0.9384125391642253,0.19624347984790802,0.45851917266845704,0.9107083638509115,0.24934908747673035,0.607855224609375,0.7931504567464193,0.24119628965854645,0.507117748260498,0.9222143173217774,0.35117775201797485,0.534513282775879,0.90989564259847,0.315736323595047,0.4913610935211182,0.8083290100097656,0.5283332467079163,0.6132949352264404,0.7780589421590169,0.5438984036445618,0.3796680927276611,0.6585684458414713,0.728672206401825,0.5066123485565186,0.6379419962565104,0.7032707333564758,0.4170173168182373,0.6030000050862631,0.8636861443519592,0.469785737991333,0.5719518025716146,0.8516167402267456
pushup,0.5710915565490723,0.7773946126302084,0.0019306301837787032,0.5548698902130127,0.7779321034749349,0.0009156198939308524,0.5826410770416259,0.782458750406901,0.0009655001340433955,0.5266116619110107,0.8123083114624023,0.03425687178969383,0.6086836338043213,0.8251015981038411,0.055836185812950134,0.5036125659942627,0.8517611185709636,0.18676216900348663,0.6226385116577149,0.8567151387532552,0.28503552079200745,0.47596011161804197,0.7718385696411133,0.12825123965740204,0.5956274032592773,0.793032455444336,0.18247851729393005,0.5257158279418945,0.7822957992553711,0.12545734643936157,0.5542714118957519,0.8138542811075846,0.13701103627681732,0.48105907440185547,0.8014828999837239,0.5517091751098633,0.576875638961792,0.7901910781860352,0.5836951732635498,0.38368189334869385,0.7000695546468099,0.7702796459197998,0.5314268589019775,0.6408646901448568,0.7646251916885376,0.4054115772247314,0.6786090850830078,0.8968502283096313,0.5667729377746582,0.5621819814046224,0.9009434580802917
pushup,0.5857450485229492,0.917141850789388,0.0013432275736704469,0.5683150291442871,0.9174401601155598,0.0007521150982938707,0.5976250648498536,0.9248727162679037,0.0008804438402876258,0.5414484977722168,0.9346036911010742,0.01955592818558216,0.6196627140045166,0.9528935750325521,0.03567761555314064,0.510199785232544,0.9417423248291016,0.07135272771120071,0.6320190906524659,0.9394718170166015,0.1398841291666031,0.4683335304260254,0.8712116241455078,0.060507822781801224,0.6012594699859619,0.8506854375203451,0.1165308728814125,0.4966100215911865,0.9472131729125977,0.07695794105529785,0.5643445014953613,0.9236673355102539,0.10564804822206497,0.47207136154174806,0.7939964294433594,0.4143732190132141,0.5717127799987793,0.783346430460612,0.47821563482284546,0.3719490528106689,0.658330790201823,0.7693833112716675,0.5384383201599121,0.6257406870524088,0.787597119808197,0.39688692092895506,0.603909428914388,0.9431096911430359,0.5704305648803711,0.5381940205891927,0.9478620886802673
pushup,0.5637456893920898,0.8183263142903646,0.0011438009096309543,0.5488748550415039,0.8177175521850586,0.0005478924722410738,0.5753346443176269,0.8236435572306315,0.0005246178479865193,0.5285521984100342,0.8443907419840495,0.01885758712887764,0.6022830009460449,0.8599470774332683,0.022842375561594963,0.512060546875,0.8649206161499023,0.07009106129407883,0.6206392288208008,0.8700591405232747,0.1541999876499176,0.4869875907897949,0.8233502705891927,0.07639851421117783,0.5935057163238525,0.8312917709350586,0.16942062973976135,0.5278786659240723,0.9064075469970703,0.10436877608299255,0.5684756278991699,0.8983853658040365,0.15078957378864288,0.48490333557128906,0.7924236297607422,0.3021613657474518,0.5752820014953614,0.7816517512003581,0.37654682993888855,0.35449724197387694,0.6744029998779297,0.5860517024993896,0.5101863384246826,0.6414474487304688,0.6178032159805298,0.3449220895767212,0.7043378194173177,0.7791591286659241,0.5261389255523682,0.6339900334676106,0.7965337634086609
pushup,0.5096029281616211,0.8909266153971355,0.004946589004248381,0.48835344314575196,0.8985898335774739,0.0036508056800812483,0.5277738094329834,0.8982527414957683,0.0018734131008386612,0.456671142578125,0.9338863372802735,0.17893080413341522,0.5779574394226075,0.929876200358073,0.11905562877655029,0.4341002941131592,0.9511267979939778,0.2877076268196106,0.6577817916870117,0.9011280695597331,0.45182740688323975,0.4311793804168701,0.9080488840738933,0.14645178616046906,0.6507337093353271,0.8157103220621745,0.2987788915634155,0.49353742599487305,0.9190754572550456,0.13372860848903656,0.5686834335327149,0.8914152781168619,0.22711141407489777,0.4815535068511963,0.782977294921875,0.3533198833465576,0.6392273426055908,0.7511070887247722,0.4652372896671295,0.3810694217681885,0.6726532618204752,0.5042898654937744,0.5447573184967041,0.6195307413736979,0.5850829482078552,0.4216635227203369,0.6334023793538411,0.6674768924713135,0.5368934631347656,0.5523681640625,0.7248804569244385
pushup,0.5103907585144043,0.7789995829264323,0.0030516639817506075,0.48928380012512207,0.7801214218139648,0.0015044307801872492,0.5305718421936035,0.7820641199747721,0.0010179639793932438,0.4439215183258057,0.811114501953125,0.19581356644630432,0.5771018505096436,0.8165806452433269,0.14374537765979767,0.4050259590148926,0.8500125885009766,0.4899410605430603,0.6255616188049317,0.8354517618815104,0.48349860310554504,0.3889692544937134,0.791271718343099,0.31156378984451294,0.6394309043884278,0.7620580037434895,0.2721996009349823,0.4407693862915039,0.8175007502237955,0.2506064474582672,0.6003371715545655,0.7692996978759765,0.20326463878154755,0.41212034225463867,0.7589683532714844,0.40662437677383423,0.5718073368072509,0.7403362274169922,0.3935547173023224,0.3279884338378906,0.6683960596720377,0.5322619676589966,0.4980007648468018,0.6165637969970703,0.46958455443382263,0.3822025775909424,0.735630480448405,0.5283771753311157,0.5175532817840576,0.6417578379313151,0.4967289865016937
pushup,0.5014544010162354,0.6260477066040039,0.0038692918606102467,0.48580355644226075,0.6169666290283203,0.0019377623684704304,0.520504093170166,0.6265797932942708,0.0005831100279465318,0.4557476043701172,0.6433275858561198,0.3825185000896454,0.5803117752075195,0.6612855911254882,0.09409064799547195,0.4254885673522949,0.701025644938151,0.7991898059844971,0.6353020668029785,0.7236240386962891,0.6815121173858643,0.42968902587890623,0.6683346430460612,0.7451715469360352,0.6680521488189697,0.7371178944905599,0.4740912616252899,0.5027772903442382,0.581921641031901,0.649918258190155,0.6386912345886231,0.6673075358072916,0.3451477587223053,0.41054749488830566,0.7593790054321289,0.8388945460319519,0.5564747810363769,0.7522032419840495,0.7727004289627075,0.2579829692840576,0.7865445454915364,0.7534611225128174,0.38812229633331297,0.7690134048461914,0.6076439023017883,0.31499133110046384,0.9505564371744791,0.3140541911125183,0.38909664154052737,0.900457763671875,0.22432801127433777
pushup,0.5212631225585938,0.8566290537516276,0.362982839345932,0.5257652282714844,0.8374745686848958,0.2275169938802719,0.5176956653594971,0.8409477233886719,0.13088242709636688,0.5527937412261963,0.7975552241007487,0.259712815284729,0.524462080001831,0.7997441609700521,0.13849395513534546,0.5929883003234864,0.7443800608317057,0.8222603797912598,0.5403653144836426,0.7281471252441406,0.776328444480896,0.7222475051879883,0.7663354873657227,0.831118106842041,0.5507633686065674,0.753592046101888,0.8107625246047974,0.6926700592041015,0.9785184860229492,0.7713509798049927,0.44292492866516114,1.0,0.6633697152137756,0.4755866050720215,0.6455059051513672,0.8902246356010437,0.44214258193969724,0.611561902364095,0.8810700178146362,0.4000979423522949,0.7535133361816406,0.717423141002655,0.32595386505126955,0.7194669723510743,0.7090389132499695,0.3859821319580078,0.8959100723266602,0.32121574878692627,0.2849478483200073,0.8609493255615235,0.32087862491607666
pushup,0.5407443046569824,0.713857905069987,0.836755633354187,0.5459718227386474,0.6962149302164714,0.760297417640686,0.5265638351440429,0.6948765436808269,0.5822569131851196,0.5615986824035645,0.6656572341918945,0.47426876425743103,0.49836273193359376,0.6655852635701497,0.2621033787727356,0.6418137550354004,0.6747167587280274,0.9719312191009521,0.4347479820251465,0.679034932454427,0.8093327879905701,0.7721348285675049,0.729145367940267,0.961611270904541,0.340205454826355,0.7178909301757812,0.6278827786445618,0.7528321743011475,0.9220343271891276,0.9066490530967712,0.38691666126251223,0.7826667149861654,0.6600901484489441,0.660686445236206,0.8447582244873046,0.8217507004737854,0.5331188201904297,0.8553031921386719,0.616014838218689,0.7474044799804688,0.8948581059773763,0.15225151181221008,0.5876867771148682,0.898297119140625,0.06155109032988548,0.7141550540924072,0.9729727427164714,0.01970026083290577,0.6229496002197266,0.941934331258138,0.010035409592092037
pushup,0.5141977787017822,0.6714008967081706,0.8948218822479248,0.5308586120605469,0.6481455485026042,0.7669256925582886,0.5016579627990723,0.64246826171875,0.6671063899993896,0.5634164333343505,0.6013216654459635,0.43112173676490784,0.4800201416015625,0.5908429463704427,0.1976054459810257,0.6431395530700683,0.6190097173055013,0.9480203986167908,0.4059574127197266,0.6239404042561849,0.9103519916534424,0.7727133750915527,0.7406467437744141,0.9505079388618469,0.2982193946838379,0.7634272257486979,0.9123655557632446,0.7412476062774658,0.9421759923299153,0.9391392469406128,0.31683573722839353,0.9617916107177734,0.8998710513114929,0.5875166893005371,0.8974366505940755,0.8360744714736938,0.42819886207580565,0.8978851954142253,0.7933751940727234,0.651978874206543,0.8523273468017578,0.1503247320652008,0.3747265815734863,0.8622833251953125,0.125301331281662,0.5850091934204101,0.9205986658732096,0.02809201367199421,0.3459273099899292,0.9313178380330404,0.023281587287783623
pushup,0.5195329666137696,0.5787793477376302,0.9761729836463928,0.5354046821594238,0.5498748779296875,0.9325681328773499,0.4998170375823975,0.5513313929239909,0.9226648807525635,0.564320707321167,0.49741007486979166,0.5112876296043396,0.46719975471496583,0.502059809366862,0.4731801748275757,0.6387925148010254,0.5468274434407552,0.9535755515098572,0.40334720611572267,0.5612708409627278,0.9519899487495422,0.7520525932312012,0.7268652598063151,0.9121365547180176,0.2909917116165161,0.7471818923950195,0.8961979150772095,0.7325801849365234,0.9372392018636068,0.9099549651145935,0.29669764041900637,0.9823602676391602,0.8893817663192749,0.6051403999328613,0.8664377212524415,0.5922194719314575,0.45546369552612304,0.8765277862548828,0.5759575366973877,0.6041093826293945,0.8668272018432617,0.053992800414562225,0.4034165382385254,0.9030563990275066,0.049905791878700256,0.5631085395812988,0.9296443939208985,0.008291131816804409,0.41074934005737307,0.9684139251708984,0.007424572948366404
pushup,0.5015023708343506,0.5212462107340495,0.9874041080474854,0.5260917186737061,0.49138622283935546,0.963678240776062,0.4798900127410889,0.4885512034098307,0.9591414332389832,0.5643443107604981,0.46092379887898766,0.6871180534362793,0.447551965713501,0.4548452377319336,0.5787413120269775,0.6270015716552735,0.5353092829386393,0.9676750898361206,0.39745368957519533,0.5440381368001302,0.9774238467216492,0.7308518409729003,0.7269894282023112,0.9154776930809021,0.314162015914917,0.7488847732543945,0.9439622163772583,0.7338005065917969,0.9152503331502279,0.8844529986381531,0.29618809223175047,0.9750749588012695,0.9013004899024963,0.5985060214996338,0.9072771072387695,0.6403922438621521,0.4437063217163086,0.9134559631347656,0.6782601475715637,0.6208166122436524,0.8818081537882487,0.04150927811861038,0.38062710762023927,0.9005184173583984,0.04936175048351288,0.5891178131103516,0.9424446105957032,0.006474136374890804,0.3942842721939087,0.964842160542806,0.007049434818327427
pushup,0.5176015853881836,0.5006240526835124,0.9951174259185791,0.5451588153839111,0.46484285990397134,0.9845792055130005,0.4905437469482422,0.4635786056518555,0.9859835505485535,0.580404806137085,0.4306256612141927,0.7693372964859009,0.4477703094482422,0.4278613408406576,0.7957920432090759,0.6244531631469726,0.5119107882181804,0.9899307489395142,0.39431259632110593,0.5249512990315756,0.9901132583618164,0.7039610862731933,0.7115474065144857,0.953382670879364,0.3288561820983887,0.7423070271809896,0.9455917477607727,0.7328369140625,0.9147968292236328,0.8789277672767639,0.29664387702941897,0.9685331980387369,0.852473795413971,0.581236743927002,0.8803850809733073,0.8768144845962524,0.4275368213653564,0.8894272486368815,0.8683352470397949,0.6035553932189941,1.0,0.07735492289066315,0.38131890296936033,1.0,0.07030592113733292,0.6225359439849854,1.0,0.0078095970675349236,0.42300639152526853,1.0,0.007017567753791809
pushup,0.5132907867431641,0.47921555836995444,0.9949814677238464,0.5392086505889893,0.4400562922159831,0.9835772514343262,0.48339643478393557,0.4433517773946126,0.9862719774246216,0.575779914855957,0.4022997220357259,0.7635236382484436,0.44129066467285155,0.4115743319193522,0.8027617335319519,0.6225894927978516,0.4880283037821452,0.9904075264930725,0.39339020252227785,0.5042798042297363,0.9903287291526794,0.6908441066741944,0.7128908157348632,0.9513347148895264,0.3380614757537842,0.7375370661417643,0.9457811713218689,0.7346514225006103,0.9246364593505859,0.8591877222061157,0.29273557662963867,0.9734998067220052,0.8346311450004578,0.5673445701599121,0.8243467966715495,0.890549898147583,0.41593260765075685,0.8328483581542969,0.8840338587760925,0.5989548206329346,1.0,0.09756491333246231,0.3860520362854004,1.0,0.09133460372686386,0.6307342529296875,1.0,0.008239826187491417,0.41711721420288084,1.0,0.007653993088752031
pushup,0.5092021465301514,0.47899112701416013,0.9946340322494507,0.5360381126403808,0.4386410713195801,0.9846009612083435,0.47887415885925294,0.44266605377197266,0.9841501116752625,0.5753535270690918,0.40303379694620767,0.8016252517700195,0.4388559341430664,0.4139833450317383,0.7746530771255493,0.6210187911987305,0.48679958979288734,0.9916229844093323,0.3938349485397339,0.5046330134073893,0.9900942444801331,0.6850247383117676,0.7188956578572591,0.9574170708656311,0.33455958366394045,0.7465033849080404,0.9421988129615784,0.7339417934417725,0.9217768351236979,0.8722946047782898,0.2895897626876831,0.9788548151652018,0.8262044191360474,0.5655173301696778,0.7820028940836589,0.9108442664146423,0.4165501594543457,0.792029062906901,0.8983139991760254,0.5987167358398438,0.9634155909220378,0.16583968698978424,0.38913617134094236,0.96510435740153,0.14729377627372742,0.629244613647461,1.0,0.01494109071791172,0.4127248764038086,0.9976860046386719,0.013404144905507565
pushup,0.5070584774017334,0.4892653783162435,0.9944025874137878,0.5316176891326905,0.44966793060302734,0.9828954935073853,0.4767794132232666,0.4547846794128418,0.9844589233398438,0.5689746379852295,0.4121847152709961,0.7736987471580505,0.43576297760009763,0.42545499801635744,0.7880004048347473,0.6172401428222656,0.49202362696329754,0.9913687109947205,0.3913144588470459,0.5034008661905924,0.9898369908332825,0.6878589630126953,0.7290239969889323,0.9534787535667419,0.32955341339111327,0.738718859354655,0.9408407807350159,0.7367074489593506,0.9281846364339192,0.8655588030815125,0.28781614303588865,0.9788824717203776,0.8263567090034485,0.5613891124725342,0.7439556757609049,0.9091196656227112,0.41520156860351565,0.7511509577433269,0.8980969190597534,0.588249683380127,0.9292804718017578,0.22027620673179626,0.3877547264099121,0.9299262364705404,0.19983243942260742,0.6211988449096679,0.9969242095947266,0.021804094314575195,0.4106935501098633,0.9882580439249674,0.019869470968842506
pushup,0.5044384002685547,0.49405180613199867,0.9946615099906921,0.5292300701141357,0.45483239491780597,0.9838584065437317,0.47464475631713865,0.4591024080912272,0.9839508533477783,0.56621413230896,0.41682294209798176,0.7824020385742188,0.43387832641601565,0.42841838200887045,0.7760413289070129,0.6141516208648682,0.4948933919270833,0.9923794269561768,0.38752179145812987,0.5114766756693522,0.9894798398017883,0.6842323780059815,0.721681785583496,0.961617112159729,0.3292806148529053,0.748431905110677,0.9390323758125305,0.7373290061950684,0.9226053873697917,0.8848495483398438,0.28773863315582277,0.9889890034993489,0.8239611983299255,0.5591032981872559,0.7661038080851237,0.9160990118980408,0.4119072914123535,0.7753808975219727,0.8976818323135376,0.5892968654632569,0.9381103515625,0.2171267718076706,0.3823049783706665,0.9382549285888672,0.1826317459344864,0.6189806938171387,1.0,0.021166566759347916,0.4050881862640381,0.9985235850016276,0.018148377537727356
pushup,0.5054780006408691,0.49415982564290367,0.9947532415390015,0.5276856422424316,0.4585440635681152,0.9783154726028442,0.4776808261871338,0.4611592610677083,0.9882661700248718,0.5609584331512452,0.4156388282775879,0.63618403673172,0.4355926513671875,0.4240718841552734,0.8270296454429626,0.6121058464050293,0.49409211476643883,0.9805301427841187,0.3892967939376831,0.5124441146850586,0.9899144172668457,0.687215518951416,0.7104913711547851,0.9145631194114685,0.3341071128845215,0.7477121988932292,0.9608831405639648,0.7333732604980469,0.9129193623860677,0.8663872480392456,0.2982397794723511,0.9814130147298177,0.9119609594345093,0.5583940029144288,0.8142130533854167,0.8277267217636108,0.41318845748901367,0.8205359141031902,0.8656321167945862,0.5707015514373779,0.9434460957845052,0.12535172700881958,0.3689101219177246,0.9385786056518555,0.15791578590869904,0.5704190254211425,0.974375597635905,0.014823826029896736,0.3773185729980469,0.9552682876586914,0.01711827702820301
pushup,0.5048065662384034,0.4998960494995117,0.9945043325424194,0.5290102958679199,0.4611888249715169,0.9814882278442383,0.47512140274047854,0.4656577428181966,0.9856206178665161,0.564535665512085,0.42058976491292316,0.7325773239135742,0.4328295230865479,0.43210312525431316,0.8067501187324524,0.611696434020996,0.4945831298828125,0.9902473092079163,0.38441569805145265,0.5097030957539876,0.9892216920852661,0.6856797695159912,0.7219102223714192,0.9486299157142639,0.3285209178924561,0.7435731252034505,0.9393467903137207,0.7363433837890625,0.9246368408203125,0.859474241733551,0.29364809989929197,0.9720327377319335,0.830096960067749,0.5545500755310059,0.7638817469278971,0.890717089176178,0.40732674598693847,0.7730315526326498,0.8801155090332031,0.583081865310669,0.9422678629557292,0.17012758553028107,0.38182251453399657,0.9448631922403972,0.15658998489379883,0.6129475593566894,1.0,0.016362691298127174,0.40996179580688474,0.9952045440673828,0.014982547610998154
pushup,0.5062406539916993,0.5009701410929362,0.9947649240493774,0.5292963027954102,0.4629322687784831,0.9802876710891724,0.47612533569335935,0.4675646464029948,0.9873526096343994,0.5641196250915528,0.4184085528055827,0.6790821552276611,0.43236703872680665,0.4316699028015137,0.8133732676506042,0.6148808479309082,0.49430840810139975,0.9855234622955322,0.3858731985092163,0.5133554140726725,0.9882690906524658,0.6903175354003906,0.7176349639892579,0.9331128597259521,0.32849974632263185,0.7489525477091471,0.947117269039154,0.7323584079742431,0.9086964925130209,0.8666538000106812,0.29091925621032716,0.9895163218180338,0.8687971830368042,0.5566979885101319,0.8033357620239258,0.839666485786438,0.4072218894958496,0.8121740341186523,0.8473533987998962,0.5785835742950439,0.9519614537556966,0.11328376829624176,0.374013876914978,0.9539489110310873,0.11765819787979126,0.592651653289795,0.9886235555013021,0.011317979544401169,0.3908426284790039,0.9783842086791992,0.011265669949352741
pushup,0.5055840492248536,0.5044891993204753,0.9944940209388733,0.5302443504333496,0.46551809310913084,0.9833778142929077,0.4761610984802246,0.47058836619059247,0.9841781258583069,0.5668898105621338,0.4252550760904948,0.7800746560096741,0.4357779026031494,0.438446044921875,0.7806367874145508,0.6172293186187744,0.5012351989746093,0.991355836391449,0.38729567527770997,0.5206886927286783,0.9888015985488892,0.6900277137756348,0.7248118082682292,0.955707311630249,0.3307038307189941,0.7528677622477213,0.9340298771858215,0.7344490051269531,0.9266989390055339,0.8703379034996033,0.2872470378875732,0.9862183888753255,0.8119843006134033,0.5610349178314209,0.7899599075317383,0.8938989639282227,0.41141700744628906,0.8004247029622396,0.8749292492866516,0.5922436237335205,0.9662220001220703,0.14682736992835999,0.3838449478149414,0.9677982330322266,0.12483759224414825,0.6296864509582519,1.0,0.013226529583334923,0.4185638904571533,1.0,0.011508024297654629
pushup,0.5074959754943847,0.503833802541097,0.9944121241569519,0.5311163425445556,0.46633466084798175,0.981410562992096,0.4780859470367432,0.47079671223958336,0.985693097114563,0.5671535491943359,0.4239734331766764,0.7317007184028625,0.4367223739624023,0.43704115549723305,0.7912753224372864,0.6192829608917236,0.49808053970336913,0.9863518476486206,0.3906686544418335,0.5171152114868164,0.9878344535827637,0.6940016746520996,0.7202322642008464,0.9355137944221497,0.33166136741638186,0.7516239166259766,0.9422449469566345,0.7316559314727783,0.9105065027872722,0.8695839643478394,0.2893099069595337,0.9943986892700195,0.8561283349990845,0.5571943759918213,0.7883118947347005,0.8340292572975159,0.40902180671691896,0.7958492914835612,0.8357603549957275,0.5764423370361328,0.928705342610677,0.12804490327835083,0.3751546859741211,0.9275767008463541,0.12779372930526733,0.5892323017120361,0.9782371520996094,0.013683459721505642,0.3941243410110474,0.9659322102864584,0.01337408646941185
pushup,0.5094867706298828,0.5039160410563152,0.9944943785667419,0.5319689750671387,0.4670936902364095,0.9814352989196777,0.4803215503692627,0.47239872614542644,0.9861038327217102,0.5672555923461914,0.42188409169514973,0.7293991446495056,0.43965725898742675,0.4367687225341797,0.7994479537010193,0.6226624488830567,0.49592135747273763,0.986522376537323,0.39155375957489014,0.5147244135538737,0.9883842468261719,0.6955599784851074,0.7182968775431315,0.9370051622390747,0.33231828212738035,0.7457525889078777,0.9451685547828674,0.7327383041381836,0.9092360178629557,0.8663530349731445,0.2934398889541626,0.9903031667073567,0.8571115136146545,0.5645124912261963,0.8063654581705729,0.8429999351501465,0.41349201202392577,0.8143259048461914,0.8466222882270813,0.5873992919921875,0.9527114868164063,0.11040281504392624,0.37641110420227053,0.950424321492513,0.11140159517526627,0.6091999053955078,0.9862997690836589,0.011119155213236809,0.39971041679382324,0.9702947616577149,0.010952385142445564
pushup,0.5099530220031738,0.5070861498514811,0.9940472841262817,0.5340141296386719,0.4687305768330892,0.9817969799041748,0.4799492835998535,0.47421658833821617,0.9848936200141907,0.5717221260070801,0.42544377644856773,0.7531795501708984,0.4393564224243164,0.44094346364339193,0.7829123735427856,0.6250039100646972,0.4971768379211426,0.9861878752708435,0.3932408332824707,0.5159681002298991,0.9869865775108337,0.6987924575805664,0.7191434224446615,0.9350830912590027,0.333282995223999,0.7456657409667968,0.9376594424247742,0.7343177318572998,0.9132767995198567,0.8666547536849976,0.2929277181625366,0.988483174641927,0.8468949794769287,0.5604976654052735,0.7749674479166667,0.8393227458000183,0.4101235866546631,0.7827154795328776,0.8370821475982666,0.5883370876312256,0.9342686971028645,0.12863117456436157,0.38338217735290525,0.9325518290201823,0.12669634819030762,0.609830379486084,0.9824762980143229,0.012985399924218655,0.4050663948059082,0.9692064921061198,0.012645091861486435
pushup,0.5124852180480957,0.5095731099446614,0.9946402907371521,0.5368205547332764,0.4714804649353027,0.982164740562439,0.48288702964782715,0.47586879730224607,0.9865716695785522,0.5744674682617188,0.42725950876871743,0.7272797226905823,0.4418353080749512,0.4404449462890625,0.7853406071662903,0.6232714653015137,0.49796746571858724,0.9847128391265869,0.39570322036743166,0.5137887318929036,0.9871063232421875,0.7000014305114746,0.7199008941650391,0.9319092631340027,0.33276236057281494,0.7440965652465821,0.9440194964408875,0.7351221084594727,0.9130809148152669,0.8716310858726501,0.28930590152740476,0.9953456878662109,0.8639625310897827,0.5506011962890625,0.7711549758911133,0.8269097805023193,0.4026487827301025,0.7774065653483073,0.8318780064582825,0.57783203125,0.9154257456461589,0.12892818450927734,0.37403934001922606,0.9179673512776693,0.13324986398220062,0.587460708618164,0.9726815541585286,0.013525874353945255,0.3829821586608887,0.9697608311971029,0.013447863981127739
pushup,0.5125660419464111,0.5114619890848796,0.9939796924591064,0.5384347438812256,0.47176971435546877,0.9836742877960205,0.48244314193725585,0.47673238118489586,0.982996940612793,0.5780125141143799,0.4278773625691732,0.7940383553504944,0.4426598072052002,0.4410594940185547,0.759243369102478,0.6277240753173828,0.49714647928873695,0.9900512099266052,0.39311254024505615,0.5104836463928223,0.9870871305465698,0.6978619575500489,0.730823262532552,0.9503259658813477,0.3303369998931885,0.7449065526326497,0.9265193343162537,0.7354118347167968,0.9339810689290364,0.8603008985519409,0.29274425506591795,0.9810861587524414,0.79824298620224,0.5613410472869873,0.7533207575480143,0.8756944537162781,0.40924725532531736,0.7608463923136394,0.8532273769378662,0.5950813293457031,0.9371772766113281,0.14370551705360413,0.38459389209747313,0.9385237375895182,0.12296304851770401,0.6284859657287598,0.9921709696451823,0.013209177181124687,0.41397457122802733,0.9857676188151042,0.011540708132088184
pushup,0.5146602153778076,0.5139111200968425,0.994341254234314,0.5391814708709717,0.4760488192240397,0.9814801812171936,0.48475871086120603,0.48082971572875977,0.9861416220664978,0.5758275508880615,0.4300181070963542,0.7278064489364624,0.44240632057189944,0.44364713033040365,0.7997824549674988,0.6273561477661133,0.4970409393310547,0.9845156669616699,0.3925234317779541,0.5198187828063965,0.987400233745575,0.7002130508422851,0.704574712117513,0.9295520782470703,0.33094987869262693,0.7426865259806316,0.9403330683708191,0.7334086418151855,0.9056790669759115,0.8648183941841125,0.29342725276947024,0.9777098337809245,0.8587151765823364,0.5617605686187744,0.8052850087483724,0.8123226165771484,0.40919976234436034,0.814609972635905,0.8178800344467163,0.5827858924865723,0.9427431742350261,0.09544036537408829,0.3764931678771973,0.9429990768432617,0.09699955582618713,0.5980099678039551,0.9747059504191081,0.010189563035964966,0.4045103073120117,0.9612368265787761,0.01002434454858303
pushup,0.519593620300293,0.5239033699035645,0.9949965476989746,0.5413324356079101,0.48514795303344727,0.9793501496315002,0.4881166934967041,0.49172960917154945,0.989355742931366,0.5748759269714355,0.43611396153767906,0.6170237064361572,0.44025449752807616,0.45318196614583334,0.8399316072463989,0.6277490139007569,0.5058195114135742,0.9823516011238098,0.3926746606826782,0.5215093294779459,0.9882146120071411,0.7071494102478028,0.7244825998942057,0.9196147322654724,0.32641448974609377,0.7381750106811523,0.948215901851654,0.7331068038940429,0.9088664372762044,0.8550335168838501,0.2931590795516968,0.9845330556233723,0.8782022595405579,0.5751103401184082,0.8081211090087891,0.8106357455253601,0.42095308303833007,0.8171789805094402,0.8318187594413757,0.5935897350311279,0.9438312530517579,0.0930873453617096,0.3800311326980591,0.9542086283365886,0.1025717556476593,0.6168787956237793,0.9678208669026692,0.009979701600968838,0.4019113063812256,0.9690937042236328,0.010227466933429241
pushup,0.5180006980895996,0.5486572901407878,0.994170069694519,0.5430586814880372,0.5105397860209148,0.9816383123397827,0.48781642913818357,0.5134378751118978,0.9865511655807495,0.5796541213989258,0.4662729263305664,0.700788676738739,0.44164814949035647,0.4749060312906901,0.7965982556343079,0.6284380912780761,0.5214133580525716,0.9832773208618164,0.3925682544708252,0.5356684366861979,0.9851728677749634,0.7135295867919922,0.7253433227539062,0.9286085963249207,0.3206620693206787,0.747981071472168,0.934697687625885,0.7296673774719238,0.9079579671223958,0.8786665797233582,0.2953817367553711,0.9894339243570963,0.866241455078125,0.5729053497314454,0.7494414647420248,0.8157101273536682,0.4194636821746826,0.7584940592447916,0.8142370581626892,0.60357666015625,0.8639750162760417,0.15473312139511108,0.38461904525756835,0.8794287999471029,0.15257182717323303,0.6124246120452881,0.9234699249267578,0.020722130313515663,0.3992018222808838,0.9392631530761719,0.019812429323792458
pushup,0.5186926841735839,0.5734775543212891,0.9943366646766663,0.5442878723144531,0.537245496114095,0.9811553955078125,0.49002981185913086,0.5380990982055665,0.9881894588470459,0.580844497680664,0.4905999501546224,0.6773638725280762,0.44459986686706543,0.4945302327473958,0.8175619840621948,0.6276303768157959,0.5326735814412434,0.9802722334861755,0.39017696380615235,0.5476319630940755,0.9862536191940308,0.7203159332275391,0.7239446640014648,0.9156012535095215,0.31384825706481934,0.7547187805175781,0.9445262551307678,0.7313477516174316,0.9110050837198893,0.8680233359336853,0.2952453136444092,0.9851922353108724,0.8859586119651794,0.5642248153686523,0.7454181671142578,0.802983820438385,0.4098067283630371,0.7553098042805989,0.8190824389457703,0.605030632019043,0.8397490819295247,0.15586893260478973,0.37780122756958007,0.8638781229654948,0.17399682104587555,0.594859266281128,0.9042658487955729,0.0231438260525465,0.38185133934021,0.9372398376464843,0.023941412568092346
pushup,0.5246353149414062,0.6031302134195964,0.9940005540847778,0.5512944221496582,0.5633042653401693,0.9800183176994324,0.493181037902832,0.5653980890909831,0.9885414838790894,0.588086462020874,0.5180398305257161,0.6326234340667725,0.44198007583618165,0.5245903968811035,0.821564257144928,0.6299460411071778,0.5531089782714844,0.9759030342102051,0.3926228046417236,0.5684402465820313,0.9829843044281006,0.7257959365844726,0.7309277852376302,0.899899423122406,0.31252739429473875,0.7562235514322917,0.9321631789207458,0.7305206298828125,0.9218975067138672,0.8658890128135681,0.2899030685424805,0.9932663599650066,0.882565975189209,0.5667232990264892,0.7039995193481445,0.742473304271698,0.4142815589904785,0.7150429407755534,0.7603245973587036,0.6043524742126465,0.7772301355997722,0.1648331582546234,0.3860529899597168,0.8090377807617187,0.18015052378177643,0.594950008392334,0.8551010767618815,0.030749766156077385,0.3881350040435791,0.8996775309244792,0.031167760491371155
pushup,0.5305370330810547,0.6340052922566731,0.9931140542030334,0.5554491996765136,0.596751340230306,0.97845458984375,0.500819206237793,0.5984276453653972,0.9876576662063599,0.5904535770416259,0.5481756210327149,0.6270355582237244,0.4504714488983154,0.554284413655599,0.8247214555740356,0.6357533931732178,0.5668070475260417,0.9751660823822021,0.39436945915222166,0.5854017893473308,0.9811522960662842,0.7390707969665528,0.7266090393066407,0.8969653844833374,0.30946080684661864,0.7630617777506511,0.9246423840522766,0.7332080364227295,0.9070656458536784,0.869344174861908,0.29531409740448,0.9853471120198568,0.8789685964584351,0.5667196273803711,0.6763381958007812,0.7451134324073792,0.41307406425476073,0.6884243011474609,0.7538973093032837,0.6128479957580566,0.7415749231974283,0.20027285814285278,0.38968400955200194,0.7758709589640299,0.21377205848693848,0.594691276550293,0.8261821746826172,0.04268729314208031,0.3897997856140137,0.8749474843343099,0.04265206679701805
pushup,0.5329291343688964,0.659138043721517,0.9917029738426208,0.5570953369140625,0.6234782536824545,0.9805208444595337,0.5046166896820068,0.6252094904581705,0.9839009642601013,0.592867088317871,0.5777030944824219,0.7374570369720459,0.4579913139343262,0.5830909729003906,0.8174314498901367,0.6419394969940185,0.5910679499308268,0.9852591753005981,0.3956442832946777,0.6093387603759766,0.9817938804626465,0.7464733123779297,0.7290967305501302,0.9299829602241516,0.29826507568359373,0.7660280227661133,0.908995509147644,0.7418145179748535,0.9277458826700846,0.8665139675140381,0.30194265842437745,0.9836044947306315,0.8314275741577148,0.5727947235107422,0.6786055246988932,0.8179618120193481,0.4165233612060547,0.6921525955200195,0.7858708500862122,0.6303803443908691,0.7192681630452474,0.26091161370277405,0.3972813367843628,0.755285135904948,0.24170249700546265,0.6003395080566406,0.7770912170410156,0.06731455773115158,0.3972144603729248,0.8225362777709961,0.060773711651563644
pushup,0.5417032718658448,0.6893939971923828,0.9901013374328613,0.5639642715454102,0.6509560267130534,0.9780787825584412,0.5106329441070556,0.6582640329996745,0.982096791267395,0.5996209144592285,0.5966209411621094,0.7010016441345215,0.46105384826660156,0.6140029271443684,0.8136498332023621,0.6496870040893554,0.6043940226236979,0.9817513823509216,0.40009584426879885,0.6289862950642904,0.9777039289474487,0.7448787212371826,0.7390616099039714,0.9216013550758362,0.28687777519226076,0.7717451731363932,0.8911911845207214,0.7332450389862061,0.9330816904703776,0.8600483536720276,0.30280194282531736,0.9827932357788086,0.8226863145828247,0.5870357036590577,0.694312858581543,0.7886239290237427,0.42920751571655275,0.7140604654947916,0.75201416015625,0.6268324851989746,0.7263894399007161,0.21592102944850922,0.4033750057220459,0.7806649525960286,0.19251954555511475,0.6057860851287842,0.7359504063924154,0.06020418182015419,0.4136055946350098,0.7978041966756185,0.05200063809752464
pushup,0.5398321628570557,0.7196515401204427,0.9917691946029663,0.5627304553985596,0.6842428207397461,0.9804396033287048,0.5098287105560303,0.685191535949707,0.9853774905204773,0.5974969387054443,0.6288217544555664,0.7112709283828735,0.45735554695129393,0.6351099650065104,0.8306235074996948,0.6554624557495117,0.6192358016967774,0.9843282699584961,0.3854085445404053,0.6481985727945964,0.9817644953727722,0.7565872669219971,0.7267051696777344,0.9309085607528687,0.2689854860305786,0.7886648178100586,0.9151845574378967,0.735338830947876,0.9245771408081055,0.8855046629905701,0.2910834789276123,0.9781705220540364,0.8643103241920471,0.5967859268188477,0.7021102905273438,0.8581082820892334,0.42500715255737304,0.7194527943929037,0.8385910987854004,0.6581804752349854,0.7427742640177409,0.2993514835834503,0.39389121532440186,0.7751878102620443,0.26728546619415283,0.6092785835266114,0.7716072718302409,0.08586915582418442,0.3879286050796509,0.8032267888387045,0.07315060496330261
pushup,0.5425597667694092,0.7457640329996745,0.9914755821228027,0.5676988124847412,0.7095846176147461,0.9820030927658081,0.5119960308074951,0.7109160741170247,0.9863653182983398,0.6046113491058349,0.6568284352620443,0.7324062585830688,0.4596569538116455,0.6629014333089193,0.8386391401290894,0.6567393779754639,0.6450976689656576,0.9770177602767944,0.3877405166625977,0.6744274775187175,0.9781143665313721,0.7581491470336914,0.72464599609375,0.9052694439888,0.25600719451904297,0.783300272623698,0.9031296968460083,0.7385105133056641,0.9223458607991536,0.8668290376663208,0.27940731048583983,0.9723159790039062,0.8635613322257996,0.5997719287872314,0.7420764287312825,0.7409934401512146,0.42818498611450195,0.7633517583211263,0.7300752401351929,0.6667538642883301,0.7258153279622396,0.14889109134674072,0.40575313568115234,0.7724098841349284,0.14101049304008484,0.6169483661651611,0.7107944488525391,0.050869423896074295,0.40885047912597655,0.7613761901855469,0.045003265142440796
pushup,0.5422816276550293,0.7748415629069011,0.9893252849578857,0.5648287773132324,0.7423716227213542,0.9808104634284973,0.5147214889526367,0.7462528864542644,0.9808040261268616,0.6001549243927002,0.6758157730102539,0.7187013626098633,0.4667671203613281,0.6854678471883138,0.7592375874519348,0.6608927726745606,0.6521205266316732,0.9640600085258484,0.3988053798675537,0.6780855814615886,0.957334041595459,0.7712991237640381,0.7298255284627279,0.8941121697425842,0.27329838275909424,0.769166374206543,0.852402925491333,0.7275493621826172,0.9178300221761068,0.8761282563209534,0.29743156433105467,0.9822088877360026,0.8327766060829163,0.6124399662017822,0.8074836730957031,0.5762913823127747,0.443084192276001,0.8276482899983724,0.5296648144721985,0.6529717445373535,0.7937056223551432,0.05860300734639168,0.4017902374267578,0.8505942662556966,0.05045574903488159,0.6291787147521972,0.7558710098266601,0.01686452515423298,0.4312312126159668,0.8203492482503255,0.014362523332238197
pushup,0.5432677745819092,0.8117883682250977,0.9808080196380615,0.5694983959197998,0.7776642481486002,0.9646820425987244,0.5166734218597412,0.7769887924194336,0.9734601378440857,0.6050904273986817,0.7174081802368164,0.6508249044418335,0.463987922668457,0.713838005065918,0.7936436533927917,0.662954044342041,0.6862742741902669,0.9661363959312439,0.38292155265808103,0.6991783777872721,0.9693145155906677,0.7838788986206054,0.7728014628092448,0.8894422054290771,0.26264827251434325,0.7936545054117838,0.88910973072052,0.7448439121246337,0.9814865112304687,0.8185092806816101,0.28153600692749026,0.9863836288452148,0.8233712315559387,0.606204605102539,0.7596890767415364,0.6656438708305359,0.4271348476409912,0.7736076354980469,0.6561172008514404,0.6575369834899902,0.6740818023681641,0.13122431933879852,0.38609538078308103,0.7139860153198242,0.13290755450725555,0.6316915512084961,0.602847162882487,0.0786709412932396,0.43978157043457033,0.6490012486775716,0.07594612240791321
pushup,0.5383721828460694,0.840407117207845,0.9498705863952637,0.5640083312988281,0.8090583801269531,0.9220125079154968,0.5144533634185791,0.8065992991129557,0.9387165904045105,0.6012419700622559,0.7462553024291992,0.5937207341194153,0.4669012546539307,0.7385900497436524,0.7210358381271362,0.6649853706359863,0.701577631632487,0.9393933415412903,0.3786278247833252,0.7021535237630209,0.9559266567230225,0.786428165435791,0.7733777364095052,0.8280952572822571,0.25291645526885986,0.7798936208089192,0.872482419013977,0.7483792781829834,0.9763788223266602,0.7531889081001282,0.2836515188217163,0.9847105662027995,0.7946507334709167,0.587733268737793,0.7126830418904623,0.5923914909362793,0.41040477752685545,0.7170141220092774,0.616168737411499,0.6173250675201416,0.6526772816975911,0.11668353527784348,0.37014427185058596,0.67116273244222,0.13353009521961212,0.5771450996398926,0.5681415557861328,0.078375905752182,0.4308026313781738,0.5891241073608399,0.08343588560819626
pushup,0.5426680564880371,0.8648171742757161,0.9501920342445374,0.5629075050354004,0.836859385172526,0.9266043901443481,0.5235822200775146,0.8361520131429037,0.9303975105285645,0.5947070121765137,0.7848990122477214,0.6594595313072205,0.48278417587280276,0.7813114166259766,0.72844398021698,0.6523293018341064,0.7505552291870117,0.9732301235198975,0.4003230094909668,0.7467947006225586,0.9744418263435364,0.779590368270874,0.7812092463175456,0.8955318331718445,0.24914138317108153,0.7717406590779622,0.8947679400444031,0.7461719512939453,0.9699717839558919,0.845879316329956,0.2646775722503662,0.9777872721354167,0.8404379487037659,0.5670010089874268,0.66533203125,0.88459312915802,0.42163972854614257,0.6676557540893555,0.882660448551178,0.5633301734924316,0.5848197937011719,0.6456027626991272,0.39457919597625735,0.612643814086914,0.6545564532279968,0.5122835636138916,0.47343470255533854,0.6555930376052856,0.44675559997558595,0.5089156150817871,0.654254674911499
pushup,0.5501775741577148,0.8909976959228516,0.9467296600341797,0.5636636734008789,0.8635737101236979,0.9063591957092285,0.5313844680786133,0.8683844248453776,0.921067476272583,0.5870794773101806,0.8168793360392252,0.5283265113830566,0.4911322116851807,0.8281370798746744,0.6681759357452393,0.6314390182495118,0.7863025029500326,0.9688892364501953,0.43186297416687014,0.7906627655029297,0.9642119407653809,0.7470137596130371,0.7591558456420898,0.9107242226600647,0.2929490089416504,0.7468666712443034,0.8848515152931213,0.7310657024383544,0.9466791788736979,0.8926368355751038,0.2624680519104004,0.9768779754638672,0.8587698936462402,0.5522459983825684,0.6620637893676757,0.9221909642219543,0.4418701171875,0.6663897196451823,0.9128645658493042,0.5417620658874511,0.5835001627604167,0.8082857131958008,0.42702884674072267,0.6107200622558594,0.7902734279632568,0.5251065254211426,0.464969539642334,0.8301953673362732,0.4635789394378662,0.49409729639689126,0.8154749870300293
pushup,0.5474057197570801,0.916012191772461,0.9664438366889954,0.5587642192840576,0.8906862258911132,0.9389482736587524,0.5316078186035156,0.8952175776163737,0.963391900062561,0.5740786552429199,0.8367509841918945,0.578019917011261,0.49197678565979003,0.8464242935180664,0.8250796794891357,0.6053922653198243,0.7867954889933269,0.9737908244132996,0.4245452404022217,0.8017262776692708,0.9724775552749634,0.7211517810821533,0.7475858688354492,0.9046751856803894,0.2873107671737671,0.7700710932413737,0.8809382915496826,0.7138069152832032,0.8720189412434896,0.8761928081512451,0.25975210666656495,0.97106507619222,0.8304190635681152,0.5226572513580322,0.6515886942545573,0.912036120891571,0.4235856056213379,0.6643338521321615,0.9007975459098816,0.5329604148864746,0.5954082489013672,0.712640106678009,0.4218769073486328,0.633755111694336,0.681349515914917,0.5335495948791504,0.4360716183980306,0.7404536008834839,0.46480603218078614,0.4777834892272949,0.7097781300544739
pushup,0.5359042167663575,0.9401651382446289,0.951284646987915,0.5537665367126465,0.9170594533284505,0.9122895002365112,0.5250050067901612,0.9132792154947916,0.9510102868080139,0.5697047233581543,0.858689816792806,0.4469677805900574,0.4835987567901611,0.8451737721761068,0.7716216444969177,0.5752450942993164,0.7875782012939453,0.9524359107017517,0.4150515079498291,0.7968987782796224,0.9587236046791077,0.6535431861877441,0.7066058476765951,0.8766365647315979,0.30568561553955076,0.7567741394042968,0.8483665585517883,0.6095129966735839,0.7389303207397461,0.8637223839759827,0.288847017288208,0.9577660242716471,0.8006616830825806,0.523763370513916,0.6496593475341796,0.9248915314674377,0.4363900661468506,0.6645565668741862,0.915999174118042,0.5218943119049072,0.6295059204101563,0.7819251418113708,0.42492094039916994,0.6756739298502604,0.7506474852561951,0.5611143112182617,0.44248809814453127,0.7991119623184204,0.5120616912841797,0.5138736724853515,0.773255467414856
pushup,0.5501255989074707,0.9262313842773438,0.11592566967010498,0.5355865001678467,0.921377436319987,0.04993842914700508,0.5630867958068848,0.9246212005615234,0.10123179107904434,0.49326438903808595,0.9017024358113607,0.19387829303741455,0.5749904155731201,0.9080192565917968,0.5617313385009766,0.44410138130187987,0.856625493367513,0.7241957783699036,0.5820725917816162,0.8646703084309896,0.6787876486778259,0.4569580554962158,0.7295431772867839,0.5303336977958679,0.5991582870483398,0.7390003840128581,0.41420257091522217,0.5124136924743652,0.7106323877970377,0.4847381114959717,0.5783429145812988,0.7211997985839844,0.33975949883461,0.41302099227905276,0.7416069030761718,0.701769232749939,0.5113692283630371,0.741967519124349,0.6351396441459656,0.40195765495300295,0.6403462092081705,0.7538130283355713,0.4803468704223633,0.6207023620605469,0.6689048409461975,0.49611625671386717,0.5959431966145833,0.84303879737854,0.5206396102905273,0.5442882537841797,0.8026502132415771
pushup,0.5435720920562744,0.9743119557698567,0.2117324322462082,0.5345821380615234,0.9664857228597005,0.10804397612810135,0.5510818004608155,0.9692694981892903,0.1890104115009308,0.5138454437255859,0.9221159617106119,0.11448235809803009,0.5545040607452393,0.9277267456054688,0.3513433039188385,0.48177189826965333,0.8431896209716797,0.5015032887458801,0.5575065612792969,0.84658203125,0.5318467617034912,0.49538073539733884,0.6991918563842774,0.4165061116218567,0.5666294574737549,0.6951507568359375,0.45352867245674133,0.5283392429351806,0.7264747619628906,0.46746891736984253,0.5799344062805176,0.6975032806396484,0.4301159977912903,0.43212223052978516,0.7486518224080404,0.6504567861557007,0.4890135765075684,0.7443183898925781,0.633828341960907,0.38135452270507814,0.6513740539550781,0.7512863278388977,0.4431620597839355,0.6414138158162435,0.7189328670501709,0.40729875564575196,0.6444943110148112,0.8668063879013062,0.44693846702575685,0.612360127766927,0.8491304516792297
pushup,0.5805243015289306,0.7885759989420573,0.014090282842516899,0.569503927230835,0.8001457850138346,0.005314917303621769,0.5934038639068604,0.7961219787597656,0.009236633777618408,0.5330106735229492,0.8481141408284505,0.07471825182437897,0.6074333190917969,0.8393295288085938,0.1914791762828827,0.48075428009033205,0.8746574401855469,0.48943817615509033,0.6117767333984375,0.8418322881062825,0.5229107141494751,0.45299925804138186,0.7974369049072265,0.387306272983551,0.587117052078247,0.744203758239746,0.4026111662387848,0.4866922855377197,0.8029325485229493,0.35483279824256897,0.5458515167236329,0.8079346974690755,0.33974412083625793,0.44381279945373536,0.781719716389974,0.785775363445282,0.535199785232544,0.7630956649780274,0.7826696038246155,0.4242115497589111,0.6535006205240885,0.8803436756134033,0.5165933132171631,0.6193634033203125,0.8713517785072327,0.46670780181884763,0.6220304489135742,0.9393619298934937,0.5358944892883301,0.5729673385620118,0.9355517625808716
pushup,0.5809711456298828,0.7977006276448567,0.006742261815816164,0.5667061805725098,0.8066405614217123,0.0027364164125174284,0.5951091289520264,0.8047997792561848,0.004412251524627209,0.5207827091217041,0.856191889444987,0.07075464725494385,0.6116019725799561,0.8538683573404948,0.15519000589847565,0.4551203727722168,0.8976163228352865,0.3642464876174927,0.6255174160003663,0.8674619038899739,0.3259797990322113,0.4142350673675537,0.8333624521891276,0.26179713010787964,0.5990672588348389,0.7701978047688802,0.205959290266037,0.45148673057556155,0.8575934092203776,0.2294800728559494,0.5558352470397949,0.8303308486938477,0.18216899037361145,0.42522106170654295,0.8113835016886394,0.5895559787750244,0.5412160396575928,0.796017074584961,0.5509252548217773,0.414135217666626,0.65836607615153,0.7936654686927795,0.5266207218170166,0.6353075663248698,0.7551934719085693,0.4671949863433838,0.6392760594685872,0.905756413936615,0.5342970848083496,0.6028936386108399,0.8896268010139465
pushup,0.5884768962860107,0.8129649480183919,0.010561256669461727,0.5751687049865722,0.8271890004475911,0.004211582243442535,0.6050212383270264,0.8221900304158528,0.005945402197539806,0.5318206787109375,0.8826703389485677,0.08768180757761002,0.6237095355987549,0.872120984395345,0.1634039729833603,0.46773505210876465,0.9183943430582683,0.4723273813724518,0.6348647117614746,0.873663584391276,0.44028714299201965,0.4249443054199219,0.858728535970052,0.37744468450546265,0.6007490634918213,0.7668275833129883,0.32738998532295227,0.45763750076293946,0.8669576009114583,0.3614043891429901,0.5590917587280273,0.8180903752644857,0.31166622042655945,0.4415582180023193,0.8137592315673828,0.6806755065917969,0.5528304576873779,0.7929076512654623,0.6582191586494446,0.4239975452423096,0.6516225179036458,0.8198683857917786,0.5267626762390136,0.6280858357747395,0.7924234867095947,0.48022003173828126,0.6150033315022786,0.9069234132766724,0.5334891319274903,0.5846566518147787,0.8939480185508728
pushup,0.5912685394287109,0.9008639017740886,0.006872347556054592,0.5722695350646972,0.9126091003417969,0.003106737742200494,0.6089650154113769,0.9132617314656576,0.003917051944881678,0.5333083629608154,0.9455591837565104,0.07898598164319992,0.637075138092041,0.9483296712239583,0.15084300935268402,0.48547773361206054,0.9459757486979167,0.4311424791812897,0.6479400634765625,0.9169747034708658,0.5092783570289612,0.4234255313873291,0.8837387084960937,0.3213725984096527,0.630198860168457,0.7983449300130209,0.39382514357566833,0.42571415901184084,0.9132544199625651,0.28594353795051575,0.6097868919372559,0.8135410944620768,0.314219206571579,0.4534329414367676,0.7959962844848633,0.7131543755531311,0.5684843063354492,0.7784159342447917,0.7288326025009155,0.4139900207519531,0.617585563659668,0.8512921333312988,0.5554874420166016,0.5840094248453777,0.8480716347694397,0.4426733016967773,0.578228505452474,0.9462911486625671,0.5657749176025391,0.522104549407959,0.9462888836860657
pushup,0.5802266120910644,0.94925537109375,0.015159199014306068,0.5636809349060059,0.9662148157755533,0.006906627211719751,0.5980113029479981,0.9656626383463541,0.010811658576130867,0.523233699798584,1.0,0.1414051204919815,0.6250325679779053,1.0,0.2869945466518402,0.46082468032836915,0.9860435485839844,0.5766259431838989,0.6512631893157959,0.9432902018229167,0.6519491672515869,0.3954875946044922,0.9006933848063151,0.41073426604270935,0.6248878479003906,0.7969870249430339,0.5068047642707825,0.4122501850128174,0.914752705891927,0.38230007886886597,0.590552568435669,0.8330916086832683,0.4361153542995453,0.4287208080291748,0.7862042744954427,0.838524580001831,0.5603831291198731,0.7638959884643555,0.8565532565116882,0.39056351184844973,0.5837273915608724,0.9471393823623657,0.5448112964630127,0.5626856486002604,0.9510839581489563,0.4119244575500488,0.5439618428548177,0.9861366748809814,0.5453041553497314,0.5198075612386067,0.9864656329154968
pushup,0.5830177307128906,0.824597422281901,0.03441280499100685,0.5752573490142823,0.8378918965657552,0.016970522701740265,0.5940487861633301,0.8310203552246094,0.017149874940514565,0.5510576248168946,0.8837882995605468,0.12770980596542358,0.6062676429748535,0.8689874649047852,0.1811898648738861,0.5073490142822266,0.9016209284464518,0.6452674865722656,0.6127123832702637,0.8691535949707031,0.6400423645973206,0.47787866592407224,0.8213820775349935,0.48468780517578125,0.6002983570098877,0.7679753621419271,0.4583006203174591,0.4864351749420166,0.7919297536214193,0.4762612283229828,0.5751921653747558,0.7679049173990885,0.4277137517929077,0.4771942138671875,0.8278675079345703,0.8495125770568848,0.5514301300048828,0.8073443094889323,0.8363605737686157,0.4255822658538818,0.6969065348307292,0.9000318050384521,0.5229632377624511,0.6563387552897135,0.883671224117279,0.4475231170654297,0.6119661331176758,0.9443903565406799,0.5491414546966553,0.5513118743896485,0.9398346543312073
pushup,0.5881886005401611,0.9326063791910807,0.0083527322858572,0.57345609664917,0.9493546803792318,0.003739898093044758,0.6024503231048584,0.947836430867513,0.007545648142695427,0.5344413757324219,0.9961929321289062,0.060041166841983795,0.6199132919311523,0.9924350102742513,0.18912149965763092,0.4766062259674072,0.9868733088175455,0.28307807445526123,0.6432384014129638,0.9436678568522135,0.43564552068710327,0.4367519378662109,0.9108144124348958,0.19173991680145264,0.6201412677764893,0.8133711496988932,0.3541429936885834,0.4829419612884521,0.9204357782999675,0.20966236293315887,0.57930908203125,0.8593430836995443,0.3027072250843048,0.4465277671813965,0.7882450103759766,0.722625732421875,0.5631465435028076,0.7651723861694336,0.7763462662696838,0.39422039985656737,0.6030020395914714,0.9204394221305847,0.5260574340820312,0.5765977223714193,0.932503342628479,0.42266526222229006,0.556266721089681,0.9833002090454102,0.5341609477996826,0.5239140510559082,0.9845998883247375
pushup,0.5798142910003662,0.9230279286702474,0.013134337030351162,0.5656968116760254,0.9403719584147135,0.00506547698751092,0.5933319091796875,0.9354885737101237,0.01191189605742693,0.5272170543670655,0.9872816721598308,0.08124054968357086,0.6110840797424316,0.976520029703776,0.33643752336502075,0.47220797538757325,0.9761938730875651,0.45521825551986694,0.6355404376983642,0.9343836466471355,0.6736084222793579,0.4342071533203125,0.8863983154296875,0.28096073865890503,0.6522518157958984,0.8033555348714193,0.5637515783309937,0.4633899688720703,0.8805083592732748,0.29010576009750366,0.6083984375,0.8104326883951823,0.47183388471603394,0.4341078758239746,0.7660090128580729,0.8342114090919495,0.5491585731506348,0.7399332682291667,0.883003294467926,0.40276803970336916,0.5883619308471679,0.9529243111610413,0.5296402454376221,0.5418491999308268,0.9667320847511292,0.41245546340942385,0.55507386525472,0.9886717796325684,0.5342685222625733,0.4980204900105794,0.9910441637039185
pushup,0.5548123836517334,0.8323376973470052,0.01842484436929226,0.5473945140838623,0.8472905476888021,0.0074607920832931995,0.5645564079284668,0.840923817952474,0.008098823018372059,0.526129961013794,0.8982477188110352,0.1055833026766777,0.5795880317687988,0.8843491872151693,0.1506381779909134,0.4806822776794434,0.9134443918863933,0.6412405967712402,0.6047745704650879,0.8740774154663086,0.7038537859916687,0.43799781799316406,0.8411373138427735,0.5927070379257202,0.6288498401641845,0.7735725402832031,0.6697263121604919,0.4435606002807617,0.8110872904459635,0.6199202537536621,0.6111354351043701,0.7767123540242513,0.6606049537658691,0.4624990463256836,0.8038705190022787,0.8860189914703369,0.5463212490081787,0.781981086730957,0.8976780772209167,0.4266085624694824,0.6597398122151693,0.9176955223083496,0.5335005283355713,0.6264134089152018,0.9248585104942322,0.4381707191467285,0.5890876770019531,0.9438768029212952,0.5481599330902099,0.5504528045654297,0.9472793936729431
pushup,0.5617874145507813,0.8244983673095703,0.018429646268486977,0.5511725425720215,0.8345832188924154,0.008491977117955685,0.5710129737854004,0.8297839482625325,0.007703195791691542,0.5280996322631836,0.8716621398925781,0.10137578845024109,0.5848496437072754,0.8623877207438151,0.13081182539463043,0.4956852436065674,0.8994453430175782,0.6450980305671692,0.5985504150390625,0.8593728383382161,0.6842930912971497,0.4547006607055664,0.8489465713500977,0.5300482511520386,0.6011850357055664,0.7648778279622396,0.5766494870185852,0.4564526557922363,0.8334405263264973,0.5150079727172852,0.5822471141815185,0.7572457631429036,0.5488431453704834,0.4850746154785156,0.8200918833414713,0.9011161923408508,0.557891845703125,0.7966225941975912,0.9062969088554382,0.44026007652282717,0.696880849202474,0.9341617226600647,0.5359519004821778,0.6444190343221029,0.934260368347168,0.4728077411651611,0.6022996266682943,0.9633688926696777,0.5641647815704346,0.5239607175191243,0.96526038646698
pushup,0.5507305145263672,0.8396453857421875,0.023894334211945534,0.5419426918029785,0.8518806457519531,0.011114374734461308,0.5605319023132325,0.8458076477050781,0.00920640304684639,0.5247328758239747,0.8888590494791667,0.1185741126537323,0.5762569904327393,0.8749917348225912,0.13175517320632935,0.49787917137146,0.9070125579833984,0.6879125833511353,0.5908064842224121,0.8564072926839192,0.7499067187309265,0.45221891403198244,0.8527119954427084,0.5949355363845825,0.5975125312805176,0.7501890818277995,0.6818419098854065,0.4411057472229004,0.8511792500813802,0.5832362174987793,0.5870542526245117,0.7622198740641276,0.6472688913345337,0.4873617649078369,0.8140398661295573,0.9135494828224182,0.5529739379882812,0.7843182881673177,0.9248328804969788,0.4295362949371338,0.6965467453002929,0.9276200532913208,0.5231266498565674,0.6340799331665039,0.9326746463775635,0.46474404335021974,0.6029144287109375,0.9532170295715332,0.5634873390197754,0.5138569196065267,0.9580089449882507
pushup,0.5700749397277832,0.8127566655476888,0.022518571466207504,0.5610014915466308,0.8225900014241536,0.009327096864581108,0.5788532257080078,0.8164917627970377,0.01009977888315916,0.5375836849212646,0.8599825541178385,0.10084761679172516,0.5893710613250732,0.8469704945882162,0.17076008021831512,0.5023672103881835,0.8910073598225912,0.6880273222923279,0.5973055362701416,0.8483340581258138,0.7408496141433716,0.4532627582550049,0.8478040059407552,0.5499119758605957,0.6036978244781495,0.7625787099202473,0.6159670352935791,0.43409171104431155,0.8350334167480469,0.515403151512146,0.5897749423980713,0.7563195546468099,0.5663642883300781,0.4814403533935547,0.8221251169840494,0.8987791538238525,0.5494901657104492,0.7959813435872396,0.9061600565910339,0.4269765853881836,0.7060657501220703,0.9244463443756104,0.5261290550231934,0.6487407048543294,0.9254363179206848,0.45085849761962893,0.622378412882487,0.9518919587135315,0.5612704277038574,0.5390234629313151,0.9543803334236145
pushup,0.5534274101257324,0.8293101628621419,0.015921588987112045,0.5434352874755859,0.841235860188802,0.007201195694506168,0.5649727821350098,0.8345661163330078,0.005992656107991934,0.5214448928833008,0.8793638865152995,0.10158389806747437,0.581960916519165,0.8640166600545247,0.11573510617017746,0.48964176177978513,0.9097557067871094,0.6716254949569702,0.592854356765747,0.8511257171630859,0.6999073624610901,0.44014935493469237,0.8815924962361653,0.5713135600090027,0.593217420578003,0.7567569732666015,0.6150722503662109,0.42496209144592284,0.8703042348225911,0.5339949131011963,0.5803774833679199,0.7514104843139648,0.5787572264671326,0.4747149467468262,0.8296323776245117,0.8998804092407227,0.546824836730957,0.7979272206624349,0.9069632887840271,0.42274866104125974,0.7055361429850261,0.9247560501098633,0.521182918548584,0.6469094594319661,0.9261915683746338,0.463277530670166,0.6140998840332031,0.9527902007102966,0.5595942497253418,0.5336621602376302,0.9553261399269104
pushup,0.5598460674285889,0.8285521825154623,0.00956091657280922,0.5492509365081787,0.8362643559773763,0.004440130200237036,0.5683420181274415,0.8318818410237631,0.0040741912089288235,0.5276017665863038,0.8673215866088867,0.06269783526659012,0.580681037902832,0.8579025904337565,0.08667625486850739,0.5017317771911621,0.8995538075764974,0.4954766631126404,0.5915702819824219,0.8503134409586589,0.5508792400360107,0.45505328178405763,0.8546969731648763,0.4100565016269684,0.5953948497772217,0.7484196345011394,0.4816998243331909,0.44280805587768557,0.8137751261393229,0.4330770969390869,0.5892953872680664,0.7286870956420899,0.4825609624385834,0.49000563621521,0.8212898890177409,0.8679884076118469,0.5557352542877197,0.7923247655232747,0.8801709413528442,0.42278413772583007,0.7169075012207031,0.9159232974052429,0.5247026443481445,0.6552551905314128,0.9181517362594604,0.4623380661010742,0.6193639119466146,0.9512775540351868,0.5632772445678711,0.5298283894856771,0.9546247124671936
pushup,0.5597410202026367,0.8530909220377604,0.03829481452703476,0.5525529861450196,0.869012451171875,0.018771234899759293,0.5706459999084472,0.8602610270182292,0.014320725575089455,0.5345452308654786,0.9145208358764648,0.14995910227298737,0.5849250316619873,0.8937989552815755,0.15127655863761902,0.5030886650085449,0.929226303100586,0.7631440162658691,0.5958525657653808,0.8707836786905925,0.7497586607933044,0.45686044692993166,0.882193120320638,0.680816113948822,0.6044798374176026,0.7643999099731446,0.664379894733429,0.426580810546875,0.8640950520833334,0.6651300191879272,0.5923094749450684,0.7610939661661784,0.6551350951194763,0.4827768325805664,0.8308717727661132,0.906940758228302,0.5452417373657227,0.7983729044596354,0.9041172862052917,0.43865013122558594,0.6938344319661458,0.9183476567268372,0.519791555404663,0.6362060546875,0.9117410778999329,0.47288169860839846,0.6038167317708333,0.9434187412261963,0.557672643661499,0.529165522257487,0.94287109375
pushup,0.5579048156738281,0.8301377614339193,0.02526702731847763,0.5469494342803956,0.8424606323242188,0.010800332762300968,0.5693172454833985,0.8358074188232422,0.009689996019005775,0.5222312450408936,0.8816276550292969,0.12094282358884811,0.586428451538086,0.8660021464029948,0.16544686257839203,0.49047293663024905,0.9134021759033203,0.7346454858779907,0.6010155200958252,0.8549301147460937,0.7520818114280701,0.4418024063110352,0.8917236328125,0.620570182800293,0.6063055038452149,0.7665347417195638,0.6515546441078186,0.41215038299560547,0.874142074584961,0.5801866054534912,0.588050365447998,0.7584896723429362,0.6214583516120911,0.47648186683654786,0.8396135330200195,0.8837101459503174,0.5520353317260742,0.8077725728352865,0.8897324204444885,0.42870268821716306,0.6978628794352214,0.9054575562477112,0.5251318931579589,0.6427305857340495,0.9056620001792908,0.4644003868103027,0.614277712504069,0.937458872795105,0.5562155246734619,0.5399649302164714,0.939676821231842
pushup,0.5562677383422852,0.8453571319580078,0.04188355803489685,0.5472969055175781,0.8624823252360027,0.020060760900378227,0.5698929309844971,0.8511213938395182,0.0152011439204216,0.5211989879608154,0.9119281768798828,0.1728391796350479,0.5867231369018555,0.8842394510904948,0.1946297287940979,0.4793663024902344,0.9395737330118815,0.8040408492088318,0.6018105983734131,0.8633725484212239,0.749789297580719,0.4232750415802002,0.9282300313313802,0.7022867798805237,0.6005783081054688,0.7677042007446289,0.6213641166687012,0.3779998779296875,0.9317047754923503,0.6289874315261841,0.5699903488159179,0.7637758255004883,0.6128312945365906,0.4687067985534668,0.8363263448079427,0.8676592707633972,0.5479355335235596,0.79918212890625,0.8544649481773376,0.44664583206176756,0.6832843780517578,0.88138347864151,0.5297462940216064,0.6330513000488281,0.8669679164886475,0.48457884788513184,0.5989266713460286,0.9176764488220215,0.5531256198883057,0.5420714696248372,0.9126541018486023
pushup,0.5427755832672119,0.8544273376464844,0.039115749299526215,0.5329614162445069,0.8709574381510417,0.020644832402467728,0.5570388793945312,0.8625221252441406,0.014329970814287663,0.5092551231384277,0.9182421366373698,0.19647559523582458,0.5793585777282715,0.8980229695638021,0.1762421876192093,0.47092623710632325,0.9398180643717448,0.7772932052612305,0.5990997314453125,0.8788920720418294,0.7297502756118774,0.4278133392333984,0.895120366414388,0.6721944808959961,0.598263931274414,0.7654932657877604,0.6031826734542847,0.4070247173309326,0.8927163441975912,0.624045193195343,0.5708948135375976,0.7567679723103841,0.5963812470436096,0.461635160446167,0.8379739125569662,0.8828344345092773,0.5462449550628662,0.8076997756958008,0.8719235062599182,0.4416823863983154,0.6809561411539714,0.9093775749206543,0.5281679630279541,0.637949816385905,0.8990297913551331,0.48351387977600097,0.5961956024169922,0.9439797401428223,0.5518465042114258,0.5437843322753906,0.9411494135856628
pushup,0.565095329284668,0.8374321619669597,0.022096527740359306,0.5580328464508056,0.8531895955403646,0.01014336384832859,0.5761834144592285,0.8460796356201172,0.010546368546783924,0.5363596916198731,0.9019482294718425,0.09811343252658844,0.5891355514526367,0.8859649658203125,0.1340077519416809,0.49622116088867185,0.9175913492838542,0.6193363666534424,0.5976557731628418,0.8720269521077474,0.5843930840492249,0.4513082504272461,0.8286965052286784,0.5789223313331604,0.5993648052215577,0.7445130030314128,0.5292258858680725,0.44486427307128906,0.7914787292480469,0.6214438080787659,0.5937288761138916,0.7312064488728841,0.579299807548523,0.467453145980835,0.8056155522664388,0.8777777552604675,0.5379212379455567,0.7811561584472656,0.8680663108825684,0.43414621353149413,0.6587659200032552,0.9312248826026917,0.5274251937866211,0.6232734680175781,0.9236347675323486,0.4521019458770752,0.5871700286865235,0.962028443813324,0.5486786842346192,0.5459828694661458,0.9589969515800476
pushup,0.5696063041687012,0.8550479888916016,0.01611003838479519,0.5631710529327393,0.8679859161376953,0.007980418391525745,0.5826130390167237,0.8610286076863607,0.006894262041896582,0.540825366973877,0.9120134353637696,0.1009344682097435,0.5985474109649658,0.8947976430257162,0.10306812822818756,0.4901319980621338,0.9334125518798828,0.5838708877563477,0.6100659370422363,0.8775100072224935,0.49932700395584106,0.4368467330932617,0.8625006357828776,0.543694794178009,0.6068726539611816,0.7455828348795573,0.43197500705718994,0.43105335235595704,0.8404585520426432,0.5699020028114319,0.5948229789733886,0.7312946319580078,0.4879107177257538,0.4555018424987793,0.8245916366577148,0.8478139042854309,0.5375945568084717,0.7968720118204753,0.8249837756156921,0.415866756439209,0.6636899948120117,0.9235851168632507,0.5208628177642822,0.632709248860677,0.9085970520973206,0.4513861656188965,0.5861860911051432,0.9620840549468994,0.5490777969360352,0.554852040608724,0.95638108253479
pushup,0.5585475444793702,0.8678305308024089,0.03661562129855156,0.5517607212066651,0.8858627319335938,0.018260294571518898,0.5734464168548584,0.876366933186849,0.014485114254057407,0.5277410507202148,0.9353871663411458,0.1844232827425003,0.5923579216003418,0.9119731903076171,0.17701776325702667,0.4760725975036621,0.9494279225667318,0.762406051158905,0.6088165283203125,0.8851866404215495,0.6767963767051697,0.4145231246948242,0.8810250600179036,0.6960689425468445,0.6131168842315674,0.7506634394327799,0.5717622637748718,0.3932342529296875,0.8484759012858073,0.701571524143219,0.6032509803771973,0.7244614283243815,0.6222245693206787,0.4500394821166992,0.8257271448771158,0.8818384408950806,0.5370000839233399,0.7945868810017903,0.8603626489639282,0.4236013889312744,0.6666867574055989,0.9198479652404785,0.5272971153259277,0.6317131042480468,0.9040048122406006,0.4589508056640625,0.588926124572754,0.9469625353813171,0.550565767288208,0.5555042902628581,0.9392665028572083
pushup,0.5613134860992431,0.8640741984049479,0.03363984823226929,0.5561826229095459,0.8811743418375652,0.01675071008503437,0.5742677211761474,0.872041893005371,0.014365581795573235,0.5356133460998536,0.9286295572916666,0.13458813726902008,0.5872375011444092,0.905929692586263,0.14069075882434845,0.48845748901367186,0.9393418629964193,0.7078981995582581,0.5940643310546875,0.8732019424438476,0.6219658851623535,0.42366986274719237,0.8729871114095052,0.671475350856781,0.584437084197998,0.7349969863891601,0.5509772896766663,0.4031771183013916,0.8567841211954753,0.6822435259819031,0.5778942108154297,0.7258351643880209,0.6097913980484009,0.46229100227355957,0.8101306915283203,0.8931071162223816,0.5321625232696533,0.7792594273885091,0.8755928874015808,0.43330774307250974,0.6558821360270183,0.9358527660369873,0.5221354484558105,0.6205369313557942,0.9231287837028503,0.4713897228240967,0.5778077443440756,0.9635533690452576,0.5532394409179687,0.5433444976806641,0.9582996368408203
pushup,0.5575988292694092,0.8570014317830403,0.06001588702201843,0.5495687007904053,0.87357603708903,0.03070753626525402,0.571351957321167,0.8633565902709961,0.02388337068259716,0.5263568878173828,0.9168835957845052,0.19419467449188232,0.58771653175354,0.8929449717203776,0.19770503044128418,0.4895120620727539,0.9349913914998372,0.8251367211341858,0.5941969394683838,0.8681256612141927,0.7666807770729065,0.44176368713378905,0.9029369354248047,0.7135224342346191,0.5877702236175537,0.7624582290649414,0.6235790848731995,0.4140923023223877,0.8714198430379232,0.6728906631469727,0.5751590251922607,0.7429771423339844,0.6165575385093689,0.4691330432891846,0.8302179972330729,0.9146299362182617,0.5396132469177246,0.7974490483601888,0.9000157713890076,0.4499532699584961,0.685345204671224,0.9367710947990417,0.5297185897827148,0.6348429361979167,0.924010157585144,0.4959702491760254,0.587658437093099,0.961510956287384,0.5641427040100098,0.5273104349772135,0.9575976133346558
pushup,0.5705995082855224,0.8342089970906575,0.0290629044175148,0.5648204803466796,0.8510886510213216,0.013103289529681206,0.5841743469238281,0.8412770589192708,0.012971778400242329,0.5407074928283692,0.9013058980305989,0.13666290044784546,0.5981059551239014,0.878436787923177,0.16128675639629364,0.49085369110107424,0.9243292490641276,0.7270528674125671,0.6017356872558594,0.8649099985758464,0.6519423723220825,0.43170900344848634,0.8618851979573567,0.6540353894233704,0.6033145904541015,0.7426239649454752,0.5570158362388611,0.4205924510955811,0.8261116663614909,0.6604722738265991,0.6114214420318603,0.7172229131062825,0.5919124484062195,0.45772757530212405,0.8141930262247722,0.887890636920929,0.5326933860778809,0.7864391962687175,0.8692002296447754,0.4364764213562012,0.6586973826090495,0.9345916509628296,0.5318244934082031,0.6257764180501302,0.9227209091186523,0.4610283851623535,0.591024653116862,0.9605174660682678,0.5567437171936035,0.5608963012695313,0.9549870491027832
pushup,0.5468714714050293,0.856614621480306,0.044160470366477966,0.5413454532623291,0.876588249206543,0.02178427018225193,0.5613789081573486,0.8670394897460938,0.01780031993985176,0.5240328788757325,0.9286400477091471,0.18171632289886475,0.581366491317749,0.905195681254069,0.1659499555826187,0.48514437675476074,0.9370655059814453,0.7665836215019226,0.5941243648529053,0.8741506576538086,0.7333686351776123,0.4302793502807617,0.8619632085164388,0.7190173268318176,0.6036490440368653,0.7407192866007487,0.6831904053688049,0.41930394172668456,0.8116166432698567,0.7473295331001282,0.6131984233856201,0.7198544820149739,0.7163009643554688,0.46428775787353516,0.8062567392985026,0.9093732237815857,0.5352626800537109,0.7757518768310547,0.9044011235237122,0.4409752368927002,0.6470149993896485,0.9386738538742065,0.523913049697876,0.6067951202392579,0.9343022108078003,0.4785881519317627,0.5716698964436849,0.9611392617225647,0.5548762321472168,0.5314236640930176,0.9593318700790405
pushup,0.5599344730377197,0.839388910929362,0.03340180590748787,0.5509351253509521,0.8550567626953125,0.017569802701473236,0.5732385635375976,0.8460165659586588,0.012382745742797852,0.5280099868774414,0.8984931310017904,0.14792947471141815,0.5899084568023681,0.8773606618245443,0.13136360049247742,0.4960169315338135,0.9245861053466797,0.7479088306427002,0.5945310592651367,0.8576323191324869,0.6827772259712219,0.44330267906188964,0.8994459788004557,0.6436553001403809,0.5845062732696533,0.7531550725301107,0.5532995462417603,0.4133406162261963,0.8732566197713216,0.6038731932640076,0.5735585212707519,0.7292852401733398,0.5512678623199463,0.47811079025268555,0.8368330001831055,0.890902578830719,0.5452688217163086,0.8030900319417318,0.876008927822113,0.44366016387939455,0.6924699147542318,0.9247159361839294,0.5266275405883789,0.6369430541992187,0.9104501605033875,0.48918514251708983,0.6075542449951172,0.9554290771484375,0.5645401954650879,0.5367540995279948,0.9515841007232666
pushup,0.5599095344543457,0.8638991038004558,0.07435474544763565,0.5529194355010987,0.8815974553426107,0.04044845327734947,0.5736442089080811,0.8703039805094401,0.028644680976867676,0.53265380859375,0.923179817199707,0.20486630499362946,0.5885467529296875,0.8961445490519205,0.18618297576904297,0.5021890640258789,0.9340435028076172,0.8416492938995361,0.5890929222106933,0.8616266250610352,0.7768225073814392,0.4508048057556152,0.8990360260009765,0.7464655637741089,0.5800795555114746,0.7460552215576172,0.6456718444824219,0.4069580078125,0.8596870422363281,0.7094915509223938,0.5770017623901367,0.718554941813151,0.6421923637390137,0.4810347080230713,0.8290625254313151,0.9279847145080566,0.538971996307373,0.7928303400675456,0.9138085246086121,0.45473275184631345,0.6940970738728841,0.9397552609443665,0.5235902309417725,0.6357264836629232,0.9254754781723022,0.5028417587280274,0.5920269012451171,0.9604048132896423,0.5649456024169922,0.5207388559977214,0.9560226202011108
pushup,0.5683708190917969,0.8374876022338867,0.0484950989484787,0.5604493618011475,0.853231938680013,0.022769244387745857,0.5811603546142579,0.8433645884195964,0.020989742130041122,0.535076379776001,0.8965662638346354,0.14524222910404205,0.5927256584167481,0.8738058725992839,0.18188834190368652,0.4984546184539795,0.9196030934651692,0.7910873293876648,0.5894749164581299,0.8558593114217122,0.7361931800842285,0.4502800464630127,0.8973522822062174,0.6743449568748474,0.5772408962249755,0.7612807591756184,0.5922362804412842,0.424714183807373,0.8673756917317709,0.6243101358413696,0.5706584930419922,0.7381328582763672,0.5716059803962708,0.4733099460601807,0.8311539967854817,0.9064434170722961,0.5354899406433106,0.8000238418579102,0.8913425207138062,0.44973139762878417,0.6895996729532877,0.9312505125999451,0.5253519058227539,0.6385473251342774,0.9167731404304504,0.49525651931762693,0.5980830510457357,0.9589277505874634,0.5654911994934082,0.5337925593058268,0.9542871713638306
pushup,0.5656224250793457,0.8271669387817383,0.03271866217255592,0.5595130920410156,0.8476339975992838,0.013550786301493645,0.5811399936676025,0.8358072916666667,0.013566896319389343,0.5339189529418945,0.9048178990681967,0.1399206668138504,0.5971012592315674,0.8770491282145182,0.16854342818260193,0.48725018501281736,0.9262658437093099,0.7792567610740662,0.5973796844482422,0.8613689422607422,0.7213647365570068,0.4307492733001709,0.8797913233439127,0.723059356212616,0.5915716648101806,0.7542510986328125,0.6454827189445496,0.4211291790008545,0.8524894714355469,0.7096553444862366,0.5897482395172119,0.730589230855306,0.659585177898407,0.45781540870666504,0.811027463277181,0.8959453105926514,0.5315365314483642,0.780309549967448,0.8818768262863159,0.44135475158691406,0.6367680231730143,0.9328991770744324,0.5277113914489746,0.5967770258585612,0.922267735004425,0.4670083999633789,0.5807519276936849,0.9584996700286865,0.5563489913940429,0.5411746978759766,0.9535539746284485
pushup,0.5762746810913086,0.8142936706542969,0.07160989940166473,0.5676220417022705,0.8302343368530274,0.026775753125548363,0.587416696548462,0.8195985158284506,0.034363482147455215,0.5381624221801757,0.8764538447062175,0.17000797390937805,0.596241807937622,0.8531102498372396,0.3387922942638397,0.5023568153381348,0.9025182088216146,0.8835670948028564,0.5927406311035156,0.8475580851236979,0.8751497864723206,0.46261062622070315,0.8879678090413411,0.7501745820045471,0.6069169998168945,0.7811225255330404,0.7422810792922974,0.43547782897949217,0.8410286585489909,0.6801895499229431,0.6010616779327392,0.7458504994710287,0.6761162877082825,0.46963133811950686,0.8179139455159505,0.9299104809761047,0.5321772575378418,0.7877759297688802,0.9243647456169128,0.4524198532104492,0.6801039377848307,0.9346465468406677,0.5297916889190674,0.6184115091959635,0.9275531768798828,0.482084846496582,0.5955121358235677,0.9526485800743103,0.5662544250488282,0.5135706265767416,0.9509207010269165
pushup,0.5702048301696777,0.8235628763834636,0.025031452998518944,0.5639374732971192,0.840117073059082,0.010949037969112396,0.5826657295227051,0.8311412175496419,0.011028934270143509,0.5411243438720703,0.8920546849568685,0.10712520778179169,0.5950463294982911,0.8710007985432943,0.1358938217163086,0.49999680519104006,0.9184707641601563,0.7042733430862427,0.5938933372497559,0.858653704325358,0.6450812220573425,0.44573822021484377,0.8588599522908529,0.659233570098877,0.5864567279815673,0.7387244542439778,0.5780326724052429,0.433089542388916,0.840443483988444,0.6552757620811462,0.5833926200866699,0.7277639389038086,0.6024660468101501,0.4667181968688965,0.8096242268880208,0.8975276947021484,0.5311294078826905,0.7799673716227213,0.8848159909248352,0.4417896747589111,0.6537230173746745,0.9380663633346558,0.5220440864562989,0.6097832361857096,0.9281708598136902,0.47333059310913084,0.5849775950113932,0.965828537940979,0.5549451828002929,0.5346326192220052,0.9620412588119507
pushup,0.563159704208374,0.8212622324625651,0.02757640741765499,0.5552446842193604,0.8384888966878256,0.011003841646015644,0.5770507335662842,0.8292296091715495,0.010342380031943321,0.5288867473602294,0.889138666788737,0.1423746645450592,0.5933403968811035,0.8675092061360677,0.16653673350811005,0.4854553699493408,0.9182689666748047,0.819854736328125,0.5997861862182617,0.8538313547770182,0.7586015462875366,0.4205471992492676,0.8898466110229493,0.7702807784080505,0.6040730476379395,0.7564131418863932,0.6846499443054199,0.40058116912841796,0.8576905568440755,0.739163339138031,0.611275053024292,0.7254056930541992,0.6874322891235352,0.46134204864501954,0.8188998540242513,0.9173706769943237,0.5377151966094971,0.7883389155069987,0.904224157333374,0.43759784698486326,0.6509396870930989,0.9389208555221558,0.5354808807373047,0.6099289576212565,0.9279364943504333,0.46578369140625,0.5837696075439454,0.957992434501648,0.5649539470672608,0.5388311386108399,0.9524219632148743
pushup,0.5675900936126709,0.9064654032389323,0.011414975859224796,0.5512668132781983,0.9254830678304037,0.004317029844969511,0.584080171585083,0.9217179616292318,0.00848928838968277,0.5083494663238526,0.9766340255737305,0.08736591041088104,0.6058131217956543,0.9680732091267904,0.25818610191345215,0.4578059196472168,0.9836772918701172,0.5461834073066711,0.622578239440918,0.9263518651326498,0.6549049615859985,0.40105910301208497,0.919058354695638,0.3987747132778168,0.6201015949249268,0.7765062967936198,0.5680564641952515,0.4178513526916504,0.8912237167358399,0.3965741693973541,0.6057119369506836,0.7525975545247395,0.5030863285064697,0.42744140625,0.7889536539713542,0.8761519193649292,0.5417691707611084,0.7609507242838541,0.8981806039810181,0.404187536239624,0.5915775299072266,0.9663732647895813,0.5300072193145752,0.5527853647867839,0.9719304442405701,0.43553714752197265,0.5579306920369466,0.991397500038147,0.5395426273345947,0.5142644246419271,0.9922598004341125
pushup,0.5741304397583008,0.8310344696044922,0.0679459348320961,0.5666162490844726,0.8482105255126953,0.029134858399629593,0.5865249156951904,0.8362144470214844,0.028974847868084908,0.5391524791717529,0.8937981923421224,0.19044101238250732,0.5959639549255371,0.8666331609090169,0.27163413166999817,0.5008121490478515,0.9169921239217123,0.8817256093025208,0.5911099910736084,0.8539840698242187,0.844176173210144,0.4476326465606689,0.899448013305664,0.7740079164505005,0.598356294631958,0.771350606282552,0.7016720175743103,0.40697407722473145,0.8767244974772136,0.6962844729423523,0.593840503692627,0.740658187866211,0.6507812738418579,0.47119989395141604,0.8315908432006835,0.9290732741355896,0.5326460838317871,0.7984867095947266,0.9158746600151062,0.4501953125,0.6990450541178386,0.929553747177124,0.5279710769653321,0.636707051595052,0.9139806628227234,0.4844380855560303,0.6108407974243164,0.9461203813552856,0.5702971458435059,0.5304923375447591,0.9403256177902222
pushup,0.5603661060333252,0.8385697682698567,0.020030496641993523,0.5538604259490967,0.8549837748209635,0.00983416847884655,0.5724651336669921,0.8466738382975261,0.008470244705677032,0.531973123550415,0.9078784306844075,0.10890133678913116,0.5866757869720459,0.8882617314656576,0.11205484718084335,0.48906936645507815,0.9341987609863281,0.6390312314033508,0.596444034576416,0.8708724975585938,0.5652207732200623,0.432797908782959,0.8764694213867188,0.5849675536155701,0.5866190433502197,0.746899668375651,0.4879937171936035,0.42813920974731445,0.8560169855753581,0.5946342349052429,0.5749418258666992,0.7429627736409505,0.5314351320266724,0.464361572265625,0.8144664128621419,0.8642137050628662,0.5381807804107666,0.7835127512613932,0.8482216000556946,0.4280146598815918,0.6550926208496094,0.9300370812416077,0.5236155986785889,0.6140743255615234,0.9183314442634583,0.45987234115600584,0.5833468119303385,0.964813768863678,0.5529201030731201,0.5382305145263672,0.9605958461761475
pushup,0.5810342311859131,0.8318008422851563,0.03766360878944397,0.5721697330474853,0.8464849472045899,0.015959158539772034,0.5920826435089112,0.8362462361653645,0.016101574525237083,0.5424222946166992,0.8912628173828125,0.13372686505317688,0.5995218276977539,0.8684516906738281,0.20489612221717834,0.5017068386077881,0.9220104217529297,0.8091396689414978,0.5973673820495605,0.8566730499267579,0.7679779529571533,0.44434490203857424,0.9165335337320963,0.6784980893135071,0.5994473457336426,0.7760442733764649,0.6101359128952026,0.4121379852294922,0.8942989985148112,0.6083865761756897,0.5880218982696533,0.7450990041097005,0.5740153789520264,0.47306389808654786,0.8277001063028971,0.9011364579200745,0.538693618774414,0.7933174133300781,0.8878380060195923,0.4412966251373291,0.7003746668497721,0.9186988472938538,0.5257259845733643,0.6348069508870443,0.902658224105835,0.4858108043670654,0.6082771301269532,0.9446588158607483,0.5673038482666015,0.5210171381632487,0.9396043419837952
pushup,0.5719637870788574,0.8438621520996094,0.028415067121386528,0.5656476020812988,0.8609432856241862,0.011775573715567589,0.5848446846008301,0.8525796254475911,0.012827577069401741,0.5412691593170166,0.9140562693277995,0.1186571940779686,0.598509407043457,0.8937108993530274,0.1698526293039322,0.49198193550109864,0.9345531463623047,0.7200508117675781,0.6047094345092774,0.8743703842163086,0.6861629486083984,0.4369290828704834,0.8830571492513021,0.6530525088310242,0.6017780303955078,0.760240109761556,0.6060916781425476,0.42881155014038086,0.8492687861124675,0.6627123951911926,0.5901670932769776,0.73697509765625,0.6330254673957825,0.4572467803955078,0.8104147593180339,0.8835513591766357,0.5332895278930664,0.7813039779663086,0.8755011558532715,0.4296883106231689,0.6486028671264649,0.930169403553009,0.5242423057556153,0.6126803080240886,0.9232301115989685,0.4655590534210205,0.5779657999674479,0.9585999250411987,0.5562676906585693,0.5417143503824869,0.9552323818206787
pushup,0.5656097412109375,0.8281550725301107,0.01302531361579895,0.5579849720001221,0.8419424692789713,0.006100701168179512,0.5762789249420166,0.8368220011393229,0.006741770077496767,0.5324882984161377,0.8983685811360677,0.07632040977478027,0.5884186744689941,0.887130610148112,0.10979417711496353,0.4830035209655762,0.9308666229248047,0.46750929951667786,0.6003683090209961,0.8838119506835938,0.45567557215690613,0.43746376037597656,0.8695363362630208,0.40893542766571045,0.5774006366729736,0.7698723475138346,0.37820717692375183,0.44471354484558107,0.8626099904378255,0.43041175603866577,0.5410759925842286,0.7920763651529948,0.407793253660202,0.4583466053009033,0.8092876434326172,0.7815940380096436,0.5391659736633301,0.7877366383870442,0.7762594223022461,0.4314426422119141,0.6489068349202474,0.8975052237510681,0.527506685256958,0.6283734639485677,0.8910021781921387,0.4645998954772949,0.5725348154703777,0.9559894800186157,0.5453387260437011,0.5526533762613932,0.9530789256095886
pushup,0.5733308792114258,0.8303239822387696,0.02060578390955925,0.5646667003631591,0.8465147018432617,0.008998461067676544,0.5866401672363282,0.8399670918782552,0.009613459929823875,0.5355692863464355,0.9021251678466797,0.10725802183151245,0.6017244338989258,0.8868478139241537,0.14988957345485687,0.48514628410339355,0.930224609375,0.6379398107528687,0.6094959259033204,0.8778643290201823,0.592625081539154,0.44321494102478026,0.8700019836425781,0.5513184666633606,0.5815475940704345,0.76210142771403,0.47521311044692993,0.4530689239501953,0.877901840209961,0.5278454422950745,0.5416940689086914,0.7941153844197592,0.4739581346511841,0.45685830116271975,0.8140281041463217,0.8453631401062012,0.5430312156677246,0.789227549235026,0.8319926857948303,0.42459707260131835,0.6475088755289714,0.9207199811935425,0.5252143859863281,0.6210060119628906,0.9091839790344238,0.462007999420166,0.5889826456705729,0.961279571056366,0.5495212554931641,0.5603848775227864,0.9567942023277283
pushup,0.5883339405059814,0.831936264038086,0.03278985992074013,0.5801487445831299,0.847896957397461,0.013740085065364838,0.6033308029174804,0.838835080464681,0.01526906993240118,0.5475553035736084,0.8980552673339843,0.14958438277244568,0.6184540748596191,0.8767833709716797,0.22311507165431976,0.49020977020263673,0.9259064992268881,0.7712694406509399,0.6217715740203857,0.867428716023763,0.7002481818199158,0.4354553699493408,0.8705630620320638,0.6493794322013855,0.588917350769043,0.7529961268107096,0.5243710875511169,0.4364795684814453,0.8577473958333334,0.5995878577232361,0.5530102729797364,0.7520586013793945,0.5138479471206665,0.4567228317260742,0.8185792287190755,0.8853660821914673,0.5479061603546143,0.7901959737141927,0.864122211933136,0.42320098876953127,0.6650061289469401,0.9331939220428467,0.5319325447082519,0.630429458618164,0.916041910648346,0.456939697265625,0.5984676996866862,0.9615569114685059,0.5574277877807617,0.55966796875,0.95432049036026
pushup,0.5810866832733155,0.8779771169026692,0.013834570534527302,0.5643524169921875,0.8968090693155925,0.004896231926977634,0.6002991676330567,0.8929570515950521,0.00839750561863184,0.5196914196014404,0.9429720560709636,0.11776415258646011,0.6267867088317871,0.9322745005289713,0.2893832325935364,0.46451702117919924,0.9532246907552083,0.6883217096328735,0.6450854778289795,0.8903660456339518,0.7355539798736572,0.4068636417388916,0.9105781555175781,0.5526070594787598,0.6176364898681641,0.7685889561971029,0.6341441869735718,0.4247474670410156,0.9136049906412761,0.4965485632419586,0.586993408203125,0.7862108866373698,0.5695621967315674,0.4362775802612305,0.8086004892985026,0.8904399871826172,0.5582887649536132,0.7767183303833007,0.9013405442237854,0.3983767986297607,0.6618628819783529,0.9350577592849731,0.5313268184661866,0.6222183227539062,0.9386508464813232,0.4425177574157715,0.5989998499552409,0.9671118259429932,0.540693712234497,0.5495138168334961,0.9674920439720154
pushup,0.5822466850280762,0.888339106241862,0.02076120115816593,0.565297794342041,0.9072073618570964,0.008468098007142544,0.602379846572876,0.9031349182128906,0.011532883159816265,0.5186940193176269,0.9529368082682291,0.19704845547676086,0.6307706832885742,0.9412450154622396,0.364122211933136,0.45799851417541504,0.9586341222127278,0.789037823677063,0.6491620063781738,0.8965983708699544,0.7513640522956848,0.39049572944641114,0.8805373509724935,0.6523860692977905,0.6235363960266114,0.7398508707682292,0.5808432698249817,0.39144220352172854,0.8890636444091797,0.5602502226829529,0.5928128242492676,0.7694544474283854,0.5138638615608215,0.4332444190979004,0.8093159357706706,0.9056780934333801,0.5601612567901612,0.7783606211344402,0.8959473371505737,0.4072688579559326,0.659054183959961,0.9389311671257019,0.5369807243347168,0.6173543930053711,0.9287521243095398,0.46581130027770995,0.6054498036702474,0.9674234390258789,0.5523134231567383,0.5500634511311849,0.9635221362113953
pushup,0.5794293880462646,0.8934914271036783,0.013145015574991703,0.5603877067565918,0.9109645843505859,0.006008511874824762,0.5996672153472901,0.9099486033121745,0.007416031789034605,0.5132182598114013,0.9578688303629558,0.1554572880268097,0.6305123329162597,0.9539652506510417,0.2464282214641571,0.4549834728240967,0.9670033772786458,0.6032509207725525,0.653593635559082,0.9116872151692709,0.5619933009147644,0.40064005851745604,0.8840722401936849,0.4655053913593292,0.6036594390869141,0.7575128555297852,0.3889937400817871,0.42362608909606936,0.9160992304484049,0.4031001031398773,0.5575509071350098,0.8271085103352864,0.34598955512046814,0.4313614845275879,0.8114346822102865,0.7632905840873718,0.566767692565918,0.7825148900349935,0.7431921362876892,0.38997206687927244,0.6659786224365234,0.8490180373191833,0.5356792449951172,0.6279229482014974,0.81996750831604,0.4491243362426758,0.6334295908610026,0.9167189598083496,0.544767427444458,0.5764989217122396,0.9041221737861633
pushup,0.5742036819458007,0.8144741694132487,0.00812420155853033,0.5602931022644043,0.8285186767578125,0.00360252452082932,0.5931504249572754,0.8242053985595703,0.005477819591760635,0.5187024116516114,0.8799084981282552,0.08557841926813126,0.6183691024780273,0.8699315388997396,0.15747955441474915,0.4606162071228027,0.9070217768351237,0.3349964916706085,0.6308725357055665,0.8635856628417968,0.36008042097091675,0.42970938682556153,0.8159164428710938,0.24346226453781128,0.5928725242614746,0.7288045883178711,0.2664840519428253,0.4796905994415283,0.8368356068929036,0.24476775527000427,0.5543924331665039,0.7755099614461263,0.24776796996593475,0.4318213939666748,0.7888834635416667,0.6463114619255066,0.5481987953186035,0.7663953145345052,0.6463226079940796,0.4186403274536133,0.6597009023030599,0.8245812058448792,0.5242821216583252,0.6264698028564453,0.8162476420402527,0.4757237434387207,0.6443782806396484,0.9127084016799927,0.5323793411254882,0.5991577784220378,0.9083209037780762
pushup,0.5664074897766114,0.7987405141194661,0.006631764117628336,0.5491997718811035,0.8082162221272786,0.002327421447262168,0.5835904121398926,0.8069771448771159,0.003739519976079464,0.503826904296875,0.8457730611165365,0.06766961514949799,0.6076590538024902,0.8433725992838542,0.1524425745010376,0.45191183090209963,0.8728919982910156,0.43936482071876526,0.6265930652618408,0.8376660664876302,0.4888777434825897,0.41172018051147463,0.8109349568684896,0.35642483830451965,0.587827205657959,0.7379861195882161,0.38613441586494446,0.44446191787719724,0.8404771169026692,0.32131272554397583,0.5486958026885986,0.8031037648518881,0.32570990920066833,0.4344622135162354,0.7855478922526041,0.7484545707702637,0.5570053577423095,0.7648780822753907,0.7533695101737976,0.3875821590423584,0.6592337290445963,0.8559884428977966,0.5241406917572021,0.6259132385253906,0.8451516032218933,0.43032197952270507,0.6474565505981446,0.9126675724983215,0.5321511268615723,0.5928915659586589,0.9060813188552856
pushup,0.5782122135162353,0.7787429809570312,0.021652180701494217,0.5670710563659668,0.7850443522135416,0.007061985787004232,0.5908853054046631,0.7834149678548177,0.01382679957896471,0.5341517448425293,0.8158516565958659,0.09784445911645889,0.6096426486968994,0.8094551722208659,0.3210543394088745,0.48612346649169924,0.8254681905110677,0.6252691149711609,0.62989501953125,0.8086662292480469,0.7482914328575134,0.4748189926147461,0.7633680979410807,0.5048995018005371,0.6553781509399415,0.7395549138387044,0.6529143452644348,0.49507870674133303,0.7672918955485026,0.47938069701194763,0.6208087921142578,0.7648818333943684,0.5598695874214172,0.4567745208740234,0.7346920649210612,0.855467677116394,0.5533379554748535,0.7219010670979817,0.876908540725708,0.4285121440887451,0.6168328603108724,0.8988953232765198,0.5111151695251465,0.5966381072998047,0.9095051288604736,0.4682486534118652,0.5776472727457682,0.9376080632209778,0.5277182102203369,0.5471200942993164,0.9414362907409668
pushup,0.5822253227233887,0.7322951634724935,0.029349524527788162,0.5722522735595703,0.7325396219889323,0.010224330238997936,0.5946309089660644,0.7282550811767579,0.016232984140515327,0.5305762767791748,0.7493909200032552,0.12257781624794006,0.6020914077758789,0.7400243123372395,0.2850535809993744,0.4739687919616699,0.7833162307739258,0.7046119570732117,0.5865898609161377,0.7521647135416667,0.6370679140090942,0.4307682514190674,0.750883420308431,0.46324536204338074,0.5804719448089599,0.6871653874715169,0.3349977135658264,0.44985389709472656,0.7461732864379883,0.34472063183784485,0.5767483711242676,0.6843647638956706,0.22575543820858002,0.42481651306152346,0.7673989613850911,0.7568886280059814,0.5070805072784423,0.7464850107828777,0.6972447037696838,0.37369890213012696,0.6853614807128906,0.8160485029220581,0.479931116104126,0.6179904937744141,0.735596776008606,0.46042728424072266,0.7090360641479492,0.8303613066673279,0.5543212413787841,0.5954671859741211,0.7876633405685425
pushup,0.5601469039916992,0.8136452992757162,0.03259037807583809,0.5485538959503173,0.817493184407552,0.010237024165689945,0.5738137245178223,0.8174919128417969,0.016778865829110146,0.5145868778228759,0.8296759287516277,0.22296014428138733,0.5961390972137451,0.8263824462890625,0.4599899649620056,0.45684542655944826,0.8070117950439453,0.8221929669380188,0.6305810928344726,0.7975718180338541,0.8963915705680847,0.42093143463134763,0.7784163157145182,0.7223609089851379,0.7037196159362793,0.7681395848592122,0.8316821455955505,0.42241621017456055,0.8216499964396159,0.6479294896125793,0.6897233486175537,0.7788293202718098,0.722382664680481,0.4121704578399658,0.6772638320922851,0.8845928311347961,0.5261458396911621,0.6622830708821614,0.9039540886878967,0.35998849868774413,0.6243146260579427,0.843047559261322,0.46652994155883787,0.5991949717203776,0.859149694442749,0.3941833019256592,0.5967896779378256,0.7841376662254333,0.47842884063720703,0.5604410171508789,0.7925176024436951
pushup,0.5433165073394776,0.9572518666585287,0.8132982850074768,0.5408138751983642,0.9454490661621093,0.632220447063446,0.5410377979278564,0.9458858489990234,0.7752906084060669,0.5280934333801269,0.8838598887125652,0.3040856420993805,0.5166330337524414,0.8870566050211589,0.6708009839057922,0.5184861660003662,0.7839773813883464,0.9286174178123474,0.48785109519958497,0.7882007598876953,0.9335643649101257,0.5483159065246582,0.7732680638631185,0.8864882588386536,0.41679940223693845,0.7694552739461263,0.8638984560966492,0.5024603843688965,0.945886739095052,0.8289909362792969,0.28033368587493895,0.9988882700602214,0.7890146970748901,0.45546512603759765,0.5959159851074218,0.8620107769966125,0.4449787616729736,0.5952936172485351,0.8567513227462769,0.4715390205383301,0.5501141866048177,0.7678294777870178,0.441202974319458,0.5512646993001302,0.7393583655357361,0.5101045131683349,0.4753236452738444,0.81136554479599,0.46081342697143557,0.4780232111612956,0.7910846471786499
pushup,0.5383944034576416,0.985157585144043,0.705764651298523,0.5303378582000733,0.9888258616129557,0.5854978561401367,0.5502408981323242,0.984976069132487,0.6151375770568848,0.5045984745025635,0.9541671752929688,0.598854660987854,0.5547929286956788,0.9462725321451823,0.733386218547821,0.47165765762329104,0.8517161051432292,0.9513766765594482,0.5431303024291992,0.8474313100179036,0.9519585371017456,0.39587016105651857,0.7809398015340169,0.8888538479804993,0.4275045394897461,0.778721809387207,0.8122520446777344,0.3444288015365601,0.8733013153076172,0.7887037992477417,0.2778761386871338,0.9778868357340494,0.6912930607795715,0.47626523971557616,0.6293403625488281,0.9185553789138794,0.5272468566894531,0.6281105677286783,0.9105336666107178,0.4996361255645752,0.5796835581461589,0.8786495923995972,0.5246123313903809,0.5661246617635091,0.8459246754646301,0.564716386795044,0.45790462493896483,0.9059714674949646,0.5409811019897461,0.4372243881225586,0.8936496376991272
pushup,0.5377713203430176,0.9706944783528646,0.8148494958877563,0.5325000762939454,0.9701075236002604,0.7107471227645874,0.5418030261993408,0.9699164072672526,0.7804276943206787,0.5181457996368408,0.9294804890950521,0.47700440883636475,0.5321279525756836,0.9308521270751953,0.7298569679260254,0.5129506587982178,0.8221440633138021,0.941602349281311,0.4998128414154053,0.8348939259847005,0.9528146982192993,0.4691122531890869,0.7463929494222005,0.8762615919113159,0.37882628440856936,0.7784822463989258,0.8364157676696777,0.3893585681915283,0.8257066090901692,0.8161318302154541,0.27113728523254393,0.982347043355306,0.7503890991210938,0.499752140045166,0.6154277801513672,0.9222762584686279,0.49911088943481446,0.6210431416829427,0.9202796816825867,0.5075041294097901,0.5760977427164714,0.8731184601783752,0.4991884231567383,0.570560073852539,0.846614420413971,0.5512099266052246,0.44715868631998695,0.9036877155303955,0.5283670902252198,0.42780380249023436,0.8937418460845947
pushup,0.5390043258666992,0.9806474049886068,0.8007209300994873,0.5367115020751954,0.9770276387532552,0.6959162950515747,0.5417623043060302,0.9777848561604817,0.7550681233406067,0.5346570491790772,0.9301834106445312,0.39540114998817444,0.533739709854126,0.9332325617472331,0.6163033843040466,0.5518773078918457,0.8201774597167969,0.924665093421936,0.4929158687591553,0.8381468454996744,0.9395438432693481,0.5503276824951172,0.7358350118001302,0.864302396774292,0.37734050750732423,0.7860564549763998,0.8379014134407043,0.47538280487060547,0.775054931640625,0.845532238483429,0.2709035873413086,0.9812440236409505,0.7724716067314148,0.515926742553711,0.6188249588012695,0.9248028993606567,0.4890259265899658,0.6224149068196615,0.9237006902694702,0.5156271934509278,0.5868625005086263,0.8786525130271912,0.4816441059112549,0.5736447652180989,0.854095995426178,0.5591167449951172,0.4533865292867025,0.9057633876800537,0.5246591567993164,0.4249147415161133,0.8978942036628723
pushup,0.5450822353363037,0.9754492441813151,0.4600086212158203,0.5352785587310791,0.9766120910644531,0.34034937620162964,0.5559154033660889,0.9743207931518555,0.32607394456863403,0.5069544792175293,0.9449979146321614,0.5833143591880798,0.5676537990570069,0.9390594482421875,0.7186095118522644,0.45903515815734863,0.8514485041300456,0.9488168358802795,0.5851658344268799,0.8434848785400391,0.9375157952308655,0.38613085746765136,0.7822736104329427,0.8900632858276367,0.5253356456756592,0.7753318150838217,0.7719895839691162,0.33881425857543945,0.8616164525349935,0.7806122899055481,0.3451839447021484,0.9579601923624674,0.6459406614303589,0.45347089767456056,0.6391459147135417,0.9256306290626526,0.5374187469482422,0.6323424021402995,0.9112895727157593,0.47620697021484376,0.5925066630045573,0.8913132548332214,0.5249522209167481,0.5707421620686849,0.8585025072097778,0.5472967624664307,0.46845823923746743,0.9119182229042053,0.5326579570770263,0.44046592712402344,0.8994215726852417
pushup,0.5344689369201661,0.9839112599690755,0.7649898529052734,0.5321333885192872,0.9828539530436198,0.6514688730239868,0.5374366760253906,0.9826394399007161,0.7092358469963074,0.5299520015716552,0.9389608383178711,0.3702266216278076,0.5294785022735595,0.9388674418131511,0.5930264592170715,0.5489351749420166,0.8207799911499023,0.9186177849769592,0.48998379707336426,0.8349265416463216,0.929376482963562,0.5512133121490479,0.7440273920694987,0.8717844486236572,0.38187849521636963,0.7849778493245443,0.8312121629714966,0.4530025959014893,0.8140034993489583,0.832659900188446,0.26392617225646975,0.985760752360026,0.755904495716095,0.5118975162506103,0.6233579635620117,0.9217272996902466,0.4816195011138916,0.6241250991821289,0.9180512428283691,0.5214070320129395,0.6040918986002605,0.8561585545539856,0.47809362411499023,0.5906493504842122,0.8277371525764465,0.5567329406738282,0.4930668512980143,0.8673704862594604,0.5156821250915528,0.4665928522745768,0.8564902544021606
pushup,0.5362236499786377,0.9746726353963217,0.7897022366523743,0.533327579498291,0.976397959391276,0.6729809045791626,0.5437442779541015,0.9728701909383138,0.7331966757774353,0.5220874309539795,0.9377029418945313,0.4721870720386505,0.5395407676696777,0.9300355275472005,0.685737669467926,0.5110208988189697,0.8308260599772136,0.9434805512428284,0.5026051044464112,0.8307703018188477,0.9510330557823181,0.4527567386627197,0.7600945154825847,0.8941092491149902,0.3735651016235352,0.777401351928711,0.8498464226722717,0.38553266525268554,0.8231112798055013,0.8352361917495728,0.2752619743347168,0.9870961507161459,0.7598891258239746,0.4975291728973389,0.6341906229654948,0.9361711144447327,0.496832275390625,0.6356387456258138,0.9326667189598083,0.5088837146759033,0.6028216044108073,0.8879467844963074,0.4928943634033203,0.5951638539632161,0.8603747487068176,0.5577442646026611,0.4779258092244466,0.9036012887954712,0.520196533203125,0.462371031443278,0.8912563323974609
pushup,0.5328383445739746,0.9809377034505208,0.8261979222297668,0.5279292583465576,0.9854607899983724,0.7341749668121338,0.5420526504516602,0.9824639638264974,0.7897801995277405,0.5174150466918945,0.9451696395874023,0.45318469405174255,0.5390328407287598,0.9385486602783203,0.6748558282852173,0.5266794681549072,0.8267868041992188,0.9264776110649109,0.48720436096191405,0.833355204264323,0.9422433376312256,0.49402313232421874,0.7473545710245768,0.8710941672325134,0.34462366104125974,0.7762607574462891,0.8418635725975037,0.3977514266967773,0.8416195551554362,0.819230318069458,0.2708207845687866,0.9905244827270507,0.7639768719673157,0.5063094139099121,0.6317153930664062,0.8974727988243103,0.4867053985595703,0.6347578048706055,0.8968760371208191,0.515955924987793,0.5841933568318685,0.8144121766090393,0.48168330192565917,0.5819931030273438,0.7827138304710388,0.5450830936431885,0.48431342442830405,0.8412879109382629,0.5069159507751465,0.47075443267822265,0.8269079923629761
pushup,0.5432806968688965,0.9713222503662109,0.5779353976249695,0.5348347187042236,0.9767159144083659,0.42265263199806213,0.5569808483123779,0.9719266255696615,0.47463011741638184,0.5037110328674317,0.9465839385986328,0.5849526524543762,0.5635837078094482,0.9375893910725911,0.7166179418563843,0.45694918632507325,0.8489796956380208,0.9476468563079834,0.5552243709564209,0.8411833445231119,0.94483882188797,0.3652407169342041,0.7821493784586588,0.8899539709091187,0.44005537033081055,0.7743558247884115,0.8044288158416748,0.3258796691894531,0.8705807367960612,0.7898104190826416,0.2844574213027954,0.9766419092814128,0.6766920685768127,0.453518009185791,0.643202273050944,0.9152085185050964,0.5199162483215332,0.6395236333211263,0.903834879398346,0.47910075187683104,0.5974305470784506,0.8711371421813965,0.5170479774475097,0.5813908259073893,0.8325260281562805,0.538107967376709,0.49090954462687175,0.8855505585670471,0.5215248107910156,0.4705579439798991,0.8672375082969666
pushup,0.5371355056762696,0.9744958241780599,0.8389368057250977,0.5367915153503418,0.9723885854085287,0.7307772636413574,0.5388682365417481,0.9717529296875,0.8207464218139648,0.5350613117218017,0.9281077067057292,0.37744516134262085,0.5252809047698974,0.9287084579467774,0.6595951318740845,0.5488415241241456,0.8148183822631836,0.9234208464622498,0.4713095188140869,0.8327842076619466,0.948587954044342,0.5417510986328125,0.729861323038737,0.863481879234314,0.33545091152191164,0.7830335617065429,0.8672633171081543,0.48659505844116213,0.7819666544596354,0.8453442454338074,0.2586745500564575,0.982337760925293,0.8044399619102478,0.5156405925750732,0.6197308858235677,0.9316822290420532,0.47594313621520995,0.627696418762207,0.9348272681236267,0.5245359897613525,0.5933357238769531,0.8840481042861938,0.4777349948883057,0.5886002858479817,0.8666460514068604,0.5594171524047852,0.4710791269938151,0.9042575359344482,0.5196566104888916,0.4518744150797526,0.8979454040527344
pushup,0.5338222503662109,0.9776042302449545,0.7414208650588989,0.5298758983612061,0.9799695332845052,0.6382138729095459,0.5441063404083252,0.9777980804443359,0.6459934711456299,0.5213346958160401,0.9439261754353842,0.5444074273109436,0.5520673751831054,0.9378181457519531,0.646423876285553,0.510106897354126,0.8393811543782552,0.9361819624900818,0.5352692604064941,0.8387511571248373,0.9490475058555603,0.47249584197998046,0.7709372838338217,0.869802713394165,0.4308297634124756,0.7811201731363933,0.8387813568115234,0.4131378173828125,0.8568393071492513,0.7839024066925049,0.2841451168060303,0.9884772618611654,0.7150341272354126,0.48895883560180664,0.6354070663452148,0.911789059638977,0.5112395763397217,0.6316701253255208,0.9133437275886536,0.49291419982910156,0.6026102701822916,0.8449596166610718,0.49846720695495605,0.5886662165323894,0.8243647813796997,0.5483294486999511,0.4832707722981771,0.86460280418396,0.5264269828796386,0.4637293815612793,0.8585174083709717
pushup,0.5345191955566406,0.9603411356608073,0.9166048169136047,0.5390400886535645,0.9423667907714843,0.8532943725585938,0.5238953113555909,0.9479325612386068,0.9297705292701721,0.5501036643981934,0.8766943613688151,0.4054822027683258,0.49445295333862305,0.890047836303711,0.8130813837051392,0.5926310062408447,0.7780927658081055,0.940252959728241,0.4125,0.7966132481892904,0.9655561447143555,0.6708041191101074,0.7452588399251302,0.8431565761566162,0.26212358474731445,0.7834373474121094,0.8926185965538025,0.6550975799560547,0.8386164983113606,0.8150678873062134,0.2583692789077759,0.9697522481282552,0.836675226688385,0.5285712718963623,0.583901850382487,0.8869644403457642,0.43022780418395995,0.6001194000244141,0.9007574319839478,0.5616488456726074,0.564340082804362,0.7301963567733765,0.44946842193603515,0.5845947265625,0.7415673732757568,0.5869866847991944,0.43668944040934243,0.769467294216156,0.5103718757629394,0.4437623341878255,0.7739224433898926
pushup,0.5402229309082032,0.9613454182942708,0.518152117729187,0.5304596900939942,0.9674903869628906,0.406329482793808,0.5541994571685791,0.9613984425862631,0.36824777722358704,0.496717643737793,0.9404401779174805,0.6838517189025879,0.5639878273010254,0.9284490585327149,0.7039923667907715,0.4424030303955078,0.8436827341715495,0.958918571472168,0.5743842124938965,0.834274164835612,0.9416415095329285,0.35289816856384276,0.7871505737304687,0.9072325825691223,0.4946779251098633,0.7767309824625651,0.7697945833206177,0.3043812274932861,0.9016504923502604,0.7822926640510559,0.32656044960021974,0.9872257868448894,0.6150213479995728,0.45016727447509763,0.6393013000488281,0.9142242074012756,0.5366414546966553,0.6344081878662109,0.8901546001434326,0.48186755180358887,0.5838359196980795,0.8718221187591553,0.5346303939819336,0.5676890691121419,0.8205077648162842,0.5349499702453613,0.48591321309407554,0.8891919851303101,0.5332183361053466,0.46879784266153973,0.8658212423324585
pushup,0.5356224060058594,0.9748575846354167,0.7291934490203857,0.5334453105926513,0.9772073109944661,0.5890614986419678,0.5400856494903564,0.9741132100423177,0.6583988070487976,0.5229416370391846,0.945529047648112,0.386630654335022,0.5294419288635254,0.9393688201904297,0.5892713069915771,0.5161668300628662,0.8400625228881836,0.9251896142959595,0.49507966041564944,0.8409116744995118,0.9319247603416443,0.4877016067504883,0.7631584167480469,0.8877362012863159,0.378344202041626,0.772050412495931,0.8395955562591553,0.43117718696594237,0.8748434066772461,0.8352964520454407,0.27201056480407715,0.996472422281901,0.760428249835968,0.49711880683898924,0.6399911880493164,0.933431088924408,0.49005632400512694,0.6408963521321615,0.9281054735183716,0.5071824550628662,0.5971036275227865,0.8858888149261475,0.48732309341430663,0.5907587687174479,0.8559184670448303,0.5485617637634277,0.48265752792358396,0.9055694937705994,0.5195486068725585,0.4686601003011068,0.8918611407279968
pushup,0.5463234901428222,0.9717375437418619,0.42276379466056824,0.5386826515197753,0.9731926600138346,0.2952693998813629,0.556499433517456,0.9689850489298503,0.29149362444877625,0.5094807147979736,0.9462247212727865,0.5913417339324951,0.5658998489379883,0.9354853312174479,0.7312023639678955,0.44901156425476074,0.857114028930664,0.9522370100021362,0.5900281429290771,0.8396524429321289,0.9411489367485046,0.3609496593475342,0.7945881525675456,0.891581654548645,0.5481037139892578,0.7658521016438802,0.777645468711853,0.31815917491912843,0.865703010559082,0.7748222351074219,0.3844468593597412,0.9231002807617188,0.6483088135719299,0.44818940162658694,0.6597134272257487,0.9303173422813416,0.5400376319885254,0.6498534520467122,0.9160037040710449,0.4698885440826416,0.611265500386556,0.8904387354850769,0.5323569774627686,0.5854714711507162,0.8577565550804138,0.5416633129119873,0.48522847493489585,0.9033243060112,0.5460663318634034,0.45433988571166994,0.8891896605491638
pushup,0.547296142578125,0.9763982772827149,0.7242327332496643,0.5459315299987793,0.9712340672810872,0.5835910439491272,0.5455145835876465,0.9707485834757487,0.6429218053817749,0.539128303527832,0.9262762705485026,0.3278999924659729,0.5257960796356201,0.9259186426798502,0.5593392848968506,0.5457173824310303,0.8187585194905599,0.9345025420188904,0.4973945617675781,0.8241417566935222,0.9143720269203186,0.5540990829467773,0.7713784535725912,0.9009339809417725,0.4213010311126709,0.7779021581013997,0.8031784892082214,0.462767505645752,0.9183226267496745,0.8378284573554993,0.2914719820022583,0.9950010935465495,0.7219906449317932,0.4997399806976318,0.6366936365763346,0.9365784525871277,0.47515621185302737,0.6321950912475586,0.9205574989318848,0.5048662662506104,0.6171106974283854,0.8717262744903564,0.46646809577941895,0.6001236597696941,0.8267714381217957,0.5384432315826416,0.4922308603922526,0.8878288269042969,0.49837460517883303,0.46265989939371743,0.8658654093742371
pushup,0.539349889755249,0.9872338612874348,0.7802034020423889,0.5411261558532715,0.9834308624267578,0.6781048774719238,0.5394410133361817,0.982327397664388,0.694737434387207,0.5427815437316894,0.9413283030192058,0.4083003103733063,0.5260485172271728,0.9379510243733724,0.5361560583114624,0.5560928344726562,0.8310052235921224,0.9395317435264587,0.4958070755004883,0.8361588795979817,0.9331981539726257,0.5769536018371582,0.7773030598958334,0.8972364664077759,0.41234631538391114,0.7889426549275717,0.832737922668457,0.5246066570281982,0.9260522206624349,0.8320662975311279,0.2842663049697876,1.0,0.7329292893409729,0.5109712600708007,0.6391551971435547,0.9431862831115723,0.4806729793548584,0.634315299987793,0.9344011545181274,0.5032884120941162,0.6171098709106445,0.8906150460243225,0.45794129371643066,0.5974066416422527,0.8601542711257935,0.5430372714996338,0.48758236567179364,0.9098144769668579,0.5031991958618164,0.45520445505777996,0.8974990844726562
pushup,0.5383344650268554,0.9585869471232097,0.3227824568748474,0.5315160274505615,0.9618115107218425,0.22107742726802826,0.5505090713500976,0.958907953898112,0.2002030909061432,0.5073112487792969,0.9399697621663411,0.5808274149894714,0.5647112369537354,0.9318344751993816,0.6320127844810486,0.45256476402282714,0.8533067067464193,0.9353801608085632,0.5847678184509277,0.8407244364420573,0.9346765279769897,0.3585376501083374,0.7979370752970377,0.8718634247779846,0.5364967346191406,0.7769309361775716,0.7864153981208801,0.313810920715332,0.892358907063802,0.7423010468482971,0.38141593933105467,0.9493771870930989,0.6391763687133789,0.44854559898376467,0.6498868306477864,0.9130437970161438,0.5348063468933105,0.6415407816569011,0.9051550030708313,0.4580030918121338,0.6007465362548828,0.8677193522453308,0.5206497192382813,0.5797185262044271,0.8412196040153503,0.5256277084350586,0.488984203338623,0.8796813488006592,0.5409902572631836,0.4657557487487793,0.8688873648643494
pushup,0.5431782722473144,0.9408430735270182,0.12271106988191605,0.5280116558074951,0.9501000722249349,0.07546733319759369,0.5615663528442383,0.9459126154581706,0.07238544523715973,0.48406333923339845,0.9363131205240885,0.6308172941207886,0.5849918842315673,0.9266638437906901,0.6715425848960876,0.42014436721801757,0.8512181599934896,0.9295543432235718,0.6229574680328369,0.843777847290039,0.9102545380592346,0.33700473308563234,0.804217529296875,0.8429145216941833,0.6716746330261231,0.8046947479248047,0.7384530305862427,0.31251413822174073,0.9099278767903646,0.6846990585327148,0.6362458229064941,0.9718493143717448,0.5407969951629639,0.43098764419555663,0.6506139119466146,0.8733384609222412,0.5565764904022217,0.644358507792155,0.8456989526748657,0.4521318912506104,0.5762307484944661,0.8301694989204407,0.5368748188018799,0.5520731608072916,0.7864900231361389,0.5144981861114502,0.5102376619974772,0.8519860506057739,0.5439963340759277,0.4757552146911621,0.8310825228691101
pushup,0.5409075260162354,0.9551423390706381,0.4804130792617798,0.5333158493041992,0.9551873524983724,0.3191419541835785,0.5500303268432617,0.9552441914876302,0.3377223014831543,0.5128425598144531,0.9207984924316406,0.4274545907974243,0.5542706966400146,0.9198514302571614,0.555594801902771,0.4810029983520508,0.8171799977620443,0.9130017161369324,0.5583744525909424,0.8235427856445312,0.8909590244293213,0.45025172233581545,0.7776906331380208,0.874203622341156,0.54512939453125,0.7965202331542969,0.7729921936988831,0.3872519016265869,0.9435679117838541,0.7840813994407654,0.47772994041442873,1.0,0.6337079405784607,0.4454174518585205,0.6229275385538737,0.8523595929145813,0.4947046756744385,0.6217425664265951,0.8169958591461182,0.4422576427459717,0.5718314488728841,0.7813743948936462,0.4759363174438477,0.5744046529134115,0.7103098034858704,0.48495187759399416,0.5422877629597982,0.770617663860321,0.4832928657531738,0.5413803100585938,0.7226171493530273
pushup,0.5387514114379883,0.9441412607828776,0.7665189504623413,0.5457226753234863,0.9285016377766927,0.6260884404182434,0.5280528545379639,0.9288667043050131,0.7449161410331726,0.5589676856994629,0.8597507476806641,0.20587901771068573,0.48954086303710936,0.8589917500813802,0.5311075448989868,0.6349470615386963,0.7437455495198567,0.9178550839424133,0.39370312690734866,0.7488287607828776,0.8756283521652222,0.7949196815490722,0.7592777887980143,0.8651078343391418,0.26648008823394775,0.7729778289794922,0.7722314596176147,0.7639688491821289,0.9993292490641276,0.7934772372245789,0.26883392333984374,1.0,0.6877599358558655,0.5408633708953857,0.5621991475423177,0.832315981388092,0.40234694480895994,0.5614546457926433,0.7826138138771057,0.5445804119110107,0.5716744740804036,0.5709549188613892,0.3913924217224121,0.5777379989624023,0.500697910785675,0.516905403137207,0.5163592020670573,0.498534232378006,0.4411834716796875,0.5071580568949382,0.4461609721183777
pushup,0.5181800842285156,0.8600772221883138,0.7410105466842651,0.5181370258331299,0.8521844228108724,0.46532100439071655,0.5189131736755371,0.8482520421346028,0.6939519643783569,0.49840512275695803,0.8003763198852539,0.27975380420684814,0.490802001953125,0.7958573659261068,0.6580473780632019,0.4611688137054443,0.7136165618896484,0.9117298722267151,0.4233968734741211,0.7161126454671224,0.9249070286750793,0.42613444328308103,0.7181629180908203,0.8711652755737305,0.27635726928710935,0.7603595733642579,0.8345575928688049,0.4425793170928955,0.8769246419270833,0.7853370904922485,0.27139902114868164,1.0,0.7092506289482117,0.39275078773498534,0.5579582214355469,0.795885443687439,0.3785677909851074,0.5608561197916667,0.775190532207489,0.3596946716308594,0.6281061172485352,0.6452347636222839,0.3545652389526367,0.6336584091186523,0.5486060380935669,0.3501492738723755,0.68523743947347,0.4118972420692444,0.350459623336792,0.6761012395222982,0.33260032534599304
pushup,0.5348916530609131,0.868907356262207,0.8596537709236145,0.5553271770477295,0.8372160593668619,0.8077471256256104,0.5097182750701904,0.8376996358235677,0.8124917149543762,0.5915154933929443,0.7538225173950195,0.4056146740913391,0.45975451469421386,0.7560338973999023,0.49507346749305725,0.6648948669433594,0.6638497034708659,0.9211990237236023,0.36419386863708497,0.6810583750406901,0.9027547240257263,0.7783209323883057,0.7523811976114909,0.8903165459632874,0.23839900493621827,0.797586186726888,0.8357135057449341,0.7443034648895264,0.9620365778605143,0.8087104558944702,0.2773827314376831,0.9755058288574219,0.7453581690788269,0.5860812187194824,0.5992918650309245,0.8665739297866821,0.3968597412109375,0.6074040730794271,0.834895133972168,0.6223114967346192,0.7781558354695638,0.35395047068595886,0.34292073249816896,0.7926817576090495,0.30397436022758484,0.5875062465667724,0.7898857752482097,0.07510232925415039,0.3589162826538086,0.7959293365478516,0.06373877823352814
pushup,0.5345584869384765,0.8241834004720052,0.7144707441329956,0.5534642219543457,0.7953724543253581,0.5949736833572388,0.5121222019195557,0.7958412170410156,0.5779454112052917,0.5887161731719971,0.7244274139404296,0.2967067062854767,0.46805834770202637,0.7284230550130208,0.27205994725227356,0.6612316131591797,0.6510101318359375,0.8721030354499817,0.3800948143005371,0.6737967173258463,0.8749555349349976,0.7706218719482422,0.7475890477498373,0.8887425661087036,0.26093568801879885,0.806683349609375,0.8742265701293945,0.7267801761627197,0.9316123326619467,0.848029375076294,0.2834789276123047,0.9852249781290691,0.8063541650772095,0.5871604442596435,0.5917786916097005,0.8936497569084167,0.4065216541290283,0.5998992284138998,0.8808426260948181,0.6259689331054688,0.7966147104899088,0.41702714562416077,0.33707408905029296,0.8088670094807943,0.38249143958091736,0.6062339782714844,0.8667012532552083,0.07037952542304993,0.34296886920928954,0.8737415313720703,0.06356370449066162
pushup,0.5382765769958496,0.7963682810465494,0.934878408908844,0.5583839416503906,0.768169911702474,0.8719421029090881,0.5139604568481445,0.7691736857096354,0.8846377730369568,0.5923772335052491,0.6865803400675455,0.4478839337825775,0.46927642822265625,0.6922468821207682,0.5166264176368713,0.6563736915588378,0.6267651875813802,0.936821699142456,0.3787287712097168,0.6554750442504883,0.9299445152282715,0.7645864963531495,0.7271674474080404,0.908122181892395,0.2536546945571899,0.7902226130167643,0.8817888498306274,0.7433294773101806,0.9361419677734375,0.8688467741012573,0.28513283729553224,0.9856417973836263,0.8308257460594177,0.5810770511627197,0.7266305923461914,0.8355374336242676,0.40477285385131834,0.7459950764973958,0.8119246959686279,0.6295830726623535,0.8571537017822266,0.19785010814666748,0.37307004928588866,0.906842041015625,0.17055122554302216,0.5889862537384033,0.8631643931070964,0.030388975515961647,0.388578987121582,0.9252833048502604,0.02439621090888977
pushup,0.5311539649963379,0.7700531641642253,0.9721376895904541,0.5531647682189942,0.7428613662719726,0.9577679634094238,0.5084724426269531,0.7421810150146484,0.9392614364624023,0.5946091651916504,0.6572340647379558,0.688022255897522,0.47246274948120115,0.6600371678670247,0.5288268327713013,0.6690985202789307,0.5977530797322591,0.9540907144546509,0.3926459550857544,0.6233738581339519,0.9474526047706604,0.7679471969604492,0.7275577545166015,0.905408501625061,0.27410619258880614,0.7887634913126628,0.8803175687789917,0.7319424152374268,0.9206446965535482,0.8704403638839722,0.2890303611755371,0.9982625325520833,0.8217709064483643,0.6034103393554687,0.6728937149047851,0.8125565648078918,0.4283133506774902,0.6870600382486979,0.7845274209976196,0.6535702228546143,0.8268114725748698,0.2299203723669052,0.3862919807434082,0.8620564778645833,0.21141617000102997,0.6168430328369141,0.8940149307250976,0.03416761755943298,0.39261560440063475,0.9452108383178711,0.03139621019363403
pushup,0.5399228572845459,0.7324048995971679,0.9702268838882446,0.5577163696289062,0.7032245635986328,0.9355984926223755,0.5145436763763428,0.706623649597168,0.9452075362205505,0.589534854888916,0.6282878239949544,0.5320835709571838,0.46968488693237304,0.6407033284505208,0.6430783867835999,0.6551900863647461,0.5899174372355144,0.9567827582359314,0.3943147897720337,0.621112569173177,0.9527173042297363,0.7606432914733887,0.7236928939819336,0.8883798122406006,0.2820162296295166,0.7891316731770833,0.8668781518936157,0.7299849033355713,0.920303471883138,0.8535588383674622,0.2863802671432495,0.9968281428019206,0.8115754723548889,0.5733128070831299,0.6548370361328125,0.7722534537315369,0.41224255561828616,0.6691050211588542,0.7414507865905762,0.5976251602172852,0.8050425211588542,0.23580515384674072,0.38546802997589114,0.8371049245198567,0.21211360394954681,0.5552232742309571,0.8806193033854167,0.03971834108233452,0.3945594787597656,0.9150718688964844,0.03522977605462074
pushup,0.5345180988311767,0.7184556325276693,0.9897986650466919,0.5596585273742676,0.687590217590332,0.9778310060501099,0.5081544399261475,0.6834232330322265,0.9807096719741821,0.5975665092468262,0.6178375244140625,0.7430792450904846,0.4628428936004639,0.6135220845540365,0.778126060962677,0.657743501663208,0.587567138671875,0.982528805732727,0.38304867744445803,0.6091765721638998,0.9819735288619995,0.7591644287109375,0.7246382395426433,0.9242755174636841,0.2706680059432983,0.78856995900472,0.9226769804954529,0.736834192276001,0.9244808197021485,0.8634145855903625,0.2817547082901001,0.975460942586263,0.8464133739471436,0.5715370655059815,0.6638495127360026,0.881510317325592,0.399678897857666,0.6725821177164714,0.8715518116950989,0.6166088581085205,0.7964301427205404,0.3165542185306549,0.36503028869628906,0.8135135650634766,0.2990662753582001,0.5471778392791748,0.8235459645589193,0.06385006010532379,0.35503575801849363,0.8469281514485677,0.05724194273352623
pushup,0.5322015285491943,0.7057102203369141,0.9907208681106567,0.5578492164611817,0.6750268300374349,0.9824618697166443,0.5062497138977051,0.6735864003499349,0.9805644154548645,0.5975747585296631,0.6065706253051758,0.7783230543136597,0.4651069164276123,0.6066776275634765,0.7427504062652588,0.6600226879119873,0.5856196085611979,0.9770330190658569,0.3941298007965088,0.6075406392415365,0.9753536581993103,0.7583374500274658,0.7195650100708008,0.9117482304573059,0.2895975112915039,0.7710105895996093,0.8999442458152771,0.7283125400543213,0.9103006362915039,0.8739824891090393,0.29388377666473386,0.9877155939737956,0.8413743376731873,0.5901863098144531,0.7095812479654948,0.7932142019271851,0.42305960655212405,0.7223182042439779,0.7707571387290955,0.635742473602295,0.8056617736816406,0.204153373837471,0.3936565399169922,0.839630126953125,0.19547025859355927,0.5954590797424316,0.8589405059814453,0.03875035047531128,0.40329771041870116,0.9105087916056315,0.0364069826900959
pushup,0.5295581340789794,0.6965944925944011,0.9907957911491394,0.5558232307434082,0.6658828735351563,0.9827032089233398,0.5039490222930908,0.663711420694987,0.980036735534668,0.5958419799804687,0.6022430419921875,0.7941376566886902,0.46375155448913574,0.6006106694539388,0.7393856048583984,0.6556788444519043,0.5894442876180013,0.9789438247680664,0.3936787128448486,0.6087413787841797,0.9759917259216309,0.7514450550079346,0.7228161493937174,0.9173068404197693,0.29187726974487305,0.7699775695800781,0.899596631526947,0.7238015174865723,0.911647351582845,0.8745371699333191,0.29415953159332275,0.982860819498698,0.835517168045044,0.5832848072052002,0.727165158589681,0.7904833555221558,0.41772942543029784,0.738184102376302,0.7627284526824951,0.6334535598754882,0.8170710245768229,0.1730269342660904,0.39081459045410155,0.8461394627888997,0.16201423108577728,0.5922679901123047,0.8577393849690755,0.031334515661001205,0.39789471626281736,0.9026783625284831,0.0288936085999012
pushup,0.5289747238159179,0.6912683486938477,0.9912292957305908,0.5585902690887451,0.6591452916463216,0.9849628806114197,0.5038390636444092,0.6545707702636718,0.9816663861274719,0.6006306171417236,0.6010419209798177,0.8204537630081177,0.4630600452423096,0.5914929707845052,0.758774995803833,0.6521768569946289,0.5912391662597656,0.9824146628379822,0.3927767276763916,0.606656010945638,0.9795189499855042,0.7548601627349854,0.7320585250854492,0.9268622994422913,0.28717257976531985,0.7754807790120443,0.9074167609214783,0.7339192390441894,0.9251010258992513,0.859596848487854,0.29683194160461424,0.9729626973470052,0.8253039717674255,0.5883333683013916,0.7195737838745118,0.8156151175498962,0.4218145370483398,0.733636983235677,0.7878325581550598,0.6497864723205566,0.7764844258626302,0.17936143279075623,0.3929822683334351,0.8223740895589192,0.17207294702529907,0.605304479598999,0.7660577774047852,0.04143223538994789,0.3995335578918457,0.8367310206095377,0.03838936239480972
pushup,0.5333061218261719,0.6859696070353191,0.9902458190917969,0.560819435119629,0.6498501459757487,0.9824334383010864,0.5044567584991455,0.650987180074056,0.9821450710296631,0.5999168872833252,0.593884531656901,0.7839297652244568,0.45788230895996096,0.5971120198567709,0.7956767082214355,0.6507001399993897,0.587356694539388,0.9810081720352173,0.3913928985595703,0.6126780192057292,0.9785898327827454,0.750651741027832,0.7267914454142252,0.9139718413352966,0.2853276252746582,0.7766194661458333,0.8909562826156616,0.7303274154663086,0.927430788675944,0.8480298519134521,0.30263614654541016,0.9732847213745117,0.8144463896751404,0.5877869129180908,0.6730563481648763,0.7667112350463867,0.42384943962097166,0.6925013860066732,0.7361168265342712,0.6359827995300293,0.6944174448649089,0.19500768184661865,0.39539189338684083,0.7481927235921224,0.18362079560756683,0.6013699531555176,0.6802468617757161,0.06466430425643921,0.4123064517974854,0.7516616185506185,0.05873005464673042
pushup,0.5360588073730469,0.6817417144775391,0.9909153580665588,0.5626860618591308,0.6435457865397135,0.9823824763298035,0.5055890560150147,0.6470860163370769,0.9839222431182861,0.6026290893554688,0.5897373835245768,0.7789925932884216,0.45852022171020507,0.598744519551595,0.818042516708374,0.6564352989196778,0.5919277191162109,0.981918215751648,0.39251630306243895,0.6149842580159505,0.9815695285797119,0.7522937774658203,0.7320001602172852,0.9130423665046692,0.2835264205932617,0.7716974894205729,0.9044321179389954,0.7325984001159668,0.9251263936360677,0.8442749381065369,0.3002818822860718,0.9752274831136067,0.8262966871261597,0.589607048034668,0.676036008199056,0.7903648614883423,0.4220590114593506,0.6933222452799479,0.7716774344444275,0.6426154136657715,0.7115497589111328,0.21599356830120087,0.3946817874908447,0.7551926930745443,0.21204490959644318,0.6189231872558594,0.7221729914347331,0.06402270495891571,0.4100313663482666,0.7764231999715169,0.0608106330037117
pushup,0.5366799354553222,0.6793447494506836,0.9914379715919495,0.5623088836669922,0.6425017674763998,0.9821735620498657,0.5070152282714844,0.6457767486572266,0.9846636056900024,0.6009506702423095,0.5873620986938477,0.7625529170036316,0.46040682792663573,0.5959518432617188,0.8255560398101807,0.6543975353240967,0.5909351348876953,0.9819074273109436,0.39233102798461916,0.6158161799112956,0.9820360541343689,0.7500955581665039,0.7253324508666992,0.9145981073379517,0.280783486366272,0.7709948857625325,0.9079833030700684,0.7318557739257813,0.9236532847086588,0.8451652526855469,0.2976790428161621,0.9775283813476563,0.8312130570411682,0.5878018856048584,0.7078229904174804,0.7936614751815796,0.42103004455566406,0.7261611302693685,0.7757830023765564,0.6397675037384033,0.754259999593099,0.18820913136005402,0.3957788944244385,0.7996157964070638,0.18478801846504211,0.6113970756530762,0.7650147755940755,0.04748452082276344,0.4098036766052246,0.8192443211873373,0.044799935072660446
pushup,0.5368122577667236,0.6792282104492188,0.9912631511688232,0.5629892349243164,0.6420479456583659,0.9827369451522827,0.5071841239929199,0.6452091852823894,0.9836215376853943,0.601958179473877,0.5880454381306967,0.7717825770378113,0.4605802059173584,0.59576841990153,0.8102952241897583,0.6524125099182129,0.5942621866861979,0.9825659990310669,0.39409723281860354,0.6171092987060547,0.9800800681114197,0.748818302154541,0.7306594848632812,0.920811653137207,0.2829534292221069,0.7722967783610026,0.8975644111633301,0.7333985328674316,0.9254616419474284,0.8547509908676147,0.3042348146438599,0.9791361490885416,0.8200844526290894,0.5867679595947266,0.709906260172526,0.7840952277183533,0.4221477508544922,0.7284704208374023,0.7520439028739929,0.6355097770690918,0.7428781509399414,0.175489604473114,0.3945456504821777,0.7928260167439779,0.16188740730285645,0.6087157249450683,0.738484255472819,0.047034140676259995,0.40973663330078125,0.7995009104410807,0.04199688881635666
pushup,0.5374155044555664,0.6790568669637044,0.9902860522270203,0.56386399269104,0.6419075647989909,0.9817712306976318,0.5078799724578857,0.6451800028483073,0.982805073261261,0.6029512405395507,0.5888954798380533,0.7838464379310608,0.46154060363769533,0.5968577702840169,0.8158546686172485,0.6549977779388427,0.5917807261149088,0.9822909832000732,0.3941962242126465,0.6152776718139649,0.9812414050102234,0.7506693840026856,0.7312628428141276,0.9123919010162354,0.28404951095581055,0.7732781728108724,0.8968360424041748,0.7317100048065186,0.9249279657999675,0.8394652009010315,0.3030339956283569,0.9746323903401692,0.8124618530273438,0.5858458518981934,0.6775749842325847,0.7776345014572144,0.42117109298706057,0.6952961603800456,0.7533861398696899,0.6313460350036622,0.7039009094238281,0.19535933434963226,0.3922964334487915,0.7502927780151367,0.18705639243125916,0.604155445098877,0.6913426081339519,0.062464382499456406,0.4116265296936035,0.7487452189127605,0.05779240280389786
pushup,0.5407159805297852,0.6726551691691081,0.9910750389099121,0.5656120777130127,0.6356424967447917,0.981715738773346,0.5112854957580566,0.6398481369018555,0.9843847751617432,0.6031431198120117,0.585028076171875,0.7693928480148315,0.464202880859375,0.5952704111735027,0.8333724737167358,0.6579470157623291,0.5908861796061198,0.9838338494300842,0.3946713447570801,0.6163970947265625,0.9832325577735901,0.7560030937194824,0.7303855260213216,0.918978750705719,0.28365588188171387,0.7748266220092773,0.9073497653007507,0.7347722530364991,0.9251402537027995,0.8451287150382996,0.3024050235748291,0.9757223765055338,0.8240860104560852,0.5899643421173095,0.6779995600382487,0.8058962821960449,0.422281551361084,0.6961230595906576,0.7845659852027893,0.6433242321014404,0.7146628697713217,0.21782264113426208,0.39116032123565675,0.7587791442871094,0.20965024828910828,0.6212871551513672,0.7262498219807942,0.06130603700876236,0.4058640480041504,0.7776987711588542,0.05713464319705963
pushup,0.5385685920715332,0.6675132115681967,0.991486668586731,0.5655674457550048,0.6312083562215169,0.9827491044998169,0.5101468563079834,0.6323898951212565,0.9844602942466736,0.604890251159668,0.5823013305664062,0.7799915075302124,0.4645218372344971,0.5858367284138998,0.8200376629829407,0.6544641971588134,0.58896910349528,0.9830564856529236,0.39667882919311526,0.6108523686726888,0.9833782911300659,0.7536585330963135,0.7290684382120768,0.9158148765563965,0.2844935178756714,0.7731144587198894,0.9119734168052673,0.7331560134887696,0.930574607849121,0.844337522983551,0.29672119617462156,0.9767800649007161,0.8333657383918762,0.5826499462127686,0.6814390182495117,0.8004810810089111,0.4186867713928223,0.6978911717732748,0.7843153476715088,0.6380780220031739,0.7162452697753906,0.2152051329612732,0.39343862533569335,0.7627011617024739,0.2158547192811966,0.5996870517730712,0.7282229741414388,0.06096011400222778,0.39803380966186525,0.7890174865722657,0.05838276818394661
pushup,0.5447810649871826,0.656783930460612,0.991915762424469,0.5676984786987305,0.6192530314127604,0.9782680869102478,0.5138900756835938,0.6241687138875326,0.9866095185279846,0.6024964809417724,0.570047124226888,0.6763001680374146,0.4625584602355957,0.5843596776326497,0.84605872631073,0.6593763828277588,0.5829641342163085,0.9777431488037109,0.3976712465286255,0.6103606541951497,0.983012855052948,0.7596609115600585,0.7262509028116862,0.8913916945457458,0.2912436485290527,0.7742161432902018,0.9161499738693237,0.7255218982696533,0.9036521275838216,0.854748547077179,0.29362640380859373,0.9878878275553385,0.862646222114563,0.5847107410430908,0.6775631586710612,0.7680833339691162,0.4196001529693604,0.6920103073120117,0.773281455039978,0.6246326446533204,0.7527306874593099,0.20592527091503143,0.3919529438018799,0.7867837905883789,0.2154383361339569,0.5956846237182617,0.8154990514119466,0.04465392976999283,0.395384693145752,0.8544195175170899,0.044309068471193314
pushup,0.5406678199768067,0.6394453684488932,0.9922189712524414,0.565989875793457,0.6031895955403646,0.9797764420509338,0.5115732669830322,0.6039495468139648,0.9851884841918945,0.6013896942138672,0.5533175150553385,0.6806187033653259,0.46142120361328126,0.5574565887451172,0.8047134876251221,0.650043535232544,0.5648634592692058,0.9780554175376892,0.39875545501708987,0.5871540069580078,0.98119056224823,0.7496336936950684,0.7242787679036459,0.9082468748092651,0.29917144775390625,0.7733736673990885,0.9158164858818054,0.7293971538543701,0.9030677159627278,0.877878725528717,0.29447522163391116,0.9930486679077148,0.8651378154754639,0.5808276653289794,0.6638739903767904,0.7774835228919983,0.42184009552001955,0.6774322509765625,0.7709818482398987,0.6149417400360108,0.7255620320638021,0.230636864900589,0.3856680393218994,0.7643481572469075,0.22738154232501984,0.5828305244445801,0.7888429005940755,0.055064473301172256,0.3861295223236084,0.8421436309814453,0.05165073275566101
pushup,0.5410752296447754,0.6128173828125,0.9939285516738892,0.5662860870361328,0.5737382253011067,0.9806994795799255,0.5097353458404541,0.5770053863525391,0.9885669946670532,0.6028434753417968,0.5271261850992839,0.647504448890686,0.45914616584777834,0.5370057423909506,0.8328946828842163,0.6457118988037109,0.5593673706054687,0.9778968095779419,0.4004354000091553,0.5771523157755534,0.9841222763061523,0.7354119300842286,0.725927988688151,0.9085749387741089,0.30327591896057127,0.7594841003417969,0.9333117604255676,0.7309425354003907,0.9075168609619141,0.8740569949150085,0.2939018964767456,0.986605453491211,0.883469820022583,0.5666667461395264,0.712783686319987,0.7778889536857605,0.4089817047119141,0.7238853454589844,0.7858894467353821,0.6062214851379395,0.7864384969075521,0.1737566590309143,0.3782060623168945,0.8179123560587566,0.18278269469738007,0.5829038143157959,0.8660683949788411,0.029646433889865875,0.3699200630187988,0.9058479309082031,0.02885378524661064
pushup,0.5414769172668457,0.5863300323486328,0.9935021996498108,0.5651658058166504,0.5490073521931966,0.9780789017677307,0.5116003513336181,0.5511145909627279,0.9885122776031494,0.5983908176422119,0.5084974288940429,0.621531069278717,0.46048870086669924,0.5156136194864909,0.8498557806015015,0.6415162563323975,0.5439515431722005,0.9780776500701904,0.40237960815429685,0.5589506149291992,0.9863988161087036,0.7319112300872803,0.7260490417480469,0.9016683101654053,0.3097439527511597,0.758159891764323,0.9393212795257568,0.7286881446838379,0.9066099166870117,0.8583006262779236,0.2949572801589966,0.9913036346435546,0.881659746170044,0.5706816196441651,0.6623134613037109,0.8066827058792114,0.41715230941772463,0.6710596084594727,0.8251950144767761,0.6035704612731934,0.7737662633260091,0.2392609417438507,0.3807188034057617,0.7959407170613607,0.2599092721939087,0.5893885612487793,0.8726244608561198,0.04101276397705078,0.37435216903686525,0.8988437652587891,0.04196427762508392
pushup,0.535474157333374,0.5592962900797526,0.9945149421691895,0.5606354713439942,0.5242654164632161,0.9802989363670349,0.5075039386749267,0.5233761469523112,0.9882400035858154,0.5939867973327637,0.4819604237874349,0.6542900800704956,0.4604172706604004,0.48183412551879884,0.8297545909881592,0.6350785732269287,0.5367240905761719,0.9826287031173706,0.40186223983764646,0.5465858459472657,0.9871754050254822,0.719042158126831,0.7267975489298503,0.9262609481811523,0.3233492851257324,0.7518380482991537,0.9435813426971436,0.7327903747558594,0.91025390625,0.8693638443946838,0.29392385482788086,0.9853463490804036,0.8760948181152344,0.5674111366271972,0.79583740234375,0.8219371438026428,0.41471614837646487,0.8025222142537435,0.8282149434089661,0.6033721923828125,0.9094725290934245,0.117461659014225,0.38149151802062986,0.9243705113728841,0.1225828304886818,0.5924919128417969,0.9462637583414714,0.014076215215027332,0.3840640068054199,0.9644770940144857,0.01369515061378479
pushup,0.5291961669921875,0.5326850891113282,0.9946779012680054,0.5568010330200195,0.4974653244018555,0.9823912978172302,0.5012438774108887,0.49545907974243164,0.9869157075881958,0.5926995754241944,0.4532956123352051,0.7226232290267944,0.45715084075927737,0.4500206629435221,0.806229293346405,0.6367417812347412,0.5210090001424154,0.9847748875617981,0.40010786056518555,0.5273660024007162,0.9888446927070618,0.7074432373046875,0.73075377146403,0.9329990148544312,0.33169214725494384,0.7497302373250325,0.9461532831192017,0.7283049106597901,0.9093297958374024,0.8682381510734558,0.29553444385528566,0.9767260233561198,0.8689536452293396,0.5759453773498535,0.849201774597168,0.8274693489074707,0.4208263397216797,0.8527338027954101,0.8356631994247437,0.5934708118438721,0.9705280939737956,0.08683309704065323,0.37524590492248533,0.9694690068562826,0.08919030427932739,0.5972511291503906,0.9723986943562826,0.009846257045865059,0.40311455726623535,0.9676061630249023,0.009647360071539879
pushup,0.5276906967163086,0.5151786804199219,0.9946803450584412,0.5544673919677734,0.4792107264200846,0.9823859333992004,0.49900040626525877,0.47856918970743817,0.9863155484199524,0.5911779403686523,0.43097559611002606,0.7203354835510254,0.45691118240356443,0.4326075553894043,0.7823447585105896,0.6348042488098145,0.49462960561116537,0.9849525094032288,0.40588769912719724,0.5058116277058919,0.9882733225822449,0.696886682510376,0.7129429499308269,0.940188467502594,0.34685235023498534,0.7374631881713867,0.9505631923675537,0.730570125579834,0.9076103210449219,0.8785396218299866,0.29294381141662595,0.9841108957926432,0.8741133809089661,0.5717557907104492,0.8133832295735677,0.8673116564750671,0.42116823196411135,0.8184509913126627,0.8717787265777588,0.6060009002685547,0.9631942749023438,0.12793554365634918,0.38791828155517577,0.9608338673909506,0.13198703527450562,0.6148055076599122,0.9897041320800781,0.013267955742776394,0.39940533638000486,0.9859702428181966,0.013174640014767647
pushup,0.525351095199585,0.5144498189290364,0.9947324991226196,0.5492563724517823,0.47952562967936196,0.980065643787384,0.4977412223815918,0.4801325798034668,0.9878617525100708,0.583973741531372,0.4298220634460449,0.6497094631195068,0.45592670440673827,0.4339724540710449,0.8019911050796509,0.6299722194671631,0.4972375233968099,0.9777552485466003,0.40609312057495117,0.5080692291259765,0.9886930584907532,0.6939102649688721,0.7173008600870768,0.9161480665206909,0.34564690589904784,0.7402594248453777,0.9590379595756531,0.7330031394958496,0.9169350941975911,0.87106853723526,0.30062968730926515,0.9748920440673828,0.9098551869392395,0.5700078964233398,0.8135586420694987,0.8224006295204163,0.4229341983795166,0.8165792465209961,0.858227014541626,0.5882738590240478,0.9468526204427083,0.11781544983386993,0.3753009080886841,0.939294179280599,0.1444069743156433,0.5924322128295898,0.9731332143147786,0.013938698917627335,0.3818949222564697,0.9574667612711588,0.015703443437814713
pushup,0.5212595939636231,0.5180621782938639,0.9944580793380737,0.5488954544067383,0.4798796971638997,0.9826441407203674,0.4910937786102295,0.4812862078348796,0.9854640364646912,0.588334035873413,0.4308069547017415,0.739404559135437,0.4494163513183594,0.4371278127034505,0.7675573229789734,0.6325288772583008,0.4952084541320801,0.9846791625022888,0.401821231842041,0.5080528577168782,0.9870256781578064,0.6957162380218506,0.7174269358317057,0.9366638660430908,0.3430903434753418,0.740347162882487,0.9437094926834106,0.7300442695617676,0.9108837127685547,0.8790137767791748,0.2921929121017456,0.9889907836914062,0.8663278818130493,0.5636641502380371,0.8002511342366536,0.846733033657074,0.4135138511657715,0.80617249806722,0.8482524156570435,0.5947425365447998,0.9429459889729818,0.13401931524276733,0.3891539335250854,0.9428693135579427,0.13599646091461182,0.6054550170898437,0.9776915868123373,0.015087834559381008,0.40712361335754393,0.9765089670817058,0.014874286018311977
pushup,0.5207700252532959,0.5191937128702799,0.9945929646492004,0.5476060390472413,0.4812566121419271,0.980728030204773,0.49074854850769045,0.4822174708048503,0.9869945645332336,0.584765625,0.4329779307047526,0.6905606985092163,0.4470516204833984,0.43814481099446617,0.8019680380821228,0.6266302108764649,0.494972292582194,0.9838106632232666,0.39697415828704835,0.5092276255289714,0.9883962869644165,0.6899497032165527,0.7118867238362631,0.9306935667991638,0.3400282382965088,0.7445828119913737,0.9495800137519836,0.733588981628418,0.9046363830566406,0.8685457110404968,0.2905378818511963,0.9896427154541015,0.8725851774215698,0.5542819976806641,0.7821421941121419,0.8459389209747314,0.40553998947143555,0.7875284830729167,0.8564451336860657,0.5780081272125244,0.9326131184895833,0.1426299512386322,0.3743544578552246,0.9276558558146158,0.15124396979808807,0.5857004642486572,0.9777758280436198,0.015822570770978928,0.38863024711608884,0.9673280080159505,0.016081877052783966
pushup,0.5204527854919434,0.5163460413614909,0.9945735335350037,0.5463335037231445,0.4780609130859375,0.9810632467269897,0.4900653839111328,0.4805660883585612,0.9869436025619507,0.5831149101257325,0.43020095825195315,0.6878917217254639,0.44623603820800783,0.4387381871541341,0.797981321811676,0.6267545700073243,0.49527155558268227,0.9833041429519653,0.3982694625854492,0.5112378438313802,0.9873328804969788,0.6920906066894531,0.7170090357462565,0.9311326742172241,0.33883490562438967,0.7452195485432943,0.9458585977554321,0.7314427375793457,0.9060499191284179,0.8712197542190552,0.2910975217819214,0.9868924458821614,0.8723849058151245,0.5661472797393798,0.7917963663736979,0.8357588648796082,0.41661911010742186,0.8006460189819335,0.8438097238540649,0.6005837440490722,0.9341801961263021,0.12945285439491272,0.39133877754211427,0.938230832417806,0.1353224366903305,0.6190235137939453,0.9735506693522136,0.014638143591582775,0.40984182357788085,0.9736260732014974,0.01470736414194107
pushup,0.5194098949432373,0.519243081410726,0.9942942261695862,0.5467848777770996,0.4805353800455729,0.9801490902900696,0.4890488624572754,0.4817763010660807,0.9869133830070496,0.5846062660217285,0.4341434478759766,0.6837876439094543,0.44446487426757814,0.43983503977457683,0.8019291758537292,0.6251228332519532,0.4933866182963053,0.9818543195724487,0.3959342956542969,0.5082835197448731,0.9871793389320374,0.6947240352630615,0.7101310729980469,0.9214123487472534,0.3376913547515869,0.742837397257487,0.9448148012161255,0.733743143081665,0.9062249501546223,0.8646739721298218,0.29088730812072755,0.9876070022583008,0.8724424839019775,0.5515807628631592,0.7508125940958659,0.8260443806648254,0.404004430770874,0.757213274637858,0.8392830491065979,0.5785490036010742,0.9040672302246093,0.15688705444335938,0.3818390130996704,0.9043123881022136,0.16938160359859467,0.5857331275939941,0.9656504313151042,0.018580349162220955,0.3972314357757568,0.9631889343261719,0.019201355054974556
pushup,0.519670057296753,0.5200087865193684,0.9944286346435547,0.5455336570739746,0.4812083880106608,0.9803668260574341,0.48869662284851073,0.48400672276814777,0.9868691563606262,0.5826509475708008,0.4305195490519206,0.6761316657066345,0.4435781478881836,0.43970451354980467,0.7991795539855957,0.627409839630127,0.494319216410319,0.9831216931343079,0.39415946006774905,0.5075930277506511,0.9867439270019531,0.6972082138061524,0.7220301946004232,0.9269231557846069,0.33295354843139646,0.7455056508382162,0.9412097334861755,0.7327922344207763,0.9091471354166667,0.8660950660705566,0.2911596536636353,0.9946409861246744,0.8624708652496338,0.5578922748565673,0.7769133249918619,0.8283455967903137,0.4072272777557373,0.7836598714192708,0.8347070217132568,0.5798161029815674,0.9381125132242839,0.12703661620616913,0.3810100078582764,0.9413646697998047,0.13060732185840607,0.5924839019775391,0.9751654942830403,0.013552227057516575,0.40037169456481936,0.9747230529785156,0.013377188704907894
pushup,0.5192015171051025,0.5212645530700684,0.9946751594543457,0.5455020427703857,0.4825689951578776,0.981428861618042,0.4883886814117432,0.4850091298421224,0.9867423176765442,0.5829031467437744,0.4313962936401367,0.6925356388092041,0.4440910816192627,0.4403573989868164,0.7928053736686707,0.6279936313629151,0.49142738978068035,0.9841294288635254,0.39400837421417234,0.512181822458903,0.9874273538589478,0.6919748783111572,0.7045339584350586,0.9357601404190063,0.3367918491363525,0.7477722803751627,0.9461354613304138,0.7330313682556152,0.9034446080525717,0.8779758810997009,0.29005534648895265,0.9990195592244466,0.8689136505126953,0.5605286598205567,0.7969586054484049,0.8443419337272644,0.4079864978790283,0.8059812545776367,0.8480143547058105,0.5893275260925293,0.9438394546508789,0.12888939678668976,0.377947473526001,0.9423324584960937,0.12995955348014832,0.603327751159668,0.9885531107584635,0.014007676392793655,0.39769711494445803,0.9780227661132812,0.013722752220928669
pushup,0.5206340312957763,0.5213827133178711,0.9945397973060608,0.5464142799377442,0.48296922047932944,0.9797852635383606,0.4900970935821533,0.4846851348876953,0.9873870015144348,0.5826101303100586,0.4348912556966146,0.657719075679779,0.4441247463226318,0.4417956988016764,0.8067538738250732,0.6254796028137207,0.4967259724934896,0.9826169610023499,0.3950698137283325,0.5101428349812825,0.9872657060623169,0.6975260257720948,0.7165838241577148,0.9245922565460205,0.3353933811187744,0.745741589864095,0.9450010657310486,0.7350232124328613,0.9056528091430665,0.8682212829589844,0.2914770841598511,0.9934521357218424,0.8717182874679565,0.5529622077941895,0.7603312174479167,0.8259334564208984,0.4046833038330078,0.7655801773071289,0.8366532325744629,0.5714560985565186,0.9100028991699218,0.14782075583934784,0.37415447235107424,0.9093878428141277,0.1554248034954071,0.5748386383056641,0.9686367670694987,0.01686377450823784,0.3859523296356201,0.9634179433186849,0.016954462975263596
pushup,0.5213788986206055,0.520637321472168,0.9946135878562927,0.5475263595581055,0.483664067586263,0.9813880920410156,0.49210591316223146,0.48502197265625,0.9868669509887695,0.5839927673339844,0.4357910474141439,0.6983063817024231,0.44889092445373535,0.44145065943400064,0.7959307432174683,0.6275900840759278,0.49962673187255857,0.983723521232605,0.3977937936782837,0.5133801778157552,0.9871928691864014,0.697721290588379,0.7198588053385416,0.931585431098938,0.33677647113800047,0.7467923482259115,0.9441071152687073,0.7313772678375244,0.9098734537760417,0.871457576751709,0.29185550212860106,0.992515754699707,0.8671150207519531,0.5600211143493652,0.7994665781656901,0.8275564908981323,0.41027355194091797,0.8067365010579427,0.8332893252372742,0.5886918544769287,0.9395553588867187,0.11567524820566177,0.3823071002960205,0.9451857248942057,0.11940301209688187,0.5983136177062989,0.9735918680826823,0.012659762986004353,0.4002494812011719,0.9785245895385742,0.012475064024329185
pushup,0.5235361099243164,0.5211528142293295,0.994536817073822,0.5499338626861572,0.48371156056722003,0.9812437891960144,0.4937553882598877,0.4842498779296875,0.9864640235900879,0.5869622230529785,0.434486452738444,0.6913388967514038,0.44980611801147463,0.4390814463297526,0.786427915096283,0.6289279460906982,0.4933443069458008,0.9838612079620361,0.39944732189178467,0.5067322413126628,0.9871187210083008,0.6969104290008545,0.7147499720255533,0.9341136813163757,0.33777284622192383,0.7461253484090169,0.946078896522522,0.7325511455535889,0.9089401245117188,0.8788272142410278,0.29286441802978513,0.9970917383829753,0.8717782497406006,0.5552320003509521,0.7636188507080078,0.8487311005592346,0.4069850444793701,0.769298235575358,0.8521198034286499,0.5803861618041992,0.9138167063395183,0.16229332983493805,0.3769860029220581,0.9169204711914063,0.16568338871002197,0.5769198894500732,0.9741523106892903,0.017730193212628365,0.3806689023971558,0.9777185440063476,0.01735568791627884
pushup,0.524793291091919,0.5201372782389323,0.9945342540740967,0.5516068458557128,0.4843940099080404,0.9815754890441895,0.49648227691650393,0.4838475545247396,0.9861404895782471,0.5880098342895508,0.436331303914388,0.712176501750946,0.4540729522705078,0.4377859115600586,0.7854980826377869,0.6296169757843018,0.49822972615559896,0.9849104285240173,0.40118136405944826,0.5078620592753093,0.9874258041381836,0.6983287811279297,0.717579714457194,0.9365938305854797,0.3404145002365112,0.7404779434204102,0.9443687200546265,0.7328010559082031,0.9130910237630209,0.8761590719223022,0.29013309478759763,0.992046864827474,0.8640645146369934,0.5552309513092041,0.7954358418782552,0.8506879210472107,0.4073249340057373,0.7996416727701823,0.8517202138900757,0.5803602695465088,0.9470701217651367,0.13550065457820892,0.3790809869766235,0.94816468556722,0.13656742870807648,0.5824949264526367,0.9829180399576823,0.014379658736288548,0.3927499532699585,0.985708745320638,0.01392403244972229
pushup,0.5267712593078613,0.5215975125630696,0.9949369430541992,0.5532506465911865,0.48572858174641925,0.9820894002914429,0.4980603218078613,0.4858021100362142,0.9872616529464722,0.589178991317749,0.43554000854492186,0.6975526809692383,0.45495314598083497,0.4380080223083496,0.7980595827102661,0.6318967819213868,0.5011945724487304,0.9839076995849609,0.4005617141723633,0.5127744674682617,0.988248348236084,0.69621901512146,0.7186840057373047,0.9344793558120728,0.3373836040496826,0.7444320678710937,0.9481211304664612,0.732025146484375,0.91194642384847,0.8708096742630005,0.2909844875335693,0.9873506546020507,0.8709318041801453,0.565946388244629,0.844979731241862,0.8267976641654968,0.4140617847442627,0.85091552734375,0.8355221152305603,0.5888606071472168,0.9763818105061849,0.08553348481655121,0.37705240249633787,0.9764404932657877,0.08848779648542404,0.5984647750854493,0.9843239466349284,0.009284463711082935,0.40135645866394043,0.9794907887776693,0.009122533723711967
pushup,0.5277133464813233,0.5225293159484863,0.9948855042457581,0.5538990020751953,0.4873467127482096,0.9830237030982971,0.49950580596923827,0.4872036616007487,0.9865162372589111,0.5899799823760986,0.437452507019043,0.7223446369171143,0.45754504203796387,0.43983116149902346,0.7834967374801636,0.634108018875122,0.502792485555013,0.9850571751594543,0.40285506248474123,0.5152812321980794,0.9877283573150635,0.6990041732788086,0.7154136657714844,0.9416808485984802,0.3387293338775635,0.7440094629923503,0.9464938044548035,0.7282660484313965,0.9059662501017253,0.8822575211524963,0.29585363864898684,0.9891357421875,0.8680174946784973,0.5689831733703613,0.8552722930908203,0.8424152731895447,0.415905237197876,0.8614997227986654,0.8424156904220581,0.5978603363037109,0.9854692459106446,0.08452944457530975,0.37850141525268555,0.9858482360839844,0.08312855660915375,0.6056086540222168,0.9886227925618489,0.008891873061656952,0.3993324041366577,0.983548355102539,0.008423772640526295
pushup,0.5299831390380859,0.5256411870320638,0.9946804642677307,0.5551680564880371,0.4910360972086589,0.9799382090568542,0.5019229412078857,0.4910319964090983,0.9876870512962341,0.5891462802886963,0.44099950790405273,0.6655177474021912,0.45865840911865235,0.4433386484781901,0.8194805979728699,0.6319370269775391,0.5041967391967773,0.9825467467308044,0.40253114700317383,0.514779790242513,0.9887752532958984,0.697528076171875,0.7205760320027669,0.9251169562339783,0.3386415958404541,0.7451764424641927,0.949834942817688,0.7302371025085449,0.906715456644694,0.8588380813598633,0.2933835029602051,0.9875750223795573,0.8744644522666931,0.5643788337707519,0.8325164794921875,0.8215399384498596,0.4150263786315918,0.8381206512451171,0.8390347957611084,0.5859981060028077,0.9706130345662435,0.09261778742074966,0.3822059154510498,0.9721379597981771,0.10172413289546967,0.5907445907592773,0.9852224349975586,0.010058614425361156,0.40406131744384766,0.9843870162963867,0.010299348272383213
pushup,0.5305023193359375,0.5307304382324218,0.99493008852005,0.5556826591491699,0.49817829132080077,0.9813745617866516,0.5041512489318848,0.4965849240620931,0.987404465675354,0.5893383026123047,0.446374766031901,0.6779349446296692,0.46239442825317384,0.4448901494344076,0.8025568723678589,0.6312990665435791,0.5066093444824219,0.9829373955726624,0.4035759925842285,0.5150288899739583,0.988010823726654,0.6991391181945801,0.7197853724161783,0.9313684105873108,0.33776857852935793,0.7441673278808594,0.9479442238807678,0.7304166316986084,0.9112063725789388,0.8705822229385376,0.2947917222976685,0.9881076176961263,0.8744819760322571,0.5630649089813232,0.8527169545491536,0.8097441792488098,0.41405863761901857,0.857480239868164,0.8208882808685303,0.5843275547027588,0.9718846638997396,0.08144969493150711,0.37798542976379396,0.9738576253255208,0.08561818301677704,0.5843041896820068,0.9841176350911458,0.009314614348113537,0.4020980358123779,0.9846100489298503,0.009199711494147778
pushup,0.5323293209075928,0.5437318801879882,0.9949566721916199,0.5580769538879394,0.5088287353515625,0.982779860496521,0.5040232181549072,0.5083510716756184,0.9874694347381592,0.5942137241363525,0.4545009613037109,0.6930499076843262,0.46099205017089845,0.4557828903198242,0.7938846945762634,0.638092041015625,0.5090168317159017,0.9841119647026062,0.40390381813049314,0.5172264099121093,0.9882990121841431,0.7044219970703125,0.7256017684936523,0.938442587852478,0.33026947975158694,0.7459899266560872,0.9513214826583862,0.732634449005127,0.9128602981567383,0.8777515888214111,0.2931243419647217,0.9958316802978515,0.8769776821136475,0.5727622509002686,0.8213415781656901,0.8596274852752686,0.4187333583831787,0.8270345052083333,0.8653298616409302,0.5985808849334717,0.9546241124471029,0.1192842423915863,0.37395610809326174,0.9631565093994141,0.12291868031024933,0.5986354351043701,0.9732906341552734,0.013012311421334743,0.3828005313873291,0.9845813751220703,0.012635855004191399
pushup,0.533247995376587,0.5715484619140625,0.9949082732200623,0.5585654258728028,0.5412495930989584,0.9812838435173035,0.5074800014495849,0.5369663238525391,0.9866914749145508,0.5930068016052246,0.4708726247151693,0.6160889267921448,0.4645825386047363,0.46329708099365235,0.7566242218017578,0.6387217521667481,0.5067773183186849,0.9782375693321228,0.39788079261779785,0.5081669489542643,0.9833441376686096,0.710570240020752,0.7295557657877604,0.9314888119697571,0.3251352787017822,0.7442121505737305,0.9425806999206543,0.7302034854888916,0.9098884582519531,0.8906092047691345,0.2948667764663696,0.987514877319336,0.887517511844635,0.5757631301879883,0.8616665522257487,0.7801726460456848,0.41803488731384275,0.8662777582804362,0.7841681838035583,0.6020754337310791,0.9385001500447591,0.08739900588989258,0.3743778705596924,0.9515166600545247,0.08872683346271515,0.590998363494873,0.9667039235432943,0.012240035459399223,0.3996312618255615,0.9915678024291992,0.011669167317450047
pushup,0.5403886795043945,0.5843970616658528,0.9716460704803467,0.5578680038452148,0.5607950210571289,0.8772523403167725,0.5202929973602295,0.5566831588745117,0.9290761351585388,0.5817848682403565,0.4939538319905599,0.28660210967063904,0.4794776439666748,0.48564987182617186,0.5844666361808777,0.6376365661621094,0.5287169774373373,0.9439445734024048,0.39911866188049316,0.5270512898763021,0.9628826975822449,0.7173926830291748,0.7331204096476237,0.898714005947113,0.32013185024261476,0.7439099629720052,0.9238341450691223,0.7322674751281738,0.9219381968180339,0.8511486053466797,0.2934164524078369,0.9895140965779622,0.8639923334121704,0.5795391082763672,0.9212881088256836,0.623767614364624,0.42416768074035643,0.9222421010335287,0.6441798806190491,0.583245038986206,0.9687269846598308,0.03330424055457115,0.3713363170623779,0.9644262949625652,0.034154292196035385,0.5725634098052979,0.986441167195638,0.004893442615866661,0.42037067413330076,0.9743345260620118,0.004730274900794029
pushup,0.5486898422241211,0.6783445994059245,0.9610671401023865,0.5620153903961181,0.6622275670369466,0.8291512727737427,0.5351020336151123,0.6570056915283203,0.9086840748786926,0.5788701057434082,0.5811812082926432,0.23872040212154388,0.5015743255615235,0.5707884470621745,0.588300347328186,0.6274523735046387,0.5695987701416015,0.9339693188667297,0.40552144050598143,0.5711023966471355,0.953294038772583,0.7190767765045166,0.7099571228027344,0.8689669370651245,0.31058554649353026,0.7447027842203776,0.8934308290481567,0.7366780281066895,0.9284238815307617,0.8551391363143921,0.29961609840393066,0.9902390797932943,0.8524157404899597,0.5066478252410889,0.8791762669881185,0.5233209729194641,0.3782931327819824,0.8749050776163737,0.5267917513847351,0.45873360633850097,0.9146488825480144,0.053488314151763916,0.3549607038497925,0.9090810139973958,0.052273478358983994,0.38427004814147947,0.9666919708251953,0.009459682740271091,0.3994294166564941,0.9553011576334636,0.008589180186390877
pushup,0.5242241382598877,0.7156996409098307,0.8277803063392639,0.5413260459899902,0.6941197713216146,0.6636339426040649,0.5084335803985596,0.6923187255859375,0.5763189196586609,0.576662015914917,0.6206166585286458,0.3211648166179657,0.48391132354736327,0.6186820348103841,0.16813039779663086,0.654599666595459,0.609641965230306,0.8579870462417603,0.4033297061920166,0.6111388524373372,0.8535676002502441,0.757265281677246,0.732728385925293,0.8826937079429626,0.2991863965988159,0.7446240107218425,0.8604242205619812,0.7467595100402832,0.9299995422363281,0.8864465951919556,0.29358820915222167,0.9910598119099935,0.843256950378418,0.5773361682891845,0.9019529342651367,0.5169090628623962,0.4151853084564209,0.8993561426798503,0.4911905825138092,0.599253797531128,0.8948825836181641,0.03097826987504959,0.36280295848846433,0.8879967371622721,0.02873275801539421,0.5639324188232422,0.9138505935668946,0.005955561529844999,0.392081618309021,0.902209981282552,0.005550701636821032
pushup,0.5033909320831299,0.7151294072469075,0.10317840427160263,0.5047400951385498,0.7029027303059896,0.050690907984972,0.5131395816802978,0.6987299601236979,0.016024388372898102,0.5236117362976074,0.668970235188802,0.14254119992256165,0.5363308906555175,0.6595600128173829,0.01753981038928032,0.6367006778717041,0.6677929560343424,0.741321325302124,0.44316830635070803,0.6651987711588542,0.6316176652908325,0.7695665836334229,0.7119248072306316,0.8715625405311584,0.2805072546005249,0.7296883900960286,0.7562140226364136,0.7573000431060791,0.9377185821533203,0.8587466478347778,0.26962571144104003,0.9846473058064779,0.7282107472419739,0.5607892990112304,0.8913842519124349,0.46150869131088257,0.4559174537658691,0.8767585118611654,0.3886820673942566,0.5316632270812989,0.8340384801228841,0.045740336179733276,0.4396834373474121,0.7849573771158854,0.035435404628515244,0.46877026557922363,0.9577839533487956,0.008586199954152107,0.4515017032623291,0.8684623082478841,0.007732262834906578
pushup,0.514559555053711,0.7902211507161458,0.20047695934772491,0.5172291278839112,0.7800500233968098,0.08345922827720642,0.529941463470459,0.775982666015625,0.08214695751667023,0.51664137840271,0.7344285329182942,0.3147643804550171,0.5400846481323243,0.7256213506062825,0.18187132477760315,0.4799013614654541,0.6834676106770833,0.7645260691642761,0.48979434967041013,0.6615686416625977,0.8866335153579712,0.3928957939147949,0.7560912450154622,0.7728648781776428,0.31500749588012694,0.7298643747965495,0.8593418598175049,0.3699533939361572,0.9961863199869792,0.6247075200080872,0.30960931777954104,1.0,0.6707505583763123,0.42328524589538574,0.5676250457763672,0.7356882095336914,0.43279829025268557,0.5564767201741536,0.7875059843063354,0.35567264556884765,0.7257990519205729,0.5490823984146118,0.36698689460754397,0.7201887130737304,0.54233717918396,0.37348361015319825,0.9251068751017253,0.1505262553691864,0.3727608919143677,0.912521235148112,0.14497986435890198
pushup,0.5023828983306885,0.8351271311442058,0.028880735859274864,0.4966107368469238,0.8178082148234049,0.025183875113725662,0.5484814643859863,0.8206949234008789,0.0023947912268340588,0.5010623931884766,0.7956588109334309,0.8414282202720642,0.6455694198608398,0.7997992197672527,0.02915549837052822,0.4636557579040527,0.836406135559082,0.5685977339744568,0.6729223251342773,0.8198789596557617,0.7190195322036743,0.2780388593673706,0.8031810760498047,0.45754608511924744,0.42364821434020994,0.7552715937296549,0.4799279570579529,0.2892397403717041,0.9764666239420573,0.4535220265388489,0.2967742204666138,0.9894960403442383,0.3639467656612396,0.5048879623413086,0.812391726175944,0.08987720310688019,0.6522632122039795,0.7886129379272461,0.12951917946338654,0.3220170021057129,0.7779017766316731,0.048596568405628204,0.4447503566741943,0.7419520060221354,0.04212011396884918,0.3961325645446777,0.9317745208740235,0.014106581918895245,0.43204517364501954,0.8729395548502604,0.01448424905538559
pushup,0.5166191101074219,0.8237840016682942,0.0451294369995594,0.5086810111999511,0.8194765090942383,0.042146362364292145,0.5491780281066895,0.820980962117513,0.009204371832311153,0.49572343826293946,0.8372876485188802,0.7703037858009338,0.6207508087158203,0.83234068552653,0.1560632884502411,0.4409243106842041,0.8829001108805339,0.6435891389846802,0.6560698986053467,0.8464286168416341,0.6747407913208008,0.33077149391174315,0.9206236521402995,0.3977316617965698,0.5879950523376465,0.8568325678507487,0.3432122766971588,0.28586812019348146,1.0,0.29460546374320984,0.5195249557495117,1.0,0.21021825075149536,0.38566317558288576,0.7539458592732747,0.15496715903282166,0.5246164798736572,0.7204276402791341,0.17116747796535492,0.25213449001312255,0.7286277770996094,0.1839943379163742,0.35020008087158205,0.7018172581990559,0.16305123269557953,0.3265172004699707,0.9092507680257161,0.08197465538978577,0.3318567037582397,0.883197021484375,0.0750451311469078
pushup,0.523344087600708,0.5882841110229492,0.005722378846257925,0.5075408458709717,0.5786717732747396,0.001896828063763678,0.5392132759094238,0.5842049280802409,0.0016906856326386333,0.45807747840881347,0.6099739074707031,0.43163904547691345,0.5809486389160157,0.6221424102783203,0.33498626947402954,0.3970151424407959,0.7130386352539062,0.832099437713623,0.6346402645111084,0.7088715235392252,0.8335111737251282,0.3503234386444092,0.7843981424967448,0.4697333872318268,0.708890438079834,0.7764334360758464,0.4503098130226135,0.393627405166626,0.8272701263427734,0.2305157482624054,0.7259198188781738,0.8709121068318685,0.16842281818389893,0.3795811176300049,0.7585189819335938,0.6833029389381409,0.5463407516479493,0.747631327311198,0.6699788570404053,0.27297909259796144,0.7498386383056641,0.6397489905357361,0.4665544509887695,0.7249696731567383,0.5896141529083252,0.332812237739563,0.8921626408894857,0.3540368974208832,0.49558324813842775,0.8478118260701497,0.3159804344177246
pushup,0.49317545890808107,0.6467322031656901,0.0031586317345499992,0.48137435913085935,0.6458012262980143,0.0015437389956787229,0.5167829990386963,0.644755999247233,0.0008871782338246703,0.44762072563171384,0.6847484588623047,0.4154643714427948,0.5733576774597168,0.6832750956217448,0.15093491971492767,0.40798001289367675,0.7756561279296875,0.7205398082733154,0.6094496250152588,0.7415756225585938,0.737333357334137,0.3533165454864502,0.7681749343872071,0.3154214322566986,0.6238513469696045,0.7041897455851237,0.34566694498062134,0.4423941135406494,0.7093556086222331,0.19241668283939362,0.6429584980010986,0.6886058807373047,0.14683473110198975,0.4019484519958496,0.7871742248535156,0.6910995841026306,0.5519116401672364,0.7586785634358724,0.6945653557777405,0.2870678663253784,0.7377693176269531,0.7974064350128174,0.47957191467285154,0.6509990056355794,0.7605119347572327,0.3726644039154053,0.8271840413411459,0.7264142632484436,0.5600502014160156,0.6910015106201172,0.7123993635177612
pushup,0.5226473808288574,0.7571093241373698,0.003229506779462099,0.504002571105957,0.76020933787028,0.0017575250240042806,0.5420021533966064,0.7587175369262695,0.001371254213154316,0.4612895011901855,0.7993723551432291,0.1461242139339447,0.5844599723815918,0.797201665242513,0.11050578206777573,0.41040859222412107,0.8573580423990885,0.29540014266967773,0.6388260841369628,0.8191296895345052,0.36957091093063354,0.37297036647796633,0.7820457458496094,0.1580055058002472,0.6322434902191162,0.7056065877278646,0.2164287567138672,0.4355879306793213,0.7436123530069987,0.15500816702842712,0.5775693893432617,0.7187988917032878,0.1838742047548294,0.4293253421783447,0.7841050465901692,0.5303522348403931,0.5888132095336914,0.7614457448323567,0.5733135938644409,0.3948067665100098,0.6662814458211263,0.7832207083702087,0.5446644306182862,0.618109385172526,0.801476240158081,0.45896224975585936,0.6620543797810873,0.8837538957595825,0.5451323986053467,0.5926539103190104,0.895378053188324
pushup,0.5345596313476563,0.7731449127197265,0.007220154628157616,0.5167213439941406,0.7813247680664063,0.003561068791896105,0.5546122550964355,0.7770104726155599,0.003409266471862793,0.47227749824523924,0.8230496088663737,0.2108917087316513,0.5933000564575195,0.8157869338989258,0.19883300364017487,0.4252346038818359,0.8677789052327474,0.5288988351821899,0.6330533027648926,0.8310364405314128,0.6257089376449585,0.3732133865356445,0.8222082138061524,0.2716304063796997,0.6073847770690918,0.7577578862508138,0.3700036108493805,0.41907467842102053,0.8266737620035808,0.19776812195777893,0.5504344463348388,0.8166493097941081,0.24782419204711914,0.4442604064941406,0.7725601196289062,0.702783465385437,0.5892180442810059,0.7498998641967773,0.7436394095420837,0.4229397773742676,0.6647581736246745,0.8555320501327515,0.5562688827514648,0.6116503397623698,0.8728322386741638,0.46616129875183104,0.6587977091471354,0.9197392463684082,0.5505921363830566,0.5833441416422526,0.9300212860107422
pushup,0.5590131759643555,0.9503899256388346,0.003960287198424339,0.5387766838073731,0.9536227544148763,0.002359651727601886,0.5752640724182129,0.9599043528238932,0.0025985960382968187,0.5102047443389892,0.9623471577962239,0.05443804711103439,0.60977201461792,0.9773011525472005,0.0897672101855278,0.48403310775756836,0.9411923726399739,0.16785377264022827,0.6307405471801758,0.9303162892659506,0.2749178111553192,0.456633996963501,0.8439840952555339,0.09995586425065994,0.6010215759277344,0.8120613098144531,0.18188631534576416,0.49460391998291015,0.894651222229004,0.09641674906015396,0.5729485988616944,0.8631680170694987,0.13335806131362915,0.45859432220458984,0.7831453959147135,0.4392668902873993,0.5729727745056152,0.7682545979817709,0.4975703954696655,0.38813958168029783,0.6503482818603515,0.7179928421974182,0.5552093505859375,0.6022210439046224,0.7401694059371948,0.420596981048584,0.6266360600789388,0.9078779816627502,0.5843257427215576,0.5337493896484375,0.9179193377494812
pushup,0.5944210052490234,0.9113876342773437,0.004258289467543364,0.5770851135253906,0.9180447896321614,0.0024296781048178673,0.6109801292419433,0.922534688313802,0.0024017298128455877,0.5435691356658936,0.9553047180175781,0.07737784832715988,0.6442270278930664,0.9637435913085938,0.11170367151498795,0.4829545021057129,0.9771080017089844,0.25592613220214844,0.6754302978515625,0.9402164459228516,0.314915269613266,0.41692438125610354,0.9073923746744792,0.17770680785179138,0.6307811260223388,0.8213987986246745,0.20578104257583618,0.43803043365478517,0.9718341827392578,0.17392407357692719,0.5570540428161621,0.9321356455485026,0.1892228126525879,0.4410693645477295,0.8212549209594726,0.6219502091407776,0.5728193283081054,0.7981873830159505,0.6483493447303772,0.38764247894287107,0.6815841039021809,0.8646861910820007,0.530435848236084,0.6488897959391277,0.8689999580383301,0.4525749683380127,0.6328631083170573,0.9593102335929871,0.5330843448638916,0.5794943491617839,0.9608172178268433
pushup,0.6100997447967529,0.9835920333862305,0.010763948783278465,0.5917492389678956,0.9963531494140625,0.005617897026240826,0.6287439346313477,1.0,0.007734396494925022,0.5578792572021485,1.0,0.0984971821308136,0.6613386631011963,1.0,0.20437556505203247,0.5034721851348877,0.9956445058186849,0.40562039613723755,0.6780889511108399,0.9693121592203776,0.5235545039176941,0.4570004463195801,0.8820193608601888,0.24062174558639526,0.6210553169250488,0.8233149846394857,0.3366144895553589,0.49939751625061035,0.9359937032063802,0.23159213364124298,0.5617661476135254,0.9330291748046875,0.25644636154174805,0.4439085006713867,0.7974124908447265,0.7927612662315369,0.5730198383331299,0.7773735046386718,0.819621205329895,0.3654507875442505,0.6165385564168294,0.941771388053894,0.5414758205413819,0.5860801696777344,0.9445357322692871,0.399688720703125,0.5633421579996745,0.988003134727478,0.5590120315551758,0.5105469703674317,0.9883679747581482
pushup,0.5920933723449707,0.9792090098063151,0.017183849588036537,0.5765943050384521,0.9955678304036458,0.008322717621922493,0.6102340221405029,0.996410878499349,0.01307679619640112,0.543549633026123,1.0,0.10218048840761185,0.6383098602294922,1.0,0.22127169370651245,0.48347201347351076,1.0,0.39194321632385254,0.6579518795013428,0.9665663401285808,0.5189010500907898,0.43884916305541993,0.8969590504964192,0.2640940845012665,0.6132650375366211,0.8175285975138347,0.4013781249523163,0.47653517723083494,0.9631651560465495,0.2853083312511444,0.5760769844055176,0.9296695709228515,0.3523050844669342,0.43579750061035155,0.8075696309407552,0.7441001534461975,0.5583799839019775,0.7882157643636067,0.7827386856079102,0.38850841522216795,0.6033803939819335,0.9201642870903015,0.5414765357971192,0.5883450826009115,0.9298111200332642,0.413342809677124,0.5698980967203776,0.9824917912483215,0.5440029621124267,0.5487391153971354,0.9835373759269714
pushup,0.5864163875579834,0.9790661493937175,0.05268664285540581,0.5724594116210937,0.9995419820149739,0.02404836006462574,0.6057985305786133,0.9964115142822265,0.030879763886332512,0.5447393417358398,1.0,0.21766242384910583,0.635844087600708,1.0,0.33785122632980347,0.4983693599700928,0.9890754699707032,0.8044132590293884,0.6434576034545898,0.945995585123698,0.8420946002006531,0.45011296272277834,0.8847525278727214,0.6598371267318726,0.6041717529296875,0.8064702351888021,0.7278369665145874,0.4833165168762207,0.9107663472493489,0.612890362739563,0.5806827068328857,0.8833992640177409,0.6230118870735168,0.44355082511901855,0.800430425008138,0.9239485859870911,0.5495908260345459,0.7729794820149739,0.9303802847862244,0.38483624458312987,0.6167201995849609,0.9555051326751709,0.5358917713165283,0.5692075729370117,0.9558927416801453,0.3924224853515625,0.5641735712687175,0.9833998084068298,0.5533664226531982,0.4955180486043294,0.983564019203186
pushup,0.6213335514068603,0.9398502985636393,0.005990106146782637,0.603400468826294,0.9506301879882812,0.0021941012237221003,0.6359737396240235,0.953139050801595,0.0044208792969584465,0.5655383586883544,0.9806519826253255,0.0414433516561985,0.6569272994995117,0.9869598388671875,0.1647956669330597,0.5127804756164551,0.9799540201822917,0.30792248249053955,0.6661863803863526,0.9547386169433594,0.4896906316280365,0.45969443321228026,0.8670801798502604,0.21012376248836517,0.6223103046417237,0.823296864827474,0.37644633650779724,0.5080899715423584,0.9084903717041015,0.22608733177185059,0.5780221462249756,0.9443238576253256,0.2869441509246826,0.4585727691650391,0.8210983276367188,0.7757429480552673,0.5753841400146484,0.7991668065388997,0.821178674697876,0.35624194145202637,0.652993647257487,0.9126436710357666,0.531663179397583,0.6035975138346354,0.9203486442565918,0.3822244882583618,0.6109148661295573,0.9755620360374451,0.5556110382080078,0.5271155039469401,0.9771252870559692
pushup,0.607936954498291,0.9608014424641927,0.004011199809610844,0.5872701168060303,0.9692616144816081,0.001888434635475278,0.6238792419433594,0.9758599599202474,0.002804858610033989,0.5497954368591309,0.9970783869425456,0.055443063378334045,0.6557360172271729,1.0,0.14738424122333527,0.4938394546508789,0.997385851542155,0.25055715441703796,0.684700870513916,0.9704134623209636,0.3744674026966095,0.44561967849731443,0.895092519124349,0.14889991283416748,0.6401171207427978,0.8307130177815755,0.24494992196559906,0.4921689033508301,0.942150624593099,0.15826772153377533,0.5803171634674072,0.9445837656656901,0.19620922207832336,0.4428117752075195,0.8246377309163412,0.6937296390533447,0.582613754272461,0.8041279474894206,0.7400874495506287,0.3585507392883301,0.6569458643595377,0.9075623750686646,0.5491175174713134,0.6238632202148438,0.9155586361885071,0.39764440059661865,0.6020554860432943,0.9790377616882324,0.5597483158111572,0.5420355478922526,0.9802332520484924
pushup,0.5751875877380371,0.8837221781412761,0.0012140173930674791,0.5579800605773926,0.8836491902669271,0.0006545018986798823,0.5879653930664063,0.8911326090494792,0.0006752981571480632,0.5326392173767089,0.909816296895345,0.019441470503807068,0.6162993431091308,0.925464375813802,0.027133209630846977,0.493422794342041,0.9380953470865886,0.06298420578241348,0.6565317630767822,0.9067457834879558,0.11727222800254822,0.46918115615844724,0.8986893971761067,0.07331230491399765,0.6122907638549805,0.8140092213948568,0.14694838225841522,0.5209434509277344,0.9836348215738933,0.09753386676311493,0.555602741241455,0.9343782424926758,0.15191516280174255,0.4726278781890869,0.819754155476888,0.4533331096172333,0.587672758102417,0.8004109064737955,0.5325915217399597,0.3879396438598633,0.6959916432698567,0.7597289681434631,0.5284476757049561,0.679132588704427,0.7961036562919617,0.4376922607421875,0.6280855814615885,0.9278655648231506,0.5238786220550538,0.5912910461425781,0.9356936812400818
pushup,0.5380680084228515,0.9623186111450195,0.009397809393703938,0.5231813907623291,0.9634721120198567,0.006234002765268087,0.5481601238250733,0.9709824879964193,0.0062091052532196045,0.49880547523498536,0.9816176732381184,0.05640993267297745,0.5694967746734619,0.9963287353515625,0.0734083354473114,0.4687780857086182,0.9700178146362305,0.13994558155536652,0.6053643226623535,0.9458546956380208,0.16386562585830688,0.47097182273864746,0.8411588033040365,0.13278084993362427,0.5665791511535645,0.7772921880086263,0.14270904660224915,0.5309112548828125,0.8530344645182292,0.21106478571891785,0.5299779891967773,0.8363422393798828,0.19363220036029816,0.45441293716430664,0.7977884928385417,0.5293559432029724,0.5554004669189453,0.7819960276285808,0.5345621109008789,0.3881798267364502,0.7152263005574544,0.7759624719619751,0.512376356124878,0.6903826395670573,0.7578672170639038,0.4676818370819092,0.6634991963704427,0.8972871899604797,0.5358227729797364,0.6114547729492188,0.8910470008850098
pushup,0.5369082450866699,0.8424057006835938,0.003656144719570875,0.5202847480773926,0.8440479278564453,0.0014692707918584347,0.5500930786132813,0.8475031534830729,0.0023831110447645187,0.48578896522521975,0.8540138880411784,0.033616069704294205,0.5688552856445312,0.8617474873860677,0.08018157631158829,0.45795111656188964,0.8414889653523763,0.11919301748275757,0.5845427513122559,0.8211076100667317,0.24980881810188293,0.4540450096130371,0.7960619608561198,0.08311689645051956,0.5713703155517578,0.7336771011352539,0.2000838965177536,0.5027726650238037,0.8996210734049479,0.09544098377227783,0.5872047424316407,0.8028756459554036,0.14643672108650208,0.4423035144805908,0.7319092432657878,0.24865826964378357,0.5482414722442627,0.7130204518636067,0.31355732679367065,0.2953120470046997,0.6920921325683593,0.4950220584869385,0.4918586254119873,0.6434298197428385,0.5092374682426453,0.3249067306518555,0.8280784606933593,0.5571456551551819,0.5489595413208008,0.731616465250651,0.5724790096282959
pushup,0.49882869720458983,0.8223732630411784,0.007954277098178864,0.4907065868377686,0.8209607442220052,0.007898095063865185,0.5111856937408448,0.8277537027994791,0.0022035755682736635,0.4983346462249756,0.8265642801920573,0.06737826764583588,0.5469573497772217,0.8350173950195312,0.011268384754657745,0.5055129528045654,0.7915216445922851,0.07634343206882477,0.5905344009399414,0.7707778930664062,0.09252053499221802,0.5069905281066894,0.6657250086466472,0.1816451996564865,0.5616098880767822,0.6118974049886068,0.1950342357158661,0.5369858264923095,0.7275140126546223,0.3441576361656189,0.5592198371887207,0.6699089050292969,0.27870336174964905,0.5000703811645508,0.6846752802530924,0.5039481520652771,0.5582897186279296,0.6577988306681315,0.5309436917304993,0.2931791305541992,0.6964209238688152,0.7648302912712097,0.35283005237579346,0.6726411183675131,0.7301709651947021,0.3132578134536743,0.8440025965372722,0.7375805377960205,0.32736821174621583,0.7955703099568685,0.7190985679626465
pushup,0.5046928405761719,0.8428621927897135,0.031382180750370026,0.4997415065765381,0.8322011311848958,0.03299670293927193,0.5214111804962158,0.8392112731933594,0.006231888197362423,0.5072073936462402,0.8097944895426432,0.2707218527793884,0.5621286869049072,0.8176631291707357,0.030520543456077576,0.4844339370727539,0.7653008778889974,0.3168964982032776,0.5979864597320557,0.7554568608601888,0.31235557794570923,0.4316549777984619,0.755024528503418,0.4371384382247925,0.5042593002319335,0.7344734191894531,0.27265670895576477,0.3699390172958374,0.9361447016398112,0.4524509608745575,0.3821312665939331,0.9482869466145833,0.2697400450706482,0.4587822914123535,0.6291220982869467,0.41341304779052734,0.5352345466613769,0.6068736394246419,0.40469661355018616,0.263039755821228,0.6959489186604818,0.6182586550712585,0.3290156364440918,0.6916639963785808,0.5105003118515015,0.31541595458984373,0.9108638127644857,0.4205986261367798,0.3230429649353027,0.8971774419148763,0.3601098358631134
pushup,0.5172766208648681,0.8203472137451172,0.13095378875732422,0.5182273387908936,0.8079398473103842,0.05127307027578354,0.5259923458099365,0.8079394022623698,0.0551130585372448,0.5029655933380127,0.7581370035807292,0.18208439648151398,0.5181637287139893,0.754623285929362,0.16883787512779236,0.4446988582611084,0.6975410461425782,0.7605077624320984,0.49538626670837405,0.6757901509602865,0.7753094434738159,0.35383973121643064,0.7875041961669922,0.8203945159912109,0.35794644355773925,0.7428515116373698,0.6920989751815796,0.303436803817749,1.0,0.6585711240768433,0.28899126052856444,1.0,0.4619588851928711,0.41777830123901366,0.5677639643351237,0.7400261759757996,0.45337824821472167,0.5549929300944011,0.7122318744659424,0.27127125263214114,0.7485820134480794,0.6406475305557251,0.3359792470932007,0.746623675028483,0.4887227416038513,0.3401943206787109,0.9458062489827473,0.22441457211971283,0.3932096004486084,0.9295108795166016,0.1582030951976776
pushup,0.5261976242065429,0.7764418284098308,0.008106134831905365,0.513537073135376,0.766702397664388,0.0036039797123521566,0.5475807189941406,0.7706169128417969,0.0023482765536755323,0.4682146549224854,0.7242958704630534,0.6458212733268738,0.5818845748901367,0.7355183919270833,0.2778610289096832,0.38132309913635254,0.6718516031901042,0.9155988693237305,0.6294837474822998,0.6823523839314779,0.8522838354110718,0.28913538455963134,0.7500356038411459,0.865885853767395,0.6889358043670655,0.7631862004597981,0.6807073354721069,0.3007898092269897,0.9060479482014974,0.6417620778083801,0.7231691360473633,0.8971721649169921,0.35118368268013,0.37303924560546875,0.5957473754882813,0.8697362542152405,0.5306561946868896,0.5942251841227214,0.808282196521759,0.3277472257614136,0.7446633021036784,0.7138723731040955,0.4813233852386475,0.7329802831013997,0.5700611472129822,0.4094103813171387,0.8894606272379557,0.2214546501636505,0.5205177307128906,0.8589004516601563,0.1552329808473587
pushup,0.5103341102600097,0.6910408655802409,0.012116122990846634,0.5016290187835694,0.6781607945760091,0.0035501939710229635,0.5202810764312744,0.6781463623046875,0.004661110229790211,0.46804471015930177,0.6178288141886393,0.36724331974983215,0.5268640995025635,0.6274588267008464,0.21197819709777832,0.40143542289733886,0.5760734558105469,0.8520410060882568,0.5580032348632813,0.5762222290039063,0.8966226577758789,0.27165000438690184,0.7395208994547526,0.7887435555458069,0.5820713043212891,0.7353326797485351,0.8375697731971741,0.266975474357605,0.9631708145141602,0.49687615036964417,0.7045374870300293,0.9999794642130534,0.48625096678733826,0.473262882232666,0.5037241299947103,0.845747709274292,0.5724598884582519,0.510291862487793,0.8525525331497192,0.46384358406066895,0.7354788462320964,0.6722272634506226,0.6008966445922852,0.7164260864257812,0.6379050612449646,0.517382001876831,0.9226526260375977,0.1968049705028534,0.6608057975769043,0.8740563710530599,0.18879885971546173
pushup,0.5392415523529053,0.7720430374145508,0.5072608590126038,0.5486558437347412,0.7532304128011068,0.3576371967792511,0.5254312992095947,0.7525299072265625,0.24787196516990662,0.5754233837127686,0.6691446940104167,0.14527231454849243,0.49275641441345214,0.6706982930501302,0.0910254716873169,0.6550519943237305,0.5882232030232747,0.7772397994995117,0.4073348522186279,0.6085974375406901,0.6908881068229675,0.7638114929199219,0.6833326339721679,0.8843616247177124,0.28146383762359617,0.7373905181884766,0.755749523639679,0.7519168853759766,0.9372547149658204,0.898464560508728,0.2985227584838867,0.9828785578409831,0.8025970458984375,0.6247416496276855,0.6111583073933919,0.7936082482337952,0.4724095344543457,0.6231038411458333,0.7264783978462219,0.6442076683044433,0.8001509348551432,0.3593820333480835,0.43789358139038087,0.8160558064778646,0.27285537123680115,0.6287966728210449,0.9280155181884766,0.06364678591489792,0.4673742771148682,0.9331952412923177,0.05096250772476196
pushup,0.5283133506774902,0.7386320114135743,0.3291749954223633,0.5345091342926025,0.718264389038086,0.20103585720062256,0.5150623321533203,0.7218290964762369,0.12324794381856918,0.5568123817443847,0.6310123443603516,0.10619639605283737,0.4827261447906494,0.6402931213378906,0.07289423048496246,0.6370384216308593,0.5522410710652669,0.8278691172599792,0.3915876388549805,0.5768993377685547,0.6955510377883911,0.7534522533416748,0.6918888092041016,0.9110930562019348,0.2806748390197754,0.7539966583251954,0.7092695236206055,0.7572940826416016,0.9590766270955403,0.8400664925575256,0.31252734661102294,1.0,0.6106703877449036,0.6158736228942872,0.5663928985595703,0.7864477634429932,0.46846375465393064,0.5839314778645833,0.6672682762145996,0.622437572479248,0.7669314702351888,0.319106787443161,0.4613853931427002,0.7749643961588542,0.19987674057483673,0.6566703796386719,0.9048415501912435,0.04921003058552742,0.5676018714904785,0.8777721405029297,0.03580452501773834
pushup,0.5359125137329102,0.7408868153889974,0.6953476071357727,0.5572933673858642,0.7081758499145507,0.43488606810569763,0.5091114044189453,0.7049765268961589,0.5972222089767456,0.5918540000915528,0.6237572987874349,0.1033417284488678,0.4554602146148682,0.6203001022338868,0.3012315034866333,0.6384220600128174,0.5375802357991536,0.802039384841919,0.38160433769226076,0.5537633260091146,0.8940815329551697,0.7312841415405273,0.6878381093343099,0.8422103524208069,0.2812609910964966,0.7492687225341796,0.9182270169258118,0.7422916412353515,0.9291475931803386,0.8020832538604736,0.28838887214660647,0.9585616429646809,0.8679309487342834,0.5875852108001709,0.4495852470397949,0.9256980419158936,0.42391262054443357,0.4606532096862793,0.9390760660171509,0.6275009155273438,0.7371593475341797,0.7422574162483215,0.3911472797393799,0.747292963663737,0.7642565965652466,0.6235820293426514,0.8659170150756836,0.2589847445487976,0.4089322090148926,0.8698598861694335,0.2711493968963623
pushup,0.529578685760498,0.6771249135335287,0.3708917498588562,0.5343748569488526,0.653125254313151,0.09901759773492813,0.5093705654144287,0.6548248291015625,0.2610136866569519,0.5528750419616699,0.5720988591512044,0.021516015753149986,0.4624448776245117,0.5811087926228841,0.18037313222885132,0.6149300098419189,0.5181041081746419,0.6603810787200928,0.3907339096069336,0.529998779296875,0.8433573246002197,0.7143749713897705,0.7125216166178385,0.7917431592941284,0.2937760591506958,0.7511974334716797,0.9231183528900146,0.7321949481964112,0.9219326655069987,0.7474330067634583,0.2838629484176636,0.9765555063883463,0.8714502453804016,0.5949807167053223,0.492179807027181,0.873550295829773,0.4521343231201172,0.5022143681844076,0.9098207354545593,0.630135440826416,0.7494553883870443,0.6013105511665344,0.4293829441070557,0.7505103429158528,0.6583459973335266,0.6375991821289062,0.9016437530517578,0.15098345279693604,0.45076990127563477,0.8827029546101888,0.1730324625968933
pushup,0.5259885787963867,0.6646519978841146,0.46664467453956604,0.5297845363616943,0.640277353922526,0.15956687927246094,0.5056125164031983,0.643765385945638,0.3324873745441437,0.5461369037628174,0.5722028096516927,0.03736082836985588,0.458248233795166,0.5836580912272136,0.23107002675533295,0.6035194396972656,0.526800791422526,0.7959156036376953,0.39915008544921876,0.5446865081787109,0.8897814154624939,0.703158950805664,0.7157316207885742,0.850570797920227,0.3121140480041504,0.7583131154378255,0.9167975783348083,0.7231197834014893,0.9159009297688802,0.7592273950576782,0.30212154388427737,0.9487823486328125,0.8468815088272095,0.6160273551940918,0.49849077860514324,0.9206641316413879,0.4845429420471191,0.5137578646341959,0.9353223443031311,0.649258804321289,0.7526499430338541,0.7268111705780029,0.46665420532226565,0.7594074249267578,0.7420259714126587,0.6714083671569824,0.8976041158040364,0.2393699288368225,0.5014571189880371,0.8773974736531576,0.2520008087158203
pushup,0.5202556610107422,0.674736213684082,0.4289320111274719,0.5239582061767578,0.6518318176269531,0.09697800874710083,0.5004141807556153,0.6527386347452799,0.315214604139328,0.5376126289367675,0.5666128158569336,0.01614648662507534,0.45068769454956054,0.5731282552083333,0.2224486917257309,0.601365613937378,0.5184536933898926,0.6979343295097351,0.37845447063446047,0.5297726631164551,0.8471605777740479,0.7100581169128418,0.7193364461263021,0.7941058874130249,0.3087606906890869,0.752080790201823,0.9176864624023438,0.7372240543365478,0.9214589436848958,0.7318963408470154,0.2891613245010376,0.9644261678059896,0.8595799207687378,0.5817463397979736,0.5693559646606445,0.8473076224327087,0.44231863021850587,0.5791145324707031,0.8859893083572388,0.6101761341094971,0.8205594380696615,0.41883984208106995,0.4306345462799072,0.8232820510864258,0.4751777946949005,0.6129210472106934,0.942895253499349,0.06666587293148041,0.4626761436462402,0.9320590972900391,0.07467934489250183
pushup,0.5323317527770997,0.6994026819864909,0.4359605312347412,0.5378358840942383,0.6738784790039063,0.15643210709095,0.5113852977752685,0.6763800303141276,0.31525886058807373,0.555234718322754,0.5977350870768229,0.03188466280698776,0.45938429832458494,0.6067051569620768,0.2041654884815216,0.603962516784668,0.5262536684672038,0.7769896388053894,0.39357786178588866,0.5459808349609375,0.8551514148712158,0.7051271438598633,0.699221420288086,0.8804408311843872,0.2994807481765747,0.754521369934082,0.9110478758811951,0.7276696681976318,0.921200688680013,0.8143580555915833,0.3041184186935425,0.9459624608357747,0.8563764095306396,0.603792953491211,0.4442960103352865,0.950770914554596,0.4640763759613037,0.4608023961385091,0.9540289044380188,0.6483505725860595,0.7187482833862304,0.8575239777565002,0.4309746742248535,0.7301456451416015,0.84736168384552,0.6793299674987793,0.8680500030517578,0.4335283935070038,0.4562374114990234,0.8504072189331054,0.4215297996997833
pushup,0.5230120658874512,0.7085166931152344,0.48372143507003784,0.5323480606079102,0.6851256052652995,0.16208317875862122,0.5045845031738281,0.6817959467569987,0.3660089075565338,0.5535062789916992,0.6089215596516927,0.03244968131184578,0.4568978786468506,0.6054315567016602,0.2051118165254593,0.6013353347778321,0.5359032948811849,0.7427287101745605,0.393114709854126,0.54241943359375,0.8901936411857605,0.7116405487060546,0.6999724706013998,0.8594059944152832,0.30718221664428713,0.7436363220214843,0.9539796113967896,0.7376718521118164,0.9203444163004557,0.8133278489112854,0.29465086460113527,0.9671760559082031,0.9068225026130676,0.5773098945617676,0.4358261744181315,0.9635647535324097,0.4387526512145996,0.4411499341328939,0.974797248840332,0.6163058280944824,0.7347938537597656,0.8713395595550537,0.38349218368530275,0.7358121871948242,0.8967766761779785,0.6288965702056885,0.8926886240641276,0.4211493134498596,0.3781079053878784,0.8820037841796875,0.4582408368587494
pushup,0.4712122917175293,0.6442323048909505,0.006569095887243748,0.46843910217285156,0.6258022308349609,0.003423359477892518,0.4767134666442871,0.6135396957397461,0.001498040626756847,0.4405125617980957,0.5697164535522461,0.7679606676101685,0.49716620445251464,0.5467276891072591,0.40569138526916504,0.3587453365325928,0.5429322560628255,0.9789249897003174,0.5911684989929199,0.5068869908650716,0.9632784128189087,0.30040130615234373,0.7655879338582356,0.8870763182640076,0.7013762474060059,0.7287562052408855,0.7871063351631165,0.3014500856399536,0.9862583160400391,0.38672131299972534,0.7145895004272461,0.9026363372802735,0.27040693163871765,0.42485389709472654,0.42182909647623695,0.9677731394767761,0.5867403030395508,0.4005791982014974,0.9559065699577332,0.37823894023895266,0.7273845036824544,0.9278932809829712,0.6014040946960449,0.6695260365804037,0.8987519145011902,0.3509299993515015,0.9227476119995117,0.47770464420318604,0.6447727680206299,0.8413679122924804,0.4350418746471405
pushup,0.530458641052246,0.7202634811401367,0.5277077555656433,0.5384868621826172,0.6999468485514323,0.3000882565975189,0.516351842880249,0.6974941253662109,0.29181215167045593,0.5643577575683594,0.6218739191691081,0.092891164124012,0.4836141109466553,0.6201068878173828,0.11027630418539047,0.6128618717193604,0.5561291376749674,0.822692334651947,0.41810302734375,0.5523814519246419,0.8200451731681824,0.7083488464355469,0.7255155563354492,0.9173796772956848,0.3073688268661499,0.7494209925333659,0.8971293568611145,0.7545855522155762,0.9375996907552083,0.8685160279273987,0.29455864429473877,0.991826883951823,0.8253969550132751,0.5723510265350342,0.4617383639017741,0.9440261721611023,0.4435296058654785,0.4622330665588379,0.9335806965827942,0.6070553302764893,0.7409924189249675,0.7840136289596558,0.38761115074157715,0.7368334452311198,0.7422284483909607,0.6199111938476562,0.8979842503865559,0.2681308388710022,0.3690666198730469,0.8790314992268881,0.24472610652446747
pushup,0.5213415622711182,0.7009754816691081,0.39765164256095886,0.524602222442627,0.68248291015625,0.1963733732700348,0.507581377029419,0.680923589070638,0.1677234023809433,0.5432157039642334,0.5984022140502929,0.06725563853979111,0.47391796112060547,0.5992476781209309,0.07713355869054794,0.6077885627746582,0.5386326471964519,0.8353396654129028,0.406870174407959,0.5370890935262044,0.7340166568756104,0.7125034809112549,0.7277577082316081,0.9235425591468811,0.30572142601013186,0.7501141230265299,0.8161166906356812,0.7585037231445313,0.9348630905151367,0.8765655755996704,0.2962655782699585,0.9968441009521485,0.7522707581520081,0.5855287551879883,0.5078891754150391,0.9134217500686646,0.46019811630249025,0.509510866800944,0.8706843852996826,0.5918869972229004,0.7661839167277018,0.6967822313308716,0.4212346076965332,0.75804017384847,0.5794547200202942,0.594417142868042,0.9131034851074219,0.1976422220468521,0.42926716804504395,0.8832248687744141,0.15478746592998505
pushup,0.5309670925140381,0.6921687444051107,0.5010080933570862,0.5392067432403564,0.6699650446573894,0.22808390855789185,0.5156087875366211,0.6686721801757812,0.3368073105812073,0.5631491661071777,0.6033025105794271,0.06811753660440445,0.47785248756408694,0.6034119923909506,0.15581659972667694,0.6066102504730224,0.5403188705444336,0.8018125891685486,0.42111978530883787,0.5389219284057617,0.8913108706474304,0.7081626415252685,0.7142176946004232,0.8993346691131592,0.3255774021148682,0.7335749944051106,0.9479378461837769,0.7339463233947754,0.9172125498453776,0.8280088901519775,0.3096632719039917,0.9355125427246094,0.8812733292579651,0.5828766345977783,0.4111923853556315,0.9673609733581543,0.4547445774078369,0.4124951680501302,0.9734249114990234,0.6261857509613037,0.6965390523274739,0.8820003271102905,0.388824462890625,0.6925214131673177,0.8900665044784546,0.6581720352172852,0.8511019388834635,0.44972220063209534,0.3781177759170532,0.8311906178792318,0.46347594261169434
pushup,0.537834644317627,0.6893992106119792,0.6563184261322021,0.5466934680938721,0.6645809173583984,0.33671918511390686,0.5175313949584961,0.6658594767252605,0.5327226519584656,0.5694910526275635,0.5845059076944987,0.07006189972162247,0.47330822944641116,0.5929420471191407,0.2730194330215454,0.6022173881530761,0.5046631495157877,0.8247939944267273,0.4222480297088623,0.5199759165445964,0.9136728644371033,0.6880572319030762,0.6669370015462239,0.8781531453132629,0.334290075302124,0.7220301310221354,0.9404260516166687,0.727741003036499,0.8972079594930013,0.8297341465950012,0.31659250259399413,0.9458677927652995,0.8896528482437134,0.5782934188842773,0.387765375773112,0.9622244238853455,0.4594785213470459,0.399373467763265,0.9696348905563354,0.6283935546875,0.6755723317464193,0.9318259954452515,0.45025272369384767,0.6736045201619466,0.9381148815155029,0.6643746376037598,0.8526859283447266,0.695400595664978,0.4732823371887207,0.8241232554117839,0.7168609499931335
pushup,0.5344662666320801,0.6780291239420573,0.6358798742294312,0.5435522079467774,0.6513773600260416,0.29563531279563904,0.5132644176483154,0.6538525899251302,0.5151528716087341,0.5675436019897461,0.5737236022949219,0.061327219009399414,0.4689624309539795,0.5845693588256836,0.2609967589378357,0.600104284286499,0.5002605120340983,0.8178315162658691,0.4250790596008301,0.5111788113911947,0.932036817073822,0.6881202697753906,0.6717753092447917,0.8791940212249756,0.33609728813171386,0.7106433868408203,0.9613850712776184,0.7327047348022461,0.904208246866862,0.8280197978019714,0.3083388090133667,0.9347269694010417,0.9169612526893616,0.5781941413879395,0.36664352416992185,0.9773106575012207,0.45987892150878906,0.37516098022460936,0.9846779108047485,0.6226161479949951,0.6663001378377279,0.9600327610969543,0.43146791458129885,0.6627185821533204,0.9690561294555664,0.6689398765563965,0.838980229695638,0.8002009391784668,0.442995023727417,0.8101277033487956,0.8313839435577393
pushup,0.5104436874389648,0.6404237111409505,0.6923155784606934,0.5158604145050049,0.6186113993326823,0.3828045725822449,0.49343533515930177,0.620737902323405,0.5064265727996826,0.538958740234375,0.5501855214436849,0.10921193659305573,0.45862317085266113,0.5601428349812826,0.22030684351921082,0.5885685443878174,0.5009707768758138,0.873027503490448,0.42232561111450195,0.502473258972168,0.9384346008300781,0.6897969722747803,0.6943782806396485,0.8959523439407349,0.3363496780395508,0.7071706771850585,0.9551604986190796,0.7301519393920899,0.9049959818522135,0.8341521620750427,0.3115757703781128,0.9297721862792969,0.9019643664360046,0.5991167068481446,0.4086910247802734,0.9697204828262329,0.48727831840515134,0.4133581797281901,0.9776199460029602,0.6384562015533447,0.6921339670817057,0.9383386969566345,0.4620846748352051,0.6788581212361654,0.9477133750915527,0.6935041427612305,0.882421875,0.6909874677658081,0.49117536544799806,0.8412130991617839,0.7286930084228516
pushup,0.5056174755096435,0.6303434371948242,0.7832850813865662,0.5189553737640381,0.6085062026977539,0.5424643754959106,0.48904848098754883,0.6055601755777995,0.6017301678657532,0.5527899742126465,0.5368249257405598,0.19965916872024536,0.46079297065734864,0.534815788269043,0.2301330715417862,0.6033262252807617,0.49097073872884117,0.8898918032646179,0.41878652572631836,0.48345085779825847,0.9506639242172241,0.6900755405426026,0.697269058227539,0.8877602219581604,0.3374937534332275,0.7001015345255533,0.9588823914527893,0.7282615661621094,0.9012520472208659,0.8172191977500916,0.2964882135391235,0.9297897338867187,0.8997260332107544,0.5938511848449707,0.4470226287841797,0.9619160294532776,0.47223668098449706,0.4468142827351888,0.9738736748695374,0.6417078971862793,0.7158550262451172,0.8985061645507812,0.4534872531890869,0.6991597493489583,0.9237551689147949,0.6778284072875976,0.8826253255208333,0.5681875348091125,0.4828173637390137,0.8588226318359375,0.6340707540512085
pushup,0.5333046913146973,0.6448380788167317,0.7861036062240601,0.5423609733581543,0.6230342864990235,0.5983513593673706,0.5145493507385254,0.622295888264974,0.4739428162574768,0.5715336799621582,0.5383810043334961,0.2251611202955246,0.48117847442626954,0.5414533615112305,0.1447153091430664,0.6254008293151856,0.49291661580403645,0.9460257291793823,0.4372957706451416,0.47792237599690757,0.9215389490127563,0.7084177970886231,0.7275348663330078,0.9487286806106567,0.3352625608444214,0.7119388580322266,0.8914229273796082,0.7663059711456299,0.9374430338541667,0.8715371489524841,0.29980409145355225,0.9715619405110677,0.7713220119476318,0.6322325706481934,0.45977144241333007,0.9553594589233398,0.5185573101043701,0.4582040786743164,0.9378560781478882,0.6284433841705322,0.7647775014241537,0.8518494367599487,0.5088845252990722,0.7391300201416016,0.7868596315383911,0.6699724674224854,0.9600831985473632,0.3504352271556854,0.5715452671051026,0.9041547139485677,0.312465637922287
pushup,0.533134651184082,0.6320720036824544,0.9108148217201233,0.5562889099121093,0.6041063944498698,0.8354031443595886,0.515595817565918,0.5971500396728515,0.7230830788612366,0.602315092086792,0.5331193288167317,0.4489940404891968,0.48770461082458494,0.5210539499918619,0.1838267296552658,0.6461249828338623,0.4926205317179362,0.9538165926933289,0.438031005859375,0.48723344802856444,0.9497566819190979,0.7102080345153808,0.6924394607543946,0.9539436101913452,0.3455190658569336,0.7132404327392579,0.9405801296234131,0.7382725715637207,0.8975719451904297,0.9039623737335205,0.2879676342010498,0.957950210571289,0.8569687008857727,0.5966854095458984,0.4875275293986003,0.9758240580558777,0.4586177349090576,0.48237501780192055,0.9714915752410889,0.630891227722168,0.781497065226237,0.8537684679031372,0.3947615146636963,0.7632221221923828,0.8309297561645508,0.6453251361846923,0.9549376805623372,0.3145926892757416,0.3810220241546631,0.9378164291381836,0.3062093257904053
pushup,0.5463718414306641,0.5850568771362304,0.9081758856773376,0.5696195125579834,0.5548870086669921,0.7891716361045837,0.5278090000152588,0.5497161229451497,0.7495840191841125,0.610629653930664,0.49441553751627604,0.3749854862689972,0.4957620620727539,0.48660732905069987,0.24938704073429108,0.6380844116210938,0.45384066899617515,0.963692843914032,0.45598673820495605,0.46880947748819984,0.9766440987586975,0.7070830821990967,0.6222693125406901,0.9599190950393677,0.3652958393096924,0.6852558771769206,0.9747294187545776,0.7182766914367675,0.8467992782592774,0.931787371635437,0.3152942657470703,0.9291695912679037,0.932360827922821,0.5665738105773925,0.37701428731282555,0.9944778680801392,0.44783926010131836,0.3791409810384115,0.9948825836181641,0.5701054573059082,0.6077273050944011,0.9855800867080688,0.3617693424224854,0.6294869105021159,0.9868505001068115,0.5302470207214356,0.7779612223307292,0.8981119394302368,0.29655473232269286,0.8226114908854166,0.9035786390304565
pushup,0.5551326274871826,0.5401612599690755,0.9292694330215454,0.5828348636627197,0.5116438547770182,0.7751562595367432,0.5358125686645507,0.4994009017944336,0.8872019648551941,0.6206769943237305,0.4461587270100911,0.23462256789207458,0.49858822822570803,0.4202424049377441,0.5308184623718262,0.6209266185760498,0.3982757250467936,0.9169755578041077,0.44934606552124023,0.39487524032592775,0.9876580238342285,0.6243232727050781,0.6104310989379883,0.8638221621513367,0.369940185546875,0.6612088521321614,0.9839252233505249,0.6001561641693115,0.8111323674519857,0.8021318316459656,0.3428536891937256,0.9025067647298177,0.9443286061286926,0.5537120342254639,0.3209983507792155,0.9866775274276733,0.441373872756958,0.3183724403381348,0.9938127994537354,0.5523376941680909,0.5670546213785808,0.9794639348983765,0.36995706558227537,0.5691877365112304,0.9897785782814026,0.5132117748260498,0.7364259084065755,0.9107019901275635,0.3346280813217163,0.760714594523112,0.9431934952735901
pushup,0.5736719131469726,0.47675361633300783,0.9663941860198975,0.5991290092468262,0.44810473124186195,0.8264774680137634,0.5541592597961426,0.44049116770426433,0.9707504510879517,0.6271814823150634,0.3891608238220215,0.1409073770046234,0.5121254444122314,0.3715881029764811,0.8341614007949829,0.6133392810821533,0.36963911056518556,0.8466299176216125,0.45320653915405273,0.37816378275553386,0.9925219416618347,0.5888492107391358,0.5736124038696289,0.6480307579040527,0.3776037931442261,0.6334517161051433,0.9868023991584778,0.5377091407775879,0.759638786315918,0.6273958683013916,0.36557207107543943,0.8813681920369466,0.9553685784339905,0.5436755657196045,0.3985420227050781,0.9768005609512329,0.4358100891113281,0.4082988421122233,0.9935688972473145,0.5571440696716309,0.5737399419148763,0.976337194442749,0.38214495182037356,0.6161102294921875,0.9932447075843811,0.5224661827087402,0.7396654764811198,0.938052773475647,0.3526111125946045,0.8256966272989908,0.9713463187217712
pushup,0.5550947189331055,0.3834159215291341,0.9687305688858032,0.587820291519165,0.35685141881306964,0.9020923376083374,0.5381557464599609,0.33669567108154297,0.962841808795929,0.6294086933135986,0.3285671234130859,0.30170121788978577,0.5028562545776367,0.28277861277262367,0.7021063566207886,0.6215493202209472,0.3491086959838867,0.8026344776153564,0.4547127723693848,0.3122839609781901,0.9786586761474609,0.6167121410369873,0.5495160420735677,0.4717288613319397,0.3794287919998169,0.5423469543457031,0.9476929306983948,0.5922688484191895,0.7066572825113933,0.5337156057357788,0.3768014430999756,0.7628269195556641,0.9027531743049622,0.5619889259338379,0.3628644307454427,0.8962467908859253,0.4550436019897461,0.3473306655883789,0.962291955947876,0.5795628547668457,0.47774244944254557,0.9431443810462952,0.42619948387145995,0.4626893997192383,0.9799895882606506,0.5042086124420166,0.697166633605957,0.9134858250617981,0.39163885116577146,0.7167978922526042,0.9567553400993347
pushup,0.579708194732666,0.300812816619873,0.9771538972854614,0.5948691844940186,0.2782115936279297,0.8766831755638123,0.5604055404663086,0.2712633450826009,0.9704940319061279,0.6109148502349854,0.24909264246622723,0.22690780460834503,0.5180750370025635,0.23457002639770508,0.8696064352989197,0.6200183868408203,0.30325342814127604,0.9347689151763916,0.47356977462768557,0.2818556467692057,0.9909250736236572,0.6374865531921386,0.44193827311197914,0.7343218326568604,0.4102040767669678,0.4324495315551758,0.9664261341094971,0.6401988983154296,0.5556545257568359,0.7782119512557983,0.4064067840576172,0.6122374216715495,0.9554274082183838,0.5869421005249024,0.4381405512491862,0.9450215697288513,0.5014590740203857,0.4301307678222656,0.9754448533058167,0.5775193691253662,0.5754171371459961,0.9180908203125,0.5229925155639649,0.5602767308553059,0.9642415046691895,0.5204151153564454,0.6940462112426757,0.7794713973999023,0.5201326847076416,0.6849449793497722,0.8667621612548828
pushup,0.5940101623535157,0.10438652038574218,0.5246750712394714,0.6115212917327881,0.08657655715942383,0.2629498541355133,0.583291482925415,0.07754961649576823,0.1894703358411789,0.6345386505126953,0.07191378275553385,0.20260141789913177,0.5537186145782471,0.05260305404663086,0.12606880068778992,0.6536531448364258,0.13784103393554686,0.9762164950370789,0.4792680263519287,0.1295440673828125,0.9596037268638611,0.6662384033203125,0.3108570098876953,0.9825411438941956,0.4167309761047363,0.3455294291178385,0.9442919492721558,0.6366504669189453,0.4551685333251953,0.9772692918777466,0.4293997287750244,0.5536057790120442,0.9383720755577087,0.5707238674163818,0.32709388732910155,0.9990869760513306,0.46581096649169923,0.31935221354166665,0.9985045194625854,0.5496575832366943,0.5584152857462565,0.9981133937835693,0.46168127059936526,0.5430322011311849,0.9970073103904724,0.5017324924468994,0.694659169514974,0.9841160178184509,0.4765161991119385,0.686642837524414,0.978621244430542
pushup,0.5859804153442383,0.15073367754618328,0.9868553280830383,0.6208446979522705,0.12001508076985677,0.9396116137504578,0.5627995491027832,0.10289312998453776,0.9789299368858337,0.6497198581695557,0.09349842071533203,0.464285284280777,0.5091514587402344,0.054898516337076826,0.8927621841430664,0.6422102451324463,0.12135934829711914,0.9864480495452881,0.4336221694946289,0.1273256301879883,0.9957206845283508,0.6649711608886719,0.2671964645385742,0.9405534267425537,0.39933736324310304,0.3720626513163249,0.9788597822189331,0.6302676200866699,0.42106634775797525,0.9412306547164917,0.45065059661865237,0.5745560963948567,0.9655863642692566,0.5480072975158692,0.2375347137451172,0.9938511848449707,0.4220579624176025,0.23892016410827638,0.9953863024711609,0.546041202545166,0.5124827067057292,0.9855725169181824,0.4355918407440186,0.5039196650187174,0.9892163276672363,0.49153504371643064,0.6971420923868815,0.8822291493415833,0.46574907302856444,0.6991621653238932,0.8999715447425842
pushup,0.5848593711853027,0.09804363250732422,0.20706607401371002,0.609562873840332,0.06967401504516602,0.05288345366716385,0.5635189056396485,0.060239919026692706,0.06584854423999786,0.6393335342407227,0.025092633565266927,0.03751600533723831,0.5155672550201416,0.0065911610921223955,0.07191666960716248,0.6595853328704834,0.03818788528442383,0.8833437561988831,0.4374967098236084,0.057055187225341794,0.9099005460739136,0.6691986083984375,0.20836838086446127,0.9600211381912231,0.40918769836425783,0.3277428944905599,0.9518617391586304,0.6362303256988525,0.3621029535929362,0.9685726165771484,0.45184645652770994,0.5496402740478515,0.9544088840484619,0.5814496040344238,0.23414225578308107,0.9972600936889648,0.44600467681884765,0.23868268330891926,0.9968724846839905,0.5508275508880616,0.5504136403401693,0.9915743470191956,0.4469448089599609,0.539112663269043,0.9901474118232727,0.4979727268218994,0.7309574127197266,0.8852936625480652,0.4888453006744385,0.7209262212117513,0.8737350702285767
pushup,0.5846035003662109,0.03472328186035156,0.09261870384216309,0.6040713310241699,0.008297348022460937,0.016477692872285843,0.5649565696716309,0.003963184356689453,0.023281197994947433,0.6259773731231689,0.0,0.01741897128522396,0.5168976306915283,0.0,0.03679141029715538,0.6488399505615234,0.027765464782714844,0.8617990612983704,0.43927593231201173,0.05803626378377279,0.831182599067688,0.6793253898620606,0.18321285247802735,0.9707769751548767,0.41448335647583007,0.31215108235677086,0.9400399327278137,0.6513815879821777,0.3444782892862956,0.9763492345809937,0.4475069046020508,0.5485318501790365,0.9555744528770447,0.5754541397094727,0.27699673970540367,0.9969947338104248,0.4453908443450928,0.2901974360148112,0.995978832244873,0.5663108825683594,0.5376566569010417,0.9869064092636108,0.46230621337890626,0.5552242914835612,0.9823492169380188,0.5213143825531006,0.6622063954671223,0.8307381868362427,0.49465436935424806,0.690725835164388,0.789286732673645
pushup,0.5758596420288086,0.01768325169881185,0.038772664964199066,0.598686408996582,0.0,0.00487546157091856,0.5579578876495361,0.0,0.011360273696482182,0.6219034194946289,0.0,0.00596241932362318,0.50961332321167,0.0,0.028333129361271858,0.6394554138183594,0.002642027537027995,0.725738525390625,0.4221932411193848,0.03993097941080729,0.8754034638404846,0.6804954051971436,0.1620297114054362,0.9600879549980164,0.3891443252563477,0.31017589569091797,0.9800414443016052,0.6590932369232178,0.3372240702311198,0.9747481942176819,0.4311038970947266,0.5654635747273763,0.9835134148597717,0.5761070728302002,0.3074258168538411,0.9994251728057861,0.43809142112731936,0.33276437123616537,0.9995554089546204,0.5598094463348389,0.5838497797648112,0.9980069994926453,0.4227703094482422,0.6666692733764649,0.9985710382461548,0.5019437789916992,0.7304894129435221,0.9663884043693542,0.4331984996795654,0.8746271133422852,0.9685943126678467
pushup,0.5806254863739013,0.025487263997395832,0.026012327522039413,0.6025437355041504,0.0,0.0030516639817506075,0.5613815307617187,0.0,0.008758273907005787,0.6256974220275879,0.0,0.00301163736730814,0.5107756137847901,0.0,0.025000402703881264,0.6387114524841309,0.0021760940551757814,0.5159493088722229,0.41867790222167967,0.027587890625,0.8079311847686768,0.6760791778564453,0.18920249938964845,0.9199689626693726,0.36951186656951907,0.32799110412597654,0.9734888672828674,0.6872303009033203,0.3442693710327148,0.9494563341140747,0.4210103988647461,0.6047090530395508,0.9763319492340088,0.5779634475708008,0.3556772867838542,0.9968240261077881,0.434737491607666,0.37887776692708336,0.9978424310684204,0.5756179809570312,0.6107285817464193,0.9731131196022034,0.43590397834777833,0.6856403986612956,0.9837144017219543,0.4995274543762207,0.6438753763834636,0.7191793322563171,0.4292747974395752,0.7708611806233724,0.7559791207313538
pushup,0.5702370643615723,0.012763309478759765,0.011736339889466763,0.5852048873901368,0.0,0.0011492058401927352,0.5551018714904785,0.0,0.0037232153117656708,0.6001476764678955,0.0,0.0018821589183062315,0.5109994888305665,0.0,0.020017921924591064,0.6230744838714599,0.0050576527913411455,0.5062127709388733,0.4094696998596191,0.03930063247680664,0.7845513820648193,0.6714052200317383,0.1864792505900065,0.932173490524292,0.3476968765258789,0.3386955261230469,0.9721421599388123,0.6855260848999023,0.35463695526123046,0.9493263959884644,0.40773687362670896,0.6563151041666667,0.969651460647583,0.5609038829803467,0.3806231180826823,0.9962725639343262,0.4241019725799561,0.40892486572265624,0.9972125887870789,0.5556913375854492,0.6228986740112304,0.9557390809059143,0.42953176498413087,0.7007134755452474,0.96904456615448,0.49773216247558594,0.6561943689982096,0.568149983882904,0.4422914981842041,0.7727187474568685,0.5890971422195435
pushup,0.5425680637359619,0.010774326324462891,0.0026490173768252134,0.5577446460723877,0.0,0.0003629071870818734,0.5347085475921631,0.0,0.0005069317994639277,0.5821094989776612,0.0,0.0018632564460858703,0.5069294452667237,0.0,0.004079896956682205,0.6137725830078125,0.0,0.4133935272693634,0.3991089344024658,0.04680973688761393,0.6144497394561768,0.6481616497039795,0.13824971516927084,0.9411457180976868,0.33133902549743655,0.3437138557434082,0.9572014212608337,0.6579355239868164,0.35116631189982095,0.9588167071342468,0.39545016288757323,0.6635573705037435,0.9561029076576233,0.5461304187774658,0.36558558146158854,0.9966611862182617,0.412263011932373,0.4038906415303548,0.9969134330749512,0.5433672904968262,0.6258893330891927,0.9526379704475403,0.43793449401855467,0.7079875946044922,0.9597379565238953,0.47060623168945315,0.6954874038696289,0.49206870794296265,0.4653308868408203,0.8095977783203125,0.4896853566169739
pushup,0.47188706398010255,0.02449633280436198,0.0023713998962193727,0.4887362003326416,0.0014063199361165366,0.0003935883578378707,0.47089557647705077,0.0007801373799641927,0.0003463371249381453,0.5275855541229248,0.0,0.002165236510336399,0.46180191040039065,0.0,0.0015977382427081466,0.5822994709014893,0.0,0.22738873958587646,0.3570409774780273,0.02243007024129232,0.48393765091896057,0.6364487648010254,0.16593472162882486,0.8830679059028625,0.290693998336792,0.35983502070109047,0.943021297454834,0.6426321029663086,0.37061980565388997,0.9337005019187927,0.41123232841491697,0.7247721354166666,0.941620409488678,0.5431100845336914,0.3964359919230143,0.9870200157165527,0.4018237113952637,0.43532880147298175,0.9902650117874146,0.502144718170166,0.6465460459391276,0.8372462391853333,0.39686880111694334,0.7438710530598959,0.8799052834510803,0.4744314193725586,0.726034418741862,0.2042057365179062,0.4768646717071533,0.8660121917724609,0.22623980045318604
pushup,0.44334092140197756,0.033010609944661456,0.002755318069830537,0.45733041763305665,0.011641438802083333,0.0004809322126675397,0.43872771263122556,0.010661506652832031,0.0003560981131158769,0.48894057273864744,0.0,0.0027470707427710295,0.42130417823791505,0.0,0.0017485470743849874,0.5601650238037109,0.0,0.39400210976600647,0.3173237323760986,0.030765310923258463,0.49976640939712524,0.6247922897338867,0.147764523824056,0.9460824131965637,0.2689913988113403,0.34291470845540367,0.9379278421401978,0.6048402786254883,0.30582764943440754,0.9629424810409546,0.37798635959625243,0.6854180653889974,0.9426684975624084,0.544217872619629,0.3801750183105469,0.9943668246269226,0.39299721717834474,0.41149005889892576,0.9942799806594849,0.4915154933929443,0.6674615224202474,0.9259777069091797,0.3711792707443237,0.7288128534952799,0.9246675372123718,0.4857469081878662,0.8243717829386393,0.2901824116706848,0.47203526496887205,0.9094443003336589,0.27601099014282227
pushup,0.44626402854919434,0.020345401763916016,0.0034772621002048254,0.4591854095458984,0.0010732650756835938,0.0007723394664935768,0.44126029014587403,0.0,0.0006135116564109921,0.4808815956115723,0.0,0.003057200461626053,0.4166117668151855,0.0,0.002313996432349086,0.5344221591949463,0.0,0.3405168950557709,0.31354560852050783,0.051195844014485674,0.3147812485694885,0.5852739334106445,0.12554051081339518,0.9256690144538879,0.26436262130737304,0.3391538619995117,0.8415990471839905,0.561520004272461,0.2595148245493571,0.9492486119270325,0.34429473876953126,0.5954241434733073,0.8967824578285217,0.5075234413146973,0.34014892578125,0.9960348010063171,0.3637972593307495,0.36959009170532225,0.9947486519813538,0.4816596984863281,0.6103823343912761,0.9880397915840149,0.31994004249572755,0.6646553039550781,0.9837788939476013,0.4891017436981201,0.8542414347330729,0.8356642723083496,0.3889857530593872,0.9302699406941731,0.7930809855461121
pushup,0.4440030097961426,0.003290271759033203,0.0006386850727722049,0.4527397632598877,0.0,9.574439900461584e-05,0.4398923873901367,0.0,0.00012916565174236894,0.4685186862945557,0.0,0.0005581534933298826,0.41509017944335935,0.0,0.0010375708807259798,0.5190130233764648,0.0,0.10638249665498734,0.31009521484375,0.014328638712565104,0.15439243614673615,0.5518145561218262,0.09224761327107747,0.8613146543502808,0.2566334009170532,0.2920123418172201,0.8379299640655518,0.5518967628479003,0.22971185048421225,0.9170299172401428,0.3249841213226318,0.5649768829345703,0.8992791175842285,0.4882256507873535,0.32769953409830727,0.9915841817855835,0.3515533685684204,0.3478356043497721,0.9913769960403442,0.45456461906433104,0.6471860885620118,0.9607784152030945,0.2955165863037109,0.6718176523844401,0.9560462832450867,0.4586225986480713,0.8916329701741537,0.5202078819274902,0.3404237270355225,0.9230723063151042,0.4784659147262573
