label,0_x,0_y,0_z,1_x,1_y,1_z,2_x,2_y,2_z,3_x,3_y,3_z,4_x,4_y,4_z,5_x,5_y,5_z,6_x,6_y,6_z,7_x,7_y,7_z,8_x,8_y,8_z,9_x,9_y,9_z,10_x,10_y,10_z,11_x,11_y,11_z,12_x,12_y,12_z,13_x,13_y,13_z,14_x,14_y,14_z,15_x,15_y,15_z,16_x,16_y,16_z
squat,0.5102702140808105,0.016387017567952473,0.0008789242128841579,0.5262104034423828,0.0,0.0001367296208627522,0.48865642547607424,0.0,6.67731073917821e-05,0.5829794883728028,0.0,0.0009413289371877909,0.46505513191223147,0.0,0.00023429303837474436,0.7274128913879394,0.0,0.21795761585235596,0.41685776710510253,0.0,0.11560171842575073,0.894442081451416,0.27991657257080077,0.9093291759490967,0.41525840759277344,0.215800412495931,0.8424577713012695,0.9443578720092773,0.8096478780110677,0.8739351630210876,0.36922900676727294,0.5446847915649414,0.8423976898193359,0.6451015472412109,0.6838924407958984,0.9695172309875488,0.4403842926025391,0.6560719807942709,0.9630522727966309,0.5785290718078613,1.0,0.028818972408771515,0.41250858306884763,1.0,0.027266131713986397,0.5142482280731201,1.0,0.0003651800216175616,0.4338665008544922,0.9445349375406901,0.00034467322984710336
squat,0.4846782684326172,0.014177449544270833,0.0015735541237518191,0.5016721725463867,0.0,0.0002914795186370611,0.4652461051940918,0.0,0.00010731752263382077,0.5629456520080567,0.0,0.0019429122330620885,0.4490394592285156,0.0,0.00027447351021692157,0.7167797088623047,0.0,0.2893986105918884,0.41028556823730467,0.0,0.146897554397583,0.8941203117370605,0.2641572157541911,0.9235705137252808,0.4171837329864502,0.22731466293334962,0.8569424748420715,0.9465617179870606,0.7955944697062175,0.8903441429138184,0.36749341487884524,0.5492433547973633,0.8486969470977783,0.6485922813415528,0.6863101959228516,0.9722665548324585,0.4430204391479492,0.6615824381510417,0.9656985402107239,0.5911158084869385,1.0,0.029975350946187973,0.398954963684082,1.0,0.027948912233114243,0.5365729331970215,1.0,0.0003933123080059886,0.4188262939453125,0.9319843292236328,0.0003750499163288623
squat,0.5002871036529541,0.002640819549560547,0.0013858757447451353,0.5182952880859375,0.0,0.00022900549811311066,0.48061118125915525,0.0,0.0001032028449117206,0.5831607818603516,0.0,0.0014653925318270922,0.46693906784057615,0.0,0.0002742258075159043,0.7250193119049072,0.0,0.24499353766441345,0.41820516586303713,0.0,0.15711189806461334,0.8815549850463867,0.24678001403808594,0.9200078845024109,0.41059131622314454,0.22089983622233073,0.8884950876235962,0.9701650619506836,0.6786431630452474,0.9075174927711487,0.3705031156539917,0.5414251327514649,0.8810517191886902,0.6354984760284423,0.6565435409545899,0.9829272627830505,0.4282565116882324,0.6341007232666016,0.9808504581451416,0.5930970668792724,1.0,0.06504783779382706,0.39175124168395997,1.0,0.06810392439365387,0.5549238681793213,1.0,0.0008317567990161479,0.39651992321014407,0.9337354024251302,0.0008571763173677027
squat,0.4982890605926514,0.007141780853271484,0.0007391026592813432,0.512288761138916,0.0,0.00012893087114207447,0.4793295383453369,0.0,6.0241163737373427e-05,0.5692179679870606,0.0,0.001118028536438942,0.46657485961914064,0.0,0.00022089321282692254,0.7126295089721679,0.0,0.16795124113559723,0.4216917991638184,0.0,0.12439046055078506,0.879047966003418,0.25553768475850425,0.9131686091423035,0.42037143707275393,0.22296218872070311,0.901800811290741,0.9349323272705078,0.5931390126546224,0.9210084676742554,0.3667496919631958,0.5241711616516114,0.9077683091163635,0.6363705158233642,0.6694929758707683,0.9838896989822388,0.43632755279541013,0.6449754079182942,0.9835070371627808,0.6070594787597656,1.0,0.057065367698669434,0.3825796127319336,1.0,0.06729428470134735,0.5794411182403565,1.0,0.0006008959608152509,0.37060227394104006,0.9939796447753906,0.0006712646572850645
squat,0.5231774806976318,0.002179718017578125,0.0011331317946314812,0.5379776000976563,0.0,0.00017028010915964842,0.5020262718200683,0.0,9.084994962904602e-05,0.5926896095275879,0.0,0.0009366642334498465,0.4787053108215332,0.0,0.00023459212388843298,0.7273615837097168,0.0,0.1975308209657669,0.42011175155639646,0.0,0.11138445883989334,0.8656604766845704,0.2713082631429036,0.9236398339271545,0.39721128940582273,0.21080102920532226,0.8686974048614502,0.8957107543945313,0.724079449971517,0.915656328201294,0.3633267879486084,0.5165316581726074,0.8838456273078918,0.6354788780212403,0.6767752965291342,0.9776872992515564,0.4239417552947998,0.6532417297363281,0.9729876518249512,0.6112069129943848,1.0,0.03573887422680855,0.39597344398498535,1.0,0.03269384056329727,0.5685425758361816,1.0,0.0004064452077727765,0.3892933130264282,0.9484625498453776,0.0003704471455421299
squat,0.5088931560516358,0.0,0.0007923548691906035,0.5219793319702148,0.0,0.00015568546950817108,0.491253137588501,0.0,5.1697301387321204e-05,0.5774706840515137,0.0,0.0014481001999229193,0.4781327247619629,0.0,0.00014784552331548184,0.719704532623291,0.0,0.20936934649944305,0.4212299346923828,0.0,0.11943917721509933,0.8545390129089355,0.3049433390299479,0.9409798979759216,0.40783963203430174,0.22306925455729168,0.8955010771751404,0.8836145401000977,0.7314642588297526,0.930642306804657,0.3555859804153442,0.5187602678934733,0.9008957743644714,0.6390054225921631,0.6719476064046224,0.9848796725273132,0.43404407501220704,0.6445172627766927,0.9819710850715637,0.6182555198669434,1.0,0.0501934215426445,0.37818284034729005,1.0,0.049395523965358734,0.59201979637146,1.0,0.0004743541358038783,0.369071888923645,1.0,0.00046366179594770074
squat,0.5148827075958252,0.0,0.0009612477151677012,0.5274389266967774,0.0,0.00013234576908871531,0.49243698120117185,0.0,7.697180262766778e-05,0.5748846054077148,0.0,0.0007434516446664929,0.4628499984741211,0.0,0.0002349207061342895,0.7123098373413086,0.0,0.22775179147720337,0.4046464920043945,0.0,0.1016479954123497,0.8559210777282715,0.2605534235636393,0.9384407997131348,0.3885334491729736,0.2197962760925293,0.8491087555885315,0.8608609199523926,0.7446208953857422,0.9242737889289856,0.3557793140411377,0.5289976119995117,0.8717543482780457,0.6324435710906983,0.6841925303141276,0.9790680408477783,0.42252178192138673,0.6662419001261394,0.9706935882568359,0.6080066204071045,1.0,0.03360697254538536,0.41214771270751954,1.0,0.025739165022969246,0.560030746459961,1.0,0.00035579848918132484,0.41944222450256347,0.9601790746053059,0.0002844533883035183
squat,0.48139142990112305,0.0,0.0008111197967082262,0.4954061508178711,0.0,0.0001710930373519659,0.46279292106628417,0.0,4.5377310016192496e-05,0.555360984802246,0.0,0.0014440041268244386,0.4493429183959961,0.0,9.718757792143151e-05,0.7003190040588378,0.0,0.20041674375534058,0.401978874206543,0.0,0.08319872617721558,0.8397109985351563,0.29795541763305666,0.9494367837905884,0.3937201738357544,0.2260972023010254,0.8691530227661133,0.8505010604858398,0.7803356170654296,0.9379752278327942,0.34417219161987306,0.5337732315063477,0.8901694416999817,0.6334729194641113,0.6911064147949219,0.9817134737968445,0.423532772064209,0.6706986745198568,0.9749680161476135,0.6300392627716065,1.0,0.02941233478486538,0.37841248512268066,1.0,0.0249638669192791,0.6127716064453125,1.0,0.00025435202405788004,0.37358503341674804,1.0,0.00022127603006083518
squat,0.45848870277404785,0.0,0.0007316406699828804,0.4735721111297607,0.0,0.00020545540610328317,0.44472489356994627,0.0,2.994458918692544e-05,0.5415814876556396,0.0,0.0031484581995755434,0.4450259208679199,0.0,6.631520227529109e-05,0.6977348804473877,0.0,0.27004340291023254,0.4016238212585449,0.0,0.08981050550937653,0.8436216354370117,0.3013085047403971,0.9524303078651428,0.39064273834228513,0.23009260495503744,0.8399698734283447,0.8455766677856446,0.8088132222493489,0.934138834476471,0.33536109924316404,0.5395957310994466,0.8556075096130371,0.6128880977630615,0.6834803899129231,0.9813397526741028,0.4109049320220947,0.6559825897216797,0.9721526503562927,0.5765829086303711,1.0,0.036061130464076996,0.36475958824157717,1.0,0.02883271686732769,0.5305855751037598,1.0,0.00031564958044327796,0.3652806758880615,1.0,0.0002701959165278822
squat,0.46616406440734864,0.0,0.0007241491111926734,0.483091926574707,0.0,0.00018233426089864224,0.45075788497924807,0.0,3.184509841958061e-05,0.5484484672546387,0.0,0.002220128895714879,0.4428795337677002,0.0,6.897223647683859e-05,0.6882902145385742,0.0,0.23813794553279877,0.40054988861083984,0.0,0.08062639832496643,0.8276237487792969,0.2745246251424154,0.9548520445823669,0.3884532690048218,0.2224437713623047,0.8432533144950867,0.8365188598632812,0.7674090067545573,0.947307288646698,0.3290547370910645,0.5330690701802572,0.8761150240898132,0.6057462692260742,0.6749040603637695,0.983979344367981,0.4073073387145996,0.6511419932047526,0.9755950570106506,0.5696940422058105,1.0,0.042136356234550476,0.35862021446228026,1.0,0.0319560244679451,0.5171749114990234,1.0,0.0003511584654916078,0.3488865852355957,1.0,0.0002830711891874671
squat,0.45313615798950196,0.0055546442667643225,0.0033598851878196,0.47818636894226074,0.0,0.0011233387049287558,0.4376929759979248,0.0,0.00021415813534986228,0.5549994468688965,0.0,0.006395398173481226,0.4340994834899902,0.0,0.00020218148711137474,0.6976023197174073,0.0,0.2551470398902893,0.39331774711608886,0.0,0.1305544078350067,0.8365012168884277,0.27893648147583006,0.9297349452972412,0.3748248338699341,0.24220355351765951,0.8632146120071411,0.8313656806945801,0.7519707997639974,0.9308514595031738,0.3228759765625,0.5404933293660482,0.8839336633682251,0.6119741916656494,0.6565944671630859,0.971832811832428,0.39846415519714357,0.6376710891723633,0.9642623662948608,0.6033775329589843,1.0,0.03612444922327995,0.3297143459320068,1.0,0.03418927639722824,0.5599833011627198,1.0,0.00041245884494856,0.3046483278274536,0.9457955042521159,0.00038587336894124746
squat,0.4637704372406006,0.0,0.000845719943754375,0.483644962310791,0.0,0.00017457196372561157,0.44426755905151366,0.0,4.1032868466572836e-05,0.5480630397796631,0.0,0.001527202082797885,0.4259821891784668,0.0,7.805094355717301e-05,0.6782022953033447,0.0,0.21782109141349792,0.38040838241577146,0.0,0.0753469169139862,0.8171851158142089,0.24511198997497557,0.954055666923523,0.36920292377471925,0.24725303649902344,0.8418207168579102,0.8319004058837891,0.6712546666463216,0.9622439742088318,0.30197877883911134,0.5491718292236328,0.8927792906761169,0.5863014221191406,0.6653767903645833,0.983516275882721,0.38248424530029296,0.6520062764485677,0.9744369387626648,0.5493229866027832,1.0,0.05225624889135361,0.3513954162597656,1.0,0.037500787526369095,0.48964629173278806,1.0,0.00043693685438483953,0.3467432498931885,1.0,0.00033329176949337125
squat,0.44112982749938967,0.0,0.0010769033106043935,0.45825943946838377,0.0,0.00019618190708570182,0.42341103553771975,0.0,6.11412906437181e-05,0.5206462383270264,0.0,0.00156536849681288,0.4108001708984375,0.0,0.0001261944998987019,0.662447738647461,0.0,0.21990594267845154,0.36825103759765626,0.0,0.10426750779151917,0.8130607604980469,0.24567708969116211,0.9449447393417358,0.36596145629882815,0.26020105679829914,0.8832756876945496,0.8413619995117188,0.6466126759847005,0.9533343315124512,0.29547944068908694,0.5578701019287109,0.9078339338302612,0.5864348888397217,0.6670472462972005,0.9841206669807434,0.3836650371551514,0.6568626403808594,0.9797896146774292,0.565516185760498,1.0,0.050531305372714996,0.3493274450302124,1.0,0.044738370925188065,0.5263551712036133,1.0,0.00038654953823424876,0.3441989660263062,1.0,0.0003458522551227361
squat,0.44335184097290037,0.0,0.0019644147250801325,0.4584298610687256,0.0,0.00033984470064751804,0.4286506175994873,0.0,0.00011895277566509321,0.5133709907531738,0.0,0.002252226462587714,0.41785364151000975,0.0,0.00023834232706576586,0.647335147857666,0.0,0.3119625151157379,0.3684989929199219,0.0,0.15958727896213531,0.8006115913391113,0.24617721239725748,0.9528039693832397,0.3538297176361084,0.27760721842447916,0.895296037197113,0.8473568916320801,0.6233828226725261,0.9561637043952942,0.2880395412445068,0.5646575927734375,0.9098309874534607,0.5743823051452637,0.664651362101237,0.9850655198097229,0.3838541507720947,0.6585671106974283,0.9805399775505066,0.5542407512664795,1.0,0.06390956789255142,0.3551723718643188,1.0,0.054756756871938705,0.51860671043396,1.0,0.0005288145039230585,0.35281174182891845,1.0,0.0004602201224770397
squat,0.3950339794158936,0.007593027750651042,0.023367293179035187,0.41036500930786135,0.0,0.005354989320039749,0.3809487342834473,0.0,0.002127591520547867,0.4674510478973389,0.0,0.01735590770840645,0.3827205181121826,0.0,0.002181495539844036,0.6074570655822754,0.002991167704264323,0.5854230523109436,0.3524735450744629,0.0334234873453776,0.4895089864730835,0.7853105545043946,0.23770580291748047,0.9430365562438965,0.3276041507720947,0.2903302510579427,0.9352188110351562,0.8299872398376464,0.547801399230957,0.9433401823043823,0.2621936321258545,0.5835260391235352,0.9313792586326599,0.5365365505218506,0.633159891764323,0.9795310497283936,0.3644541025161743,0.627134895324707,0.9794192314147949,0.5078254222869873,1.0,0.11243507266044617,0.3084296226501465,1.0,0.13216468691825867,0.4833836555480957,1.0,0.0014390847645699978,0.2889678716659546,0.976464589436849,0.0015721569070592523
squat,0.40112972259521484,0.0024451255798339845,0.005782370455563068,0.4134394645690918,0.0,0.001288280007429421,0.38630692958831786,0.0,0.00041862064972519875,0.4640462875366211,0.0,0.007993146777153015,0.38089675903320314,0.0,0.0006659719510935247,0.6006776332855225,0.0,0.4573383629322052,0.34022183418273927,0.017150147755940755,0.37302762269973755,0.7565059661865234,0.21079699198404947,0.9522964358329773,0.3319798469543457,0.31322142283121746,0.9382727742195129,0.8012340545654297,0.48818435668945315,0.9561417102813721,0.24965550899505615,0.6015997568766276,0.930335283279419,0.5381855010986328,0.6608381907145182,0.9891352653503418,0.3642051935195923,0.6598801930745443,0.988602340221405,0.5104180335998535,1.0,0.11319710314273834,0.3168632030487061,1.0,0.1240612342953682,0.47890629768371584,1.0,0.0011496514780446887,0.3204635143280029,1.0,0.001227616099640727
squat,0.39963569641113283,0.0056681950887044275,0.005822515115141869,0.40807185173034666,0.0,0.001277960604056716,0.38766775131225584,0.0,0.00042387747089378536,0.44826650619506836,0.0,0.008584612980484962,0.3832679748535156,0.0,0.0009283830295316875,0.5811796188354492,0.0,0.5600160956382751,0.3347663164138794,0.03148438135782878,0.3790282607078552,0.7404491424560546,0.2089451789855957,0.9626298546791077,0.32279043197631835,0.3170891443888346,0.9187500476837158,0.7973250389099121,0.5099437713623047,0.9558013677597046,0.23790392875671387,0.6061322530110677,0.903005838394165,0.5177847862243652,0.6509638468424479,0.9891582727432251,0.3569429636001587,0.6522916793823242,0.9858629107475281,0.49206342697143557,1.0,0.12079163640737534,0.32642464637756347,1.0,0.10808175802230835,0.4599968433380127,1.0,0.0011811481090262532,0.33375048637390137,1.0,0.0010806364007294178
squat,0.43121929168701173,0.0,0.003994330298155546,0.43888025283813475,0.0,0.0005281601333990693,0.4188687801361084,0.0,0.0003916686400771141,0.46230254173278806,0.0,0.00284288520924747,0.3981470108032227,0.0,0.0016235761577263474,0.5693857192993164,0.0,0.5384559035301208,0.32501978874206544,0.030100663503011067,0.4175516664981842,0.7140427589416504,0.20387659072875977,0.9641252756118774,0.3025536298751831,0.3211795806884766,0.9287525415420532,0.80191650390625,0.4816178321838379,0.9544193148612976,0.21914339065551758,0.6093543370564779,0.9134081602096558,0.5040758132934571,0.6411818186442058,0.9909008741378784,0.3479814052581787,0.6437508900960286,0.9883331656455994,0.47806410789489745,1.0,0.1829601675271988,0.3325356960296631,1.0,0.15913642942905426,0.44261474609375,1.0,0.002022765576839447,0.3486265420913696,1.0,0.0017496837535873055
squat,0.4146256446838379,0.0,0.0065088593401014805,0.421519136428833,0.0,0.0009032341768033803,0.40173907279968263,0.0,0.0006590475095435977,0.4455835819244385,0.0,0.0040513393469154835,0.382731294631958,0.0,0.002115198178216815,0.5598361492156982,0.003434308369954427,0.5918341875076294,0.3152614593505859,0.045015207926432294,0.4586045444011688,0.7135493755340576,0.2203619162241618,0.966335654258728,0.29322826862335205,0.3270427703857422,0.9356703162193298,0.802327823638916,0.4999664306640625,0.9559532403945923,0.20893478393554688,0.6065556208292643,0.9208701848983765,0.5070785522460938,0.6404105504353841,0.9915928840637207,0.34787783622741697,0.6460947672526042,0.9894548654556274,0.49877586364746096,1.0,0.18722912669181824,0.32632908821105955,1.0,0.1683673858642578,0.4819818019866943,1.0,0.001960674999281764,0.33317017555236816,1.0,0.0017446787096560001
squat,0.4305715084075928,0.0,0.010070763528347015,0.4368246555328369,0.0,0.0012281874660402536,0.4172863483428955,0.0,0.001181277446448803,0.45406274795532225,0.0,0.003585370257496834,0.39111459255218506,0.0,0.003495205892249942,0.5568397521972657,0.009245363871256511,0.6355045437812805,0.31424875259399415,0.04628318150838216,0.4984385371208191,0.7042336463928223,0.2252843221028646,0.9684731960296631,0.2827130317687988,0.3260859171549479,0.9330571889877319,0.7997329711914063,0.4991832097371419,0.9580766558647156,0.2048926830291748,0.5994040807088216,0.9221627116203308,0.5043286800384521,0.6322511037190756,0.9916159510612488,0.3477954387664795,0.6393527348836263,0.9888893365859985,0.4975564956665039,1.0,0.22012317180633545,0.33267841339111326,1.0,0.1865440458059311,0.48035593032836915,1.0,0.0026402713265269995,0.3402878284454346,1.0,0.002189631573855877
squat,0.4218898773193359,0.0,0.019718842580914497,0.430465841293335,0.0,0.002598059829324484,0.4048513412475586,0.0,0.0024609810207039118,0.4525125026702881,0.0,0.005854271352291107,0.37531509399414065,0.0,0.005197995807975531,0.5515702247619629,0.015570799509684244,0.7051748633384705,0.3068432331085205,0.054950745900472005,0.5972391366958618,0.6895644664764404,0.22769506772359213,0.9700447916984558,0.2757672071456909,0.32814594904581706,0.9437649846076965,0.790275764465332,0.48721834818522136,0.9602376222610474,0.20163912773132325,0.593349011739095,0.9335067272186279,0.5083670139312744,0.6203144073486329,0.9933241009712219,0.34959993362426756,0.6303123474121094,0.9916700124740601,0.5055549621582032,1.0,0.28995540738105774,0.3340728282928467,1.0,0.26019299030303955,0.492825984954834,1.0,0.003850235603749752,0.3405205011367798,1.0,0.0033346700947731733
squat,0.4244678020477295,0.00039288202921549477,0.041368547827005386,0.4347238063812256,0.0,0.005647753830999136,0.4069669246673584,0.0,0.0058123222552239895,0.45760087966918944,0.0,0.008760211057960987,0.375494647026062,0.0,0.008981688879430294,0.5531530380249023,0.021965821584065754,0.7625836730003357,0.3035175323486328,0.059857686360677086,0.6886815428733826,0.6872069358825683,0.2361752986907959,0.9700007438659668,0.26550660133361814,0.3332762400309245,0.9494056105613708,0.7781318664550781,0.4791799227396647,0.9620179533958435,0.19537224769592285,0.5957152048746744,0.9417769908905029,0.5155544757843018,0.6187637329101563,0.9935552477836609,0.35493347644805906,0.6316300710042317,0.9923231601715088,0.5212520122528076,1.0,0.33646824955940247,0.34950766563415525,1.0,0.3142789602279663,0.5126469135284424,1.0,0.0049491082318127155,0.3648103952407837,1.0,0.004419207107275724
squat,0.42478256225585936,0.0,0.03662499040365219,0.435426139831543,0.0,0.004805810283869505,0.4077096462249756,0.0,0.005372015293687582,0.4584198951721191,0.0,0.008082100190222263,0.376983118057251,0.0,0.009280864149332047,0.5488815307617188,0.031577746073404946,0.7361372113227844,0.3046259880065918,0.06524267196655273,0.7173624634742737,0.6730583667755127,0.23960803349812826,0.9672466516494751,0.25473175048828123,0.3292214075724284,0.9591234922409058,0.7697016716003418,0.46415224075317385,0.961595892906189,0.18150758743286133,0.5869525273640951,0.953743577003479,0.5184679508209229,0.6058902104695638,0.9945099353790283,0.361261248588562,0.619212786356608,0.9942876696586609,0.5241857528686523,1.0,0.42491573095321655,0.3514382362365723,1.0,0.4294893443584442,0.5183855056762695,1.0,0.007260158658027649,0.36085095405578616,1.0,0.007020486053079367
squat,0.42711753845214845,0.0,0.03757903352379799,0.43787155151367185,0.0,0.004794830456376076,0.4111833095550537,0.0,0.005715144798159599,0.46083879470825195,0.0,0.008503085933625698,0.3826864957809448,0.0,0.010261815041303635,0.5492997169494629,0.03608490626017253,0.7405736446380615,0.3071304798126221,0.06817455291748047,0.753659725189209,0.6691259384155274,0.23177083333333334,0.9683763980865479,0.250628662109375,0.32469056447347006,0.9666646122932434,0.7694245338439941,0.43373225529988607,0.9615333080291748,0.17390382289886475,0.57855224609375,0.9590969085693359,0.5182510375976562,0.6015843709309896,0.9953008890151978,0.36096577644348143,0.6144297281901042,0.9954556226730347,0.5311022281646729,1.0,0.4658132791519165,0.34575767517089845,1.0,0.4869813323020935,0.537324857711792,1.0,0.008658991195261478,0.35559654235839844,1.0,0.008762998506426811
squat,0.4306932926177979,0.0015708287556966147,0.08528247475624084,0.4411480903625488,0.0,0.011374222114682198,0.4143338680267334,0.0,0.01484582107514143,0.4619443893432617,0.0,0.014237422496080399,0.38462653160095217,0.0,0.02097519487142563,0.5490562438964843,0.040472825368245445,0.8268623948097229,0.30809907913208007,0.07431462605794271,0.8398343920707703,0.6686295509338379,0.22509169578552246,0.9704340100288391,0.24517409801483153,0.3241821606953939,0.9694579243659973,0.7653519630432128,0.4167208989461263,0.9605557322502136,0.16739506721496583,0.5695659637451171,0.9595651626586914,0.5168104648590088,0.5974459330240885,0.9953842759132385,0.3619982719421387,0.6103744506835938,0.9955691695213318,0.5253332138061524,0.9936768849690755,0.5103857517242432,0.3479565143585205,0.9865829467773437,0.5301334857940674,0.5314398765563965,1.0,0.011575725860893726,0.3618758678436279,1.0,0.011701995506882668
squat,0.44199981689453127,0.0035703341166178387,0.16650374233722687,0.45061287879943845,0.0,0.024576803669333458,0.42506585121154783,0.0,0.034660760313272476,0.4666020393371582,0.0,0.02018391713500023,0.39311881065368653,0.0,0.04088648036122322,0.5449231624603271,0.05913963317871094,0.8730975985527039,0.31534862518310547,0.08152341842651367,0.8918259143829346,0.6621996879577636,0.2424304962158203,0.9736788272857666,0.23924579620361328,0.31968905131022135,0.9710790514945984,0.7638602256774902,0.38745864232381183,0.9641655683517456,0.1575361967086792,0.5601577758789062,0.9630315899848938,0.5195754051208497,0.5927622477213542,0.9958252906799316,0.37364237308502196,0.6044525146484375,0.995851993560791,0.534226369857788,0.9725741068522136,0.6072933673858643,0.3682862758636475,0.9732021967569987,0.6238943934440613,0.5558605670928956,1.0,0.018553847447037697,0.38074259757995604,1.0,0.018568318337202072
squat,0.44214115142822263,0.0,0.1097612977027893,0.4494802474975586,0.0,0.01399112306535244,0.4250336170196533,0.0,0.021979238837957382,0.46402931213378906,0.0,0.014516595751047134,0.3933570384979248,0.0,0.03419993817806244,0.5423370838165283,0.06056826909383138,0.8488438725471497,0.31685614585876465,0.08695154190063477,0.8871986865997314,0.6581410884857177,0.23274739583333334,0.9717428684234619,0.23812105655670165,0.3186070442199707,0.9744161367416382,0.7585310935974121,0.361506716410319,0.9630093574523926,0.15420234203338623,0.541699473063151,0.9679206013679504,0.5189558506011963,0.5867462793986002,0.9964189529418945,0.37613649368286134,0.5999298095703125,0.9967275857925415,0.5317517280578613,0.9659103393554688,0.6700732111930847,0.3756378173828125,0.9684578577677408,0.7023454904556274,0.5519378185272217,1.0,0.023892497643828392,0.386997127532959,1.0,0.025122560560703278
squat,0.4447771072387695,0.0,0.11222371459007263,0.4551600456237793,0.0,0.017221732065081596,0.42983050346374513,0.0,0.0203076358884573,0.4753880977630615,0.0,0.024899272248148918,0.4055153846740723,0.0,0.030192183330655098,0.5510950088500977,0.07118606567382812,0.8518056869506836,0.3290839672088623,0.09547573725382487,0.9083040952682495,0.660489273071289,0.2240910053253174,0.9695221185684204,0.2396165370941162,0.30590775807698567,0.9776646494865417,0.7632168769836426,0.34397271474202473,0.9618216156959534,0.1504526376724243,0.4943017323811849,0.9714565277099609,0.5207958698272706,0.592388661702474,0.9965965151786804,0.38275249004364015,0.6035695393880208,0.9971994161605835,0.523554515838623,0.9751524607340495,0.6949974298477173,0.3852084159851074,0.9750662485758463,0.7479173541069031,0.5377342224121093,1.0,0.02507314272224903,0.4063851356506348,1.0,0.028835158795118332
squat,0.44604153633117677,0.0,0.08170939236879349,0.4581873416900635,0.0,0.010594118386507034,0.4324796199798584,0.0,0.01568973995745182,0.4827322483062744,0.0,0.01965685933828354,0.41239309310913086,0.0,0.027153922244906425,0.5604718208312989,0.07089611689249674,0.8029416799545288,0.3381934404373169,0.1007367451985677,0.9195829033851624,0.6663012504577637,0.19080095291137694,0.9586755037307739,0.2430105209350586,0.2995469411214193,0.9854135513305664,0.7643208026885986,0.28813877105712893,0.9505964517593384,0.14488041400909424,0.47568559646606445,0.9789254665374756,0.5281752109527588,0.5884265899658203,0.9966487288475037,0.3885066509246826,0.5988263448079427,0.9979841709136963,0.5243425369262695,0.964847183227539,0.7026848793029785,0.37680792808532715,0.9587229410807292,0.80241459608078,0.528780746459961,1.0,0.02702835574746132,0.39362077713012694,1.0,0.036965396255254745
squat,0.4530168533325195,0.0,0.06665510684251785,0.4632598400115967,0.0,0.007746023591607809,0.4409134864807129,0.0,0.012957591563463211,0.4831409454345703,0.0,0.015357335098087788,0.4212610721588135,0.0,0.02641218714416027,0.5609441280364991,0.07006568908691406,0.7905962467193604,0.3441626071929932,0.10090824762980143,0.9155443906784058,0.667973804473877,0.1796765963236491,0.9580200910568237,0.24881422519683838,0.2914268493652344,0.9854561686515808,0.7566050529479981,0.2644384225209554,0.9504269361495972,0.14830543994903564,0.45015993118286135,0.9795675277709961,0.5265338897705079,0.5854744593302409,0.9967453479766846,0.39156925678253174,0.5952374776204427,0.9980523586273193,0.5193903923034668,0.954076639811198,0.7414257526397705,0.3819265842437744,0.9464274088541667,0.83097904920578,0.523912000656128,1.0,0.03415411710739136,0.4000711441040039,1.0,0.046323228627443314
squat,0.45494704246520995,0.0010719617207845052,0.06678899377584457,0.4648265361785889,0.0,0.008000068366527557,0.44313535690307615,0.0,0.013644469901919365,0.4853523731231689,0.0,0.016520008444786072,0.42565240859985354,0.0,0.02778647467494011,0.565399169921875,0.07410001754760742,0.7671586275100708,0.3494107723236084,0.10488348007202149,0.9185035228729248,0.6695452690124511,0.17403821945190429,0.94968181848526,0.25026769638061525,0.2821831703186035,0.9859748482704163,0.7490181922912598,0.24877893129984538,0.9426379799842834,0.15146465301513673,0.42679068247477214,0.9801662564277649,0.5313645362854004,0.5837175369262695,0.9960522055625916,0.3969282150268555,0.5928735097249349,0.9978476762771606,0.5230775356292725,0.9450206120808919,0.7143363356590271,0.387130880355835,0.9362342834472657,0.8245840072631836,0.5284254074096679,1.0,0.031402088701725006,0.40659570693969727,1.0,0.04535229131579399
squat,0.4517540454864502,0.019730599721272786,0.07054658979177475,0.46324796676635743,0.0,0.010110052302479744,0.442577600479126,0.0,0.016115617007017136,0.49447879791259763,0.0,0.0221385657787323,0.4368922710418701,0.0,0.025669598951935768,0.5743842124938965,0.08145437240600586,0.643732488155365,0.37136962413787844,0.1093780517578125,0.9244886040687561,0.6668202400207519,0.16870226860046386,0.8824573755264282,0.26067187786102297,0.26372162501017254,0.9865222573280334,0.7392628192901611,0.20787795384724936,0.8851978778839111,0.15348474979400634,0.3837206522623698,0.9777708649635315,0.5395480632781983,0.5786526997884115,0.9951637983322144,0.41409053802490237,0.5862520853678386,0.9981912970542908,0.5245646953582763,0.9436107635498047,0.7139518857002258,0.405945873260498,0.9382096608479817,0.8748487830162048,0.527515172958374,1.0,0.04236477240920067,0.4252889633178711,1.0,0.07921093702316284
squat,0.46807398796081545,0.014719041188557942,0.08823525905609131,0.477374792098999,0.0,0.010295125655829906,0.45452466011047366,0.0,0.025269506499171257,0.5007059097290039,0.0,0.01661139540374279,0.43929805755615237,0.0,0.04088588058948517,0.5830229759216309,0.08663209279378255,0.6418973207473755,0.37501277923583987,0.11651398340861002,0.9371598958969116,0.6842747688293457,0.15850083033243814,0.8813527822494507,0.2702061653137207,0.25128014882405597,0.9898428320884705,0.7397263526916504,0.17822672526041666,0.8931035399436951,0.16248152256011963,0.356958262125651,0.9847431182861328,0.5467402458190918,0.5682867050170899,0.9959083795547485,0.41675496101379395,0.5748387654622396,0.9986346364021301,0.5291857719421387,0.9207539876302083,0.8299606442451477,0.39418797492980956,0.9202398935953776,0.9386617541313171,0.5307780742645264,1.0,0.0814971774816513,0.3947877883911133,1.0,0.1534768044948578
squat,0.4807145595550537,0.014627329508463542,0.06527964025735855,0.492109489440918,0.0,0.009517805650830269,0.4699559688568115,0.0,0.01365646906197071,0.5172622680664063,0.0,0.020642057061195374,0.4570821762084961,0.0,0.02188957668840885,0.590322732925415,0.09723679224650066,0.6621608734130859,0.39016697406768797,0.11485834121704101,0.9053391218185425,0.6812319755554199,0.16033713022867838,0.9189873933792114,0.279948091506958,0.2311019738515218,0.9849647879600525,0.7388541221618652,0.18463420867919922,0.9264538884162903,0.17453036308288575,0.32509326934814453,0.9813246130943298,0.5548905372619629,0.5760037104288737,0.9961147308349609,0.42979254722595217,0.5783525466918945,0.9982445240020752,0.5344936847686768,0.9329118728637695,0.8188809752464294,0.4068004131317139,0.9283162434895833,0.9123348593711853,0.5290386199951171,1.0,0.06718332320451736,0.4075905799865723,1.0,0.10797504335641861
squat,0.48120923042297364,0.0012041409810384116,0.049324195832014084,0.4965211391448975,0.0,0.009222771972417831,0.47002253532409666,0.0,0.010501144453883171,0.5299496173858642,0.0,0.02620156854391098,0.4587393760681152,0.0,0.01583942025899887,0.6006562232971191,0.1018064816792806,0.6152494549751282,0.404247522354126,0.12371349334716797,0.8571679592132568,0.6888434410095214,0.15300936698913575,0.8751860857009888,0.30492124557495115,0.22093993822733562,0.9714435338973999,0.7420044898986816,0.1852381388346354,0.8818631768226624,0.19186487197875976,0.2795495669047038,0.9640083909034729,0.5674233436584473,0.5631021499633789,0.9961000680923462,0.44527511596679686,0.5666964213053386,0.998113751411438,0.5414001941680908,0.9092191696166992,0.8578604459762573,0.4297929286956787,0.9039435068766276,0.9281966686248779,0.5249076366424561,1.0,0.12133931368589401,0.44677305221557617,1.0,0.18358954787254333
squat,0.49018082618713377,0.0,0.050352539867162704,0.5049006938934326,0.0,0.008638344705104828,0.4775259494781494,0.0,0.01135496236383915,0.5368219375610351,0.0,0.0223783440887928,0.46404342651367186,0.0,0.017996015027165413,0.6048951148986816,0.1009306271870931,0.5934337973594666,0.40981693267822267,0.12088982264200847,0.8682367205619812,0.6849253177642822,0.15588084856669107,0.8775038719177246,0.31088104248046877,0.21295231183369953,0.9771314263343811,0.7358524322509765,0.18059550921122233,0.8903092741966248,0.20553288459777833,0.2598643620808919,0.9717366695404053,0.5754142761230469,0.5609018961588542,0.9962825179100037,0.4519397735595703,0.5652272542317708,0.9983377456665039,0.5549310684204102,0.9141269048055013,0.8471255898475647,0.43337178230285645,0.9119141896565756,0.9270330667495728,0.5433597087860107,1.0,0.10188833624124527,0.4430243492126465,1.0,0.16104011237621307
squat,0.493267822265625,0.0,0.057194486260414124,0.5068948268890381,0.0,0.010973991826176643,0.47852864265441897,0.0,0.01288820244371891,0.5380839824676513,0.0,0.027775388211011887,0.4644476413726807,0.003043874104817708,0.018771059811115265,0.6075192451477051,0.10590693155924479,0.6184203028678894,0.41403703689575194,0.12701638539632162,0.8511534333229065,0.685513973236084,0.15440115928649903,0.885838508605957,0.3174318313598633,0.2065489133199056,0.9715599417686462,0.7357702255249023,0.17650254567464194,0.8929228186607361,0.2200148344039917,0.24848610560099285,0.9656224846839905,0.5745506286621094,0.5630021413167318,0.995890736579895,0.4501227378845215,0.5671128590901693,0.9979192614555359,0.5591541290283203,0.9051255544026693,0.8270701766014099,0.42927236557006837,0.9002607981363933,0.9067746996879578,0.5503920555114746,1.0,0.09325999021530151,0.43116025924682616,1.0,0.13831663131713867
squat,0.49303555488586426,0.0,0.11328860372304916,0.5075135707855225,0.0,0.026186158880591393,0.47891950607299805,0.0,0.02105005830526352,0.5420647144317627,0.0,0.052261337637901306,0.4679328441619873,0.0,0.019024629145860672,0.6119193077087403,0.10489947001139323,0.7157431840896606,0.41583786010742185,0.11973934173583985,0.8823256492614746,0.6911920547485352,0.16044591267903646,0.9233072400093079,0.3126769304275513,0.19549830754597983,0.9742211103439331,0.7380985260009766,0.15684417088826497,0.9302923679351807,0.21516568660736085,0.236297607421875,0.9703161120414734,0.5694070339202881,0.5610867818196614,0.9958380460739136,0.44239516258239747,0.562580935160319,0.9976020455360413,0.5622840881347656,0.8975655873616536,0.8648943901062012,0.42063703536987307,0.8977861404418945,0.9234016537666321,0.562238073348999,1.0,0.11331698298454285,0.41530165672302244,1.0,0.1607688069343567
squat,0.49486942291259767,0.0,0.09023021906614304,0.5099856376647949,0.0,0.019484596326947212,0.476885461807251,0.0,0.025763647630810738,0.543400239944458,0.0,0.033216334879398346,0.45946645736694336,0.002715460459391276,0.026152387261390686,0.6079797267913818,0.10810718536376954,0.5465097427368164,0.4164738178253174,0.12876466115315754,0.8467934727668762,0.679506492614746,0.15550007820129394,0.8067574501037598,0.30912754535675047,0.19624462127685546,0.9635834693908691,0.726113748550415,0.16208918889363608,0.823296308517456,0.19793858528137206,0.22520003318786622,0.9543129205703735,0.5764962196350097,0.5583616256713867,0.9946672916412354,0.4525020599365234,0.5632078806559245,0.9976577758789062,0.5602425575256348,0.8981409072875977,0.8461319208145142,0.42637939453125,0.9013056437174479,0.9272805452346802,0.5490424156188964,1.0,0.13722974061965942,0.4166262149810791,1.0,0.2116681933403015
squat,0.4905697822570801,0.0,0.1682533174753189,0.507636833190918,0.0,0.04335284233093262,0.47449502944946287,0.0,0.035628270357847214,0.5458337783813476,0.0,0.06822466850280762,0.4614523410797119,0.0,0.02448485791683197,0.6102005004882812,0.11459480921427409,0.7023448944091797,0.414030122756958,0.12442913055419921,0.9013848900794983,0.6778826713562012,0.17231206893920897,0.901225209236145,0.2998566865921021,0.17736689249674478,0.9756150841712952,0.7162688732147217,0.15775826772054036,0.9100873470306396,0.19066953659057617,0.177325439453125,0.9689657688140869,0.5697331428527832,0.5695061365763346,0.9950490593910217,0.4412875175476074,0.5701402028401693,0.997497022151947,0.5622354984283447,0.9102020899454752,0.8427852988243103,0.41601786613464353,0.9120730082194011,0.918009340763092,0.5562890052795411,1.0,0.10439709573984146,0.40624704360961916,1.0,0.15835784375667572
squat,0.48696022033691405,0.0,0.22609882056713104,0.5056000232696534,0.0,0.06521013379096985,0.472996187210083,0.0,0.046593278646469116,0.5432158946990967,0.0,0.09590575098991394,0.46034798622131345,0.0,0.028177667409181595,0.6039572715759277,0.11922391255696614,0.7924597263336182,0.4097593784332275,0.12579094568888347,0.9146970510482788,0.672655439376831,0.16740166346232097,0.9317927956581116,0.3070082664489746,0.1808927853902181,0.975333571434021,0.7116460800170898,0.1508716583251953,0.9303273558616638,0.2038560152053833,0.17743390401204426,0.9680899977684021,0.5653523445129395,0.575214958190918,0.9959814548492432,0.43775391578674316,0.5738496780395508,0.9976004958152771,0.5653191566467285,0.9144725163777669,0.8520463109016418,0.4126840114593506,0.9085575103759765,0.9116025567054749,0.5576027393341064,1.0,0.10594232380390167,0.40670099258422854,1.0,0.1479678601026535
squat,0.4778412342071533,0.0,0.23759682476520538,0.4982869625091553,0.0,0.08701853454113007,0.46532745361328126,0.0,0.04426543414592743,0.537997055053711,0.0,0.13562871515750885,0.4539051055908203,0.0,0.022175023332238197,0.5979414463043213,0.12769784927368164,0.8227242231369019,0.40419516563415525,0.1319554646809896,0.8796870708465576,0.6747671604156494,0.16004002888997396,0.9381065368652344,0.30548572540283203,0.1719644546508789,0.9559141993522644,0.7107821464538574,0.1389063835144043,0.9341463446617126,0.20202455520629883,0.16385269165039062,0.9498268961906433,0.5598889350891113,0.5659832000732422,0.9963316321372986,0.43410205841064453,0.5640847524007161,0.9971298575401306,0.5620069026947021,0.9086466471354167,0.8949927091598511,0.41477146148681643,0.9065252939860026,0.9228447675704956,0.551574993133545,1.0,0.15735463798046112,0.4139608383178711,1.0,0.1898455023765564
squat,0.47253003120422366,0.0,0.24614442884922028,0.4929963111877441,0.0,0.0907730683684349,0.45569624900817873,0.0,0.05923416465520859,0.529224443435669,0.0006230990091959635,0.11193745583295822,0.4372748851776123,0.0017594019571940103,0.03356596827507019,0.5775755405426025,0.1323846181233724,0.7911144495010376,0.3908945798873901,0.1343321482340495,0.8584332466125488,0.6449386596679687,0.16853572527567545,0.9114246964454651,0.289487886428833,0.1768940766652425,0.9364326596260071,0.7001347064971923,0.14390618006388348,0.9081782102584839,0.1970907688140869,0.16897679964701334,0.9349868893623352,0.5481990814208985,0.558743413289388,0.9958261251449585,0.428484582901001,0.5607563018798828,0.9967160224914551,0.5465513229370117,0.9013605753580729,0.8843374252319336,0.4203226089477539,0.9085901896158854,0.9126354455947876,0.5373547077178955,1.0,0.16701292991638184,0.4214962959289551,1.0,0.19486045837402344
squat,0.46979756355285646,0.0,0.22688616812229156,0.4899435043334961,0.0,0.06843975186347961,0.4518852233886719,0.0,0.06735853850841522,0.5196681499481202,0.004844792683919271,0.0752217024564743,0.42655177116394044,0.0,0.050653815269470215,0.5641980648040772,0.13641688028971355,0.7746385931968689,0.37585930824279784,0.13249486287434895,0.8713073134422302,0.6346628189086914,0.16690138181050618,0.8914114832878113,0.2850321292877197,0.16810811360677083,0.940248429775238,0.6900138854980469,0.14573326110839843,0.8880012631416321,0.19880301952362062,0.16482431093851727,0.9371374845504761,0.539012336730957,0.5525367736816407,0.9962133765220642,0.42017149925231934,0.5528579076131185,0.9972955584526062,0.5337563991546631,0.8850769678751628,0.9216319918632507,0.4155776023864746,0.8867364247639974,0.946186363697052,0.5214350700378418,1.0,0.27641788125038147,0.42633743286132814,1.0,0.3285631537437439
squat,0.45752792358398436,0.0,0.20236743986606598,0.47880988121032714,0.0,0.056839969009160995,0.4392949104309082,0.0,0.05572257190942764,0.5092575073242187,0.009383233388264973,0.06702490895986557,0.41279211044311526,0.0003208160400390625,0.04335838183760643,0.5503233909606934,0.140321683883667,0.7760915160179138,0.36680011749267577,0.1324676513671875,0.8655199408531189,0.6165495872497558,0.17157796223958333,0.9090909957885742,0.2861846923828125,0.16661567687988282,0.947479248046875,0.6752200603485108,0.15386193593343098,0.9044555425643921,0.19234733581542968,0.17020076115926105,0.9449247121810913,0.532979679107666,0.563403828938802,0.9964262843132019,0.41482090950012207,0.5620680491129557,0.9974061846733093,0.5344653606414795,0.904089609781901,0.899193525314331,0.4104262351989746,0.8989888509114583,0.9283519983291626,0.5276546478271484,1.0,0.2019420713186264,0.42147603034973147,1.0,0.2424692064523697
squat,0.45346965789794924,0.0,0.22324565052986145,0.4755069732666016,0.0,0.06260862946510315,0.43401393890380857,0.0,0.06442148983478546,0.507151985168457,0.011719290415445964,0.06791703402996063,0.4066330432891846,0.004331016540527343,0.04867449775338173,0.5451389789581299,0.1450356642405192,0.7812763452529907,0.36221818923950194,0.1406955083211263,0.8740341067314148,0.6072700977325439,0.1726521333058675,0.9097286462783813,0.28334341049194334,0.17619994481404622,0.9506371021270752,0.6696691989898682,0.1564467430114746,0.9069302678108215,0.19726154804229737,0.17704003651936848,0.9491568207740784,0.528750228881836,0.5668591817220052,0.9965904951095581,0.4100473880767822,0.5683347066243489,0.9975705742835999,0.5353522300720215,0.9041182835896809,0.9006277322769165,0.4083709716796875,0.904098637898763,0.9307409524917603,0.5302822113037109,1.0,0.20899520814418793,0.4191248416900635,1.0,0.2517548203468323
squat,0.45081448554992676,0.0,0.2130942940711975,0.47156715393066406,0.0,0.05138983950018883,0.42908005714416503,0.0,0.06375975161790848,0.5014349460601807,0.009125582377115886,0.050783541053533554,0.397951078414917,0.006651782989501953,0.050320811569690704,0.5413788795471192,0.142149289449056,0.7660557627677917,0.35576326847076417,0.13807964324951172,0.8798670172691345,0.6042246341705322,0.17389192581176757,0.9101484417915344,0.26937041282653806,0.16713932355244954,0.9593752026557922,0.6711520671844482,0.15492448806762696,0.9070088863372803,0.1617070198059082,0.16654057502746583,0.9568114280700684,0.5277482032775879,0.5649729410807292,0.9966943264007568,0.4063222408294678,0.5663246154785156,0.9978266358375549,0.5370349884033203,0.8969946543375651,0.9004116654396057,0.40020928382873533,0.8948558807373047,0.9340634346008301,0.5376617431640625,1.0,0.20519345998764038,0.40370960235595704,1.0,0.25439873337745667
squat,0.4454221725463867,0.0,0.16405759751796722,0.4662050724029541,0.0,0.039267946034669876,0.4253696441650391,0.0,0.04311927780508995,0.4974644660949707,0.009676869710286458,0.04968566820025444,0.3978100299835205,0.007086817423502604,0.036659277975559235,0.5415795326232911,0.14020748138427735,0.761969804763794,0.3547560930252075,0.13995652198791503,0.8631367683410645,0.6071738243103028,0.16708822250366212,0.9211915731430054,0.28090105056762693,0.17277283668518068,0.9601003527641296,0.6731420516967773,0.15063451131184896,0.9164183139801025,0.18006422519683837,0.16876505215962728,0.956419050693512,0.5233016014099121,0.5649632771809896,0.9972942471504211,0.3997363567352295,0.5659640630086263,0.998124897480011,0.5357487678527832,0.9030693689982097,0.908627986907959,0.38743636608123777,0.8971028645833333,0.9377245306968689,0.5398373603820801,1.0,0.2063487470149994,0.3916367530822754,1.0,0.25181958079338074
squat,0.44580492973327634,0.0,0.4785935580730438,0.46718711853027345,0.0,0.1716187596321106,0.4288278102874756,0.0,0.13945622742176056,0.4966477394104004,0.011394532521565755,0.1472606062889099,0.4040553092956543,0.001158459981282552,0.06999212503433228,0.5407890796661377,0.15057621002197266,0.9174450039863586,0.3555609941482544,0.1430872917175293,0.9471401572227478,0.6228862285614014,0.1741527239481608,0.9674618244171143,0.27894272804260256,0.16556873321533203,0.9766703248023987,0.694534158706665,0.16629797617594402,0.9592602252960205,0.1706244468688965,0.1617937405904134,0.97027987241745,0.5142657279968261,0.5828943888346354,0.9981461763381958,0.39181516170501707,0.5793290456136068,0.9984884262084961,0.5330705642700195,0.9125595092773438,0.9305533170700073,0.37286944389343263,0.9029349009195964,0.947904109954834,0.5365976810455322,1.0,0.22871144115924835,0.36844468116760254,1.0,0.26596906781196594
squat,0.4415610313415527,0.038818613688151045,0.8804271817207336,0.46239099502563474,0.019681135813395183,0.6477095484733582,0.42592487335205076,0.013936901092529297,0.637355387210846,0.48821392059326174,0.052280267079671226,0.37393060326576233,0.4021336555480957,0.03869419097900391,0.2751486301422119,0.5299813747406006,0.1970860163370768,0.9662342667579651,0.3551939010620117,0.18473052978515625,0.9776955246925354,0.6185392379760742,0.22622035344441732,0.9627081155776978,0.28072366714477537,0.21669206619262696,0.9735097289085388,0.6978935718536377,0.19745953877766928,0.9363638758659363,0.16577420234680176,0.21658976872762045,0.9546964168548584,0.5085554122924805,0.6067571640014648,0.9976081848144531,0.39229612350463866,0.6002604802449544,0.9980283379554749,0.5348989963531494,0.9097585042317708,0.9222494959831238,0.3588013887405396,0.8910230000813802,0.9404549598693848,0.5634216785430908,1.0,0.2759752869606018,0.35684516429901125,1.0,0.3159017860889435
squat,0.4410679817199707,0.10242242813110351,0.984453022480011,0.46291117668151854,0.08098303476969401,0.9627096652984619,0.42440109252929686,0.07566108703613281,0.9490467309951782,0.488889217376709,0.1040262222290039,0.7635035514831543,0.40000152587890625,0.09221903483072917,0.581383228302002,0.5293671607971191,0.24094241460164387,0.9857467412948608,0.3532045602798462,0.2337334632873535,0.9832921624183655,0.6183149814605713,0.25740828514099123,0.9555520415306091,0.2692594051361084,0.2513027985890706,0.9364223480224609,0.7016510009765625,0.24101184209187826,0.8894230127334595,0.15685670375823973,0.22732162475585938,0.8697469830513,0.5039623260498047,0.6419920603434245,0.9954349398612976,0.3848206281661987,0.6363976796468099,0.994865357875824,0.546512222290039,0.917620849609375,0.8631470203399658,0.33975820541381835,0.8884078979492187,0.8583238124847412,0.591337251663208,1.0,0.2500174939632416,0.3379617691040039,0.984921646118164,0.24728040397167206
squat,0.4371945858001709,0.17874011993408204,0.9902961850166321,0.45813651084899903,0.15422722498575847,0.9854753017425537,0.4212679386138916,0.1529375394185384,0.9667953848838806,0.4894857406616211,0.16376791000366211,0.8827594518661499,0.4043103218078613,0.15875733693440755,0.5714899897575378,0.5307445526123047,0.293417231241862,0.9896659851074219,0.36090717315673826,0.2806616147359212,0.9672693014144897,0.6022606372833252,0.3346736272176107,0.9549287557601929,0.2863795042037964,0.3081205368041992,0.8244155645370483,0.6798646926879883,0.326646614074707,0.8591633439064026,0.25233867168426516,0.3007166544596354,0.6863582730293274,0.501613187789917,0.6801700592041016,0.9939180612564087,0.3842808485031128,0.675219472249349,0.9893146753311157,0.5468402862548828,0.941736348470052,0.8674598336219788,0.33533763885498047,0.9160023371378581,0.8034854531288147,0.5993014812469483,1.0,0.31657400727272034,0.33139662742614745,1.0,0.25462085008621216
squat,0.4407825946807861,0.2486602783203125,0.9934096336364746,0.4618365287780762,0.22292613983154297,0.9780029654502869,0.42301650047302247,0.2202437400817871,0.9842623472213745,0.48866801261901854,0.2289491017659505,0.7318655252456665,0.3973280906677246,0.22223437627156575,0.783811092376709,0.5321745872497559,0.3559726079305013,0.9768834710121155,0.3526443958282471,0.34029022852579754,0.9916180968284607,0.6246652603149414,0.3927971839904785,0.8996880650520325,0.2668420076370239,0.3766091028849284,0.9660558700561523,0.6860496520996093,0.3417067527770996,0.8338158130645752,0.16714218854904175,0.3817461013793945,0.9257829189300537,0.5026104927062989,0.7472687403361002,0.9812059998512268,0.3788149356842041,0.7356226603190105,0.9880732893943787,0.5384090423583985,0.9657864252726237,0.5832633376121521,0.3231062889099121,0.9303806304931641,0.7056691646575928,0.5931392192840577,1.0,0.09414058923721313,0.3294626474380493,1.0,0.13135971128940582
squat,0.43942532539367674,0.3103778839111328,0.991018533706665,0.46013813018798827,0.2836548487345378,0.9709605574607849,0.4206944465637207,0.28338406880696615,0.9709721207618713,0.4892692565917969,0.29244105021158856,0.7846329212188721,0.3972374439239502,0.29093863169352213,0.7247024774551392,0.5280610084533691,0.4211633046468099,0.9897249937057495,0.35668697357177737,0.40688908894856773,0.9932979941368103,0.589409065246582,0.4710179011027018,0.9684494137763977,0.2845395565032959,0.444754155476888,0.9775030016899109,0.6777409553527832,0.46267999013264977,0.9325849413871765,0.1870281457901001,0.4604546864827474,0.948049008846283,0.5022214889526367,0.7998816808064778,0.9890376925468445,0.3820237636566162,0.789029312133789,0.9907354712486267,0.5421097278594971,1.0,0.4827546179294586,0.3203478574752808,0.9487118403116862,0.5195125937461853,0.6346676826477051,1.0,0.04182404279708862,0.3464802265167236,1.0,0.04740038514137268
squat,0.43727383613586424,0.3729007085164388,0.9951205849647522,0.46426167488098147,0.3432562510172526,0.9869800806045532,0.4184000015258789,0.3395884831746419,0.979830265045166,0.503132963180542,0.35185171763102213,0.8838859796524048,0.3960594654083252,0.3427267074584961,0.692521333694458,0.5336254119873047,0.4770252545674642,0.9928644895553589,0.36908371448516847,0.47126843134562174,0.9930275082588196,0.6024083614349365,0.49634927113850913,0.9745767712593079,0.300597095489502,0.5003612518310547,0.9728632569313049,0.6677817821502685,0.515642515818278,0.9568246603012085,0.22614789009094238,0.5259222030639649,0.9531984925270081,0.5081906318664551,0.8470957438151042,0.9837900996208191,0.3949414253234863,0.8397474924723307,0.984115481376648,0.5270839691162109,1.0,0.33434027433395386,0.33855476379394533,0.988957405090332,0.3295913338661194,0.5817555904388427,1.0,0.023049630224704742,0.364853572845459,1.0,0.023137863725423813
squat,0.4396974563598633,0.4172429084777832,0.995840847492218,0.468449068069458,0.388163693745931,0.9879883527755737,0.4204559803009033,0.3843191146850586,0.9860734939575195,0.5053954124450684,0.4017160415649414,0.8831492066383362,0.3946054220199585,0.39011802673339846,0.7618563175201416,0.5359513759613037,0.5144001007080078,0.9924359917640686,0.3652500152587891,0.5141918182373046,0.9947407841682434,0.6121352195739747,0.541473388671875,0.9764537811279297,0.3080648422241211,0.5505335489908855,0.9831417798995972,0.6767479419708252,0.583685557047526,0.9464123249053955,0.23583588600158692,0.5763750076293945,0.9567559957504272,0.5251253604888916,0.8660391489664714,0.9845592379570007,0.39755222797393797,0.8628742218017578,0.9867729544639587,0.5766555786132812,0.9962362289428711,0.37178152799606323,0.3012042284011841,0.9624439239501953,0.39980804920196533,0.6601884365081787,1.0,0.034111618995666504,0.31866605281829835,0.9665106455485026,0.036913760006427765
squat,0.4431817054748535,0.45417137145996095,0.9958745837211609,0.46832971572875975,0.42274519602457683,0.987453043460846,0.4205624103546143,0.4217852592468262,0.9862202405929565,0.5023987770080567,0.4304087003072103,0.8525761961936951,0.3902172327041626,0.4283840815226237,0.7756798267364502,0.5343679428100586,0.5500925699869792,0.9917646050453186,0.3611920833587646,0.5532340367635091,0.9931661486625671,0.6077447414398194,0.5832758585611979,0.9687640070915222,0.2832786083221436,0.5940437952677409,0.97206711769104,0.6735408306121826,0.6285273869832356,0.9427316188812256,0.19796974658966066,0.6395362854003906,0.9463257193565369,0.5132559776306153,0.8921362559000651,0.9689950942993164,0.39215946197509766,0.890438461303711,0.9711170196533203,0.5462063789367676,1.0,0.22535133361816406,0.326204252243042,0.9890944798787434,0.2246401160955429,0.6064733505249024,1.0,0.01767636276781559,0.34308652877807616,1.0,0.017641503363847733
squat,0.43961119651794434,0.47723731994628904,0.9968155026435852,0.46408901214599607,0.44733988444010414,0.9910370111465454,0.4205500602722168,0.44565582275390625,0.9860997796058655,0.4957707405090332,0.45748414993286135,0.8600921630859375,0.39231932163238525,0.4520367304484049,0.7032167315483093,0.5296494007110596,0.5819300333658854,0.9905115962028503,0.36285417079925536,0.5787361145019532,0.9928467869758606,0.6214736938476563,0.6273246765136719,0.9739856123924255,0.2660719156265259,0.6217223485310872,0.9739664196968079,0.6856211662292481,0.6543364842732747,0.9601134061813354,0.15584981441497803,0.670917002360026,0.9578875303268433,0.5242781639099121,0.9083005269368489,0.965829610824585,0.40176873207092284,0.9056905746459961,0.9673619866371155,0.5528432846069335,0.9915779113769532,0.3068104684352875,0.2968010902404785,0.9844891866048177,0.3102322220802307,0.627364206314087,1.0,0.0322989784181118,0.2952229976654053,1.0,0.03282288834452629
squat,0.4396860122680664,0.4826292673746745,0.9966198205947876,0.4638432502746582,0.45791536966959634,0.988092839717865,0.4221437931060791,0.45631643931070964,0.9907644987106323,0.4950264453887939,0.4702519734700521,0.8481622338294983,0.39499621391296386,0.4640047073364258,0.8229748606681824,0.5323308944702149,0.5697990417480469,0.990100085735321,0.3569499969482422,0.5762725830078125,0.9960403442382812,0.6214635848999024,0.6298651377360026,0.9675434827804565,0.260864782333374,0.6333915710449218,0.9882104396820068,0.6844869613647461,0.706501833597819,0.9222733974456787,0.15558209419250488,0.68271484375,0.9629076719284058,0.5262033462524414,0.9027798970540365,0.9728599190711975,0.39311721324920657,0.9055569330851237,0.9822242856025696,0.5887487411499024,0.977009646097819,0.32619547843933105,0.2826807975769043,0.9684705098470052,0.4094741940498352,0.6644349098205566,0.9817487080891927,0.03625794127583504,0.27959270477294923,0.9619790395100911,0.04467056319117546
squat,0.4417710781097412,0.48095649083455405,0.9971083998680115,0.4652134895324707,0.4516247431437174,0.991050124168396,0.42162461280822755,0.4522026697794596,0.9879092574119568,0.49625506401062014,0.46306177775065105,0.8449848294258118,0.39168448448181153,0.4618048350016276,0.7385011911392212,0.5322701454162597,0.5801671346028646,0.9907149076461792,0.3574007272720337,0.577707036336263,0.9937875270843506,0.6259711742401123,0.6412234624226888,0.977927565574646,0.250091552734375,0.6349789937337239,0.979466438293457,0.6954587936401367,0.6776204427083333,0.96303391456604,0.1507877826690674,0.7066963831583659,0.9643867015838623,0.5347533702850342,0.9021331787109375,0.966120183467865,0.4022406578063965,0.9030882517496744,0.9687802195549011,0.5806023597717285,0.969418716430664,0.33401644229888916,0.2912827253341675,0.9726133982340495,0.34352847933769226,0.670727014541626,0.9924602508544922,0.03666910529136658,0.28700454235076905,0.9941333770751953,0.03755735978484154
squat,0.44208483695983886,0.47075163523356117,0.9969184398651123,0.4654234886169434,0.44173997243245444,0.9913548827171326,0.42218928337097167,0.4420235951741536,0.986669659614563,0.4954784393310547,0.4546917597452799,0.8540935516357422,0.3921590566635132,0.45317036310831704,0.7192564010620117,0.5294216632843017,0.5743847529093424,0.9907006025314331,0.35840930938720705,0.575069808959961,0.9926086068153381,0.6169178485870361,0.6319156646728515,0.9757236242294312,0.24706273078918456,0.629038937886556,0.9718422293663025,0.6855016708374023,0.6662882486979167,0.960455060005188,0.13862257003784179,0.6942377090454102,0.9544676542282104,0.5318458080291748,0.8864679972330729,0.9642063975334167,0.4057569980621338,0.8894675572713217,0.9642911553382874,0.5630749702453614,0.9689767837524415,0.3126595914363861,0.29811646938323977,0.977365239461263,0.3005811870098114,0.6459948539733886,1.0,0.03133733943104744,0.2963555335998535,1.0,0.030097177252173424
squat,0.44086995124816897,0.46527188618977866,0.996749758720398,0.4649470329284668,0.4366720199584961,0.991183876991272,0.4218940258026123,0.4364390691121419,0.9851073622703552,0.49500465393066406,0.4499804178873698,0.8659941554069519,0.3927342414855957,0.4467544237772624,0.6999552249908447,0.5276395797729492,0.568025779724121,0.991532027721405,0.3582921504974365,0.5688499450683594,0.9925968647003174,0.6116028785705566,0.6215585708618164,0.9787728786468506,0.25375335216522216,0.617992909749349,0.9713311195373535,0.6756499290466309,0.6543880462646484,0.9652454853057861,0.1448990821838379,0.6722380320231119,0.9550870656967163,0.5310754299163818,0.8828819910685222,0.9686907529830933,0.4063891410827637,0.8856946309407552,0.9671745896339417,0.5611804008483887,0.960743776957194,0.36809295415878296,0.29967939853668213,0.9664553960164388,0.34231698513031006,0.6518028259277344,1.0,0.040574923157691956,0.31067538261413574,1.0,0.03792809695005417
squat,0.4411784648895264,0.4639970143636068,0.9968679547309875,0.46500339508056643,0.435193125406901,0.991473913192749,0.4216519832611084,0.43497142791748045,0.9862508773803711,0.49562087059021,0.4493935267130534,0.8630857467651367,0.3926891088485718,0.4465537389119466,0.7222882509231567,0.5278228759765625,0.5688411712646484,0.990613579750061,0.35541343688964844,0.5708346684773763,0.9931808710098267,0.6079391479492188,0.6218737284342448,0.9760947227478027,0.2368955135345459,0.6238058725992839,0.9741616249084473,0.6694880485534668,0.6467554728190105,0.9627436995506287,0.14438986778259277,0.6613135019938151,0.9608586430549622,0.5330260753631592,0.8846410751342774,0.9679846167564392,0.40560030937194824,0.8897125244140625,0.9691027998924255,0.5680674552917481,0.9615913391113281,0.35359689593315125,0.29956176280975344,0.9749530156453451,0.34863385558128357,0.6431233406066894,1.0,0.037624914199113846,0.296660041809082,1.0,0.03683910146355629
squat,0.44172353744506837,0.46319185892740883,0.9968329071998596,0.4655290603637695,0.4347093900044759,0.9914234280586243,0.42191758155822756,0.4343784014383952,0.9857532382011414,0.4961255073547363,0.449979305267334,0.8590586185455322,0.3928490161895752,0.44663575490315754,0.7089993357658386,0.5270498752593994,0.5707802454630534,0.9903368949890137,0.3578957557678223,0.5689759572347005,0.9924471378326416,0.6057296752929687,0.6189978917439779,0.9767057299613953,0.24186322689056397,0.6162572860717773,0.9724717140197754,0.6714084625244141,0.6281176884969075,0.9641889929771423,0.15440835952758789,0.6470343271891276,0.9597272276878357,0.5331422805786132,0.8917553583780925,0.9644836187362671,0.4072264671325684,0.8946571985880534,0.9645676016807556,0.5608378410339355,0.9670967102050781,0.31100010871887207,0.2955937385559082,0.9765180587768555,0.2971292734146118,0.6372604370117188,1.0,0.030387816950678825,0.2925952672958374,1.0,0.028835700824856758
squat,0.4427181720733643,0.4471411387125651,0.9967701435089111,0.46668734550476076,0.42010294596354164,0.9898234009742737,0.42375912666320803,0.41869583129882815,0.9869879484176636,0.4957773208618164,0.43481836318969724,0.8537092804908752,0.39496598243713377,0.42929973602294924,0.7477043867111206,0.5291809558868408,0.5563798904418945,0.9914597272872925,0.3605887174606323,0.5467079162597657,0.9946936964988708,0.606999397277832,0.6103789647420247,0.9769995212554932,0.2695846319198608,0.5914005279541016,0.981357991695404,0.6638834953308106,0.6042649586995442,0.9614166021347046,0.16229442358016968,0.6264013926188151,0.9652926325798035,0.5228392124176026,0.8964012781778972,0.9760388731956482,0.3965938568115234,0.8903921127319336,0.9791446328163147,0.5532235145568848,0.9909009297688802,0.3803262710571289,0.28564839363098143,0.9729972839355469,0.4003129005432129,0.645134449005127,1.0,0.03955528512597084,0.29685540199279786,1.0,0.04213304445147514
squat,0.4402656078338623,0.41575101216634114,0.9958699345588684,0.4681112289428711,0.38905131022135414,0.9866605997085571,0.4221031188964844,0.3839492479960124,0.9874745607376099,0.5025083541870117,0.4053993542989095,0.8735039830207825,0.3962229251861572,0.3914301872253418,0.79621821641922,0.5344433784484863,0.5216405868530274,0.9920935034751892,0.36470446586608884,0.5171443303426106,0.9958492517471313,0.6091694831848145,0.5574511845906576,0.9715348482131958,0.3055793523788452,0.5572909037272136,0.986221969127655,0.6575356483459472,0.5813746134440104,0.9375813603401184,0.22137119770050048,0.5782512029012045,0.9619043469429016,0.5218182563781738,0.8677714029947917,0.9846343398094177,0.396319317817688,0.8615036646525065,0.9887500405311584,0.5692916870117187,0.9949084599812825,0.4132153391838074,0.301984167098999,0.9573858896891276,0.47886064648628235,0.645641279220581,1.0,0.042647697031497955,0.3206416845321655,0.9701480865478516,0.050783008337020874
squat,0.43848552703857424,0.3723694483439128,0.9956005811691284,0.4658049583435059,0.34638589223225913,0.9877776503562927,0.42059764862060545,0.3412317911783854,0.9840348958969116,0.49945821762084963,0.3633506457010905,0.8883166909217834,0.39606287479400637,0.34959513346354165,0.7551466226577759,0.5276422500610352,0.48418165842692057,0.9939244389533997,0.35799412727355956,0.468637212117513,0.9957114458084106,0.5845821380615235,0.5316639582316081,0.9786298871040344,0.27885146141052247,0.5062483469645183,0.9821719527244568,0.6471755981445313,0.5262564023335775,0.9514811635017395,0.1668170690536499,0.5269328117370605,0.9563686847686768,0.5079795837402343,0.822643788655599,0.9923725128173828,0.3869373321533203,0.8129674911499023,0.9932370781898499,0.5507439613342285,0.9804141998291016,0.6673409342765808,0.3060132026672363,0.9412816365559896,0.6850951910018921,0.6354066371917725,1.0,0.10133977979421616,0.32514047622680664,1.0,0.10829004645347595
squat,0.4419262409210205,0.32351888020833336,0.9937734007835388,0.46494317054748535,0.2985304514567057,0.9788444638252258,0.4241133689880371,0.2953644752502441,0.9891363382339478,0.49274344444274903,0.3102643330891927,0.7629605531692505,0.39762871265411376,0.3012978235880534,0.8555412292480469,0.5317715167999267,0.43086468378702797,0.9776850342750549,0.354243803024292,0.4170520782470703,0.9941164255142212,0.6048986911773682,0.4839223861694336,0.8768923282623291,0.2826246738433838,0.4622873942057292,0.9737381339073181,0.658873462677002,0.45765597025553384,0.7503271698951721,0.18048384189605712,0.47074559529622395,0.9138057827949524,0.5082766056060791,0.7831082026163737,0.9827337265014648,0.3822658538818359,0.7722911834716797,0.9908874034881592,0.5566206932067871,0.9696404774983723,0.629671037197113,0.30567455291748047,0.9265137990315755,0.7657631635665894,0.6341855525970459,1.0,0.14183537662029266,0.3204631328582764,0.992403793334961,0.2048589438199997
squat,0.4427770137786865,0.26779054005940756,0.9947559833526611,0.4651777267456055,0.2441292444864909,0.9795638918876648,0.4253698825836182,0.240025266011556,0.9884582161903381,0.48922052383422854,0.26001930236816406,0.7404811978340149,0.39622490406036376,0.25016078948974607,0.8418190479278564,0.5288568019866944,0.38323891957600914,0.9804837107658386,0.34962759017944334,0.3785225550333659,0.9948686361312866,0.6154458045959472,0.3904871622721354,0.9089692234992981,0.2674474954605103,0.4093034108479818,0.9780489802360535,0.6573803901672364,0.32471542358398436,0.853090763092041,0.14665119647979735,0.4062493642171224,0.9490458965301514,0.5039563179016113,0.7460730234781902,0.9841973185539246,0.38048596382141114,0.7371476491292318,0.9914104342460632,0.5320019245147705,0.9503746668497721,0.6500868797302246,0.3090474843978882,0.9173949559529623,0.7784621715545654,0.5918793201446533,1.0,0.11873962730169296,0.3250307083129883,1.0,0.172456294298172
squat,0.44222335815429686,0.211376158396403,0.9918290972709656,0.46403303146362307,0.18750508626302084,0.9843037724494934,0.4246710777282715,0.18550008138020832,0.9836066961288452,0.492093563079834,0.2024566650390625,0.8328959941864014,0.40005149841308596,0.19686012268066405,0.7418735027313232,0.5388987064361572,0.3249865214029948,0.9777897596359253,0.3539034605026245,0.32529420852661134,0.9734391570091248,0.6300232410430908,0.3107806523640951,0.8693398833274841,0.2766613006591797,0.33282445271809896,0.8477221131324768,0.6714463233947754,0.27499815622965496,0.6919198632240295,0.2288451910018921,0.3270303726196289,0.6911231279373169,0.512789249420166,0.7117293039957683,0.9868865609169006,0.3844494104385376,0.7076794942220052,0.9861519932746887,0.5556905746459961,0.9530865987141927,0.7576122879981995,0.3157938480377197,0.9250272115071615,0.7579337358474731,0.6062526226043701,1.0,0.24096055328845978,0.32070508003234866,1.0,0.23830722272396088
squat,0.4422567844390869,0.1605629603068034,0.9944303631782532,0.4671956539154053,0.13488066991170247,0.985617458820343,0.4225429058074951,0.1310039520263672,0.9825724363327026,0.49797658920288085,0.15195662180582684,0.8623308539390564,0.396279501914978,0.14315970738728842,0.7304272651672363,0.5333091735839843,0.2815977732340495,0.9923855066299438,0.35688865184783936,0.2751436869303385,0.9918174147605896,0.6083061218261718,0.2804698944091797,0.9634894132614136,0.25935659408569334,0.27914085388183596,0.9577665328979492,0.6919654846191406,0.22655439376831055,0.8937166929244995,0.12577900886535645,0.24389627774556477,0.8959234356880188,0.5067798137664795,0.6731065114339193,0.9962764382362366,0.38826141357421873,0.6660353342692057,0.9962748289108276,0.5370779037475586,0.9447853088378906,0.8609305620193481,0.3315450191497803,0.9062166849772135,0.8609426617622375,0.5900199890136719,1.0,0.22891931235790253,0.33504509925842285,1.0,0.23103643953800201
squat,0.43595376014709475,0.09574203491210938,0.9917837381362915,0.4592445373535156,0.07863852183024088,0.976398766040802,0.4218607425689697,0.07059322992960612,0.9647988677024841,0.4860435962677002,0.10684843063354492,0.8487942218780518,0.4013087749481201,0.08896169662475586,0.6391183137893677,0.5215244770050049,0.23420817057291668,0.9946103096008301,0.3588660955429077,0.2285538673400879,0.9945245981216431,0.6116483688354493,0.22510298093159994,0.9837276935577393,0.2710027456283569,0.23627324104309083,0.9798333644866943,0.6946005821228027,0.17315003077189128,0.9544991254806519,0.13767354488372802,0.19446913401285806,0.9507035613059998,0.5018554210662842,0.6215713500976563,0.9981982111930847,0.391147518157959,0.6159887949625651,0.9981327652931213,0.5387879848480225,0.8923905690511068,0.9268959164619446,0.3418940544128418,0.8684249877929687,0.9290850758552551,0.5769001960754394,0.9858547210693359,0.317128986120224,0.3387650489807129,0.9666983286539713,0.3246236741542816
squat,0.4432377338409424,0.042996915181477864,0.9526245594024658,0.4665873050689697,0.0229276974995931,0.8432052731513977,0.42483134269714357,0.017259724934895835,0.8544089198112488,0.4942439079284668,0.05291481018066406,0.5126623511314392,0.39745659828186036,0.039951451619466144,0.42758727073669434,0.5285685062408447,0.18490923245747884,0.9773696064949036,0.35549025535583495,0.17679328918457032,0.9805686473846436,0.6195286750793457,0.16660038630167642,0.9556946754455566,0.26574063301086426,0.18369162877400716,0.9619866013526917,0.7085865020751954,0.07823842366536458,0.90973299741745,0.13143160343170165,0.15802968343098958,0.9320548176765442,0.5024518489837646,0.5990441640218099,0.9978087544441223,0.3892254114151001,0.5934958140055339,0.9980741739273071,0.5233417510986328,0.9096838633219401,0.932604193687439,0.36169867515563964,0.8878418604532877,0.9435298442840576,0.5504517078399658,1.0,0.3423641324043274,0.36607069969177247,1.0,0.36851510405540466
squat,0.4380061626434326,0.0,0.5691283941268921,0.4570648193359375,0.0,0.19670796394348145,0.4225121021270752,0.0,0.28301531076431274,0.4814109802246094,0.014629777272542317,0.12292006611824036,0.39956002235412597,0.0026232719421386717,0.15615352988243103,0.5264392852783203,0.1453896681467692,0.8867681622505188,0.3512228012084961,0.13771241505940754,0.9532021880149841,0.6160772800445556,0.13901983896891276,0.9143025279045105,0.2685055732727051,0.14913724263509115,0.9728989601135254,0.6940735816955567,0.048476187388102214,0.8778417110443115,0.1544755220413208,0.09648122787475585,0.9554283022880554,0.5052711009979248,0.5814551035563151,0.9969305396080017,0.39094319343566897,0.5772145589192709,0.9982032775878906,0.5169183731079101,0.9219109853108723,0.8943032026290894,0.37442071437835694,0.9047478357950847,0.9395576119422913,0.520374059677124,1.0,0.19531504809856415,0.37942066192626955,1.0,0.2639780342578888
squat,0.43746199607849123,0.0,0.26718413829803467,0.45539445877075196,0.0,0.06325636804103851,0.4215433120727539,0.0,0.09804525226354599,0.4779102325439453,0.005159250895182292,0.053637921810150146,0.3953323125839233,0.0,0.07886521518230438,0.5251779556274414,0.12995154062906902,0.7836209535598755,0.3416374921798706,0.13013680775960287,0.8950955271720886,0.6128774642944336,0.11657991409301757,0.8830745816230774,0.2557880401611328,0.14424915313720704,0.9546023011207581,0.68375563621521,0.04085191090901693,0.8481919169425964,0.15492191314697265,0.08283541997273763,0.9376232028007507,0.509444284439087,0.5699588139851888,0.9959840774536133,0.39055590629577636,0.570013682047526,0.9974656105041504,0.5184077739715576,0.9005927403767904,0.89602130651474,0.37925543785095217,0.887277348836263,0.9352816939353943,0.510432243347168,1.0,0.2297138273715973,0.3897040367126465,1.0,0.29277586936950684
squat,0.4352863311767578,0.0,0.10264512896537781,0.45143942832946776,0.0,0.021210821345448494,0.42062668800354003,0.0,0.028335480019450188,0.4751745700836182,0.002567895253499349,0.03310969099402428,0.39889039993286135,0.0,0.037085652351379395,0.5262476444244385,0.12375106811523437,0.7204563617706299,0.34236392974853513,0.12425670623779297,0.8437055945396423,0.6054608821868896,0.11164131164550781,0.8923262357711792,0.25428388118743894,0.13797699610392253,0.9508900046348572,0.6754498958587647,0.039957586924235025,0.8732864260673523,0.1717430830001831,0.08356294631958008,0.9417576193809509,0.5079979419708252,0.5403911590576171,0.9969022870063782,0.39152324199676514,0.5416161855061848,0.9979189038276672,0.5112243175506592,0.8688487370808919,0.9396498799324036,0.3900256633758545,0.8598124821980794,0.9613863229751587,0.49577646255493163,1.0,0.33959707617759705,0.40215373039245605,1.0,0.41017892956733704
squat,0.43298921585083006,0.0,0.3469819724559784,0.4515382289886475,0.0,0.1097356379032135,0.41788463592529296,0.0,0.10454600304365158,0.47676858901977537,0.0013092994689941407,0.10294395685195923,0.3951444149017334,0.0,0.06745447218418121,0.5273481369018554,0.12021191914876302,0.8757294416427612,0.3410570383071899,0.12801249821980795,0.8968193531036377,0.6137024402618408,0.1062832514444987,0.9333075881004333,0.251801586151123,0.14671233495076497,0.9415656328201294,0.6633911609649659,0.05386269887288411,0.9128613471984863,0.1757577180862427,0.10467720031738281,0.9337196946144104,0.5052563667297363,0.5472564697265625,0.9956375956535339,0.3896369695663452,0.551039441426595,0.9961793422698975,0.4990664005279541,0.8694502512613932,0.9219108819961548,0.39452495574951174,0.8683868408203125,0.9349445700645447,0.4752504825592041,1.0,0.2630149722099304,0.4148736000061035,1.0,0.2864946722984314
squat,0.43209233283996584,0.0,0.3193278908729553,0.4532469272613525,0.0,0.1030585914850235,0.41416444778442385,0.0,0.0967707484960556,0.48253564834594725,0.002528508504231771,0.09594985842704773,0.3884849548339844,0.0,0.05812802165746689,0.5298315048217773,0.1293893814086914,0.8403462767601013,0.3398583889007568,0.1368943214416504,0.8719635605812073,0.6143346309661866,0.115076478322347,0.9178352952003479,0.2553983449935913,0.15647942225138348,0.9327758550643921,0.6654467582702637,0.05243899027506511,0.8976646661758423,0.1784278392791748,0.10954583485921224,0.9257594347000122,0.5079260349273682,0.5677074432373047,0.9948828220367432,0.3875850200653076,0.5716243743896484,0.9956455826759338,0.5069624423980713,0.9028322855631511,0.8881645202636719,0.3920320749282837,0.9030014673868815,0.9093087911605835,0.48192548751831055,1.0,0.1906481236219406,0.4078651428222656,1.0,0.21208328008651733
squat,0.4335897445678711,0.0,0.21803352236747742,0.4571254730224609,0.0,0.057913560420274734,0.4133704662322998,0.0,0.07413515448570251,0.48821249008178713,0.012338383992513021,0.053986504673957825,0.383709716796875,0.0,0.057872675359249115,0.5253238677978516,0.14306618372599283,0.7308797836303711,0.34081506729125977,0.1413315455118815,0.8448160886764526,0.603730297088623,0.12355051040649415,0.8618565797805786,0.27264628410339353,0.15381183624267578,0.9345029592514038,0.6793022632598877,0.05873711903889974,0.8502326607704163,0.20224738121032715,0.10137027104695638,0.9287965297698975,0.5088096618652344,0.5737607320149739,0.9953966736793518,0.3897333383560181,0.5754341125488281,0.9968340992927551,0.5120144844055176,0.9112192789713541,0.889672040939331,0.3933748483657837,0.9081528345743816,0.9280814528465271,0.48450217247009275,1.0,0.22518952190876007,0.4055124282836914,1.0,0.2786063551902771
squat,0.43535380363464354,0.0,0.2533966898918152,0.45807499885559083,0.0,0.07009836286306381,0.41589975357055664,0.0,0.08859548717737198,0.48815455436706545,0.01634976069132487,0.06485152989625931,0.38766894340515134,0.0035452842712402344,0.06513885408639908,0.529379415512085,0.14527381261189778,0.7613469958305359,0.344169545173645,0.14316336313883463,0.8641168475151062,0.6202864170074462,0.11917276382446289,0.8690895438194275,0.2702683925628662,0.14556891123453777,0.939354419708252,0.6975817680358887,0.0440617561340332,0.8542189598083496,0.18895280361175537,0.08744853337605794,0.9311571717262268,0.510804557800293,0.5646085739135742,0.9952980875968933,0.3924590587615967,0.565885353088379,0.9967845678329468,0.5138948917388916,0.8994461059570312,0.8895896673202515,0.3961322784423828,0.8994132995605468,0.9294365048408508,0.4865718364715576,1.0,0.21815922856330872,0.40755200386047363,1.0,0.2733209431171417
squat,0.4384117603302002,0.0,0.18982239067554474,0.4600493907928467,0.0,0.05100028216838837,0.4188351631164551,0.0,0.06609135121107101,0.49021430015563966,0.01103674570719401,0.054184626787900925,0.3915975570678711,0.004025904337565104,0.05325515940785408,0.5371018409729004,0.139431365331014,0.6981077194213867,0.34683272838592527,0.14497340520222982,0.834972083568573,0.6325845718383789,0.11094821294148763,0.8265153169631958,0.2667619943618774,0.14776506423950195,0.92784184217453,0.7060182094573975,0.029549821217854818,0.8145956993103027,0.1766453504562378,0.07849470774332683,0.9179579019546509,0.512717866897583,0.5515250523885091,0.9952400922775269,0.3929767370223999,0.5551007588704427,0.9969189167022705,0.5125969886779785,0.8817143758138021,0.9236520528793335,0.39645047187805177,0.8871909459431966,0.9548680186271667,0.4815191745758057,1.0,0.33168625831604004,0.4057426452636719,1.0,0.41126149892807007
squat,0.4447313785552979,0.0,0.17753782868385315,0.4660391330718994,0.0,0.04460826516151428,0.4247835636138916,0.0,0.05872231721878052,0.49497456550598146,0.012427107493082682,0.04867366701364517,0.3959937810897827,0.004740397135416667,0.05152835324406624,0.5390944480895996,0.1394211451212565,0.7130185961723328,0.3504320621490479,0.14114163716634115,0.8424309492111206,0.6298449993133545,0.11853520075480144,0.8554351329803467,0.26955652236938477,0.14568602244059245,0.9368568658828735,0.701336669921875,0.03557039896647136,0.8461146950721741,0.18058185577392577,0.0810426394144694,0.9299150109291077,0.5164338111877441,0.5546957651774088,0.995629072189331,0.3971316576004028,0.5575826009114583,0.9971042275428772,0.5150163650512696,0.8913735707600912,0.9147564172744751,0.40196657180786133,0.8971821467081705,0.9475048184394836,0.48551740646362307,1.0,0.2740200161933899,0.4120333194732666,1.0,0.34047091007232666
squat,0.44550313949584963,0.0,0.1621055006980896,0.46789398193359377,0.0,0.044016383588314056,0.42698159217834475,0.0,0.04719436168670654,0.49858388900756834,0.011273988087972005,0.05524517223238945,0.4001313209533691,0.0,0.04023871570825577,0.5433583736419678,0.13939460118611655,0.7371952533721924,0.3527960300445557,0.13872437477111815,0.8278308510780334,0.6386403560638427,0.11558618545532226,0.8743312954902649,0.2717423439025879,0.14336366653442384,0.9281017780303955,0.7129828453063964,0.03410905202229818,0.8634897470474243,0.181294846534729,0.08372297286987304,0.9230424761772156,0.5179305076599121,0.5531539916992188,0.9963149428367615,0.39868314266204835,0.5542229334513347,0.997262716293335,0.5147574424743653,0.8800637563069661,0.9375000596046448,0.40268664360046386,0.8824342091878256,0.9580647349357605,0.48456883430480957,1.0,0.3594609498977661,0.41616034507751465,1.0,0.42012399435043335
squat,0.4491760730743408,0.0,0.1566927582025528,0.4712087631225586,0.0,0.03958132117986679,0.4310692310333252,0.0,0.04581369459629059,0.5011086463928223,0.010338942209879557,0.049865927547216415,0.40430474281311035,0.0,0.04187053442001343,0.5452213764190674,0.1366559346516927,0.7357928156852722,0.3562636852264404,0.13585597674051922,0.8451662659645081,0.6393189907073975,0.11918452580769857,0.8773055672645569,0.2766939401626587,0.145207945505778,0.9396204352378845,0.7185385704040528,0.045381387074788414,0.8679537177085876,0.18361637592315674,0.0878114382425944,0.9332427978515625,0.5202891826629639,0.5511127471923828,0.996751070022583,0.40211997032165525,0.5523074467976888,0.9977303147315979,0.5161157608032226,0.886794916788737,0.9429171681404114,0.4060239791870117,0.8887234369913737,0.9638916254043579,0.4889462947845459,1.0,0.3653438091278076,0.4201678276062012,1.0,0.43632185459136963
squat,0.4544200420379639,0.0,0.17324039340019226,0.4745773792266846,0.0,0.0420219749212265,0.4365633487701416,0.0,0.04955698922276497,0.5010229587554932,0.0076771736145019535,0.0502023808658123,0.40869755744934083,0.0,0.047475315630435944,0.5457160472869873,0.13299827575683593,0.7823649644851685,0.3572288751602173,0.13172067006429036,0.8639475107192993,0.6367413997650146,0.126839542388916,0.9070319533348083,0.2777636289596558,0.14354397455851237,0.9468904733657837,0.715310001373291,0.07262449264526367,0.8940898776054382,0.18762991428375245,0.09248161315917969,0.9406816959381104,0.5222567558288574,0.5556076685587565,0.9971519708633423,0.4035493850708008,0.5572775522867839,0.9978711605072021,0.5220211029052735,0.8906988779703776,0.9375618696212769,0.40677585601806643,0.8907396952311198,0.9571048021316528,0.5023118019104004,1.0,0.31826984882354736,0.42203354835510254,1.0,0.37261027097702026
squat,0.45926175117492674,0.0,0.15649394690990448,0.4792010307312012,0.0,0.037405598908662796,0.44052796363830565,0.0,0.04551796615123749,0.5048405647277832,0.006943225860595703,0.04260260984301567,0.4106799602508545,0.0,0.04258418828248978,0.5467487335205078,0.13882385889689128,0.7513971328735352,0.36147007942199705,0.13584494590759277,0.8313965201377869,0.6350439071655274,0.14806728363037108,0.8975751399993896,0.2850813388824463,0.16045432090759276,0.9349161386489868,0.7110767841339112,0.08956899642944335,0.8824864029884338,0.1866182804107666,0.11668898264567057,0.9290865063667297,0.5231781959533691,0.5676985422770182,0.9968098998069763,0.40460052490234377,0.568472417195638,0.9975166320800781,0.5284620761871338,0.9039241790771484,0.9266971349716187,0.4060354232788086,0.9034772237141927,0.9470229148864746,0.5156510829925537,1.0,0.29332491755485535,0.41550707817077637,1.0,0.3362831771373749
squat,0.4590704917907715,0.0,0.40681326389312744,0.48036680221557615,0.0,0.14921194314956665,0.4386142730712891,0.0,0.14705435931682587,0.5091547012329102,0.01120007832845052,0.11360478401184082,0.4092679977416992,0.004945278167724609,0.07746657729148865,0.5485935688018799,0.1470470428466797,0.8635637164115906,0.36734495162963865,0.13682932853698732,0.8846273422241211,0.6266877174377441,0.1655615488688151,0.9239996075630188,0.296417760848999,0.15754664738972982,0.932390034198761,0.7021113872528076,0.13626038233439128,0.9048754572868347,0.19683914184570311,0.16938807169596354,0.9244139194488525,0.521269416809082,0.5733211517333985,0.9971285462379456,0.4032708168029785,0.5695205052693685,0.9974533915519714,0.5306663036346435,0.9061026255289714,0.924881637096405,0.39526236057281494,0.8957771937052409,0.938038170337677,0.5360724925994873,1.0,0.2919904589653015,0.4001265525817871,1.0,0.3167746961116791
squat,0.4582603931427002,0.014797846476236979,0.7488202452659607,0.47789764404296875,0.0,0.4879286587238312,0.44198017120361327,0.0,0.4298999309539795,0.504856014251709,0.021828301747639976,0.29845061898231506,0.41865997314453124,0.016449483235677083,0.1523764729499817,0.5512611865997314,0.1587145487467448,0.9378674030303955,0.37111625671386717,0.1531339963277181,0.9275670051574707,0.6458148956298828,0.18455003102620443,0.9388988614082336,0.29151976108551025,0.18049678802490235,0.9204933643341064,0.7017266273498535,0.16722065607706707,0.8992712497711182,0.2022336721420288,0.19728921254475912,0.8897383809089661,0.5159611701965332,0.5803124745686848,0.9965687990188599,0.3975486755371094,0.5772866566975912,0.9963759779930115,0.5362855911254882,0.8880489349365235,0.9276611804962158,0.37747037410736084,0.8838328043619792,0.9310291409492493,0.5486621379852294,1.0,0.3442882001399994,0.3750595569610596,1.0,0.34636589884757996
squat,0.4552944183349609,0.04967648188273112,0.8794060945510864,0.4733599662780762,0.027847671508789064,0.7736398577690125,0.43730711936950684,0.03115676244099935,0.7053648233413696,0.5028215408325195,0.0564726193745931,0.5325682759284973,0.4185642719268799,0.06536401112874349,0.258158802986145,0.5649570941925048,0.20539239247639973,0.9319549798965454,0.37403268814086915,0.20424458185831706,0.9241313338279724,0.6444151401519775,0.26480005582173666,0.8656697869300842,0.29746968746185304,0.22191683451334634,0.8533868193626404,0.6586770057678223,0.2839170773824056,0.7873358130455017,0.2216167688369751,0.21608158747355144,0.779354453086853,0.5221062183380127,0.6188130696614583,0.9914444088935852,0.39557561874389646,0.6151576360066732,0.9914700388908386,0.5520917892456054,0.9128321965535482,0.8479196429252625,0.3684410572052002,0.8988357543945312,0.8598552942276001,0.5795669555664062,1.0,0.25569450855255127,0.3699313163757324,1.0,0.2691493034362793
squat,0.4575781345367432,0.1312765121459961,0.9892759323120117,0.4797322750091553,0.10485833485921224,0.9786123037338257,0.4378028392791748,0.1041778564453125,0.972905695438385,0.5119187831878662,0.12219022115071615,0.8232929706573486,0.4144291400909424,0.11952832539876303,0.7026820182800293,0.5578536033630371,0.26999193827311196,0.9831644892692566,0.363233757019043,0.25761114756266273,0.9809937477111816,0.6283326148986816,0.35029710133870445,0.9140593409538269,0.2661806344985962,0.32664241790771487,0.8993930220603943,0.6718653678894043,0.3177928924560547,0.8258340358734131,0.2378847360610962,0.31561435063680016,0.8274760246276855,0.5253883838653565,0.6573837916056315,0.9909454584121704,0.39616429805755615,0.6543132781982421,0.9905872941017151,0.5596508026123047,0.9415096282958985,0.7610019445419312,0.36006960868835447,0.931490707397461,0.7674098014831543,0.5861891746520996,1.0,0.1473674476146698,0.3543116569519043,1.0,0.14760854840278625
squat,0.4597019195556641,0.18421669006347657,0.9865775108337402,0.4789563179016113,0.16134541829427082,0.9615678191184998,0.44483633041381837,0.15925000508626302,0.9654704928398132,0.5051251888275147,0.18333333333333332,0.7526642084121704,0.4260992527008057,0.17572460174560547,0.7772435545921326,0.559269905090332,0.32299474080403645,0.9863681197166443,0.35346236228942873,0.3257751146952311,0.9926506876945496,0.6405623912811279,0.41461222966512046,0.9466460943222046,0.2471998691558838,0.4246451695760091,0.9722452759742737,0.6967789173126221,0.45685106913248696,0.8844771981239319,0.2679617881774902,0.38581670125325523,0.9374021887779236,0.5348263263702393,0.713503646850586,0.9930919408798218,0.3954768180847168,0.7205134073893229,0.9946462512016296,0.5812064170837402,0.9626547495524088,0.6690429449081421,0.3399381399154663,0.9653619130452474,0.7378959059715271,0.5989058017730713,1.0,0.07527364045381546,0.3303271770477295,1.0,0.08911516517400742
squat,0.45977206230163575,0.25704606374104816,0.994471549987793,0.48156914710998533,0.23435503641764324,0.9843602776527405,0.443361759185791,0.2301677385965983,0.9790652990341187,0.5122395038604737,0.25274066925048827,0.8750900626182556,0.42129883766174314,0.24252341588338217,0.760873556137085,0.5569318771362305,0.3838054339090983,0.9958230257034302,0.36532952785491946,0.38104235331217445,0.9958445429801941,0.6321142196655274,0.44641742706298826,0.9856918454170227,0.27030439376831056,0.45806121826171875,0.98340904712677,0.6933865547180176,0.49427165985107424,0.9609085917472839,0.224509334564209,0.49994920094807943,0.9601224660873413,0.5327361106872559,0.7465583801269531,0.9968457818031311,0.3996293544769287,0.7452816009521485,0.9967216849327087,0.5918859481811524,0.9659502665201823,0.7919555902481079,0.33475384712219236,0.9459836324055989,0.7927031517028809,0.6254409313201904,1.0,0.11534509807825089,0.31560966968536375,1.0,0.11452624946832657
squat,0.4598414897918701,0.3172426223754883,0.9954557418823242,0.4829123020172119,0.2956917444864909,0.9874866008758545,0.44420061111450193,0.2895497957865397,0.9805934429168701,0.5147832870483399,0.3146540959676107,0.8916838765144348,0.42256956100463866,0.2998266855875651,0.728101909160614,0.5502367973327636,0.44206854502360027,0.9958621263504028,0.37739086151123047,0.4327850341796875,0.9949837923049927,0.6259124755859375,0.49291566212972004,0.9879193305969238,0.29456439018249514,0.49836533864339194,0.9813729524612427,0.7031407356262207,0.5550877253214518,0.9666497707366943,0.22300829887390136,0.5808057149251302,0.9562703371047974,0.5275413990020752,0.7958530426025391,0.9935473799705505,0.4040547847747803,0.7898537953694661,0.9925563931465149,0.5890966415405273,0.9915690739949544,0.5967859625816345,0.3360816478729248,0.9607439676920573,0.5682563185691833,0.6335411071777344,1.0,0.04899175092577934,0.3150689363479614,0.9984166463216145,0.045330651104450226
squat,0.458311128616333,0.36719032923380535,0.9962994456291199,0.4841469764709473,0.34441728591918946,0.9891919493675232,0.441452693939209,0.33682098388671877,0.9862110018730164,0.5167468070983887,0.3639978408813477,0.8928531408309937,0.41514925956726073,0.3452142715454102,0.7778018712997437,0.5510478973388672,0.48709945678710936,0.9956182241439819,0.37334067821502687,0.4757854461669922,0.9956686496734619,0.6457867622375488,0.5474610646565755,0.9850860834121704,0.29464082717895507,0.543275515238444,0.9835827946662903,0.7058720111846923,0.6155072530110677,0.9638747572898865,0.22134582996368407,0.6341687520345052,0.9608426690101624,0.5288421630859375,0.8298109690348308,0.9915537238121033,0.4011092185974121,0.8238227208455403,0.9912912845611572,0.5907484531402588,0.9811275482177735,0.5421174764633179,0.3290527582168579,0.9607804616292318,0.5433541536331177,0.6306016921997071,1.0,0.051858700811862946,0.3141782283782959,0.9936089833577474,0.05134051293134689
squat,0.4561361789703369,0.4092941602071126,0.9962687492370605,0.48160786628723146,0.3848483403523763,0.9901644587516785,0.43947978019714357,0.3795277277628581,0.9851449728012085,0.5159348487854004,0.40160531997680665,0.9012566804885864,0.41533637046813965,0.3877099990844727,0.7275992631912231,0.5501797676086426,0.5241512934366862,0.9945223331451416,0.3772878170013428,0.5174445788065593,0.9941788911819458,0.6413920879364013,0.5825234095255534,0.9845191240310669,0.295684289932251,0.5832721710205078,0.9798736572265625,0.7104694366455078,0.6578203201293945,0.959094762802124,0.21755523681640626,0.6686179478963216,0.9491419792175293,0.5310778617858887,0.8742620468139648,0.9832559823989868,0.4014720916748047,0.8690184275309245,0.9817865490913391,0.5949634075164795,0.9971955617268881,0.3260544240474701,0.3074275016784668,0.9715181350708008,0.3055303692817688,0.6573293685913086,0.9961032867431641,0.02453111857175827,0.29456496238708496,0.9547767003377279,0.022777965292334557
squat,0.4555360794067383,0.44348602294921874,0.9963787198066711,0.48096537590026855,0.42051448822021487,0.988798201084137,0.4381088733673096,0.4158488909403483,0.985724151134491,0.5158400535583496,0.4370985666910807,0.8719857931137085,0.41341485977172854,0.4247169494628906,0.7346296310424805,0.5486982822418213,0.5422170003255208,0.9946832060813904,0.3771454095840454,0.5433472951253255,0.9941018223762512,0.6369150638580322,0.608893076578776,0.9850268959999084,0.2932157039642334,0.6173793792724609,0.9829551577568054,0.7146117210388183,0.7075584411621094,0.9623671770095825,0.2207097053527832,0.6896438598632812,0.9605068564414978,0.5283276081085205,0.886383056640625,0.9855535626411438,0.3998931884765625,0.8878273010253906,0.9850148558616638,0.5992600440979003,0.9765391667683919,0.502554178237915,0.32297382354736326,0.9693781534830729,0.4958372414112091,0.630491828918457,0.9979859034220377,0.05855337157845497,0.2966007709503174,0.9817389170328776,0.05622972548007965
squat,0.4548945903778076,0.4649516105651855,0.9968104958534241,0.4788505554199219,0.4403338114420573,0.9885603785514832,0.43654022216796873,0.43745733896891276,0.989104151725769,0.5110165119171143,0.4557772318522135,0.8405861854553223,0.4089800357818604,0.44708468119303385,0.7854737043380737,0.5468740940093995,0.5655230840047201,0.99346923828125,0.37056727409362794,0.5686148961385091,0.9939045310020447,0.6390588760375977,0.6375635782877604,0.9804629683494568,0.29365882873535154,0.6466040293375651,0.9825986623764038,0.7186843872070312,0.7335049311319987,0.9533374905586243,0.22424426078796386,0.7207387924194336,0.9588125944137573,0.5289693355560303,0.9087580998738607,0.9750598669052124,0.39631142616271975,0.9110710144042968,0.9762606024742126,0.604769229888916,0.9603357950846354,0.367875874042511,0.3099775791168213,0.9502978642781575,0.37736690044403076,0.6520808219909668,0.9945493698120117,0.04028863459825516,0.290621280670166,0.9711297988891602,0.040196917951107025
squat,0.45309152603149416,0.465463383992513,0.9966327548027039,0.4765610694885254,0.442655340830485,0.9885656237602234,0.4348104000091553,0.43870201110839846,0.988396942615509,0.5081102848052979,0.46122824350992836,0.8529475927352905,0.40694231986999513,0.4511898358662923,0.7837252616882324,0.5476038455963135,0.5689711252848307,0.9942988157272339,0.3672638893127441,0.5732734680175782,0.9939467310905457,0.6425279140472412,0.6398407618204752,0.9821779727935791,0.2884476661682129,0.653485107421875,0.982010543346405,0.7113144874572754,0.7373176574707031,0.9553127288818359,0.2225057601928711,0.7232720692952473,0.9575358629226685,0.5300104141235351,0.9060741424560547,0.9797731637954712,0.3947434425354004,0.9080894470214844,0.9796468019485474,0.6126134872436524,0.9640186945597331,0.4147656261920929,0.3128544330596924,0.9528102874755859,0.4150488078594208,0.645054817199707,0.9960543314615885,0.04727718606591225,0.28462824821472166,0.9708455403645834,0.046118635684251785
squat,0.44891180992126467,0.4469418525695801,0.9967628717422485,0.47353835105895997,0.42319574356079104,0.9895244240760803,0.43000178337097167,0.42006759643554686,0.9870153665542603,0.5087237358093262,0.4408961613972982,0.8711720705032349,0.40477614402770995,0.4332064310709635,0.7391823530197144,0.543727445602417,0.5496933619181316,0.994915246963501,0.37168326377868655,0.555624516805013,0.9940871000289917,0.6297660350799561,0.6171185175577799,0.985451340675354,0.28837151527404786,0.6376504262288412,0.9833753705024719,0.7003794193267823,0.7047401428222656,0.9667443633079529,0.21733691692352294,0.7184064865112305,0.9653029441833496,0.5241234779357911,0.8965511322021484,0.9850510358810425,0.3956969499588013,0.8999669392903645,0.9844759106636047,0.600618314743042,0.9545576731363933,0.5523068904876709,0.32485480308532716,0.9515126546223959,0.5472446084022522,0.6228501319885253,1.0,0.07606567442417145,0.2909514904022217,0.9967245101928711,0.07314857095479965
squat,0.45203452110290526,0.41876290639241537,0.9963716268539429,0.47727117538452146,0.39433323542277016,0.9890031218528748,0.4325657844543457,0.390822696685791,0.9871446490287781,0.5093879222869873,0.41710624694824217,0.8722074031829834,0.40487136840820315,0.40882975260416665,0.7754170298576355,0.543281888961792,0.5421279907226563,0.9928054213523865,0.36963768005371095,0.5386274337768555,0.9947912693023682,0.6269343852996826,0.5911632537841797,0.9775816798210144,0.29761247634887694,0.5996248245239257,0.9809175729751587,0.6819070816040039,0.62605775197347,0.9559097290039062,0.20578153133392335,0.6772958755493164,0.9576635360717773,0.522283935546875,0.8816324869791666,0.9800260066986084,0.39394354820251465,0.876788838704427,0.9815249443054199,0.5819600105285645,0.9852323532104492,0.3603801131248474,0.3103168249130249,0.9596750259399414,0.37716418504714966,0.6523441314697266,1.0,0.03460468351840973,0.31202099323272703,0.99188232421875,0.03608057647943497
squat,0.4513826847076416,0.34845139185587565,0.9959516525268555,0.4772369861602783,0.3233497619628906,0.9869877099990845,0.43268985748291017,0.3191865921020508,0.9862626791000366,0.5098937034606934,0.34405320485432944,0.8710985779762268,0.4072065830230713,0.33339319229125974,0.8025954365730286,0.5447416782379151,0.4706881523132324,0.9938402771949768,0.36943209171295166,0.46231466929117837,0.9964529275894165,0.6162144660949707,0.5115588506062826,0.9776192903518677,0.3080935001373291,0.5116250356038411,0.9862896800041199,0.6692105293273926,0.5196638107299805,0.9573317766189575,0.22919001579284667,0.5570059458414713,0.9692459106445312,0.5250219345092774,0.8083044687906901,0.9921910166740417,0.3999444007873535,0.8013577779134115,0.9937343001365662,0.5763360023498535,0.9782356262207031,0.6413221955299377,0.33036484718322756,0.9457605997721354,0.6960390210151672,0.6477894306182861,1.0,0.08463428169488907,0.34282028675079346,1.0,0.09956954419612885
squat,0.4560567855834961,0.30465195973714193,0.9954299926757812,0.481241512298584,0.28018385569254556,0.9850018620491028,0.4382047176361084,0.27399619420369464,0.9872375726699829,0.5123536109924316,0.29791158040364585,0.8519538640975952,0.4125927448272705,0.2817058563232422,0.8286176919937134,0.544017219543457,0.42599280675252277,0.9936217665672302,0.36954245567321775,0.4096794764200846,0.9960554838180542,0.60894775390625,0.47087332407633464,0.9719001054763794,0.3049065589904785,0.46238714853922525,0.9835403561592102,0.6746284484863281,0.4698851903279622,0.9293496012687683,0.23981318473815919,0.5013757069905599,0.9542840123176575,0.5225115299224854,0.7690411885579427,0.9946147799491882,0.3990405797958374,0.7595099131266276,0.9957069754600525,0.5756278991699219,0.9647764841715495,0.7604321837425232,0.3290496110916138,0.9241409301757812,0.8030011653900146,0.6351159572601318,1.0,0.14679770171642303,0.32915186882019043,0.9854500452677409,0.16931869089603424
squat,0.45864405632019045,0.25740572611490886,0.9946531057357788,0.48158817291259765,0.23463255564371746,0.9795997142791748,0.4419405937194824,0.22882986068725586,0.9858923554420471,0.5096956729888916,0.2516609827677409,0.8041554093360901,0.4168421745300293,0.23715159098307292,0.829904317855835,0.5475850105285645,0.3812892278035482,0.9921127557754517,0.3723399877548218,0.370741335550944,0.9961345195770264,0.6272262573242188,0.4090116500854492,0.9642844200134277,0.30843324661254884,0.4111228307088216,0.9851430058479309,0.6931386947631836,0.40535418192545575,0.9151563048362732,0.23034212589263917,0.4297920227050781,0.9581318497657776,0.5222563743591309,0.7394242604573568,0.9946848750114441,0.4016127109527588,0.7305055618286133,0.9962872266769409,0.5665592670440673,0.9632424672444662,0.7939059734344482,0.3401848316192627,0.9248437245686849,0.8530250191688538,0.6112358093261718,1.0,0.15910032391548157,0.338330602645874,0.999806022644043,0.199080690741539
squat,0.4599625110626221,0.20916341145833334,0.9950377345085144,0.4840689659118652,0.1838284174601237,0.9820128083229065,0.4407388210296631,0.17977428436279297,0.9836081862449646,0.5151472091674805,0.20107351938883464,0.8404387831687927,0.41505889892578124,0.19022165934244792,0.8071458339691162,0.5510010719299316,0.33756370544433595,0.9949170351028442,0.3705332040786743,0.3217257817586263,0.9967833757400513,0.6107994079589844,0.37200298309326174,0.980171799659729,0.2993871450424194,0.35398705800374347,0.9874091148376465,0.6884169578552246,0.36708494822184246,0.9511195421218872,0.2168534517288208,0.3740262985229492,0.9675052165985107,0.5263443946838379,0.709176762898763,0.9969239830970764,0.40350914001464844,0.6989889780680338,0.9975307583808899,0.5636823654174805,0.9533706029256185,0.8284231424331665,0.34346327781677244,0.9048901875813802,0.8587159514427185,0.625001335144043,1.0,0.14675211906433105,0.35331950187683103,0.9965109507242839,0.16997328400611877
squat,0.4640059947967529,0.162405522664388,0.9951425790786743,0.4887255668640137,0.13742287953694662,0.9775062799453735,0.4431007385253906,0.13293863932291666,0.9881999492645264,0.5177262306213379,0.15932992299397786,0.76789391040802,0.4128283500671387,0.1478584925333659,0.871761679649353,0.5508732795715332,0.29962584177652996,0.9928162097930908,0.37182505130767823,0.2844102223714193,0.9975718855857849,0.6196867942810058,0.3325431187947591,0.9626848101615906,0.3069586277008057,0.3143203099568685,0.9903224110603333,0.6918628692626954,0.31784734725952146,0.9245452284812927,0.2153623580932617,0.3220380783081055,0.974149763584137,0.5221193313598633,0.6802908579508463,0.9975398778915405,0.40275087356567385,0.6703433990478516,0.9985913634300232,0.5491691112518311,0.952328618367513,0.8799185752868652,0.3571242094039917,0.9109856923421223,0.9299400448799133,0.5953156471252441,1.0,0.22818538546562195,0.367244815826416,1.0,0.3065809905529022
squat,0.465227746963501,0.10063495635986328,0.9913074374198914,0.489581298828125,0.08172324498494467,0.9690343737602234,0.44768338203430175,0.07492119471232096,0.9682027101516724,0.5171781539916992,0.11310927073160808,0.792146623134613,0.4217523574829102,0.09643529256184896,0.7189891934394836,0.5485218524932861,0.24906105995178224,0.994759738445282,0.3774363279342651,0.23736130396525065,0.9952862858772278,0.6236051559448242,0.2611143906911214,0.9835509657859802,0.31413745880126953,0.2629300435384115,0.9837618470191956,0.717308235168457,0.24541476567586262,0.9580182433128357,0.21364715099334716,0.26749979654947914,0.9622637033462524,0.5211222648620606,0.6330692927042644,0.9986340403556824,0.4062380790710449,0.6255096435546875,0.9986914992332458,0.5535141944885253,0.9128288269042969,0.9379189014434814,0.35996336936950685,0.8788584391276042,0.9438145756721497,0.5996634006500244,1.0,0.3318244218826294,0.36638760566711426,0.9975275675455729,0.34881213307380676
squat,0.46845288276672364,0.04254280726114909,0.9379745125770569,0.48977508544921877,0.021431668599446615,0.7689228057861328,0.45070314407348633,0.01846151351928711,0.792597770690918,0.5191696166992188,0.053850777943929035,0.458850622177124,0.4276256084442139,0.046409225463867186,0.4073305130004883,0.5592173576354981,0.20613913536071776,0.9787211418151855,0.38494305610656737,0.1935776392618815,0.9883027672767639,0.6391405582427978,0.22984763781229656,0.9689112901687622,0.3150906562805176,0.2170611063639323,0.984110951423645,0.7133818626403808,0.20178531010945638,0.9494085907936096,0.22643444538116456,0.2237675984700521,0.9715330600738525,0.527686882019043,0.6059122721354167,0.9980362057685852,0.41303229331970215,0.5989234288533528,0.9985652565956116,0.5468291759490966,0.9036262512207032,0.9256870746612549,0.3819849729537964,0.8832901000976563,0.9490069150924683,0.5735430717468262,1.0,0.2654150724411011,0.38115482330322265,1.0,0.3188297152519226
squat,0.46987576484680177,0.013165696461995443,0.6108399629592896,0.48986401557922366,0.0,0.2787008583545685,0.45817766189575193,0.0,0.22414210438728333,0.5198497772216797,0.027285321553548177,0.22469185292720795,0.4429947853088379,0.01273037592569987,0.10036605596542358,0.5637687683105469,0.16884511311848957,0.9430696368217468,0.3899315357208252,0.1523276646931966,0.9569916725158691,0.649392032623291,0.19064451853434244,0.967498779296875,0.3115091800689697,0.18325926462809244,0.9731352925300598,0.7272193908691407,0.16769479115804037,0.9527681469917297,0.23417418003082274,0.20241047541300455,0.9617998003959656,0.528190279006958,0.5967284520467122,0.9980555772781372,0.4148902893066406,0.5885826746622721,0.9983140230178833,0.5353410720825196,0.9249208450317383,0.9193469882011414,0.3883103609085083,0.9095181783040365,0.9362373352050781,0.5443514347076416,1.0,0.20334948599338531,0.38760881423950194,1.0,0.2293931096792221
squat,0.48216943740844725,0.0,0.1810266077518463,0.4995983123779297,0.0,0.040835216641426086,0.4639902591705322,0.0,0.05494313687086105,0.5247730731964111,0.004347864786783854,0.04622047021985054,0.43731188774108887,0.0017853101094563802,0.053895894438028336,0.5710128307342529,0.14090204238891602,0.7715586423873901,0.38746066093444825,0.13451588948567708,0.8772872090339661,0.6526393890380859,0.16515119870503744,0.9070742130279541,0.3227175951004028,0.1668212890625,0.9566197395324707,0.7132463455200195,0.1443386713663737,0.9068812727928162,0.24510676860809327,0.18219448725382487,0.952551007270813,0.5330341339111329,0.5610513687133789,0.9972803592681885,0.41500244140625,0.5573683420817057,0.9981189370155334,0.5318295955657959,0.9002638498942057,0.9242988228797913,0.4061159133911133,0.8941054026285807,0.9515161514282227,0.5241594791412354,1.0,0.2588862478733063,0.40751280784606936,1.0,0.3156430125236511
squat,0.48067550659179686,0.0,0.04910595715045929,0.4952661991119385,0.0,0.009988492354750633,0.46678981781005857,0.0,0.011076254770159721,0.5193438053131103,0.004846096038818359,0.023630132898688316,0.447359561920166,0.0017322540283203126,0.019303003326058388,0.5735638618469239,0.13253262837727864,0.6509119272232056,0.3917146444320679,0.12904669443766276,0.7853686809539795,0.6575557708740234,0.15156291325887045,0.9067134261131287,0.32079472541809084,0.16566009521484376,0.9502214193344116,0.7180506706237793,0.13399686813354492,0.909010112285614,0.25263051986694335,0.17858978907267253,0.9487684965133667,0.537692928314209,0.5644652048746744,0.9971131086349487,0.42129831314086913,0.5611900965372721,0.9979107975959778,0.5281949043273926,0.9081380208333333,0.9062446355819702,0.41033329963684084,0.9007170995076498,0.9369450807571411,0.5122288703918457,1.0,0.19300590455532074,0.4126579284667969,1.0,0.23513704538345337
squat,0.4839693546295166,0.0,0.04779154434800148,0.49873857498168944,0.0,0.00950694177299738,0.469876766204834,0.0,0.010688995942473412,0.5228164196014404,0.0051465670267740885,0.022403916344046593,0.4501214027404785,0.0025506019592285156,0.01912473514676094,0.5730224609375,0.1325606346130371,0.6621159911155701,0.39428303241729734,0.1297025998433431,0.7891371250152588,0.6505446434020996,0.15646570523579914,0.9139289855957031,0.32625713348388674,0.17062298456827799,0.9522010087966919,0.7143963813781739,0.1312710762023926,0.9141594767570496,0.2586039066314697,0.16913801829020184,0.9501807689666748,0.5344722747802735,0.5624956766764323,0.997600257396698,0.41962285041809083,0.5601876576741537,0.9982203841209412,0.5300305366516114,0.9107152303059896,0.924996554851532,0.41347708702087405,0.904536247253418,0.948960542678833,0.5160539150238037,1.0,0.23170451819896698,0.41517486572265627,1.0,0.27634090185165405
squat,0.4878212928771973,0.0,0.12004965543746948,0.5048668861389161,0.0,0.02824278175830841,0.4718308925628662,0.0,0.026558246463537216,0.5307305812835693,0.009978389739990235,0.044546548277139664,0.4491530418395996,0.003134759267171224,0.028688495978713036,0.5711846828460694,0.1370514233907064,0.8094314336776733,0.39819066524505614,0.12187716166178385,0.812126100063324,0.6416885375976562,0.16311151186625164,0.9410924315452576,0.32194814682006834,0.15181360244750977,0.9372982978820801,0.7153227806091309,0.1310378392537435,0.9318501353263855,0.2597033500671387,0.15828491846720377,0.9381616711616516,0.5300914287567139,0.547112782796224,0.9980338215827942,0.41944155693054197,0.5409384409586588,0.9981122016906738,0.5189286231994629,0.888097635904948,0.9520653486251831,0.41584196090698244,0.8791603724161784,0.9571373462677002,0.4953286647796631,1.0,0.3407667577266693,0.41202664375305176,1.0,0.3506295382976532
squat,0.48458309173583985,0.0,0.1518518477678299,0.5058954238891602,0.0,0.041787438094615936,0.46596903800964357,0.0,0.03635644540190697,0.5355488777160644,0.01520236333211263,0.06011785566806793,0.43950343132019043,0.004610729217529297,0.03504444286227226,0.5700718402862549,0.1496768633524577,0.8034119606018066,0.39164540767669676,0.13439709345499676,0.8399057984352112,0.6368559837341309,0.16996342341105145,0.9332799911499023,0.3290146827697754,0.16422316233317058,0.9387406706809998,0.7079827308654785,0.12823603947957357,0.9306456446647644,0.26354475021362306,0.16516729990641277,0.9407773613929749,0.5283463478088379,0.5549940745035807,0.9976951479911804,0.4148403644561768,0.549118169148763,0.9979003667831421,0.5161164283752442,0.900930658976237,0.9397358894348145,0.4123690605163574,0.8960229237874349,0.9503681659698486,0.49266862869262695,1.0,0.2901136577129364,0.41674418449401857,1.0,0.31088754534721375
squat,0.48514809608459475,0.0,0.15862828493118286,0.5051568031311036,0.0,0.03903602063655853,0.4667823314666748,0.0,0.04330228641629219,0.531611156463623,0.0153352419535319,0.05018400773406029,0.43883533477783204,0.005135504404703776,0.04480694606900215,0.5667757511138916,0.14905848503112792,0.7923228740692139,0.388424015045166,0.13586230278015138,0.8568211197853088,0.6337354183197021,0.16808902422587077,0.9225525259971619,0.3282129764556885,0.16548959414164224,0.9456716775894165,0.6986968994140625,0.12554079691569012,0.9200067520141602,0.2611063003540039,0.16008771260579427,0.9448110461235046,0.5244699954986572,0.5518530527750651,0.9977911710739136,0.4112996101379395,0.546444829305013,0.998184859752655,0.5155954837799073,0.8997962315877278,0.948029100894928,0.40981736183166506,0.8940371195475261,0.9611912369728088,0.4915907859802246,1.0,0.3366183638572693,0.4122504234313965,1.0,0.373891144990921
squat,0.48247613906860354,0.0,0.15295521914958954,0.5018405914306641,0.0,0.040569718927145004,0.46417036056518557,0.0,0.034468892961740494,0.5284748077392578,0.0104461669921875,0.05764607712626457,0.4373065948486328,0.002885754903157552,0.03450911119580269,0.5625327110290528,0.14639879862467448,0.8407905101776123,0.38654265403747556,0.13209171295166017,0.8401859998703003,0.628323745727539,0.1714108943939209,0.9495189785957336,0.3199036121368408,0.1583868662516276,0.9372973442077637,0.7032654762268067,0.12521222432454426,0.9435845017433167,0.2519564628601074,0.1407277743021647,0.9405432939529419,0.5181848526000976,0.5491639455159505,0.9982016086578369,0.40726613998413086,0.5445869445800782,0.9981334805488586,0.5114012718200683,0.8892583211263021,0.9583816528320312,0.41120381355285646,0.8846579233805338,0.9611718654632568,0.49320192337036134,1.0,0.37726426124572754,0.41422085762023925,1.0,0.38028794527053833
squat,0.47746644020080564,0.0,0.20894934237003326,0.4991142272949219,0.0,0.05790643021464348,0.4583845615386963,0.0,0.05421161279082298,0.5277662754058838,0.017656326293945312,0.07097233086824417,0.430173397064209,0.005683008829752604,0.048482805490493774,0.5609602928161621,0.15244808197021484,0.854178786277771,0.379967474937439,0.13455322583516438,0.876733660697937,0.6315858840942383,0.1650721232096354,0.9434570670127869,0.3120521306991577,0.149408753712972,0.9466777443885803,0.7066590309143066,0.11586290995279948,0.9395717978477478,0.24402120113372802,0.13617884318033854,0.9483437538146973,0.518323278427124,0.5341356913248698,0.9983587861061096,0.4050879001617432,0.5286509195963541,0.9984747767448425,0.5112329483032226,0.8729697545369466,0.9689323306083679,0.4090839385986328,0.8706801096598308,0.9743452668190002,0.4876256942749023,1.0,0.46746504306793213,0.41425457000732424,1.0,0.4924631714820862
squat,0.4772219657897949,0.0,0.2893611788749695,0.5000896453857422,0.0,0.0799584910273552,0.45833768844604494,0.0,0.08682544529438019,0.5261863708496094,0.020586840311686196,0.07429242879152298,0.42621426582336425,0.0006278038024902343,0.07028526067733765,0.5541737079620361,0.15597068468729655,0.8737888336181641,0.37378945350646975,0.1327185312906901,0.8973852396011353,0.6290534496307373,0.16248270670572917,0.9458456635475159,0.3075368881225586,0.14373690287272137,0.9505830407142639,0.705848217010498,0.10922447840372722,0.9400200247764587,0.2371518850326538,0.13194681803385416,0.9512996673583984,0.5181258678436279,0.5462044397989909,0.9981417655944824,0.4050014495849609,0.5393336613972982,0.9982954859733582,0.512392520904541,0.8874776840209961,0.9573121070861816,0.4068568229675293,0.8828732808430989,0.9646396040916443,0.49023098945617677,1.0,0.37688249349594116,0.4139865398406982,1.0,0.3992668390274048
squat,0.47774667739868165,0.0,0.16171953082084656,0.49871416091918946,0.0,0.03317685052752495,0.45809226036071776,0.0,0.04340219497680664,0.5224693298339844,0.01611439387003581,0.03673677518963814,0.42350330352783205,0.0,0.0495600663125515,0.5519443988800049,0.15234285990397137,0.8265018463134766,0.37074527740478513,0.13020544052124022,0.8675429821014404,0.6306140899658204,0.16245848337809246,0.9424946904182434,0.30561141967773436,0.14531148274739583,0.9531474709510803,0.7118076324462891,0.10224803288777669,0.9387295246124268,0.23319814205169678,0.12717819213867188,0.9552148580551147,0.5169606685638428,0.5530862808227539,0.9982025623321533,0.40290155410766604,0.5465797424316406,0.9984151124954224,0.5111240386962891,0.8977381388346354,0.9544625282287598,0.4081593990325928,0.8918413162231446,0.963586688041687,0.48612046241760254,1.0,0.3489251136779785,0.41166162490844727,1.0,0.3747844398021698
squat,0.4716074466705322,0.0,0.1334393173456192,0.491628360748291,0.0,0.025526031851768494,0.4525288581848145,0.0,0.03026508167386055,0.5191504478454589,0.011368179321289062,0.03368380665779114,0.42355594635009763,0.0010174751281738282,0.03302346169948578,0.553086519241333,0.14352782567342123,0.8153999447822571,0.37566657066345216,0.12587690353393555,0.8410326838493347,0.6233580589294434,0.16028884251912434,0.945234477519989,0.2958212852478027,0.14550660451253256,0.9530359506607056,0.7090876579284668,0.10044342676798503,0.9375911951065063,0.22003650665283203,0.11988550821940104,0.9537361264228821,0.5202299118041992,0.5631262461344401,0.9978976249694824,0.4067554950714111,0.55756041208903,0.9981529116630554,0.5118852138519288,0.910586420694987,0.9340658187866211,0.4120613098144531,0.8989503224690755,0.9442155957221985,0.4881385326385498,1.0,0.2441401332616806,0.41466464996337893,1.0,0.2605200409889221
squat,0.4691648006439209,0.0,0.13307444751262665,0.4879324436187744,0.0,0.025998717173933983,0.4503971576690674,0.0,0.02901367098093033,0.515415096282959,0.008014710744222005,0.03578953817486763,0.423313045501709,0.0021378835042317706,0.03155005723237991,0.5519805908203125,0.13788990974426268,0.8260113000869751,0.3742255449295044,0.12298208872477213,0.8429050445556641,0.620121955871582,0.1599382718404134,0.9495047926902771,0.2869419574737549,0.1466506004333496,0.9526777863502502,0.7076831817626953,0.10465011596679688,0.9407758712768555,0.21058170795440673,0.12686456044514974,0.9533310532569885,0.5191545963287354,0.5565460205078125,0.9979828596115112,0.40557398796081545,0.5525387446085612,0.9981766939163208,0.5116712093353272,0.8989640553792317,0.9402426481246948,0.41102027893066406,0.888699467976888,0.9475929141044617,0.4951805114746094,1.0,0.2640495002269745,0.4160173416137695,1.0,0.27671578526496887
squat,0.46462140083312986,0.0,0.07926006615161896,0.482305908203125,0.0,0.015913251787424088,0.4475468635559082,0.0,0.018135322257876396,0.5107362270355225,0.010361703236897786,0.027419842779636383,0.42509937286376953,0.006467501322428386,0.022935349494218826,0.554742956161499,0.13926992416381836,0.7136785387992859,0.3748612403869629,0.12604716618855794,0.771084189414978,0.6284270286560059,0.1599851131439209,0.9123611450195312,0.2858152151107788,0.15092442830403646,0.9359239935874939,0.7179258823394775,0.10856726964314779,0.8996891379356384,0.21033964157104493,0.14008270899454753,0.9337283372879028,0.5229280471801758,0.566506830851237,0.9970055222511292,0.4072690963745117,0.562549082438151,0.9975663423538208,0.5170671939849854,0.9121802012125652,0.9158816933631897,0.4081560611724854,0.901129404703776,0.9338454008102417,0.5056364059448242,1.0,0.22141508758068085,0.41374635696411133,1.0,0.24761085212230682
squat,0.4582192897796631,0.0,0.08224397897720337,0.477646541595459,0.0,0.019737783819437027,0.44322967529296875,0.0,0.017029065638780594,0.5087357521057129,0.008875370025634766,0.0406719446182251,0.42395720481872556,0.00034081141153971355,0.019909318536520004,0.5528369903564453,0.14216540654500326,0.7495218515396118,0.37561259269714353,0.12797571818033854,0.808890700340271,0.6293795585632325,0.1658875624338786,0.9327493906021118,0.3120760440826416,0.1566590627034505,0.9497780799865723,0.7143441677093506,0.13019247055053712,0.9268054366111755,0.23098444938659668,0.16331151326497395,0.946802020072937,0.5206776618957519,0.5552500406901042,0.9982245564460754,0.4054100036621094,0.5498942693074544,0.998531699180603,0.5257659435272217,0.8938467025756835,0.9531787633895874,0.39528346061706543,0.884660275777181,0.9653529524803162,0.5287223339080811,1.0,0.35248711705207825,0.40092926025390624,1.0,0.39711883664131165
squat,0.45354156494140624,0.0,0.2910901606082916,0.4748058319091797,0.0,0.10608331859111786,0.4373659133911133,0.0,0.06366150826215744,0.5098305225372315,0.010668118794759115,0.1282593458890915,0.41827893257141113,0.004028224945068359,0.032411497086286545,0.5529638290405273,0.1509951909383138,0.8805177211761475,0.37646799087524413,0.13663180669148764,0.869215726852417,0.6243767261505127,0.20190747578938803,0.9604364037513733,0.30906062126159667,0.17706085840861002,0.9489651322364807,0.6935196876525879,0.19735399881998697,0.9484478831291199,0.22741985321044922,0.20488179524739583,0.9413235783576965,0.5200868606567383,0.5717424392700196,0.9978444576263428,0.40154123306274414,0.5660243352254232,0.9977854490280151,0.535054349899292,0.9074601491292318,0.9265022873878479,0.3815255403518677,0.9012858072916666,0.9316931962966919,0.5404037952423095,1.0,0.22334562242031097,0.3712288856506348,1.0,0.2293093204498291
squat,0.4487768173217773,0.030395698547363282,0.8179170489311218,0.4690065860748291,0.009964179992675782,0.6648926734924316,0.4352811336517334,0.007745488484700521,0.4887567162513733,0.5012606143951416,0.038390191396077473,0.48309698700904846,0.4206077575683594,0.03187255859375,0.14740973711013794,0.5526401996612549,0.1811494509379069,0.9590290784835815,0.36898174285888674,0.17406400044759116,0.9270219802856445,0.6311901092529297,0.24167792002360025,0.9534711837768555,0.2933462381362915,0.2418211301167806,0.8956212401390076,0.6938467502593995,0.22852544784545897,0.9065638780593872,0.23287248611450195,0.25826268196105956,0.8487210869789124,0.5213600635528565,0.6052841186523438,0.9967321157455444,0.39827628135681153,0.6017284393310547,0.9957054257392883,0.551586389541626,0.9293890635172526,0.9014934301376343,0.3662135362625122,0.9157377878824869,0.8856714367866516,0.5818997383117676,1.0,0.23280730843544006,0.3660922050476074,1.0,0.2121875286102295
squat,0.45758676528930664,0.08534495035807292,0.9395779967308044,0.4748494625091553,0.06315205891927084,0.8320096731185913,0.4422918319702148,0.06239471435546875,0.7997562289237976,0.49973196983337403,0.08634757995605469,0.55980384349823,0.42162041664123534,0.08425401051839193,0.38354480266571045,0.5667372226715088,0.23331419626871744,0.9782437086105347,0.3643591642379761,0.23526757558186848,0.9781382083892822,0.6584583282470703,0.3427746772766113,0.96216881275177,0.2971704721450806,0.3281442960103353,0.9608656764030457,0.6921342849731446,0.3993914286295573,0.9178234338760376,0.25373432636260984,0.33210719426472984,0.9189282059669495,0.5366896152496338,0.65852845509847,0.994936466217041,0.39970083236694337,0.6567024230957031,0.9949766993522644,0.5673081874847412,0.956851577758789,0.8016632795333862,0.3465659379959106,0.9419406890869141,0.8152861595153809,0.5845901489257812,1.0,0.10141821205615997,0.33470284938812256,1.0,0.10597135126590729
squat,0.45949835777282716,0.16436627705891926,0.9782404899597168,0.4761235237121582,0.13990055720011393,0.9318629503250122,0.44471354484558107,0.13949782053629559,0.9345475435256958,0.49945411682128904,0.15908931096394857,0.6968081593513489,0.4254472255706787,0.1575162887573242,0.638774037361145,0.5632703304290771,0.312025260925293,0.9872942566871643,0.3586422443389893,0.31445722579956054,0.989912211894989,0.6483936309814453,0.4228357315063477,0.960975170135498,0.25769357681274413,0.44845574696858725,0.9673253893852234,0.6849605560302734,0.4216822942097982,0.8996111154556274,0.21249332427978515,0.4925113042195638,0.9204046130180359,0.5363938808441162,0.710596211751302,0.9934889078140259,0.39849367141723635,0.7096848169962565,0.9941775798797607,0.5765928745269775,0.9573641459147135,0.7476660013198853,0.3347996473312378,0.939029312133789,0.772240400314331,0.6189924240112304,1.0,0.09864591807126999,0.3258492469787598,1.0,0.1046316996216774
squat,0.45232019424438474,0.23148314158121744,0.991936206817627,0.47024736404418943,0.20781256357828776,0.9711284041404724,0.43822474479675294,0.20611114501953126,0.9696974158287048,0.4969335556030273,0.22359857559204102,0.8109321594238281,0.42013139724731446,0.21835095087687176,0.740034282207489,0.553124475479126,0.36944758097330727,0.9953505992889404,0.36028978824615476,0.36736901601155597,0.9959180951118469,0.6476857185363769,0.4637713114420573,0.9848623275756836,0.2655513286590576,0.4838239351908366,0.9857029318809509,0.7331027030944824,0.5095980326334636,0.9545539617538452,0.1970379114151001,0.5903566996256511,0.9580657482147217,0.5293279647827148,0.7470728556315104,0.9961813688278198,0.3974516153335571,0.7454493204752605,0.9963733553886414,0.5842910289764405,0.9806318918863932,0.7132255434989929,0.3316281795501709,0.9559117635091146,0.7310904264450073,0.6478735923767089,1.0,0.06784486770629883,0.32163703441619873,1.0,0.07129821181297302
squat,0.45249361991882325,0.3015405337015788,0.9915533661842346,0.47057199478149414,0.27421366373697914,0.9748398661613464,0.4370893955230713,0.2734167734781901,0.958284854888916,0.4973913669586182,0.2870811462402344,0.8210833072662354,0.4169106960296631,0.2842744827270508,0.631939172744751,0.5447590827941895,0.44415775934855145,0.9948009252548218,0.3611191511154175,0.43764975865681965,0.9921436309814453,0.6382641315460205,0.5128238042195638,0.9882579445838928,0.26676125526428224,0.5203543980916341,0.9721643924713135,0.7278633117675781,0.5772896448771159,0.9734299778938293,0.1958458423614502,0.6741301218668619,0.9475796222686768,0.5219300270080567,0.803500239054362,0.9916736483573914,0.39646780490875244,0.8022037506103515,0.9887343645095825,0.5817019939422607,0.9756707509358724,0.5462511777877808,0.3362913131713867,0.9547053654988606,0.4777696132659912,0.6675899505615235,1.0,0.04448646306991577,0.3363035202026367,1.0,0.03746437653899193
squat,0.45331850051879885,0.36168632507324217,0.9939785003662109,0.4735370635986328,0.33804960250854493,0.9814174771308899,0.4389749526977539,0.3361272176106771,0.9743133783340454,0.5050724506378174,0.35145451227823893,0.8572037816047668,0.4199825286865234,0.34577859242757164,0.6832335591316223,0.5511295318603515,0.4857563336690267,0.9950454235076904,0.37321927547454836,0.48258514404296876,0.9945722222328186,0.6517306327819824,0.579937489827474,0.9871342778205872,0.28174362182617185,0.5868160247802734,0.9831164479255676,0.7349325180053711,0.6963371912638346,0.963463306427002,0.1981173038482666,0.7580361048380534,0.9534887671470642,0.5262494087219238,0.8481211344401042,0.9899430274963379,0.3963804006576538,0.8461271286010742,0.989031970500946,0.6015305519104004,0.9824237823486328,0.4876840114593506,0.32172346115112305,0.9626752217610677,0.47308799624443054,0.6722845554351806,0.9940507253011067,0.04459882527589798,0.30638623237609863,0.9609811147054036,0.04270770773291588
squat,0.4559165477752686,0.46487855911254883,0.9973798394203186,0.4821728229522705,0.4369047164916992,0.9921380877494812,0.43733677864074705,0.4310681660970052,0.9887933135032654,0.5158224105834961,0.4553550084431966,0.8778249025344849,0.4083562850952148,0.4410870869954427,0.7496687769889832,0.5490410804748536,0.5989709218343099,0.9942280054092407,0.3679056644439697,0.5898563385009765,0.9940367937088013,0.6567699432373046,0.7065737406412761,0.9818066358566284,0.2840596914291382,0.7013264338175456,0.9760469198226929,0.7372224807739258,0.821690559387207,0.9611098170280457,0.18996989727020264,0.8755713144938151,0.9458280801773071,0.528582239151001,0.9437330881754558,0.9668526649475098,0.39516124725341795,0.9424662907918294,0.9627371430397034,0.6125926017761231,0.9585378646850586,0.31622493267059326,0.318893575668335,0.9544899622599284,0.30099132657051086,0.6722652435302734,0.9985678354899089,0.04180419445037842,0.3044698715209961,0.9986710866292318,0.03936276212334633
squat,0.4608591079711914,0.48840719858805337,0.9971961975097656,0.48390517234802244,0.45992883046468097,0.9914067983627319,0.4395153045654297,0.45926923751831056,0.9893744587898254,0.5153326034545899,0.4785749435424805,0.8677690625190735,0.40794835090637205,0.4770411809285482,0.7945491075515747,0.5571163177490235,0.6190968831380208,0.9942368268966675,0.3621112585067749,0.6205747604370118,0.9944013953208923,0.6578377246856689,0.7382528940836589,0.9797309041023254,0.27035953998565676,0.7373064676920573,0.9751874208450317,0.7237730503082276,0.8770360310872396,0.9508654475212097,0.19331395626068115,0.9055848439534505,0.9379462003707886,0.5328886032104492,0.9359007517496745,0.9607049822807312,0.39117655754089353,0.939935811360677,0.9568558931350708,0.6164942264556885,0.9608359018961589,0.25820136070251465,0.3121633529663086,0.9653449376424154,0.2459762841463089,0.6752367496490479,1.0,0.029416989535093307,0.2960420846939087,1.0,0.027480661869049072
squat,0.46074748039245605,0.48399175008138023,0.9972718358039856,0.4834623336791992,0.45447076161702477,0.9914352297782898,0.43921146392822263,0.45350316365559895,0.989589273929596,0.5155745506286621,0.47054837544759115,0.8719584941864014,0.4082282066345215,0.4693545659383138,0.80025315284729,0.5592851638793945,0.6154284159342448,0.995040237903595,0.3625807523727417,0.615185546875,0.9952881336212158,0.6599969863891602,0.7445678075154623,0.9811357855796814,0.2680403709411621,0.7421108245849609,0.978477954864502,0.7225552082061768,0.8746973673502604,0.9518892765045166,0.1863873243331909,0.927391242980957,0.9404491782188416,0.5318093299865723,0.9315195719401042,0.9700875282287598,0.389461088180542,0.9344018300374349,0.9677504301071167,0.6225159168243408,0.9702690124511719,0.3142918646335602,0.3191039800643921,0.9717870712280273,0.3084372878074646,0.6753520011901856,1.0,0.03748929873108864,0.2942872285842896,1.0,0.036133624613285065
squat,0.45980205535888674,0.4556596755981445,0.9972932934761047,0.48439345359802244,0.42740535736083984,0.9918102622032166,0.4388636589050293,0.42512035369873047,0.9892194867134094,0.5168767929077148,0.4475716590881348,0.876566469669342,0.4074049949645996,0.4416341781616211,0.7813374400138855,0.5592980861663819,0.5933040618896485,0.9942857623100281,0.364574933052063,0.5863379160563151,0.9943318367004395,0.6657199859619141,0.7299337387084961,0.9796215295791626,0.2781477451324463,0.7109230041503907,0.9745887517929077,0.7361569881439209,0.871767234802246,0.9514952898025513,0.18744752407073975,0.9013704935709635,0.9370108842849731,0.5406458854675293,0.9298702239990234,0.9578051567077637,0.3984025716781616,0.9303833643595377,0.954168975353241,0.6244351387023925,0.9627877553304036,0.2486228346824646,0.32485289573669435,0.961157480875651,0.23975948989391327,0.6938631057739257,0.9961564381917317,0.028878655284643173,0.3195643424987793,0.9944426854451497,0.027775965631008148
squat,0.4570218563079834,0.4138752619425456,0.9969872832298279,0.4804643154144287,0.38986161549886067,0.9916284084320068,0.4395472526550293,0.38621546427408854,0.9875509142875671,0.5129882335662842,0.4090792973836263,0.9109225869178772,0.41331281661987307,0.39952093760172525,0.7684323191642761,0.5573196411132812,0.5466073354085287,0.9968944787979126,0.37173027992248536,0.5378482182820638,0.9957308173179626,0.6770241737365723,0.6903664271036783,0.9873241186141968,0.27567524909973146,0.6742936452229817,0.9793475270271301,0.7622816085815429,0.8267033894856771,0.9560174942016602,0.1736804723739624,0.8888097127278646,0.9284367561340332,0.533924913406372,0.8749491373697916,0.9852691292762756,0.3996612071990967,0.8737839380900065,0.9821627736091614,0.6043987274169922,0.9659126281738282,0.42895641922950745,0.3213048934936523,0.964114761352539,0.39117905497550964,0.662466287612915,0.9636643727620443,0.04762626811861992,0.3047321796417236,0.9626392364501953,0.04256926849484444
squat,0.4618588924407959,0.3764078140258789,0.9972733855247498,0.4854299068450928,0.34718011220296224,0.9888421297073364,0.4397080421447754,0.34456634521484375,0.9900862574577332,0.5154007911682129,0.36428022384643555,0.8369272351264954,0.4044627666473389,0.35759754180908204,0.8430563807487488,0.5543227672576905,0.5123987833658854,0.9972471594810486,0.36200177669525146,0.5064727783203125,0.997161865234375,0.6746235847473144,0.6390975952148438,0.9861169457435608,0.2682326316833496,0.6300328572591146,0.9854511022567749,0.7755653381347656,0.7721614837646484,0.9560522437095642,0.17312021255493165,0.8354874928792317,0.9498692750930786,0.5250160694122314,0.8341864267985026,0.9925354719161987,0.3935136318206787,0.8367441177368165,0.9921842217445374,0.5762814521789551,0.9629521052042643,0.6040207147598267,0.3316802978515625,0.9713952382405598,0.6047229766845703,0.6200080394744873,0.999988047281901,0.08161073923110962,0.3144318342208862,1.0,0.07876137644052505
squat,0.46347603797912595,0.32931973139444987,0.9968484044075012,0.48464479446411135,0.2986639658610026,0.9854493737220764,0.44215779304504393,0.29824679692586265,0.9889129996299744,0.5142621040344239,0.30716072718302406,0.8186975121498108,0.40886926651000977,0.3053000768025716,0.8521833419799805,0.5639022827148438,0.45555906295776366,0.9978609681129456,0.35858874320983886,0.4504089037577311,0.9973695278167725,0.6912665367126465,0.595249621073405,0.9876406788825989,0.26182007789611816,0.5789632161458333,0.986824095249176,0.7728637218475342,0.7229511260986328,0.9618480801582336,0.18872389793395997,0.7539302190144856,0.9605133533477783,0.5220700740814209,0.7783288319905599,0.9962963461875916,0.38568363189697263,0.7803611119588216,0.9961225390434265,0.5775274753570556,0.9614492416381836,0.7842363119125366,0.34617297649383544,0.9690521240234375,0.7905112504959106,0.6063965320587158,0.9992050806681315,0.13872142136096954,0.3267845392227173,1.0,0.13711965084075928
squat,0.46416411399841306,0.2741845448811849,0.9969255328178406,0.48543200492858884,0.24484647115071614,0.9860448837280273,0.4415410041809082,0.24390951792399088,0.9895245432853699,0.5122411251068115,0.2597618738810221,0.8001410365104675,0.4043410778045654,0.2558631261189779,0.8730354309082031,0.551881980895996,0.4140768051147461,0.9977078437805176,0.3571971893310547,0.4049038569132487,0.9974637031555176,0.6729233264923096,0.5457255681355794,0.9869545102119446,0.26764788627624514,0.5269894599914551,0.9853001236915588,0.7778162002563477,0.6657126744588217,0.9648357629776001,0.2019402027130127,0.6983959197998046,0.9621513485908508,0.5201145648956299,0.7419476826985677,0.9964547157287598,0.3934242963790894,0.7448992411295573,0.9961879849433899,0.5557031154632568,0.9301819483439128,0.8087473511695862,0.35725347995758056,0.9428309758504232,0.8111473917961121,0.5892186641693116,0.9943618138631185,0.160718634724617,0.34857878684997556,1.0,0.15614919364452362
squat,0.46359739303588865,0.21560052235921223,0.9967135190963745,0.4840080738067627,0.18722991943359374,0.9857104420661926,0.442067289352417,0.18663832346598308,0.989759087562561,0.5112914085388184,0.20006109873453776,0.806534469127655,0.40817790031433104,0.1967596689860026,0.8797347545623779,0.5577988147735595,0.3541903813680013,0.9972175359725952,0.3547287702560425,0.34379418690999347,0.9974504113197327,0.6739381790161133,0.48985748291015624,0.9834973812103271,0.26072542667388915,0.47601188023885094,0.9852060675621033,0.7718257904052734,0.5754063288370769,0.9591334462165833,0.19977986812591553,0.6466370264689127,0.9627426862716675,0.5262112617492676,0.6940067927042644,0.9969653487205505,0.3953906297683716,0.6957266489664714,0.9970596432685852,0.5641789436340332,0.9259255727132162,0.849761962890625,0.3622295379638672,0.9333716074625651,0.8653281331062317,0.5993955612182618,1.0,0.1695343554019928,0.35266613960266113,1.0,0.1770913004875183
squat,0.461349630355835,0.15175259908040364,0.9949159622192383,0.4793196678161621,0.1260867436726888,0.9768089652061462,0.44156432151794434,0.12605959574381512,0.9838051199913025,0.5033043384552002,0.14197711944580077,0.7630777359008789,0.410032320022583,0.14034671783447267,0.8494595289230347,0.5558674812316895,0.29714921315511067,0.9965962767601013,0.35497126579284666,0.28972015380859373,0.9968823194503784,0.6708283424377441,0.4123563766479492,0.9826864004135132,0.2671638011932373,0.4093222935994466,0.984203577041626,0.7617357730865478,0.468053944905599,0.9592640995979309,0.199615740776062,0.5423530578613281,0.9646152853965759,0.5267362117767334,0.663037109375,0.9972125887870789,0.3982798337936401,0.6623797098795573,0.9973433613777161,0.5576869010925293,0.9216879526774089,0.8717703223228455,0.3680612087249756,0.9143505732218424,0.8858303427696228,0.5981318473815918,1.0,0.1726437509059906,0.3693393230438232,1.0,0.18305626511573792
squat,0.4528332710266113,0.08288625081380209,0.9761155247688293,0.4729615688323975,0.05910164515177409,0.9019275307655334,0.4342658042907715,0.05704991022745768,0.9205930829048157,0.5001119613647461,0.08440055847167968,0.5900962948799133,0.40538663864135743,0.07778155008951823,0.6262945532798767,0.5500628471374511,0.24245065053304035,0.989788293838501,0.3519404649734497,0.2341077168782552,0.992211103439331,0.6507866859436036,0.33116950988769533,0.9740934371948242,0.2721270561218262,0.33974889119466145,0.9800831079483032,0.7220633029937744,0.37532307306925455,0.9533668160438538,0.2076730489730835,0.4648783047993978,0.9659796953201294,0.5270910739898682,0.6276944478352865,0.9973057508468628,0.3996617317199707,0.6254599253336589,0.9977005124092102,0.5518815517425537,0.9228560129801432,0.8992967009544373,0.3717871904373169,0.9128384908040365,0.9186039566993713,0.5861787796020508,1.0,0.19310691952705383,0.378894567489624,1.0,0.2161230593919754
squat,0.45786175727844236,0.033931032816569014,0.6179531216621399,0.4742342472076416,0.011893685658772786,0.21229948103427887,0.44437713623046876,0.009040609995524088,0.23521211743354797,0.49722905158996583,0.03760668436686198,0.15019620954990387,0.42080464363098147,0.027875741322835285,0.15242038667201996,0.5533941268920899,0.19263350168863932,0.9681721925735474,0.35489745140075685,0.18057902654012045,0.9742721319198608,0.6672959804534913,0.2838368733723958,0.9810062646865845,0.26803343296051024,0.28548170725504557,0.983020544052124,0.7618293762207031,0.32963720957438153,0.9725386500358582,0.19026515483856202,0.40103813807169597,0.9774959087371826,0.5263365745544434,0.6015438715616862,0.9986691474914551,0.40154190063476564,0.59873472849528,0.9988069534301758,0.5371201038360596,0.9009909947713216,0.9367783069610596,0.37702322006225586,0.8941363016764323,0.9475558996200562,0.566684627532959,1.0,0.22465753555297852,0.3880307197570801,1.0,0.24493688344955444
squat,0.4591655254364014,0.0,0.20957733690738678,0.4772062301635742,0.0,0.03543363884091377,0.43957948684692383,0.0,0.045819178223609924,0.5042498588562012,0.00264739990234375,0.041670192033052444,0.40796146392822263,0.0,0.05380301550030708,0.5611896514892578,0.14706295331319172,0.91401606798172,0.34947283267974855,0.14786723454793294,0.9267227053642273,0.6662560939788819,0.24208138783772787,0.9717854857444763,0.271940016746521,0.2595911184946696,0.9758622050285339,0.7608292579650879,0.33933766682942706,0.9665657877922058,0.20619018077850343,0.37539138793945315,0.9736751914024353,0.5301872730255127,0.5939220428466797,0.9984320998191833,0.395476770401001,0.5962915420532227,0.9986164569854736,0.5255067348480225,0.9294158935546875,0.8839988708496094,0.3910916090011597,0.9230311075846355,0.9000698924064636,0.5186021804809571,1.0,0.11001164466142654,0.40865445137023926,1.0,0.11802813410758972
squat,0.4582377433776855,0.0,0.05359303951263428,0.46898374557495115,0.0,0.007030951790511608,0.4420794486999512,0.0,0.010094712488353252,0.4877042293548584,0.0,0.015173457562923431,0.41377058029174807,0.0,0.024940183386206627,0.5530555725097657,0.11401551564534505,0.8277523517608643,0.3477305889129639,0.1148776372273763,0.8821357488632202,0.6530133247375488,0.23378758430480956,0.9676014184951782,0.27425811290740965,0.2396276315053304,0.9776631593704224,0.7251682281494141,0.33149677912394204,0.9696304202079773,0.21900148391723634,0.35702184041341145,0.9801091551780701,0.5215573310852051,0.5523679733276368,0.9983417987823486,0.3943232297897339,0.5542052586873373,0.9986622333526611,0.5114127635955811,0.8899608612060547,0.9358742833137512,0.3977128267288208,0.8878452936808269,0.95122891664505,0.5050424575805664,1.0,0.18938353657722473,0.410390567779541,1.0,0.2157115936279297
squat,0.4489754199981689,0.0,0.04460074380040169,0.45968050956726075,0.0,0.006442111451178789,0.4343410015106201,0.0,0.007848726585507393,0.4810291290283203,0.0,0.018136197701096535,0.41131081581115725,0.0,0.020621532574295998,0.5496263980865479,0.11358009974161784,0.8251618146896362,0.34863741397857667,0.11606442133585612,0.8829309940338135,0.6447428226470947,0.23780277570088704,0.9644644260406494,0.276951265335083,0.2441286245981852,0.9768097996711731,0.7126532554626465,0.34947643280029295,0.9673714637756348,0.22099342346191406,0.37282965977986654,0.9790418744087219,0.5193851470947266,0.5451834996541342,0.9984157085418701,0.39775567054748534,0.5470750172932942,0.998762845993042,0.5014203071594239,0.8844200770060221,0.9502306580543518,0.410806941986084,0.8805936813354492,0.9637579321861267,0.49056005477905273,1.0,0.24599535763263702,0.433228874206543,1.0,0.28698891401290894
squat,0.4506516456604004,0.0,0.05631086975336075,0.45986409187316896,0.0,0.007474798709154129,0.43498778343200684,0.0,0.01145285926759243,0.4800466537475586,0.0,0.019279051572084427,0.41268248558044435,0.0,0.03136085346341133,0.549836540222168,0.12357759475708008,0.8272091746330261,0.3523046255111694,0.1271183967590332,0.9183258414268494,0.6376279830932617,0.25794628461201985,0.9559669494628906,0.27699449062347414,0.26120951970418294,0.9824450612068176,0.7026226043701171,0.3737606684366862,0.9595338702201843,0.21976523399353026,0.40572099685668944,0.9817957282066345,0.5188524723052979,0.5565083821614584,0.9982941746711731,0.400053071975708,0.5585422515869141,0.9989074468612671,0.49715366363525393,0.8989753723144531,0.9410265684127808,0.4158616065979004,0.8934176762898763,0.9638762474060059,0.485701847076416,1.0,0.21458205580711365,0.435563325881958,1.0,0.27573803067207336
squat,0.4523329257965088,0.0,0.11425473541021347,0.46526365280151366,0.0,0.017166897654533386,0.43476133346557616,0.0,0.024640701711177826,0.4880958557128906,0.0,0.03128065541386604,0.40709471702575684,0.0,0.04838654398918152,0.5484685897827148,0.1312923749287923,0.8835703134536743,0.3479879379272461,0.13146365483601888,0.9393090009689331,0.6332298278808594,0.2682574907938639,0.964223325252533,0.2778616905212402,0.2712652842203776,0.9824701547622681,0.7024194717407226,0.3876805305480957,0.9652457237243652,0.222626256942749,0.4185359954833984,0.9817420840263367,0.519123649597168,0.5582622528076172,0.9983634352684021,0.3976308345794678,0.5603716532389323,0.9988559484481812,0.5023866653442383,0.8997951507568359,0.938439130783081,0.41524195671081543,0.8957344055175781,0.9589381814002991,0.4870757579803467,1.0,0.20699042081832886,0.4384904861450195,1.0,0.2550497055053711
squat,0.45277862548828124,0.0,0.12289661169052124,0.4650527000427246,0.0,0.018196258693933487,0.43457932472229005,0.0,0.02690896950662136,0.48688406944274903,0.0,0.030260909348726273,0.4058983325958252,0.0,0.05023658648133278,0.5466433525085449,0.13035427729288737,0.8842179775238037,0.3487093925476074,0.13102998733520507,0.9395546317100525,0.6282857418060303,0.2660069465637207,0.965538501739502,0.2789026737213135,0.26721013387044273,0.9833180904388428,0.7003129959106446,0.3831706364949544,0.9665507674217224,0.22130894660949707,0.40370470682779946,0.9828118681907654,0.5185862064361573,0.5555775960286459,0.9984961748123169,0.397213077545166,0.5573602676391601,0.9989516735076904,0.5032434940338135,0.8955902099609375,0.9451826810836792,0.4075385570526123,0.8900963465372721,0.9633532166481018,0.48778486251831055,1.0,0.2292403280735016,0.4210231781005859,1.0,0.2796996533870697
squat,0.44909420013427737,0.0,0.11322763562202454,0.4623380661010742,0.0,0.017009012401103973,0.4297174453735352,0.0,0.024318013340234756,0.4859478950500488,0.0,0.028351973742246628,0.40022921562194824,0.0,0.043262045830488205,0.5446839809417725,0.12741556167602539,0.865962564945221,0.3471325397491455,0.13160629272460939,0.9290323853492737,0.6232009410858155,0.24707349141438803,0.9636033177375793,0.28266291618347167,0.2545841375986735,0.98263019323349,0.6985250473022461,0.35898272196451825,0.9664663672447205,0.22209539413452148,0.3712241808573405,0.9831333756446838,0.5180254936218261,0.5515359878540039,0.9985458850860596,0.39555518627166747,0.5541517893473308,0.9989929795265198,0.5058948993682861,0.8988017400105794,0.949340283870697,0.40308713912963867,0.8924540201822917,0.9665130972862244,0.49028806686401366,1.0,0.23954789340496063,0.41184282302856445,1.0,0.29313361644744873
squat,0.44457378387451174,0.0,0.14227592945098877,0.4597780704498291,0.0,0.0263323113322258,0.42540535926818845,0.0,0.03433811292052269,0.4865722179412842,0.0,0.04019932821393013,0.39829697608947756,0.0,0.04735438525676727,0.5453229904174804,0.1304351806640625,0.8389641046524048,0.3486190319061279,0.13351879119873047,0.9179930090904236,0.6253222942352294,0.2445935090382894,0.9430186152458191,0.2838609218597412,0.2428094228108724,0.975671648979187,0.6952488899230957,0.3424706776936849,0.9464901685714722,0.2194169282913208,0.3289759318033854,0.9750253558158875,0.5171894073486328,0.55705140431722,0.9976673126220703,0.39513120651245115,0.5592105865478516,0.998458743095398,0.5063599586486817,0.9084779103597005,0.9266968369483948,0.4055809020996094,0.9040308634440104,0.9540035724639893,0.48947973251342775,1.0,0.19625802338123322,0.41820011138916013,1.0,0.2517235577106476
squat,0.4447582721710205,0.0,0.11829923093318939,0.4606045722961426,0.0,0.023535115644335747,0.42442731857299804,0.0,0.02454419992864132,0.4896139144897461,0.0,0.04028914123773575,0.3973710536956787,0.0,0.03290685638785362,0.5484323978424073,0.13466081619262696,0.8490593433380127,0.350507926940918,0.12867005666097006,0.8896293640136719,0.6375456809997558,0.24000051816304524,0.9552249908447266,0.28220720291137696,0.2201054573059082,0.969451904296875,0.7197152137756347,0.2900707244873047,0.9556779861450195,0.22228078842163085,0.2776255289713542,0.9709157347679138,0.5188316822052002,0.5519117991129557,0.9980379939079285,0.39499726295471194,0.5511380513509114,0.9984222650527954,0.5098632335662842,0.8979550679524739,0.9426130056381226,0.4042548656463623,0.8942422231038412,0.9581267833709717,0.49365887641906736,1.0,0.2370479702949524,0.41086831092834475,1.0,0.2774394154548645
squat,0.44691810607910154,0.0,0.0970655307173729,0.46307621002197263,0.0,0.019646065309643745,0.4281923770904541,0.0,0.018677514046430588,0.49063572883605955,0.0,0.036493588238954544,0.40202903747558594,0.0,0.02522687055170536,0.5429563522338867,0.12857720057169597,0.8262930512428284,0.35364933013916017,0.12359155019124349,0.866294264793396,0.6215544700622558,0.2105979283650716,0.9576385021209717,0.2778937816619873,0.20278933842976887,0.9664654731750488,0.7073310852050781,0.24068470001220704,0.9544347524642944,0.20454306602478028,0.24285863240559896,0.9671409130096436,0.5181067943572998,0.5541620890299479,0.9979327917098999,0.39793059825897215,0.5537727991739909,0.998261034488678,0.5101869106292725,0.9039198557535807,0.9338451027870178,0.39947736263275146,0.8984341939290365,0.947820782661438,0.49435009956359866,1.0,0.20652057230472565,0.401560640335083,1.0,0.23281505703926086
squat,0.44884653091430665,0.0,0.15407589077949524,0.46627378463745117,0.0,0.033129818737506866,0.43221607208251955,0.0,0.029766302555799484,0.49289960861206056,0.0,0.04928318411111832,0.40688815116882326,0.0,0.03252348303794861,0.5444241523742676,0.1300349235534668,0.8480678200721741,0.3548299551010132,0.11948156356811523,0.8976199626922607,0.642273998260498,0.19348605473836264,0.9610030651092529,0.2844224214553833,0.17985067367553711,0.9715177416801453,0.7229932308197021,0.21347341537475586,0.9622048735618591,0.20919740200042725,0.21760365168253581,0.9725578427314758,0.5153028488159179,0.5562697092692057,0.9976721405982971,0.3954674482345581,0.5532295862833659,0.9980705380439758,0.5114024162292481,0.9041627248128256,0.9242842793464661,0.39993038177490237,0.9024626413981119,0.9440560340881348,0.4988240242004395,1.0,0.17911435663700104,0.40727801322937013,1.0,0.21129369735717773
squat,0.4483026504516602,0.0,0.10471522063016891,0.4655906677246094,0.0,0.01982020027935505,0.4293352603912354,0.0,0.02277470752596855,0.4950810432434082,0.0,0.032587360590696335,0.40363783836364747,0.0026531537373860677,0.028059283271431923,0.5486968994140625,0.12606588999430338,0.8009757399559021,0.35530681610107423,0.13119258880615234,0.8415780067443848,0.6338775157928467,0.18415524164835612,0.9339130520820618,0.26780128479003906,0.19858169555664062,0.9514021873474121,0.7113848686218261,0.20105449358622232,0.9256963133811951,0.18553900718688965,0.21909419695536295,0.9507908225059509,0.5213481903076171,0.5602424621582032,0.9971991777420044,0.40032329559326174,0.5639984130859375,0.997735857963562,0.5082182884216309,0.9011096318562826,0.9041172862052917,0.4115921974182129,0.8998681386311849,0.9231945276260376,0.49533758163452146,1.0,0.17386166751384735,0.4345869064331055,1.0,0.19452041387557983
squat,0.449650239944458,0.0,0.1571461409330368,0.4670689582824707,0.0,0.03830113634467125,0.43334250450134276,0.0,0.030348559841513634,0.49556922912597656,0.0010256767272949219,0.06149107217788696,0.4106252670288086,0.0,0.02773391641676426,0.550395393371582,0.13161344528198243,0.860142707824707,0.3593734264373779,0.12359927495320638,0.8766642212867737,0.6422231197357178,0.18996111551920572,0.9635744094848633,0.2787485599517822,0.17806771596272786,0.9649551510810852,0.7236335754394532,0.1992312749226888,0.9553410410881042,0.19394593238830565,0.20782232284545898,0.9614839553833008,0.5225943088531494,0.5654170354207356,0.9979186654090881,0.3988236904144287,0.5626470565795898,0.9981112480163574,0.5225015163421631,0.9017528533935547,0.922523558139801,0.38221752643585205,0.8963148117065429,0.9348688125610352,0.5202058792114258,1.0,0.1841365545988083,0.38262348175048827,1.0,0.20070745050907135
squat,0.44710278511047363,0.0,0.3476983606815338,0.46833977699279783,0.0,0.12442688643932343,0.430954647064209,0.0,0.07210712879896164,0.5037184238433838,0.012776660919189452,0.15413199365139008,0.4118907928466797,0.004852517445882162,0.03891704976558685,0.5538713455200195,0.1572388966878255,0.9319449663162231,0.3659465551376343,0.1419268290201823,0.9144915342330933,0.6418612003326416,0.2200443108876546,0.9771572947502136,0.2993773460388184,0.20355463027954102,0.9656827449798584,0.7279217720031739,0.21729354858398436,0.9683485627174377,0.23267772197723388,0.23914211591084797,0.9603344798088074,0.5219302654266358,0.58205140431722,0.9986153841018677,0.397298264503479,0.575730578104655,0.998485267162323,0.5313387393951416,0.9104852676391602,0.9380074143409729,0.3714728355407715,0.9016517639160156,0.9402316808700562,0.5356837749481201,1.0,0.2173657864332199,0.36632015705108645,1.0,0.21927997469902039
squat,0.44818549156188964,0.10902929306030273,0.9773479700088501,0.46764359474182127,0.08511708577473959,0.9462023377418518,0.43086948394775393,0.08595863978068034,0.945033073425293,0.49883713722229006,0.10965382258097331,0.7405639886856079,0.4120005130767822,0.11146510442097982,0.6207339763641357,0.5642498016357422,0.2690431276957194,0.9742387533187866,0.3575000286102295,0.2649707794189453,0.9825710654258728,0.6468097686767578,0.39243297576904296,0.8879686594009399,0.26914253234863283,0.37747971216837567,0.9339917898178101,0.6810805320739746,0.4269328435262044,0.7782536149024963,0.2164994955062866,0.4244598388671875,0.8542397022247314,0.529127836227417,0.6706071217854818,0.9902365803718567,0.3912336349487305,0.6658754348754883,0.9924396276473999,0.5665842056274414,0.9494105656941731,0.753129243850708,0.34239003658294676,0.9275625228881836,0.8091951608657837,0.5972442150115966,1.0,0.13731352984905243,0.3365264892578125,1.0,0.16509553790092468
squat,0.45489158630371096,0.1954684575398763,0.992638111114502,0.4751953125,0.1694997787475586,0.9785747528076172,0.43631410598754883,0.16935240427652995,0.9824330806732178,0.5037239074707032,0.18444379170735678,0.8215794563293457,0.41145901679992675,0.1839063008626302,0.8249551653862,0.5664352416992188,0.33111769358317056,0.989940345287323,0.348254656791687,0.3375940958658854,0.9938070178031921,0.6566439151763916,0.4508181571960449,0.9369198679924011,0.25353231430053713,0.47694409688313805,0.9641932845115662,0.6988393783569335,0.4936952590942383,0.8523845672607422,0.20725781917572023,0.5549661000569661,0.9027886986732483,0.5313358783721924,0.7280579884847005,0.9896329641342163,0.38666338920593263,0.729168701171875,0.9919201135635376,0.5684063911437989,0.9811798095703125,0.594042956829071,0.3329904079437256,0.9618588765462239,0.6606346368789673,0.6036465644836426,1.0,0.06368286907672882,0.340830135345459,1.0,0.07524557411670685
squat,0.44879865646362305,0.26524407068888345,0.988042950630188,0.4647402286529541,0.243300724029541,0.9632292985916138,0.4360066890716553,0.2414728800455729,0.9386990666389465,0.48847665786743166,0.2618615468343099,0.7649505138397217,0.41910905838012696,0.25883576075236003,0.5543366074562073,0.5471697330474854,0.39702491760253905,0.9910745024681091,0.3585042953491211,0.4027937571207682,0.9908543825149536,0.6462441444396972,0.4829736073811849,0.9818217158317566,0.24166059494018555,0.5310133934020996,0.9720249176025391,0.6887881278991699,0.5048688570658366,0.9641371369361877,0.17848633527755736,0.6207485198974609,0.9536040425300598,0.5293976783752441,0.7798712412516277,0.985069990158081,0.3990736961364746,0.7805749893188476,0.9832069873809814,0.5784060478210449,0.9740702311197916,0.5083531737327576,0.35241820812225344,0.9647448857625326,0.4937838912010193,0.6172744750976562,1.0,0.03631538897752762,0.33677306175231936,1.0,0.035236191004514694
squat,0.45024843215942384,0.3401334762573242,0.9918360114097595,0.4703824520111084,0.3120519002278646,0.9752926230430603,0.4329859733581543,0.31233285268147787,0.9627441167831421,0.5012905120849609,0.3235658645629883,0.8388277292251587,0.41092748641967775,0.3242760976155599,0.6274718642234802,0.5562924385070801,0.4753025690714518,0.9940063953399658,0.3615421295166016,0.46614230473836266,0.9932251572608948,0.6570828914642334,0.5574455897013346,0.9840180277824402,0.26579601764678956,0.552216911315918,0.9763445854187012,0.7183536529541016,0.5778379440307617,0.9661938548088074,0.15792336463928222,0.7173834482828776,0.9474568963050842,0.5264558792114258,0.8385421752929687,0.988447368144989,0.3926349639892578,0.8320418039957682,0.9871698617935181,0.5787266254425049,0.995803960164388,0.45920902490615845,0.3259084224700928,0.9662813186645508,0.43405789136886597,0.6721633911132813,1.0,0.03581922873854637,0.34180564880371095,1.0,0.03417855501174927
squat,0.45633182525634763,0.40195541381835936,0.9965019226074219,0.4808362007141113,0.3746185302734375,0.989000678062439,0.4385467529296875,0.37072728474934896,0.9864020943641663,0.5120448112487793,0.3895235061645508,0.8634897470474243,0.411029052734375,0.37942759195963544,0.7569948434829712,0.5467350959777832,0.5279500325520833,0.9937024116516113,0.36576788425445556,0.5196447372436523,0.994449257850647,0.6518577575683594,0.6111639658610026,0.9815064668655396,0.26908278465270996,0.6210692723592123,0.9778087735176086,0.7370397090911865,0.6564565658569336,0.956672191619873,0.15218801498413087,0.7985352834065755,0.9417036771774292,0.5249823093414306,0.8862823486328125,0.9732866883277893,0.39250659942626953,0.8838897069295247,0.9719088077545166,0.5973548889160156,1.0,0.2260604351758957,0.31646342277526857,0.9840131123860677,0.2142847329378128,0.6942531585693359,1.0,0.016150759533047676,0.3246802091598511,0.9964517593383789,0.015375206246972084
squat,0.45774216651916505,0.4448402404785156,0.9974126219749451,0.48187971115112305,0.4181368827819824,0.9917740225791931,0.43886728286743165,0.41530129114786785,0.9899985194206238,0.515380573272705,0.43223578135172525,0.9001480937004089,0.4115426540374756,0.42496585845947266,0.791591227054596,0.5561163902282715,0.5640539805094401,0.9965295195579529,0.3727336168289185,0.5548069636027019,0.9964885711669922,0.6718271255493165,0.6788291931152344,0.9867513179779053,0.2708920955657959,0.6607828140258789,0.985248863697052,0.7710384368896485,0.7871068318684896,0.9576299786567688,0.14172027111053467,0.8411537170410156,0.948672890663147,0.5304637908935547,0.9006458282470703,0.9866935610771179,0.3961329460144043,0.8971881230672201,0.9860825538635254,0.6105470180511474,0.9808919270833333,0.43226227164268494,0.3147582054138184,0.9647003809611002,0.4252353608608246,0.684659194946289,0.9871966044108073,0.04814121872186661,0.2980252742767334,0.9652196884155273,0.04704776778817177
squat,0.4608473300933838,0.4706758499145508,0.9977537989616394,0.48335418701171873,0.4412336031595866,0.9922915101051331,0.43982553482055664,0.4408611297607422,0.9915976524353027,0.513113260269165,0.45752347310384117,0.8604000806808472,0.40752015113830564,0.45719896952311195,0.7987585067749023,0.5570669174194336,0.5983954111735026,0.9933381080627441,0.36387698650360106,0.6024954477945964,0.99491947889328,0.6731021404266357,0.6952927907307943,0.978734016418457,0.2502039909362793,0.708650016784668,0.9793879985809326,0.7485321044921875,0.7641955693562825,0.9515278935432434,0.12129731178283691,0.8705382029215495,0.9454861283302307,0.5429724216461181,0.9380400975545248,0.9490795731544495,0.3999058485031128,0.9417136510213217,0.9501746296882629,0.6268187522888183,0.961445172627767,0.16976012289524078,0.30515494346618655,0.9607443491617839,0.1680220365524292,0.712951374053955,0.9768838246663412,0.016015253961086273,0.29205546379089353,0.9730400085449219,0.015580027364194393
squat,0.45415868759155276,0.4624916076660156,0.9973750114440918,0.47891879081726074,0.43681246439615884,0.9910098314285278,0.4372734546661377,0.43227806091308596,0.9911242723464966,0.5103225708007812,0.45468324025472007,0.8657769560813904,0.41036376953125,0.4427615801493327,0.8072941303253174,0.5487845420837403,0.5856978098551432,0.9916915893554688,0.36262855529785154,0.5819009145100912,0.9955915212631226,0.6609102249145508,0.6595723470052083,0.9744588732719421,0.2582549095153809,0.6823516209920247,0.9840208888053894,0.7429498672485352,0.6993743896484375,0.9436280727386475,0.14409127235412597,0.81697998046875,0.9579342007637024,0.5387262821197509,0.9283728917439779,0.9551222920417786,0.3990837574005127,0.9279671986897786,0.963495135307312,0.6309237957000733,0.9816455205281576,0.2082591950893402,0.3097836017608643,0.9709803263346354,0.24591286480426788,0.7216774940490722,0.9798360188802083,0.01984957978129387,0.3057039737701416,0.9708985646565755,0.022536400705575943
squat,0.450346851348877,0.42971932093302406,0.9968024492263794,0.4758728504180908,0.4010103861490885,0.9903430938720703,0.43304944038391113,0.3978682200113932,0.9870998859405518,0.508275032043457,0.41500409444173175,0.8883935213088989,0.4070741653442383,0.4062807083129883,0.7436816692352295,0.5484006881713868,0.5573749542236328,0.9940535426139832,0.3645419359207153,0.5487242380777995,0.9942854046821594,0.6617985725402832,0.6273057301839192,0.979971706867218,0.277571964263916,0.62794189453125,0.9750745296478271,0.7471561431884766,0.6464789072672527,0.9553216695785522,0.13801310062408448,0.764395268758138,0.9374666213989258,0.5223482131958008,0.9082665125528971,0.966812789440155,0.3911791563034058,0.9023088455200196,0.964957058429718,0.5843397617340088,1.0,0.2148377001285553,0.3084743022918701,0.9734980265299479,0.20200927555561066,0.6984882831573487,1.0,0.016106288880109787,0.3371321439743042,1.0,0.015444710850715637
squat,0.4519087791442871,0.37754077911376954,0.9941998720169067,0.4720036029815674,0.3490694681803385,0.980046272277832,0.4345374584197998,0.34900779724121095,0.9786821007728577,0.4990979194641113,0.35776103337605797,0.8121182918548584,0.40992140769958496,0.35703315734863283,0.7462282180786133,0.5428945541381835,0.5000014623006185,0.9918738007545471,0.3578893423080444,0.49835046132405597,0.9944447875022888,0.622465181350708,0.5583023071289063,0.9744461178779602,0.25333051681518554,0.5757266362508138,0.9772770404815674,0.7038621425628662,0.5608644485473633,0.9461178183555603,0.13208234310150146,0.6884789148966471,0.9464613199234009,0.5238969802856446,0.8591131846110026,0.9779267907142639,0.39637835025787355,0.8569056828816731,0.9801160097122192,0.5685847282409668,0.9887502670288086,0.34260720014572144,0.3189157247543335,0.95411376953125,0.3488193154335022,0.675905179977417,1.0,0.028504658490419388,0.3492182970046997,1.0,0.02951999567449093
squat,0.4481489181518555,0.3140841166178385,0.9929684996604919,0.46840634346008303,0.28723716735839844,0.9825055599212646,0.43041119575500486,0.28724215825398763,0.9755815267562866,0.4995372772216797,0.2989076614379883,0.8715868592262268,0.41025748252868655,0.29796187082926434,0.7312921285629272,0.547298812866211,0.43980267842610676,0.9933658242225647,0.3573917865753174,0.43396307627360026,0.9923802614212036,0.6107676982879638,0.49803187052408854,0.9739819169044495,0.2604692459106445,0.5013632456461589,0.9635422229766846,0.6870282173156739,0.4901399612426758,0.925741970539093,0.20262393951416016,0.5274939854939779,0.9130933880805969,0.5252990245819091,0.8010375340779622,0.9894814491271973,0.39467530250549315,0.7968199412027995,0.9885148406028748,0.5740455627441406,0.9986499150594076,0.5355164408683777,0.3251491069793701,0.955682118733724,0.5068655610084534,0.650830078125,1.0,0.051061373203992844,0.33835949897766116,0.9946070988972981,0.048122845590114594
squat,0.4500072956085205,0.2504432678222656,0.9920726418495178,0.4703495979309082,0.22929261525472006,0.9640067219734192,0.43541831970214845,0.22583223978678385,0.9807699918746948,0.49698810577392577,0.24795106252034504,0.7467657923698425,0.41480178833007814,0.2396397590637207,0.8290998339653015,0.5502362728118897,0.38154528935750326,0.9865307211875916,0.3585263013839722,0.3779204686482747,0.9972454309463501,0.648197603225708,0.4044651031494141,0.9440534710884094,0.26912453174591067,0.4322046279907227,0.9910495281219482,0.7195048332214355,0.3927576700846354,0.8865118026733398,0.1484218120574951,0.49419918060302737,0.970884382724762,0.5202412605285645,0.7504751205444335,0.99128258228302,0.39106557369232176,0.7415510813395182,0.9959450364112854,0.5667734146118164,0.977543830871582,0.6518259048461914,0.32660233974456787,0.9338341395060221,0.8078654408454895,0.6331471920013427,1.0,0.07626286149024963,0.3387143135070801,1.0,0.12564361095428467
squat,0.44699840545654296,0.181380558013916,0.9585115313529968,0.46299023628234864,0.1628437042236328,0.8384687304496765,0.4337913036346436,0.16213353474934897,0.8856233954429626,0.48647193908691405,0.18663721084594725,0.546811580657959,0.41776537895202637,0.1852380116780599,0.5451454520225525,0.5470616340637207,0.3174000104268392,0.9756755828857422,0.3641123056411743,0.3181158701578776,0.9908041954040527,0.6379228115081788,0.3417270978291829,0.9459354877471924,0.257464599609375,0.36576722462972006,0.9830904006958008,0.7058731079101562,0.3226661682128906,0.8713645339012146,0.12132601737976074,0.4151262919108073,0.9500412940979004,0.5222361564636231,0.7076321283976237,0.9941772222518921,0.399109411239624,0.7008045832316081,0.9966033697128296,0.5558444023132324,0.9673563639322916,0.7799496650695801,0.3357644557952881,0.9294893900553386,0.8587814569473267,0.6115799903869629,1.0,0.11633045971393585,0.33240437507629395,1.0,0.1591527909040451
squat,0.44752187728881837,0.05541296005249023,0.9413495659828186,0.4705321788787842,0.03584871292114258,0.8398532271385193,0.428737211227417,0.031982008616129556,0.8036918640136719,0.5018944263458252,0.07336015701293945,0.5789192914962769,0.4052818775177002,0.06418943405151367,0.3487119674682617,0.5408380031585693,0.22499696413675943,0.9757599234580994,0.3605578184127808,0.2065348466237386,0.9762755036354065,0.6079878807067871,0.2558900515238444,0.9596925377845764,0.2664422750473022,0.23335509300231932,0.9550155997276306,0.6963747024536133,0.21921650568644205,0.9112728238105774,0.13835520744323732,0.259847625096639,0.9159014821052551,0.5145276069641114,0.6231496175130208,0.9965505599975586,0.39373030662536623,0.6135689417521158,0.9966912269592285,0.546528673171997,0.9161598205566406,0.8771926164627075,0.3520100831985474,0.8820587158203125,0.8839213252067566,0.5956676959991455,1.0,0.20309790968894958,0.35430097579956055,0.9899286270141602,0.21153968572616577
squat,0.44889583587646487,0.032772191365559894,0.6436251997947693,0.46837806701660156,0.013252512613932291,0.2776087522506714,0.43732457160949706,0.007586193084716797,0.2530533969402313,0.4964310169219971,0.036255868275960286,0.21621568500995636,0.42044706344604493,0.02153476079305013,0.11595190316438675,0.5412833213806152,0.16816832224527994,0.9574437737464905,0.3668019771575928,0.1569878896077474,0.9698858857154846,0.6232114315032959,0.18780562082926433,0.975074827671051,0.2853598117828369,0.19807936350504557,0.9811516404151917,0.7197481632232666,0.16897296905517578,0.953547477722168,0.1669235944747925,0.23058061599731444,0.9666398763656616,0.5177602291107177,0.5891719818115234,0.9987133741378784,0.40337486267089845,0.5819618225097656,0.9989425539970398,0.5371010780334473,0.9052302042643229,0.9478018879890442,0.3689064264297485,0.8759047190348307,0.9592145085334778,0.5710013389587403,1.0,0.30087384581565857,0.3760016679763794,1.0,0.33935874700546265
squat,0.4421981334686279,0.0,0.18670931458473206,0.46233563423156737,0.0,0.05456118658185005,0.43064017295837403,0.0,0.033172305673360825,0.4963400363922119,0.004776668548583984,0.09030750393867493,0.4167755603790283,0.0,0.02230287902057171,0.5443178653717041,0.13521512349446616,0.8551792502403259,0.36499629020690916,0.12497218449910481,0.8728293776512146,0.6275553703308105,0.1528697967529297,0.9604304432868958,0.2737241744995117,0.15609070460001628,0.9600588083267212,0.7222241401672364,0.15335254669189452,0.9474347233772278,0.16324491500854493,0.19877853393554687,0.9525325298309326,0.5154285430908203,0.5748413721720378,0.9978262782096863,0.39911048412322997,0.5697975158691406,0.9980378746986389,0.5220476150512695,0.9141832987467448,0.9211135506629944,0.37929506301879884,0.8998893737792969,0.9334219694137573,0.5335554599761962,1.0,0.19552479684352875,0.38467817306518554,1.0,0.2147105634212494
squat,0.44980549812316895,0.0,0.030466973781585693,0.46361470222473145,0.0,0.00485644256696105,0.4332587242126465,0.0,0.006022925488650799,0.4871053695678711,0.0015875498453776042,0.013859770260751247,0.40939674377441404,0.005659071604410807,0.013643193058669567,0.5413572788238525,0.1192946751912435,0.6826673746109009,0.35881576538085935,0.12713454564412435,0.7345020174980164,0.622506046295166,0.14390487670898439,0.9262580871582031,0.2729705810546875,0.17489411036173502,0.9419925808906555,0.7134509563446045,0.15319576263427734,0.918292224407196,0.18194196224212647,0.19691869417826335,0.9447181820869446,0.519081449508667,0.548464584350586,0.9973729848861694,0.4054997444152832,0.5519195556640625,0.9978306889533997,0.5020998001098633,0.8819492975870769,0.9296938180923462,0.4140824794769287,0.8742375055948893,0.9422332048416138,0.48565101623535156,1.0,0.2448771893978119,0.43241009712219236,1.0,0.26703646779060364
squat,0.4450235366821289,0.0,0.0748344287276268,0.46240854263305664,0.0,0.017931673675775528,0.4279242992401123,0.0,0.012676874175667763,0.4941564559936523,0.004938252766927083,0.0432298444211483,0.40816798210144045,0.007564640045166016,0.015894124284386635,0.5443686962127685,0.1276343027750651,0.8170760273933411,0.36334657669067383,0.12867234547932943,0.7732412815093994,0.6193019390106201,0.1486782709757487,0.949356734752655,0.27673683166503904,0.16496475537618002,0.9268411993980408,0.708013391494751,0.14948126475016277,0.9406003952026367,0.1988621711730957,0.18545106252034504,0.9351450204849243,0.5135292053222656,0.5361562728881836,0.9978378415107727,0.4016434669494629,0.5372409820556641,0.9977201819419861,0.4965096950531006,0.8616480509440104,0.9529091715812683,0.41568684577941895,0.8556409200032552,0.9530390501022339,0.47529234886169436,1.0,0.3475586771965027,0.43446364402771,1.0,0.3460161089897156
squat,0.445371675491333,0.0,0.08871310949325562,0.46445341110229493,0.0,0.021347807720303535,0.4255014419555664,0.0,0.01726612076163292,0.4974511623382568,0.01035614013671875,0.04181010276079178,0.40158534049987793,0.01328573226928711,0.019550103694200516,0.545341157913208,0.13898337682088216,0.7831110954284668,0.3595602512359619,0.14065059026082358,0.763410747051239,0.6202972888946533,0.15655562082926433,0.9310722351074219,0.27377355098724365,0.17183369000752766,0.9184113144874573,0.7040990352630615,0.1532779057820638,0.9233170747756958,0.1982673168182373,0.1836121718088786,0.9283174872398376,0.5164453506469726,0.5597737630208334,0.9969496130943298,0.40076165199279784,0.5619459788004557,0.9970210194587708,0.4999223232269287,0.8949622472127279,0.9188699126243591,0.41719932556152345,0.8917752583821614,0.9240612983703613,0.4753886222839355,1.0,0.22904369235038757,0.43698644638061523,1.0,0.23419208824634552
squat,0.44745426177978515,0.0,0.16518239676952362,0.46759486198425293,0.0,0.0433296337723732,0.4288775444030762,0.0,0.03334048017859459,0.49882054328918457,0.0017734209696451822,0.06653309613466263,0.4034727096557617,0.0,0.0297074057161808,0.54573655128479,0.13285417556762696,0.8469473719596863,0.35430617332458497,0.12828779220581055,0.8600664138793945,0.6322382926940918,0.1559631029764811,0.9524615406990051,0.26469082832336427,0.1642786661783854,0.9498664736747742,0.7153722763061523,0.1473719596862793,0.9481129050254822,0.17860617637634277,0.1895520528157552,0.9537979364395142,0.5136447429656983,0.5561721165974934,0.9970556497573853,0.39497718811035154,0.5558537801106771,0.9972524046897888,0.5019270896911621,0.8888755162556966,0.9286602139472961,0.40325360298156737,0.888243039449056,0.9384613037109375,0.4810438632965088,1.0,0.22445055842399597,0.4169902324676514,1.0,0.23993268609046936
squat,0.44879603385925293,0.0,0.0859237089753151,0.46830167770385744,0.0,0.019227756187319756,0.42870240211486815,0.0,0.01691749133169651,0.49955387115478517,0.012335809071858723,0.03574091196060181,0.4022815227508545,0.013018512725830078,0.01993558369576931,0.5441472053527832,0.14287223815917968,0.7813574075698853,0.35881457328796384,0.14366122881571453,0.759334921836853,0.6223259449005127,0.1650557518005371,0.934730052947998,0.2745994806289673,0.1748640537261963,0.9208930134773254,0.7112902641296387,0.1689191182454427,0.9270443320274353,0.19267585277557372,0.17921512921651203,0.9302420020103455,0.5145424365997314,0.5628047943115234,0.9972353577613831,0.3983638286590576,0.5654541651407877,0.9972444772720337,0.502871036529541,0.9024584452311198,0.9204965829849243,0.4143692970275879,0.9023449579874675,0.9240935444831848,0.47963800430297854,1.0,0.2226526141166687,0.430787992477417,1.0,0.2238280475139618
squat,0.44454517364501955,0.0,0.20482446253299713,0.46659064292907715,0.0,0.07016145437955856,0.42543458938598633,0.0,0.03466889634728432,0.5036928653717041,0.005515098571777344,0.1046392098069191,0.4037132740020752,0.004287846883138021,0.02229241095483303,0.5494328498840332,0.13891598383585613,0.8916279673576355,0.35973944664001467,0.13805561065673827,0.8078511357307434,0.626871395111084,0.17623291015625,0.9625872373580933,0.2659004688262939,0.17984326680501303,0.9104967713356018,0.7177209854125977,0.18044875462849935,0.9512625336647034,0.19957277774810792,0.16965169906616212,0.9212539792060852,0.5155636310577393,0.5581801732381185,0.9972569346427917,0.39630556106567383,0.560839589436849,0.9964152574539185,0.5039021968841553,0.8872122446695964,0.9394730925559998,0.40707988739013673,0.8900086085001627,0.9271600842475891,0.47808032035827636,1.0,0.2735688090324402,0.4218924045562744,1.0,0.24649226665496826
squat,0.44899210929870603,0.0,0.10075590014457703,0.46976022720336913,0.0,0.022955382242798805,0.42769632339477537,0.0,0.020104894414544106,0.503445816040039,0.011833763122558594,0.040336672216653824,0.400971508026123,0.01251389185587565,0.02246888354420662,0.5467630386352539,0.14310866991678875,0.8007415533065796,0.35886125564575194,0.14197831153869628,0.7913355827331543,0.6170189857482911,0.16600890159606935,0.9388155341148376,0.2795269012451172,0.17140296300252278,0.9324048757553101,0.7125703811645507,0.1613133748372396,0.9314485788345337,0.20603976249694825,0.16165151596069335,0.9384859800338745,0.5158987522125245,0.5566418965657552,0.9976309537887573,0.39737682342529296,0.5583608627319336,0.9977134466171265,0.5049840450286865,0.8916427612304687,0.9373995661735535,0.4097574710845947,0.8872591018676758,0.9425275325775146,0.48073453903198243,1.0,0.27623188495635986,0.4240724563598633,1.0,0.2846013307571411
squat,0.4538388252258301,0.0,0.08133649826049805,0.47342753410339355,0.0,0.017611045390367508,0.4331964492797852,0.0,0.015862688422203064,0.5030262470245361,0.010861396789550781,0.030422162264585495,0.4040318489074707,0.00842116673787435,0.019095487892627716,0.5440714836120606,0.14217139879862467,0.7827837467193604,0.3591053009033203,0.13676522572835287,0.7376987934112549,0.6187886238098145,0.16330803235371907,0.9421728849411011,0.2766960859298706,0.1616195519765218,0.9176578521728516,0.7106132507324219,0.1408537228902181,0.9336078763008118,0.20086314678192138,0.1426267941792806,0.9295169711112976,0.5178429126739502,0.5621206919352214,0.9976028800010681,0.40009336471557616,0.5630933125813802,0.9974276423454285,0.5107808589935303,0.9022179285685221,0.9347506761550903,0.4119575977325439,0.8988824844360351,0.9331356883049011,0.49022641181945803,1.0,0.2640281617641449,0.4238700866699219,1.0,0.25562968850135803
squat,0.45572409629821775,0.0,0.07008969038724899,0.4757201671600342,0.0,0.014150976203382015,0.4365059852600098,0.0,0.013801158405840397,0.5025795459747314,0.009871896107991536,0.027738351374864578,0.40581793785095216,0.0,0.021001119166612625,0.5429581642150879,0.143329922358195,0.7807151675224304,0.35317034721374513,0.13185443878173828,0.8123266100883484,0.6224292755126953,0.16567924817403157,0.9514917135238647,0.2772716999053955,0.15468931198120117,0.9531184434890747,0.7141623020172119,0.14097185134887696,0.9481517672538757,0.1908579111099243,0.13393386205037436,0.9572674036026001,0.5179497241973877,0.5593425750732421,0.9982783794403076,0.39770667552947997,0.5581466674804687,0.9984176158905029,0.5131926536560059,0.9084513346354167,0.9420075416564941,0.39917569160461425,0.905383046468099,0.9503703117370605,0.49723038673400877,1.0,0.251349538564682,0.41025452613830565,1.0,0.26735445857048035
squat,0.45811638832092283,0.0,0.07343420386314392,0.4756800174713135,0.0,0.012348917312920094,0.4386650562286377,0.0,0.015764912590384483,0.4997415542602539,0.00762176513671875,0.02223428525030613,0.4077796936035156,0.0020663897196451825,0.026393948122859,0.5436542510986329,0.1409557819366455,0.7793781757354736,0.35697529315948484,0.13352594375610352,0.846828281879425,0.6250827789306641,0.16625086466471353,0.9496297836303711,0.2908497333526611,0.16380443572998046,0.9658536314964294,0.7180747985839844,0.15078239440917968,0.9476730823516846,0.20349485874176027,0.1574684460957845,0.9667342305183411,0.5168776035308837,0.5631441116333008,0.9984170198440552,0.39804508686065676,0.5616381963094076,0.9987286925315857,0.5116898536682128,0.911447016398112,0.9426469802856445,0.3971393346786499,0.9032816569010417,0.9568722248077393,0.49933524131774903,1.0,0.2492433786392212,0.4047292709350586,1.0,0.2825593054294586
squat,0.46031842231750486,0.0,0.0772995725274086,0.47714719772338865,0.0,0.013295157812535763,0.44094085693359375,0.0,0.0179864801466465,0.5010203361511231,0.002976067860921224,0.020892173051834106,0.40989322662353517,0.00031092961629231773,0.027020620182156563,0.5466448783874511,0.1379373550415039,0.7413220405578613,0.3600412368774414,0.13040059407552082,0.8226379752159119,0.6356237411499024,0.18406041463216147,0.9339279532432556,0.28968658447265627,0.1771841049194336,0.9573848247528076,0.7309452056884765,0.1767702579498291,0.931352972984314,0.1939678192138672,0.19049266179402669,0.9578498005867004,0.5201149940490722,0.5670848846435547,0.9977031350135803,0.4007513999938965,0.5657408396402995,0.9981984496116638,0.5166534900665283,0.9077206929524739,0.9203471541404724,0.39578900337219236,0.9027015686035156,0.9409437775611877,0.5148313045501709,1.0,0.2082880586385727,0.40116057395935056,1.0,0.2392701953649521
squat,0.45714669227600097,0.0,0.28899091482162476,0.4758881092071533,0.0,0.07911688834428787,0.44026808738708495,0.0,0.06304281949996948,0.5026935577392578,0.0010663668314615886,0.08948928862810135,0.4140129566192627,0.0,0.04285465180873871,0.5522960186004638,0.14178269704182941,0.9160069823265076,0.3613414287567139,0.12743651072184245,0.9138111472129822,0.657078742980957,0.1890543301900228,0.9737526178359985,0.2701138496398926,0.16122865676879883,0.9681528806686401,0.7442421436309814,0.18774019877115886,0.9649604558944702,0.1663994550704956,0.18787927627563478,0.9641537070274353,0.523877477645874,0.563072141011556,0.9986295700073242,0.40108661651611327,0.5595107396443685,0.9986270666122437,0.5278289794921875,0.8843788146972656,0.9547435641288757,0.38163080215454104,0.8873603185017903,0.9587076902389526,0.5287113666534424,1.0,0.29726463556289673,0.3778987884521484,1.0,0.30522850155830383
squat,0.44931492805480955,0.02043495178222656,0.6207969188690186,0.46713786125183104,0.0,0.3442626893520355,0.4342209815979004,0.0,0.24192209541797638,0.49599390029907225,0.02914714813232422,0.2727593183517456,0.41620593070983886,0.027104568481445313,0.09071338176727295,0.5533197402954102,0.17951119740804036,0.9463546872138977,0.3648426294326782,0.16800537109375,0.9206664562225342,0.6564754486083985,0.24745359420776367,0.9591875076293945,0.2717276096343994,0.22516345977783203,0.9285876154899597,0.7385937213897705,0.23132556279500324,0.9269551038742065,0.16357314586639404,0.2503442923227946,0.9022419452667236,0.5179937839508056,0.5952816645304362,0.9974141120910645,0.39624729156494143,0.5899803161621093,0.9969694018363953,0.5406952381134034,0.9136774063110351,0.9247456192970276,0.3763478994369507,0.9036385854085286,0.9215725660324097,0.5659449577331543,1.0,0.2587369382381439,0.37243764400482177,1.0,0.2517284154891968
squat,0.45334587097167967,0.07932662963867188,0.887962818145752,0.4684279918670654,0.056627623240153,0.7135633826255798,0.43454923629760744,0.059617169698079425,0.7235707640647888,0.4925551891326904,0.08406667709350586,0.44725197553634644,0.4108137130737305,0.09163767496744792,0.3756626844406128,0.5630682468414306,0.24941158294677734,0.9557522535324097,0.35958447456359866,0.23584043184916179,0.9690749049186707,0.6289390087127685,0.4210253079732259,0.9049373269081116,0.29957115650177,0.31214027404785155,0.9452285766601562,0.6407464981079102,0.5611542383829753,0.831275224685669,0.23701088428497313,0.3009325663248698,0.8980578184127808,0.5284820079803467,0.6557593027750651,0.9917981624603271,0.3940932035446167,0.6470046997070312,0.9936996698379517,0.5558967590332031,0.945974858601888,0.72966468334198,0.35914101600646975,0.9157456715901693,0.7877990007400513,0.5796901702880859,1.0,0.10284879058599472,0.36206345558166503,1.0,0.1262306571006775
squat,0.45914759635925295,0.16440610885620116,0.9883183240890503,0.47597355842590333,0.1420501708984375,0.9500669836997986,0.44242358207702637,0.1412959098815918,0.9712035059928894,0.4987819671630859,0.16292397181193033,0.6852808594703674,0.4190028190612793,0.1606453577677409,0.7984818816184998,0.5575337886810303,0.316676394144694,0.9893529415130615,0.3618282079696655,0.30683422088623047,0.9950915575027466,0.6497215270996094,0.420853328704834,0.9524939060211182,0.27771244049072263,0.40915025075276695,0.9827854037284851,0.7013652801513672,0.40939833323160807,0.8960195183753967,0.20620174407958985,0.45263665517171225,0.954067051410675,0.5270755290985107,0.705694580078125,0.9949852228164673,0.39731831550598146,0.6991254170735677,0.9967371821403503,0.5642382621765136,0.9798683166503906,0.759747326374054,0.35160508155822756,0.9533647537231446,0.8368740677833557,0.6092408180236817,1.0,0.09783441573381424,0.34969496726989746,1.0,0.12880709767341614
squat,0.45415940284729006,0.24652382532755535,0.9890417456626892,0.47107501029968263,0.2233700116475423,0.9558318853378296,0.44042601585388186,0.22233489354451497,0.9598522782325745,0.4968687057495117,0.24027229944864908,0.7675234079360962,0.42360386848449705,0.23687515258789063,0.7107701301574707,0.5554033279418945,0.39022534688313804,0.9944565296173096,0.36894521713256834,0.38037951787312824,0.9958765506744385,0.6597371101379395,0.4753657658894857,0.9830144643783569,0.28460848331451416,0.4630480448404948,0.9881431460380554,0.7526443481445313,0.5206774393717448,0.952404797077179,0.1820894479751587,0.5577589670817057,0.964097797870636,0.523350715637207,0.7560587565104167,0.9962809681892395,0.39685258865356443,0.7482470830281576,0.9968389272689819,0.5832166194915771,0.9792331695556641,0.7436425685882568,0.33836538791656495,0.9406768798828125,0.784437894821167,0.658684492111206,1.0,0.08474215120077133,0.3327923059463501,1.0,0.09848382323980331
squat,0.4635153293609619,0.3243597666422526,0.9963570237159729,0.4861177921295166,0.2959575653076172,0.9858582615852356,0.4436943054199219,0.294778569539388,0.9877980351448059,0.5166658878326416,0.3114036560058594,0.8478574752807617,0.41515002250671384,0.3072996457417806,0.8255680203437805,0.5622140884399414,0.46531155904134114,0.9956274032592773,0.36711094379425047,0.44969450632731117,0.9967616200447083,0.6652730941772461,0.5629112243652343,0.981259286403656,0.2773573875427246,0.5260444323221842,0.9861472249031067,0.7569588661193848,0.6369775772094727,0.9516938328742981,0.16382055282592772,0.6551204681396484,0.9594366550445557,0.5277020454406738,0.8186409632364909,0.9912809729576111,0.3937259912490845,0.8108892440795898,0.9923685193061829,0.5859792232513428,0.9923105875651042,0.4881553649902344,0.3282383918762207,0.9590733846028646,0.5239781141281128,0.6728376865386962,1.0,0.038695380091667175,0.3370011806488037,0.996820576985677,0.04251256585121155
squat,0.4618658542633057,0.3879083633422852,0.994967520236969,0.4837638854980469,0.36502971649169924,0.9848723411560059,0.4480732440948486,0.3609453837076823,0.978333055973053,0.5131284713745117,0.3834887822469076,0.8645017743110657,0.4264390468597412,0.3721804936726888,0.6854814291000366,0.5596662998199463,0.5247392972310384,0.9937328696250916,0.3765037775039673,0.5078912417093913,0.9936497807502747,0.6842654705047607,0.6152900695800781,0.9838995933532715,0.2833117961883545,0.5895780563354492,0.9785166382789612,0.7583011627197266,0.6709259033203125,0.9616538882255554,0.1720674753189087,0.7036740620930989,0.949382483959198,0.5309170246124267,0.883197530110677,0.9780018925666809,0.3965869426727295,0.8739722569783529,0.9758749008178711,0.6070890426635742,0.9961238225301107,0.2964162230491638,0.31644110679626464,0.9729851404825847,0.28648144006729126,0.6982272148132325,0.9944698333740234,0.021926896646618843,0.3188154220581055,0.9685478210449219,0.021250298246741295
squat,0.4711167335510254,0.44454421997070315,0.9972870349884033,0.49590086936950684,0.42000548044840497,0.9918021559715271,0.4562685966491699,0.41350170771280925,0.9890987873077393,0.5276477813720704,0.43619391123453777,0.9026356935501099,0.431356143951416,0.4184425671895345,0.7748255729675293,0.5669881343841553,0.5747577667236328,0.9960705041885376,0.379461669921875,0.5523780822753906,0.9955358505249023,0.6896326065063476,0.6760701497395833,0.9870820045471191,0.2819326400756836,0.6336654663085938,0.9822404980659485,0.7863338947296142,0.7787858963012695,0.9610661268234253,0.16814959049224854,0.7735481897989909,0.9472753405570984,0.5371581077575683,0.9169352213541667,0.9812637567520142,0.39921252727508544,0.908056640625,0.9786417484283447,0.6300241470336914,0.9823697408040365,0.30465784668922424,0.3108834981918335,0.9572148640950521,0.28367161750793457,0.7198561668395996,0.9949150085449219,0.026385020464658737,0.306932258605957,0.9649676005045573,0.024549337103962898
squat,0.4744132995605469,0.4668762524922689,0.9971562623977661,0.4993272304534912,0.4439664840698242,0.9922086000442505,0.4586189270019531,0.4402879397074381,0.9877619743347168,0.5334283828735351,0.4652740796407064,0.9051548838615417,0.43454828262329104,0.4544492721557617,0.7371304035186768,0.5754136085510254,0.5915551503499349,0.9953575730323792,0.3825045108795166,0.583996836344401,0.9948817491531372,0.7023172855377198,0.6988885243733723,0.9854040741920471,0.26187710762023925,0.6871318817138672,0.979546844959259,0.7937983512878418,0.8078433354695638,0.9653161764144897,0.16139650344848633,0.8098723093668619,0.9540695548057556,0.5363322257995605,0.9382662455240885,0.9743194580078125,0.3969531536102295,0.9365854899088542,0.9711571931838989,0.6102741718292236,0.9540335973103841,0.4049263894557953,0.31711111068725584,0.9542950948079427,0.387504905462265,0.6601014614105225,0.9677008310953776,0.05690104514360428,0.30517234802246096,0.9683926900227865,0.05290964990854263
squat,0.47878313064575195,0.4629718144734701,0.9974763989448547,0.5023527622222901,0.4374082883199056,0.9912412166595459,0.45931282043457033,0.4355963071187337,0.9909312725067139,0.5330014228820801,0.4594637235005697,0.8627792596817017,0.43067259788513185,0.45457003911336263,0.8033114671707153,0.570039939880371,0.5974244435628255,0.9939252734184265,0.3845322608947754,0.585134760538737,0.9954256415367126,0.6819740295410156,0.6694746653238932,0.9813585877418518,0.2867897033691406,0.6559492111206054,0.983170211315155,0.7707148551940918,0.6957786560058594,0.9590400457382202,0.1702141523361206,0.7530541102091471,0.9584357142448425,0.5301937103271485,0.9372385025024415,0.972440242767334,0.39195027351379397,0.9300186157226562,0.9729297161102295,0.6161280632019043,0.9727139155069987,0.297492116689682,0.3025569677352905,0.9510142008463541,0.3092081844806671,0.7024291038513184,1.0,0.030062077566981316,0.29169986248016355,0.9785525639851888,0.030596062541007996
squat,0.4777379512786865,0.4269959767659505,0.9971323013305664,0.503467607498169,0.40025513966878257,0.9903979301452637,0.4608773231506348,0.39640445709228517,0.9895581603050232,0.5322026252746582,0.41886657079060874,0.8622459173202515,0.43097610473632814,0.40588499704996744,0.7918685674667358,0.566304349899292,0.5614720662434896,0.9936667084693909,0.37909133434295655,0.5416036605834961,0.9944907426834106,0.6878654956817627,0.6185290018717448,0.9802302718162537,0.28781728744506835,0.5886053721110026,0.9768357276916504,0.7692936897277832,0.6334237416585287,0.9615815877914429,0.16650722026824952,0.6850955963134766,0.9517890214920044,0.5316164016723632,0.9048530578613281,0.9691912531852722,0.39787333011627196,0.8961531321207682,0.9676978588104248,0.588298225402832,0.9850920995076498,0.24259643256664276,0.3064344644546509,0.965474001566569,0.2329370677471161,0.7049274444580078,1.0,0.01848832704126835,0.3404055118560791,1.0,0.017593491822481155
squat,0.4792024612426758,0.36673507690429685,0.9968472123146057,0.5025484085083007,0.33972835540771484,0.9874053597450256,0.4608184337615967,0.33752600351969403,0.9900100827217102,0.5301500797271729,0.3551980972290039,0.8409106135368347,0.43158664703369143,0.3475436528523763,0.845632016658783,0.5640061855316162,0.49922072092692055,0.9948118925094604,0.37861132621765137,0.4825443267822266,0.9964446425437927,0.6551095962524414,0.558985710144043,0.9785656332969666,0.2832770347595215,0.5360778172810873,0.9831246137619019,0.7553833961486817,0.5725549062093099,0.9478603601455688,0.1537618637084961,0.6362436930338542,0.9535855054855347,0.5283493995666504,0.8460137049357096,0.9853702783584595,0.4007408142089844,0.8379662831624349,0.9870995879173279,0.5775775909423828,0.9917969385782878,0.394449383020401,0.32597646713256834,0.9535991668701171,0.410747230052948,0.6913069725036621,1.0,0.030519485473632812,0.359299898147583,1.0,0.031799234449863434
squat,0.47515020370483396,0.30477860768636067,0.9961913824081421,0.498720121383667,0.2815699259440104,0.9860624670982361,0.4592458724975586,0.2757974942525228,0.9888877272605896,0.526829719543457,0.29987373352050783,0.8482058048248291,0.4341078281402588,0.28479086558024086,0.8334082365036011,0.5628157138824463,0.43621431986490883,0.994037389755249,0.3793079376220703,0.4165931701660156,0.9964187145233154,0.6533416748046875,0.4856284459431966,0.9750471115112305,0.28520379066467283,0.46849552790323895,0.9844724535942078,0.7438453674316406,0.4821845372517904,0.9279752969741821,0.159598445892334,0.5276491165161132,0.94989013671875,0.5270322799682617,0.7982224782307943,0.9918246865272522,0.39739887714385985,0.7860232671101888,0.9933604598045349,0.5926191806793213,0.98573792775472,0.5600736141204834,0.322845983505249,0.9380221048990885,0.6095950603485107,0.6823183059692383,1.0,0.05570957437157631,0.3315393924713135,0.9826402028401693,0.06344447284936905
squat,0.4733022689819336,0.23930403391520183,0.9932578802108765,0.4942209243774414,0.21884851455688475,0.9751996397972107,0.4594003677368164,0.21317249933878582,0.9819714426994324,0.519526195526123,0.23710594177246094,0.7963385581970215,0.43715658187866213,0.2238253911336263,0.7916761040687561,0.5680855274200439,0.3708697636922201,0.9901390075683594,0.3776296854019165,0.3600824991861979,0.9955090284347534,0.6708760738372803,0.39999688466389977,0.9573907256126404,0.2692768096923828,0.39318917592366537,0.9823586344718933,0.7500880718231201,0.4037639617919922,0.8843797445297241,0.12047784328460694,0.42828410466512046,0.9421664476394653,0.5306939601898193,0.7444178263346354,0.9933149218559265,0.4018576145172119,0.7339438120524089,0.9954322576522827,0.5883130550384521,0.9722930908203125,0.7259073257446289,0.3371292591094971,0.9305735270182292,0.7997908592224121,0.6495508193969727,1.0,0.1088491752743721,0.33449909687042234,1.0,0.13927941024303436
squat,0.4749328136444092,0.18050543467203775,0.9873666763305664,0.49530277252197263,0.15853665669759115,0.9522148370742798,0.45934152603149414,0.15381088256835937,0.9703153371810913,0.5193476676940918,0.17875893910725912,0.6889938116073608,0.43477764129638674,0.16712379455566406,0.7652593851089478,0.5630712985992432,0.32614688873291015,0.9824697971343994,0.375345516204834,0.3072858174641927,0.9924445748329163,0.6411734580993652,0.3543307940165202,0.9305473566055298,0.2832754611968994,0.33578694661458336,0.9723439812660217,0.6988181114196778,0.31183929443359376,0.8589228391647339,0.16756825447082518,0.35502166748046876,0.9320778846740723,0.5268998146057129,0.7130915323893229,0.9912148714065552,0.40262513160705565,0.6998905181884766,0.9942324757575989,0.5642929077148438,0.9767229715983073,0.636108934879303,0.35130858421325684,0.9248593012491862,0.7248051762580872,0.6349347591400146,1.0,0.07242798060178757,0.37461161613464355,1.0,0.09366220980882645
squat,0.4723519802093506,0.12743269602457682,0.9881860017776489,0.4941530704498291,0.10751183827718098,0.9669259786605835,0.4569873809814453,0.10247284571329753,0.961142897605896,0.5213331699371337,0.1314668337504069,0.8045849800109863,0.43559904098510743,0.11957988739013672,0.653661847114563,0.5643854141235352,0.2710659662882487,0.9904438853263855,0.37959561347961424,0.2557108720143636,0.9903286099433899,0.6477580547332764,0.27853323618570963,0.96787428855896,0.2844913721084595,0.2729796409606934,0.9616588950157166,0.7323408126831055,0.238045072555542,0.910283088684082,0.15303850173950195,0.29627641042073566,0.9076263904571533,0.5274660110473632,0.6647712707519531,0.9960636496543884,0.4038815498352051,0.6530266443888346,0.9960137605667114,0.5755673408508301,0.9367992401123046,0.8236085772514343,0.3540073871612549,0.8873447418212891,0.8263431787490845,0.6474601745605468,1.0,0.15677304565906525,0.3681398153305054,0.9950606028238932,0.16087935864925385
squat,0.4720177173614502,0.06616779963175455,0.945249080657959,0.4917290210723877,0.046251932779947914,0.8348322510719299,0.4549797534942627,0.043451150258382164,0.8268147110939026,0.5176710605621337,0.0763962745666504,0.5223456025123596,0.432501220703125,0.0697209358215332,0.39716121554374695,0.5605105876922607,0.22202091217041015,0.9728642702102661,0.37825961112976075,0.20758624076843263,0.9773338437080383,0.6497259140014648,0.22119064331054689,0.9552015662193298,0.2665786981582642,0.2050135294596354,0.9565947651863098,0.7642230033874512,0.1616501808166504,0.8899047374725342,0.12330813407897949,0.1891805330912272,0.9059341549873352,0.528294849395752,0.6338287353515625,0.9954511523246765,0.406831693649292,0.6262296040852865,0.995762825012207,0.568294095993042,0.928394635518392,0.8144651055335999,0.36425981521606443,0.8940971374511719,0.8307293653488159,0.626665735244751,1.0,0.13108143210411072,0.3643380641937256,0.9916287740071614,0.1400851309299469
squat,0.4725470066070557,0.055008347829182944,0.707892894744873,0.4887543201446533,0.03613440195719401,0.336395800113678,0.4625550746917725,0.030513731638590495,0.3761957287788391,0.5076173782348633,0.052411556243896484,0.18217450380325317,0.44360761642456054,0.03924484252929687,0.16740135848522186,0.5571884155273438,0.17694228490193684,0.9139230251312256,0.3785102367401123,0.16751060485839844,0.9631593227386475,0.6689151763916016,0.1850921630859375,0.9395751953125,0.2748847007751465,0.16900676091512043,0.9748926162719727,0.7513959884643555,0.15342451731363932,0.9102565050125122,0.1317293405532837,0.1387446085611979,0.9553762078285217,0.5209712505340576,0.6021490732828776,0.9960284233093262,0.4045380115509033,0.5971731821695964,0.9973140358924866,0.553807258605957,0.9188714345296224,0.8672997355461121,0.3782650470733643,0.9082126617431641,0.9159116744995117,0.5798104763031006,1.0,0.15794606506824493,0.37025985717773435,1.0,0.20805124938488007
squat,0.4620863914489746,0.0,0.08384785056114197,0.4776328086853027,0.0,0.01891191303730011,0.4516128063201904,0.0,0.018871665000915527,0.5027480125427246,0.005783462524414062,0.04042552039027214,0.43822436332702636,0.0,0.02313133515417576,0.56100492477417,0.1364043394724528,0.7120035290718079,0.37574477195739747,0.12465400695800781,0.8361300826072693,0.6578425407409668,0.14645519256591796,0.9049727916717529,0.2701117992401123,0.13098141352335613,0.9534326195716858,0.7499510765075683,0.09834756851196289,0.8794185519218445,0.13560149669647217,0.109239927927653,0.9359036087989807,0.5263679504394532,0.5668052037556967,0.9969690442085266,0.40927348136901853,0.5606112162272135,0.9979249238967896,0.5326372146606445,0.901721700032552,0.9126235842704773,0.39379191398620605,0.8839633941650391,0.9433659315109253,0.5472689628601074,1.0,0.21982160210609436,0.40390405654907224,1.0,0.27769139409065247
squat,0.4705087661743164,0.0,0.04303508996963501,0.48297643661499023,0.0,0.006981565151363611,0.453287935256958,0.0,0.01100448053330183,0.5022757530212403,0.0,0.013794553466141224,0.4262655258178711,0.0,0.02307121269404888,0.5590670585632325,0.12256460189819336,0.6210637092590332,0.3650623321533203,0.12054061889648438,0.794176459312439,0.6532255172729492,0.14243507385253906,0.886570155620575,0.2589744567871094,0.14444414774576822,0.9509453773498535,0.7456921100616455,0.09548352559407552,0.8807041049003601,0.15001177787780762,0.11760406494140625,0.9469519853591919,0.5301459312438965,0.5422521591186523,0.9969424605369568,0.41100401878356935,0.5425683339436849,0.9979877471923828,0.5156798362731934,0.8732522328694662,0.9404046535491943,0.40715460777282714,0.8688483556111654,0.9623448252677917,0.5032627582550049,1.0,0.3085073232650757,0.4125389575958252,1.0,0.3745930790901184
squat,0.4627035140991211,0.0,0.0201712679117918,0.47483129501342775,0.0,0.00336775672622025,0.448095703125,0.0,0.003923576325178146,0.49599466323852537,0.005663712819417317,0.012058078311383724,0.4273238658905029,0.006085395812988281,0.010965889319777489,0.5525940418243408,0.13126068115234374,0.627843976020813,0.3702204465866089,0.12019557952880859,0.7440032362937927,0.6455131053924561,0.14634056091308595,0.9237253665924072,0.272221040725708,0.12946243286132814,0.9530156850814819,0.7422957420349121,0.09375648498535157,0.9200167655944824,0.15879440307617188,0.11610902150472005,0.9523760080337524,0.523032283782959,0.5377206166585287,0.9979829788208008,0.41162881851196287,0.5339131673177083,0.9984719157218933,0.5074662208557129,0.8770271301269531,0.9561884999275208,0.41648664474487307,0.8680196126302083,0.9690751433372498,0.4989452838897705,1.0,0.3405759930610657,0.4257746696472168,1.0,0.3937925696372986
squat,0.46695685386657715,0.0,0.03066570870578289,0.4807939052581787,0.0,0.005233583506196737,0.4501220703125,0.0,0.0057578301057219505,0.5026427745819092,0.012618255615234376,0.015437699854373932,0.42600040435791015,0.011971441904703777,0.013649700209498405,0.5535369396209717,0.14235866864522298,0.7228313088417053,0.3709807634353638,0.13385043144226075,0.7165741920471191,0.64202880859375,0.15557360649108887,0.9354445934295654,0.2712485074996948,0.154246457417806,0.9264916181564331,0.746524715423584,0.10632921854654948,0.9197837710380554,0.1765214681625366,0.13683430353800455,0.9291160702705383,0.5232084274291993,0.5619160970052083,0.9974862337112427,0.4120205879211426,0.5597859700520833,0.9975469708442688,0.5031216621398926,0.8979314804077149,0.932288408279419,0.42845935821533204,0.8867437362670898,0.9365102648735046,0.4804995536804199,1.0,0.24436987936496735,0.4444597244262695,1.0,0.24843648076057434
squat,0.4635326862335205,0.0,0.040913451462984085,0.4815103054046631,0.0,0.007077852264046669,0.44379382133483886,0.0,0.008409274742007256,0.5074074745178223,0.011495717366536458,0.017297931015491486,0.4140634536743164,0.005614280700683594,0.01768907532095909,0.5501248836517334,0.1448678970336914,0.7077420949935913,0.3615973949432373,0.13070990244547526,0.7991611361503601,0.6308079242706299,0.15750144322713217,0.9355114102363586,0.2750558853149414,0.1497426986694336,0.9560368657112122,0.7362371444702148,0.10322062174479167,0.9351169466972351,0.1726243495941162,0.14708697001139323,0.9596523642539978,0.5240344524383544,0.5466607411702474,0.9981040954589844,0.40784568786621095,0.5436319351196289,0.9985028505325317,0.5109111309051514,0.882198715209961,0.9554725885391235,0.4159860610961914,0.8749855041503907,0.9671542048454285,0.49629826545715333,1.0,0.3339386582374573,0.4304558277130127,1.0,0.37733736634254456
squat,0.4606297969818115,0.0,0.035458482801914215,0.47747011184692384,0.0,0.006299792788922787,0.4423253536224365,0.0,0.007324053905904293,0.5040150642395019,0.012294737497965495,0.01733909733593464,0.4169029235839844,0.008887926737467447,0.01588842086493969,0.5520092964172363,0.14537007013956707,0.6759961843490601,0.3645975589752197,0.13464002609252929,0.7929098010063171,0.6341886997222901,0.15653839111328124,0.9251489043235779,0.27662835121154783,0.15692472457885742,0.9565836191177368,0.7379814147949219,0.0998475710550944,0.9234950542449951,0.17498722076416015,0.15246464411417643,0.9573733806610107,0.525523567199707,0.5510391235351563,0.9980923533439636,0.40944681167602537,0.5482903798421224,0.99859219789505,0.5135287761688232,0.8900033950805664,0.9543678164482117,0.41375579833984377,0.8817920684814453,0.9687198400497437,0.4999323844909668,1.0,0.33447718620300293,0.42488598823547363,1.0,0.39040878415107727
squat,0.46385869979858396,0.0,0.060048285871744156,0.4825302600860596,0.0,0.01098125521093607,0.4442149639129639,0.0,0.013312051072716713,0.508881950378418,0.011638196309407552,0.022063961252570152,0.41442112922668456,0.0038057963053385415,0.022677255794405937,0.5528679847717285,0.14731729825337728,0.7187777757644653,0.36320512294769286,0.13337602615356445,0.8210000991821289,0.6370436668395996,0.1520893414815267,0.9272451400756836,0.2777494192123413,0.14817352294921876,0.9562591910362244,0.7322885990142822,0.09807259241739909,0.927251935005188,0.17801711559295655,0.1491972287495931,0.9584757089614868,0.5279640674591064,0.5556053797403971,0.9979248046875,0.4103184700012207,0.5515902201334636,0.9984447360038757,0.5126993656158447,0.892471440633138,0.9474751949310303,0.41035919189453124,0.8850369135538737,0.9630610942840576,0.4941901206970215,1.0,0.30672305822372437,0.4203963756561279,1.0,0.3552963435649872
squat,0.4609257698059082,0.0,0.08169501274824142,0.4801142692565918,0.0,0.016428841277956963,0.4429734706878662,0.0,0.01888781040906906,0.507489824295044,0.014032999674479166,0.030875980854034424,0.41629576683044434,0.003975232442220052,0.02706919051706791,0.5526831150054932,0.148299773534139,0.7376481294631958,0.36448192596435547,0.1334059715270996,0.8471027612686157,0.6356261253356934,0.1570695718129476,0.92081218957901,0.2761988162994385,0.1494263013203939,0.958229124546051,0.727297592163086,0.10168352127075195,0.9179218411445618,0.1697979211807251,0.14471044540405273,0.9570499658584595,0.5293939113616943,0.5524001439412435,0.9978259205818176,0.4126762866973877,0.5477983474731445,0.9984651803970337,0.5181491851806641,0.8944262822469076,0.9478617906570435,0.41089906692504885,0.8859090169270833,0.9655048251152039,0.5030546665191651,1.0,0.3132575750350952,0.4212339878082275,1.0,0.3744884729385376
squat,0.4633815288543701,0.0,0.11009381711483002,0.4819004058837891,0.0,0.02535400725901127,0.44704327583312986,0.0,0.024753687903285027,0.5085575103759765,0.012886142730712891,0.04551832750439644,0.4236164569854736,0.003344567616780599,0.029712824150919914,0.5529883861541748,0.14697038332621257,0.7832878828048706,0.36894998550415037,0.13196760813395184,0.8613807559013367,0.6312419414520264,0.1588749885559082,0.9295257329940796,0.26872122287750244,0.14578170776367189,0.9544295072555542,0.7219499588012696,0.09963728586832682,0.9178491830825806,0.1523533582687378,0.13084586461385092,0.9497354626655579,0.5271451950073243,0.5598882675170899,0.9978704452514648,0.4131103515625,0.5555704752604167,0.9983793497085571,0.5195975303649902,0.9032047907511394,0.9463050365447998,0.4124003887176514,0.8943068186442057,0.9613279104232788,0.510553503036499,1.0,0.3068719208240509,0.42417163848876954,1.0,0.3551986813545227
squat,0.47090983390808105,0.0,0.02966770902276039,0.48229303359985354,0.0,0.004519794601947069,0.4546330451965332,0.0,0.006794033572077751,0.5008906364440918,0.008173529307047527,0.011561903171241283,0.43133368492126467,0.012112967173258464,0.01683509349822998,0.5562909603118896,0.1354586124420166,0.6387049555778503,0.37420053482055665,0.13243096669514973,0.7229982018470764,0.6447044372558594,0.15252013206481935,0.9026038646697998,0.26744585037231444,0.15796387990315755,0.9334959983825684,0.737568712234497,0.0941502571105957,0.8811803460121155,0.16928472518920898,0.13131669362386067,0.9285385012626648,0.5294283866882324,0.5685626983642578,0.9967864751815796,0.41676034927368166,0.5684794108072917,0.9974598288536072,0.5159388065338135,0.9122355143229167,0.9090293049812317,0.4286355972290039,0.9029382069905599,0.9285112619400024,0.5003331184387207,1.0,0.19689886271953583,0.4375546932220459,1.0,0.22038625180721283
squat,0.47620458602905275,0.0,0.03031955286860466,0.4877800464630127,0.0,0.004447602666914463,0.4604428768157959,0.0,0.007681495510041714,0.5054141044616699,0.0077241261800130205,0.010371904820203781,0.43660750389099123,0.00964215596516927,0.019139105454087257,0.5591201782226562,0.13447100321451824,0.5998415946960449,0.37702367305755613,0.12956275939941406,0.7226818203926086,0.6509660243988037,0.15277450879414875,0.880211353302002,0.2708096981048584,0.15849822362263996,0.9324923753738403,0.7488120079040528,0.09685096740722657,0.8574216365814209,0.17126157283782958,0.13994169235229492,0.9251053333282471,0.5281162261962891,0.5655068715413412,0.9965272545814514,0.4152978420257568,0.564444096883138,0.9974604845046997,0.5137420654296875,0.9024545033772786,0.9170054197311401,0.4217521190643311,0.8937087376912435,0.9399896860122681,0.499478816986084,1.0,0.23725661635398865,0.4290130615234375,1.0,0.27423912286758423
squat,0.4774345397949219,0.0,0.03414680436253548,0.48873538970947267,0.0,0.0053300512954592705,0.46277809143066406,0.0,0.008796961046755314,0.5040490627288818,0.0035848617553710938,0.011599783785641193,0.4376551151275635,0.001972198486328125,0.01989295892417431,0.561709976196289,0.14121259053548177,0.5919079184532166,0.3724448442459106,0.13085203170776366,0.7437119483947754,0.668589973449707,0.16461172103881835,0.8844845294952393,0.2714103698730469,0.15538339614868163,0.9399211406707764,0.7593989372253418,0.11308565139770507,0.8707817196846008,0.14679722785949706,0.15405324300130208,0.9331548810005188,0.5274727821350098,0.5726032257080078,0.9968448877334595,0.40938735008239746,0.5681692123413086,0.9977607727050781,0.5251247406005859,0.9113292694091797,0.9165941476821899,0.4019314765930176,0.9012229919433594,0.9435442090034485,0.5308080673217773,1.0,0.2284201681613922,0.4050628662109375,1.0,0.27405720949172974
squat,0.4728370666503906,0.0,0.14165867865085602,0.48955435752868653,0.0,0.03889784216880798,0.4553658485412598,0.0,0.03704119846224785,0.5158917427062988,0.008553282419840495,0.05080234259366989,0.43186349868774415,0.006231784820556641,0.031120574101805687,0.5660561084747314,0.15670434633890787,0.7418715953826904,0.3784371852874756,0.1347805976867676,0.7757551074028015,0.6622141838073731,0.1976524035135905,0.9010491371154785,0.28040566444396975,0.1627565860748291,0.9081162810325623,0.7580446720123291,0.1547666867574056,0.875024139881134,0.16008288860321046,0.19700541496276855,0.8959226608276367,0.5252542495727539,0.5899080276489258,0.9961398243904114,0.40381946563720705,0.5803339004516601,0.9965217113494873,0.5347207546234131,0.9224513371785482,0.8810318112373352,0.38782444000244143,0.9063788096110026,0.9001967906951904,0.5520539283752441,1.0,0.18496881425380707,0.3833498001098633,1.0,0.20125141739845276
squat,0.4690345287322998,0.027157910664876304,0.8081633448600769,0.4889657020568848,0.008420022328694661,0.6559128165245056,0.45467572212219237,0.003844292958577474,0.49483931064605713,0.5149987220764161,0.04247293472290039,0.43934494256973267,0.4337613105773926,0.030197874704996745,0.1460195630788803,0.5633645057678223,0.19514751434326172,0.9524195194244385,0.37626166343688966,0.16848055521647134,0.8896126747131348,0.6627199649810791,0.25184432665507,0.9452977180480957,0.2847445487976074,0.19615170160929363,0.8280831575393677,0.7166409969329834,0.20593846638997396,0.8850103616714478,0.20194604396820068,0.19536622365315756,0.7620213627815247,0.5215185165405274,0.6105495452880859,0.9950546026229858,0.39634826183319094,0.5994632720947266,0.9922675490379333,0.551662826538086,0.9032605489095052,0.8827061653137207,0.3597258567810059,0.8893866221110026,0.8420137166976929,0.5823464393615723,1.0,0.24836410582065582,0.3553666591644287,1.0,0.20494061708450317
squat,0.46751904487609863,0.08379383087158203,0.9761250615119934,0.4879453659057617,0.06028690338134766,0.9521041512489319,0.44842967987060545,0.059264723459879556,0.9400290846824646,0.5160111427307129,0.08673489888509114,0.7383255958557129,0.42215700149536134,0.08303467432657878,0.5870147943496704,0.5716952323913574,0.2531226793924967,0.9725111722946167,0.3669854402542114,0.22719736099243165,0.9721183776855469,0.6358741760253906,0.40936527252197263,0.8867679238319397,0.29472544193267824,0.2830253918965658,0.8889005780220032,0.6604434967041015,0.5565110524495442,0.7597325444221497,0.24685723781585694,0.2823537508646647,0.7851734161376953,0.5320456027984619,0.6511837641398112,0.9899152517318726,0.3951181650161743,0.6401063919067382,0.9901532530784607,0.5676714897155761,0.9324689229329427,0.7397106885910034,0.3451029539108276,0.9068880716959635,0.7572524547576904,0.5959877014160156,1.0,0.14880284667015076,0.34235777854919436,1.0,0.15771478414535522
squat,0.47554969787597656,0.16371968587239583,0.9555757641792297,0.4911651611328125,0.14237836201985676,0.8635969161987305,0.46048688888549805,0.14054915110270183,0.8864994049072266,0.511521863937378,0.1640022913614909,0.5096680521965027,0.4372681140899658,0.15908279418945312,0.5001475214958191,0.5698440551757813,0.30925095876057945,0.9744154214859009,0.3756217956542969,0.2933528264363607,0.9692793488502502,0.6641461849212646,0.4166393280029297,0.9269076585769653,0.2714988708496094,0.3970906893412272,0.9168636202812195,0.7059898853302002,0.3900625228881836,0.8150047659873962,0.19386370182037355,0.4442019780476888,0.8246503472328186,0.5301635265350342,0.6978631337483724,0.9922038316726685,0.3990962982177734,0.687645149230957,0.9920925498008728,0.5638425827026368,0.9596164703369141,0.8302785158157349,0.343536901473999,0.9349216461181641,0.8315654993057251,0.5951053619384765,1.0,0.20342673361301422,0.32254753112792967,1.0,0.1991080790758133
squat,0.4652099132537842,0.23727308909098307,0.9939339756965637,0.4835158348083496,0.2139012654622396,0.9704668521881104,0.44969944953918456,0.21127653121948242,0.9807408452033997,0.5081435203552246,0.22995688120524088,0.760376513004303,0.4269071102142334,0.22276830673217773,0.8256145715713501,0.5547138214111328,0.3795206069946289,0.9953022003173828,0.3690086841583252,0.37001876831054686,0.9976634979248047,0.6459826469421387,0.4730929692586263,0.9818629622459412,0.27209279537200926,0.48431256612141926,0.9915152788162231,0.7520715713500976,0.49114990234375,0.946230947971344,0.16061508655548096,0.6013762156168619,0.9700689315795898,0.5251869201660156,0.741053581237793,0.9964203834533691,0.3999816656112671,0.7353488286336263,0.9974155426025391,0.5743231296539306,0.970500373840332,0.7692688703536987,0.3363503932952881,0.9385924021402995,0.8245774507522583,0.6434730052947998,1.0,0.09546945244073868,0.32801544666290283,1.0,0.11636686325073242
squat,0.4621727466583252,0.2988245646158854,0.9916723370552063,0.48130197525024415,0.2749286651611328,0.9680770039558411,0.44588871002197267,0.2715068499247233,0.9665855169296265,0.506309986114502,0.2964409510294596,0.7589447498321533,0.42135467529296877,0.2883472760518392,0.704627513885498,0.5508459568023681,0.45302117665608727,0.9933117628097534,0.36457750797271726,0.4406868934631348,0.9941624999046326,0.6541458606719971,0.524647585550944,0.9837914705276489,0.2707956314086914,0.5331859906514486,0.9815871119499207,0.7539587020874023,0.5521083831787109,0.962573230266571,0.16460094451904297,0.6841356913248698,0.9557937383651733,0.5202200889587403,0.8144032796223958,0.9889906644821167,0.39104509353637695,0.8080599466959636,0.9886090755462646,0.5856048583984375,0.9781515757242839,0.43798017501831055,0.32699391841888426,0.946443748474121,0.43600064516067505,0.6678355216979981,1.0,0.02949543669819832,0.3240333557128906,0.9966528574625652,0.02926715835928917
squat,0.4605564594268799,0.36211770375569663,0.9963338375091553,0.4828327178955078,0.34130268096923827,0.987888514995575,0.44678268432617185,0.3355817476908366,0.9838050007820129,0.5137391567230225,0.36114142735799154,0.8824670314788818,0.42612833976745607,0.3463063875834147,0.7410451769828796,0.5519235610961915,0.49545186360677085,0.9967572093009949,0.37888193130493164,0.4837299982706706,0.9961854815483093,0.6682635307312011,0.5811996459960938,0.9902917742729187,0.27924609184265137,0.5913768768310547,0.9860097169876099,0.784021520614624,0.6574387868245443,0.9686437845230103,0.16525731086730958,0.769690195719401,0.9565661549568176,0.5224653720855713,0.8472083409627279,0.9924411773681641,0.39689006805419924,0.841943359375,0.9913642406463623,0.5965463638305664,0.9772012074788411,0.5728437900543213,0.32094368934631345,0.9589767456054688,0.5523788928985596,0.6617342948913574,0.992336654663086,0.057550203055143356,0.2973231315612793,0.9735027949015299,0.053781185299158096
squat,0.46652774810791015,0.4600432713826497,0.9977499842643738,0.4899869918823242,0.43123817443847656,0.9921464323997498,0.4465936183929443,0.42985960642496746,0.9911724925041199,0.5202075958251953,0.44950873057047525,0.8622770309448242,0.4155250549316406,0.44548428853352867,0.7960993051528931,0.5586788177490234,0.5949385325113933,0.9950178265571594,0.3703334331512451,0.5929796854654948,0.9953562617301941,0.6786703586578369,0.6883864720662435,0.9847785830497742,0.27109193801879883,0.7021117528279622,0.9811278581619263,0.7716213226318359,0.7411969502766927,0.9625633955001831,0.15649545192718506,0.8771278381347656,0.9474602937698364,0.5359105587005615,0.9326845169067383,0.9724045395851135,0.3959574460983276,0.9343326568603516,0.9697250127792358,0.6196327686309815,0.9712753295898438,0.2776296138763428,0.30082855224609373,0.970059585571289,0.2598288357257843,0.7159197807312012,0.9865383783976237,0.02720160409808159,0.2909414291381836,0.9873254140218098,0.0249387938529253
squat,0.46741175651550293,0.4705852508544922,0.997986912727356,0.4890120029449463,0.44304091135660806,0.9920216202735901,0.4473702907562256,0.44337189992268883,0.9929893016815186,0.5185274124145508,0.46042067209879556,0.8583633303642273,0.417447566986084,0.4611379623413086,0.8342560529708862,0.5592305183410644,0.5984428405761719,0.9956375956535339,0.37189974784851076,0.6036844253540039,0.9965037107467651,0.6829874992370606,0.6970055262247722,0.984234631061554,0.25789813995361327,0.7093231836954753,0.9866189360618591,0.7892473220825196,0.7864903132120769,0.9546613097190857,0.13171215057373048,0.8605939865112304,0.954505980014801,0.5262860298156739,0.929454485575358,0.9797019958496094,0.388225793838501,0.933843485514323,0.9803963899612427,0.6120480537414551,0.9461236317952474,0.35607776045799255,0.2902512550354004,0.9503013610839843,0.36398476362228394,0.6851058006286621,0.975308609008789,0.040647391229867935,0.25871477127075193,0.9770640055338542,0.039590563625097275
squat,0.4616434097290039,0.4431481679280599,0.9973100423812866,0.48481059074401855,0.4212820053100586,0.9913809895515442,0.4448737621307373,0.41844622294108075,0.9888353943824768,0.5174201011657715,0.4420640309651693,0.8933333158493042,0.42210540771484373,0.43430118560791015,0.7607795596122742,0.5524814605712891,0.5665488560994466,0.9957157969474792,0.3809832572937012,0.5597431182861328,0.9954922199249268,0.6565068244934082,0.6498348871866862,0.9871389269828796,0.2790756940841675,0.6583880106608073,0.9838730692863464,0.7685342311859131,0.7139609018961589,0.9648106694221497,0.1576887845993042,0.8141274134318034,0.9561569690704346,0.5217823028564453,0.9107503890991211,0.9825277924537659,0.39522609710693357,0.9077521006266276,0.9812225699424744,0.5987000465393066,0.958075205485026,0.46745505928993225,0.3132705926895142,0.9457366943359375,0.45538073778152466,0.663079833984375,1.0,0.05403881147503853,0.28854968547821047,0.9946924209594726,0.05122557282447815
squat,0.4636862754821777,0.3989731788635254,0.9962382316589355,0.48713111877441406,0.375116221110026,0.9877963066101074,0.446880578994751,0.36973559061686195,0.9854918122291565,0.515538215637207,0.398883851369222,0.8462731242179871,0.4194218158721924,0.38562310536702477,0.7488807439804077,0.5513973236083984,0.544783083597819,0.9922834038734436,0.370740008354187,0.5324811299641927,0.9927743673324585,0.6700971126556396,0.6016935348510742,0.9788098335266113,0.2716830253601074,0.6117518107096355,0.9728223085403442,0.7601055145263672,0.6240834554036458,0.9556478261947632,0.15358078479766846,0.7616490681966146,0.9396681189537048,0.5250138282775879,0.8979626973470052,0.9554942846298218,0.3940284252166748,0.8924783070882162,0.9516013860702515,0.5970764636993409,0.9931957244873046,0.13844506442546844,0.3164240837097168,0.9714849472045899,0.1279039829969406,0.6863043785095215,1.0,0.008628986775875092,0.3210122585296631,0.9866189320882162,0.008008788339793682
squat,0.46805591583251954,0.35637105305989586,0.9963802695274353,0.491792631149292,0.3274791399637858,0.9872457981109619,0.4490880012512207,0.32255865732828776,0.9848452806472778,0.519435977935791,0.34321390787760414,0.8302812576293945,0.4172523021697998,0.33086528778076174,0.7626451849937439,0.553436279296875,0.49705479939778646,0.9952036142349243,0.367703914642334,0.4841651280721029,0.9945555925369263,0.6660676956176758,0.5510148366292318,0.9854564070701599,0.268876838684082,0.5568782806396484,0.9766493439674377,0.7581130027770996,0.5603312810262044,0.9715082049369812,0.15519137382507325,0.6904153188069662,0.9568992853164673,0.5290558815002442,0.8435324986775716,0.987265944480896,0.4018113613128662,0.8397849400838217,0.9850059151649475,0.5848717212677002,0.9849444071451823,0.45992112159729004,0.33905277252197263,0.9714504241943359,0.42415913939476013,0.6646407604217529,1.0,0.03768640384078026,0.34352288246154783,1.0,0.03386373445391655
squat,0.4637160778045654,0.233836301167806,0.9869488477706909,0.4814159393310547,0.21222203572591145,0.9413459897041321,0.4506258010864258,0.20887762705485027,0.9546746611595154,0.5048915863037109,0.22870699564615884,0.6958439350128174,0.43140301704406736,0.21889734268188477,0.7208930850028992,0.5517055511474609,0.37070089975992837,0.9934195876121521,0.3714953899383545,0.3600759188334147,0.995721697807312,0.6514366149902344,0.4235447247823079,0.9821741580963135,0.2815448999404907,0.4394340515136719,0.9880857467651367,0.7622113227844238,0.41625887552897134,0.9511321783065796,0.18319079875946045,0.5112555821736654,0.9670441746711731,0.5232490062713623,0.7372751871744792,0.9960707426071167,0.40316004753112794,0.7311971028645833,0.9967578053474426,0.5717487335205078,0.981817881266276,0.7581931352615356,0.3528264045715332,0.9477849324544271,0.8000781536102295,0.6438822746276855,1.0,0.08261064440011978,0.35800981521606445,1.0,0.09554155170917511
squat,0.4667977333068848,0.17214384078979492,0.99395751953125,0.4873355388641357,0.15018396377563475,0.9765535593032837,0.4507914543151855,0.14617446263631184,0.9807657599449158,0.5124311447143555,0.17033653259277343,0.7985058426856995,0.42645893096923826,0.16034361521402996,0.8026639223098755,0.5539344310760498,0.3134035110473633,0.9945963025093079,0.36832332611083984,0.30918041865030926,0.9960280656814575,0.6442340850830078,0.3474887847900391,0.978114902973175,0.27204551696777346,0.3790931065877279,0.9824459552764893,0.7410440444946289,0.33452002207438153,0.9403297305107117,0.16237668991088866,0.4394557952880859,0.9555597901344299,0.5247045516967773,0.6934561411539714,0.9965789914131165,0.40236520767211914,0.68989683787028,0.9970105886459351,0.5718785762786865,0.9537130991617838,0.8252356052398682,0.35790448188781737,0.9239037195841472,0.8485926389694214,0.6336735725402832,1.0,0.13328494131565094,0.3646090984344482,1.0,0.14605741202831268
squat,0.4661398887634277,0.10942033131917318,0.9889477491378784,0.4873241901397705,0.08706855773925781,0.9618363976478577,0.44892311096191406,0.08331499099731446,0.9688897728919983,0.5131355285644531,0.11075789133707682,0.7419246435165405,0.42383761405944825,0.1020287831624349,0.7421874403953552,0.559495210647583,0.2612506707509359,0.9898021817207336,0.3674997091293335,0.2585100332895915,0.9923192858695984,0.6574788570404053,0.29235095977783204,0.9557406306266785,0.2773228645324707,0.3284680684407552,0.9658277630805969,0.7540794372558594,0.2572640419006348,0.8927544355392456,0.1601719379425049,0.366535218556722,0.9221436381340027,0.5246565818786622,0.6584945678710937,0.995236873626709,0.40106754302978515,0.653488032023112,0.9959063529968262,0.5607320308685303,0.9360443751017252,0.8232220411300659,0.364686393737793,0.9017292658487955,0.8520949482917786,0.6142129898071289,1.0,0.15952074527740479,0.37948360443115237,1.0,0.17911820113658905
squat,0.47104849815368655,0.044793891906738284,0.9157485365867615,0.49262290000915526,0.025019137064615886,0.796410083770752,0.45171823501586916,0.020776875813802085,0.78182452917099,0.5196577548980713,0.06143458684285482,0.47007718682289124,0.42396984100341795,0.05159403483072917,0.3565647602081299,0.5642823219299317,0.22089420954386393,0.9553437829017639,0.36957101821899413,0.1998459021250407,0.9472441673278809,0.6670448303222656,0.25274291038513186,0.9073323607444763,0.26846363544464114,0.23238754272460938,0.8771476149559021,0.7617368698120117,0.1943666934967041,0.8276259303092957,0.1507021427154541,0.24159267743428547,0.8188298344612122,0.523844051361084,0.635357411702474,0.9928434491157532,0.39846100807189944,0.6252817153930664,0.9923032522201538,0.5518917083740235,0.9419915517171223,0.7916948795318604,0.3758272647857666,0.9137556711832683,0.7935847043991089,0.5891495704650879,1.0,0.1513022482395172,0.3858819484710693,1.0,0.15069444477558136
squat,0.4656097888946533,0.026744715372721353,0.36498504877090454,0.4820839881896973,0.00740960439046224,0.12019596248865128,0.45512824058532714,0.003478240966796875,0.11494526267051697,0.5058504104614258,0.03188489278157552,0.11607098579406738,0.43868470191955566,0.021169662475585938,0.0637454092502594,0.5656768798828125,0.17196006774902345,0.8767119646072388,0.3738454103469849,0.1558726946512858,0.9029378890991211,0.6918426513671875,0.19467150370279948,0.9308355450630188,0.2635468006134033,0.1807747522989909,0.9451412558555603,0.7795908927917481,0.152484130859375,0.8911224603652954,0.12509007453918458,0.21055644353230793,0.9177707433700562,0.5246406555175781,0.5947351455688477,0.9966884255409241,0.4040156364440918,0.5859683354695638,0.997189462184906,0.5422676563262939,0.9169297536214193,0.907422661781311,0.3806440353393555,0.9035977681477865,0.9286525845527649,0.5676826953887939,1.0,0.21859847009181976,0.38091540336608887,1.0,0.24937760829925537
squat,0.47640070915222166,0.0,0.04244501143693924,0.4887342929840088,0.0,0.007340685930103064,0.4612320899963379,0.0,0.009360823780298233,0.5099265575408936,0.0,0.01612706668674946,0.4401510715484619,0.0022389094034830728,0.016726844012737274,0.5685336112976074,0.1322985331217448,0.6701551675796509,0.37919528484344484,0.12454004287719726,0.7040330171585083,0.6747735023498536,0.16651770273844402,0.9074395298957825,0.2734844446182251,0.1631836732228597,0.9202513098716736,0.7833656787872314,0.13943815231323242,0.8840439319610596,0.16313047409057618,0.18170369466145833,0.9147802591323853,0.5242376327514648,0.5758440653483073,0.9967225193977356,0.4054159641265869,0.5721201578776042,0.997140645980835,0.5231469154357911,0.917457644144694,0.9028352499008179,0.4074069976806641,0.9036501566569011,0.9197549819946289,0.5274896621704102,1.0,0.1958886831998825,0.41052680015563964,1.0,0.21321655809879303
squat,0.4772777080535889,0.0,0.03921280428767204,0.4881577014923096,0.0,0.006368569098412991,0.46033468246459963,0.0,0.009313910268247128,0.5061850547790527,0.0,0.013183055445551872,0.4347681999206543,0.003220812479654948,0.019550103694200516,0.565667724609375,0.12178484598795573,0.6754468679428101,0.3737394571304321,0.12246475219726563,0.7154451608657837,0.6712459087371826,0.1553890864054362,0.8995413184165955,0.2639766693115234,0.168438720703125,0.9147700667381287,0.7776575565338135,0.13274396260579427,0.8738642930984497,0.16144473552703859,0.1781636397043864,0.9108831286430359,0.526277732849121,0.5488909403483073,0.9967225193977356,0.409089994430542,0.5493160247802734,0.9971457123756409,0.5080610275268554,0.865000597635905,0.9383559823036194,0.4119603633880615,0.8585840225219726,0.948549747467041,0.4973581790924072,1.0,0.33197489380836487,0.4195112228393555,1.0,0.3518500030040741
squat,0.47537860870361326,0.0,0.08318119496107101,0.48651938438415526,0.0,0.01434196438640356,0.4598433017730713,0.0,0.016819968819618225,0.5032632350921631,0.0,0.023332661017775536,0.4348635196685791,0.0,0.02660539373755455,0.5608956336975097,0.11952269872029622,0.8295496106147766,0.37261903285980225,0.11212914784749349,0.795028567314148,0.6712856769561768,0.16382904052734376,0.9486774206161499,0.26516644954681395,0.15624249776204427,0.9275671243667603,0.7690186977386475,0.1485650380452474,0.9282757639884949,0.1882859230041504,0.16429084142049152,0.9260678887367249,0.5222160339355468,0.5605414072672527,0.99676513671875,0.4091768741607666,0.5593258539835612,0.9964941143989563,0.49594950675964355,0.891277821858724,0.9255650639533997,0.4247297286987305,0.8873649597167969,0.9244418144226074,0.47412934303283694,1.0,0.23153506219387054,0.4384036064147949,1.0,0.22313912212848663
squat,0.47156949043273927,0.0,0.20106443762779236,0.4891645431518555,0.0,0.04729210585355759,0.4544233322143555,0.0,0.04470644146203995,0.5129527568817138,0.004517491658528646,0.05615495145320892,0.426573371887207,0.0,0.04212888702750206,0.5598573684692383,0.1343631108601888,0.8870285749435425,0.36980743408203126,0.1259253184000651,0.8583501577377319,0.6633960723876953,0.17114311854044598,0.9526169896125793,0.26731722354888915,0.17749058405558268,0.9285116791725159,0.7641282081604004,0.15742708841959635,0.9312427043914795,0.1863525390625,0.18532883326212565,0.9251247048377991,0.5229687213897705,0.5728213628133138,0.9967255592346191,0.4081720352172852,0.5708277384440105,0.9963933825492859,0.49326248168945314,0.9022070566813151,0.9191169738769531,0.41686015129089354,0.8978336334228516,0.9164136648178101,0.4594475269317627,1.0,0.22352752089500427,0.43329544067382814,1.0,0.21331721544265747
squat,0.468731689453125,0.0,0.11364211142063141,0.4857323169708252,0.0,0.025539616122841835,0.4520765781402588,0.0,0.02149631828069687,0.51140456199646,0.004585679372151693,0.04186196252703667,0.4275460720062256,0.00046294530232747396,0.024129966273903847,0.5582388401031494,0.13395687739054363,0.8427674770355225,0.37219905853271484,0.12598648071289062,0.8017342686653137,0.6525663375854492,0.17827208836873373,0.9512602686882019,0.26889781951904296,0.18129631678263347,0.9238645434379578,0.7533472537994385,0.1622633934020996,0.9350388050079346,0.1905146598815918,0.1919116973876953,0.9264953136444092,0.5212911128997803,0.5660269419352214,0.9968185424804688,0.4071478366851807,0.5650471369425456,0.99647057056427,0.4993757247924805,0.8921663920084636,0.9284549355506897,0.4165051460266113,0.8907310485839843,0.925592303276062,0.4733128547668457,1.0,0.24801765382289886,0.4286508560180664,1.0,0.23673085868358612
squat,0.4679089546203613,0.0,0.15354056656360626,0.4856544494628906,0.0,0.038575902581214905,0.45121054649353026,0.0,0.033089637756347656,0.5124958515167236,0.005520184834798177,0.053586266934871674,0.42719345092773436,0.0016469319661458334,0.030143216252326965,0.5621039867401123,0.13504292170206705,0.8375797271728516,0.3737717866897583,0.13124539057413737,0.8095716238021851,0.6631740093231201,0.17303956349690755,0.9365792870521545,0.2729724645614624,0.18465245564778646,0.9151038527488708,0.7503615379333496,0.1552976608276367,0.9164055585861206,0.19381589889526368,0.19003477096557617,0.9143776893615723,0.523566484451294,0.5656534830729166,0.9959663152694702,0.40768041610717776,0.5654042561848959,0.9957723021507263,0.5031739711761475,0.8839263280232748,0.91868656873703,0.4152994155883789,0.8859853744506836,0.9207109212875366,0.47306337356567385,1.0,0.24828658998012543,0.4268765926361084,1.0,0.24494442343711853
squat,0.4686030387878418,0.0,0.16328153014183044,0.4872006416320801,0.0,0.04119494557380676,0.4510328769683838,0.0,0.03524615615606308,0.514935302734375,0.005387941996256511,0.057384759187698364,0.42586312294006345,0.0007503827412923177,0.032176025211811066,0.5633585929870606,0.13590847651163737,0.850562334060669,0.37282562255859375,0.13003527323404948,0.8265070915222168,0.6600958824157714,0.1722744623819987,0.941114068031311,0.27418229579925535,0.18109572728474935,0.9213823080062866,0.7484051704406738,0.14479389190673828,0.9225568175315857,0.1942124843597412,0.1837887446085612,0.9208446145057678,0.5259047031402588,0.5614851633707683,0.9964511394500732,0.40915369987487793,0.5605185190836589,0.9963051080703735,0.5037143707275391,0.889622688293457,0.9289720058441162,0.4190827369689941,0.8890228907267252,0.9309394359588623,0.47443575859069825,1.0,0.2579261362552643,0.4353999137878418,1.0,0.2559821605682373
squat,0.47101583480834963,0.0,0.10263357311487198,0.4879882335662842,0.0,0.019349319860339165,0.45165185928344725,0.0,0.027071651071310043,0.5130978584289551,0.008314577738444011,0.026905549690127373,0.42320871353149414,0.007148361206054688,0.03466698154807091,0.5586441040039063,0.14080875714619953,0.7434940934181213,0.3748456954956055,0.1364983558654785,0.8000967502593994,0.6480370998382569,0.16235140164693196,0.8993632197380066,0.29012858867645264,0.17598117192586263,0.9292382597923279,0.7462868690490723,0.12806383768717447,0.8847700357437134,0.20079691410064698,0.18045382499694823,0.9279495477676392,0.5264238357543946,0.5601151784261068,0.9964388608932495,0.4129504203796387,0.5591543197631836,0.9971319437026978,0.5102480411529541,0.8996819814046224,0.917101263999939,0.4226818561553955,0.8930856704711914,0.9360226392745972,0.48955478668212893,1.0,0.24008743464946747,0.43320980072021487,1.0,0.2683493494987488
squat,0.4731922149658203,0.0,0.10465747117996216,0.49048810005187987,0.0,0.020998474210500717,0.4542688846588135,0.0,0.02828061580657959,0.5155271530151367,0.006613095601399739,0.027980612590909004,0.42568655014038087,0.0034578005472819012,0.03389924392104149,0.5615890502929688,0.1386509895324707,0.7340502142906189,0.3750978946685791,0.13349881172180175,0.7821179628372192,0.6537581443786621,0.15668471654256186,0.8906285166740417,0.28611323833465574,0.17210861841837566,0.9172860980033875,0.7485806465148925,0.10982837677001953,0.8722141981124878,0.1936978816986084,0.16981614430745443,0.9161824584007263,0.5288619041442871,0.5559299468994141,0.9963724613189697,0.4136826992034912,0.5545159657796224,0.996991753578186,0.5149863243103028,0.8905891418457031,0.9288987517356873,0.42072625160217286,0.8848072052001953,0.9440895915031433,0.493134069442749,1.0,0.29527273774147034,0.4288356781005859,1.0,0.3238199055194855
squat,0.47314910888671874,0.0,0.15946581959724426,0.4901098728179932,0.0,0.03403646498918533,0.4536092281341553,0.0,0.051392633467912674,0.5146523475646972,0.003572559356689453,0.033413100987672806,0.4248070240020752,0.0021779696146647137,0.05008430406451225,0.5604718685150146,0.13626338640848795,0.7266311049461365,0.3765073776245117,0.13126837412516276,0.8046191334724426,0.6559822082519531,0.1532807191212972,0.8576145768165588,0.2823846101760864,0.16556528409322102,0.9130257964134216,0.7487455844879151,0.09541686375935872,0.8307163715362549,0.19533758163452147,0.15117327372233072,0.9051957130432129,0.530052375793457,0.5702887852986653,0.9947558641433716,0.41575145721435547,0.5696692784627279,0.9960241317749023,0.5139225006103516,0.905393409729004,0.888891339302063,0.4219416618347168,0.9026879628499349,0.9186084866523743,0.4914253234863281,1.0,0.21955619752407074,0.42899580001831056,1.0,0.2528613805770874
squat,0.47722902297973635,0.0,0.12067698687314987,0.49464974403381345,0.0,0.02606390416622162,0.45779104232788087,0.0,0.0347544401884079,0.5197816371917725,0.0031200726826985676,0.02997090481221676,0.4288940906524658,0.0003285090128580729,0.03626009076833725,0.5638837814331055,0.13735372225443523,0.7060973048210144,0.37741453647613527,0.12903448740641277,0.765018880367279,0.6522949695587158,0.15191782315572103,0.8680904507637024,0.2747753143310547,0.15931901931762696,0.9000750184059143,0.7485313415527344,0.09515625635782878,0.8403278589248657,0.17555766105651854,0.1534125010172526,0.8957328200340271,0.5315491676330566,0.5695384979248047,0.9951150417327881,0.4154088020324707,0.5671426137288411,0.9959820508956909,0.5184778690338134,0.8963874816894531,0.9050003886222839,0.41877098083496095,0.8873462677001953,0.92391037940979,0.501509428024292,1.0,0.2592008411884308,0.4265486240386963,1.0,0.2838747799396515
squat,0.47991490364074707,0.0,0.14032462239265442,0.4973809242248535,0.0,0.02752031572163105,0.46021337509155275,0.0,0.04371156916022301,0.5217161655426026,0.0022568384806315104,0.027801048010587692,0.4297433853149414,0.00027745564778645834,0.043762221932411194,0.5663688659667969,0.1363228480021159,0.7079931497573853,0.3798891544342041,0.13283608754475912,0.8002182841300964,0.6591573238372803,0.15431485176086426,0.8653554916381836,0.28580148220062257,0.17452192306518555,0.9204340577125549,0.752224349975586,0.10112565358479818,0.8393427729606628,0.1789019823074341,0.17411944071451824,0.9116480350494385,0.5336900234222413,0.574264399210612,0.9952775239944458,0.41616392135620117,0.5725578308105469,0.9964956641197205,0.5213427066802978,0.906980832417806,0.8933154344558716,0.41325817108154295,0.8985833485921224,0.9217158555984497,0.5089957237243652,1.0,0.22285646200180054,0.4195870876312256,1.0,0.25579532980918884
squat,0.4739236831665039,0.0,0.30274009704589844,0.49201455116271975,0.0,0.08374571055173874,0.4577334880828857,0.0,0.09815337508916855,0.5158623218536377,0.0028517405192057294,0.07106760889291763,0.43077545166015624,0.0,0.06573746353387833,0.5672951698303222,0.13926480611165365,0.8286324143409729,0.3731346130371094,0.12842798233032227,0.8861437439918518,0.6769638538360596,0.1540228843688965,0.9164507985115051,0.2839982986450195,0.15637811024983725,0.9459284543991089,0.7616402626037597,0.121678098042806,0.8935695886611938,0.18117785453796387,0.18021138509114584,0.9321557879447937,0.5327572822570801,0.5754464467366537,0.9963517189025879,0.40976643562316895,0.5698236465454102,0.9971330165863037,0.5318972587585449,0.906826400756836,0.9143938422203064,0.3893028736114502,0.8978529612223307,0.9379153251647949,0.5286732196807862,1.0,0.23449090123176575,0.38899965286254884,1.0,0.2719627618789673
squat,0.4770930290222168,0.009394391377766927,0.3584524989128113,0.49318957328796387,0.0,0.09334409236907959,0.4600794792175293,0.0,0.1329369693994522,0.5136839389801026,0.02301340103149414,0.06430575996637344,0.4307730674743652,0.016615994771321616,0.09321311861276627,0.5597421646118164,0.16617139180501303,0.8564907908439636,0.3728363275527954,0.15661452611287435,0.9070751070976257,0.6534043312072754,0.20324608484903972,0.9271867275238037,0.2898564338684082,0.21098670959472657,0.9528002738952637,0.7350266456604004,0.18274393081665039,0.9006568193435669,0.1916821241378784,0.25698502858479816,0.9384586811065674,0.5263803958892822,0.5879250208536784,0.9969095587730408,0.40532402992248534,0.5831960678100586,0.9975563287734985,0.5366096496582031,0.9132094065348307,0.9133128523826599,0.38092913627624514,0.9026432037353516,0.9348488450050354,0.5464162826538086,1.0,0.2340196669101715,0.3720158576965332,1.0,0.2636350393295288
squat,0.4625419616699219,0.044103844960530596,0.8447056412696838,0.4805017948150635,0.021503543853759764,0.5729720592498779,0.4423225879669189,0.025510374704996744,0.6422273516654968,0.5113368988037109,0.054965813954671226,0.3058919906616211,0.4214301109313965,0.06525338490804036,0.2874196171760559,0.5706271171569824,0.20466289520263672,0.9316280484199524,0.37638278007507325,0.20694394111633302,0.9634788036346436,0.6437453746795654,0.25651291211446126,0.8944670557975769,0.2846212863922119,0.2565049489339193,0.956900954246521,0.6957272529602051,0.23918169339497883,0.8393554091453552,0.19972031116485595,0.2650737762451172,0.9256331920623779,0.5318275451660156,0.6272735595703125,0.9950782060623169,0.40309572219848633,0.6243380864461263,0.9968344569206238,0.5482188701629639,0.9362804412841796,0.8644575476646423,0.3703613758087158,0.9145788192749024,0.9110104441642761,0.5701087951660156,1.0,0.20337115228176117,0.36603217124938964,1.0,0.2579064965248108
squat,0.46605672836303713,0.13489777247111004,0.95467209815979,0.4837832450866699,0.11178398132324219,0.8437688946723938,0.4501192092895508,0.11143105824788412,0.8699089884757996,0.5117197513580323,0.12689615885416666,0.5342383980751038,0.4294439315795898,0.12647075653076173,0.48398712277412415,0.5733841896057129,0.27058213551839194,0.9664990901947021,0.3786184310913086,0.2591342290242513,0.9889978766441345,0.6515620708465576,0.40078989664713544,0.9280927181243896,0.282118558883667,0.3296820640563965,0.9815838932991028,0.6898757457733155,0.5150698661804199,0.8763536810874939,0.16512322425842285,0.3833951950073242,0.9540286660194397,0.5371079444885254,0.674842898050944,0.9927282333374023,0.4075333595275879,0.6653952916463216,0.9959782361984253,0.5608328819274903,0.9548819224039714,0.7651940584182739,0.3552722454071045,0.9277603785196941,0.8575944304466248,0.5801016807556152,1.0,0.10399159044027328,0.3379181385040283,1.0,0.1509302854537964
squat,0.45763473510742186,0.19701786041259767,0.9860208630561829,0.4763514518737793,0.17612981796264648,0.9493023753166199,0.4444287300109863,0.17320111592610676,0.9514228701591492,0.5035769462585449,0.19601771036783855,0.76044762134552,0.42743740081787107,0.18830448786417645,0.6589261889457703,0.5603368759155274,0.3397757212320964,0.9914427399635315,0.3740462064743042,0.3269449869791667,0.9948127269744873,0.653260326385498,0.43027302424112956,0.9735561013221741,0.28189113140106203,0.41149552663167316,0.9853926301002502,0.7135080337524414,0.43918495178222655,0.935163140296936,0.17618117332458497,0.46371281941731773,0.9599689245223999,0.5301028728485108,0.7122173309326172,0.9956639409065247,0.4051368713378906,0.7021492004394532,0.9967310428619385,0.5676686286926269,0.9637669881184896,0.7983522415161133,0.34603955745697024,0.9317497253417969,0.8457334041595459,0.6169937133789063,1.0,0.10972286760807037,0.3405911445617676,1.0,0.1337728202342987
squat,0.47004923820495603,0.2795197168986003,0.9900923371315002,0.48772463798522947,0.2578465779622396,0.9603555798530579,0.45649170875549316,0.2537071228027344,0.9634533524513245,0.5089915275573731,0.27423686981201173,0.736681342124939,0.4330690860748291,0.2634708404541016,0.7308560609817505,0.5566319465637207,0.4158733367919922,0.9936750531196594,0.3664648771286011,0.40038973490397134,0.9952629804611206,0.658626651763916,0.4938351313273112,0.9833860993385315,0.2671071529388428,0.48529891967773436,0.9846503138542175,0.7390228271484375,0.520125929514567,0.9622845649719238,0.1647364616394043,0.5935624440511068,0.9652306437492371,0.5235485076904297,0.7658997217814127,0.9944551587104797,0.39535505771636964,0.7587593078613282,0.9947579503059387,0.5845373153686524,0.97413330078125,0.7014912962913513,0.3433720111846924,0.9483751932779948,0.7238678932189941,0.657960033416748,1.0,0.07371748238801956,0.34421792030334475,1.0,0.0789012610912323
squat,0.46190218925476073,0.3359663009643555,0.9877198338508606,0.4817513942718506,0.3125155766805013,0.9638801217079163,0.44734668731689453,0.31041765213012695,0.9398289918899536,0.5096479892730713,0.33391717274983723,0.8092483878135681,0.4266754150390625,0.3280434290568034,0.5527175068855286,0.5614771842956543,0.48574260075887044,0.9935541152954102,0.36873323917388917,0.47089125315348307,0.9909788370132446,0.6672686576843262,0.5612808227539062,0.9864394664764404,0.26918554306030273,0.5455059051513672,0.972022294998169,0.7469437599182129,0.5823532740275065,0.9694892764091492,0.15403296947479247,0.6754269282023112,0.9420331120491028,0.5261146545410156,0.8340187708536784,0.988538920879364,0.39399769306182864,0.8256431579589844,0.9854077696800232,0.5791151046752929,0.9860602696736653,0.4492708444595337,0.32124226093292235,0.9567876180013021,0.3927779197692871,0.6748296737670898,1.0,0.030758215114474297,0.33737778663635254,1.0,0.026745589450001717
squat,0.467726469039917,0.4005929946899414,0.9971464276313782,0.4928131103515625,0.374920908610026,0.9913040399551392,0.4501974105834961,0.3702769597371419,0.9884567260742188,0.5222724914550781,0.396405283610026,0.8798664212226868,0.42050800323486326,0.38322925567626953,0.7717190980911255,0.5584918022155761,0.5408187866210937,0.9947124719619751,0.37220964431762693,0.5258500099182128,0.9946070313453674,0.6740801811218262,0.6276061375935872,0.9835118651390076,0.2751370906829834,0.6095188776652019,0.9760001301765442,0.7581236839294434,0.6855128606160482,0.9613738656044006,0.15518546104431152,0.7511703491210937,0.9429796934127808,0.5359884738922119,0.8854297637939453,0.9746543169021606,0.4011726379394531,0.8802515029907226,0.9713786244392395,0.5976806640625,0.9940484364827474,0.2417515367269516,0.3113007307052612,0.9806377410888671,0.2171921730041504,0.6967246055603027,1.0,0.01653369516134262,0.3235651969909668,1.0,0.014892883598804474
squat,0.46267070770263674,0.43366355895996095,0.9972735047340393,0.48638157844543456,0.4113095919291178,0.9913592338562012,0.4452057361602783,0.4095926602681478,0.9877920746803284,0.520374870300293,0.43303661346435546,0.9036843180656433,0.42168302536010743,0.4268947601318359,0.7479082345962524,0.5651825904846192,0.558974011739095,0.9967948794364929,0.38147554397583006,0.5534498850504558,0.9954233765602112,0.680795955657959,0.668900998433431,0.988470196723938,0.28495030403137206,0.6551926930745443,0.9828557372093201,0.7779590129852295,0.7866956075032552,0.9679496884346008,0.1818204402923584,0.7976002375284831,0.9559310078620911,0.5280362129211426,0.8986134847005208,0.986973762512207,0.39627053737640383,0.8956373850504558,0.9851299524307251,0.5828873634338378,0.9497595469156901,0.584172785282135,0.3100180149078369,0.9442745208740234,0.5585307478904724,0.624420166015625,0.999563471476237,0.08369973301887512,0.28914642333984375,0.9941754659016927,0.07684975117444992
squat,0.46555461883544924,0.4597909927368164,0.9975259900093079,0.4884929180145264,0.43676185607910156,0.9916314482688904,0.4478264331817627,0.43426767985026044,0.9907474517822266,0.5169538497924805,0.4599541346232096,0.8774431347846985,0.41840972900390627,0.451350466410319,0.8108007907867432,0.5589558124542237,0.590619150797526,0.9956024885177612,0.36892247200012207,0.5887311299641927,0.9957352876663208,0.6859899520874023,0.6947372436523438,0.9847143292427063,0.2607722759246826,0.6959405899047851,0.9823583960533142,0.7962286949157715,0.796494738260905,0.9589670300483704,0.1550581455230713,0.8336418787638347,0.9525108933448792,0.5390304565429688,0.92057310740153,0.9769301414489746,0.40244226455688475,0.9234995524088542,0.9757307767868042,0.602292251586914,0.9401298522949219,0.41202569007873535,0.3013556957244873,0.948254648844401,0.4014776051044464,0.6670256137847901,0.9823358535766602,0.04962673410773277,0.2887608289718628,0.9943438212076823,0.04640781134366989
squat,0.4630759239196777,0.45306189854939777,0.9974084496498108,0.48825774192810056,0.42937978108723956,0.9916554689407349,0.4450531482696533,0.42431456247965493,0.9896560907363892,0.5172979354858398,0.4569039026896159,0.8674213290214539,0.4149506092071533,0.4436035474141439,0.7722682356834412,0.5550284862518311,0.5957055409749349,0.9939306974411011,0.3714917659759521,0.5864694595336915,0.9939005374908447,0.675811767578125,0.6662373860677083,0.9809883832931519,0.28589787483215334,0.6620316823323568,0.9757902026176453,0.7632399082183838,0.7024889628092448,0.9623456001281738,0.16910412311553955,0.7788686116536458,0.947517454624176,0.5356808662414551,0.9213530222574869,0.9656708836555481,0.4021413326263428,0.9186578750610351,0.9623161554336548,0.6002963066101075,0.973202641805013,0.2346169799566269,0.3053435802459717,0.9676668167114257,0.21906118094921112,0.6879801273345947,1.0,0.01932741329073906,0.30838494300842284,1.0,0.017836570739746094
squat,0.46309633255004884,0.41976893742879234,0.9971983432769775,0.48758893013000487,0.3936517079671224,0.9896495342254639,0.4456661224365234,0.3892920176188151,0.9895890951156616,0.5149685859680175,0.41315555572509766,0.8405657410621643,0.41537837982177733,0.4000745455423991,0.7925544381141663,0.5488213539123535,0.5550146738688151,0.9935017228126526,0.37100539207458494,0.5404309590657552,0.9945354461669922,0.6697790622711182,0.6131940841674804,0.9800429344177246,0.28738837242126464,0.6025463740030924,0.97879958152771,0.7652228832244873,0.6294617970784505,0.9612000584602356,0.16495087146759033,0.7110369364420573,0.9550638794898987,0.5275696754455567,0.899524180094401,0.9682603478431702,0.40032501220703126,0.8935571034749349,0.9679298996925354,0.5819239616394043,0.9696963628133138,0.25604248046875,0.3096346855163574,0.9541227340698242,0.25323083996772766,0.6830069065093994,1.0,0.020113065838813782,0.3274521350860596,1.0,0.019521770998835564
squat,0.4615675926208496,0.3693637212117513,0.9946390986442566,0.4825068473815918,0.3414105733235677,0.9768675565719604,0.44355297088623047,0.3403322219848633,0.982864499092102,0.5103039264678955,0.3508718490600586,0.7823100090026855,0.41710386276245115,0.34699325561523436,0.8028412461280823,0.5481722831726075,0.489787228902181,0.9935506582260132,0.3707918405532837,0.481859016418457,0.9961400628089905,0.6379359722137451,0.5421700795491536,0.97757488489151,0.2817105293273926,0.5426841735839844,0.9864050149917603,0.7301359176635742,0.5584131876627604,0.9496769905090332,0.1663376808166504,0.6543849309285482,0.9634301066398621,0.5214691638946534,0.8323638916015625,0.9894227385520935,0.40023074150085447,0.828105354309082,0.9915503263473511,0.5701722145080567,0.990815544128418,0.496755450963974,0.3351937770843506,0.9596172968546549,0.5452109575271606,0.661322832107544,1.0,0.04391472786664963,0.3511037349700928,1.0,0.04948575794696808
squat,0.4598489761352539,0.31117820739746094,0.9949254989624023,0.4805485248565674,0.2818805058797201,0.9758279919624329,0.44050889015197753,0.2815186818440755,0.9872389435768127,0.5084731101989746,0.28943665822347003,0.7410553097724915,0.4136238098144531,0.28760337829589844,0.8594151735305786,0.5465484142303467,0.43377602895100914,0.9910386204719543,0.3661935806274414,0.42584638595581054,0.9968432188034058,0.6304943561553955,0.48258864084879555,0.9561965465545654,0.2666299343109131,0.4892687161763509,0.987070620059967,0.721766471862793,0.46010894775390626,0.9154975414276123,0.16143250465393066,0.5622437159220378,0.9658471941947937,0.5163932800292969,0.7925087610880533,0.989844799041748,0.3970207929611206,0.7881860097249349,0.9939224123954773,0.549603271484375,0.9964821497599284,0.5573639869689941,0.34628159999847413,0.9645076751708984,0.6730598211288452,0.6242049217224122,1.0,0.057825300842523575,0.36321609020233153,1.0,0.07789444178342819
squat,0.45169434547424314,0.23814493815104168,0.8479175567626953,0.4629808902740479,0.21846688588460286,0.505635142326355,0.4450582504272461,0.21601196924845378,0.6491907835006714,0.4777705192565918,0.23269290924072267,0.309113085269928,0.43624439239501955,0.2264071782430013,0.3978728652000427,0.5485564708709717,0.3623777707417806,0.9578474760055542,0.3687130928039551,0.36369098027547203,0.9867011904716492,0.6591229915618897,0.39006843566894533,0.9387649893760681,0.26867845058441164,0.410955270131429,0.9853305816650391,0.7284834861755372,0.40971956253051756,0.8680688738822937,0.13965537548065185,0.459905751546224,0.9567345976829529,0.5229789257049561,0.7326884587605794,0.994307816028595,0.4055627346038818,0.7261701583862304,0.9969260096549988,0.5676219940185547,0.9644028981526692,0.7781426906585693,0.3462613582611084,0.9237221399943034,0.8710281252861023,0.6313055038452149,1.0,0.12701307237148285,0.3414315223693848,1.0,0.18535645306110382
squat,0.4598500728607178,0.171588929494222,0.9305422902107239,0.47267742156982423,0.15355472564697265,0.6947425603866577,0.4485940456390381,0.1516803741455078,0.8311291933059692,0.4881868839263916,0.17465089162190756,0.363188236951828,0.43067612648010256,0.17023099263509114,0.5562106966972351,0.551611328125,0.3044168472290039,0.9715161919593811,0.3665599346160889,0.3028768539428711,0.9910464882850647,0.6505706310272217,0.32415122985839845,0.9465875625610352,0.27068119049072265,0.3373269081115723,0.9869770407676697,0.7182889938354492,0.3131533622741699,0.8823133111000061,0.13672521114349365,0.3683686892191569,0.961979866027832,0.5256619453430176,0.6873760859171549,0.9961923360824585,0.4032429695129395,0.6799462000528972,0.99793541431427,0.5656679630279541,0.9454914093017578,0.838431179523468,0.3437052249908447,0.9026266733805338,0.9064805507659912,0.62930908203125,1.0,0.15964338183403015,0.3449613809585571,1.0,0.2246560901403427
squat,0.4607261657714844,0.11276737848917644,0.9500359892845154,0.47661657333374025,0.09414634704589844,0.786150336265564,0.44764056205749514,0.09057515462239583,0.8530954718589783,0.4949319839477539,0.11959025065104166,0.44140514731407166,0.4258738994598389,0.11043974558512369,0.5490479469299316,0.545607042312622,0.2620194435119629,0.9838300347328186,0.36498422622680665,0.25739145278930664,0.9901829361915588,0.6481783866882325,0.2710094134012858,0.9681283831596375,0.2829738616943359,0.2931923548380534,0.9814302325248718,0.7548160552978516,0.2551760991414388,0.9223811030387878,0.16260783672332763,0.3170925140380859,0.9548465609550476,0.5180930137634278,0.653606923421224,0.9977778792381287,0.4002434730529785,0.6475778579711914,0.9982774257659912,0.5546487331390381,0.9238087972005208,0.8986217379570007,0.3514838218688965,0.8842177708943685,0.9232801795005798,0.6196285247802734,1.0,0.23734009265899658,0.36364016532897947,0.9962034861246745,0.2759105861186981
squat,0.45709919929504395,0.047874736785888675,0.8690716624259949,0.47720956802368164,0.027597681681315104,0.5945783257484436,0.4405423641204834,0.023988056182861327,0.6289286017417908,0.5037856101989746,0.060965347290039065,0.3223136067390442,0.4163456916809082,0.05121936798095703,0.287742555141449,0.5483520030975342,0.20903921127319336,0.9674891829490662,0.3652687072753906,0.19786984125773113,0.9771733283996582,0.6450352668762207,0.22874627113342286,0.9628756046295166,0.27967650890350343,0.23452099164326987,0.973249077796936,0.7598893165588378,0.195177427927653,0.926473081111908,0.15540359020233155,0.25985549290974935,0.9502167105674744,0.5252761840820312,0.6052950541178386,0.9976932406425476,0.40545167922973635,0.5995365778605143,0.9980974793434143,0.5529500007629394,0.9000874201456706,0.920793354511261,0.3656912803649902,0.8744338989257813,0.9379231929779053,0.6022893905639648,1.0,0.2626936733722687,0.37135775089263917,1.0,0.2969389855861664
squat,0.45788278579711916,0.0,0.2643612325191498,0.47425060272216796,0.0,0.0650397539138794,0.44209580421447753,0.0,0.058156661689281464,0.5009797573089599,0.012586657206217449,0.0797823965549469,0.4218778133392334,0.012639045715332031,0.042164020240306854,0.5586429119110108,0.14866089820861816,0.9105206727981567,0.37281534671783445,0.1474945068359375,0.8979988694190979,0.6647100448608398,0.17852489153544107,0.9658439755439758,0.28189897537231445,0.1893822987874349,0.9595905542373657,0.7754458904266357,0.16496774355570476,0.9468023180961609,0.15476758480072023,0.201793638865153,0.9496843218803406,0.5275805473327637,0.5869565963745117,0.9984626770019531,0.40795130729675294,0.5846144994099934,0.9984947443008423,0.5343453407287597,0.9268754323323568,0.92908775806427,0.39341092109680176,0.9098010381062825,0.9345505237579346,0.5517398357391358,1.0,0.21112875640392303,0.39900755882263184,1.0,0.21906724572181702
squat,0.4669822692871094,0.0,0.02770368941128254,0.47791452407836915,0.0,0.0035974718630313873,0.45163545608520506,0.0,0.006189320236444473,0.4958831310272217,0.0010806719462076824,0.008877369575202465,0.4266805648803711,0.003928089141845703,0.016163045540452003,0.558177375793457,0.1262576421101888,0.6599519848823547,0.36835107803344724,0.12747936248779296,0.7424184083938599,0.673436164855957,0.157517147064209,0.9200262427330017,0.2792095184326172,0.17938267389933268,0.9507638812065125,0.7783566474914551,0.15025984446207682,0.9103606343269348,0.17641024589538573,0.20805770556132,0.949920117855072,0.5276677131652832,0.5521308898925781,0.997868537902832,0.4092226505279541,0.5521895090738932,0.9983661770820618,0.5200467109680176,0.8977165222167969,0.9382069706916809,0.4098851680755615,0.8911776224772135,0.9552088975906372,0.5118789196014404,1.0,0.2530422806739807,0.41208596229553224,1.0,0.2897794842720032
squat,0.4664034366607666,0.0,0.01682376302778721,0.4761031627655029,0.0,0.0020399456843733788,0.4476169586181641,0.0,0.0038904740940779448,0.49303302764892576,0.0,0.005518956575542688,0.4175837993621826,0.008490053812662761,0.013529915362596512,0.5542237281799316,0.12404314676920573,0.5976491570472717,0.3609918594360352,0.12629448572794597,0.6784964799880981,0.6620259761810303,0.15663220087687174,0.9048178791999817,0.26841397285461427,0.1690392812093099,0.9362773895263672,0.7693626403808593,0.15385042826334636,0.9019234776496887,0.17287058830261232,0.19484391212463378,0.9432305693626404,0.5241282939910888,0.5313693364461263,0.9975547194480896,0.4066642761230469,0.5333976745605469,0.9980596899986267,0.5046417713165283,0.8501851399739583,0.9583488702774048,0.41912474632263186,0.8464602152506511,0.9684450626373291,0.4895474910736084,1.0,0.3995097279548645,0.43095860481262205,1.0,0.437323659658432
squat,0.46275315284729,0.0,0.02432994171977043,0.47355899810791013,0.0,0.003618089249357581,0.44642224311828616,0.0,0.004643474239856005,0.4933164596557617,0.0069343884785970054,0.012301452457904816,0.4239938259124756,0.013885211944580079,0.013888036832213402,0.5534209251403809,0.13379591306050617,0.7247384786605835,0.36877894401550293,0.13453300793965658,0.7473999857902527,0.6526229858398438,0.15718291600545248,0.937410295009613,0.2779047966003418,0.16766180992126464,0.944133460521698,0.7517998695373536,0.15795828501383463,0.928449809551239,0.19226176738739015,0.18696120580037434,0.9466466307640076,0.5179090976715088,0.5480536142985026,0.998068630695343,0.4067708969116211,0.548474375406901,0.9982824325561523,0.49629502296447753,0.8830488840738933,0.9495006799697876,0.42656869888305665,0.875536855061849,0.9576979875564575,0.47290921211242676,1.0,0.30095475912094116,0.44159631729125975,1.0,0.32190048694610596
squat,0.45290288925170896,0.0,0.130622997879982,0.47206830978393555,0.0,0.033479299396276474,0.4342787265777588,0.0,0.02539551630616188,0.5032402992248535,0.006241067250569662,0.05619414523243904,0.41022801399230957,0.004051303863525391,0.025319188833236694,0.5544709682464599,0.13908259073893228,0.8403074145317078,0.3627673864364624,0.13681383132934571,0.8088876008987427,0.6533413410186768,0.17056156794230143,0.9409980177879333,0.26531829833984377,0.18256168365478515,0.920446515083313,0.7482067108154297,0.16232452392578126,0.9261929988861084,0.19264376163482666,0.18765932718912762,0.9250593185424805,0.5227167129516601,0.5649332046508789,0.9963482022285461,0.40601282119750975,0.5664370218912761,0.9961997866630554,0.4969930171966553,0.904858144124349,0.9131268858909607,0.42330365180969237,0.9087139129638672,0.9165586829185486,0.45836820602416994,1.0,0.19971568882465363,0.44077229499816895,1.0,0.20027980208396912
squat,0.4549053192138672,0.0,0.090622678399086,0.4728592872619629,0.0,0.02072877809405327,0.436447811126709,0.0,0.019324317574501038,0.502032995223999,0.006985028584798177,0.03555509075522423,0.41124744415283204,0.005897394816080729,0.022242847830057144,0.5573379039764405,0.13735694885253907,0.7613838315010071,0.3621495246887207,0.1365832010904948,0.761878490447998,0.6629069805145263,0.1654164950052897,0.9144307374954224,0.264396071434021,0.18057190577189128,0.914079487323761,0.7529499053955078,0.15497496922810872,0.9019092321395874,0.18612239360809327,0.1892925262451172,0.9201458096504211,0.5263806819915772,0.5618887583414713,0.9956964254379272,0.4065281867980957,0.5631356557210286,0.9960200190544128,0.5034581184387207,0.8935398101806641,0.918220579624176,0.4169779777526855,0.8971525828043619,0.9296577572822571,0.4675398826599121,1.0,0.24087277054786682,0.42955474853515624,1.0,0.255695641040802
squat,0.4572309017181396,0.0,0.06521917879581451,0.47478580474853516,0.0,0.012795221991837025,0.4406409740447998,0.0,0.012972846627235413,0.5042218685150146,0.01478408177693685,0.02892421744763851,0.41937804222106934,0.012010574340820312,0.019651291891932487,0.5567294120788574,0.14609246253967284,0.7634848952293396,0.36833920478820803,0.14240911801656086,0.7920725345611572,0.6555630683898925,0.15706745783487955,0.9293938875198364,0.2769099235534668,0.17208305994669595,0.9412375092506409,0.7552325248718261,0.1445582707722982,0.9207379817962646,0.19109556674957276,0.18606704076131184,0.9430370926856995,0.5217405796051026,0.5670830408732096,0.9975862503051758,0.4058645725250244,0.5665383656819661,0.9979275465011597,0.5083472728729248,0.9118076960245768,0.9243717789649963,0.4208627700805664,0.9085589090983073,0.9397515654563904,0.4821650981903076,1.0,0.21788334846496582,0.4348414421081543,1.0,0.2417183220386505
squat,0.45454959869384765,0.0,0.16497477889060974,0.4761873722076416,0.0,0.04769899323582649,0.4366640567779541,0.0,0.032849665731191635,0.5108292102813721,0.009608078002929687,0.07445166260004044,0.4143196105957031,0.00403289794921875,0.025736801326274872,0.5620193004608154,0.1430376688639323,0.8443764448165894,0.3677551507949829,0.14121456146240235,0.8151914477348328,0.6657400131225586,0.1598833719889323,0.9382858872413635,0.27455198764801025,0.1791176160176595,0.9203650951385498,0.75629563331604,0.14123481114705402,0.9260662198066711,0.19751472473144532,0.18038047154744466,0.9252134561538696,0.525883674621582,0.5649037679036458,0.9965454936027527,0.4062833786010742,0.5653907775878906,0.9964659214019775,0.5056510448455811,0.8922827402750652,0.929645836353302,0.41556501388549805,0.8973330815633138,0.9350712299346924,0.46862096786499025,1.0,0.2622239589691162,0.43030462265014646,1.0,0.2684141993522644
squat,0.45472264289855957,0.0,0.2756136953830719,0.47692322731018066,0.0,0.08990160375833511,0.43714356422424316,0.0,0.061580732464790344,0.5111835479736329,0.011202112833658854,0.10614121705293655,0.4147182941436768,0.0022736549377441405,0.037919782102108,0.5567135810852051,0.14501819610595704,0.8906561136245728,0.369495153427124,0.137293275197347,0.8578265905380249,0.6547540664672852,0.1653723080952962,0.9490107893943787,0.2766996145248413,0.17649316787719727,0.9259008765220642,0.7473234176635742,0.13362766901652018,0.9354015588760376,0.2057218074798584,0.17738046646118164,0.9293802976608276,0.5239330291748047,0.5615224838256836,0.9969497323036194,0.408312463760376,0.5606084187825521,0.9967241883277893,0.5053610801696777,0.8864625295003256,0.9414236545562744,0.41694955825805663,0.8907488505045573,0.9433088898658752,0.4717706203460693,1.0,0.3066118359565735,0.4297384738922119,1.0,0.30643466114997864
squat,0.4567920207977295,0.0,0.2789677381515503,0.47940797805786134,0.0,0.0941070020198822,0.43888092041015625,0.0,0.06266042590141296,0.5142701625823974,0.007363255818684896,0.10659880936145782,0.4159572124481201,0.0,0.03707147017121315,0.5588987350463868,0.14095112482706706,0.8880805373191833,0.3698410987854004,0.1345617930094401,0.8473936319351196,0.6577900886535645,0.16138960520426432,0.9476006031036377,0.2749842405319214,0.17318687438964844,0.917660117149353,0.7525257587432861,0.12734498977661132,0.933256208896637,0.2068845272064209,0.16508684158325196,0.9226363897323608,0.5254004001617432,0.5579062779744466,0.9968078136444092,0.4086616992950439,0.5584582010904948,0.9964385032653809,0.5094955921173095,0.8785123825073242,0.9440391063690186,0.41895341873168945,0.8860109329223633,0.9441551566123962,0.477862548828125,1.0,0.3295384645462036,0.43285765647888186,1.0,0.3242749571800232
squat,0.45563058853149413,0.0,0.28290966153144836,0.4777568817138672,0.0,0.08992864191532135,0.4404533863067627,0.0,0.05579228699207306,0.5089396476745606,0.011851151784261068,0.11152614653110504,0.4176477432250977,0.0,0.03762829676270485,0.5512918949127197,0.14338102340698242,0.8979154229164124,0.3690991163253784,0.12972278594970704,0.9042379260063171,0.6486847400665283,0.14864352544148762,0.9672542214393616,0.2993768692016602,0.15264320373535156,0.9597204327583313,0.7181718349456787,0.12345037460327149,0.9651862978935242,0.228768253326416,0.17371412913004558,0.961873471736908,0.5227335929870606,0.5587799072265625,0.9976502060890198,0.40793557167053224,0.5538346608479817,0.9976129531860352,0.5161263465881347,0.893153190612793,0.9345616698265076,0.4123974800109863,0.8926653544108073,0.9427235722541809,0.4939685821533203,1.0,0.23619093000888824,0.4254606246948242,1.0,0.2522951662540436
squat,0.4635353088378906,0.0,0.08684983104467392,0.48021893501281737,0.0,0.01987076923251152,0.4481226444244385,0.0,0.018045099452137947,0.5055453777313232,0.007178338368733724,0.03741456940770149,0.4255875587463379,0.0,0.025648245587944984,0.5499044418334961,0.14461393356323243,0.7976900935173035,0.36895132064819336,0.12914730707804362,0.8128761053085327,0.6352561950683594,0.16574765841166178,0.9437706470489502,0.2887972354888916,0.15906407038370768,0.939813494682312,0.725031566619873,0.1298344612121582,0.9396023154258728,0.23502893447875978,0.17103708585103353,0.9464224576950073,0.5212579250335694,0.5569596608479818,0.9979835748672485,0.4088139057159424,0.5545750935872396,0.9980574250221252,0.5159545421600342,0.8909562428792318,0.9474319815635681,0.41525721549987793,0.8903353373209636,0.9548307061195374,0.505689287185669,1.0,0.31512221693992615,0.4259453296661377,1.0,0.33162280917167664
squat,0.4692091464996338,0.0,0.10367532074451447,0.48747053146362307,0.0,0.0197831429541111,0.44837098121643065,0.0,0.025241276249289513,0.5139044284820556,0.010081005096435548,0.025701291859149933,0.41707806587219237,0.00525051752726237,0.032344330102205276,0.5531813144683838,0.14310851097106933,0.7714624404907227,0.3701561212539673,0.1314600944519043,0.7883728742599487,0.6305553913116455,0.16412455240885418,0.9290848970413208,0.2981816530227661,0.16094113985697428,0.9348074793815613,0.7229561328887939,0.13612604141235352,0.9247273802757263,0.24981465339660644,0.16250756581624348,0.9430380463600159,0.5262417793273926,0.5613484700520833,0.9975130558013916,0.40968828201293944,0.5600429534912109,0.9977288842201233,0.5158474922180176,0.9010462443033854,0.9322943091392517,0.41629557609558104,0.8983800888061524,0.9420183300971985,0.48795089721679685,1.0,0.26461824774742126,0.4178575038909912,1.0,0.2777419090270996
squat,0.4688176155090332,0.0,0.03083287924528122,0.48071722984313964,0.0,0.004711497575044632,0.45375733375549315,0.0,0.007326727267354727,0.499727725982666,0.009615294138590495,0.011307749897241592,0.4310928821563721,0.009308147430419921,0.01713104546070099,0.5566677570343017,0.13831008275349935,0.619681715965271,0.3746923923492432,0.1310519536336263,0.7032200694084167,0.656421422958374,0.16282631556193033,0.8939796686172485,0.2862792730331421,0.16690743764241536,0.9315826892852783,0.7524439811706543,0.12633164723714194,0.8787268996238708,0.19922873973846436,0.17121777534484864,0.9287243485450745,0.5260614395141602,0.5661671956380209,0.9968445301055908,0.41171674728393554,0.5630751291910807,0.9975448250770569,0.5141781806945801,0.9084423065185547,0.9146144986152649,0.4115971565246582,0.8980164210001628,0.936299204826355,0.5009433269500733,1.0,0.21850726008415222,0.41431803703308107,1.0,0.24944892525672913
squat,0.46698708534240724,0.0,0.035114459693431854,0.48069610595703127,0.0,0.00541647057980299,0.4525869369506836,0.0,0.0072073619812726974,0.5011487483978272,0.004786523183186849,0.013660291209816933,0.42934160232543944,0.0,0.01637742482125759,0.5531296730041504,0.14053421020507811,0.6871455311775208,0.369730544090271,0.12686665852864584,0.792896568775177,0.6535957336425782,0.173144261042277,0.9394717216491699,0.28740596771240234,0.16971572240193686,0.9634497761726379,0.7628815650939942,0.1230618158976237,0.9322829246520996,0.18965260982513427,0.17292064030965168,0.9606246948242188,0.5276130676269531,0.5604801177978516,0.9980239868164062,0.41002826690673827,0.556360371907552,0.9984903335571289,0.5287999629974365,0.8992991129557292,0.9258413910865784,0.395814037322998,0.8909556706746419,0.947381854057312,0.5347543716430664,1.0,0.2001471221446991,0.3955876350402832,1.0,0.23572376370429993
squat,0.44827470779418943,0.0,0.3328028619289398,0.46747803688049316,0.0,0.12409918010234833,0.43750805854797364,0.0,0.0508846677839756,0.5020349502563477,0.0101835568745931,0.19286690652370453,0.4277652740478516,0.0,0.025438381358981133,0.5547045230865478,0.15389912923177082,0.951678991317749,0.3771439790725708,0.1360126813252767,0.9231877326965332,0.6567899703979492,0.19130210876464843,0.9858065247535706,0.2761068344116211,0.1686242421468099,0.9689791202545166,0.768466854095459,0.1487272262573242,0.9756728410720825,0.15893306732177734,0.1685982386271159,0.9597148895263672,0.5212320327758789,0.5755266189575196,0.9989396929740906,0.40656342506408694,0.5681395212809245,0.9986792206764221,0.5313165187835693,0.8987014770507813,0.9531081318855286,0.38367648124694825,0.8891624450683594,0.9487936496734619,0.5435205459594726,1.0,0.24782437086105347,0.37805862426757814,1.0,0.23730222880840302
squat,0.4652876377105713,0.026898733774820962,0.7389364838600159,0.48340353965759275,0.0086000124613444,0.3634089231491089,0.4510794639587402,0.004690678914388021,0.37524086236953735,0.5072896003723144,0.043214575449625654,0.22984708845615387,0.4302195072174072,0.03313013712565104,0.16938699781894684,0.5578484535217285,0.1940021514892578,0.9573918581008911,0.3724350452423096,0.17945919036865235,0.9688223004341125,0.6618316650390625,0.23986485799153645,0.9698582887649536,0.28254473209381104,0.23047424952189127,0.9766201972961426,0.7763852596282959,0.19024925231933593,0.9404246807098389,0.14126319885253907,0.23101708094278972,0.9560434222221375,0.525669002532959,0.620832888285319,0.9973166584968567,0.4041299343109131,0.6127448399861654,0.9977359771728516,0.5510126113891601,0.9499489466349283,0.8391168713569641,0.3676099061965942,0.9231526692708333,0.8684571981430054,0.5957389354705811,1.0,0.08485100418329239,0.36908984184265137,1.0,0.09685610234737396
squat,0.46289858818054197,0.1047543207804362,0.944520115852356,0.4800328254699707,0.08367487589518229,0.8829689025878906,0.44939241409301756,0.08168795903523764,0.8432047367095947,0.5042860984802247,0.10664755503336588,0.5930620431900024,0.433714485168457,0.10060132344563802,0.371416300535202,0.5595838546752929,0.24896389643351238,0.9647579789161682,0.37874464988708495,0.2380585511525472,0.9304439425468445,0.6555018901824952,0.28420197168986,0.9098941683769226,0.2889353513717651,0.26934779485066734,0.8201736211776733,0.7296817779541016,0.2701523780822754,0.7876870632171631,0.23650634288787842,0.2561553319295247,0.7076634764671326,0.5232984542846679,0.670278803507487,0.9920090436935425,0.4013856887817383,0.6635900497436523,0.9894801378250122,0.5554756641387939,0.9681171417236328,0.7739906907081604,0.35415120124816896,0.9405082702636719,0.7369909882545471,0.5908618450164795,1.0,0.15744636952877045,0.34190983772277833,1.0,0.13880090415477753
squat,0.46518826484680176,0.18468481699625652,0.9886625409126282,0.4844957828521729,0.16143398284912108,0.9592097997665405,0.44941864013671873,0.1569040298461914,0.9678927063941956,0.5070789337158204,0.1759666124979655,0.7151342630386353,0.4234923362731934,0.16581417719523112,0.7398466467857361,0.5547125816345215,0.327240784962972,0.9860950708389282,0.3619410514831543,0.3086479822794596,0.9928129315376282,0.6404321670532227,0.39665021896362307,0.947299063205719,0.2602987766265869,0.3812352816263835,0.9703740477561951,0.7014505863189697,0.37430060704549156,0.8966605067253113,0.12894771099090577,0.43920987447102866,0.9336110353469849,0.5137537956237793,0.7421106338500977,0.9884170889854431,0.38734970092773435,0.727441914876302,0.9912775754928589,0.540107011795044,1.0,0.4862167537212372,0.33817574977874754,0.9528453826904297,0.5521191358566284,0.6071956634521485,1.0,0.034329481422901154,0.3632959842681885,1.0,0.04133376106619835
squat,0.463247013092041,0.25164953867594403,0.9884909391403198,0.4831990718841553,0.23067677815755208,0.9798826575279236,0.4487875461578369,0.22715962727864583,0.9631662964820862,0.509742021560669,0.2534305572509766,0.8488156199455261,0.4299320697784424,0.2436562220255534,0.5709189772605896,0.559603214263916,0.3949153264363607,0.988685131072998,0.37333178520202637,0.3709104855855306,0.9588489532470703,0.6542788505554199,0.46635605494181315,0.9502752423286438,0.2732020616531372,0.4146795908610026,0.7965274453163147,0.724790620803833,0.4455219268798828,0.8269132375717163,0.20176708698272705,0.41104278564453123,0.6261215209960938,0.5186136722564697,0.7705364227294922,0.987518846988678,0.38719911575317384,0.7589243570963542,0.9776766896247864,0.583935546875,1.0,0.6802101135253906,0.3293560266494751,0.9631637573242188,0.5532650947570801,0.650905704498291,1.0,0.13555976748466492,0.32302289009094237,0.9936347325642904,0.09870072454214096
squat,0.4612691879272461,0.32639916737874347,0.9941391944885254,0.4811150550842285,0.30382553736368817,0.9863337874412537,0.4444610118865967,0.3018972714742025,0.980319082736969,0.506973123550415,0.32573827107747394,0.8643818497657776,0.4218073844909668,0.3197985013326009,0.7200682759284973,0.5556521415710449,0.4710476557413737,0.9924014806747437,0.36815543174743653,0.4511801401774089,0.9828281402587891,0.6688446998596191,0.5240369160970052,0.967999279499054,0.2787994384765625,0.4982257525126139,0.908416211605072,0.7916611671447754,0.4961221694946289,0.8993706107139587,0.18667011260986327,0.5178351084391276,0.8039305806159973,0.5185063362121582,0.84661865234375,0.9720360636711121,0.38643271923065187,0.8353066126505534,0.9576711058616638,0.5863214492797851,1.0,0.2735501527786255,0.32109532356262205,0.9625734329223633,0.20244640111923218,0.6918033123016357,1.0,0.021949870511889458,0.3412327289581299,0.9790074666341145,0.01715981960296631
squat,0.4574836254119873,0.4036091168721517,0.9956086277961731,0.48136048316955565,0.3790449142456055,0.9881729483604431,0.44219508171081545,0.3751180648803711,0.9798586368560791,0.5118254661560059,0.39699878692626955,0.8849329948425293,0.4209297180175781,0.38594493865966795,0.6740989685058594,0.5477427482604981,0.5369105021158854,0.9949237704277039,0.3747155427932739,0.5189665794372559,0.9892770051956177,0.6579390525817871,0.5917458216349284,0.9833158850669861,0.2929300546646118,0.5715269724527995,0.9525915384292603,0.7959029197692871,0.5801212946573894,0.9555152654647827,0.16765205860137938,0.6096508026123046,0.8997896909713745,0.5080947875976562,0.8960053126017252,0.9678542017936707,0.3853736400604248,0.8863119125366211,0.9528012275695801,0.5723737239837646,1.0,0.1875842660665512,0.3197170734405518,0.9707038243611653,0.13395197689533234,0.6920867443084717,1.0,0.01166895404458046,0.3546210527420044,0.9919071197509766,0.009042778052389622
squat,0.4671621799468994,0.4519526799519857,0.9976623058319092,0.489406156539917,0.4221780776977539,0.9903055429458618,0.4460289001464844,0.42404362360636394,0.9919705390930176,0.5202280521392822,0.436688486735026,0.8269454836845398,0.41791338920593263,0.43863178888956705,0.830295741558075,0.5576718807220459,0.5746355692545573,0.9942171573638916,0.3709436893463135,0.5687391916910808,0.9931332468986511,0.6827003955841064,0.6233997344970703,0.9785531759262085,0.2639148235321045,0.6203131357828776,0.9739539623260498,0.843027400970459,0.6201316197713216,0.9453305602073669,0.1582794666290283,0.6570407231648763,0.9403261542320251,0.5232990264892579,0.9280653635660807,0.9473837018013,0.388362979888916,0.9295401891072591,0.9429823756217957,0.6128586769104004,1.0,0.11061546951532364,0.3271355628967285,0.980731455485026,0.1026110053062439,0.7220778465270996,1.0,0.006567926146090031,0.3381494998931885,0.9825145721435546,0.006041216664016247
squat,0.46617717742919923,0.4581957499186198,0.9976781010627747,0.48918876647949217,0.4284737904866536,0.9896418452262878,0.4456950664520264,0.42904907862345376,0.992512583732605,0.5194294452667236,0.4438583056131999,0.8166872262954712,0.4165797233581543,0.44231974283854164,0.8501322865486145,0.559261703491211,0.5845582962036133,0.9939724802970886,0.36420373916625975,0.5777408599853515,0.9941357374191284,0.6879528999328614,0.630596415201823,0.9753580689430237,0.2558633089065552,0.6286575317382812,0.977016031742096,0.8329216957092285,0.6148509343465169,0.9432275295257568,0.15882523059844972,0.6535161972045899,0.9487683176994324,0.5251123905181885,0.9347776412963867,0.9436876773834229,0.3864603519439697,0.9359471003214518,0.9447904229164124,0.6094896793365479,0.9929647445678711,0.11817694455385208,0.322452974319458,0.9732375462849935,0.12001091241836548,0.7142543315887451,1.0,0.007608782034367323,0.3424481153488159,0.9845502217610677,0.0074570635333657265
squat,0.4631055355072021,0.4210830052693685,0.996886670589447,0.48742055892944336,0.3959105173746745,0.9889610409736633,0.44574637413024903,0.391694450378418,0.9878915548324585,0.5151717185974121,0.4133115768432617,0.8506889343261719,0.41766085624694826,0.40182743072509763,0.7744492292404175,0.5475001335144043,0.5468446095784505,0.9945501685142517,0.3720503807067871,0.5334125518798828,0.9928264617919922,0.6639573097229003,0.5958451588948568,0.9806190729141235,0.280898380279541,0.5917030970255533,0.9680381417274475,0.7974876403808594,0.579224967956543,0.9543766379356384,0.13169522285461427,0.6637765884399414,0.9294370412826538,0.5155643939971923,0.9087696075439453,0.9566411375999451,0.3917121410369873,0.9024257659912109,0.9487157464027405,0.5775965690612793,1.0,0.14538772404193878,0.328471040725708,0.9677337646484375,0.12039060145616531,0.697419261932373,1.0,0.009210057556629181,0.36898021697998046,0.9995339711507162,0.00798272155225277
squat,0.4629387378692627,0.36147874196370444,0.9963061809539795,0.48493232727050783,0.33713515599568683,0.9881868958473206,0.4459324836730957,0.33420015970865885,0.9846299290657043,0.5118728637695312,0.35552870432535805,0.8667122721672058,0.42043137550354004,0.346905517578125,0.7543451189994812,0.5497560501098633,0.4964369455973307,0.9959153532981873,0.3696845769882202,0.4800403594970703,0.9928978681564331,0.6637490272521973,0.5451896667480469,0.9856648445129395,0.26656146049499513,0.5335681279500325,0.9653890132904053,0.8151095390319825,0.5227602640787761,0.9560355544090271,0.1137505054473877,0.5937539418538411,0.9189353585243225,0.5200171947479248,0.854481569925944,0.9802564382553101,0.3952915906906128,0.8470594406127929,0.9731400012969971,0.5862404346466065,0.9937802632649739,0.3030180335044861,0.33366074562072756,0.9496384938557942,0.23777732253074646,0.7086616516113281,1.0,0.01934521272778511,0.3646763801574707,0.9833048502604167,0.015773653984069824
squat,0.4628469944000244,0.3114047368367513,0.9946728348731995,0.48427090644836424,0.28429826100667316,0.9808998107910156,0.4440751552581787,0.2814887046813965,0.9820446968078613,0.5115724563598633,0.295432980855306,0.8067417740821838,0.41658573150634765,0.28911237716674804,0.7721253633499146,0.5474188804626465,0.43796348571777344,0.9933491349220276,0.3697774887084961,0.42277129491170246,0.9935799837112427,0.6360021114349366,0.4811340967814128,0.9731492400169373,0.26458587646484377,0.47342166900634763,0.969915509223938,0.7456640243530274,0.44646492004394533,0.9350605010986328,0.11561214923858643,0.5329745292663575,0.9329786896705627,0.5156219005584717,0.8090419769287109,0.9849570393562317,0.39666094779968264,0.7996199289957683,0.9850443601608276,0.5638419151306152,1.0,0.3995874524116516,0.3557931423187256,0.9603276570638021,0.39095044136047363,0.6565430641174317,1.0,0.028963077813386917,0.38166561126708987,1.0,0.028840960934758186
squat,0.45976877212524414,0.24287452697753906,0.9868244528770447,0.4795734405517578,0.21996421813964845,0.9437214732170105,0.44467434883117674,0.21497659683227538,0.9644979238510132,0.502292537689209,0.23636786142985025,0.6575556397438049,0.41968302726745604,0.22459068298339843,0.7532386779785156,0.5486639976501465,0.37743714650472004,0.9865156412124634,0.35686192512512205,0.3657980918884277,0.994416356086731,0.6596433639526367,0.4020408630371094,0.9541138410568237,0.2529585838317871,0.417848014831543,0.981067419052124,0.7754523277282714,0.35724430084228515,0.895304262638092,0.09479737281799316,0.45733442306518557,0.9494470953941345,0.5139665603637695,0.7506590525309245,0.9914444088935852,0.3880483627319336,0.741207504272461,0.9941645264625549,0.5713653564453125,0.9921241760253906,0.6363229155540466,0.3461897850036621,0.9434187571207683,0.7300634980201721,0.6543180465698242,1.0,0.06888040155172348,0.3674853086471558,1.0,0.09166666120290756
squat,0.4653906345367432,0.18359381357828777,0.9892914891242981,0.4844382286071777,0.16305554707845052,0.9550564289093018,0.4509779453277588,0.15811920166015625,0.9753528237342834,0.5052577972412109,0.1822329839070638,0.6688048839569092,0.4268218517303467,0.17103233337402343,0.7941854596138,0.550648307800293,0.3208788871765137,0.9824274182319641,0.36314973831176756,0.3102559089660645,0.9945639371871948,0.6520171165466309,0.33765926361083987,0.9312442541122437,0.25482635498046874,0.3428682645161947,0.9803758859634399,0.73857102394104,0.28978268305460614,0.8503277897834778,0.10297775268554688,0.35781834920247396,0.9445642232894897,0.5158113479614258,0.6966471989949544,0.9919862747192383,0.3914222717285156,0.6881782531738281,0.9953086972236633,0.5750668525695801,0.9489844004313152,0.7522520422935486,0.3480297803878784,0.9113662719726563,0.845858097076416,0.6446786403656006,1.0,0.1311408132314682,0.3558357715606689,1.0,0.18444153666496277
squat,0.4649681091308594,0.12545064290364583,0.9801324009895325,0.48749699592590334,0.10283247629801433,0.9251733422279358,0.44609551429748534,0.09654210408528646,0.9425554871559143,0.5114083290100098,0.12815589904785157,0.5964142084121704,0.41489486694335936,0.11385876337687174,0.664510190486908,0.5477393627166748,0.2776200612386068,0.9829866886138916,0.35962045192718506,0.2644903500874837,0.9897773861885071,0.6544625282287597,0.28152796427408855,0.9483082890510559,0.26585707664489744,0.29557536443074545,0.964224100112915,0.7744828224182129,0.23252070744832357,0.8944284915924072,0.11858665943145752,0.3068812370300293,0.9278897643089294,0.515641164779663,0.6971218109130859,0.9934212565422058,0.3958441734313965,0.6884325663248698,0.9944977164268494,0.5491745948791504,0.9890188852945964,0.6540150046348572,0.3769786834716797,0.9407810211181641,0.7042396068572998,0.6129117965698242,1.0,0.06352579593658447,0.41501517295837403,1.0,0.07439219206571579
squat,0.46457805633544924,0.05236317316691081,0.9038694500923157,0.48357443809509276,0.033218797047932944,0.7056161761283875,0.4464240074157715,0.03134136199951172,0.7481411695480347,0.5073522090911865,0.06779807408650716,0.369829922914505,0.41991186141967773,0.06353969573974609,0.3560360372066498,0.5576683521270752,0.21486398379007976,0.9572389125823975,0.36882069110870364,0.2074294090270996,0.9686354994773865,0.6706976890563965,0.22758251825968426,0.9297072291374207,0.2707704544067383,0.21816479365030925,0.9501384496688843,0.7656144142150879,0.16862074534098306,0.8678039908409119,0.13547186851501464,0.1932088851928711,0.9091985821723938,0.5246597290039062,0.6208750406901041,0.9951299428939819,0.4025870323181152,0.6167847315470377,0.9959524869918823,0.550128984451294,0.9180965423583984,0.8656041622161865,0.3720771074295044,0.9051047007242838,0.8943445682525635,0.5830955982208252,1.0,0.1954047530889511,0.3728830814361572,1.0,0.22248105704784393
squat,0.4705203533172607,0.008665847778320312,0.47633132338523865,0.49028544425964354,0.0,0.14010325074195862,0.4526620864868164,0.0,0.22167590260505676,0.5139588356018067,0.02651360829671224,0.08293646574020386,0.4234035015106201,0.014810752868652344,0.13743840157985687,0.5578856468200684,0.17349832852681477,0.8523030877113342,0.3675010919570923,0.15659871101379394,0.9346476197242737,0.6577935218811035,0.19462761878967286,0.8993580937385559,0.2784005641937256,0.17715075810750325,0.9622480273246765,0.7585144996643066,0.12463788986206055,0.8629363179206848,0.14782941341400146,0.14588820139567057,0.9424484968185425,0.5267595291137696,0.6066209157307942,0.9960610270500183,0.40419912338256836,0.599593989054362,0.9975060820579529,0.5400872707366944,0.9361426671346028,0.8617997765541077,0.3835171699523926,0.9166375478108724,0.9141375422477722,0.5603837013244629,1.0,0.15887762606143951,0.3928464412689209,1.0,0.20854316651821136
squat,0.45978803634643556,0.0,0.16581301391124725,0.47849721908569337,0.0,0.047374434769153595,0.4482231616973877,0.0,0.03205815330147743,0.5044909477233886,0.00021883646647135417,0.06742110848426819,0.42826547622680666,0.0,0.024257423356175423,0.5615137100219727,0.13159780502319335,0.7573134303092957,0.36988468170166017,0.12343622843424479,0.8582165241241455,0.6710847377777099,0.156118377049764,0.9081043004989624,0.2830139875411987,0.14153035481770834,0.9410565495491028,0.7243581771850586,0.12692298889160156,0.8930878639221191,0.14105596542358398,0.11092344919840495,0.9237353801727295,0.5343203067779541,0.5708049138387045,0.9960836172103882,0.4139756679534912,0.5650119781494141,0.9969672560691833,0.5297043323516846,0.9139484405517578,0.8970958590507507,0.4059330940246582,0.9072916030883789,0.9288173317909241,0.5261509418487549,1.0,0.18953166902065277,0.43338403701782224,1.0,0.23919066786766052
squat,0.47256016731262207,0.0,0.08803548663854599,0.4863023281097412,0.0,0.014790527522563934,0.45378870964050294,0.0,0.029757119715213776,0.5041014194488526,0.0,0.01739439181983471,0.42227883338928224,0.0,0.0465058758854866,0.5565094947814941,0.13440306981404623,0.634309709072113,0.35953989028930666,0.12806208928426108,0.8170819878578186,0.664367961883545,0.1348218599955241,0.8287801742553711,0.24135024547576905,0.13534685770670574,0.9323412775993347,0.7720195770263671,0.06579535802205404,0.8044324517250061,0.11499807834625245,0.10186452865600586,0.9204708337783813,0.5241659641265869,0.5487791697184244,0.9950525164604187,0.40502204895019533,0.5478865305582682,0.9968673586845398,0.5115372657775878,0.8573609034220377,0.9286028146743774,0.40413470268249513,0.8527578353881836,0.9567224979400635,0.49841876029968263,1.0,0.34714800119400024,0.4125788688659668,1.0,0.4223765730857849
squat,0.47257542610168457,0.0,0.05569465085864067,0.48239669799804685,0.0,0.007678849156945944,0.45339231491088866,0.0,0.015361820347607136,0.49761056900024414,0.003371429443359375,0.012692263349890709,0.4247733116149902,0.01356334686279297,0.034058939665555954,0.5537092685699463,0.12629621823628742,0.699528157711029,0.3627642631530762,0.12549238204956054,0.8409954309463501,0.6523438453674316,0.12418599128723144,0.9053696990013123,0.2396219253540039,0.12571064631144205,0.9583688378334045,0.7664229869842529,0.037718041737874346,0.8878860473632812,0.10491259098052978,0.07177762985229492,0.9516807198524475,0.5195761680603027,0.5522210439046223,0.9981426000595093,0.40414204597473147,0.553648567199707,0.9987502098083496,0.5087477207183838,0.8821641286214192,0.9540941715240479,0.41407217979431155,0.8761874516805013,0.9702911972999573,0.5038310527801514,1.0,0.35336464643478394,0.4215244293212891,1.0,0.4165996015071869
squat,0.4641708850860596,0.0,0.12655234336853027,0.47922792434692385,0.0,0.029117247089743614,0.4473725318908691,0.0,0.03310041129589081,0.4999366760253906,0.005903085072835286,0.04118215665221214,0.421984338760376,0.0030381838480631512,0.03890321031212807,0.5527477264404297,0.141796875,0.7736737132072449,0.35999374389648436,0.13564232190450032,0.8355036377906799,0.6551555156707763,0.13196220397949218,0.9021265506744385,0.23575751781463622,0.13021678924560548,0.9261102080345154,0.7541192054748536,0.06351010004679362,0.8755849599838257,0.10667223930358886,0.08620761235555013,0.9171985387802124,0.518506383895874,0.553149922688802,0.996687114238739,0.40293312072753906,0.5521433512369792,0.9972661733627319,0.506780481338501,0.8682175318400065,0.9458540081977844,0.40566182136535645,0.8638486862182617,0.9579330086708069,0.4922743320465088,1.0,0.37842509150505066,0.4172800064086914,1.0,0.4162205755710602
squat,0.45866031646728517,0.0,0.18343086540699005,0.47772369384765623,0.0,0.053443457931280136,0.44195194244384767,0.0,0.04205283150076866,0.5043943405151368,0.01168352762858073,0.07313864678144455,0.4183770179748535,0.0034312884012858073,0.035714004188776016,0.55120849609375,0.14754948616027833,0.8321840167045593,0.3607017993927002,0.13969772656758625,0.8454606533050537,0.6467191219329834,0.12923205693562825,0.9319509863853455,0.24635133743286133,0.1277146339416504,0.9259437918663025,0.7526371955871582,0.06435095469156901,0.9139900803565979,0.12235522270202637,0.07694416046142578,0.9228358268737793,0.5182658195495605,0.5475681940714519,0.9972320199012756,0.40288753509521485,0.5466816584269206,0.9973474740982056,0.511789608001709,0.8636789957682292,0.9532288908958435,0.4034918785095215,0.8609642028808594,0.9587161540985107,0.4987743377685547,1.0,0.38749778270721436,0.41653003692626955,1.0,0.40613827109336853
squat,0.46033077239990233,0.0,0.14566518366336823,0.4794620037078857,0.0,0.04093417152762413,0.4434018611907959,0.0,0.03339147940278053,0.5051270484924316,0.013683255513509114,0.05889008939266205,0.41801652908325193,0.003934446970621745,0.031141916289925575,0.5510028839111328,0.14705926577250164,0.7967712879180908,0.36020960807800295,0.13866353034973145,0.817011833190918,0.6472092151641846,0.1284621238708496,0.921833336353302,0.2460937023162842,0.12480112711588541,0.917526364326477,0.7515443801879883,0.06946948369344076,0.9039945006370544,0.12047159671783447,0.07492631276448568,0.9157965183258057,0.5194575309753418,0.5474941889444987,0.9972189664840698,0.4037679672241211,0.5465314865112305,0.9973669648170471,0.5082304000854492,0.8684252421061198,0.9554600715637207,0.400908374786377,0.8681231180826823,0.9609066247940063,0.4899498462677002,1.0,0.4064687490463257,0.4116677761077881,1.0,0.4248672127723694
squat,0.46033544540405275,0.0,0.1722681075334549,0.48069610595703127,0.0,0.05035493150353432,0.442365026473999,0.0,0.0405476950109005,0.5081835746765136,0.014305750528971354,0.06702596694231033,0.41591105461120603,0.0039037068684895835,0.03402768820524216,0.5522903442382813,0.14986713727315268,0.8053704500198364,0.3612462043762207,0.13983041445414227,0.8298259973526001,0.647606086730957,0.13133195241292317,0.9213985800743103,0.24886853694915773,0.12433897654215495,0.9212281703948975,0.7473697662353516,0.07126490275065105,0.9086808562278748,0.12581212520599366,0.07762031555175782,0.9223372936248779,0.5201357841491699,0.545764414469401,0.997097373008728,0.40456233024597166,0.5441240946451823,0.997312605381012,0.5055032730102539,0.8702658335367839,0.9524045586585999,0.40245566368103025,0.8720357259114583,0.9592140316963196,0.4811821937561035,1.0,0.3810870945453644,0.41089863777160646,1.0,0.40251627564430237
squat,0.4600529193878174,0.0,0.20944590866565704,0.4804654121398926,0.0,0.06112286075949669,0.44227066040039065,0.0,0.0550750270485878,0.506456995010376,0.01679999033610026,0.07044699043035507,0.4146995544433594,0.003915468851725261,0.04477693513035774,0.5498978614807128,0.15015939076741536,0.8191604614257812,0.358974027633667,0.13975399335225422,0.8481764793395996,0.6498381614685058,0.12580334345499675,0.9165037870407104,0.2498002290725708,0.12481457392374674,0.9219706654548645,0.7540431499481202,0.05677353541056315,0.9000915288925171,0.12862942218780518,0.07414995829264323,0.9204645156860352,0.520341157913208,0.5410111745198568,0.9969835877418518,0.4054252624511719,0.5393871943155925,0.9972700476646423,0.5068827629089355,0.8652121225992838,0.9554383158683777,0.40494823455810547,0.865579350789388,0.962936520576477,0.48323836326599123,1.0,0.40965476632118225,0.4169053077697754,1.0,0.43697986006736755
squat,0.4617490291595459,0.0,0.41570624709129333,0.4824527263641357,0.0,0.15149660408496857,0.44769768714904784,0.0,0.10648426413536072,0.5075161933898926,0.009056758880615235,0.1234453022480011,0.4232051849365234,0.0,0.0563693568110466,0.5483632564544678,0.14166463216145833,0.862520694732666,0.3666468858718872,0.13155523935953775,0.9196820855140686,0.6370691776275634,0.12794396082560222,0.9356746673583984,0.2715853929519653,0.11551812489827475,0.9507777094841003,0.7053102493286133,0.08904631932576497,0.9262105822563171,0.1502851963043213,0.06735509236653646,0.9418349862098694,0.5299533843994141,0.5499813079833984,0.9961989521980286,0.4175565242767334,0.5471203486124675,0.9968332648277283,0.518736457824707,0.8851572036743164,0.9168749451637268,0.41309919357299807,0.8818377176920573,0.9363118410110474,0.5119707107543945,1.0,0.22645068168640137,0.4411313056945801,1.0,0.2675838768482208
squat,0.46126751899719237,0.0,0.25348591804504395,0.47771248817443845,0.0,0.0684521272778511,0.44848079681396485,0.0,0.056661829352378845,0.49864869117736815,0.006459236145019531,0.0733555480837822,0.42726359367370603,0.0,0.04496310278773308,0.547761344909668,0.1371490478515625,0.8185743093490601,0.3675536632537842,0.13131675720214844,0.9094047546386719,0.6404401779174804,0.12707738876342772,0.9278371334075928,0.26695716381073,0.11594661076863606,0.9576552510261536,0.7130454063415528,0.08962109883626303,0.9139363765716553,0.14789152145385742,0.060816383361816405,0.9446909427642822,0.527764892578125,0.559933853149414,0.9963098168373108,0.4163087844848633,0.5582974116007487,0.9972087740898132,0.5158915519714355,0.8954741795857747,0.9048869609832764,0.4115889072418213,0.8899998982747396,0.9332389831542969,0.5124383926391601,1.0,0.19903016090393066,0.4380028247833252,1.0,0.2479092925786972
squat,0.4580672264099121,0.0,0.11060050129890442,0.4718040466308594,0.0,0.027620824053883553,0.4459808349609375,0.0,0.021970456466078758,0.4913916110992432,0.0002887090047200521,0.04425054043531418,0.42798757553100586,0.0,0.024362752214074135,0.5512847423553466,0.13105052312215168,0.689387857913971,0.3648310661315918,0.1333006223042806,0.8329731822013855,0.6489742279052735,0.12183704376220703,0.8899465799331665,0.25765070915222166,0.11945810317993164,0.9353712797164917,0.719059944152832,0.08716287612915039,0.8707947731018066,0.13918612003326417,0.05934912363688151,0.9169464111328125,0.5311343193054199,0.5747049967447917,0.9950130581855774,0.416447114944458,0.5761235555013021,0.9962812066078186,0.5154086112976074,0.9230904897054036,0.8690939545631409,0.4108113288879395,0.920525868733724,0.9079909920692444,0.5169422626495361,1.0,0.15044306218624115,0.44057326316833495,1.0,0.19087819755077362
squat,0.4675132751464844,0.0,0.05593375489115715,0.4789172649383545,0.0,0.011784099042415619,0.45458459854125977,0.0,0.0167589969933033,0.49297466278076174,0.0021484692891438804,0.020952655002474785,0.4343420028686523,0.0021637280782063804,0.028369659557938576,0.5559656620025635,0.13836843172709148,0.4913373291492462,0.3607734203338623,0.13866329193115234,0.7427737712860107,0.6658385276794434,0.11703014373779297,0.7699329257011414,0.23281445503234863,0.11812543869018555,0.9074985384941101,0.7455671787261963,0.0631506601969401,0.7476104497909546,0.1045710563659668,0.07064698537190756,0.8852678537368774,0.5218263626098633,0.5837366739908855,0.9916793704032898,0.40334630012512207,0.5847480138142903,0.9948438405990601,0.5150109767913819,0.9205410003662109,0.8287240266799927,0.3978871822357178,0.9184003194173177,0.8945115804672241,0.5182734489440918,1.0,0.14625412225723267,0.41378040313720704,1.0,0.19623899459838867
squat,0.4642540454864502,0.0,0.0579017736017704,0.477110767364502,0.0,0.013121980242431164,0.45173215866088867,0.0,0.016027238219976425,0.49219770431518556,0.007380962371826172,0.02292189933359623,0.4287407398223877,0.0003040313720703125,0.023917322978377342,0.5531826972961426,0.14050334294637043,0.5720834732055664,0.3631990909576416,0.13321094512939452,0.6902134418487549,0.6760854244232177,0.1387517293294271,0.8423143029212952,0.287277364730835,0.131633726755778,0.8951665163040161,0.7483870506286621,0.1124600092569987,0.8254040479660034,0.18299493789672852,0.12129383087158203,0.8805203437805176,0.5166165351867675,0.5840665181477864,0.9946849346160889,0.3954684019088745,0.579507573445638,0.9957138299942017,0.5248222351074219,0.9148218790690105,0.8700579404830933,0.3821967124938965,0.9053777058919271,0.906041145324707,0.5338865756988526,1.0,0.19571860134601593,0.39341800212860106,1.0,0.23289035260677338
squat,0.4658149242401123,0.0,0.5036580562591553,0.4841731548309326,0.0,0.24200031161308289,0.450420618057251,0.0,0.17873726785182953,0.5046223640441895,0.020232772827148436,0.16538061201572418,0.4216018199920654,0.006488863627115885,0.07769754528999329,0.5583624839782715,0.168462340037028,0.8926160335540771,0.36058802604675294,0.14539637565612792,0.8863707780838013,0.6876808643341065,0.20754022598266603,0.9221941232681274,0.25903608798980715,0.15565547943115235,0.8863822221755981,0.7301168441772461,0.16794196764628092,0.8743911385536194,0.1272343397140503,0.14137175877888997,0.8410282731056213,0.5205883026123047,0.6168397267659506,0.9954936504364014,0.39398674964904784,0.6054835637410482,0.994864284992218,0.5284914016723633,0.941830571492513,0.8386508226394653,0.3830212354660034,0.9294364929199219,0.8397835493087769,0.5357271194458008,1.0,0.15555992722511292,0.40488567352294924,1.0,0.15683090686798096
squat,0.4628798484802246,0.06595783233642578,0.9055668711662292,0.4852739334106445,0.045596949259440106,0.7728622555732727,0.4425710678100586,0.039039325714111325,0.7611275911331177,0.5101330757141114,0.08240280151367188,0.3765300214290619,0.40877537727355956,0.0669456164042155,0.32038596272468567,0.5471319198608399,0.23873926798502604,0.9357032775878906,0.3514901399612427,0.20817426045735676,0.9283889532089233,0.6602248668670654,0.25850213368733727,0.9001798629760742,0.23687210083007812,0.21226547559102377,0.8565603494644165,0.7726397037506103,0.210999059677124,0.8153573870658875,0.09964942932128906,0.2121336778004964,0.7912170886993408,0.5102077960968018,0.6689612070719401,0.9884093999862671,0.37991435527801515,0.6562915802001953,0.9867470264434814,0.5499238967895508,0.9660695393880209,0.591232419013977,0.34882028102874757,0.9321931203206381,0.5735636353492737,0.5996527194976806,1.0,0.06400321424007416,0.35694131851196287,1.0,0.0604020319879055
squat,0.4603259086608887,0.15026089350382488,0.9872936010360718,0.47764177322387696,0.12832241058349608,0.9751278162002563,0.4451714515686035,0.12641770044962566,0.9571971893310547,0.4979828357696533,0.14706198374430338,0.7874633073806763,0.4210785388946533,0.14275372823079427,0.5657950639724731,0.550496768951416,0.3020236651102702,0.9735345840454102,0.3622073411941528,0.27388232549031577,0.97516930103302,0.6115541458129883,0.4380438168843587,0.912324845790863,0.2557075023651123,0.28763809204101565,0.8923174738883972,0.600169324874878,0.560850461324056,0.8311063051223755,0.16018683910369874,0.2660411516825358,0.8103440403938293,0.518205213546753,0.7056382497151693,0.9772334098815918,0.38833463191986084,0.6935619354248047,0.9761534929275513,0.5555483341217041,0.945916748046875,0.575887143611908,0.33233349323272704,0.9249731063842773,0.5694367289543152,0.6021261215209961,1.0,0.0898609384894371,0.33053879737854003,1.0,0.09211304038763046
squat,0.45890188217163086,0.21994409561157227,0.9271095991134644,0.4715567588806152,0.19886226654052735,0.76255863904953,0.44791450500488283,0.1961456298828125,0.801695704460144,0.485239315032959,0.2096707026163737,0.42313170433044434,0.42830853462219237,0.2039264678955078,0.453510046005249,0.5483948230743408,0.35122610727945963,0.9550544619560242,0.35690865516662595,0.3295696894327799,0.9802414178848267,0.636805534362793,0.4452275594075521,0.9143474102020264,0.24648661613464357,0.3868496259053548,0.9598416686058044,0.6577508926391602,0.4408114751180013,0.8509864807128906,0.11339523792266845,0.41043596267700194,0.9154409170150757,0.5081218242645263,0.7532826741536458,0.9792847633361816,0.3821510076522827,0.736987813313802,0.9854214191436768,0.5402657508850097,0.9933683395385742,0.43667563796043396,0.3364709854125977,0.9427377700805664,0.5291659235954285,0.604402732849121,1.0,0.03473269194364548,0.3536944627761841,1.0,0.0457950234413147
squat,0.45936923027038573,0.30940078099568685,0.9920713305473328,0.478580904006958,0.2809523264567057,0.9771375060081482,0.4402451992034912,0.28045794169108074,0.9792181253433228,0.5043463230133056,0.2888633728027344,0.7579848766326904,0.4123201847076416,0.28573824564615885,0.7777829766273499,0.5462375164031983,0.43224315643310546,0.9878178238868713,0.35622119903564453,0.41688976287841795,0.9840351939201355,0.647526741027832,0.469265619913737,0.9435348510742188,0.25994200706481935,0.4586909294128418,0.9178640246391296,0.7390427112579345,0.428724479675293,0.8842496871948242,0.22529079914093017,0.46286373138427733,0.8662189245223999,0.5105047225952148,0.8041293462117513,0.9747428894042969,0.3835002422332764,0.7990201314290365,0.9704654216766357,0.5556662559509278,0.990466817220052,0.3895077109336853,0.3455082654953003,0.9586374918619792,0.3618185520172119,0.6215466499328614,1.0,0.041682831943035126,0.3679637908935547,1.0,0.03802158311009407
squat,0.46010241508483884,0.3620110829671224,0.9877942800521851,0.4790213584899902,0.33674805959065757,0.9568547606468201,0.44140625,0.3359241485595703,0.9584104418754578,0.5032469272613526,0.35158615112304686,0.6969831585884094,0.413189697265625,0.34931777318318685,0.6849140524864197,0.5490422725677491,0.4959734916687012,0.9874904751777649,0.35884461402893064,0.48571046193440753,0.9840468764305115,0.6650571823120117,0.532470703125,0.9560261964797974,0.26509909629821776,0.5287204106648763,0.9325482249259949,0.777289867401123,0.538877805074056,0.9145075678825378,0.17219276428222657,0.5698435465494792,0.8843467235565186,0.503794002532959,0.8942131678263346,0.929596483707428,0.3803719520568848,0.8863592147827148,0.9178273677825928,0.5308207988739013,1.0,0.08782680332660675,0.3516579866409302,0.9798277537027995,0.0728960782289505,0.6093486309051513,1.0,0.005255998112261295,0.4135171890258789,0.9948069254557291,0.004643595777451992
squat,0.45052027702331543,0.41868343353271487,0.9962097406387329,0.47539052963256834,0.3924168268839518,0.9876160025596619,0.4331479072570801,0.38865683873494467,0.983005940914154,0.5083158493041993,0.40892734527587893,0.8595132827758789,0.4095043659210205,0.39893264770507814,0.7014434933662415,0.5410805702209472,0.5461965560913086,0.9936200976371765,0.3660759925842285,0.5324796676635742,0.9920206665992737,0.6493587017059326,0.5873242060343424,0.9815204739570618,0.2629709720611572,0.5825771967569987,0.9706050157546997,0.7965619087219238,0.6253277460734049,0.9553303718566895,0.1117567777633667,0.7054828008015951,0.9302188754081726,0.5047070026397705,0.924081548055013,0.9569893479347229,0.3804032802581787,0.9165474573771158,0.9502366185188293,0.5643635749816894,1.0,0.11318245530128479,0.31002492904663087,0.9759365717569987,0.09371760487556458,0.675164270401001,1.0,0.006594639737159014,0.33825132846832273,1.0,0.005812680348753929
squat,0.44850749969482423,0.4614987373352051,0.9981182813644409,0.47345728874206544,0.43132012685139975,0.9934828877449036,0.42975540161132814,0.43140007654825846,0.9925997257232666,0.5073052883148194,0.4477231979370117,0.8829866647720337,0.40441279411315917,0.4434330622355143,0.8036731481552124,0.5458814144134522,0.5928354899088542,0.9949287176132202,0.35483489036560056,0.580752182006836,0.9949856996536255,0.6888043403625488,0.6436439514160156,0.9832612872123718,0.22076520919799805,0.6273701349894206,0.98080974817276,0.8486461639404297,0.660327657063802,0.9572052359580994,0.09748766422271729,0.7214654286702474,0.9497178792953491,0.5228967189788818,0.9434106190999348,0.9630404114723206,0.383902907371521,0.9451115926106771,0.961250364780426,0.6025509834289551,0.9738809585571289,0.14445187151432037,0.28172783851623534,0.9711178461710612,0.13602696359157562,0.7337848663330078,0.9975040435791016,0.010041332803666592,0.2941559314727783,0.9880244572957356,0.009224515408277512
squat,0.4486283302307129,0.46601556142171224,0.9981389045715332,0.47275629043579104,0.4372359275817871,0.9929993152618408,0.42923426628112793,0.4376236915588379,0.9929962754249573,0.5046511650085449,0.45510425567626955,0.8696115016937256,0.4024662971496582,0.45195255279541013,0.8258897662162781,0.5416996955871582,0.5975292205810547,0.995020866394043,0.35273773670196534,0.5871044158935547,0.9955863952636719,0.6840230464935303,0.6454423904418946,0.982137143611908,0.21154122352600097,0.6312341054280599,0.9823603630065918,0.8366856575012207,0.6553332646687825,0.9586614370346069,0.08743066787719726,0.7153302510579427,0.9578110575675964,0.5164021968841552,0.9443101247151693,0.9684603810310364,0.3817732334136963,0.947515360514323,0.9687991738319397,0.5861814975738525,0.9633550643920898,0.22026020288467407,0.2891694068908691,0.9698725382486979,0.21932804584503174,0.6975488185882568,1.0,0.018163690343499184,0.29873948097229003,1.0,0.017264874652028084
squat,0.44596242904663086,0.4401727040608724,0.9974216222763062,0.4720351219177246,0.4104384740193685,0.9914873838424683,0.4276129245758057,0.40756498972574867,0.9885842800140381,0.5053470611572266,0.42125654220581055,0.8801690936088562,0.4013178825378418,0.412632687886556,0.7452701926231384,0.5383782386779785,0.5584867477416993,0.99504154920578,0.36321871280670165,0.5495344797770182,0.9936259984970093,0.6700032234191895,0.6074734369913737,0.9811652898788452,0.25430433750152587,0.5977624257405599,0.9714739918708801,0.8136232376098633,0.6370257695515951,0.9602836966514587,0.09545886516571045,0.6812791188557943,0.9425293207168579,0.5076175689697265,0.9115624109903971,0.9593977928161621,0.387943172454834,0.9095175425211589,0.9535769820213318,0.560183048248291,0.9697359085083008,0.2030119150876999,0.3288973331451416,0.951574198404948,0.17944762110710144,0.6573006629943847,1.0,0.01670563593506813,0.3592109441757202,0.9999467213948567,0.015065932646393776
squat,0.4453084945678711,0.38373661041259766,0.9969344139099121,0.46950488090515136,0.3611414591471354,0.990082323551178,0.4284512996673584,0.35487753550211587,0.9879562258720398,0.4980491638183594,0.3830447514851888,0.8727772831916809,0.4020078659057617,0.36809139251708983,0.7687793374061584,0.5333710670471191,0.5154441197713217,0.9935562014579773,0.35318105220794677,0.5008135795593261,0.994516909122467,0.6470141410827637,0.5577687581380208,0.9786995649337769,0.2255115270614624,0.5528723398844401,0.9760116338729858,0.7750163078308105,0.5460033416748047,0.9462131261825562,0.044300508499145505,0.6010964075724284,0.9446641206741333,0.5105334758758545,0.877107810974121,0.9632251262664795,0.38390436172485354,0.8691020965576172,0.9632124900817871,0.5778903961181641,0.9835315704345703,0.21582894027233124,0.31611132621765137,0.9469472249348958,0.21127746999263763,0.6639996528625488,1.0,0.014038887806236744,0.3250718593597412,0.979293696085612,0.013961827382445335
squat,0.4480048656463623,0.32826506296793617,0.9961844086647034,0.4715151309967041,0.30355205535888674,0.9872986674308777,0.4307828426361084,0.29834197362264,0.9847565293312073,0.4995241641998291,0.32171770731608074,0.8593404293060303,0.40306596755981444,0.30940367380777994,0.7685200572013855,0.5481701850891113,0.465524164835612,0.9927767515182495,0.3475353240966797,0.4491284370422363,0.9957228899002075,0.6570961475372314,0.515239143371582,0.9708585143089294,0.22501707077026367,0.5008460998535156,0.9785411953926086,0.7182511329650879,0.4697829564412435,0.9466121196746826,0.07651796340942382,0.5429820378621419,0.958046019077301,0.5258164405822754,0.816906229654948,0.9766179323196411,0.3922182321548462,0.8068756739298503,0.9806000590324402,0.5650018692016602,0.9679162979125977,0.4116264283657074,0.33329966068267824,0.9391839981079102,0.4615548551082611,0.6313452243804931,1.0,0.032959356904029846,0.35841917991638184,1.0,0.03892040252685547
squat,0.4490504264831543,0.27063213984171547,0.9943761825561523,0.4727003574371338,0.24710877736409506,0.9807132482528687,0.43239707946777345,0.24178603490193684,0.982185423374176,0.5005635261535645,0.26851463317871094,0.8288379907608032,0.40625629425048826,0.25562295913696287,0.7851589322090149,0.547096061706543,0.4134030342102051,0.99104905128479,0.34902219772338866,0.3987906773885091,0.995995044708252,0.6558222293853759,0.46339667638142906,0.958748996257782,0.21786947250366212,0.43565680185953776,0.9808862805366516,0.7486083984375,0.452589480082194,0.9163642525672913,0.044292759895324704,0.4501040458679199,0.9547245502471924,0.5191354751586914,0.7698604583740234,0.9883955717086792,0.3911266326904297,0.7620258331298828,0.9919320940971375,0.5557372093200683,0.9728551228841146,0.5824831128120422,0.33681795597076414,0.9439613978068034,0.6675079464912415,0.6229355812072754,1.0,0.059701137244701385,0.35997035503387453,1.0,0.07657426595687866
squat,0.45024890899658204,0.21097989082336427,0.993697464466095,0.47489171028137206,0.18562536239624022,0.9787362217903137,0.43140354156494143,0.1808635711669922,0.9736854434013367,0.5050205230712891,0.2028866449991862,0.8451665639877319,0.40228610038757323,0.19262619018554689,0.7154174447059631,0.5637401580810547,0.34889214833577475,0.9935129284858704,0.34953672885894777,0.3345152537027995,0.9964697360992432,0.6755903244018555,0.4111531575520833,0.9702760577201843,0.24476399421691894,0.3856668790181478,0.9821065664291382,0.7047249794006347,0.374383799235026,0.9467920660972595,0.09382841587066651,0.4064128557840983,0.9625552892684937,0.5340098381042481,0.7396699905395507,0.9924252033233643,0.39836721420288085,0.7266357421875,0.9942276477813721,0.5450026512145996,0.9715337117513021,0.6482036113739014,0.3592967510223389,0.9347970962524415,0.716870903968811,0.5870863914489746,1.0,0.05871255323290825,0.40442981719970705,1.0,0.07538080960512161
squat,0.4502549171447754,0.15345986684163412,0.9919543862342834,0.473592472076416,0.13014497756958007,0.9789395332336426,0.43233776092529297,0.12455120086669921,0.9747921824455261,0.5014760971069336,0.14833024342854817,0.8283077478408813,0.4037726879119873,0.13722925186157225,0.7048269510269165,0.5579070091247559,0.2951302210489909,0.9858492612838745,0.349308443069458,0.27978474299112954,0.9923277497291565,0.6592555046081543,0.3665099779764811,0.9181075096130371,0.23673386573791505,0.32670844395955406,0.9506189823150635,0.6769395351409913,0.36210714975992836,0.8391316533088684,0.07739319801330566,0.3435488700866699,0.8913045525550842,0.5274102210998535,0.6919195810953777,0.98820960521698,0.3951204776763916,0.6788715362548828,0.9910194277763367,0.5511877059936523,0.9517096201578776,0.695064902305603,0.3675755262374878,0.9151828765869141,0.7598168849945068,0.5837376594543457,1.0,0.1118127778172493,0.3996711492538452,1.0,0.14212144911289215
squat,0.45230836868286134,0.08560145696004232,0.9621282815933228,0.4761175632476807,0.06415974299112956,0.8357353210449219,0.43323163986206054,0.056952412923177084,0.8805546164512634,0.5025571346282959,0.09589659372965495,0.4778582751750946,0.4009250164031982,0.07886060078938802,0.5493496656417847,0.5467174530029297,0.2495578130086263,0.9799864888191223,0.34645256996154783,0.2323191483815511,0.9916417598724365,0.681210994720459,0.2657909393310547,0.9574477076530457,0.23561816215515136,0.2642266909281413,0.9821118116378784,0.7911664009094238,0.22836475372314452,0.9283808469772339,0.0728135347366333,0.3028707504272461,0.9660486578941345,0.5224775791168212,0.6689687093098958,0.9953076243400574,0.3966543436050415,0.6609185536702474,0.9968444108963013,0.5469307422637939,0.9507652282714844,0.7094466090202332,0.37982401847839353,0.923259162902832,0.7953120470046997,0.5914940357208252,1.0,0.06636940687894821,0.41468372344970705,1.0,0.08872931450605392
squat,0.44870681762695314,0.026820659637451172,0.8234307765960693,0.4675317287445068,0.008647282918294271,0.4947165548801422,0.43804302215576174,0.002653980255126953,0.5041656494140625,0.4922508239746094,0.03940601348876953,0.30345115065574646,0.42131834030151366,0.02328176498413086,0.23350070416927338,0.5492769241333008,0.19354928334554036,0.9547207355499268,0.35473170280456545,0.1757693608601888,0.9814839363098145,0.6759449005126953,0.23890697161356608,0.9544028043746948,0.23413381576538086,0.22331854502360027,0.9815686345100403,0.7905033111572266,0.22507340113321941,0.9323069453239441,0.08936750888824463,0.2576684633890788,0.9690194129943848,0.5231204509735108,0.6133649190266927,0.996142566204071,0.40143351554870604,0.6066335042317709,0.9975249171257019,0.5407528877258301,0.9129386266072591,0.854814887046814,0.37140469551086425,0.9025503158569336,0.9111776947975159,0.5734008312225342,1.0,0.1233619973063469,0.37913405895233154,1.0,0.1699788123369217
squat,0.4579462051391602,0.0,0.10001437366008759,0.47396221160888674,0.0,0.01706407032907009,0.44157824516296384,0.0,0.02454027161002159,0.49976296424865724,0.005220890045166016,0.029019782319664955,0.4182098388671875,0.0033136685689290363,0.03455963730812073,0.5621999263763428,0.15200228691101075,0.7539423704147339,0.3574915647506714,0.1438710848490397,0.8832386136054993,0.6842780113220215,0.19709375699361165,0.9160423874855042,0.24629948139190674,0.20424977938334146,0.967840313911438,0.7955375194549561,0.17056169509887695,0.9067636132240295,0.11184477806091309,0.2535745938618978,0.9611668586730957,0.5305796146392823,0.5828285853068034,0.996560275554657,0.40340733528137207,0.579568608601888,0.9978631138801575,0.5292057991027832,0.9010837554931641,0.8663581609725952,0.3930002927780151,0.893405532836914,0.9192308187484741,0.5390835285186768,1.0,0.12848493456840515,0.4051350593566895,1.0,0.17304925620555878
squat,0.46597442626953123,0.0,0.02474832348525524,0.47623209953308104,0.0,0.002950914902612567,0.44937973022460936,0.0,0.005620167125016451,0.4935750007629395,0.0,0.00802567508071661,0.42246260643005373,0.0,0.019162939861416817,0.5577828407287597,0.13074763615926108,0.6539833545684814,0.3577846050262451,0.13213307062784832,0.8272647261619568,0.6761260032653809,0.18564831415812175,0.9165430665016174,0.24647297859191894,0.21217012405395508,0.9674144983291626,0.7858426570892334,0.15704453786214193,0.9163726568222046,0.13368215560913085,0.2505146662394206,0.9665709137916565,0.530803108215332,0.5512657801310221,0.9972829818725586,0.41159977912902834,0.5533134460449218,0.9982869029045105,0.5051072120666504,0.8710440317789714,0.9238836169242859,0.41425142288208006,0.8733620961507161,0.9535948634147644,0.4960161209106445,1.0,0.20794184505939484,0.42734289169311523,1.0,0.26332610845565796
squat,0.47338051795959474,0.0,0.021593451499938965,0.48047990798950196,0.0,0.002087100176140666,0.4541039943695068,0.0,0.005522813182324171,0.49272861480712893,0.0,0.004901255015283823,0.4220912933349609,0.005206394195556641,0.023544320836663246,0.5568310737609863,0.131148624420166,0.6208137273788452,0.3600325345993042,0.1336980660756429,0.8227192759513855,0.6742488384246826,0.18423322041829426,0.908912181854248,0.25375659465789796,0.20145589510599773,0.9691151976585388,0.7829215049743652,0.15712213516235352,0.9129212498664856,0.15169262886047363,0.23459229469299317,0.9695793986320496,0.5322010040283203,0.5602936426798503,0.9969475865364075,0.41523942947387693,0.5637784957885742,0.9981593489646912,0.5014638423919677,0.887301508585612,0.9001246094703674,0.4249695301055908,0.8916460673014323,0.9403968453407288,0.49073057174682616,1.0,0.15408502519130707,0.43640570640563964,1.0,0.2000843584537506
squat,0.46686062812805174,0.0,0.04869607090950012,0.47847423553466795,0.0,0.00705929147079587,0.4493862628936768,0.0,0.010474921204149723,0.49765477180480955,0.0013005574544270833,0.01615024358034134,0.42319798469543457,0.008098030090332031,0.02353728376328945,0.5607818603515625,0.13624447186787922,0.7679939270019531,0.3653854846954346,0.1401537577311198,0.8137707114219666,0.6798754692077636,0.1866544723510742,0.9230403304100037,0.251568865776062,0.20701406796773275,0.941969633102417,0.7888415336608887,0.17497434616088867,0.8980000019073486,0.13474438190460206,0.21984060605367026,0.9338091015815735,0.5249591827392578,0.5749589920043945,0.9963995218276978,0.41016664505004885,0.5762128194173177,0.9970248341560364,0.4900092124938965,0.9040732065836589,0.876984179019928,0.4267130851745605,0.8983680725097656,0.8995006084442139,0.464162540435791,1.0,0.13643169403076172,0.4477809429168701,1.0,0.1500692516565323
squat,0.4674956798553467,0.0,0.0812980979681015,0.4837517261505127,0.0,0.012182984501123428,0.44935016632080077,0.0,0.021765226498246193,0.5052537441253662,0.005856736501057943,0.018144605681300163,0.4179401874542236,0.0,0.039026521146297455,0.554690170288086,0.143790340423584,0.7333263754844666,0.3601027488708496,0.1348718007405599,0.8658165335655212,0.6746477603912353,0.1821490446726481,0.9062917232513428,0.26311640739440917,0.19483375549316406,0.9607071876525879,0.792208194732666,0.1469562848409017,0.8997716307640076,0.15380172729492186,0.21305723190307618,0.957134485244751,0.5266965389251709,0.5724921544392904,0.9966253042221069,0.4094780445098877,0.5710908889770507,0.9977699518203735,0.5056210041046143,0.9064596811930339,0.8922731876373291,0.4162935733795166,0.9064946492513021,0.9325017929077148,0.48539252281188966,1.0,0.16301552951335907,0.4308309078216553,1.0,0.20737603306770325
squat,0.47151880264282225,0.0,0.06491807103157043,0.48766398429870605,0.0,0.009462582878768444,0.4522202491760254,0.0,0.01593679189682007,0.5093292236328125,0.004766146341959636,0.015591848641633987,0.4193075656890869,0.00043287277221679685,0.030982885509729385,0.5577731132507324,0.14536706606547037,0.7346293926239014,0.3613246202468872,0.13688273429870607,0.8504295945167542,0.6755104064941406,0.18257571856180826,0.9226784706115723,0.26251955032348634,0.19074004491170246,0.9611930847167969,0.7918988227844238,0.13875274658203124,0.9205371141433716,0.15192887783050538,0.2026640733083089,0.9613746404647827,0.5291275978088379,0.5643091201782227,0.997364342212677,0.4102271556854248,0.5643151601155599,0.9981253743171692,0.5124371528625489,0.890426508585612,0.9235389828681946,0.41784162521362306,0.8960837046305339,0.9493356347084045,0.4971407413482666,1.0,0.21962213516235352,0.4311190605163574,1.0,0.26432913541793823
squat,0.4765908718109131,0.0,0.07215075194835663,0.492967414855957,0.0,0.010867350734770298,0.4570512294769287,0.0,0.017858169972896576,0.5142731666564941,0.007118097941080729,0.016856826841831207,0.42364816665649413,0.0011531829833984375,0.03342537209391594,0.5592526435852051,0.1473714510599772,0.7394114136695862,0.3666360855102539,0.1359281857808431,0.8478779792785645,0.6702428340911866,0.17934694290161132,0.9230390787124634,0.2717327356338501,0.18523581822713217,0.9578367471694946,0.7932229042053223,0.13040390014648437,0.9185044169425964,0.16127851009368896,0.1973978837331136,0.9577966332435608,0.5323027610778809,0.5668865839640299,0.9969156980514526,0.4157993793487549,0.5654632568359375,0.9977304339408875,0.5153658866882325,0.9008868535359701,0.9033860564231873,0.4247225284576416,0.8999651590983073,0.9329348802566528,0.5032515525817871,1.0,0.17228850722312927,0.43973484039306643,1.0,0.20620004832744598
squat,0.47890944480895997,0.0,0.1398860216140747,0.49779353141784666,0.0,0.028340796008706093,0.4601809024810791,0.0,0.03437372297048569,0.5215773582458496,0.012868436177571614,0.03661617636680603,0.42884578704833987,0.0013586680094401042,0.043334655463695526,0.5622475624084473,0.15451110204060872,0.8111212849617004,0.37140085697174074,0.1386082649230957,0.8682456016540527,0.6694833278656006,0.18162668546040853,0.934654176235199,0.27394709587097166,0.18217007319132486,0.9500257968902588,0.7922314643859864,0.12999684015909832,0.9260144829750061,0.17136774063110352,0.19030691782633463,0.950076699256897,0.534532117843628,0.572445805867513,0.9967203736305237,0.41873736381530763,0.5700453440348308,0.9972467422485352,0.5177640914916992,0.905531628926595,0.8922687768936157,0.42305359840393064,0.9064870198567708,0.9156537652015686,0.5050717353820801,1.0,0.15552948415279388,0.4394357204437256,1.0,0.17471179366111755
squat,0.4839324474334717,0.0,0.16429321467876434,0.49985432624816895,0.0,0.03383388742804527,0.4625734806060791,0.0,0.04241145774722099,0.5230387210845947,0.010978603363037109,0.03474393114447594,0.42960405349731445,0.010554949442545572,0.04439879208803177,0.5731899261474609,0.15124427477518718,0.8269472122192383,0.37781357765197754,0.13967180252075195,0.813065230846405,0.696081018447876,0.18156398137410482,0.9309068322181702,0.2703559398651123,0.18120843569437664,0.9188314080238342,0.8245038986206055,0.1326565424601237,0.9134175777435303,0.1724555492401123,0.19506200154622397,0.924247682094574,0.5415792465209961,0.5696394602457683,0.9959514141082764,0.4219690799713135,0.5684787114461263,0.9959237575531006,0.5231461524963379,0.8996784210205078,0.8765474557876587,0.42803282737731935,0.9043768564860026,0.8852887153625488,0.5022383213043213,1.0,0.14337341487407684,0.4301694393157959,1.0,0.14326313138008118
squat,0.4877124309539795,0.0,0.40515461564064026,0.5055569171905517,0.0,0.13162943720817566,0.46940174102783205,0.0,0.13693644106388092,0.527588176727295,0.01025683085123698,0.0926947370171547,0.4376182556152344,0.0,0.10498005151748657,0.5784489154815674,0.1526171048482259,0.8963874578475952,0.3677173852920532,0.13292888005574544,0.9124215841293335,0.6961512088775634,0.19045454661051434,0.9463213682174683,0.25472121238708495,0.1767350196838379,0.9448283910751343,0.7933813095092773,0.16871763865152994,0.9335576295852661,0.21461122035980223,0.19328858057657877,0.944350004196167,0.5492068290710449,0.5828514099121094,0.9957497119903564,0.41735258102416994,0.5805717468261719,0.9958844780921936,0.5376967906951904,0.8954635620117187,0.868959903717041,0.4006484031677246,0.9044925689697265,0.8849738836288452,0.5084234237670898,1.0,0.1354031264781952,0.3994743347167969,1.0,0.14124469459056854
squat,0.4879469871520996,0.0,0.4086926579475403,0.5040719509124756,0.0,0.15028807520866394,0.46939592361450194,0.0,0.1389511227607727,0.5255126953125,0.010673777262369791,0.10558105260133743,0.4400921821594238,0.001369921366373698,0.11185547709465027,0.5797044277191162,0.15448983510335287,0.9090052843093872,0.36768403053283694,0.13638839721679688,0.8949913382530212,0.6950860023498535,0.1951889991760254,0.9505992531776428,0.263079833984375,0.19028027852376303,0.9249119162559509,0.7929566383361817,0.1783031145731608,0.9372425675392151,0.27938811779022216,0.2140342076619466,0.9310218095779419,0.5501610279083252,0.5787497838338216,0.9966267347335815,0.41705942153930664,0.5791580835978191,0.9960873126983643,0.5415418148040771,0.900824228922526,0.9004120826721191,0.4016559600830078,0.9163445790608724,0.9013256430625916,0.5110150337219238,1.0,0.17588067054748535,0.394063663482666,1.0,0.16821995377540588
squat,0.4878076076507568,0.0,0.25456923246383667,0.5024009704589844,0.0,0.06898345798254013,0.46837582588195803,0.0,0.07889556139707565,0.5218543529510498,0.008651256561279297,0.04428158700466156,0.43783206939697267,0.006091690063476563,0.06896206736564636,0.575592041015625,0.1502325216929118,0.8514977097511292,0.3781245231628418,0.14358925819396973,0.6796186566352844,0.717703914642334,0.19132863680521647,0.9087032079696655,0.29930427074432375,0.19730326334635417,0.7725258469581604,0.8491089820861817,0.18056875864664715,0.877294659614563,0.3287940979003906,0.15510104497273763,0.8145462870597839,0.539229440689087,0.5780782063802083,0.9925812482833862,0.41571707725524903,0.5842974344889323,0.988609790802002,0.5286925315856934,0.8970649719238282,0.8227130174636841,0.4310750961303711,0.9194978078206381,0.7823767066001892,0.4874218463897705,1.0,0.13227508962154388,0.4326827049255371,1.0,0.10557017475366592
squat,0.489070987701416,0.0,0.24416998028755188,0.5002290725708007,0.0,0.05255965143442154,0.46749238967895507,0.0,0.08108208328485489,0.5158744335174561,0.0039818127950032554,0.023246005177497864,0.4320796012878418,0.00665594736735026,0.07125234603881836,0.5670161724090577,0.1482245922088623,0.8228144645690918,0.384827709197998,0.13552753130594888,0.5788142681121826,0.7137123584747315,0.1917942523956299,0.9070051908493042,0.3520047664642334,0.18775545756022136,0.7448900938034058,0.8496768951416016,0.1880461057027181,0.8965920805931091,0.41833925247192383,0.1877425988515218,0.8271616101264954,0.5319543361663819,0.5763496398925781,0.9924765229225159,0.4145087242126465,0.5789282480875652,0.9874457120895386,0.5259793281555176,0.8977160135904948,0.832669734954834,0.4297060966491699,0.9152301152547201,0.7878892421722412,0.49336538314819334,1.0,0.14404107630252838,0.4151472091674805,1.0,0.11122531443834305
squat,0.49289979934692385,0.0,0.2579546868801117,0.5027442455291748,0.0,0.03616877272725105,0.4699408054351807,0.0,0.1028042733669281,0.5109539031982422,0.0033212979634602863,0.009496727958321571,0.4227267265319824,0.0009064674377441406,0.10330568253993988,0.5527166843414306,0.14703280131022137,0.8019169569015503,0.3804359436035156,0.12749532063802083,0.577918529510498,0.70048828125,0.197256596883138,0.8963823914527893,0.39502673149108886,0.16777315139770507,0.7740604281425476,0.8445093154907226,0.19596174558003743,0.8961023092269897,0.4615329742431641,0.14403616587320964,0.852942168712616,0.5238158702850342,0.5718081156412761,0.9921948909759521,0.41126346588134766,0.5712318420410156,0.9878048896789551,0.5207025527954101,0.895052973429362,0.8556356430053711,0.4289692878723145,0.9016512552897136,0.825726330280304,0.4975245475769043,1.0,0.17459647357463837,0.4212943077087402,1.0,0.14160852134227753
squat,0.4825106143951416,0.0,0.1423148810863495,0.49164299964904784,0.0,0.01637238822877407,0.4623097896575928,0.0,0.05043662711977959,0.49960055351257326,0.0,0.006439716089516878,0.41750421524047854,0.0,0.08359666168689728,0.5415480136871338,0.13894176483154297,0.7835646271705627,0.36746978759765625,0.11115938822428385,0.6453235149383545,0.6895864486694336,0.1972036838531494,0.9190732836723328,0.38336074352264404,0.14753309885660806,0.8662623167037964,0.8405449867248536,0.19693582852681477,0.9196197986602783,0.46222720146179197,0.1220558484395345,0.9068921208381653,0.5195111274719239,0.5736073176066081,0.995518684387207,0.40584306716918944,0.5724442164103191,0.9938241243362427,0.5183527946472168,0.9069145202636719,0.8814049959182739,0.4216619491577148,0.9173350016276042,0.8756392002105713,0.4970597743988037,1.0,0.17940518260002136,0.41683254241943357,1.0,0.16111712157726288
squat,0.46039953231811526,0.0,0.5614942908287048,0.47704687118530276,0.0,0.19363048672676086,0.4376852035522461,0.0,0.22674643993377686,0.5003340721130372,0.0,0.06562183797359467,0.40319623947143557,0.0,0.10028761625289917,0.5439918041229248,0.1103758176167806,0.9047421216964722,0.3660790205001831,0.09979966481526693,0.7206124663352966,0.6714782238006591,0.18921740849812826,0.9401921629905701,0.3633356809616089,0.14929593404134114,0.8291404843330383,0.8297043800354004,0.21227696736653645,0.9277722835540771,0.46570396423339844,0.09335924784342448,0.8581804037094116,0.5123952865600586,0.5456414540608724,0.990871012210846,0.3926553249359131,0.5523594538370769,0.9840488433837891,0.508739709854126,0.8700242360432943,0.8134194016456604,0.39957056045532224,0.8919811248779297,0.7501890063285828,0.4868644714355469,0.9849440892537434,0.11585063487291336,0.388070273399353,0.9938950220743815,0.0865771472454071
squat,0.4528230667114258,0.0019247055053710938,0.22097952663898468,0.4636384963989258,0.0,0.049580976366996765,0.44137163162231446,0.0,0.055268485099077225,0.4748654365539551,0.008570353190104166,0.056898586452007294,0.4223485469818115,0.006655693054199219,0.05556954815983772,0.5143879890441895,0.13601142565409344,0.8939723372459412,0.3743003845214844,0.11254552205403646,0.6353486180305481,0.6273759841918946,0.2136370023091634,0.9522346258163452,0.39967193603515627,0.13748579025268554,0.8262662887573242,0.8017240524291992,0.22966148058573405,0.9436607360839844,0.5657298564910889,0.07123823165893554,0.8474089503288269,0.4831244945526123,0.5330535252888997,0.9944283962249756,0.3865365982055664,0.536923344930013,0.9885056018829346,0.503635311126709,0.8377213795979818,0.8874515891075134,0.41262125968933105,0.8455989201863606,0.8225982189178467,0.5169956684112549,1.0,0.18409311771392822,0.41903510093688967,1.0,0.13086329400539398
squat,0.4533404350280762,0.0220367431640625,0.09897077828645706,0.4564094543457031,0.004848130544026693,0.007969176396727562,0.4399106025695801,0.003980859120686849,0.03883729875087738,0.44724526405334475,0.02060108184814453,0.005392305552959442,0.4033315181732178,0.012431494394938151,0.10346843302249908,0.48192672729492186,0.14012163480122883,0.7611858248710632,0.3436323642730713,0.10036869049072265,0.6001864671707153,0.6133528232574463,0.2153587500254313,0.9268835783004761,0.420186185836792,0.10736519495646159,0.8991255164146423,0.7921998977661133,0.24399733543395996,0.9323016405105591,0.6492992401123047,0.07859932581583659,0.9167038798332214,0.4642681121826172,0.5753004709879558,0.993614137172699,0.3641982555389404,0.5776702880859375,0.9905577898025513,0.506867790222168,0.894037373860677,0.7645270824432373,0.3919018507003784,0.9053941090901693,0.7390886545181274,0.5255068778991699,1.0,0.0775793120265007,0.38217959403991697,1.0,0.06415987759828568
squat,0.44182896614074707,0.016350936889648438,0.047062262892723083,0.44244794845581054,0.0,0.0024624622892588377,0.42675437927246096,0.0003784497578938802,0.023282282054424286,0.43052897453308103,0.012623437245686849,0.001970157492905855,0.38552169799804686,0.010698922475179036,0.09966333955526352,0.46801233291625977,0.12370255788167318,0.5986274480819702,0.33223233222961424,0.0934430440266927,0.5641070604324341,0.5949386119842529,0.19924516677856446,0.8812400698661804,0.45168514251708985,0.11829109191894531,0.9299986362457275,0.7629679679870606,0.23354204495747885,0.9085032939910889,0.7136533737182618,0.12241309483846029,0.9398009777069092,0.455262565612793,0.5637552261352539,0.9926037192344666,0.3529521942138672,0.5681969960530598,0.9921008944511414,0.5018150329589843,0.9014400482177735,0.7113158106803894,0.3842935085296631,0.9092396418253581,0.74689781665802,0.5209031105041504,1.0,0.05628661811351776,0.37187943458557127,1.0,0.05570794269442558
squat,0.43238205909729005,0.010194873809814453,0.05310504883527756,0.43163561820983887,0.0,0.002282425295561552,0.41834282875061035,0.0,0.02472095936536789,0.41207046508789064,0.0006208737691243489,0.0017223188187927008,0.3733963966369629,0.0,0.09652163088321686,0.4357430934906006,0.1177591323852539,0.6292368769645691,0.3314507961273193,0.07780882517496744,0.5600990056991577,0.554904556274414,0.204496431350708,0.9000345468521118,0.46635589599609373,0.09652264912923177,0.9351224899291992,0.7217518329620362,0.21556108792622883,0.928615152835846,0.6973806858062744,0.09377476374308268,0.9481241703033447,0.43241243362426757,0.5556825002034506,0.9930320978164673,0.3501321792602539,0.555150032043457,0.9922680258750916,0.4839327812194824,0.8936598459879558,0.7582677006721497,0.3823636531829834,0.8924622853597005,0.7787810564041138,0.5123820304870605,1.0,0.06907321512699127,0.3643319845199585,1.0,0.06613437086343765
squat,0.42130274772644044,0.003909556070963541,0.08566150069236755,0.41861858367919924,0.0,0.0035369060933589935,0.40533695220947263,0.0,0.045165494084358215,0.3965593338012695,0.0,0.0014738721074536443,0.35431509017944335,0.0,0.1178683191537857,0.42342286109924315,0.10616505940755208,0.5797818899154663,0.3198230266571045,0.0748626708984375,0.5463772416114807,0.5661135196685791,0.18813662528991698,0.8686789274215698,0.47812480926513673,0.10301672617594401,0.9331366419792175,0.7165753364562988,0.216482671101888,0.9198229908943176,0.7192883491516113,0.13300320307413738,0.9535090923309326,0.42472100257873535,0.5478041966756185,0.9897977113723755,0.3422983169555664,0.5511028289794921,0.9896441698074341,0.47770466804504397,0.8771401723225911,0.6879510283470154,0.3788609504699707,0.8866533915201823,0.7345678210258484,0.50545334815979,1.0,0.05432850867509842,0.35484819412231444,1.0,0.05494425818324089
squat,0.40750937461853026,0.0,0.018274199217557907,0.4019306182861328,0.0,0.00047533863107673824,0.39719305038452146,0.0,0.01357713621109724,0.37223186492919924,0.0,0.0004548766592051834,0.3514016389846802,0.0,0.11429533362388611,0.40040907859802244,0.10605513254801432,0.3214276432991028,0.3170497417449951,0.08127641677856445,0.5900482535362244,0.5461845874786377,0.1934707800547282,0.7248890399932861,0.49181618690490725,0.1212323506673177,0.9646187424659729,0.7059744834899903,0.22076619466145833,0.8189470171928406,0.6974753856658935,0.1535908063252767,0.9620585441589355,0.42205228805541994,0.5528287887573242,0.9901304841041565,0.3512096405029297,0.5588560104370117,0.9944915771484375,0.47445168495178225,0.8684455235799153,0.7469232082366943,0.37243037223815917,0.8845076243082682,0.8701351284980774,0.5149628162384033,1.0,0.08903377503156662,0.3555441379547119,1.0,0.1272963583469391
squat,0.40818157196044924,0.0,0.018295571208000183,0.4040067195892334,0.0,0.0004904111847281456,0.3971529722213745,0.0,0.01190111879259348,0.3765340566635132,0.0,0.0004360011371318251,0.34966287612915037,0.0,0.09569160640239716,0.4013822078704834,0.10079380671183268,0.355040043592453,0.3069777011871338,0.06516517003377278,0.5704441070556641,0.5198399066925049,0.18588770230611165,0.7784485220909119,0.4503045558929443,0.09439322153727213,0.9590991139411926,0.6696954727172851,0.18008460998535156,0.855755090713501,0.6535183906555175,0.09999106725056967,0.9618059396743774,0.42467007637023924,0.5652125040690105,0.9904463291168213,0.34864344596862795,0.5666381200154622,0.9939554333686829,0.46396603584289553,0.8806421915690105,0.7529155015945435,0.36937708854675294,0.8831268310546875,0.8524131178855896,0.49387736320495607,1.0,0.0883801132440567,0.36260075569152833,1.0,0.11532929539680481
squat,0.4066438674926758,0.0028560320536295575,0.019768983125686646,0.4006683826446533,0.0,0.00045336721814237535,0.3988796710968018,0.0,0.012077351100742817,0.36775646209716795,0.0,0.0005096133681945503,0.35468645095825196,0.0,0.1196131631731987,0.393448805809021,0.0968351682027181,0.43777984380722046,0.31667265892028806,0.059769662221272786,0.6771471500396729,0.531004524230957,0.18337403933207194,0.8172032237052917,0.4836169719696045,0.0862266222635905,0.9747346043586731,0.6884665012359619,0.1892767906188965,0.8801825642585754,0.6874165534973145,0.08650894165039062,0.9723865985870361,0.4132678985595703,0.5616607666015625,0.9916566610336304,0.35041344165802,0.5602755228678385,0.9950836896896362,0.43756532669067383,0.8973862965901692,0.7194026708602905,0.3669024229049683,0.8981145222981771,0.8412531614303589,0.45694823265075685,1.0,0.05675985664129257,0.35470967292785643,1.0,0.07877996563911438
squat,0.41797986030578616,0.0007253011067708333,0.02302529104053974,0.41304974555969237,0.0,0.00043821660801768303,0.409486722946167,0.0,0.014428549446165562,0.3810122489929199,0.0,0.000468569400254637,0.36361351013183596,0.0,0.14972801506519318,0.39981684684753416,0.09101187388102214,0.4427110552787781,0.3293036937713623,0.051755428314208984,0.7762019038200378,0.5340294361114502,0.18229970932006836,0.7921557426452637,0.49854116439819335,0.08429892857869466,0.9836375117301941,0.6844798564910889,0.18213256200154623,0.8785738945007324,0.6899857997894288,0.08267997105916342,0.9809997081756592,0.40043048858642577,0.5538508097330729,0.9912318587303162,0.34692206382751467,0.5480019887288411,0.9959238767623901,0.38186333179473875,0.8884424209594727,0.7534224390983582,0.3603191614151001,0.8883464177449544,0.8865489959716797,0.3723407983779907,1.0,0.06639893352985382,0.35255134105682373,1.0,0.10315824300050735
squat,0.4222073554992676,0.0,0.0217223409563303,0.417360258102417,0.0,0.00037500433973036706,0.4139810085296631,0.0,0.016419341787695885,0.38439412117004396,0.0,0.0004210025945212692,0.370149040222168,0.0,0.18817685544490814,0.40071907043457033,0.09834136962890624,0.3469492495059967,0.3364880084991455,0.061678409576416016,0.7940640449523926,0.5312934398651123,0.18059086799621582,0.6852373480796814,0.5031299114227294,0.090814208984375,0.985139787197113,0.6804503440856934,0.1820027510325114,0.8234230875968933,0.685677433013916,0.0990002950032552,0.9817454218864441,0.39491298198699953,0.5642197291056316,0.9864852428436279,0.34639954566955566,0.5582294464111328,0.9951325058937073,0.37472805976867674,0.8829121907552083,0.7036718130111694,0.36239430904388426,0.8808630625406901,0.8865761756896973,0.3662055492401123,1.0,0.061510276049375534,0.3580949306488037,1.0,0.11120957881212234
squat,0.43219947814941406,0.0,0.02592887170612812,0.42663073539733887,0.0,0.0004338038561400026,0.4217693328857422,0.0,0.016488824039697647,0.391359281539917,0.0,0.0003812061622738838,0.36977310180664064,0.0,0.16908232867717743,0.40102295875549315,0.09708919525146484,0.46628883481025696,0.33351593017578124,0.05948073069254557,0.7803630828857422,0.5272274017333984,0.1826194922129313,0.8057454824447632,0.48961195945739744,0.08205076853434244,0.9819765090942383,0.6776917934417724,0.1756571133931478,0.897406816482544,0.6741806983947753,0.07061392466227213,0.9822214245796204,0.39661493301391604,0.5492438634236654,0.9915061593055725,0.34729909896850586,0.5452060699462891,0.9957677125930786,0.3728003978729248,0.8491006851196289,0.8346258401870728,0.36621823310852053,0.8537547429402669,0.9213505983352661,0.363400936126709,1.0,0.12489821761846542,0.36325416564941404,1.0,0.17670243978500366
squat,0.43547658920288085,0.0,0.06160759925842285,0.4325890064239502,0.0,0.0012041613226756454,0.4225266933441162,0.0,0.0414324514567852,0.40494751930236816,0.0,0.0006771661574020982,0.3699652194976807,0.0,0.2553064525127411,0.4162590026855469,0.10944925944010417,0.5684184432029724,0.333943510055542,0.07399883270263671,0.8410944938659668,0.5380491256713867,0.1831951141357422,0.8090598583221436,0.487668514251709,0.09045451482137044,0.9819700717926025,0.683644151687622,0.16980605125427245,0.8926997780799866,0.673698902130127,0.07588707605997722,0.9813162088394165,0.4039310932159424,0.5544183095296223,0.9914438128471375,0.3453563451766968,0.5506298065185546,0.9957275390625,0.3805117607116699,0.853598149617513,0.8367355465888977,0.3703396558761597,0.8562878926595052,0.923037052154541,0.3703211069107056,1.0,0.13072706758975983,0.373717737197876,1.0,0.18621781468391418
squat,0.42586450576782225,0.0,0.0742095485329628,0.4244225978851318,0.0,0.0018246711697429419,0.41230974197387693,0.0,0.04557204619050026,0.4006382465362549,0.0,0.0011141574941575527,0.3625951290130615,0.0,0.24119076132774353,0.4134845733642578,0.11012611389160157,0.626697301864624,0.3316528797149658,0.07472063700358073,0.8389242887496948,0.5354889869689942,0.19075034459431967,0.839219331741333,0.48362002372741697,0.09875933329264323,0.9799069166183472,0.6835128784179687,0.17558635075887044,0.9027476906776428,0.6656964302062989,0.08310550053914388,0.9791204929351807,0.4062979698181152,0.5561749140421549,0.9919093251228333,0.3469321489334106,0.5531692504882812,0.9954925775527954,0.3931792497634888,0.8756957372029622,0.8033359050750732,0.3764825344085693,0.8799561818440755,0.8975555300712585,0.38356571197509765,1.0,0.09286346286535263,0.37557373046875,1.0,0.12909871339797974
squat,0.4201775074005127,0.0,0.13762836158275604,0.4208965301513672,0.0,0.00500508351251483,0.40467219352722167,0.0,0.0804324522614479,0.40270233154296875,0.0,0.002460607560351491,0.3561518907546997,0.0,0.26456284523010254,0.41512537002563477,0.11219495137532552,0.7105642557144165,0.3327344417572021,0.08153581619262695,0.8343184590339661,0.5360086917877197,0.1873835563659668,0.8509290218353271,0.48488740921020507,0.11065524419148763,0.9689052104949951,0.679341459274292,0.17324241002400717,0.9031456112861633,0.6621367931365967,0.10253121058146158,0.9697909355163574,0.4064311504364014,0.5507267634073894,0.9908779263496399,0.3472965955734253,0.5490957895914713,0.9938317537307739,0.3955718517303467,0.8635836283365885,0.8140065670013428,0.3837023973464966,0.8690652211507162,0.8870570063591003,0.38419137001037595,1.0,0.11137459427118301,0.3840042591094971,1.0,0.13993801176548004
squat,0.41912007331848145,0.0,0.22912152111530304,0.4229844093322754,0.0,0.009143535979092121,0.40040011405944825,0.0,0.1489705890417099,0.41207008361816405,0.0,0.002913376083597541,0.3480332851409912,0.0,0.34046801924705505,0.4244080066680908,0.1153856913248698,0.7449001669883728,0.3277381658554077,0.08794078826904297,0.872362494468689,0.5459534168243408,0.18995800018310546,0.8423022031784058,0.48981270790100095,0.1202068010965983,0.9730116724967957,0.6861171245574951,0.1719149112701416,0.9006166458129883,0.6702583789825439,0.10991608301798503,0.9735813736915588,0.41141929626464846,0.5492303848266602,0.9909026026725769,0.3430043697357178,0.5494258244832356,0.9943028688430786,0.40088462829589844,0.856047248840332,0.8294388651847839,0.38502657413482666,0.8667565663655599,0.9058749675750732,0.38786935806274414,1.0,0.13178220391273499,0.39095215797424315,1.0,0.1733378916978836
squat,0.4286324501037598,0.0,0.2703436613082886,0.43470134735107424,0.0,0.011538988910615444,0.4089418888092041,0.0,0.1766587793827057,0.42661466598510744,0.0,0.003448649775236845,0.3542339324951172,0.0,0.3655046224594116,0.4344588279724121,0.11577256520589192,0.7786512970924377,0.3318216562271118,0.08807458877563476,0.8908342719078064,0.5496565341949463,0.19856173197428387,0.8525664806365967,0.49482574462890627,0.12731148401896158,0.973619818687439,0.6893568992614746,0.19567883809407552,0.9040547013282776,0.6748770713806153,0.12247867584228515,0.9725431799888611,0.4097926616668701,0.5504834493001302,0.9907771348953247,0.33899669647216796,0.5496517181396484,0.9940647482872009,0.38864765167236326,0.8555334726969401,0.817818820476532,0.3837768077850342,0.8646513621012369,0.8950260877609253,0.3671454429626465,1.0,0.12039443105459213,0.3959028720855713,1.0,0.1546250879764557
squat,0.4350160598754883,0.0,0.2723257839679718,0.4424457550048828,0.0,0.011304466985166073,0.41331753730773924,0.0,0.19391664862632751,0.4362492561340332,0.0,0.0030110133811831474,0.35612452030181885,0.0,0.37650781869888306,0.4410235404968262,0.11227620442708333,0.7200131416320801,0.33527274131774903,0.08668750127156576,0.887230634689331,0.5512243270874023,0.20429749488830568,0.8120999932289124,0.49790306091308595,0.13540013631184897,0.9745523929595947,0.6928031921386719,0.20121583938598633,0.8856051564216614,0.6835474967956543,0.1351939837137858,0.9735093116760254,0.41727027893066404,0.5619117101033528,0.9878371357917786,0.3428198337554932,0.563229497273763,0.9930596351623535,0.39765634536743166,0.8642033894856771,0.7595106959342957,0.38746166229248047,0.8772928873697917,0.8697276711463928,0.3830382823944092,1.0,0.09351715445518494,0.40202622413635253,1.0,0.12795652449131012
squat,0.44102931022644043,0.0,0.24411199986934662,0.4473868846893311,0.0,0.009702893905341625,0.4211580276489258,0.0,0.17176540195941925,0.4408251762390137,0.0,0.0030463167931884527,0.3675269842147827,0.0,0.3793240785598755,0.45094451904296873,0.11820672353108724,0.7325398325920105,0.3400677442550659,0.08750893274943033,0.8981916308403015,0.557659912109375,0.21336148579915365,0.8171999454498291,0.5047900676727295,0.13725481033325196,0.976798951625824,0.6992441177368164,0.21261374155680338,0.8827354907989502,0.6909059524536133,0.1487895965576172,0.9732768535614014,0.41951966285705566,0.5624163309733073,0.9895651340484619,0.34165205955505373,0.5590426127115885,0.9941784143447876,0.4007131099700928,0.8513954162597657,0.8178058862686157,0.3816725730895996,0.8477090199788412,0.9061574935913086,0.39553208351135255,1.0,0.1414554864168167,0.4047041893005371,1.0,0.19516462087631226
squat,0.4471107006072998,0.0,0.26696571707725525,0.4559439182281494,0.0,0.014526423066854477,0.4223621368408203,0.0,0.16094601154327393,0.4569227695465088,0.0,0.004280108492821455,0.3700418949127197,0.0,0.263643741607666,0.4654520034790039,0.11007099151611328,0.7358455657958984,0.35079958438873293,0.08051001230875651,0.7945537567138672,0.5667252540588379,0.2135129769643148,0.8572564125061035,0.5069087505340576,0.14459625879923502,0.9556807279586792,0.6957161903381348,0.20704701741536458,0.9141954183578491,0.689454174041748,0.17300546964009603,0.9648776650428772,0.41933093070983884,0.5519023895263672,0.9867693185806274,0.3346230506896973,0.549308967590332,0.9896895885467529,0.4457573413848877,0.8805011749267578,0.69474196434021,0.40005950927734374,0.8792513529459636,0.7875224351882935,0.44342379570007323,1.0,0.05996333807706833,0.3970062494277954,1.0,0.0718577653169632
squat,0.45662846565246584,0.008488782246907552,0.2768358886241913,0.46556940078735354,0.0,0.01450707670301199,0.43791851997375486,0.0,0.2419070601463318,0.45387973785400393,0.0,0.007567530032247305,0.3931082010269165,0.0,0.4350246489048004,0.4415904998779297,0.11637363433837891,0.6403034925460815,0.3567651271820068,0.09648955663045247,0.8536363244056702,0.5052472114562988,0.217646058400472,0.7171693444252014,0.4475394725799561,0.1820604960123698,0.9598754644393921,0.6739443778991699,0.2055263837178548,0.8167600631713867,0.6819875717163086,0.22082796096801757,0.9569653272628784,0.4105034828186035,0.5800743738810221,0.9674235582351685,0.3443641185760498,0.5884632746378581,0.9818711280822754,0.450987434387207,0.8650082270304362,0.5493850708007812,0.40364723205566405,0.8830399831136068,0.7212769985198975,0.4499079704284668,0.9865826924641927,0.04946599155664444,0.3982262134552002,1.0,0.06746729463338852
squat,0.4506464958190918,0.04437996546427409,0.3956247866153717,0.4609640121459961,0.018532498677571615,0.036664798855781555,0.43292961120605467,0.017755603790283202,0.2773023247718811,0.4594637393951416,0.025423717498779298,0.015843160450458527,0.3968759059906006,0.023313872019449868,0.36705994606018066,0.46312808990478516,0.17009989420572916,0.7642055749893188,0.35797967910766604,0.15261303583780925,0.7707551717758179,0.5573516368865967,0.26111564636230467,0.8006635308265686,0.5069547176361084,0.2491626739501953,0.9096596240997314,0.7285127162933349,0.23873655001322427,0.8292858600616455,0.7295689105987548,0.2510953108469645,0.9017817974090576,0.39858193397521974,0.6683195114135743,0.9290193319320679,0.3169532537460327,0.6713110605875651,0.9321728944778442,0.4908867835998535,0.9115978240966797,0.23355595767498016,0.41645336151123047,0.8913212458292643,0.29898694157600403,0.507353687286377,1.0,0.014700787141919136,0.4271965026855469,0.9777637481689453,0.016286663711071014
squat,0.4800917148590088,0.0776681900024414,0.8159418106079102,0.48790283203125,0.05501855214436849,0.15254992246627808,0.46071953773498536,0.05436792373657227,0.8007768392562866,0.4795530319213867,0.07600688934326172,0.02555629424750805,0.4164733409881592,0.07484203974405924,0.8383010029792786,0.48630924224853517,0.2403294245402018,0.9152736067771912,0.3626116752624512,0.2196669101715088,0.9449554085731506,0.5835206031799316,0.34217764536539713,0.778883695602417,0.517114782333374,0.3211769739786784,0.9384800791740417,0.7235867977142334,0.3016743342081706,0.7669979929924011,0.7107954502105713,0.30041497548421225,0.9081108570098877,0.3990426540374756,0.6978905995686849,0.9309622049331665,0.3142327547073364,0.6960779825846354,0.9443119168281555,0.5061008930206299,0.9007946014404297,0.3244428038597107,0.45675039291381836,0.8531978607177735,0.447937548160553,0.5370048999786377,1.0,0.03179312124848366,0.5095085144042969,0.9514775594075521,0.04068940877914429
squat,0.4634218692779541,0.17068363825480143,0.5259571671485901,0.4656807899475098,0.14757731755574544,0.118645578622818,0.4612281799316406,0.1501996358235677,0.329494833946228,0.45816798210144044,0.16246042251586915,0.1745115965604782,0.4723555564880371,0.16880416870117188,0.5891594290733337,0.47356443405151366,0.3165049235026042,0.9268015623092651,0.44757890701293945,0.32626520792643227,0.9081241488456726,0.6076552867889404,0.3918631871541341,0.8106128573417664,0.5823053836822509,0.43207906087239584,0.8759006261825562,0.7058623313903809,0.3742323557535807,0.701606810092926,0.7078992843627929,0.3949671427408854,0.7603442072868347,0.37372450828552245,0.7388579686482747,0.8958760499954224,0.35422940254211427,0.7464296340942382,0.8874303698539734,0.5117228984832763,0.9189091364542643,0.24748338758945465,0.5014771461486817,0.9092121124267578,0.3175192177295685,0.5499711513519288,0.9923426946004231,0.023999905213713646,0.5149739742279053,0.9669227600097656,0.028008662164211273
squat,0.4934234142303467,0.21578989028930665,0.9595338106155396,0.5054569244384766,0.19581225713094075,0.7191523909568787,0.4776148796081543,0.19185460408528646,0.9337878227233887,0.5026239871978759,0.21605332692464194,0.23760256171226501,0.44245171546936035,0.20824158986409505,0.8640692234039307,0.49929466247558596,0.362317148844401,0.9847301840782166,0.37537145614624023,0.35548941294352215,0.936187207698822,0.6037453174591064,0.45652831395467125,0.9276790022850037,0.5023847579956054,0.48382485707600914,0.7976843118667603,0.750550651550293,0.4430588722229004,0.8792762160301208,0.7370052337646484,0.4556356112162272,0.7542961835861206,0.39598984718322755,0.7825071970621745,0.9302106499671936,0.3119056701660156,0.7930226643880208,0.852006733417511,0.551406717300415,0.9095069249471028,0.34215718507766724,0.4949203968048096,0.8929419199625651,0.24817928671836853,0.562879991531372,1.0,0.04260430485010147,0.5367588996887207,1.0,0.028575127944350243
squat,0.49806690216064453,0.2668705622355143,0.9075927734375,0.5078107357025147,0.2462026596069336,0.5888100266456604,0.4810518264770508,0.2442226727803548,0.8466788530349731,0.5063364028930664,0.2709737141927083,0.2429642528295517,0.45284075736999513,0.2711017608642578,0.7660990357398987,0.5084356307983399,0.4224400520324707,0.9739147424697876,0.3982180118560791,0.4328216870625814,0.9113297462463379,0.6101519107818604,0.5475758870442708,0.8927783370018005,0.49601001739501954,0.6171871185302734,0.7572840452194214,0.7632401466369629,0.5110218365987141,0.8231358528137207,0.7563631534576416,0.5464944839477539,0.6969910860061646,0.4221236228942871,0.836680285135905,0.8641166687011719,0.34589171409606934,0.8552817662556966,0.7429323792457581,0.5672056198120117,0.9286079406738281,0.1782236099243164,0.520617151260376,0.9303857803344726,0.12677426636219025,0.5284669399261475,1.0,0.020974015817046165,0.5142151355743408,0.976640256245931,0.014161424711346626
squat,0.50776047706604,0.33082669576009116,0.9749611020088196,0.5165473461151123,0.30971755981445315,0.8257561922073364,0.4847278118133545,0.3054428418477376,0.9636102914810181,0.5201684951782226,0.3314197540283203,0.24556268751621246,0.4477787971496582,0.33083629608154297,0.8745536208152771,0.5163642883300781,0.48197787602742515,0.9745209217071533,0.42793426513671873,0.48028411865234377,0.9591432213783264,0.6170859813690186,0.6133535385131836,0.8649943470954895,0.5146354675292969,0.6508403778076172,0.8983390927314758,0.7467789649963379,0.5709465026855469,0.8421707153320312,0.7337736129760742,0.578277587890625,0.8800303936004639,0.4319324493408203,0.8524012247721354,0.894361674785614,0.36406726837158204,0.8601150512695312,0.8617082238197327,0.5614669799804688,0.9253805796305339,0.3273918330669403,0.5116095542907715,0.9343521118164062,0.35401955246925354,0.43273000717163085,0.9636756896972656,0.06465181708335876,0.3991567611694336,0.9513711293538412,0.0601206049323082
squat,0.5080200672149658,0.3861246109008789,0.9783041477203369,0.5175447463989258,0.36666221618652345,0.8662294745445251,0.4837162971496582,0.3612690289815267,0.9692631363868713,0.525374460220337,0.3862988789876302,0.3026101589202881,0.44414072036743163,0.3815507253011068,0.895072340965271,0.5406163692474365,0.5298161824544271,0.9816902279853821,0.4213866233825684,0.5173390070597331,0.9640763998031616,0.6660141468048095,0.6431069056193034,0.8383574485778809,0.5054785728454589,0.6632482528686523,0.8518180847167969,0.768855619430542,0.5939922968546549,0.7885010242462158,0.7245197296142578,0.623509407043457,0.8181547522544861,0.46189112663269044,0.8865762074788411,0.868839681148529,0.3869456768035889,0.8874839782714844,0.8189200162887573,0.5574473857879638,0.9321308771769206,0.3963749408721924,0.5584243774414063,0.9263315836588542,0.41587796807289124,0.4076221466064453,0.9969839731852214,0.10663898289203644,0.4932227611541748,0.968561299641927,0.1010362058877945
squat,0.508500337600708,0.44124342600504557,0.9939654469490051,0.5229748725891114,0.4223291079203288,0.9023212194442749,0.48554196357727053,0.4111998240152995,0.9918585419654846,0.5273898124694825,0.44132604598999026,0.1454513967037201,0.43024134635925293,0.42039095560709633,0.9612611532211304,0.5008027076721191,0.5521896362304688,0.9880379438400269,0.3842724323272705,0.546807861328125,0.9801339507102966,0.6143067836761474,0.5901749293009441,0.9487187266349792,0.5108331203460693,0.6738337834676107,0.9544510245323181,0.7610215187072754,0.6181494394938151,0.9526785612106323,0.7250547409057617,0.7334201812744141,0.9631620645523071,0.4077925682067871,0.9221725463867188,0.8943753242492676,0.3177639007568359,0.9323126475016276,0.8511126637458801,0.6091730117797851,0.9063145319620768,0.2516210675239563,0.5022770404815674,0.8993857065836589,0.26079291105270386,0.5354462623596191,1.0,0.04390377551317215,0.45635237693786623,1.0,0.039300426840782166
squat,0.5076305389404296,0.46900962193806967,0.9938734769821167,0.5218782901763916,0.4443031946818034,0.8759585022926331,0.4824058532714844,0.4415787061055501,0.9938995838165283,0.5258021354675293,0.4616628328959147,0.10769813507795334,0.42302665710449217,0.45603888829549155,0.9773032069206238,0.5086511135101318,0.5882002512613932,0.9821721911430359,0.369220232963562,0.5929894765218099,0.9835231900215149,0.627657127380371,0.6227734247843425,0.8986828923225403,0.5175611495971679,0.6994113922119141,0.9512377381324768,0.7696919441223145,0.6332775751749674,0.9108985066413879,0.7449417591094971,0.7481321970621745,0.9529030919075012,0.4260087966918945,0.9545544306437175,0.7505559325218201,0.32508628368377684,0.9727670669555664,0.7274723052978516,0.6131848335266114,0.9190310160319011,0.0997314527630806,0.5065160274505616,0.9128285725911458,0.12269808351993561,0.6296833992004395,1.0,0.01694002002477646,0.5544093608856201,1.0,0.01731567457318306
squat,0.5036404609680176,0.4653667449951172,0.9941611886024475,0.5163843631744385,0.44225263595581055,0.8664813041687012,0.47722740173339845,0.4378554662068685,0.9946462512016296,0.519961929321289,0.460980478922526,0.07989859580993652,0.4164008617401123,0.4541065216064453,0.9800450205802917,0.5008623600006104,0.5808322906494141,0.9800513982772827,0.36528921127319336,0.5848333358764648,0.9843558669090271,0.6201311111450195,0.6099119822184245,0.8951554298400879,0.5034877777099609,0.6944449106852214,0.9638681411743164,0.7652857780456543,0.6341260274251302,0.918416440486908,0.7311154365539551,0.7497179667154948,0.9689275026321411,0.40876922607421873,0.939492925008138,0.8164384365081787,0.307649827003479,0.9561079661051433,0.8147554397583008,0.6178892612457275,0.9118878682454427,0.15674090385437012,0.49878721237182616,0.9079364140828451,0.21871396899223328,0.5867832183837891,1.0,0.028855856508016586,0.4913946151733398,1.0,0.032585371285676956
squat,0.4935495376586914,0.4336043039957682,0.9930300116539001,0.5075338840484619,0.4137219111124674,0.9039155840873718,0.4695767879486084,0.40849838256835935,0.9915438890457153,0.5167268753051758,0.43257643381754557,0.20730650424957275,0.42393054962158205,0.4270451227823893,0.9563261270523071,0.5034052848815918,0.5431355158487956,0.9804101586341858,0.3968309164047241,0.5563043594360352,0.9843730926513672,0.6068972587585449,0.5930705388387044,0.9131331443786621,0.5290709972381592,0.6855556488037109,0.9725860357284546,0.7508054733276367,0.6385084788004557,0.9198048114776611,0.7228349685668946,0.7194346745808919,0.969773530960083,0.4141252517700195,0.8926310221354167,0.8607428669929504,0.33009154796600343,0.9075177510579427,0.8671703338623047,0.6017399311065674,0.9303507486979167,0.23307769000530243,0.5008760452270508,0.936495590209961,0.337737113237381,0.5158578872680664,1.0,0.03336706385016441,0.42651801109313964,1.0,0.040528554469347
squat,0.4930291175842285,0.3849438985188802,0.99189692735672,0.5049753189086914,0.3673844337463379,0.8987990021705627,0.4672427177429199,0.3582367261250814,0.989971399307251,0.512475061416626,0.391668446858724,0.18843789398670197,0.41813931465148924,0.3795706431070964,0.9467278718948364,0.5013766288757324,0.516375478108724,0.9819460511207581,0.4199394702911377,0.5138093948364257,0.984374463558197,0.6225359916687012,0.5959314346313477,0.8742684721946716,0.5443026542663574,0.6552065531412761,0.9625354409217834,0.746277904510498,0.5833217620849609,0.8786861300468445,0.7125868797302246,0.6382539749145508,0.9569056630134583,0.42699508666992186,0.8683682759602864,0.9192127585411072,0.3652966022491455,0.8704216639200847,0.9248737692832947,0.5420668601989747,0.9237815221150716,0.4890916347503662,0.5220217704772949,0.9246982574462891,0.6238160133361816,0.3743790626525879,0.976281483968099,0.13344916701316833,0.4078958034515381,0.9668455759684245,0.16140486299991608
squat,0.4848496913909912,0.33723700841267906,0.9886234998703003,0.4941240787506104,0.3147565523783366,0.9384779930114746,0.46489729881286623,0.313762633005778,0.9631965756416321,0.4999382019042969,0.32984660466512045,0.5989210605621338,0.43859353065490725,0.33989159266153973,0.8023173809051514,0.49807038307189944,0.46445293426513673,0.9955207109451294,0.420715856552124,0.5156373977661133,0.9841294288635254,0.5996036052703857,0.5837231953938802,0.9713748693466187,0.36694698333740233,0.781292978922526,0.8891851902008057,0.7354102611541748,0.5443772633870443,0.9308821558952332,0.33237648010253906,0.814753532409668,0.845855712890625,0.42874822616577146,0.8538626352945964,0.9458439946174622,0.38433246612548827,0.8767721811930339,0.8946384787559509,0.519412612915039,0.9153673807779948,0.5523703694343567,0.5236210346221923,0.9334999084472656,0.4384300410747528,0.3905848503112793,0.948190180460612,0.11933126300573349,0.43779721260070803,0.9450876871744792,0.08293546736240387
squat,0.46883339881896974,0.2716069539388021,0.8487132787704468,0.4737668514251709,0.24853731791178385,0.40416547656059265,0.45702338218688965,0.2478769620259603,0.7290170788764954,0.46551074981689455,0.26817251841227213,0.22146916389465332,0.4420971393585205,0.27248191833496094,0.7061556577682495,0.46971750259399414,0.43997974395751954,0.9716943502426147,0.4036524295806885,0.4431610107421875,0.9038212299346924,0.5767048358917236,0.5335523605346679,0.8928857445716858,0.5195847511291504,0.5700228373209636,0.794204592704773,0.719929838180542,0.5030777295430501,0.8510692119598389,0.7157925605773926,0.5157405217488606,0.7644800543785095,0.376542329788208,0.8367656707763672,0.8974775671958923,0.33362042903900146,0.8466232935587565,0.8185489773750305,0.5345860004425049,0.9231855392456054,0.3311375081539154,0.5193100929260254,0.9057932535807292,0.28277021646499634,0.5201626777648926,1.0,0.05247729271650314,0.5061732769012451,0.9798540751139323,0.04164205491542816
squat,0.46467976570129393,0.22619915008544922,0.9542500376701355,0.4712685585021973,0.20716349283854166,0.6704272031784058,0.4516607284545898,0.2056520144144694,0.9337902665138245,0.46213412284851074,0.22091598510742189,0.1653439849615097,0.4197537422180176,0.21896975835164387,0.8779001235961914,0.46416797637939455,0.35445213317871094,0.9857913255691528,0.35141403675079347,0.3605433781941732,0.959176242351532,0.5929023742675781,0.465070915222168,0.920763373374939,0.40442237854003904,0.5341456095377605,0.8124831914901733,0.6955864906311036,0.41326274871826174,0.805188000202179,0.5134342670440674,0.5392815907796223,0.7067760825157166,0.3775583505630493,0.7649829864501954,0.9567604660987854,0.3074528694152832,0.7813158671061198,0.9187127351760864,0.5422680377960205,0.9138881683349609,0.5494042634963989,0.5159931659698487,0.9178614298502604,0.4785032570362091,0.5656534194946289,1.0,0.11016232520341873,0.565665340423584,0.9894746144612631,0.0839378759264946
squat,0.45796570777893064,0.16648683547973633,0.9514439105987549,0.4668891429901123,0.1470780372619629,0.6853557229042053,0.44291462898254397,0.14278860092163087,0.9010732173919678,0.46201658248901367,0.16673644383748373,0.17812614142894745,0.4065423488616943,0.1611752192179362,0.7811747789382935,0.4725696086883545,0.3076372464497884,0.988679826259613,0.32815704345703123,0.3234669367472331,0.9513953924179077,0.607033109664917,0.3837040265401204,0.952255368232727,0.318293023109436,0.5110931078592936,0.7732663154602051,0.7062877178192138,0.31903562545776365,0.864908754825592,0.3347249269485474,0.5632898330688476,0.6869263052940369,0.37720799446105957,0.7495392481486003,0.9633584022521973,0.28996279239654543,0.7624046325683593,0.9165558815002441,0.519355297088623,0.9103554407755534,0.49148011207580566,0.4717260837554932,0.8942478815714519,0.350445419549942,0.5217217445373535,0.9888466517130534,0.07220189273357391,0.5125710010528565,0.9470478693644205,0.04583189636468887
squat,0.4445196151733398,0.09787298838297526,0.8195697069168091,0.4563882350921631,0.07848313649495443,0.29250776767730713,0.42812509536743165,0.0755639394124349,0.6813356280326843,0.4558861255645752,0.10498708089192708,0.0926394909620285,0.3953575372695923,0.09863662719726562,0.6033613681793213,0.46285080909729004,0.25366665522257487,0.9596878886222839,0.3416308879852295,0.23864612579345704,0.8767352104187012,0.5649394989013672,0.30918169021606445,0.9207168817520142,0.46829023361206057,0.31646817525227866,0.8504870533943176,0.7090591430664063,0.2619888464609782,0.8962100148200989,0.6903708457946778,0.2770066261291504,0.8367323875427246,0.37726898193359376,0.707984733581543,0.9642514586448669,0.29214954376220703,0.7109163920084636,0.9379187226295471,0.4897639751434326,0.9130816141764323,0.438538134098053,0.4268918514251709,0.8841580708821615,0.3790840208530426,0.5061776638031006,1.0,0.04149727150797844,0.46561737060546876,0.9854053497314453,0.032304391264915466
squat,0.42699365615844725,0.07664534250895182,0.15857356786727905,0.44179372787475585,0.05221433639526367,0.016886843368411064,0.4134875774383545,0.04997069040934245,0.08333168923854828,0.4536138534545898,0.059092044830322266,0.015493803657591343,0.3903495311737061,0.05282144546508789,0.1341869831085205,0.45412192344665525,0.18001670837402345,0.5669792294502258,0.3692385196685791,0.17564538319905598,0.6673944592475891,0.5579465866088867,0.2444282372792562,0.7125433683395386,0.5283454895019531,0.25189695358276365,0.8993936777114868,0.6950077533721923,0.21953690846761068,0.7500998377799988,0.7106522560119629,0.2204837163289388,0.8671882748603821,0.39590017795562743,0.6671040852864584,0.9413677453994751,0.325947642326355,0.6768334706624349,0.9505764245986938,0.4865131855010986,0.8946601867675781,0.3248751163482666,0.4272895336151123,0.9042263031005859,0.4441336393356323,0.5014284133911133,0.9713277180989583,0.032146867364645004,0.45011024475097655,0.9826505025227864,0.03962542861700058
squat,0.43441333770751955,0.020412222544352213,0.04971076548099518,0.44461569786071775,0.0,0.002464909106492996,0.42004971504211425,0.0,0.03232104331254959,0.4335489749908447,0.006577014923095703,0.00349951209500432,0.38250806331634524,0.0054859797159830725,0.12005066126585007,0.4162626266479492,0.12106650670369466,0.3399113416671753,0.35391147136688234,0.12743431727091473,0.5979219675064087,0.48819723129272463,0.18521687189737956,0.6359493136405945,0.47235708236694335,0.20797192255655925,0.9248536825180054,0.6527371883392334,0.16786444981892903,0.7626336812973022,0.6648065090179444,0.17945725123087566,0.9207013845443726,0.3832683563232422,0.6213473002115886,0.944047212600708,0.32931334972381593,0.6386555989583333,0.9635840058326721,0.4428419589996338,0.8850366592407226,0.37570783495903015,0.3979468584060669,0.9122355779012045,0.5287845730781555,0.4432042121887207,0.9837835947672526,0.02942788414657116,0.39667043685913084,1.0,0.03697613626718521
squat,0.434033203125,0.0,0.17755204439163208,0.4388853073120117,0.0,0.007497671525925398,0.4188223361968994,0.0,0.14721740782260895,0.4275805473327637,0.00876617431640625,0.0034043139312416315,0.3767317056655884,0.0024265289306640626,0.3739306628704071,0.43817834854125975,0.12835540771484374,0.561820387840271,0.34831302165985106,0.11159645716349284,0.8339900374412537,0.5622338771820068,0.17712435722351075,0.6954174637794495,0.5148861885070801,0.13658634821573892,0.9690949320793152,0.6691277980804443,0.1475557009379069,0.7899161577224731,0.6873092174530029,0.10391718546549479,0.9601162672042847,0.38780865669250486,0.5730646133422852,0.9770878553390503,0.31682453155517576,0.5744805653889974,0.9887179136276245,0.41926989555358884,0.896778424580892,0.533187985420227,0.37275114059448244,0.9114233652750651,0.7511610984802246,0.40514469146728516,1.0,0.035848066210746765,0.3635794878005981,1.0,0.056955598294734955
squat,0.42801532745361326,0.009325726826985677,0.06573289632797241,0.42871503829956054,0.0,0.0021894127130508423,0.4178744316101074,0.0,0.037288762629032135,0.4103506088256836,0.002639484405517578,0.0018004169687628746,0.3810122013092041,0.0,0.17451511323451996,0.4270050048828125,0.10548925399780273,0.5853420495986938,0.33875384330749514,0.07715530395507812,0.783581018447876,0.5505612850189209,0.17280936241149902,0.8342174887657166,0.4894279479980469,0.11313454310099284,0.9736722707748413,0.6817598342895508,0.1459713300069173,0.879784882068634,0.661678695678711,0.08618745803833008,0.9669700264930725,0.3779973030090332,0.5667652130126953,0.9899904727935791,0.3109449863433838,0.5621082305908203,0.9938675761222839,0.39666409492492677,0.9033595403035481,0.7041762471199036,0.35229129791259767,0.8999730428059896,0.831456184387207,0.39054317474365235,1.0,0.0552767738699913,0.34346508979797363,1.0,0.0761113166809082
squat,0.41782822608947756,0.004842376708984375,0.035442452877759933,0.4185520648956299,0.0,0.001506553846411407,0.4093289375305176,0.0,0.01586483232676983,0.4010806083679199,0.0,0.0017627059714868665,0.37539920806884763,0.0,0.08136308938264847,0.42624783515930176,0.07970650990804036,0.5503305792808533,0.3275796890258789,0.0625750223795573,0.6251274943351746,0.5514055252075195,0.14558728535970053,0.860062301158905,0.4734500885009766,0.12108710606892904,0.9501825571060181,0.6815521240234375,0.12552223205566407,0.8907078504562378,0.6677602291107178,0.08910188674926758,0.9445825219154358,0.3810717105865479,0.5539395650227864,0.9894305467605591,0.3071769714355469,0.5530083974202474,0.9910860657691956,0.3829145908355713,0.8929368336995442,0.6985687613487244,0.33123197555541994,0.8946406046549479,0.7725305557250977,0.36938526630401614,1.0,0.05495231971144676,0.3247262954711914,1.0,0.060584742575883865
squat,0.4211140155792236,0.005559190114339193,0.026333434507250786,0.42136521339416505,0.0,0.0010458157630637288,0.40935602188110354,0.0,0.012572144158184528,0.4035780906677246,0.0,0.0009455523686483502,0.3681249856948853,0.0,0.0610823780298233,0.4235222816467285,0.0765668233235677,0.3939390778541565,0.32360937595367434,0.057297929128011064,0.4742029905319214,0.5368373394012451,0.14460334777832032,0.8050560355186462,0.4613935470581055,0.10201123555501303,0.9250687956809998,0.6666088104248047,0.12369575500488281,0.8632519841194153,0.6506617546081543,0.0633546511332194,0.9289076328277588,0.38147721290588377,0.5661768595377604,0.9816089272499084,0.3054041862487793,0.5653153737386067,0.9843910932540894,0.3720550060272217,0.89586181640625,0.5778101086616516,0.3217790603637695,0.9000413258870442,0.6553576588630676,0.355888295173645,1.0,0.0379016250371933,0.3116971254348755,1.0,0.03988754376769066
squat,0.41486897468566897,0.010363451639811198,0.010539812035858631,0.41274161338806153,0.0,0.0003324552671983838,0.40432133674621584,0.0,0.0057276468724012375,0.389658522605896,0.0,0.00042045515147037804,0.36312389373779297,0.0,0.04660830274224281,0.4114995002746582,0.07003698348999024,0.25239425897598267,0.31538949012756345,0.054723294576009114,0.439517617225647,0.5238843441009522,0.14110759099324544,0.7440687417984009,0.4390141487121582,0.10639384587605795,0.9427155256271362,0.6536834239959717,0.1272141138712565,0.8333528637886047,0.6296947479248047,0.07149715423583984,0.9448484182357788,0.38079261779785156,0.5623416900634766,0.9838328957557678,0.3072685718536377,0.5644246419270833,0.989304780960083,0.3699732780456543,0.8978521347045898,0.6089533567428589,0.3184861183166504,0.9082964579264323,0.7322194576263428,0.35267369747161864,1.0,0.04352765530347824,0.30492515563964845,1.0,0.05258168280124664
squat,0.39880828857421874,0.0031449000040690103,0.014133219607174397,0.39841327667236326,0.0,0.0005368217825889587,0.38568620681762694,0.0,0.006837492808699608,0.38158228397369387,0.0,0.0006252507446333766,0.343446683883667,0.0,0.04541788622736931,0.40907845497131345,0.07837044397989909,0.3221355974674225,0.305251407623291,0.0619592030843099,0.4386264383792877,0.5267477035522461,0.1394243876139323,0.7868433594703674,0.444467830657959,0.10350882212320964,0.9349973201751709,0.6544679641723633,0.12117347717285157,0.8568771481513977,0.637098741531372,0.06494404474894205,0.9415066838264465,0.3901451349258423,0.565340805053711,0.9867609739303589,0.3110475778579712,0.5668970743815104,0.98997962474823,0.38588671684265136,0.9164578755696614,0.6322162747383118,0.329137921333313,0.9214255015055338,0.7308058738708496,0.36592936515808105,1.0,0.04303021356463432,0.3178101539611816,1.0,0.049768101423978806
squat,0.3927449703216553,0.0,0.03132202848792076,0.3934953212738037,0.0,0.0013726144097745419,0.3784501075744629,0.0,0.014470262452960014,0.37923374176025393,0.0,0.001157110440544784,0.33594274520874023,0.0,0.06289194524288177,0.4051950931549072,0.08745762507120768,0.44855231046676636,0.3047832250595093,0.06657994588216146,0.5028447508811951,0.5244234085083008,0.14848829905192057,0.8250615000724792,0.44601097106933596,0.09744539260864257,0.9305312633514404,0.655906343460083,0.12786715825398762,0.8768640160560608,0.6287497997283935,0.0601771354675293,0.9390662312507629,0.39223828315734866,0.5624069213867188,0.988808810710907,0.31488234996795655,0.5629413604736329,0.99054354429245,0.3950213432312012,0.9049157460530599,0.7037672996520996,0.33387811183929444,0.9095170338948567,0.7735730409622192,0.38444578647613525,1.0,0.0620015487074852,0.32273433208465574,1.0,0.06841719150543213
squat,0.4027538299560547,0.0,0.03513873741030693,0.4022047996520996,0.0,0.001285781734623015,0.3901731252670288,0.0,0.01858668029308319,0.3824906349182129,0.0,0.0009870115900412202,0.34558031558990476,0.0,0.0895032212138176,0.4062955379486084,0.09098761876424154,0.4532887041568756,0.3105043411254883,0.06714789072672527,0.573429524898529,0.5305077075958252,0.14872811635335287,0.8062322735786438,0.4562635898590088,0.0899621327718099,0.9442856907844543,0.6645427703857422,0.1306662877400716,0.8653748631477356,0.6427740097045899,0.05271972020467122,0.9467264413833618,0.39408121109008787,0.5570199330647786,0.9887950420379639,0.3209692478179932,0.556422233581543,0.9915635585784912,0.3909435510635376,0.9013575871785482,0.7130376100540161,0.33701233863830565,0.9060354232788086,0.7989117503166199,0.3789531230926514,1.0,0.06414207071065903,0.32580206394195554,1.0,0.07502536475658417
squat,0.3939429759979248,0.0,0.028237612918019295,0.39474408626556395,0.0,0.0012545669451355934,0.3789971351623535,0.0,0.013958918862044811,0.3813345193862915,0.0,0.0010415164288133383,0.3356534481048584,0.0,0.06434785574674606,0.41107702255249023,0.08757521311442057,0.4104365110397339,0.3056593418121338,0.06022841135660807,0.48012831807136536,0.5324347496032715,0.15214683214823405,0.7896892428398132,0.45035643577575685,0.07954320907592774,0.9228023290634155,0.6693171977996826,0.1310032844543457,0.8535400032997131,0.6459753513336182,0.044545555114746095,0.9316706657409668,0.4062657356262207,0.5622289657592774,0.9877752065658569,0.3264825105667114,0.5615374247233073,0.989984393119812,0.40185346603393557,0.9073673248291015,0.7089492082595825,0.34570367336273194,0.9114720662434895,0.7836371064186096,0.3926057815551758,1.0,0.06828812509775162,0.33897759914398196,1.0,0.07739919424057007
squat,0.4199700355529785,0.009764989217122396,0.0125900162383914,0.41965441703796386,0.0,0.00034737575333565474,0.4063257217407227,0.0,0.007425402291119099,0.39862594604492185,0.0,0.0003285350976511836,0.3558195114135742,0.0,0.061835236847400665,0.41821856498718263,0.07531776428222656,0.2959355413913727,0.31137683391571047,0.03772462209065755,0.4863334000110626,0.5294219970703125,0.15803600947062174,0.763437807559967,0.4510339736938477,0.06079724629720052,0.9498448371887207,0.6730981826782226,0.13772255579630535,0.8541361093521118,0.6499720096588135,0.027189191182454428,0.9545308351516724,0.4081421852111816,0.5456450780232748,0.9883885979652405,0.32835700511932375,0.5428606669108073,0.9921838641166687,0.4078970909118652,0.8915369669596355,0.7296447157859802,0.35904359817504883,0.8949102401733399,0.8268445134162903,0.39210641384124756,1.0,0.07190857082605362,0.35344910621643066,1.0,0.08914509415626526
squat,0.39644632339477537,0.0,0.03195606917142868,0.40042934417724607,0.0,0.001723724533803761,0.3835275888442993,0.0,0.014672607183456421,0.39299163818359373,0.0,0.002165928017348051,0.34896695613861084,0.0,0.06658009439706802,0.4209297180175781,0.09400606155395508,0.4673062562942505,0.323832368850708,0.06200246810913086,0.547528862953186,0.5475399017333984,0.1592493216196696,0.7950646877288818,0.4945957660675049,0.07981510162353515,0.9349588751792908,0.6931140899658204,0.13665927251180013,0.8550252318382263,0.6939187049865723,0.05414861043294271,0.9339265823364258,0.4051082611083984,0.5564307530721029,0.9864919781684875,0.33138062953948977,0.5540701548258463,0.9892693161964417,0.4176944732666016,0.8838279088338216,0.7157707810401917,0.37277309894561766,0.8862604777018229,0.8060196042060852,0.41019039154052733,1.0,0.0747375413775444,0.3751725196838379,1.0,0.09183740615844727
squat,0.416382884979248,0.0,0.016996467486023903,0.4160573959350586,0.0,0.000667974294628948,0.40580949783325193,0.0,0.012983730994164944,0.39941132068634033,0.0,0.0009075047564692795,0.37219207286834716,0.0,0.10213537514209747,0.4263510227203369,0.0954514503479004,0.23269014060497284,0.3408525466918945,0.08232612609863281,0.5576621890068054,0.5459942817687988,0.12421544392903645,0.5318773984909058,0.4985073089599609,0.09359763463338217,0.94150710105896,0.642833662033081,0.0968115488688151,0.6522730588912964,0.6662646293640136,0.0749230702718099,0.9272094964981079,0.4024402141571045,0.5652688344319662,0.9782016277313232,0.3364914894104004,0.5666351318359375,0.9898287057876587,0.41998882293701173,0.9014615376790365,0.6474004983901978,0.38097999095916746,0.9038775126139323,0.832482635974884,0.41652841567993165,1.0,0.07475467026233673,0.38547430038452146,1.0,0.12119029462337494
squat,0.43067626953125,0.014708423614501953,0.21681804955005646,0.44135499000549316,0.0,0.030911630019545555,0.4110529899597168,0.0,0.10137961059808731,0.4509711742401123,0.0,0.020609786733984947,0.3738845348358154,0.0,0.10958732664585114,0.5153509616851807,0.10939954121907552,0.7466194033622742,0.35341625213623046,0.11615235010782878,0.6063680052757263,0.6950583934783936,0.15008106231689453,0.7978116869926453,0.4799400806427002,0.1335824966430664,0.7958819270133972,0.5473721027374268,0.10171950658162435,0.8512789011001587,0.5247598171234131,0.12994550069173177,0.8358830213546753,0.42673096656799314,0.6052627563476562,0.9729257822036743,0.3204611301422119,0.5986267725626627,0.9694257974624634,0.46265320777893065,0.8914211908976237,0.6251146793365479,0.4092226028442383,0.9040882110595703,0.672613263130188,0.4288761138916016,0.9866537094116211,0.08147339522838593,0.4523022651672363,1.0,0.08422623574733734
squat,0.4492983818054199,0.02145872116088867,0.08409315347671509,0.4555851459503174,0.004829756418863932,0.007502783089876175,0.43402867317199706,0.004889361063639323,0.06736835837364197,0.45034050941467285,0.032851759592692056,0.007942069321870804,0.40317678451538086,0.03397375742594401,0.21833784878253937,0.4786401271820068,0.16884918212890626,0.46160203218460083,0.35620927810668945,0.16826906204223632,0.5886120200157166,0.5902176856994629,0.2158849875132243,0.4820784330368042,0.5211511135101319,0.23162455558776857,0.7915528416633606,0.6963228225708008,0.19598534901936848,0.4620087146759033,0.7163521766662597,0.19588747024536132,0.6813555955886841,0.4017953872680664,0.6685382843017578,0.9225913882255554,0.3154680013656616,0.6702850977579753,0.9365569949150085,0.4621753215789795,0.9237631479899089,0.28295761346817017,0.4157881736755371,0.8850596110026042,0.39016059041023254,0.4730659008026123,1.0,0.03152673318982124,0.4672203540802002,0.9813912073771159,0.039298344403505325
squat,0.47023816108703614,0.0765756607055664,0.7056566476821899,0.47133264541625974,0.05706230799357096,0.0973728746175766,0.4539362907409668,0.05696563720703125,0.7470963597297668,0.4525276184082031,0.07801637649536133,0.015351762995123863,0.40953865051269533,0.07928206125895182,0.8415148258209229,0.4693438053131104,0.22856219609578451,0.8296866416931152,0.35985918045043946,0.2238507906595866,0.900107741355896,0.587882137298584,0.31661548614501955,0.5729723572731018,0.5347222328186035,0.32257283528645836,0.8683398962020874,0.6831882953643799,0.2892363866170247,0.49066758155822754,0.6901521682739258,0.30426321029663084,0.7595767378807068,0.3930265188217163,0.6938191095987956,0.8818019032478333,0.3160208225250244,0.6941752115885417,0.9060528874397278,0.498728609085083,0.9119709014892579,0.2273566871881485,0.4459111213684082,0.8642442067464192,0.3327525854110718,0.5383233070373535,1.0,0.026871375739574432,0.4944445610046387,0.9519784291585286,0.03432789072394371
squat,0.46584320068359375,0.15755421320597332,0.46920838952064514,0.4633244514465332,0.1379521687825521,0.14213262498378754,0.46009368896484376,0.13619632720947267,0.3734776973724365,0.428912878036499,0.15065396626790364,0.151755228638649,0.4443833827972412,0.14942013422648112,0.7140944004058838,0.415210485458374,0.28747666676839195,0.9415087103843689,0.41232995986938475,0.2891557693481445,0.8625685572624207,0.5154873371124268,0.44255266189575193,0.7772032618522644,0.4767745018005371,0.43943551381429036,0.5164291858673096,0.4972090721130371,0.36790167490641273,0.44015806913375854,0.5176674842834472,0.35292205810546873,0.2407991737127304,0.35528130531311036,0.7380366007486979,0.915025532245636,0.34781243801116946,0.7446456909179687,0.8398684859275818,0.4530571460723877,0.914182980855306,0.28177565336227417,0.45993614196777344,0.9163967132568359,0.18176588416099548,0.49789843559265134,0.9116788228352865,0.04986729472875595,0.4915135383605957,0.8859908421834309,0.03083275817334652
squat,0.4931625843048096,0.21053085327148438,0.9766039252281189,0.4997567653656006,0.18894920349121094,0.7862443327903748,0.47603187561035154,0.1870560646057129,0.9735000133514404,0.49083709716796875,0.2068677584330241,0.11322259902954102,0.4293338775634766,0.2037891387939453,0.9214808940887451,0.4979078769683838,0.36551942825317385,0.9739277362823486,0.36649432182312014,0.351797358194987,0.952987015247345,0.6058198928833007,0.5235745112101237,0.8029065132141113,0.43044233322143555,0.48945929209391276,0.7347043752670288,0.6084578514099122,0.4693629264831543,0.6841318011283875,0.506725549697876,0.39789870580037434,0.6539142727851868,0.4043723583221436,0.7871221542358399,0.8686292171478271,0.32092125415802003,0.7871932983398438,0.8145166635513306,0.5221813201904297,0.9246328989664714,0.24957874417304993,0.4825559616088867,0.9061028798421223,0.22202037274837494,0.5327296733856202,0.9979789098103841,0.04169432073831558,0.5389638900756836,0.9524122873942057,0.0340544767677784
squat,0.4915795803070068,0.274633534749349,0.9776750206947327,0.49910678863525393,0.2533738136291504,0.8338967561721802,0.47174668312072754,0.2500584284464518,0.9757988452911377,0.4993568420410156,0.26704451243082683,0.17688515782356262,0.429594612121582,0.26662502288818357,0.9228660464286804,0.5089229583740235,0.41755364735921224,0.9751706123352051,0.37680745124816895,0.4267634709676107,0.9856067895889282,0.5850529670715332,0.6028991063435872,0.7659051418304443,0.35716202259063723,0.6845895131429036,0.8700673580169678,0.5567164421081543,0.5185164133707683,0.6144413948059082,0.3638731002807617,0.7809368769327799,0.733311653137207,0.4390876770019531,0.8101816177368164,0.9171187281608582,0.3606703519821167,0.8176634470621745,0.9223970174789429,0.5318168640136719,0.9212972005208333,0.4805309772491455,0.5132269859313965,0.9182464599609375,0.5471407175064087,0.4657256603240967,0.9782423655192057,0.1438269466161728,0.5166831493377686,0.9663894017537434,0.1546734720468521
squat,0.49330902099609375,0.3398557345072428,0.9763520359992981,0.5024189949035645,0.31471227010091146,0.8425019979476929,0.4720130920410156,0.3115168253580729,0.9586077928543091,0.5076851844787598,0.33035332361857095,0.30591249465942383,0.4350863456726074,0.328321901957194,0.8651713728904724,0.5296357631683349,0.4959259033203125,0.9798276424407959,0.4081749439239502,0.5004477183024089,0.9661929607391357,0.6490631580352784,0.6010279973347982,0.881745457649231,0.5085503578186035,0.6660424550374349,0.8921548128128052,0.7548970222473145,0.628347905476888,0.87101149559021,0.7205156326293946,0.6973086675008138,0.8848922848701477,0.46509618759155275,0.8699253082275391,0.8407831788063049,0.3854058742523193,0.8734642028808594,0.797230064868927,0.5322802066802979,0.9261763254801433,0.19750423729419708,0.48236474990844724,0.9078294118245442,0.2009013295173645,0.4491379737854004,0.9895178476969401,0.031183689832687378,0.43913798332214354,0.9352708180745443,0.028549818322062492
squat,0.5001806735992431,0.38854649861653645,0.9654903411865234,0.5112856388092041,0.3682217280069987,0.6699374914169312,0.4808522701263428,0.3627945899963379,0.9493152499198914,0.5114857673645019,0.39559815724690756,0.09354895353317261,0.43741679191589355,0.38531163533528645,0.8390808701515198,0.5133981704711914,0.5338727951049804,0.9467078447341919,0.41348867416381835,0.5469095865885417,0.930414617061615,0.6282455921173096,0.5845832188924154,0.8418636322021484,0.5439867496490478,0.6865936915079752,0.8954235315322876,0.7569185733795166,0.6296351750691732,0.874578058719635,0.7304158687591553,0.7970539093017578,0.9135777354240417,0.4918669700622559,0.8995422999064128,0.7032047510147095,0.41787266731262207,0.9172149658203125,0.681705892086029,0.6251386165618896,0.8916430155436198,0.12222554534673691,0.5345863342285156,0.8884997049967448,0.1425233781337738,0.6119578838348388,0.9929511388142903,0.023204650729894638,0.5465325355529785,0.9683802286783855,0.023613341152668
squat,0.5061348438262939,0.43927214940389,0.9903029799461365,0.5147544860839843,0.4190877278645833,0.814617395401001,0.48310151100158694,0.4166740417480469,0.9897931814193726,0.5116489887237549,0.4392040888468424,0.0987442135810852,0.42940669059753417,0.43822526931762695,0.9654346108436584,0.49805049896240233,0.5734212239583333,0.9832251071929932,0.39198856353759765,0.5748275756835938,0.9799869656562805,0.630128288269043,0.6911748886108399,0.8995935320854187,0.5609413146972656,0.7323982238769531,0.946993887424469,0.7641810417175293,0.7621137619018554,0.8785956501960754,0.7532444000244141,0.8284435272216797,0.9275488257408142,0.4112537860870361,0.9508607864379883,0.7526969909667969,0.332281494140625,0.9661841074625651,0.7110849618911743,0.6272348880767822,0.894436772664388,0.11925317347049713,0.5586098670959473,0.8902915954589844,0.1458321064710617,0.6171769618988037,1.0,0.023232746869325638,0.5720659255981445,0.9749552408854166,0.02370600774884224
squat,0.5080585479736328,0.46919244130452475,0.9939402341842651,0.5168143749237061,0.4446732838948568,0.8547865152359009,0.4824509620666504,0.44558512369791664,0.9937990307807922,0.5143809795379639,0.46099376678466797,0.06868195533752441,0.4201326847076416,0.46553246180216473,0.9729565978050232,0.4938665390014648,0.5827646255493164,0.9814714193344116,0.38665571212768557,0.6001909891764323,0.9845588803291321,0.6171456336975097,0.6587554295857747,0.9145929217338562,0.5292280197143555,0.7444828669230144,0.9655747413635254,0.7567624092102051,0.6841451009114583,0.9248408675193787,0.7301095485687256,0.839069684346517,0.9617588520050049,0.430718994140625,0.9410840352376302,0.8438194990158081,0.3437248945236206,0.9664059956868489,0.836334228515625,0.6019288063049316,0.9143219629923502,0.17236150801181793,0.49165544509887693,0.9415844599405925,0.21141058206558228,0.6091051578521729,1.0,0.03255341574549675,0.4878859043121338,1.0,0.03245311975479126
squat,0.4996058940887451,0.45288292566935223,0.9914963245391846,0.5085568904876709,0.43253777821858724,0.8229419589042664,0.474908447265625,0.43003501892089846,0.9907251000404358,0.5083862781524658,0.4519268353780111,0.09039057046175003,0.4206810474395752,0.4514879544576009,0.9674338102340698,0.4924135208129883,0.5794415791829427,0.9828894734382629,0.38767783641815184,0.5836706161499023,0.9844293594360352,0.6184011459350586,0.6769847869873047,0.9037878513336182,0.543682050704956,0.7310204188028971,0.9657124280929565,0.7685815334320069,0.7515707015991211,0.9074349403381348,0.7550789833068847,0.8330154418945312,0.9585935473442078,0.4078667163848877,0.9440441131591797,0.8200864195823669,0.32829928398132324,0.9620031992594401,0.8107756972312927,0.609768009185791,0.8696999867757161,0.20058225095272064,0.5370398044586182,0.8782587051391602,0.2698878347873688,0.5648303031921387,1.0,0.0479755699634552,0.5193299770355224,0.9908753712972005,0.053510215133428574
squat,0.4939176082611084,0.4089134852091471,0.9889587163925171,0.5042083263397217,0.3904682795206706,0.8925893902778625,0.4690216541290283,0.3844298362731934,0.9829534292221069,0.512055492401123,0.41160761515299477,0.25356748700141907,0.4238856315612793,0.40599409739176434,0.9253105521202087,0.5206174850463867,0.540238889058431,0.9858390688896179,0.40773468017578124,0.545573870340983,0.9763538837432861,0.6422641754150391,0.6156525293986003,0.9069003462791443,0.5281313896179199,0.6979518254597982,0.9287937879562378,0.7515316009521484,0.630919075012207,0.9034134149551392,0.7204399108886719,0.737712287902832,0.930187463760376,0.450028133392334,0.9136866251627604,0.8485584855079651,0.3731087684631348,0.9186042149861654,0.8085993528366089,0.569904088973999,0.9100435256958008,0.280501127243042,0.5383384227752686,0.894088617960612,0.3112897574901581,0.43755760192871096,1.0,0.058134857565164566,0.47746877670288085,0.97532958984375,0.057781048119068146
squat,0.4933783531188965,0.34276994069417316,0.9898102283477783,0.5006012439727783,0.3187337239583333,0.9011316299438477,0.46972060203552246,0.3229093869527181,0.9836037158966064,0.5101526737213135,0.3376620292663574,0.3637081980705261,0.435109281539917,0.35583988825480145,0.9344157576560974,0.5602916717529297,0.4964224497477214,0.9879403114318848,0.4152973651885986,0.540943972269694,0.9961991906166077,0.6933265209197998,0.6582428614298502,0.8487070798873901,0.3965937376022339,0.7839303334554036,0.9723633527755737,0.7050235748291016,0.638389523824056,0.782677412033081,0.307624888420105,0.8417372385660807,0.9395958185195923,0.5078504085540771,0.8556524912516276,0.8728485703468323,0.42988386154174807,0.8674851735432942,0.926809549331665,0.5411573886871338,0.9372414906819662,0.3237152099609375,0.5378691673278808,0.9339545567830404,0.5169618129730225,0.4447218418121338,0.9874745051066081,0.04941405728459358,0.5282846927642822,0.9707882563273112,0.07904472947120667
squat,0.49437918663024905,0.28244333267211913,0.9630133509635925,0.4969338417053223,0.25975971221923827,0.6832910180091858,0.4782256603240967,0.25934569040934247,0.9437828660011292,0.48742237091064455,0.2773595174153646,0.13303877413272858,0.4448881149291992,0.2829617818196615,0.8847208619117737,0.51395583152771,0.44017003377278646,0.9845436215400696,0.3784663677215576,0.4548230806986491,0.9697162508964539,0.6742469787597656,0.5762744903564453,0.8827276825904846,0.35718464851379395,0.6599252065022786,0.8374576568603516,0.7436760902404785,0.5807726542154948,0.7748634219169617,0.36778674125671384,0.7483301798502604,0.7608674168586731,0.40084662437438967,0.8324963887532552,0.9179876446723938,0.3264195203781128,0.8426320393880208,0.8836756944656372,0.5328555583953858,0.9248243967692057,0.47468334436416626,0.5253640651702881,0.9236836751302083,0.4710700511932373,0.47161068916320803,0.9777249018351237,0.11473370343446732,0.5085258960723877,0.9570331573486328,0.10409778356552124
squat,0.48520989418029786,0.23114995956420897,0.8667162656784058,0.4868441104888916,0.21066662470499675,0.5373709201812744,0.47183837890625,0.20860268274943033,0.7556501030921936,0.47450480461120603,0.22849499384562175,0.20023608207702637,0.4438066005706787,0.23039741516113282,0.6567376255989075,0.5066285610198975,0.37918097178141275,0.9828425049781799,0.39945647716522215,0.3808585166931152,0.8980667591094971,0.667930793762207,0.5458492279052735,0.9205811619758606,0.46161613464355467,0.5678094228108724,0.600009024143219,0.5441589832305909,0.4150494257609049,0.8097843527793884,0.5008608341217041,0.4987587610880534,0.5024974942207336,0.4028942108154297,0.822299067179362,0.9405505657196045,0.3324597358703613,0.819348398844401,0.8467251062393188,0.5426229476928711,0.9206255594889323,0.4155077040195465,0.509742259979248,0.9153924306233724,0.2635778784751892,0.5107630729675293,0.9501239776611328,0.08301439881324768,0.519827127456665,0.9339300155639648,0.04864738881587982
squat,0.48960561752319337,0.15661404927571615,0.8266013264656067,0.4934586524963379,0.1340791384379069,0.3025760352611542,0.47301397323608396,0.13231385548909505,0.8352893590927124,0.4778120040893555,0.1574119249979655,0.053139083087444305,0.42801918983459475,0.15617904663085938,0.8431255221366882,0.5121890068054199,0.3274381637573242,0.9167885780334473,0.3542286157608032,0.3407712936401367,0.8818777203559875,0.6436976432800293,0.43368377685546877,0.5992229580879211,0.48108716011047364,0.5032982508341471,0.5992139577865601,0.6661749362945557,0.3827390988667806,0.46001726388931274,0.6731271743774414,0.46473766962687174,0.4597337543964386,0.4339592933654785,0.794512939453125,0.7744303345680237,0.3346445560455322,0.800944709777832,0.7083430290222168,0.5238234519958496,0.9413745244344075,0.10317999869585037,0.4665197849273682,0.895206069946289,0.0909399688243866,0.5484455585479736,1.0,0.015469572506844997,0.5512326240539551,0.9334718068440755,0.01274186559021473
squat,0.4986229419708252,0.08724651336669922,0.38369041681289673,0.4933903694152832,0.06606725056966146,0.015902414917945862,0.49063539505004883,0.06411670049031576,0.39263591170310974,0.4495840549468994,0.0820980707804362,0.007012187037616968,0.4512155532836914,0.08005228042602539,0.7907939553260803,0.45357842445373536,0.23805092175801595,0.8522217869758606,0.3888439178466797,0.2404491106669108,0.9041675329208374,0.5812262058258056,0.3247041702270508,0.7517701983451843,0.525525426864624,0.3537543296813965,0.9283010363578796,0.7184694290161133,0.3225242614746094,0.7387973666191101,0.7045355796813965,0.3361880620320638,0.8946923613548279,0.3844916343688965,0.6858232498168946,0.9510742425918579,0.3397470474243164,0.6924570083618165,0.9598423838615417,0.4811140537261963,0.9142047882080078,0.40052175521850586,0.4447808265686035,0.8917121887207031,0.5086140632629395,0.5145134925842285,1.0,0.03800205513834953,0.4507753372192383,0.9868480046590169,0.04323125630617142
squat,0.4516249656677246,0.03861722946166992,0.04878758266568184,0.4539186000823975,0.01881872812906901,0.002611169358715415,0.4442315578460693,0.016158231099446616,0.028768502175807953,0.4301126480102539,0.03660163879394531,0.004279398825019598,0.417163610458374,0.0282470703125,0.15944072604179382,0.43949522972106936,0.1871706008911133,0.47237610816955566,0.370870304107666,0.17127318382263185,0.4376893937587738,0.5676226615905762,0.2589098453521729,0.6474983096122742,0.5519102096557618,0.2505060036977132,0.7729820013046265,0.7253520488739014,0.2783562660217285,0.6971043348312378,0.7408529281616211,0.28812179565429685,0.7657036781311035,0.3806738376617432,0.7230398813883464,0.8641767501831055,0.327710485458374,0.723255475362142,0.8576991558074951,0.46164603233337403,0.9099655151367188,0.1380251944065094,0.4234652519226074,0.873075803120931,0.16108651459217072,0.5292412281036377,1.0,0.010812168940901756,0.4865545749664307,1.0,0.010902337729930878
squat,0.4710375785827637,0.0,0.15097889304161072,0.48078255653381347,0.0,0.005651487968862057,0.45401415824890134,0.0,0.14762309193611145,0.4718949317932129,0.0,0.0035339328460395336,0.40555806159973146,0.0,0.4378361701965332,0.46337242126464845,0.1301091512044271,0.5755029916763306,0.3652794599533081,0.11247135798136393,0.916154682636261,0.5325007438659668,0.23881766001383464,0.6806426644325256,0.4975247859954834,0.19348023732503256,0.9817075729370117,0.6568204879760742,0.26323566436767576,0.7691051363945007,0.6827839374542236,0.234571107228597,0.9692738652229309,0.42351455688476564,0.5596616109212239,0.982379138469696,0.34910457134246825,0.5657440185546875,0.9931790828704834,0.44860310554504396,0.8203299204508464,0.7546742558479309,0.4010193347930908,0.8372209548950196,0.902536928653717,0.4557154655456543,0.9139525731404622,0.15220022201538086,0.42207775115966795,0.9404291788736979,0.24151088297367096
squat,0.4508694648742676,0.011375840504964192,0.05204848200082779,0.45489068031311036,0.0,0.0018321152310818434,0.43895635604858396,0.0,0.036395490169525146,0.43878822326660155,0.0,0.0017950552282854915,0.39611799716949464,0.0,0.17129117250442505,0.4458293914794922,0.06699301401774088,0.47717562317848206,0.357207202911377,0.05183601379394531,0.7991027235984802,0.5457323074340821,0.19180320103963217,0.7438014149665833,0.4969296455383301,0.16582447687784832,0.9738330841064453,0.6891814231872558,0.2309898058573405,0.8196642398834229,0.6812737941741943,0.23091119130452473,0.963180422782898,0.4164469242095947,0.5479162851969401,0.9885197281837463,0.3507209777832031,0.5523438771565755,0.9943126440048218,0.411395788192749,0.9089653015136718,0.7383637428283691,0.38327627182006835,0.9308570861816406,0.8722422122955322,0.39351115226745603,1.0,0.08076337724924088,0.37650227546691895,1.0,0.11698267608880997
squat,0.4807852268218994,0.017258548736572267,0.12127085775136948,0.47959184646606445,0.0,0.002570115029811859,0.46795654296875,0.0,0.12678907811641693,0.44301519393920896,0.0,0.0010170198511332273,0.4109331130981445,0.0,0.4176262617111206,0.4326341152191162,0.06738351186116537,0.45688730478286743,0.3623359203338623,0.04950151443481445,0.8156914114952087,0.5355288982391357,0.18954537709554037,0.6278270483016968,0.4733132839202881,0.1621874491373698,0.9672520756721497,0.6908529758453369,0.22825562159220378,0.7743538022041321,0.6755866527557373,0.22555325826009115,0.9642114639282227,0.3910273551940918,0.5218899091084798,0.9747860431671143,0.34076800346374514,0.5247302055358887,0.9884923696517944,0.3851150035858154,0.8708396911621094,0.6673997640609741,0.37061290740966796,0.8891489028930664,0.8334305286407471,0.3589027881622314,1.0,0.06707089394330978,0.34395318031311034,1.0,0.09606293588876724
squat,0.45138702392578123,0.02951335906982422,0.10891153663396835,0.45168533325195315,0.015077686309814453,0.0021588678937405348,0.4454793930053711,0.006588363647460937,0.1165919080376625,0.4180434226989746,0.004479694366455078,0.0010743984021246433,0.39435677528381347,0.0,0.4558790624141693,0.4171442985534668,0.09690469106038412,0.48996469378471375,0.3398780822753906,0.07738609313964843,0.9153782725334167,0.501504373550415,0.22710283597310385,0.6609522104263306,0.45728483200073244,0.18439868291219075,0.9878517389297485,0.6164887905120849,0.27669734954833985,0.7917601466178894,0.6436556339263916,0.22145687739054362,0.9821106791496277,0.41474385261535646,0.5529715220133463,0.9874081611633301,0.35837612152099607,0.5564289728800456,0.9960702657699585,0.38863391876220704,0.8982136408487956,0.7673010230064392,0.3503887176513672,0.922925059000651,0.9175419211387634,0.3653374671936035,1.0,0.09492120891809464,0.3411399364471436,1.0,0.16187679767608643
squat,0.4423403263092041,0.05376774470011393,0.0255782138556242,0.4411649227142334,0.04177513122558594,0.0005104622105136514,0.43988862037658694,0.031980037689208984,0.021422293037176132,0.40426206588745117,0.024770673116048178,0.0008013101178221405,0.398484992980957,0.0,0.2081821858882904,0.4102107048034668,0.10385456085205078,0.39824140071868896,0.3448755741119385,0.07950029373168946,0.8745743036270142,0.5029707908630371,0.2347119967142741,0.7008466720581055,0.45815134048461914,0.18193009694417317,0.989351212978363,0.6379857540130616,0.28211113611857097,0.8169504404067993,0.6409766197204589,0.20982236862182618,0.9828187823295593,0.40463571548461913,0.5612394332885742,0.991804838180542,0.3578558206558228,0.5600613911946615,0.9973989725112915,0.3593716621398926,0.9029258728027344,0.8277061581611633,0.33684048652648924,0.9191642761230469,0.9418140649795532,0.32384324073791504,1.0,0.12623052299022675,0.32010157108306886,1.0,0.2123710662126541
squat,0.4543159961700439,0.030282052357991536,0.021775413304567337,0.4508091449737549,0.016923173268636068,0.0004171725595369935,0.44957480430603025,0.0095794677734375,0.02310304529964924,0.41097111701965333,0.012081146240234375,0.000517953303642571,0.4034588813781738,0.0,0.27443554997444153,0.42110552787780764,0.1044326146443685,0.33223292231559753,0.33733358383178713,0.07976318995157877,0.8053944110870361,0.525642728805542,0.19509367942810057,0.5925191640853882,0.4433462142944336,0.1586736043294271,0.9766361117362976,0.6803795337677002,0.22595794995625815,0.7325167655944824,0.6554931640625,0.1997905731201172,0.9687040448188782,0.41240510940551756,0.5633708953857421,0.9846414923667908,0.35507893562316895,0.5636440277099609,0.99432373046875,0.3892690658569336,0.8825212478637695,0.711582362651825,0.36043896675109866,0.8847695032755534,0.8800966739654541,0.37542500495910647,1.0,0.08455637842416763,0.3600363492965698,1.0,0.13769006729125977
squat,0.43520269393920896,0.05406897862752279,0.07190299034118652,0.43260836601257324,0.03610633214314778,0.0018631943967193365,0.42620391845703126,0.03322397867838542,0.07078655809164047,0.3977003574371338,0.0222959836324056,0.001311587868258357,0.3827385425567627,0.014233112335205078,0.3117465376853943,0.4022245407104492,0.11212520599365235,0.3430282771587372,0.34038362503051756,0.089067808787028,0.7434217929840088,0.5132386207580566,0.1803313891092936,0.5289801955223083,0.4461094856262207,0.14539060592651368,0.9577487111091614,0.6853755950927735,0.19657514890034994,0.7244939208030701,0.6747370719909668,0.1886192798614502,0.9590586423873901,0.3933858394622803,0.569390869140625,0.9518929719924927,0.35001440048217775,0.5715597788492839,0.9793495535850525,0.38673834800720214,0.8565316518147786,0.4587218463420868,0.37867398262023927,0.8601645151774089,0.6948976516723633,0.3768739700317383,1.0,0.03712543845176697,0.37453327178955076,1.0,0.05888636037707329
squat,0.4264354705810547,0.0241331418355306,0.15984806418418884,0.428684139251709,0.0037514686584472655,0.005717489402741194,0.412384033203125,0.0007289250691731771,0.10131914913654327,0.4047123432159424,0.0,0.002538572996854782,0.3642021656036377,0.0,0.2325209528207779,0.4149015426635742,0.0898967425028483,0.5990214347839355,0.33347692489624026,0.0750139554341634,0.7813711762428284,0.5401500225067138,0.16625452041625977,0.7893700003623962,0.4666728973388672,0.1471152623494466,0.9630123376846313,0.7093735694885254,0.15894266764322917,0.8712218403816223,0.6920469284057618,0.14332482020060222,0.9638620615005493,0.4032899856567383,0.566502062479655,0.9779893755912781,0.3450137138366699,0.5708927154541016,0.9861108064651489,0.37305617332458496,0.8845098495483399,0.6114279627799988,0.35496299266815184,0.8996127446492513,0.7446521520614624,0.34836878776550295,1.0,0.04631781205534935,0.34478325843811036,1.0,0.0581250935792923
squat,0.4337752819061279,0.0,0.032966498285532,0.4319293022155762,0.0,0.0007904567173682153,0.4239667415618896,0.0,0.028384042903780937,0.401170015335083,0.0025715192159016928,0.0008785056415945292,0.3790846347808838,0.0,0.23370027542114258,0.41559429168701173,0.10882511138916015,0.37549376487731934,0.34062654972076417,0.09266316095987956,0.7862932682037354,0.5402220249176025,0.15950249036153158,0.6233487725257874,0.48944091796875,0.12889731725056966,0.9741724729537964,0.7073982238769532,0.13992907206217448,0.746703565120697,0.6917991638183594,0.09956658681233724,0.9644255042076111,0.40816121101379393,0.5743573506673177,0.9822462797164917,0.3530031442642212,0.576775868733724,0.9926995635032654,0.38454537391662597,0.8836367289225261,0.6783047914505005,0.36527600288391116,0.8877454121907552,0.857261598110199,0.3659372329711914,1.0,0.0697961300611496,0.3644078731536865,1.0,0.11379607766866684
squat,0.4511326789855957,0.01080474853515625,0.05860500410199165,0.4457921028137207,0.0,0.0012593234423547983,0.4425816059112549,0.0,0.06319835782051086,0.39964518547058103,0.00263973871866862,0.0008504926809109747,0.39479756355285645,0.0,0.32882487773895264,0.39670958518981936,0.11414400736490886,0.2557655870914459,0.36178932189941404,0.09580968221028646,0.6762369871139526,0.5299582958221436,0.16055312156677246,0.41042476892471313,0.5109554290771484,0.13135093053181965,0.9454334378242493,0.6976754188537597,0.1425938606262207,0.632925271987915,0.7125777244567871,0.12941389083862304,0.9447647929191589,0.38221015930175783,0.5742242177327473,0.9300453066825867,0.35513665676116946,0.5758301417032877,0.9708504676818848,0.3747343301773071,0.831250254313151,0.48700931668281555,0.3747320890426636,0.835452651977539,0.7301337718963623,0.3713404417037964,1.0,0.05264655500650406,0.3645780086517334,1.0,0.085236094892025
squat,0.45220460891723635,0.004834620157877604,0.03675229474902153,0.44921112060546875,0.0,0.0010104360990226269,0.44084901809692384,0.0,0.024846211075782776,0.4178034782409668,0.0,0.0009178157197311521,0.3976728916168213,0.0,0.1505473554134369,0.4242087364196777,0.09272133509318034,0.3341664671897888,0.3639101982116699,0.06888446807861329,0.5987284183502197,0.5489562034606934,0.15910167694091798,0.6596835255622864,0.5077763080596924,0.10618232091267904,0.9455596208572388,0.7081656932830811,0.15391435623168945,0.8090006709098816,0.7033828735351563,0.11116501490275064,0.9518106579780579,0.39330005645751953,0.5601177851359049,0.9630987048149109,0.3479763507843018,0.5596982320149739,0.9785977005958557,0.3897325754165649,0.8531553904215495,0.5191398859024048,0.3797738075256348,0.8568140665690104,0.689445436000824,0.38942179679870603,1.0,0.03772036358714104,0.37429721355438234,1.0,0.051006827503442764
squat,0.4769140720367432,0.0,0.04660669341683388,0.47500014305114746,0.0,0.0010143916588276625,0.4649980068206787,0.0,0.0411163829267025,0.44141578674316406,0.0,0.000748864549677819,0.4172806739807129,0.0,0.2410990595817566,0.4365691661834717,0.08961153030395508,0.30133166909217834,0.3726452112197876,0.06089038848876953,0.6650646328926086,0.5475242137908936,0.1773353099822998,0.572208046913147,0.5024709224700927,0.10995909372965494,0.9535849094390869,0.7182788372039794,0.16272306442260742,0.7585463523864746,0.7127363204956054,0.11123615900675456,0.9547674655914307,0.39197263717651365,0.5599918365478516,0.943867564201355,0.34424648284912107,0.5598210016886394,0.9724465608596802,0.3900918006896973,0.8401775360107422,0.43754246830940247,0.3835148811340332,0.84828675587972,0.6515509486198425,0.3870234966278076,1.0,0.029745737090706825,0.38031888008117676,1.0,0.04353242740035057
squat,0.4712423324584961,0.009612655639648438,0.029161548241972923,0.4707676887512207,0.0,0.0008844605181366205,0.45945215225219727,0.0,0.022083066403865814,0.44136629104614256,0.0,0.0013006600784137845,0.41967153549194336,0.0,0.1592405140399933,0.4410984039306641,0.10791517893473307,0.3056204617023468,0.36978750228881835,0.09373118082682291,0.5382481813430786,0.5360754013061524,0.1565872351328532,0.6208205819129944,0.4718955039978027,0.12560342152913412,0.9213314652442932,0.7226629257202148,0.15969327290852864,0.77815842628479,0.7042838096618652,0.13332916895548502,0.9305925369262695,0.39814329147338867,0.6052998224894206,0.9285169839859009,0.34488515853881835,0.6119306564331055,0.9532917737960815,0.4248748779296875,0.8828535079956055,0.25000476837158203,0.403195858001709,0.887675921122233,0.37666308879852295,0.4205636978149414,1.0,0.01176325511187315,0.3957315444946289,1.0,0.014526797458529472
squat,0.4833660125732422,0.004929161071777344,0.15495175123214722,0.4876138687133789,0.0,0.006046762689948082,0.4708845615386963,0.0,0.14182323217391968,0.4635618686676025,0.005838139851888021,0.0038498917128890753,0.42214112281799315,0.0,0.4475953280925751,0.4528363227844238,0.14053217569986978,0.6688703298568726,0.3745339155197144,0.12050730387369792,0.8395395874977112,0.5635471820831299,0.21127557754516602,0.7508805990219116,0.5217077732086182,0.17531677881876628,0.951102614402771,0.7199082851409913,0.20608011881510416,0.7778782844543457,0.7292269706726074,0.2008439064025879,0.9240726828575134,0.4158285140991211,0.6067317962646485,0.9776303172111511,0.3548578262329102,0.6139044443766276,0.9842516183853149,0.4739081382751465,0.9110932032267253,0.552436351776123,0.43779306411743163,0.9250356038411458,0.6847156882286072,0.49126553535461426,1.0,0.04723649099469185,0.4496915817260742,1.0,0.05696986988186836
squat,0.478973913192749,0.028219032287597656,0.12228544056415558,0.48453783988952637,0.0009447733561197916,0.008017889223992825,0.46150984764099123,0.0035870869954427085,0.08172525465488434,0.47666082382202146,0.016431363423665364,0.007701416965574026,0.4293988227844238,0.02523008982340495,0.2449428290128708,0.48915815353393555,0.18316211700439453,0.569354236125946,0.38925306797027587,0.18466688791910807,0.6654425859451294,0.5809767723083497,0.2538492997487386,0.6354711651802063,0.5260826587677002,0.279623285929362,0.8608176112174988,0.7436906814575195,0.24939819971720378,0.6810532808303833,0.7410847187042237,0.2732494354248047,0.836776077747345,0.4225714683532715,0.7074142456054687,0.8816612958908081,0.3523662567138672,0.7144166946411132,0.8977128863334656,0.4950298309326172,0.900174077351888,0.19950498640537262,0.46648850440979006,0.8674582163492839,0.27411654591560364,0.4978763580322266,1.0,0.01881842128932476,0.4906034469604492,0.941720708211263,0.022165220230817795
squat,0.5088627815246582,0.08809871673583984,0.562423586845398,0.5074050903320313,0.06569531758626303,0.10743354260921478,0.4966896533966064,0.0636808713277181,0.4880395829677582,0.4808490753173828,0.09322083791097005,0.019477371126413345,0.4539618968963623,0.09137528737386068,0.5772966146469116,0.5270589828491211,0.2667223930358887,0.8562005162239075,0.36754236221313474,0.2728056271870931,0.7445477247238159,0.6458482265472412,0.3996392885843913,0.6277610063552856,0.3821336984634399,0.4531012852986654,0.4050367772579193,0.51474609375,0.2926973342895508,0.5013021230697632,0.43834800720214845,0.42945629755655923,0.3587147295475006,0.44134111404418946,0.7895617167154948,0.7624244093894958,0.34351315498352053,0.7822992324829101,0.6659948825836182,0.4648128032684326,0.9534121831258138,0.07355199754238129,0.4198748588562012,0.9015198389689127,0.045941468328237534,0.48265933990478516,1.0,0.009389445185661316,0.49753627777099607,0.909609031677246,0.005993229802697897
squat,0.5221482276916504,0.17551809946695965,0.8453428745269775,0.5249581813812256,0.15016082127888997,0.2744644582271576,0.5077749252319336,0.15027844111124675,0.8189546465873718,0.5074838161468506,0.17493934631347657,0.035784002393484116,0.46481914520263673,0.177466615041097,0.8183022141456604,0.5609375,0.33828201293945315,0.9436398148536682,0.36210131645202637,0.3748785972595215,0.9441120028495789,0.7044755935668945,0.5122735977172852,0.7572267055511475,0.34577188491821287,0.6143043518066407,0.7809251546859741,0.5547483444213868,0.40984999338785805,0.7243044376373291,0.47153487205505373,0.4710726102193197,0.7905343770980835,0.47100162506103516,0.8051302591959636,0.7769169211387634,0.3547665596008301,0.8230369567871094,0.7552343606948853,0.5344987869262695,0.9065104166666667,0.10920152813196182,0.5005825519561767,0.9292603810628255,0.11341405659914017,0.4630275249481201,0.9725627263387044,0.010851739905774593,0.553032398223877,0.9666858037312825,0.009557864628732204
squat,0.5423047065734863,0.2633407910664876,0.744217038154602,0.5409434795379638,0.2303173065185547,0.10495565086603165,0.5304929256439209,0.22559483846028647,0.6502965092658997,0.5069717407226563,0.2516678810119629,0.007399147376418114,0.47801709175109863,0.24393221537272136,0.6763312816619873,0.5477583408355713,0.450727653503418,0.8864626884460449,0.36366245746612547,0.49418843587239586,0.8596569299697876,0.7115262031555176,0.6507010777791341,0.7372611165046692,0.356235408782959,0.7704996744791667,0.6523318290710449,0.549580717086792,0.49273179372151693,0.8568100333213806,0.4791586875915527,0.5132641156514486,0.852514386177063,0.4551827430725098,0.9171925226847331,0.19060103595256805,0.34963462352752683,0.9379511515299479,0.14052525162696838,0.5358954429626465,0.7503585815429688,0.014980526641011238,0.4819946765899658,0.7782373428344727,0.011804361827671528,0.44182476997375486,0.8115238189697266,0.0029691094532608986,0.5037489414215088,0.8083339691162109,0.0020842121448367834
squat,0.5228127479553223,0.3016712188720703,0.7590527534484863,0.5318716526031494,0.2673504829406738,0.4453352391719818,0.5010595321655273,0.2672903060913086,0.4903964698314667,0.5462029457092286,0.29724289576212565,0.17587189376354218,0.47576212882995605,0.30441582997639977,0.2647901177406311,0.6445056438446045,0.5465146382649739,0.7371519804000854,0.4347879886627197,0.560692024230957,0.9161481857299805,0.7037028312683106,0.8112990697224934,0.29507550597190857,0.3815774917602539,0.8469531377156575,0.7148388028144836,0.6332698822021484,0.6474964141845703,0.5399874448776245,0.46680803298950196,0.6089234034220378,0.8212780356407166,0.6327491760253906,0.9453271230061849,0.12802232801914215,0.5127551555633545,0.9336835861206054,0.23201599717140198,0.502866268157959,0.8981871922810872,0.020797761157155037,0.42615666389465334,0.857451057434082,0.03976193815469742,0.36137824058532714,0.9227532704671224,0.004948147572577,0.3895513296127319,0.8414698282877604,0.007550685200840235
squat,0.5583446979522705,0.4510340690612793,0.9775076508522034,0.563593053817749,0.4334060033162435,0.5465019941329956,0.5378136157989502,0.4310258547465006,0.9811851382255554,0.5497020244598388,0.454116153717041,0.0366305336356163,0.48145198822021484,0.45483411153157555,0.9703806638717651,0.515685749053955,0.5809240976969401,0.9679834246635437,0.4219779968261719,0.5827777862548829,0.9796146750450134,0.6201694488525391,0.711964734395345,0.8772665858268738,0.5491015911102295,0.7647534688313802,0.9643979072570801,0.7700748920440674,0.8211041132609049,0.8687847256660461,0.7581617355346679,0.9007953008015951,0.9485793709754944,0.38756113052368163,0.9492041905721028,0.7360168695449829,0.31369919776916505,0.9644521077473959,0.7386236786842346,0.5916052341461182,0.9518157958984375,0.08529125899076462,0.5273287773132325,0.9647459665934245,0.12122593820095062,0.5453222751617431,1.0,0.011329397559165955,0.486723804473877,1.0,0.011793659999966621
squat,0.5605924129486084,0.473017946879069,0.992423415184021,0.5669432640075683,0.45408655802408854,0.7437179684638977,0.5410372257232666,0.45295079549153644,0.9949012994766235,0.5530029296875,0.4720067342122396,0.045483577996492386,0.48177614212036135,0.47345225016276044,0.988878071308136,0.5156336784362793,0.5934712727864583,0.9811763167381287,0.4189950466156006,0.6105201085408528,0.9926510453224182,0.6256423473358155,0.7164787928263346,0.8891196250915527,0.5646714210510254,0.8009705225626628,0.9811174273490906,0.7630683898925781,0.7968613306681315,0.8633623123168945,0.767909049987793,0.9193286895751953,0.9617898464202881,0.4081860542297363,0.9668976465861002,0.8170113563537598,0.3292677879333496,0.9934823354085286,0.8458354473114014,0.6396682739257813,0.9352334976196289,0.1422218531370163,0.5473726272583008,0.9606118520100911,0.22531509399414062,0.6499613285064697,1.0,0.025382013991475105,0.5558392524719238,1.0,0.02973145619034767
squat,0.5701502799987793,0.43898194630940757,0.9895840287208557,0.5750670433044434,0.4216787338256836,0.7482430934906006,0.5513545989990234,0.4227828661600749,0.9884501695632935,0.5538616180419922,0.44316991170247394,0.10450993478298187,0.49529180526733396,0.4489571253458659,0.9832512736320496,0.5183984756469726,0.5607303619384766,0.9952516555786133,0.4242097854614258,0.5735413233439127,0.9940248131752014,0.6295058250427246,0.7098089853922526,0.960301399230957,0.5552232742309571,0.7600049336751302,0.9648411870002747,0.794631052017212,0.8434081395467122,0.9233813285827637,0.7740671157836914,0.8860937118530273,0.9185790419578552,0.39706380367279054,0.8814379374186198,0.8806202411651611,0.33869757652282717,0.9056858062744141,0.8124080896377563,0.5565088748931885,0.7112038294474284,0.4883846342563629,0.5638573646545411,0.7282140096028645,0.43079522252082825,0.5556735992431641,0.9328550338745117,0.16841042041778564,0.6272892475128173,0.9250282287597656,0.1271979659795761
squat,0.5692922592163085,0.4053412755330404,0.9681938886642456,0.5806474685668945,0.3890395482381185,0.6989679336547852,0.5535720825195313,0.37514848709106446,0.9585782289505005,0.5711887836456299,0.4170312245686849,0.0988735556602478,0.4994197845458984,0.38658790588378905,0.9205229878425598,0.5715778827667236,0.5916750590006511,0.9731953144073486,0.4179042339324951,0.5634499231974284,0.9758824110031128,0.6864735603332519,0.7939257939656575,0.6906439661979675,0.4158177375793457,0.7941689809163411,0.7540817856788635,0.7629889965057373,0.7939182917277018,0.565886914730072,0.4845850944519043,0.8493594487508138,0.620606005191803,0.4748812675476074,0.9303178151448568,0.35737743973731995,0.3988665580749512,0.9236578623453776,0.3223680257797241,0.48067293167114256,0.8523402531941732,0.06267108023166656,0.5243127822875977,0.8309841156005859,0.05986099690198898,0.39247899055480956,0.9141161600748698,0.01812603697180748,0.5909195423126221,0.875674057006836,0.015348087064921856
squat,0.5673550605773926,0.31914920806884767,0.9598830342292786,0.5801205635070801,0.2926825841267904,0.8784341812133789,0.5497967720031738,0.28818397521972655,0.8911559581756592,0.5846784114837646,0.33223876953125,0.43052586913108826,0.5167934894561768,0.3246610959370931,0.6247960329055786,0.6104946613311768,0.5667464574178059,0.9680658578872681,0.45244779586791994,0.5678778966267903,0.9240577220916748,0.7235010623931885,0.7626866658528646,0.8184387683868408,0.3769270658493042,0.778993034362793,0.5534655451774597,0.7130393505096435,0.7431999206542969,0.8267666697502136,0.49391989707946776,0.6438362757364909,0.6737491488456726,0.5267175674438477,0.91495787302653,0.5192312598228455,0.440057373046875,0.919505500793457,0.36524274945259094,0.49076108932495116,0.9099440256754557,0.06956235319375992,0.46471529006958007,0.951038106282552,0.042723409831523895,0.3682964324951172,0.8691032409667969,0.012825415469706059,0.435109281539917,0.9000010172526042,0.007673510350286961
squat,0.561255931854248,0.2753464698791504,0.8130109310150146,0.5591506004333496,0.25478633244832355,0.24005436897277832,0.5520714282989502,0.2486056645711263,0.7274028658866882,0.526272201538086,0.2752973238627116,0.08752645552158356,0.5243247509002685,0.26330496470133463,0.892557680606842,0.5034576892852783,0.44889548619588215,0.973778486251831,0.49602699279785156,0.42496299743652344,0.961624264717102,0.6465545654296875,0.6155530293782552,0.9059127569198608,0.5899085521697998,0.5699515024820964,0.8893600702285767,0.5897457122802734,0.526090431213379,0.8499755859375,0.6105520248413085,0.5129712422688802,0.8409684896469116,0.3905623912811279,0.8144702275594076,0.8815733790397644,0.3835783004760742,0.809493891398112,0.8385266661643982,0.5125041961669922,0.8998282114664714,0.29190129041671753,0.5296093463897705,0.9255242665608724,0.28364142775535583,0.4890014171600342,0.862963612874349,0.04413232207298279,0.5021540641784668,0.9054997126261394,0.0362132228910923
squat,0.5479094505310058,0.23774496714274088,0.7515389323234558,0.5440093517303467,0.21793289184570314,0.1576390415430069,0.5425283432006835,0.2145581563313802,0.679790735244751,0.49086971282958985,0.2291585922241211,0.13734999299049377,0.5143852233886719,0.22585458755493165,0.9476980566978455,0.42157344818115233,0.3600629806518555,0.9906123280525208,0.48389616012573244,0.3649003346761068,0.9694557785987854,0.536047887802124,0.5131775538126627,0.9576101899147034,0.5767630100250244,0.5162221590677897,0.8521212339401245,0.5929677486419678,0.45822582244873045,0.8716694116592407,0.6176319122314453,0.4376021067301432,0.7030975222587585,0.31821212768554685,0.7425802230834961,0.9687323570251465,0.3525954246520996,0.760377566019694,0.9237945675849915,0.48886637687683104,0.9018294016520182,0.49892187118530273,0.5333384037017822,0.9594071070353191,0.3414577543735504,0.5002976417541504,0.9368699391682943,0.050466395914554596,0.5072969436645508,1.0,0.02669355645775795
squat,0.5619894027709961,0.1682459831237793,0.8011677265167236,0.5594419956207275,0.14958283106486003,0.11220258474349976,0.5537249565124511,0.14747540156046549,0.8604998588562012,0.5179318428039551,0.17008333206176757,0.025159526616334915,0.5176726818084717,0.16553373336791993,0.9625951647758484,0.48677711486816405,0.32075322469075523,0.9023934602737427,0.47212562561035154,0.3130711555480957,0.9627981185913086,0.6416943073272705,0.4555232365926107,0.6269221305847168,0.6292718887329102,0.44888696670532224,0.9297876358032227,0.7216434478759766,0.45007623036702477,0.5708983540534973,0.7244409561157227,0.45312267939249673,0.854788064956665,0.35279088020324706,0.6813292185465495,0.9177685379981995,0.33733549118041994,0.6861351013183594,0.943693995475769,0.4911777496337891,0.909028689066569,0.4693272113800049,0.4764542102813721,0.9394173940022786,0.656938910484314,0.5147273063659668,0.9994148254394531,0.06672610342502594,0.4510078430175781,1.0,0.08731659501791
squat,0.5463955402374268,0.09532728195190429,0.41143858432769775,0.5412432670593261,0.07459999720255533,0.015894059091806412,0.543790054321289,0.07109867731730143,0.5865855813026428,0.4873490333557129,0.09338601430257161,0.011357473209500313,0.5167163848876953,0.0852849006652832,0.95359206199646,0.4576086521148682,0.2642901102701823,0.7355441451072693,0.4660963535308838,0.24258015950520834,0.9561923742294312,0.5717894554138183,0.40963509877522786,0.37431657314300537,0.6075825691223145,0.3635327657063802,0.9478443264961243,0.6400579929351806,0.4083600680033366,0.3717908561229706,0.7172785758972168,0.3918223063151042,0.8710765242576599,0.3470134258270264,0.661342175801595,0.8856139779090881,0.3483115196228027,0.6580668131510417,0.9539416432380676,0.4540987968444824,0.9352656046549479,0.3103817105293274,0.45404844284057616,0.9387416839599609,0.599886417388916,0.5035701751708984,1.0,0.03205617889761925,0.4394829750061035,1.0,0.05659843608736992
squat,0.539989709854126,0.03401323954264323,0.5985346436500549,0.5410535335540771,0.007529067993164063,0.04217759892344475,0.5221886157989502,0.013709958394368489,0.6435900330543518,0.5152255535125733,0.019379456837972004,0.010569057427346706,0.47620625495910646,0.035099029541015625,0.8334461450576782,0.5055903911590576,0.1797063191731771,0.7933646440505981,0.4377096652984619,0.18116725285847982,0.9269822239875793,0.6326512813568115,0.30963338216145836,0.5974355340003967,0.6009995460510253,0.30233173370361327,0.9420382976531982,0.7628350734710694,0.3155316034952799,0.6320372819900513,0.7807750701904297,0.30657021204630536,0.891825258731842,0.3802645206451416,0.6419434865315755,0.9344586133956909,0.33029351234436033,0.6463794072469076,0.9602450728416443,0.4192466735839844,0.9090989430745443,0.36339250206947327,0.4240592956542969,0.919131088256836,0.550753116607666,0.4228522300720215,1.0,0.0327654629945755,0.41441936492919923,1.0,0.0431722030043602
squat,0.5399464130401611,0.0005614280700683594,0.35699090361595154,0.5409159183502197,0.0,0.013141736388206482,0.5270872116088867,0.0,0.3525029122829437,0.5139931201934814,0.004051431020100912,0.0030620438046753407,0.47393064498901366,0.0,0.6694866418838501,0.5139374732971191,0.1559857686360677,0.7225656509399414,0.4243363380432129,0.12603432337443035,0.8744261860847473,0.6732786178588868,0.2626134713490804,0.6968704462051392,0.6072131633758545,0.20436172485351561,0.9510490298271179,0.7673530578613281,0.26773611704508465,0.7648480534553528,0.7903693199157715,0.2365273952484131,0.9310802817344666,0.40856637954711916,0.5950443267822265,0.9578107595443726,0.3423511505126953,0.5862019220987956,0.972636878490448,0.428928279876709,0.9058636983235677,0.40086907148361206,0.4008514881134033,0.9150179545084636,0.5737575888633728,0.4108534812927246,0.9879681905110677,0.02429327741265297,0.37877907752990725,1.0,0.03071185015141964
squat,0.4868794918060303,0.01653156280517578,0.01774398609995842,0.4892738819122314,0.0,0.0007756193517707288,0.4760347843170166,0.0,0.009454063139855862,0.46992979049682615,0.0,0.001698084408417344,0.4402574062347412,0.0,0.06449612230062485,0.47393364906311036,0.08494269053141276,0.3476512134075165,0.401455020904541,0.07305746078491211,0.5042452812194824,0.5794909477233887,0.1829247792561849,0.7358485460281372,0.5233262062072754,0.15516605377197265,0.9257022142410278,0.7444319248199462,0.22479194005330402,0.8262605667114258,0.7291754722595215,0.19924640655517578,0.9212070107460022,0.41672382354736326,0.5645409901936849,0.9684317111968994,0.36130359172821047,0.5690652211507161,0.9760053753852844,0.4093350410461426,0.895599365234375,0.46189627051353455,0.39775326251983645,0.9187714258829752,0.5757339596748352,0.38273420333862307,0.9832927068074544,0.026003826409578323,0.3778995513916016,1.0,0.02885468676686287
squat,0.49755220413208007,0.007996241251627604,0.08900168538093567,0.5002357006072998,0.0,0.0032165071461349726,0.483167839050293,0.0,0.05826127901673317,0.480621862411499,0.0,0.0020409643184393644,0.4377621650695801,0.0,0.18939705193042755,0.47945556640625,0.06560179392496744,0.5206465125083923,0.39211111068725585,0.043506685892740884,0.7261984944343567,0.5759130954742432,0.18021726608276367,0.7735703587532043,0.49364075660705564,0.1365936597188314,0.9533438682556152,0.7357608795166015,0.1966734568277995,0.8541361093521118,0.7033212661743165,0.18501545588175455,0.9503318667411804,0.4194803237915039,0.5433712005615234,0.9790050983428955,0.3559105396270752,0.5446510950724284,0.98589026927948,0.39902286529541015,0.8826309204101562,0.6266686320304871,0.3838897705078125,0.9070725758870443,0.7448111176490784,0.3649965763092041,0.9964790344238281,0.048616986721754074,0.3538605451583862,1.0,0.056367579847574234
squat,0.5054727077484131,0.0,0.13426296412944794,0.5062027931213379,0.0,0.003744150511920452,0.4913318634033203,0.0,0.11375243961811066,0.4814287185668945,0.0,0.0014293213607743382,0.4387204647064209,0.0,0.3719792664051056,0.47946863174438475,0.10044120152791342,0.5576896071434021,0.38379597663879395,0.06760546366373697,0.7942109107971191,0.5786543369293213,0.19582093556722005,0.7395196557044983,0.49361367225646974,0.1285554885864258,0.9588745832443237,0.7347028732299805,0.19394316673278808,0.8250767588615417,0.7004785537719727,0.1389910062154134,0.9543602466583252,0.4211568832397461,0.5525204976399739,0.9762842059135437,0.3511173725128174,0.5482751210530599,0.9856616854667664,0.4133790969848633,0.892986551920573,0.5116720199584961,0.3776684284210205,0.896983782450358,0.6645883321762085,0.39092564582824707,1.0,0.026774313300848007,0.3543132543563843,1.0,0.03316493704915047
squat,0.49340362548828126,0.0021004041035970053,0.09494377672672272,0.49302496910095217,0.0,0.002559852786362171,0.4809060573577881,0.0,0.06263012439012527,0.4660320281982422,0.0,0.0012987487716600299,0.4296125888824463,0.0,0.2634696364402771,0.4691275119781494,0.10616041819254557,0.6275018453598022,0.36929337978363036,0.07331530253092448,0.7620787620544434,0.5778777599334717,0.187920347849528,0.8448575139045715,0.4829414367675781,0.12579580942789714,0.9595224857330322,0.7381674766540527,0.18742218017578124,0.8968738317489624,0.7069509506225586,0.13674109776814777,0.9603149890899658,0.41492385864257814,0.5579057057698568,0.9839972257614136,0.34215919971466063,0.5542635599772135,0.987756609916687,0.40561470985412595,0.8753326416015625,0.586452066898346,0.36049718856811525,0.878445053100586,0.6784536242485046,0.3914927005767822,1.0,0.03317850083112717,0.34417774677276614,1.0,0.03533860668540001
squat,0.46273016929626465,0.011801592508951823,0.10335636138916016,0.4654743194580078,0.0,0.004686642438173294,0.45159158706665037,0.0,0.04317837953567505,0.44495649337768556,0.0,0.003227240638807416,0.40874791145324707,0.0,0.11821810156106949,0.4540158748626709,0.07922522226969402,0.7208206057548523,0.3598208427429199,0.06002661387125651,0.6904779672622681,0.5720247268676758,0.15313227971394858,0.9184151291847229,0.4703713893890381,0.1314040501912435,0.9448615908622742,0.7309091567993165,0.16986192067464193,0.9412473440170288,0.6941660881042481,0.1620931625366211,0.950767993927002,0.4069820404052734,0.54468994140625,0.9903214573860168,0.3387519359588623,0.5455922444661458,0.9892833232879639,0.3750019073486328,0.8682290395100911,0.757986307144165,0.3365315914154053,0.8892311096191406,0.7655523419380188,0.3468564510345459,0.9879063288370769,0.0704781636595726,0.3136589765548706,1.0,0.06026216596364975
squat,0.45900282859802244,0.010882822672526042,0.1559143364429474,0.4613925933837891,0.0,0.007243965286761522,0.44628047943115234,0.0,0.07316591590642929,0.4391746520996094,0.0,0.0035235004033893347,0.3988176345825195,0.0,0.15732049942016602,0.4457514762878418,0.07989066441853841,0.7336198687553406,0.35802254676818845,0.061133225758870445,0.6958725452423096,0.5715639114379882,0.16073083877563477,0.9066362977027893,0.4887241840362549,0.13628549575805665,0.9393227696418762,0.7301843643188477,0.17239185969034831,0.9332098960876465,0.708890151977539,0.15764315923055014,0.9464085102081299,0.40667037963867186,0.5453222910563151,0.9873950481414795,0.34124791622161865,0.5468103408813476,0.985980212688446,0.38959364891052245,0.8779680887858073,0.6955694556236267,0.3492915153503418,0.8978759765625,0.7072558403015137,0.362880802154541,0.9918098449707031,0.052669841796159744,0.32043321132659913,1.0,0.04550299048423767
squat,0.46741509437561035,0.0,0.06157004088163376,0.46787052154541015,0.0,0.0017233914695680141,0.4568727970123291,0.0,0.040891002863645554,0.44266862869262696,0.0,0.0012739604571834207,0.4086734771728516,0.0,0.22526569664478302,0.44595813751220703,0.10846570332845053,0.5534908771514893,0.3681803703308105,0.07040497461954752,0.7891232967376709,0.5707189559936523,0.1904051144917806,0.7911489605903625,0.5277977466583252,0.0921849250793457,0.9702185988426208,0.7262588024139405,0.1776246388753255,0.8610477447509766,0.7119474411010742,0.07565422058105468,0.962268590927124,0.4054983139038086,0.5531745910644531,0.9894533157348633,0.3467214107513428,0.5473832448323568,0.9936884045600891,0.3765802621841431,0.8734542846679687,0.7739476561546326,0.35612127780914304,0.8881208419799804,0.8720282912254333,0.36138556003570554,1.0,0.08696150034666061,0.3443937063217163,1.0,0.11169184744358063
squat,0.4419997215270996,0.011045583089192708,0.16544340550899506,0.4432102680206299,0.0,0.008875468745827675,0.4292913436889648,0.0,0.07808949053287506,0.4209339141845703,0.0,0.00458185188472271,0.38561043739318845,0.0,0.160503551363945,0.4317156314849854,0.0890663464864095,0.720942497253418,0.3564167022705078,0.07094125747680664,0.6752040386199951,0.5660670757293701,0.16535590489705404,0.8805933594703674,0.4939115524291992,0.1308657964070638,0.9230607151985168,0.7187398433685303,0.1762491226196289,0.9165956377983093,0.7054736137390136,0.1493707021077474,0.9341216087341309,0.4023998737335205,0.5503245671590169,0.9851394295692444,0.34657673835754393,0.5522013346354167,0.9838416576385498,0.3800666809082031,0.876666005452474,0.719946026802063,0.35972607135772705,0.8976272583007813,0.7378284931182861,0.36330270767211914,0.9993807474772135,0.06938076764345169,0.3403571128845215,1.0,0.06268878281116486
squat,0.4427004814147949,0.011295890808105469,0.16163183748722076,0.4438007354736328,0.0,0.0085902763530612,0.43035073280334474,0.0,0.07511018961668015,0.42049236297607423,0.0,0.004565147217363119,0.38617854118347167,0.0,0.1602485477924347,0.43065609931945803,0.09658695856730143,0.7248864769935608,0.3535271644592285,0.07767747243245443,0.6663989424705505,0.5677142143249512,0.16861839294433595,0.8882277011871338,0.49045519828796386,0.12805773417154948,0.9227526783943176,0.7234384059906006,0.1735801378885905,0.9253348112106323,0.7137893199920654,0.1324742635091146,0.9374656081199646,0.40491542816162107,0.5460741678873698,0.9833999276161194,0.3482919216156006,0.549969736735026,0.9812471270561218,0.38877837657928466,0.872560183207194,0.6845701932907104,0.3666630983352661,0.8984423319498698,0.6965028643608093,0.3786226749420166,0.9962631225585937,0.05485036224126816,0.35168166160583497,1.0,0.04855837672948837
squat,0.45283203125,0.0048899014790852865,0.21058346331119537,0.4572150230407715,0.0,0.011569703929126263,0.4377725601196289,0.0,0.1101146936416626,0.44027185440063477,0.0,0.005844688508659601,0.3929283618927002,0.0,0.2137751281261444,0.4426615238189697,0.08864822387695312,0.7537906169891357,0.3565126895904541,0.06319192250569662,0.7366498708724976,0.5566420078277587,0.17400182088216146,0.8832351565361023,0.4784637451171875,0.12133684158325195,0.9341379404067993,0.7243585109710693,0.17727540334065756,0.9248053431510925,0.7137907028198243,0.14863392512003581,0.9456725120544434,0.4043468475341797,0.5373071670532227,0.9832217693328857,0.34220294952392577,0.5400175094604492,0.9825351238250732,0.3986515045166016,0.8480763753255208,0.7336148619651794,0.3781956911087036,0.8690568288167317,0.7602779865264893,0.38821940422058104,0.9908721923828125,0.07672403752803802,0.3699547529220581,1.0,0.0720069408416748
squat,0.48276963233947756,0.0,0.17304733395576477,0.48613553047180175,0.0,0.00548814469948411,0.46349339485168456,0.0,0.12838895618915558,0.47100186347961426,0.0,0.0018290970474481583,0.4099024772644043,0.0,0.3358602523803711,0.4693556785583496,0.12317412694295247,0.6136537790298462,0.3660673856735229,0.08312196731567383,0.7726320028305054,0.5720030784606933,0.21764639218648274,0.7915037870407104,0.49884834289550783,0.12369759877522786,0.9563850164413452,0.7298746585845948,0.18697398503621418,0.8760513067245483,0.7106414318084717,0.12294047673543294,0.9610027074813843,0.40748114585876466,0.5706096649169922,0.972652018070221,0.3313963174819946,0.5664936065673828,0.9810489416122437,0.4317692756652832,0.8947059631347656,0.4645647704601288,0.39801840782165526,0.8954990386962891,0.6055565476417542,0.4285780906677246,1.0,0.0213388092815876,0.3909425735473633,1.0,0.02606675960123539
squat,0.49591975212097167,0.018931007385253905,0.24045154452323914,0.4980912685394287,0.0,0.007981237024068832,0.48488583564758303,0.0,0.2488061785697937,0.46773581504821776,0.0036847750345865887,0.0021862522698938847,0.4364499568939209,0.0,0.5267444849014282,0.4576744079589844,0.136616055170695,0.5150816440582275,0.3754035472869873,0.10463377634684244,0.7015225887298584,0.5636156082153321,0.23213000297546388,0.5528885722160339,0.5186570644378662,0.1937444527943929,0.8884028792381287,0.7262478828430176,0.18850911458333333,0.6611130237579346,0.7315383911132812,0.18003004391988117,0.8805017471313477,0.38568389415740967,0.6701531092325846,0.8829845786094666,0.3227674961090088,0.6653870900472005,0.9158858060836792,0.44170942306518557,0.9141323089599609,0.20814557373523712,0.4060369491577148,0.8907569249471029,0.3147395849227905,0.4438995361328125,1.0,0.015299931168556213,0.4124244213104248,1.0,0.018418075516819954
squat,0.477532958984375,0.04605461756388347,0.11504527181386948,0.48369369506835935,0.026587963104248047,0.006675223354250193,0.4687020301818848,0.023693370819091796,0.06280817836523056,0.4697274208068848,0.046462059020996094,0.008371150121092796,0.44424142837524416,0.04021720886230469,0.20583407580852509,0.47574915885925295,0.1884499231974284,0.6483280658721924,0.3919375896453857,0.18594865798950194,0.7187982201576233,0.5761179447174072,0.25799970626831054,0.7812989354133606,0.5348533153533935,0.2876702626546224,0.9167010188102722,0.730960750579834,0.24893385569254559,0.8115271925926208,0.7528700828552246,0.26930885314941405,0.8955252766609192,0.40018596649169924,0.7146122614542644,0.9349589943885803,0.3344998359680176,0.7201788584391277,0.9411798715591431,0.4769951820373535,0.8806940714518229,0.30141395330429077,0.4212667942047119,0.8587931315104167,0.3790563642978668,0.49330596923828124,1.0,0.02826312556862831,0.44595847129821775,0.9614610036214193,0.031072948127985
squat,0.49235334396362307,0.09739141464233399,0.8547727465629578,0.4948398590087891,0.07848695119222006,0.2669652998447418,0.4809117317199707,0.07539434432983398,0.8960810303688049,0.4658113956451416,0.09896815617879232,0.03865852952003479,0.4377471446990967,0.09256633122762044,0.9165058732032776,0.459613561630249,0.2473227024078369,0.8869286179542542,0.3838688373565674,0.253346045811971,0.9132298827171326,0.585306453704834,0.34619019826253256,0.5215275287628174,0.5147568702697753,0.3726497650146484,0.7436449527740479,0.6678654193878174,0.30888036092122395,0.3923599421977997,0.67062349319458,0.2968416213989258,0.571499764919281,0.3890799045562744,0.6969622294108073,0.891834020614624,0.33640384674072266,0.7080450057983398,0.8926093578338623,0.48020381927490235,0.8969828923543294,0.37720346450805664,0.45375967025756836,0.8966368357340495,0.4354473352432251,0.5096538543701172,0.9919292449951171,0.08495967090129852,0.49571709632873534,0.9688409805297852,0.08508346974849701
squat,0.48838233947753906,0.17797762552897137,0.949026882648468,0.5015088081359863,0.15078875223795574,0.7695051431655884,0.46790366172790526,0.14880043665568035,0.9203308820724487,0.5077592372894287,0.1679247538248698,0.24211660027503967,0.4234145641326904,0.17032629648844402,0.7111260294914246,0.5659416198730469,0.33141794204711916,0.9447574615478516,0.3563337564468384,0.3743558883666992,0.9410730004310608,0.6899715423583984,0.4977881113688151,0.6350610852241516,0.3260702848434448,0.6489356358846029,0.5774242281913757,0.5296432495117187,0.3628897984822591,0.5501804947853088,0.31764445304870603,0.6994051615397135,0.4432191252708435,0.48740239143371583,0.8316651026407877,0.45500367879867554,0.36262762546539307,0.8370564142862956,0.4144762456417084,0.48554353713989257,0.8874366760253907,0.029392709955573082,0.4290339946746826,0.8617453893025716,0.024389004334807396,0.41269855499267577,0.9454966227213542,0.004955078940838575,0.5049913406372071,0.8861742655436198,0.0040901885367929935
squat,0.4876392841339111,0.24895858764648438,0.9867293834686279,0.5053791046142578,0.22779776255289713,0.9037914276123047,0.46465673446655276,0.22366113662719728,0.9802107214927673,0.5213537216186523,0.25372158686319984,0.336404412984848,0.42387189865112307,0.24705142974853517,0.9165130853652954,0.5466869831085205,0.41337064107259114,0.981992244720459,0.3627617835998535,0.41785993576049807,0.9904223680496216,0.6605659008026123,0.5932268778483073,0.8059049248695374,0.33840432167053225,0.6605965932210286,0.9083835482597351,0.7312841415405273,0.5673424402872721,0.6562067866325378,0.3138852119445801,0.7829999923706055,0.7622115612030029,0.4668968677520752,0.8281370798746744,0.768051266670227,0.3606518983840942,0.834488042195638,0.7971674203872681,0.5329337120056152,0.9068228403727213,0.0897153690457344,0.48821220397949217,0.8874409993489584,0.12465469539165497,0.4942619323730469,0.9888139088948568,0.011027145199477673,0.5526491165161133,0.9532114664713541,0.013411814346909523
squat,0.49150404930114744,0.3586781819661458,0.9702546000480652,0.5060104846954345,0.330301030476888,0.8510888814926147,0.46559972763061525,0.32549708684285483,0.947919487953186,0.5228329181671143,0.3408841451009115,0.27298620343208313,0.4220745086669922,0.33697099685668946,0.7618968486785889,0.585538673400879,0.5090703964233398,0.9179075956344604,0.39269413948059084,0.520871353149414,0.9744447469711304,0.6894383907318116,0.7342255910237631,0.4298596978187561,0.36027774810791013,0.7924116770426433,0.8084708452224731,0.6950441837310791,0.7097241083780924,0.4067917764186859,0.31134395599365233,0.8612287521362305,0.684838056564331,0.5621414184570312,0.9139918009440104,0.21474620699882507,0.45349392890930174,0.9089199066162109,0.33249709010124207,0.5201498985290527,0.8580528259277344,0.03252781182527542,0.4747310638427734,0.8175095240275065,0.060137972235679626,0.39625570774078367,0.9453810373942058,0.011011197231709957,0.4886220932006836,0.8778542200724284,0.01692931167781353
squat,0.4906651496887207,0.4118123372395833,0.9888018369674683,0.50547776222229,0.38589954376220703,0.9368900656700134,0.4685701847076416,0.3869106928507487,0.9640820622444153,0.5181796073913574,0.4010461807250977,0.444222629070282,0.42870430946350097,0.4039176940917969,0.7861908674240112,0.5222739219665528,0.5344381332397461,0.9923586249351501,0.39941868782043455,0.5718269348144531,0.979397714138031,0.6261151790618896,0.6624520619710287,0.9524675011634827,0.3978258609771729,0.7801025390625,0.8348748683929443,0.733735466003418,0.6612571080525717,0.935318112373352,0.40384716987609864,0.7673515955607096,0.8486402630805969,0.4840677261352539,0.8439220428466797,0.8153325915336609,0.4232805252075195,0.8688692728678385,0.6972718238830566,0.4940351486206055,0.7321674982706706,0.5310649275779724,0.5200111389160156,0.7625617980957031,0.4074825942516327,0.42800045013427734,0.9027563730875651,0.1990157663822174,0.5693663120269775,0.9227036794026693,0.14401118457317352
squat,0.4974996566772461,0.4679669698079427,0.992195725440979,0.5132637977600097,0.44398314158121743,0.8633995056152344,0.4745322704315186,0.4408203760782878,0.9912659525871277,0.5179873466491699,0.45353787740071616,0.1690748929977417,0.42444653511047364,0.4501723607381185,0.9672556519508362,0.4828785419464111,0.5634044647216797,0.9879580736160278,0.3875511646270752,0.5828532536824544,0.9885641932487488,0.584303331375122,0.6691210428873698,0.928835928440094,0.5474822044372558,0.7658969243367513,0.96840500831604,0.7407270431518554,0.7546974817911783,0.9124937653541565,0.7525676727294922,0.8906919479370117,0.9486796855926514,0.393372631072998,0.9204869588216146,0.8777683973312378,0.3197772979736328,0.9488987604777018,0.8615753650665283,0.6136826992034912,0.835653813680013,0.37451666593551636,0.5463274478912353,0.8594893137613933,0.4451059401035309,0.5969964504241944,0.9558759053548177,0.12621082365512848,0.5627900123596191,0.9735657374064127,0.13222719728946686
squat,0.4982305526733398,0.48792851765950523,0.9937863349914551,0.5137278079986572,0.4662798881530762,0.8627803325653076,0.47606329917907714,0.46222063700358074,0.9946349859237671,0.5171619415283203,0.48268585205078124,0.1112339049577713,0.4224656105041504,0.4763084729512533,0.9780725240707397,0.48067078590393064,0.5893669128417969,0.9789506793022156,0.38445401191711426,0.6090428670247395,0.988375186920166,0.5894903182983399,0.675018310546875,0.8912292718887329,0.5374969005584717,0.7883013407389323,0.975739061832428,0.7315420150756836,0.7280165354410807,0.896452009677887,0.7380398750305176,0.8898874282836914,0.9674472212791443,0.3905073642730713,0.938683827718099,0.8169618248939514,0.31057884693145754,0.9653628031412761,0.841756284236908,0.6063384056091309,0.9283960978190104,0.18758940696716309,0.511910343170166,0.9630601247151692,0.2946469783782959,0.5865394115447998,1.0,0.03619936853647232,0.501538610458374,1.0,0.04418284818530083
squat,0.4934852123260498,0.46376495361328124,0.9850332140922546,0.5068058967590332,0.4399728775024414,0.8660458922386169,0.4756620407104492,0.4407284418741862,0.9742341637611389,0.5016636848449707,0.45136407216389973,0.2651626467704773,0.4278371810913086,0.4497299512227376,0.9084586501121521,0.47983179092407224,0.5727694193522136,0.9900914430618286,0.3728153228759766,0.5840894699096679,0.950437605381012,0.5897554874420166,0.7146085103352865,0.9191956520080566,0.5234514236450195,0.780627695719401,0.6768140196800232,0.765085506439209,0.7987661361694336,0.8667848706245422,0.738069725036621,0.8967047373453776,0.6086810827255249,0.39801950454711915,0.8895095189412435,0.698161780834198,0.33353068828582766,0.9120386759440104,0.451993465423584,0.49860610961914065,0.6728218714396159,0.6177562475204468,0.4922176361083984,0.6727929433186849,0.4214140772819519,0.5617871761322022,0.91116943359375,0.5351077318191528,0.6368141651153565,0.8823753356933594,0.3843057453632355
squat,0.5003023624420166,0.3908599217732747,0.9884076714515686,0.5095058441162109,0.3717881520589193,0.9011315107345581,0.47795791625976564,0.36699905395507815,0.9646575450897217,0.5118480205535889,0.396899159749349,0.2860157787799835,0.43318634033203124,0.39394620259602864,0.8214641809463501,0.5275994777679444,0.5378145217895508,0.9935641884803772,0.40590667724609375,0.5794862111409506,0.9835523962974548,0.6652137756347656,0.6711947123209635,0.9486644268035889,0.3947290420532227,0.8373673756917318,0.8555947542190552,0.7533570289611816,0.6341735204060872,0.9053745865821838,0.30221097469329833,0.8721109390258789,0.8206735253334045,0.4671511650085449,0.9183437347412109,0.7886202335357666,0.4109482765197754,0.9322309494018555,0.6748831868171692,0.487944221496582,0.8085802078247071,0.3858194649219513,0.540707015991211,0.8047884623209636,0.2963942587375641,0.34653310775756835,0.9562014261881511,0.10616523772478104,0.539732551574707,0.933857282002767,0.07881838828325272
squat,0.5062437534332276,0.33716939290364584,0.982853889465332,0.5113584995269775,0.31302270889282224,0.8376009464263916,0.4839028358459473,0.31342372894287107,0.9737937450408936,0.5066935539245605,0.3273413340250651,0.20300357043743134,0.4439213752746582,0.33668158849080404,0.9307193756103516,0.5112840175628662,0.46485716501871743,0.9888556599617004,0.4020390510559082,0.5090366999308268,0.9880527257919312,0.6257848739624023,0.6160504659016927,0.910116970539093,0.38635892868041993,0.7585838953653972,0.9320869445800781,0.7405430793762207,0.5751256306966146,0.8623521327972412,0.5041148662567139,0.6002670288085937,0.9204198718070984,0.4450490951538086,0.8349841435750326,0.9201186895370483,0.3837939500808716,0.8640106836954753,0.9058473110198975,0.5392570495605469,0.899661636352539,0.5028716325759888,0.5552177906036377,0.9394310633341472,0.5515841841697693,0.3782074213027954,0.9468711853027344,0.10519219189882278,0.4836599349975586,0.956954828898112,0.10330235958099365
squat,0.5026813507080078,0.2878651301066081,0.9586976170539856,0.5126441955566406,0.26723578770955403,0.699051558971405,0.48648691177368164,0.2635242462158203,0.887228786945343,0.5167146682739258,0.2818229039510091,0.25735044479370117,0.4562835216522217,0.2790058453877767,0.7663539052009583,0.5428859710693359,0.4254579544067383,0.9918305277824402,0.3985766887664795,0.45167449315388997,0.9878854751586914,0.6742490291595459,0.5974779764811198,0.9529651403427124,0.3750238656997681,0.7095403671264648,0.9266200661659241,0.7512245655059815,0.5878870646158855,0.8848936557769775,0.28748931884765627,0.7786507924397786,0.8414602279663086,0.450485897064209,0.8421682357788086,0.8983996510505676,0.3763681650161743,0.8515267690022786,0.8646544814109802,0.5189701557159424,0.9075284957885742,0.21659445762634277,0.5355401992797851,0.8841101328531901,0.1979086846113205,0.4476622581481934,1.0,0.01820715330541134,0.5705132961273194,0.9631588617960612,0.016353201121091843
squat,0.5109803676605225,0.22181679407755533,0.9559987783432007,0.5157510280609131,0.2023453712463379,0.6021336317062378,0.49652276039123533,0.19800869623819986,0.9297146797180176,0.5016726970672607,0.22494208017985026,0.10097707808017731,0.4550159454345703,0.21874640782674154,0.8797102570533752,0.5152988433837891,0.3813748995463053,0.9869617223739624,0.3843636751174927,0.39412555694580076,0.9607937932014465,0.6934102535247803,0.5396695454915365,0.9150764346122742,0.4202403545379639,0.6332931518554688,0.7923201322555542,0.7634883880615234,0.5124620755513509,0.8060712218284607,0.4520482063293457,0.7021348317464192,0.6799766421318054,0.4015629291534424,0.8085475921630859,0.897314190864563,0.32485671043395997,0.8189028422037761,0.8157367706298828,0.5292098045349121,0.9344170252482097,0.23650126159191132,0.5172989845275879,0.9352162043253581,0.1805356740951538,0.49549050331115724,0.9786212921142579,0.026303838938474655,0.5382221221923829,0.9636082967122396,0.018525024875998497
squat,0.49964447021484376,0.16531384785970052,0.9728667736053467,0.5095362186431884,0.1462495485941569,0.8388878107070923,0.4812915802001953,0.145542844136556,0.9725589752197266,0.5086429119110107,0.1663331667582194,0.2632545530796051,0.4405669689178467,0.1660916010538737,0.9230468273162842,0.5291072368621826,0.31418437957763673,0.9770851135253906,0.38542628288269043,0.31356468200683596,0.9534319639205933,0.6649942398071289,0.4553424199422201,0.7364311814308167,0.49386305809020997,0.47333304087320965,0.6594869494438171,0.7192928314208984,0.42490049997965496,0.5045443177223206,0.6384757041931153,0.43450050354003905,0.43633973598480225,0.427919864654541,0.7427590052286784,0.9145041704177856,0.3370648384094238,0.745441182454427,0.8675627112388611,0.5186420917510987,0.936816660563151,0.3748154640197754,0.48990187644958494,0.9162815093994141,0.34083008766174316,0.5141992568969727,1.0,0.07667683064937592,0.5516689777374267,0.9627295811971028,0.06352203339338303
squat,0.4908891677856445,0.10358168284098307,0.8265553116798401,0.4979569911956787,0.08791774113972982,0.3367915153503418,0.47902464866638184,0.08474725087483724,0.8313937187194824,0.48336029052734375,0.11555697123209635,0.11490868777036667,0.4483362674713135,0.1086276372273763,0.855912983417511,0.4804694175720215,0.26935164133707684,0.9172303080558777,0.4010921478271484,0.26002262433369955,0.9110696315765381,0.5912312984466552,0.35393155415852867,0.636348307132721,0.5518258571624756,0.35281359354654945,0.7449658513069153,0.689515495300293,0.3444332758585612,0.4676125943660736,0.7082747459411621,0.35077552795410155,0.5322984457015991,0.3881786823272705,0.695049540201823,0.9215996265411377,0.33391785621643066,0.6970590591430664,0.9095156192779541,0.4811069488525391,0.9213368733723958,0.37301144003868103,0.46176900863647463,0.9003835042317708,0.40181592106819153,0.5214596271514893,1.0,0.06445416063070297,0.5135355949401855,0.9849376042683919,0.06218412145972252
squat,0.48929996490478517,0.05975071589152018,0.6273804306983948,0.4997419834136963,0.03460397720336914,0.13082359731197357,0.46700410842895507,0.03858957290649414,0.5268703103065491,0.5020261287689209,0.053658644358317055,0.04850229620933533,0.42947564125061033,0.0653925895690918,0.528143048286438,0.5042970180511475,0.2004077434539795,0.8413640260696411,0.4071537971496582,0.2015833377838135,0.8462176322937012,0.5887590408325195,0.2787869135538737,0.7619799375534058,0.5481250762939454,0.29021358489990234,0.8791587948799133,0.7294050693511963,0.26545751889546715,0.7525892853736877,0.7324918746948242,0.27875289916992185,0.8325878381729126,0.4198115825653076,0.6467293421427409,0.946152925491333,0.3465112209320068,0.6514009475708008,0.94682377576828,0.47524709701538087,0.9288663228352865,0.3353460133075714,0.43199825286865234,0.9176503499348958,0.39653658866882324,0.4659597396850586,1.0,0.02625013142824173,0.4201638221740723,0.9865917205810547,0.0272967666387558
squat,0.47505965232849123,0.024469757080078126,0.06843151152133942,0.4853978633880615,0.003537559509277344,0.006806531921029091,0.46361942291259767,0.0,0.034962669014930725,0.4747771263122559,0.008097553253173828,0.013892361894249916,0.42985124588012696,0.002213255564371745,0.11082218587398529,0.45841827392578127,0.12434829076131185,0.6635097861289978,0.3963148593902588,0.12857081095377604,0.56396484375,0.551018238067627,0.21869155565897624,0.8023808598518372,0.5288618564605713,0.2390700658162435,0.8081645369529724,0.714668607711792,0.19938233693440754,0.7876145243644714,0.7243951797485352,0.21647634506225585,0.7476639747619629,0.40690007209777834,0.5850191752115885,0.9770362973213196,0.3567348480224609,0.6010670979817708,0.9684417843818665,0.45513367652893066,0.885662587483724,0.650777280330658,0.4366635322570801,0.9239087422688802,0.6294326782226562,0.44820575714111327,0.9640266418457031,0.08358869701623917,0.4341142177581787,1.0,0.06638945639133453
squat,0.4697993755340576,0.015325673421223958,0.06710653752088547,0.47974424362182616,0.0,0.0032968753948807716,0.45053701400756835,0.0,0.044302549213171005,0.4714695930480957,0.0,0.0035646508913487196,0.406020450592041,0.0,0.1342315375804901,0.4582660675048828,0.10162169138590495,0.35338541865348816,0.3867624282836914,0.0914396603902181,0.651332676410675,0.5452538967132569,0.16780576705932618,0.6161122918128967,0.5066766262054443,0.13678293228149413,0.9409055709838867,0.7323371887207031,0.18370968500773113,0.7876437306404114,0.7280900955200196,0.15764789581298827,0.941900908946991,0.4116985321044922,0.5557331085205078,0.9647447466850281,0.3580357551574707,0.5644725799560547,0.9800933003425598,0.39463052749633787,0.8736692428588867,0.5751108527183533,0.3882457256317139,0.9072087605794271,0.7414694428443909,0.3686047077178955,0.9762013117472331,0.05259671062231064,0.36926984786987305,1.0,0.07042495161294937
squat,0.49749388694763186,0.007376670837402344,0.011622811667621136,0.5019192218780517,0.0,0.0003707529103849083,0.48534297943115234,0.0,0.008935597725212574,0.4690741539001465,0.0,0.0011031400645151734,0.4379007339477539,0.0,0.09016840904951096,0.4380803108215332,0.04518318176269531,0.22216501832008362,0.40202670097351073,0.03721669514973958,0.43246132135391235,0.5174924850463867,0.13209269841512045,0.5678482055664062,0.5020052433013916,0.12085593541463216,0.8989445567131042,0.7166437149047852,0.15942605336507162,0.743802011013031,0.7145561218261719,0.17082522710164388,0.8987314105033875,0.37828903198242186,0.48867495854695636,0.9593300223350525,0.3496851444244385,0.4952371597290039,0.9720855951309204,0.35860476493835447,0.8517332712809245,0.6177384257316589,0.374817419052124,0.8780567804972331,0.7216302156448364,0.33492920398712156,0.9893774668375651,0.05380617454648018,0.3486532688140869,1.0,0.05854377895593643
squat,0.44998726844787595,0.004082298278808594,0.028735795989632607,0.44646224975585935,0.0,0.0007933008018881083,0.44163832664489744,0.0,0.021394511684775352,0.40414958000183104,0.0,0.0013060946948826313,0.40028085708618166,0.0,0.165326327085495,0.3962080001831055,0.060775502522786455,0.31243303418159485,0.3821709394454956,0.04867715835571289,0.6104750633239746,0.5280585289001465,0.14784889221191405,0.5956108570098877,0.5268647193908691,0.12285505930582682,0.9433844089508057,0.7052730560302735,0.1684446970621745,0.7429947853088379,0.7084325313568115,0.1532388687133789,0.9344934225082397,0.36815633773803713,0.5306018829345703,0.9668830633163452,0.35154061317443847,0.5324440002441406,0.9817878007888794,0.3502864599227905,0.8771568934122721,0.5808053016662598,0.36101770401000977,0.8969252268473308,0.746401846408844,0.3316730260848999,0.9922988255818684,0.0460401251912117,0.32060694694519043,1.0,0.061387818306684494
squat,0.4383594512939453,0.0,0.02037019096314907,0.4355481624603271,0.0,0.000734886561986059,0.42880640029907224,0.0,0.013179892674088478,0.4099139213562012,0.0,0.0009394058142788708,0.39024374485015867,0.0,0.10425210744142532,0.43013529777526854,0.10157330830891927,0.30846670269966125,0.3611562490463257,0.07691303888956706,0.5661584138870239,0.5625489711761474,0.15691994031270345,0.6358329057693481,0.5227604866027832,0.10043500264485677,0.9396650791168213,0.7054641723632813,0.14832286834716796,0.7279525399208069,0.697731351852417,0.09042186737060547,0.9219570755958557,0.4003750801086426,0.578236707051595,0.9814609885215759,0.34601378440856934,0.5721906661987305,0.9893426895141602,0.3634798526763916,0.9176873524983724,0.621206521987915,0.3388503074645996,0.9186084747314454,0.7729560136795044,0.33920865058898925,1.0,0.051237523555755615,0.3115121603012085,1.0,0.06915637850761414
squat,0.4337815761566162,0.0,0.028675545006990433,0.4320076942443848,0.0,0.0010127529967576265,0.42278294563293456,0.0,0.017320990562438965,0.40993695259094237,0.0,0.0010523800738155842,0.3826017379760742,0.0,0.11078502237796783,0.4288398265838623,0.10202789306640625,0.379957377910614,0.35743615627288816,0.07738227844238281,0.6449692249298096,0.5540266036987305,0.16516245206197103,0.7268660068511963,0.5210111618041993,0.10574563344319661,0.9587767124176025,0.6885674476623536,0.14374443689982097,0.8021407723426819,0.6840251922607422,0.0908958117167155,0.9483484029769897,0.41263160705566404,0.5683310190836589,0.9873130917549133,0.35341408252716067,0.564799435933431,0.9927984476089478,0.39900221824646,0.8957738240559896,0.6995590329170227,0.34997360706329345,0.9007139841715495,0.8308107256889343,0.3923471927642822,1.0,0.06880021095275879,0.32609374523162843,1.0,0.0941380113363266
squat,0.4267141342163086,0.0,0.029719475656747818,0.4257838726043701,0.0,0.0011339513584971428,0.415251350402832,0.0,0.014959650114178658,0.40834765434265136,0.0,0.001430134172551334,0.3780838489532471,0.0,0.0951259508728981,0.4340719223022461,0.10311508178710938,0.4832674264907837,0.3505840301513672,0.07422351837158203,0.699614942073822,0.5549956798553467,0.16539023717244467,0.8035458922386169,0.5039917945861816,0.08799498875935872,0.966073215007782,0.6953477382659912,0.14791809717814128,0.8627851605415344,0.6832112312316895,0.07054007848103841,0.9591172337532043,0.4159853935241699,0.5617291768391927,0.9906119704246521,0.35312323570251464,0.5569318135579427,0.9942463040351868,0.3849909782409668,0.8811527252197265,0.7717433571815491,0.3579711437225342,0.8822549184163412,0.8686702847480774,0.3718250751495361,1.0,0.08910325914621353,0.3485005617141724,1.0,0.11812317371368408
squat,0.4285456657409668,0.0,0.04626203700900078,0.42966880798339846,0.0,0.0018031182698905468,0.4143671035766602,0.0,0.027047784999012947,0.41350736618041994,0.0,0.0016825812635943294,0.37131600379943847,0.0,0.1329248547554016,0.4291822910308838,0.10011107126871745,0.47340211272239685,0.3488269329071045,0.07173121770222982,0.6983468532562256,0.5388135433197021,0.16903533935546874,0.7599776983261108,0.5039483070373535,0.0920198122660319,0.9584929943084717,0.6872742652893067,0.14976819356282553,0.8358871936798096,0.6817844390869141,0.07665548324584961,0.9523794651031494,0.4168734550476074,0.5603892008463541,0.9859731197357178,0.35510754585266113,0.5577285766601563,0.9914793372154236,0.3971326112747192,0.8891384124755859,0.6937132477760315,0.3709449052810669,0.8928061167399088,0.8159690499305725,0.38312854766845705,1.0,0.06253902614116669,0.3610595464706421,1.0,0.08330561220645905
squat,0.4360664844512939,0.0,0.025373786687850952,0.43358821868896485,0.0,0.0007362148608081043,0.42687292098999025,0.0,0.014870703220367432,0.40912437438964844,0.0,0.0008602364687249064,0.38564975261688234,0.0,0.12078206241130829,0.4298079967498779,0.09982166290283204,0.45157474279403687,0.34998383522033694,0.06720377604166666,0.7354400157928467,0.5499975204467773,0.17152239481608073,0.7857738137245178,0.49933485984802245,0.08629124959309896,0.9736541509628296,0.685836935043335,0.15261243184407552,0.8568018674850464,0.6770663261413574,0.06068744659423828,0.967769980430603,0.4194362640380859,0.5509234110514323,0.9910176992416382,0.35988173484802244,0.5464835484822591,0.9951701760292053,0.3938606739044189,0.8840035756429037,0.7802955508232117,0.369091796875,0.8885323842366536,0.8864771127700806,0.3785722732543945,1.0,0.08772361278533936,0.3601784944534302,1.0,0.12363378703594208
squat,0.43782949447631836,0.0016213099161783854,0.013969529420137405,0.4314509391784668,0.0,0.0004236532549839467,0.43122000694274903,0.0,0.009722909890115261,0.3948838710784912,0.0,0.0007868756074458361,0.39384212493896487,0.0,0.1260099858045578,0.4108581066131592,0.09305044809977213,0.31943032145500183,0.3669081211090088,0.07332706451416016,0.6242885589599609,0.5475979804992676,0.16026264826456707,0.6501004695892334,0.5312190532684327,0.10967950820922852,0.9543360471725464,0.6844994068145752,0.15096092224121094,0.747898519039154,0.6935447692871094,0.09688250223795573,0.9418329000473022,0.40554060935974123,0.5508038838704427,0.9835577607154846,0.36895730495452883,0.5511055628458659,0.991309642791748,0.3969141483306885,0.8788753509521484,0.7049770951271057,0.3836104393005371,0.8902445475260417,0.8452084064483643,0.38935122489929197,1.0,0.07707362622022629,0.36469857692718505,1.0,0.11027630418539047
squat,0.40142078399658204,0.026037025451660156,0.031944580376148224,0.39905505180358886,0.008614635467529297,0.0016841855831444263,0.39415037631988525,0.004466597239176432,0.017998408526182175,0.36427578926086424,0.0,0.0031734369695186615,0.3618630886077881,0.0,0.09474706649780273,0.3693977117538452,0.085266908009847,0.3202156126499176,0.364520001411438,0.08371219635009766,0.43032732605934143,0.5154640197753906,0.15247440338134766,0.5972273945808411,0.5352875232696533,0.15466181437174478,0.8671549558639526,0.6814849853515625,0.1567649523417155,0.709138035774231,0.6948925971984863,0.15435619354248048,0.8685874342918396,0.38593568801879885,0.5651277542114258,0.9452394843101501,0.37258670330047605,0.5735215504964193,0.9587914347648621,0.4033965110778809,0.902576192220052,0.40736091136932373,0.3963829517364502,0.9192344665527343,0.5306373238563538,0.41231021881103513,0.9909905751546224,0.027386464178562164,0.3769814968109131,1.0,0.03301782160997391
squat,0.45591301918029786,0.0038359324137369794,0.03919777274131775,0.45405282974243166,0.0,0.002293204888701439,0.44900951385498045,0.0,0.038632795214653015,0.4194640636444092,0.0,0.00251808762550354,0.41499838829040525,0.0,0.18442218005657196,0.4124162673950195,0.093597412109375,0.19047406315803528,0.3821924924850464,0.08036244710286458,0.4276224970817566,0.48712615966796874,0.1611169179280599,0.3073647618293762,0.4710442066192627,0.1264101028442383,0.7682603001594543,0.6019937992095947,0.1672663688659668,0.40513545274734497,0.5997526168823242,0.11634718577067057,0.7429037690162659,0.3950214385986328,0.6065025329589844,0.8996877670288086,0.3687721014022827,0.6087055206298828,0.9394681453704834,0.40495028495788576,0.9003639221191406,0.3738647401332855,0.40413508415222166,0.9021567026774089,0.5317836999893188,0.39150586128234866,1.0,0.0463184118270874,0.3864107847213745,1.0,0.06003867834806442
squat,0.49050116539001465,0.0025095621744791667,0.1906583160161972,0.4944570541381836,0.0,0.009012349881231785,0.47208170890808104,0.0,0.13443626463413239,0.47870945930480957,0.0,0.003905791789293289,0.4255814075469971,0.0,0.32441383600234985,0.4845550537109375,0.14646307627360025,0.6172517538070679,0.39815213680267336,0.13008063634236652,0.7081114053726196,0.6273258209228516,0.2160748799641927,0.6928281188011169,0.5782108306884766,0.1942956288655599,0.8977503776550293,0.7408265113830567,0.16554810206095377,0.7535377144813538,0.7467827796936035,0.17953834533691407,0.8844202160835266,0.4043733596801758,0.6383074442545573,0.9322081208229065,0.34291701316833495,0.6355253219604492,0.9441624879837036,0.43090114593505857,0.9243487040201823,0.29582998156547546,0.4276450157165527,0.9184047063191731,0.4025585353374481,0.41925954818725586,1.0,0.01754465140402317,0.4336343765258789,1.0,0.020192408934235573
squat,0.4731635093688965,0.08447809219360351,0.02993229404091835,0.47216382026672366,0.03931163152058919,0.006964972708374262,0.45856633186340334,0.05065704981486003,0.007366466801613569,0.47185091972351073,0.025972811381022136,0.019444843754172325,0.4517115592956543,0.05235080718994141,0.041907887905836105,0.5425355911254883,0.21166890462239582,0.46105247735977173,0.4475895404815674,0.23839481671651205,0.22252611815929413,0.7072066307067871,0.30903072357177735,0.4854277968406677,0.5767402172088623,0.32455739974975584,0.22340111434459686,0.4880854606628418,0.21161556243896484,0.5246224999427795,0.501405906677246,0.17435789108276367,0.3093006908893585,0.4276087284088135,0.7238123575846355,0.6819003820419312,0.3760666847229004,0.71134033203125,0.5735863447189331,0.4215137481689453,0.8613887786865234,0.21537601947784424,0.40645132064819334,0.8284175872802735,0.17532910406589508,0.43940281867980957,0.9677001953125,0.041140247136354446,0.4748232841491699,0.9110749562581381,0.03407309204339981
squat,0.5142187118530274,0.11075442632039388,0.516051173210144,0.5121117115020752,0.08078346252441407,0.07458987087011337,0.4994912624359131,0.08248780568440756,0.49422863125801086,0.4793589115142822,0.11296749114990234,0.02389858476817608,0.4596059799194336,0.12127151489257812,0.7408732175827026,0.5294642448425293,0.3309906005859375,0.8643843531608582,0.36172971725463865,0.37304903666178385,0.8195098042488098,0.6662498474121094,0.4573216756184896,0.5372074246406555,0.4127193450927734,0.5866738001505534,0.4972548186779022,0.702954912185669,0.4114233016967773,0.42269840836524963,0.6193993568420411,0.45008980433146156,0.42734548449516296,0.4512625217437744,0.8158844629923503,0.5776641964912415,0.356688928604126,0.8331248601277669,0.4903782904148102,0.49635963439941405,0.9414883931477864,0.048822931945323944,0.4565178871154785,0.9037076314290364,0.03924041986465454,0.4893089771270752,0.9812273025512696,0.006357449572533369,0.5165094852447509,0.8597146987915039,0.004827787633985281
squat,0.511115837097168,0.2221821149190267,0.9065412878990173,0.51356201171875,0.19778483708699543,0.43961551785469055,0.4972100257873535,0.19556872049967447,0.8323354721069336,0.4919736862182617,0.2207763989766439,0.06650335341691971,0.4569800853729248,0.22008638381958007,0.7402592897415161,0.5057487487792969,0.39001623789469403,0.9594405889511108,0.38712506294250487,0.4207302093505859,0.9048089981079102,0.6408367156982422,0.546157709757487,0.8682260513305664,0.38367109298706054,0.6628332138061523,0.7044715285301208,0.7100136280059814,0.529174518585205,0.8379365801811218,0.45080838203430174,0.6279343922932943,0.7391765117645264,0.4229743003845215,0.8311347961425781,0.7170853018760681,0.35342206954956057,0.8477091471354167,0.5811336636543274,0.48656530380249025,0.8588036219278972,0.15484000742435455,0.45740270614624023,0.8686374664306641,0.10554278641939163,0.43083910942077636,0.9602209726969401,0.02277034893631935,0.4460286140441895,0.9367228190104167,0.014769024215638638
squat,0.5079687595367431,0.35561389923095704,0.6696572303771973,0.5173511981964112,0.3312124252319336,0.3295539915561676,0.48688702583312987,0.3276142438252767,0.32561159133911133,0.5327163696289062,0.36889495849609377,0.1739680916070938,0.46189494132995607,0.36674629847208656,0.2485843449831009,0.6171875476837159,0.5656305313110351,0.8913163542747498,0.41897969245910643,0.5951498031616211,0.9378294944763184,0.7064392566680908,0.7853164672851562,0.6710320711135864,0.364441442489624,0.8591688791910808,0.8145439624786377,0.733320665359497,0.7963265101114909,0.6909032464027405,0.44034852981567385,0.6352834701538086,0.8468376994132996,0.6273105144500732,0.9438523610432943,0.3523522615432739,0.5190572261810302,0.9498834609985352,0.4161072075366974,0.5597972869873047,0.8694555918375652,0.04186851903796196,0.5176285743713379,0.847302500406901,0.05897749587893486,0.3679653644561768,0.9294881820678711,0.0071561685763299465,0.4905515670776367,0.8524826685587565,0.0090505201369524
squat,0.5161487102508545,0.41140292485555013,0.980735719203949,0.5154650211334229,0.3950118700663249,0.5408249497413635,0.4962157249450684,0.3898116747538249,0.9844256639480591,0.49098801612854004,0.416360346476237,0.02841305360198021,0.4376643180847168,0.41459585825602213,0.9738141298294067,0.46031694412231444,0.5538950602213542,0.9658688902854919,0.39989638328552246,0.5526524861653646,0.972653329372406,0.5774947166442871,0.6659259796142578,0.8428716659545898,0.5320236682891846,0.7198694864908854,0.9548422694206238,0.7307676315307617,0.7535216649373372,0.8819200396537781,0.7334242820739746,0.8373321533203125,0.9604284763336182,0.35177226066589357,0.9108542760213216,0.7055572271347046,0.30393328666687014,0.9195824305216471,0.7126113176345825,0.5387557029724122,0.9163639704386394,0.13828645646572113,0.5200851440429688,0.9190024058024089,0.2016262710094452,0.4322671890258789,0.9982550938924154,0.023126911371946335,0.4202935218811035,0.9823152542114257,0.025273876264691353
squat,0.5132833003997803,0.4426243782043457,0.9828367233276367,0.51400785446167,0.4243076960245768,0.6105139851570129,0.4909824848175049,0.4227403958638509,0.9845920205116272,0.4955406188964844,0.4453620910644531,0.029833760112524033,0.4284523963928223,0.44902222951253257,0.9712745547294617,0.46973228454589844,0.5705477396647135,0.9768660664558411,0.3804925441741943,0.5828315734863281,0.9789769649505615,0.5959075450897217,0.6716915130615234,0.9113035202026367,0.5163779735565186,0.7380298614501953,0.9592635035514832,0.7538151741027832,0.7506526947021485,0.8935618996620178,0.7255681991577149,0.8207388559977213,0.9439643621444702,0.39315626621246336,0.9496838887532552,0.7909247279167175,0.3176880359649658,0.9730002085367838,0.7517684102058411,0.6161865711212158,0.9155755360921224,0.07648915797472,0.5204556465148926,0.9260781606038412,0.08637290447950363,0.6001887798309327,0.9871150970458984,0.011797227896749973,0.48981313705444335,0.9588248570760091,0.010695523582398891
squat,0.4986423969268799,0.4197030703226725,0.9417324662208557,0.4950084686279297,0.4036447842915853,0.25120729207992554,0.4782861709594727,0.4064086278279622,0.9552754163742065,0.47453670501708983,0.4303082148234049,0.012183579616248608,0.42711739540100097,0.4421810785929362,0.9581343531608582,0.4753176212310791,0.5623179753621419,0.9405813813209534,0.37833075523376464,0.5666844050089518,0.9695391654968262,0.6169371604919434,0.66365172068278,0.7942644953727722,0.5193458557128906,0.7097185770670573,0.9644402861595154,0.7518008708953857,0.6973265329996745,0.8150225281715393,0.7467434883117676,0.798107655843099,0.9533687829971313,0.3855952024459839,0.9198542277018229,0.6897678971290588,0.31269073486328125,0.9359651565551758,0.7416912913322449,0.5763617992401123,0.8812736511230469,0.0789589136838913,0.5204918861389161,0.8834766387939453,0.1411156803369522,0.5548945426940918,0.9612402598063151,0.014284122735261917,0.500670051574707,0.9297478993733724,0.018414264544844627
squat,0.4341392993927002,0.4203870137532552,0.8193886876106262,0.4397406578063965,0.38868363698323566,0.6076428294181824,0.4167287826538086,0.3966682434082031,0.5427104830741882,0.466554069519043,0.391146977742513,0.5150753259658813,0.4165623188018799,0.4203311920166016,0.22039492428302765,0.5905790328979492,0.5511995951334635,0.8763055205345154,0.4320713996887207,0.5990219116210938,0.9572082161903381,0.6767919063568115,0.74110902150472,0.46027225255966187,0.37523040771484373,0.8434992472330729,0.8486374616622925,0.5102000713348389,0.621767234802246,0.47541967034339905,0.2833988189697266,0.887225341796875,0.7350508570671082,0.5979033946990967,0.9543869018554687,0.2757008373737335,0.5105894565582275,0.9462368011474609,0.4706515073776245,0.4809997081756592,0.9012737909952799,0.037547990679740906,0.4648609638214111,0.8564255396525066,0.0787683054804802,0.33649721145629885,0.978655751546224,0.008862052112817764,0.43875656127929685,0.9059221267700195,0.015957849100232124
squat,0.4056568145751953,0.30507984161376955,0.6527289152145386,0.40776948928833007,0.27160987854003904,0.2984221875667572,0.39644498825073243,0.2740838368733724,0.4255099296569824,0.4059458255767822,0.26797539393107095,0.12858304381370544,0.38676702976226807,0.2784579594930013,0.3189442455768585,0.43037776947021483,0.41933930714925133,0.8101757168769836,0.36824951171875,0.48357181549072265,0.7607717514038086,0.5430868625640869,0.5451552073160807,0.5886828899383545,0.39558777809143064,0.7137421290079753,0.5094829797744751,0.4860971450805664,0.4386923789978027,0.6356737017631531,0.43147711753845214,0.5232206026713053,0.6348598599433899,0.3981574535369873,0.8291739145914714,0.4951961040496826,0.36008410453796386,0.8568761189778645,0.44231244921684265,0.48594160079956056,0.8994073867797852,0.0588909387588501,0.44808120727539064,0.932025146484375,0.06066443398594856,0.43183465003967286,0.9070835113525391,0.010407650843262672,0.41739282608032224,0.9212746302286784,0.009777623228728771
squat,0.399692177772522,0.22057739893595377,0.9440513253211975,0.4068747997283936,0.1998432159423828,0.7838665246963501,0.38397979736328125,0.20324522654215496,0.8979517817497253,0.4150946617126465,0.20262451171875,0.34908822178840637,0.3587445497512817,0.21344855626424153,0.7029383182525635,0.4450998306274414,0.3133350372314453,0.9570670127868652,0.3401066303253174,0.3315334637959798,0.9733973741531372,0.5059627532958985,0.4310360590616862,0.8215916752815247,0.32986347675323485,0.5162756601969402,0.8877670168876648,0.45238208770751953,0.3585918108622233,0.7369282841682434,0.29693021774291994,0.6515681584676106,0.7698214650154114,0.3959415674209595,0.6561183929443359,0.9032869338989258,0.3290198802947998,0.6533069610595703,0.9186248183250427,0.3499906539916992,0.802517318725586,0.3476063311100006,0.3132524013519287,0.7887365341186523,0.3793448507785797,0.329388427734375,0.8448719660441081,0.06784304231405258,0.3241408824920654,0.8186773300170899,0.0694926381111145
squat,0.4088791847229004,0.10358460744222005,0.6988455057144165,0.41062750816345217,0.08126436869303386,0.18030235171318054,0.38890886306762695,0.09108730951944986,0.44046738743782043,0.41158666610717776,0.10552590688069662,0.05781413987278938,0.3607947826385498,0.1336130142211914,0.3337602913379669,0.47806706428527834,0.23995687166849772,0.939685046672821,0.3161910057067871,0.28868185679117836,0.9006146192550659,0.6271198272705079,0.2679194132486979,0.9204486012458801,0.30057320594787595,0.44398800532023114,0.8997422456741333,0.7277921676635742,0.24122029940287273,0.8696380853652954,0.3124743938446045,0.5941064198811848,0.8504186868667603,0.4194361209869385,0.7080052693684896,0.9572749733924866,0.3148054122924805,0.7222243626912435,0.9498790502548218,0.44113936424255373,0.923092778523763,0.2546035647392273,0.35359830856323243,0.9000849405924479,0.23952263593673706,0.44008870124816896,0.9969313939412435,0.015306361019611359,0.35563364028930666,0.9233554840087891,0.013546070083975792
squat,0.39293880462646485,0.06961476008097331,0.8526151776313782,0.40137639045715334,0.04999224344889323,0.5861555933952332,0.37628493309020994,0.05358330408732096,0.7602665424346924,0.4099691390991211,0.06052665710449219,0.22779101133346558,0.3524577856063843,0.07061010996500651,0.5659924745559692,0.42319355010986326,0.1823325475056966,0.9344452023506165,0.32899272441864014,0.1979262669881185,0.9363742470741272,0.46855840682983396,0.31987492243448895,0.8175491690635681,0.33625638484954834,0.4030963897705078,0.8044238686561584,0.47360029220581057,0.26416355768839517,0.6476494669914246,0.32364113330841066,0.5183067321777344,0.6636375188827515,0.41156930923461915,0.5973275502522787,0.9805018305778503,0.3491819381713867,0.6102514902750651,0.9795541763305664,0.46312580108642576,0.8985141754150391,0.7392061352729797,0.4300209999084473,0.9102897644042969,0.7485007643699646,0.5007535457611084,1.0,0.17618456482887268,0.46602163314819334,1.0,0.17051005363464355
squat,0.4059754371643066,0.05384060541788737,0.13249175250530243,0.4182408809661865,0.02908916473388672,0.012900959700345993,0.39329137802124026,0.025334835052490234,0.041863683611154556,0.4193354606628418,0.024018160502115884,0.014627404510974884,0.3635826587677002,0.013876851399739583,0.06395084410905838,0.41614704132080077,0.12331819534301758,0.7064343690872192,0.35221233367919924,0.11094020207722982,0.5468708872795105,0.5265154838562012,0.1841312090555827,0.9036758542060852,0.5089595794677735,0.17699702580769858,0.8932044506072998,0.6970419406890869,0.17868995666503906,0.9358241558074951,0.7021959304809571,0.1834432284037272,0.9211347103118896,0.3879514217376709,0.5691736221313477,0.9777451157569885,0.3328983306884766,0.576448631286621,0.9701362252235413,0.4475153923034668,0.8640190760294596,0.5896671414375305,0.3889582395553589,0.8780618031819661,0.5828844904899597,0.4718052387237549,0.9513741811116536,0.04714857414364815,0.3908963203430176,0.9714022318522135,0.04157031327486038
squat,0.4171761035919189,0.0,0.043303098529577255,0.41760969161987305,0.0,0.0015750426100566983,0.4042081832885742,0.0,0.01912335678935051,0.40110006332397463,0.0,0.0019875424914062023,0.36414825916290283,0.0,0.12441010028123856,0.4160440921783447,0.10162817637125651,0.6764958500862122,0.3406014680862427,0.0695972760518392,0.7536501288414001,0.5338701248168946,0.19266985257466634,0.9079978466033936,0.5050506114959716,0.1038212776184082,0.9721090793609619,0.6861600875854492,0.17778239250183106,0.9290747046470642,0.6569640636444092,0.08923845291137696,0.9691218137741089,0.4028298854827881,0.5409308751424153,0.9936284422874451,0.34092872142791747,0.5387708028157552,0.9949954748153687,0.43075199127197267,0.8789176940917969,0.7763770222663879,0.37595300674438475,0.8802059173583985,0.847212553024292,0.45151147842407224,1.0,0.0669005885720253,0.3738612174987793,1.0,0.0802786573767662
squat,0.40343923568725587,0.004620869954427083,0.034323520958423615,0.3992337942123413,0.0,0.000960748759098351,0.3938431978225708,0.0,0.020354097709059715,0.37322700023651123,0.0,0.0010736826807260513,0.35447213649749754,0.0,0.14494767785072327,0.39666361808776857,0.09293397267659505,0.5017161965370178,0.3267230033874512,0.05653711954752604,0.7672922015190125,0.5193483352661132,0.1795825958251953,0.809474766254425,0.4857661724090576,0.07677186330159505,0.979320764541626,0.6702720642089843,0.177564271291097,0.8787470459938049,0.6727455615997314,0.07931009928385417,0.9760375022888184,0.404769229888916,0.5412806828816732,0.9928244352340698,0.3495470523834229,0.5383430480957031,0.9962890148162842,0.4106959342956543,0.8871707280476888,0.8035564422607422,0.3696202278137207,0.8894186019897461,0.9061492681503296,0.4214032649993896,1.0,0.08978442847728729,0.35911710262298585,1.0,0.13428333401679993
squat,0.3967470407485962,0.0018702189127604166,0.020141610875725746,0.39190335273742677,0.0,0.0005720807239413261,0.3885146379470825,0.0,0.011488220654428005,0.36679811477661134,0.0,0.0008946194429881871,0.3543078422546387,0.0,0.11097420752048492,0.3953628301620483,0.09730154673258463,0.4470532238483429,0.3266106843948364,0.04961077372233073,0.7566017508506775,0.5168493270874024,0.18898887634277345,0.7943169474601746,0.4766587257385254,0.05405406951904297,0.9822205901145935,0.6646891117095948,0.18653934796651203,0.8735904693603516,0.6681126594543457,0.05462592442830404,0.9789734482765198,0.4063985347747803,0.5284825325012207,0.9944170713424683,0.3529194831848145,0.5212926864624023,0.9973939657211304,0.4067723274230957,0.8660104751586915,0.8710053563117981,0.36717991828918456,0.8664469401041667,0.9471500515937805,0.4097104549407959,1.0,0.15068617463111877,0.34809556007385256,1.0,0.2342071831226349
squat,0.3962064266204834,0.02280006408691406,0.025401677936315536,0.38921666145324707,0.010754776000976563,0.000490612699650228,0.39184496402740476,0.005507246653238932,0.021137630566954613,0.353001070022583,0.007488091786702474,0.0006410386995412409,0.3572140455245972,0.0,0.2287203073501587,0.3734097480773926,0.10198141733805338,0.3462124466896057,0.3286600112915039,0.05532649358113607,0.8297720551490784,0.502902603149414,0.18692692120869955,0.636671781539917,0.4837007522583008,0.05854228337605794,0.9878117442131042,0.651373815536499,0.1874690055847168,0.777531087398529,0.6613727569580078,0.05661490758260091,0.9824264049530029,0.38742115497589114,0.5518874486287435,0.988499104976654,0.350709867477417,0.5438822428385417,0.9965349435806274,0.3816230297088623,0.8883935928344726,0.7389504909515381,0.3587344646453857,0.886655044555664,0.919134795665741,0.3873132228851318,1.0,0.07750657945871353,0.3450159072875977,1.0,0.1579742282629013
squat,0.3812807321548462,0.024733638763427733,0.04715115204453468,0.37886948585510255,0.012123521169026692,0.0018819064134731889,0.37386932373046877,0.007531166076660156,0.023393938317894936,0.357920503616333,0.015722306569417317,0.0017973934300243855,0.33964786529541013,0.0,0.11777801066637039,0.3876491069793701,0.11539312998453775,0.5579642057418823,0.31372647285461425,0.07208719253540039,0.7286315560340881,0.5163519382476807,0.18264288902282716,0.8232690691947937,0.4628283500671387,0.0647459348042806,0.9666677117347717,0.6488127708435059,0.1780460834503174,0.877199113368988,0.6358043670654296,0.039877764383951825,0.9641406536102295,0.40105695724487306,0.5546976725260416,0.9925405383110046,0.34552831649780275,0.5472496668497722,0.9953898191452026,0.38510904312133787,0.8842052459716797,0.8292387127876282,0.3486259937286377,0.8817228317260742,0.9054286479949951,0.38894565105438234,1.0,0.12877009809017181,0.34899516105651857,1.0,0.174483522772789
squat,0.3890751838684082,0.018860054016113282,0.04876052588224411,0.3858353853225708,0.00586398442586263,0.001527953427284956,0.3809303045272827,0.0011858940124511719,0.028955185785889626,0.36017708778381347,0.008436997731526693,0.0011507514864206314,0.33950042724609375,0.0,0.150286003947258,0.3821242332458496,0.10863523483276367,0.49152475595474243,0.3125629186630249,0.06685867309570312,0.731121301651001,0.5071423530578614,0.18150644302368163,0.7680705785751343,0.45803403854370117,0.06472578048706054,0.9671794176101685,0.643369483947754,0.17997605005900066,0.8537540435791016,0.6335039138793945,0.04225969314575195,0.9663692712783813,0.39764842987060545,0.546422831217448,0.9902021884918213,0.34634790420532224,0.5403918584187826,0.9946678876876831,0.3674910068511963,0.8858286539713541,0.7989469766616821,0.34452338218688966,0.8913932800292969,0.8956693410873413,0.3609721899032593,1.0,0.10465935617685318,0.34004664421081543,1.0,0.14738203585147858
squat,0.3898340702056885,0.018148358662923178,0.06085987761616707,0.38771562576293944,0.005302778879801432,0.002081874758005142,0.3805099010467529,0.0015855789184570312,0.037925053387880325,0.36476917266845704,0.012138303120930989,0.0014410107396543026,0.33936295509338377,0.0,0.1713087111711502,0.38697841167449953,0.11381378173828124,0.511755108833313,0.3115187644958496,0.07387447357177734,0.7466940879821777,0.5045465469360352,0.1729711850484212,0.746626079082489,0.4514193058013916,0.060784562428792314,0.9630209803581238,0.6392744541168213,0.15766493479410806,0.8317212462425232,0.6261988162994385,0.02247778574625651,0.9603330492973328,0.39567413330078127,0.5424615224202474,0.9898192286491394,0.34196436405181885,0.5360556920369466,0.9944584369659424,0.36182560920715334,0.8718196868896484,0.8341923356056213,0.34394862651824953,0.8720449447631836,0.9155920147895813,0.35286717414855956,1.0,0.1476302295923233,0.3467569828033447,1.0,0.2051992118358612
squat,0.39211421012878417,0.009649721781412761,0.01682458259165287,0.38727602958679197,0.0,0.0004696457472164184,0.3851820468902588,0.0,0.008810463361442089,0.36140990257263184,0.00929263432820638,0.0006219794158823788,0.3457855463027954,0.0,0.10155084729194641,0.38683931827545165,0.11135695775349935,0.47012418508529663,0.3145470142364502,0.06832396189371745,0.773063600063324,0.5082886695861817,0.1857743740081787,0.8266719579696655,0.45196166038513186,0.06437743504842122,0.9810786247253418,0.6278446197509766,0.16188468933105468,0.8847429752349854,0.5958394050598145,0.018689537048339845,0.9775789380073547,0.40654406547546384,0.5478894551595052,0.9956011772155762,0.3540654182434082,0.5411546071370442,0.9978007674217224,0.3726827144622803,0.885363515218099,0.8959881067276001,0.3531238555908203,0.8914066314697265,0.9528411626815796,0.3613203287124634,1.0,0.178872749209404,0.3473104476928711,1.0,0.25608474016189575
squat,0.3933051586151123,0.01178448994954427,0.010561151430010796,0.38879692554473877,0.0017558415730794272,0.0002971142530441284,0.3879415512084961,0.0,0.005826769862323999,0.36079726219177244,0.0069463094075520836,0.0005513678770512342,0.3498222351074219,0.0,0.08284623920917511,0.38531687259674074,0.10254948933919271,0.398610919713974,0.3136367559432983,0.05961201985677083,0.7411006689071655,0.5000944137573242,0.18195993105570477,0.7942558526992798,0.4521622657775879,0.06457611719767252,0.9801990389823914,0.6204208850860595,0.16364787419637045,0.8644712567329407,0.6146148681640625,0.02684923807779948,0.9751418232917786,0.4044013023376465,0.5443839391072591,0.9954582452774048,0.35261168479919436,0.5377101262410482,0.9978373646736145,0.3659342050552368,0.887505849202474,0.8986345529556274,0.3494643926620483,0.8927513122558594,0.9555443525314331,0.34958744049072266,1.0,0.1924251765012741,0.34451470375061033,1.0,0.2768443524837494
squat,0.3991697788238525,0.018955516815185546,0.020807823166251183,0.3962878942489624,0.005107307434082031,0.0005590724176727235,0.3907948970794678,0.00012194315592447916,0.011601134203374386,0.37024526596069335,0.0,0.0005034430650994182,0.3468844652175903,0.0,0.08462105691432953,0.3912652015686035,0.08909419377644857,0.3792804777622223,0.3091865539550781,0.048044808705647785,0.6657932996749878,0.5031090259552002,0.17492931683858234,0.7831110954284668,0.4328108787536621,0.05313402811686198,0.9711295366287231,0.6270214557647705,0.16495679219563802,0.8739954233169556,0.5934628009796142,0.00255126953125,0.9729092121124268,0.40471639633178713,0.5397581736246745,0.9931140542030334,0.34582090377807617,0.5357784271240235,0.9963823556900024,0.3787845134735107,0.8813882191975911,0.8628218173980713,0.34922356605529786,0.8932416280110677,0.9326672554016113,0.3670510292053223,1.0,0.15596245229244232,0.3485437870025635,1.0,0.2158292979001999
squat,0.40039615631103515,0.025802485148111978,0.019619045779109,0.39655184745788574,0.01236263910929362,0.00045294949086382985,0.39305944442749025,0.007291094462076823,0.012992607429623604,0.3671534061431885,0.0041968027750651045,0.0004560176166705787,0.350737476348877,0.0,0.11106710880994797,0.383851957321167,0.09136419296264649,0.32586073875427246,0.31660850048065187,0.047193113962809244,0.7108620405197144,0.4939101219177246,0.17791515986124676,0.716224730014801,0.4424906253814697,0.044887415568033856,0.9781368374824524,0.6246115207672119,0.16544283231099446,0.8364189863204956,0.6015740394592285,0.0,0.9765036702156067,0.397137451171875,0.5438369115193685,0.9918375611305237,0.34712769985198977,0.5383609771728516,0.9965980648994446,0.37380690574645997,0.8928738276163737,0.8312285542488098,0.350872802734375,0.9036947250366211,0.9318944215774536,0.36160974502563475,1.0,0.1277029812335968,0.3428974628448486,1.0,0.20190177857875824
squat,0.4012019634246826,0.01439654032389323,0.021811021491885185,0.3976844310760498,0.0,0.000522352522239089,0.39141063690185546,0.0,0.01566186174750328,0.36908512115478515,0.0,0.0005311144050210714,0.3467842102050781,0.0,0.12796516716480255,0.3846120834350586,0.0960218111673991,0.3092625141143799,0.31632580757141116,0.059173297882080075,0.6997820734977722,0.4912172794342041,0.18160894711812336,0.6634659171104431,0.4469698429107666,0.0680392583211263,0.9735304117202759,0.6299522876739502,0.1783333460489909,0.8113942742347717,0.6239164352416993,0.043599637349446614,0.973118245601654,0.3983904838562012,0.5488215764363606,0.9882495403289795,0.34819397926330564,0.5466150919596354,0.9951444268226624,0.3716334581375122,0.8838829040527344,0.7858574390411377,0.35530409812927244,0.8971301396687825,0.9105334281921387,0.3583221435546875,1.0,0.10498092323541641,0.34733445644378663,1.0,0.16711919009685516
squat,0.41170477867126465,0.015427112579345703,0.01816576160490513,0.4098069667816162,0.001822217305501302,0.0005231921095401049,0.40271148681640623,0.0,0.011518655344843864,0.3881396293640137,0.007628091176350911,0.0008257440058514476,0.365729546546936,0.0,0.11263802647590637,0.41320314407348635,0.10832010904947917,0.38651522994041443,0.3253918170928955,0.06986802419026693,0.7099281549453735,0.5259577751159668,0.18194284439086914,0.7564595341682434,0.4720760345458984,0.0753954569498698,0.9760979413986206,0.6740340232849121,0.17927465438842774,0.8484196066856384,0.6847760200500488,0.06967261632283529,0.971891462802887,0.4091062068939209,0.5562675476074219,0.9893782734870911,0.34304945468902587,0.5533426920572917,0.9948117733001709,0.4100762367248535,0.8952126185099284,0.71246337890625,0.3686314582824707,0.8969638188680013,0.8598606586456299,0.41605119705200194,1.0,0.059846777468919754,0.3708970546722412,1.0,0.09315202385187149
squat,0.4248660087585449,0.01609668731689453,0.22140033543109894,0.43125267028808595,0.0,0.009632951579988003,0.4085055351257324,0.0,0.15412984788417816,0.41459131240844727,0.0,0.003756969701498747,0.3587333202362061,0.0,0.28388524055480957,0.4148210048675537,0.0716859499613444,0.6446173191070557,0.32200255393981936,0.05556294123331706,0.7979446053504944,0.5196345806121826,0.16748228073120117,0.8119637966156006,0.4414276123046875,0.15698003768920898,0.9607486724853516,0.6839020729064942,0.17209335962931316,0.8949912786483765,0.6730560779571533,0.21208442052205403,0.9689390063285828,0.4073339462280273,0.5370433807373047,0.9789199829101562,0.33974947929382326,0.5474767049153646,0.9858922362327576,0.4379014492034912,0.8547381718953451,0.6512701511383057,0.3975271701812744,0.8785614013671875,0.7729631662368774,0.4397237777709961,0.9742563883463542,0.05840875953435898,0.40314536094665526,1.0,0.07323875278234482
squat,0.4220444202423096,0.0027906417846679686,0.08131323754787445,0.43276152610778806,0.0,0.011172656901180744,0.4052253723144531,0.0,0.03416489437222481,0.43492903709411623,0.0003045399983723958,0.009604474529623985,0.36647233963012693,0.0,0.06594125926494598,0.46428618431091306,0.1265596071879069,0.6432117223739624,0.3328320264816284,0.13246599833170572,0.36071276664733887,0.6167835235595703,0.19694468180338542,0.7948063611984253,0.48781871795654297,0.23091707229614258,0.639660120010376,0.7470834732055665,0.16158157984415691,0.7882381677627563,0.6614242553710937,0.1600966453552246,0.666464626789093,0.4182316303253174,0.5679033915201823,0.9775959253311157,0.3259563684463501,0.5781233469645183,0.9609944224357605,0.449843692779541,0.8637251536051432,0.7199499607086182,0.3808049917221069,0.8811529795328776,0.6679989695549011,0.44718303680419924,0.9830543518066406,0.12983931601047516,0.4030930995941162,0.9995744069417317,0.1005467101931572
squat,0.40358996391296387,0.09179067611694336,0.1152476891875267,0.40928144454956056,0.06080764134724935,0.03361143171787262,0.3934104681015015,0.06563135782877604,0.04093329235911369,0.420911979675293,0.05433835983276367,0.07464765012264252,0.39168481826782225,0.06673819224039713,0.0829857662320137,0.49519500732421873,0.19649556477864583,0.692057192325592,0.37939181327819826,0.22734332084655762,0.44763994216918945,0.6566138744354248,0.25843888918558755,0.5721981525421143,0.5442785263061524,0.329785410563151,0.42997264862060547,0.5897133827209473,0.19754457473754883,0.45257577300071716,0.6505824089050293,0.21833861668904622,0.32697761058807373,0.4211935043334961,0.7462994257609049,0.8053185343742371,0.3447843074798584,0.7446475982666015,0.734458327293396,0.45581369400024413,0.938913091023763,0.12698303163051605,0.4206824779510498,0.8922680536905925,0.11803495138883591,0.45738906860351564,0.998944091796875,0.017868243157863617,0.49816141128540037,0.9052872975667318,0.01669740490615368
squat,0.4383716106414795,0.4006543477376302,0.9464372992515564,0.44931817054748535,0.36455326080322265,0.8892320394515991,0.4203531742095947,0.3702475865681966,0.7260793447494507,0.4899758338928223,0.36918366750081383,0.6360912919044495,0.4232677459716797,0.38894341786702474,0.2065381109714508,0.5684206008911132,0.5424530665079753,0.9534062743186951,0.4340320110321045,0.5923088073730469,0.9486867785453796,0.6558735847473145,0.7219060262044271,0.7862412929534912,0.372180700302124,0.8587677001953125,0.8170502781867981,0.7218554496765137,0.611518669128418,0.8334044814109802,0.45963354110717775,0.6547032038370768,0.869077742099762,0.5892270088195801,0.9551143646240234,0.5291431546211243,0.5111557006835937,0.9702766418457032,0.5419175624847412,0.5357605934143066,0.892763900756836,0.09994400292634964,0.5041120052337646,0.8982849756876627,0.12223891168832779,0.3626208782196045,0.9483222325642904,0.019867900758981705,0.4210072040557861,0.9090288162231446,0.023208115249872208
squat,0.5060503482818604,0.42059208552042643,0.9832883477210999,0.5071273803710937,0.4064987818400065,0.5815653800964355,0.48295955657958983,0.40407600402832033,0.9858487844467163,0.49155101776123045,0.4360816955566406,0.023994209244847298,0.42362303733825685,0.4380195617675781,0.972019612789154,0.4753021240234375,0.5632858276367188,0.9652009606361389,0.379390811920166,0.5721142450968425,0.9733009934425354,0.6074576854705811,0.5939596176147461,0.8629098534584045,0.5319291591644287,0.6768740336100261,0.9586985111236572,0.7487924575805665,0.6035521825154623,0.8943984508514404,0.7499651908874512,0.7173162460327148,0.9644219875335693,0.38884825706481935,0.9400414784749349,0.7354024052619934,0.3162545919418335,0.9569699605305989,0.7367857694625854,0.5968385219573975,0.9135652542114258,0.09067096561193466,0.5403234481811523,0.908167012532552,0.1316331923007965,0.5526714324951172,1.0,0.013762233778834343,0.5169820308685302,0.9852923711140951,0.015287077985703945
squat,0.5058200836181641,0.4235942522684733,0.9782211184501648,0.5050074100494385,0.4100667953491211,0.49703189730644226,0.4846923351287842,0.40836734771728517,0.981132447719574,0.48593459129333494,0.440712038675944,0.020078768953680992,0.4279768466949463,0.4445550600687663,0.9654328227043152,0.47600998878479006,0.5699479420979817,0.9590024352073669,0.3890971660614014,0.5860330581665039,0.9699923396110535,0.6237428188323975,0.5996513366699219,0.8585748076438904,0.5653992176055909,0.6878446578979492,0.9627158045768738,0.7665988445281983,0.6106510162353516,0.8943194150924683,0.7693626403808593,0.705929183959961,0.9662884473800659,0.39244105815887453,0.9447874069213867,0.7342125177383423,0.3230332851409912,0.9623262405395507,0.7437267899513245,0.6013304233551026,0.9055078506469727,0.09427063167095184,0.5288794040679932,0.9006987889607747,0.14255589246749878,0.5725909233093261,1.0,0.015342417173087597,0.5008711338043212,0.9757221221923829,0.017629262059926987
squat,0.4902610778808594,0.3850605010986328,0.9734116196632385,0.49210095405578613,0.36948280334472655,0.736037015914917,0.47145652770996094,0.3624314626057943,0.9679518938064575,0.4790620803833008,0.39890702565511066,0.09739555418491364,0.4288951396942139,0.3919782002766927,0.9273850917816162,0.4796309947967529,0.5463675181070964,0.9299048781394958,0.416843318939209,0.5663884480794271,0.9877756834030151,0.5159469604492187,0.7286767959594727,0.5858378410339355,0.39356753826141355,0.8475056330362956,0.9219760298728943,0.48946175575256345,0.5932607650756836,0.5118975639343262,0.304882287979126,0.8971310297648112,0.8541404604911804,0.4944045066833496,0.9018393834431966,0.5630097985267639,0.4539015769958496,0.909037971496582,0.7355368137359619,0.5252866744995117,0.9161116282145182,0.1627933382987976,0.5134390354156494,0.9139426549275717,0.29170411825180054,0.4287882328033447,0.9582906087239583,0.04588356614112854,0.45879640579223635,0.9509499867757162,0.06854090094566345
squat,0.4405790328979492,0.2807766596476237,0.6490935683250427,0.4459031105041504,0.2554820378621419,0.41899222135543823,0.4307695865631104,0.25646470387776693,0.4257965683937073,0.44254312515258787,0.266801389058431,0.4376031756401062,0.42966232299804685,0.27936331431070965,0.37719106674194336,0.4279317378997803,0.44054285685221356,0.9443656206130981,0.4097273349761963,0.4345600128173828,0.8548486232757568,0.3842778205871582,0.7427138646443685,0.7133313417434692,0.37253341674804685,0.7360663096110026,0.43920421600341797,0.44184532165527346,0.48827393849690753,0.5530454516410828,0.45719013214111326,0.5259531021118165,0.3508959710597992,0.39158265590667723,0.8227350234985351,0.8329958319664001,0.37488853931427,0.8296127319335938,0.7345364689826965,0.4947060585021973,0.9237562815348307,0.46727579832077026,0.48967347145080564,0.9238791147867839,0.3611658215522766,0.47454128265380857,0.9275318145751953,0.15558096766471863,0.4328798770904541,0.9131069183349609,0.11155684292316437
squat,0.46198067665100095,0.19414679209391275,0.9609515070915222,0.4690249919891357,0.17379264831542968,0.7350292205810547,0.4448282718658447,0.17793684005737304,0.9306824803352356,0.47198848724365233,0.18942257563273113,0.25455769896507263,0.41268110275268555,0.20583445231119793,0.8158666491508484,0.5004703044891358,0.3234309514363607,0.9878219962120056,0.35869688987731935,0.35221916834513345,0.9886532425880432,0.6004726409912109,0.4244564056396484,0.9466970562934875,0.32941555976867676,0.5444508870442708,0.9483532905578613,0.5091560363769532,0.33977874120076496,0.8803880214691162,0.28872816562652587,0.6733498891194661,0.8884389996528625,0.4144082546234131,0.7375264485677083,0.9822726249694824,0.3251874208450317,0.7462391535441081,0.9810444712638855,0.5097699165344238,0.91929136912028,0.6363615393638611,0.4621549606323242,0.9191342035929362,0.6525533199310303,0.516912841796875,0.945858891805013,0.1164691299200058,0.5060419559478759,0.939682133992513,0.11104335635900497
squat,0.46602845191955566,0.12228654225667318,0.6052518486976624,0.4729006290435791,0.10276927947998046,0.10801539570093155,0.44679989814758303,0.10480244954427083,0.38485968112945557,0.46825222969055175,0.1298977851867676,0.037376727908849716,0.4092909812927246,0.134432856241862,0.4275001585483551,0.4829391002655029,0.26715784072875975,0.9375448226928711,0.36137030124664304,0.2685518900553385,0.8361415863037109,0.5936271190643311,0.3037268320719401,0.934188187122345,0.4738460540771484,0.35555795033772786,0.8744680881500244,0.7480292320251465,0.20827798843383788,0.922353208065033,0.7515996932983399,0.27478675842285155,0.8771376609802246,0.4212792873382568,0.7283284505208333,0.9568270444869995,0.3338858366012573,0.7396214167277019,0.9248071908950806,0.4618722438812256,0.8796263376871745,0.33999091386795044,0.4156104564666748,0.8761906941731771,0.263510137796402,0.45195713043212893,0.9750296274820963,0.02791263535618782,0.44054107666015624,0.9286182403564454,0.018963616341352463
squat,0.46827521324157717,0.05795291264851888,0.9343241453170776,0.4807562828063965,0.03617308934529622,0.43111011385917664,0.4441389083862305,0.03528315226236979,0.9167528748512268,0.47725415229797363,0.06471738815307618,0.05109787732362747,0.388451886177063,0.061695162455240884,0.8573015332221985,0.4602209091186523,0.20879228909810385,0.9516555070877075,0.35106658935546875,0.18720137278238932,0.9627466797828674,0.5286049842834473,0.2637217044830322,0.9016927480697632,0.46767525672912597,0.20982437133789061,0.9587790369987488,0.6752352714538574,0.20292008717854818,0.8935266733169556,0.6706171989440918,0.14120025634765626,0.9421387314796448,0.41432738304138184,0.6457607269287109,0.9819309711456299,0.3287602424621582,0.653506088256836,0.9825806021690369,0.48966069221496583,0.8950591405232747,0.6225340962409973,0.40621099472045896,0.9018489837646484,0.6745582222938538,0.5073046684265137,1.0,0.07363509386777878,0.41073083877563477,0.997028096516927,0.07420220971107483
squat,0.4607339382171631,0.025089263916015625,0.008560754358768463,0.460040283203125,0.003805700937906901,0.00030635521397925913,0.45156068801879884,0.006240049997965495,0.005255073308944702,0.4259049415588379,0.0,0.00135221634991467,0.41464505195617674,0.002173328399658203,0.0564199835062027,0.403430700302124,0.07523244222005208,0.2582758963108063,0.3756605386734009,0.06993894577026367,0.4225197732448578,0.44639248847961427,0.16131348609924318,0.6911895275115967,0.4255183696746826,0.1431372324625651,0.9045041799545288,0.617521095275879,0.15944636662801107,0.8184874057769775,0.6148680210113525,0.1628644307454427,0.9184524416923523,0.3785101890563965,0.5575302124023438,0.9694339632987976,0.35151219367980957,0.568271255493164,0.977196216583252,0.41678967475891116,0.8729578653971354,0.4951574504375458,0.4056073188781738,0.8844265619913737,0.5792126059532166,0.43079314231872556,1.0,0.03239666670560837,0.3947967529296875,0.9992008209228516,0.03365524485707283
squat,0.4574554920196533,0.0,0.05973076820373535,0.45961551666259765,0.0,0.001657232642173767,0.4402778625488281,0.0,0.03046252392232418,0.4439701080322266,0.0,0.0011978049296885729,0.38622798919677737,0.0,0.16364921629428864,0.45238547325134276,0.10523503621419271,0.7024798393249512,0.3414104700088501,0.07110713322957357,0.8084588646888733,0.5505555152893067,0.22992814381917318,0.9228020906448364,0.488142728805542,0.145963986714681,0.9796696901321411,0.7134183406829834,0.2359109083811442,0.9447965621948242,0.6747789859771729,0.1551717758178711,0.9774869084358215,0.4122972011566162,0.5456645329793294,0.9949886202812195,0.3265796184539795,0.5413253784179688,0.9960557222366333,0.43366689682006837,0.8899400711059571,0.7756936550140381,0.3540231227874756,0.881847635904948,0.8386444449424744,0.4376699447631836,1.0,0.05764700844883919,0.33547306060791016,1.0,0.06457524001598358
squat,0.4614767074584961,0.012802791595458985,0.06804060190916061,0.4670421600341797,0.0,0.0032734505366533995,0.4438007354736328,0.0,0.03424841910600662,0.46119112968444825,0.0,0.0016071705613285303,0.39258060455322263,0.0,0.09935826063156128,0.48398876190185547,0.0766798973083496,0.5783525109291077,0.3386554718017578,0.05104513168334961,0.6717504262924194,0.5930652618408203,0.21410713195800782,0.8611339330673218,0.4644965171813965,0.1646926244099935,0.9483171701431274,0.724482250213623,0.23333500226338705,0.8941978812217712,0.6715953826904297,0.19436976114908855,0.9455894827842712,0.4363237857818604,0.5441121419270833,0.9915633201599121,0.3308681011199951,0.5431833267211914,0.9926861524581909,0.4249699115753174,0.8826032002766927,0.8006659150123596,0.34267382621765136,0.8963649113972981,0.8488451838493347,0.3973440647125244,0.9988026936848958,0.10818488150835037,0.32352237701416015,1.0,0.11348100006580353
squat,0.44618759155273435,0.019903786977132163,0.012688403949141502,0.4491291522979736,0.0,0.000551947858184576,0.4285059928894043,0.0,0.005760186351835728,0.4418138027191162,0.0,0.0006618695915676653,0.382414722442627,0.0,0.03603893890976906,0.4616687774658203,0.08229122161865235,0.31019827723503113,0.3412922382354736,0.06774406433105469,0.5308454632759094,0.5560832023620605,0.2175862948099772,0.8036467432975769,0.4179429054260254,0.1907356897989909,0.9538372755050659,0.6822154998779297,0.2564659277598063,0.8837146162986755,0.5898388385772705,0.23495534261067708,0.9617510437965393,0.4312417984008789,0.5509429931640625,0.9897526502609253,0.3443892002105713,0.5544724146525065,0.993316113948822,0.39723668098449705,0.9054737091064453,0.7201042175292969,0.34985828399658203,0.934372075398763,0.8194284439086914,0.34430737495422364,1.0,0.059954408556222916,0.3089028835296631,1.0,0.07160700112581253
squat,0.4290324211120605,0.0,0.02867598459124565,0.4290787696838379,0.0,0.0015689668944105506,0.4143839836120605,0.0,0.00975099764764309,0.41881103515625,0.0,0.001191643183119595,0.36898441314697267,0.0,0.04409078136086464,0.4503358840942383,0.10692536036173503,0.6179644465446472,0.3240107774734497,0.07324107487996419,0.5649117827415466,0.5576349258422851,0.2559945583343506,0.9014500975608826,0.3659224033355713,0.17718728383382162,0.9091148376464844,0.6694876670837402,0.30080782572428383,0.9188912510871887,0.4555529594421387,0.21340576807657877,0.9348227977752686,0.43288984298706057,0.5555618286132813,0.9958680868148804,0.34928035736083984,0.5488689422607422,0.9955535531044006,0.3943572998046875,0.9076666514078776,0.920863926410675,0.35482335090637207,0.9167948404947917,0.9257326722145081,0.34705405235290526,1.0,0.2404499500989914,0.32524995803833007,1.0,0.22559118270874023
squat,0.43540363311767577,0.0,0.018400298431515694,0.43646531105041503,0.0,0.000987775856629014,0.4205531120300293,0.0,0.006830922327935696,0.42362546920776367,0.0,0.001200945465825498,0.37206196784973145,0.0,0.04810117185115814,0.457381010055542,0.10074268976847331,0.6393983960151672,0.3179193019866943,0.10390809377034506,0.6183761954307556,0.5562095165252685,0.2795806884765625,0.905956506729126,0.3774581432342529,0.32583853403727214,0.918696939945221,0.6770776271820068,0.3548937479654948,0.9108664393424988,0.5075810432434082,0.39183502197265624,0.9319714307785034,0.450168514251709,0.5626125971476237,0.9962643980979919,0.3550192594528198,0.569172477722168,0.9960136413574219,0.42049374580383303,0.8952115376790365,0.9145694971084595,0.3464002847671509,0.9043846130371094,0.9174988865852356,0.37323698997497556,1.0,0.24356606602668762,0.3273766040802002,1.0,0.2212551385164261
squat,0.42923808097839355,0.0,0.015482401475310326,0.42915687561035154,0.0,0.0008434319752268493,0.413525390625,0.0,0.0038469089195132256,0.4223158359527588,0.0,0.001442919485270977,0.3731525897979736,0.0,0.025990484282374382,0.46205935478210447,0.10701971054077149,0.7395642399787903,0.314504337310791,0.10723101298014323,0.7202615141868591,0.547644567489624,0.30784390767415365,0.9572345018386841,0.30473129749298095,0.33235238393147787,0.9584232568740845,0.6670125961303711,0.4253146489461263,0.9660235047340393,0.3388223171234131,0.48422619501749675,0.9715396165847778,0.44127583503723145,0.4913066864013672,0.9986082911491394,0.3466186046600342,0.4969429651896159,0.9985209107398987,0.456630277633667,0.7100480397542318,0.9932928085327148,0.37089312076568604,0.710211181640625,0.9935824275016785,0.42702398300170896,0.9623371760050455,0.8756284117698669,0.343196702003479,0.9505748112996419,0.8715152740478516
squat,0.41422119140625,0.0,0.051340121775865555,0.41851305961608887,0.0,0.0030849443282932043,0.4009664058685303,0.0,0.013979556038975716,0.4181230545043945,0.0,0.005343549884855747,0.3690388917922974,0.0,0.05658353120088577,0.4662351608276367,0.11530895233154297,0.8015871047973633,0.3096474170684814,0.13134450912475587,0.9223060607910156,0.5387725353240966,0.31560026804606117,0.9541335105895996,0.2652085542678833,0.36640294392903644,0.9880091547966003,0.6306085109710693,0.48269033432006836,0.9590148329734802,0.25568840503692625,0.6044068018595378,0.9855487942695618,0.46254305839538573,0.5669095993041993,0.998278021812439,0.36224772930145266,0.5799489339192708,0.9990109205245972,0.45628833770751953,0.8997645060221354,0.9492444396018982,0.35929806232452394,0.9173126856486002,0.9698812961578369,0.4425966739654541,1.0,0.26728081703186035,0.34345383644104005,1.0,0.3260200619697571
squat,0.41385936737060547,0.0,0.038346532732248306,0.41771984100341797,0.0,0.0023691558744758368,0.3998493432998657,0.0,0.01254225056618452,0.4178322792053223,0.0,0.003226058091968298,0.3638237476348877,0.0,0.057365383952856064,0.46950697898864746,0.1104522705078125,0.6579812169075012,0.29285488128662107,0.1150951067606608,0.895983874797821,0.5344961643218994,0.33088385264078773,0.9235373735427856,0.23970270156860352,0.35723295211791994,0.9852664470672607,0.6191324710845947,0.5103886922200521,0.9318801164627075,0.22052969932556152,0.6079146067301432,0.9818447828292847,0.4715090751647949,0.5841156005859375,0.9955325126647949,0.35696864128112793,0.5932388305664062,0.9977502226829529,0.477532958984375,0.936514155069987,0.7960878014564514,0.3486034393310547,0.9421960830688476,0.8836790323257446,0.4754002571105957,1.0,0.06626477092504501,0.33387160301208496,1.0,0.09291491657495499
squat,0.4119678020477295,0.0,0.15910017490386963,0.4181088447570801,0.0,0.016747498884797096,0.39698984622955324,0.0,0.04977685213088989,0.42519044876098633,0.0,0.014373448677361012,0.36412525177001953,0.0,0.09245925396680832,0.4879896640777588,0.11437123616536458,0.8407877087593079,0.29527974128723145,0.12532129287719726,0.9384834170341492,0.5585988521575928,0.32432772318522135,0.9517669081687927,0.23383374214172364,0.3536439577738444,0.9845982789993286,0.618084716796875,0.5317925771077474,0.9452975392341614,0.1958314895629883,0.5905754089355468,0.9799551367759705,0.4810183525085449,0.5766989390055338,0.9960898160934448,0.355746865272522,0.5848040262858073,0.9976115226745605,0.49783034324645997,0.9220725377400716,0.8295359015464783,0.34506561756134035,0.9257545471191406,0.8899688720703125,0.4880803108215332,1.0,0.08028464764356613,0.31940555572509766,1.0,0.10326904058456421
squat,0.41062564849853517,0.004254150390625,0.2293134331703186,0.41813111305236816,0.0,0.032358843833208084,0.3949648380279541,0.0,0.0639374628663063,0.4301053524017334,0.0,0.026454178616404533,0.36359462738037107,0.0,0.08366797119379044,0.49826598167419434,0.11371062596638998,0.8991501927375793,0.2952989101409912,0.1291144053141276,0.9478968977928162,0.5759682655334473,0.3176661809285482,0.9695582389831543,0.2296753406524658,0.34767732620239256,0.984870970249176,0.6323853492736816,0.5335442225138346,0.9602859020233154,0.17885282039642333,0.5787540435791015,0.979327380657196,0.48734250068664553,0.5740450541178386,0.9977394342422485,0.3538321018218994,0.5833305358886719,0.9983729124069214,0.5091255187988282,0.9186530431111654,0.8920069336891174,0.33686299324035646,0.9237298329671224,0.9217366576194763,0.5123584747314454,1.0,0.12904883921146393,0.3168889045715332,1.0,0.15211986005306244
squat,0.4185648441314697,0.004100990295410156,0.0970744714140892,0.4263613700866699,0.0,0.01203836128115654,0.4036722183227539,0.0,0.020811574533581734,0.4406417369842529,0.0,0.018150407820940018,0.37497763633728026,0.0,0.04223889857530594,0.5128332138061523,0.10985771814982097,0.8694638609886169,0.30169460773468015,0.12770522435506185,0.9386435747146606,0.5919317245483399,0.3047387440999349,0.9727022051811218,0.2345837116241455,0.3380918502807617,0.9874342083930969,0.6537029266357421,0.5161469141642253,0.966316282749176,0.1665329933166504,0.5591157277425131,0.9824816584587097,0.49696831703186034,0.5598112106323242,0.9986353516578674,0.3591074705123901,0.5692298889160157,0.9990578293800354,0.5227646827697754,0.8806458155314127,0.9420109987258911,0.3401378393173218,0.8777072906494141,0.9602162837982178,0.5424565315246582,1.0,0.24425116181373596,0.3397350788116455,1.0,0.29259511828422546
squat,0.40744638442993164,0.013226572672526042,0.08728247880935669,0.4159993648529053,0.0,0.01382335927337408,0.39464530944824217,0.0,0.01493650209158659,0.43983983993530273,0.0,0.029730821028351784,0.3779516458511353,0.0,0.02515922300517559,0.5272906303405762,0.09559510548909506,0.8618401288986206,0.3121317148208618,0.12037528355916341,0.9336908459663391,0.6097966194152832,0.3017721176147461,0.9689903855323792,0.2451174259185791,0.34247128168741864,0.9868108630180359,0.6741750717163086,0.5054001808166504,0.9604728817939758,0.15889132022857666,0.5530364990234375,0.9786207675933838,0.5074183940887451,0.5535701751708985,0.9983519315719604,0.3685991525650024,0.5624823888142904,0.9989147186279297,0.5230167388916016,0.8864803314208984,0.9122511148452759,0.34540462493896484,0.8784885406494141,0.9432999491691589,0.5439405918121338,1.0,0.16368383169174194,0.3505856990814209,1.0,0.21375469863414764
squat,0.4183780670166016,0.013789113362630208,0.23846149444580078,0.429166316986084,0.0,0.055791277438402176,0.40904989242553713,0.0,0.044707175344228745,0.45868935585021975,0.0,0.06862858682870865,0.40041327476501465,0.0,0.03117692470550537,0.540911340713501,0.0996381123860677,0.8069661855697632,0.3404298067092896,0.11552728017171224,0.9415634274482727,0.6082008838653564,0.31435337066650393,0.9453588724136353,0.25234227180480956,0.33176294962565106,0.9857867956161499,0.6316093921661377,0.5022390683492025,0.9504393339157104,0.15597877502441407,0.5212464968363444,0.9815042018890381,0.5184684753417969,0.5639710744222005,0.994368851184845,0.3853766918182373,0.5670592625935872,0.9970651268959045,0.5276523113250733,0.9168266296386719,0.7802003622055054,0.35099425315856936,0.9162104924519857,0.878230094909668,0.5453396320343018,1.0,0.06317821890115738,0.34158289432525635,1.0,0.09934389591217041
squat,0.4281435489654541,0.001513195037841797,0.0501805804669857,0.4383584976196289,0.0,0.011333901435136795,0.41916046142578123,0.0,0.00529323099181056,0.47446565628051757,0.0,0.047995131462812424,0.41724452972412107,0.0,0.0075487736612558365,0.5659423828125,0.09944143295288085,0.7917512655258179,0.362747859954834,0.11902558008829753,0.8865418434143066,0.6345894813537598,0.31582155227661135,0.9595839381217957,0.28396589756011964,0.32086156209309896,0.9797516465187073,0.6515227317810058,0.5102536519368489,0.9606128931045532,0.16752588748931885,0.4736713091532389,0.9749888181686401,0.5226221084594727,0.5840236663818359,0.9970588684082031,0.3937819004058838,0.58393980662028,0.9980466365814209,0.5148009300231934,0.9419708251953125,0.8268438577651978,0.3778005361557007,0.9278861363728841,0.8840194940567017,0.5142105102539063,1.0,0.06313376873731613,0.38122546672821045,1.0,0.08693565428256989
squat,0.4371755123138428,0.0,0.11479272693395615,0.44802103042602537,0.0,0.02984347753226757,0.43074846267700195,0.0,0.012888365425169468,0.48584532737731934,0.0,0.08520058542490005,0.4343248844146729,0.0,0.010124522261321545,0.5745200634002685,0.09263264338175456,0.7614379525184631,0.388058066368103,0.12104085286458334,0.9179195761680603,0.6175429344177246,0.2871362050374349,0.944992184638977,0.29006528854370117,0.30268472035725913,0.9839628338813782,0.5939857959747314,0.47240734100341797,0.9558446407318115,0.16018531322479249,0.4261341094970703,0.9809901714324951,0.5397982120513916,0.5885936737060546,0.9943247437477112,0.4173595905303955,0.5893623987833659,0.9970871806144714,0.5170588970184327,0.9239547729492188,0.7704858779907227,0.3723338842391968,0.9162103652954101,0.8648789525032043,0.5069496154785156,1.0,0.05394471809267998,0.3591930627822876,1.0,0.08287377655506134
squat,0.44788150787353515,0.0,0.05897502973675728,0.46040849685668944,0.0,0.015572518110275269,0.44296894073486326,0.0,0.007665283977985382,0.5123134613037109,0.0,0.054422806948423386,0.4563143730163574,0.0,0.005881857592612505,0.6010784149169922,0.10112508138020833,0.47261446714401245,0.41210460662841797,0.10645214716593425,0.8672904968261719,0.5924281597137451,0.33362948099772133,0.8306914567947388,0.2931955814361572,0.28159408569335936,0.9804509878158569,0.5168966770172119,0.4572818120320638,0.8697110414505005,0.15873048305511475,0.3799171447753906,0.9719050526618958,0.5580090522766114,0.607455062866211,0.9857954978942871,0.4284803867340088,0.596950912475586,0.9952852129936218,0.543614673614502,0.9510936101277669,0.5352765321731567,0.3763509511947632,0.9231112798055013,0.7628856301307678,0.5459915161132812,1.0,0.023135842755436897,0.3591784477233887,1.0,0.047014523297548294
squat,0.46886329650878905,0.007326094309488932,0.05593236908316612,0.47954301834106444,0.0,0.017028890550136566,0.47037687301635744,0.0,0.004457327537238598,0.5325035572052002,0.0,0.07557544857263565,0.49477033615112304,0.0,0.003493931144475937,0.6000557899475097,0.06834462483723959,0.6219891905784607,0.4491909027099609,0.09051373799641928,0.868474543094635,0.4911930561065674,0.2158346176147461,0.9392685890197754,0.33694288730621336,0.24676008224487306,0.9804773330688477,0.33980371952056887,0.23644917805989582,0.9397430419921875,0.1924335241317749,0.30815474192301434,0.9746320247650146,0.5620652198791504,0.5588258743286133,0.9949153661727905,0.44905338287353513,0.5516287485758463,0.997674286365509,0.5559265613555908,0.8997824350992839,0.7926511168479919,0.38963568210601807,0.8645124435424805,0.8790239095687866,0.5865091323852539,1.0,0.06260833889245987,0.37670130729675294,1.0,0.09727279841899872
squat,0.4959863662719727,0.007725779215494792,0.03978915885090828,0.5068181991577149,0.0,0.016799889504909515,0.4934376239776611,0.0,0.002810032805427909,0.5459160327911377,0.0,0.09384515136480331,0.5039035320281983,0.0,0.002723247976973653,0.6057528972625732,0.04818315505981445,0.6630675792694092,0.45792231559753416,0.09465087254842122,0.74021315574646,0.4923575401306152,0.13132301966349283,0.9667420387268066,0.3472719192504883,0.21802479426066082,0.9499714374542236,0.24891624450683594,0.18060054779052734,0.9613083004951477,0.17500996589660645,0.2907863616943359,0.9539639949798584,0.5755714893341064,0.5447025934855143,0.9941940903663635,0.4601291656494141,0.5471118927001953,0.9954198598861694,0.5673783779144287,0.8785085042317708,0.7499775290489197,0.4006154537200928,0.8683443705240885,0.7619824409484863,0.5904300689697266,1.0,0.05013498291373253,0.39025352001190183,1.0,0.05306820943951607
squat,0.4876376152038574,0.025369771321614585,0.009983514435589314,0.49454536437988283,0.0065837224324544275,0.005522145424038172,0.4957433700561523,0.008804829915364583,0.0005774130113422871,0.530133867263794,0.0,0.06738529354333878,0.5290076732635498,0.0,0.001701002474874258,0.5710447788238525,0.05562451680501302,0.4009845554828644,0.4942766189575195,0.08115771611531576,0.5157382488250732,0.39895291328430177,0.1427228291829427,0.9190260767936707,0.3669314384460449,0.18018051783243816,0.8773192167282104,0.17916927337646485,0.23542324701944986,0.8785635232925415,0.16721570491790771,0.21366160710652668,0.8766706585884094,0.570800495147705,0.5634467442830403,0.9797508120536804,0.49820675849914553,0.5608100891113281,0.9846962690353394,0.5518594264984131,0.9216376622517903,0.4290858507156372,0.4234747886657715,0.8992602030436198,0.45740368962287903,0.5779844284057617,1.0,0.016044948250055313,0.39741647243499756,0.9923671086629232,0.018520846962928772
squat,0.44441680908203124,0.031171894073486327,0.008621838875114918,0.45420055389404296,0.005721696217854818,0.004852802958339453,0.44965853691101076,0.015248934427897135,0.00036070175701752305,0.5161541938781739,0.0,0.06627389043569565,0.49148006439208985,0.0,0.0005433637415990233,0.6046287059783936,0.015097204844156902,0.3839965760707855,0.4673135280609131,0.05479586919148763,0.5130806565284729,0.48786258697509766,0.0775360107421875,0.9223548769950867,0.36301774978637696,0.14991477330525715,0.9213008284568787,0.2325572967529297,0.08487288157145183,0.9183677434921265,0.18712639808654785,0.18176247278849283,0.9290704727172852,0.593045711517334,0.5376956939697266,0.9886420369148254,0.4850409984588623,0.5332578341166179,0.9927680492401123,0.5666166305541992,0.9213477452596028,0.619957447052002,0.4313641548156738,0.8939098993937175,0.7033143043518066,0.5839674949645997,1.0,0.028018595650792122,0.4307057857513428,1.0,0.03955893963575363
squat,0.4489892959594727,0.05212211608886719,0.028845515102148056,0.4566472053527832,0.029233709971110026,0.018266912549734116,0.4578040599822998,0.03871132532755534,0.0012010559439659119,0.5149592399597168,0.0,0.15355940163135529,0.5053065299987793,0.019422626495361327,0.0010445262305438519,0.6031377792358399,0.039343039194742836,0.5700961351394653,0.4801975727081299,0.08008693059285482,0.6345551013946533,0.4949488162994385,0.07018601099650065,0.9334487318992615,0.3618861198425293,0.14733883539835613,0.9115357398986816,0.24636034965515136,0.05260470708211263,0.9263249635696411,0.19700770378112792,0.1714683214823405,0.9202033877372742,0.5941719532012939,0.5369104385375977,0.9891175627708435,0.5000440120697022,0.5340133666992187,0.9921801090240479,0.5678595066070556,0.8824296315511068,0.7563031911849976,0.4546214580535889,0.8605504353841146,0.8016910552978516,0.5864216804504394,1.0,0.06812921911478043,0.4564974308013916,1.0,0.08926809579133987
squat,0.44876489639282224,0.07186034520467123,0.0943307876586914,0.4553639888763428,0.049827321370442705,0.06702804565429688,0.45699872970581057,0.05906550089518229,0.004965238738805056,0.509460163116455,0.020738569895426433,0.29022130370140076,0.5046373844146729,0.04461879730224609,0.0029849098064005375,0.5904005527496338,0.06930440266927083,0.6779102683067322,0.4867751121520996,0.10938129425048829,0.7345343828201294,0.4804237842559814,0.07578379313151042,0.9196061491966248,0.36180410385131834,0.15520970026652017,0.892149806022644,0.24905056953430177,0.05345853169759115,0.8995760679244995,0.20362162590026855,0.17231804529825848,0.8942376971244812,0.5930461406707763,0.5405838012695312,0.979089617729187,0.5139887809753418,0.5388088226318359,0.9847238063812256,0.5648134231567383,0.8681337992350261,0.6406046152114868,0.47459864616394043,0.8436134338378907,0.6921947598457336,0.5826951026916504,1.0,0.04930838942527771,0.47445969581604003,0.9837388356526693,0.06411053240299225
squat,0.44348678588867185,0.04566758473714193,0.034942466765642166,0.4472074031829834,0.02344036102294922,0.03546729311347008,0.45184955596923826,0.0313140869140625,0.0010021987836807966,0.49694347381591797,0.0,0.32381555438041687,0.5042106151580811,0.011140537261962891,0.001373720122501254,0.5742819309234619,0.047726980845133465,0.7719283103942871,0.501706886291504,0.07118574778238933,0.572458803653717,0.46169819831848147,0.12038997014363607,0.9624087810516357,0.3950819969177246,0.14676125844319662,0.781108021736145,0.2283174514770508,0.15861234664916993,0.9399294257164001,0.22814497947692872,0.17807785669962564,0.8246699571609497,0.5944400310516358,0.5043477376302083,0.9847011566162109,0.5373567104339599,0.49855995178222656,0.979896068572998,0.5505915641784668,0.8327444712320964,0.7601245641708374,0.5014901638031006,0.8089855194091797,0.6933208107948303,0.562488317489624,0.9851416269938151,0.07836643606424332,0.49993152618408204,0.9498062133789062,0.07408621907234192
squat,0.48836569786071776,0.008869584401448567,0.023509463295340538,0.4924145221710205,0.0,0.01913781650364399,0.49918570518493655,0.0,0.0006902098539285362,0.5318822383880615,0.0,0.25249335169792175,0.5470365524291992,0.0,0.0014547754544764757,0.5819224357604981,0.03557291030883789,0.7865085601806641,0.5265952587127686,0.05421250661214193,0.6125632524490356,0.4382110595703125,0.12130022048950195,0.9719162583351135,0.3893581867218018,0.14585720698038737,0.8014653325080872,0.2162607192993164,0.16005452473958334,0.9499338865280151,0.2233886241912842,0.18420511881510418,0.831911027431488,0.5876888751983642,0.5121314684549968,0.9850156307220459,0.5454868316650391,0.5083484013875326,0.9786730408668518,0.5321671485900878,0.8454607009887696,0.6918941140174866,0.5241921901702881,0.8306088129679362,0.57979416847229,0.5396685123443603,0.9775260925292969,0.044610071927309036,0.5312686443328858,0.9556038538614909,0.03643904626369476
squat,0.49164161682128904,0.0,0.22267422080039978,0.5032670021057128,0.0,0.14886336028575897,0.4930249214172363,0.0,0.014598868787288666,0.5456781387329102,0.0,0.4350583851337433,0.5180953025817872,0.0,0.009819034487009048,0.5903349399566651,0.07225933074951171,0.8919466137886047,0.494858455657959,0.10124349594116211,0.8882589340209961,0.45671777725219725,0.11967748006184896,0.9688553214073181,0.3732173442840576,0.1704527219136556,0.9164005517959595,0.24756212234497071,0.1290937105814616,0.9525803327560425,0.2216485023498535,0.18358437220255533,0.9183599948883057,0.5908437252044678,0.5265867233276367,0.990885317325592,0.5222736358642578,0.5263813972473145,0.9911165237426758,0.5372294425964356,0.8586123148600261,0.817011296749115,0.4987009048461914,0.8438972473144531,0.796169102191925,0.5396975040435791,1.0,0.08938003331422806,0.5187842369079589,0.9981301625569662,0.08921023458242416
squat,0.5087354183197021,0.0,0.26990750432014465,0.5206730842590332,0.0,0.16317202150821686,0.5054598331451416,0.0,0.02597540058195591,0.5536635398864747,0.0,0.36914923787117004,0.5176315307617188,0.0,0.01876017078757286,0.5846628665924072,0.08032360076904296,0.8713423609733582,0.4928324222564697,0.10349884033203124,0.8877025246620178,0.44233198165893556,0.1320874532063802,0.9598630666732788,0.3730161190032959,0.1725725809733073,0.9092586040496826,0.23691105842590332,0.13735745747884115,0.9384217262268066,0.22359833717346192,0.18878892262776692,0.9111294150352478,0.5916813850402832,0.5417400360107422,0.9865994453430176,0.523841381072998,0.5420122146606445,0.9876390695571899,0.540910291671753,0.8912268320719401,0.6983661651611328,0.5044829368591308,0.8796485900878906,0.6752058267593384,0.5383874893188476,1.0,0.04679073765873909,0.5154538154602051,1.0,0.04611765593290329
squat,0.5039278030395508,0.0,0.3114132583141327,0.517659854888916,0.0,0.1778165102005005,0.5010427474975586,0.0,0.03649567812681198,0.5556073188781738,0.0,0.34999170899391174,0.5144411563873291,0.0,0.02226395159959793,0.5874963760375976,0.0864505132039388,0.8269817233085632,0.49054737091064454,0.11163895924886068,0.9101003408432007,0.44574828147888185,0.11879380544026692,0.931320309638977,0.37032432556152345,0.1718098004659017,0.9282382726669312,0.24650795459747316,0.10966965357462564,0.9105069637298584,0.2223660945892334,0.18573118845621744,0.9255987405776978,0.5957301139831543,0.5442285537719727,0.9844081997871399,0.5259840488433838,0.5448749542236329,0.989470362663269,0.5435338020324707,0.8879093805948893,0.7286903262138367,0.5116850852966308,0.8757671356201172,0.7697903513908386,0.5342026710510254,1.0,0.06380787491798401,0.5275581836700439,1.0,0.07740704715251923
squat,0.4975649356842041,0.0,0.1253264993429184,0.5084544658660889,0.0,0.06423447281122208,0.499216890335083,0.0,0.009376702830195427,0.5459070682525635,0.0,0.2530367970466614,0.5217891693115234,0.0,0.009235896170139313,0.5846352577209473,0.07983833948771159,0.7829583287239075,0.49542999267578125,0.10553766886393229,0.8691172003746033,0.44424238204956057,0.12208773295084635,0.9417831897735596,0.36430892944335935,0.17614962259928385,0.9272786974906921,0.24861745834350585,0.11689074834187825,0.9234521389007568,0.2189788341522217,0.18938636779785156,0.9267224073410034,0.5917491912841797,0.5506737391153972,0.9860365390777588,0.5276432514190674,0.5504676183064778,0.989957869052887,0.5267622470855713,0.8967885335286458,0.7064301371574402,0.5041995525360108,0.883918825785319,0.7358100414276123,0.5157406330108643,1.0,0.05119737610220909,0.5169097900390625,1.0,0.05957375466823578
squat,0.4929335594177246,0.0,0.10086002200841904,0.5015637397766113,0.0,0.05370253324508667,0.496489953994751,0.0,0.007083497941493988,0.534037971496582,0.0,0.27033424377441406,0.5226445198059082,0.0,0.009776283986866474,0.5724443435668946,0.07251701354980469,0.8134452700614929,0.494754695892334,0.09803632100423178,0.8664408922195435,0.42444868087768556,0.12659072875976562,0.9490877389907837,0.36186115741729735,0.1732823689778646,0.9169149994850159,0.2292877435684204,0.14280335108439127,0.9181922674179077,0.20982468128204346,0.18606818517049153,0.9085108637809753,0.58731107711792,0.538053830464681,0.9884346723556519,0.5309380531311035,0.5389805475870768,0.9907910823822021,0.5338747501373291,0.8927005767822266,0.7531358003616333,0.5132257461547851,0.8766476949055989,0.7623779773712158,0.5348779678344726,1.0,0.06403427571058273,0.5271454811096191,1.0,0.0713030993938446
squat,0.4902321815490723,0.0,0.20257894694805145,0.49823775291442873,0.0,0.06283175945281982,0.48790826797485354,0.0,0.030368199571967125,0.5195447921752929,0.0,0.13844040036201477,0.497496509552002,0.0,0.03317325562238693,0.5592303276062012,0.0678709348042806,0.7020928263664246,0.4733437538146973,0.09823246002197265,0.9355812072753906,0.4487739562988281,0.10562674204508464,0.8874673843383789,0.35289089679718016,0.16577593485514322,0.9713629484176636,0.29172890186309813,0.11120805740356446,0.8719589710235596,0.19252302646636962,0.17470391591389975,0.9631934762001038,0.5979820251464844,0.5336466471354167,0.9799527525901794,0.5358994007110596,0.5377798080444336,0.9921345710754395,0.540462064743042,0.8314144134521484,0.7246297597885132,0.4993724346160889,0.8183489481608073,0.8431808352470398,0.5334709167480469,0.9883013407389323,0.08388685435056686,0.5063845634460449,0.9711069742838542,0.13601864874362946
squat,0.47762088775634765,0.038762633005777994,0.17541243135929108,0.48246073722839355,0.01554883321126302,0.10711786150932312,0.47928667068481445,0.01544802983601888,0.0258007999509573,0.49862470626831057,0.007865842183430989,0.34465035796165466,0.5072024822235107,0.008494917551676433,0.046429309993982315,0.5279408931732178,0.1125380516052246,0.815922737121582,0.5281855583190918,0.12855809529622395,0.6761614680290222,0.5054120540618896,0.20006752014160156,0.8375002145767212,0.49999446868896485,0.24581187566121418,0.6443504691123962,0.45862617492675783,0.16228675842285156,0.7151116132736206,0.4602928161621094,0.17743988037109376,0.5971634984016418,0.5685747623443603,0.5838335037231446,0.9336169362068176,0.5625192642211914,0.5858345667521159,0.9178383350372314,0.5471326828002929,0.9249185562133789,0.3808515965938568,0.539547061920166,0.9190570831298828,0.33744439482688904,0.5344231605529786,0.9972490310668946,0.02638552524149418,0.5111614227294922,0.9694236755371094,0.024553442373871803
squat,0.4267885684967041,0.1786769231160482,0.5801001787185669,0.4386683464050293,0.13900012969970704,0.6180729866027832,0.4174788951873779,0.1378045399983724,0.10739262402057648,0.4659018039703369,0.17220853169759115,0.7670284509658813,0.4452674388885498,0.16501922607421876,0.09883920848369598,0.5075761318206787,0.4322048823038737,0.8907845616340637,0.5073897361755371,0.44628324508666994,0.5999258160591125,0.6309154033660889,0.7531123479207357,0.5509303212165833,0.6271555423736572,0.7776171366373698,0.11199598014354706,0.5025592803955078,0.4036398887634277,0.5744420289993286,0.466215705871582,0.36834990183512367,0.22433142364025116,0.5076122760772706,0.9054555257161458,0.07262352108955383,0.5010632991790771,0.9010800043741862,0.038110971450805664,0.5525444507598877,0.8125348409016927,0.01453593373298645,0.47304725646972656,0.8183382670084636,0.009790318086743355,0.5525184631347656,0.7959906895955403,0.0038269187789410353,0.4659979820251465,0.8190581003824869,0.0031171697191894054
squat,0.4071065902709961,0.27888685862223306,0.8405827283859253,0.42854795455932615,0.24315093358357748,0.9238961935043335,0.39718387126922605,0.24568004608154298,0.3664480149745941,0.48309946060180664,0.2524216651916504,0.903455913066864,0.4110234260559082,0.2577255884806315,0.03519798442721367,0.5409048080444336,0.4548793792724609,0.9126644134521484,0.44290547370910643,0.438787047068278,0.46293556690216064,0.5912556648254395,0.7018419901529948,0.6075442433357239,0.4434703826904297,0.642324956258138,0.07691271603107452,0.469452953338623,0.44523420333862307,0.5643389225006104,0.4233041763305664,0.47181647618611655,0.1156383827328682,0.5513519763946533,0.8368232727050782,0.37573567032814026,0.48471760749816895,0.8256473541259766,0.18601956963539124,0.5327644348144531,0.9136873881022135,0.07890037447214127,0.4703634738922119,0.9179223378499349,0.034831125289201736,0.5728969573974609,0.8580844879150391,0.02285483106970787,0.5250624179840088,0.87869873046875,0.01346566528081894
squat,0.4046326160430908,0.3413718541463216,0.8764561414718628,0.4267415046691895,0.3154346466064453,0.9056321382522583,0.39663243293762207,0.31540870666503906,0.5735399127006531,0.46969146728515626,0.3223263422648112,0.8659364581108093,0.39866132736206056,0.31533050537109375,0.12339077144861221,0.5455310821533204,0.4815219879150391,0.9450893998146057,0.38142235279083253,0.4453909238179525,0.825035572052002,0.5838616371154786,0.7148049036661784,0.6735870838165283,0.30021185874938966,0.5998439153035482,0.33959755301475525,0.4344918727874756,0.5472397486368815,0.5435541272163391,0.34168808460235595,0.4909912745157878,0.2960941791534424,0.5623500347137451,0.8518595377604167,0.5974454283714294,0.46216297149658203,0.8359569549560547,0.5136616826057434,0.44405388832092285,0.9154808680216472,0.1865297257900238,0.40346698760986327,0.9191899617513021,0.13185879588127136,0.46544485092163085,0.8708093643188477,0.05991801247000694,0.5263026237487793,0.8807417551676432,0.04798068478703499
squat,0.4017294406890869,0.3945756912231445,0.9755257964134216,0.4244863510131836,0.3722626368204753,0.9826011061668396,0.399924111366272,0.37661174138387044,0.6282088160514832,0.47665963172912595,0.3820073445638021,0.9780961275100708,0.41670732498168944,0.38509521484375,0.09481441974639893,0.5020373821258545,0.4892007827758789,0.99045729637146,0.43319387435913087,0.5117846488952636,0.9804523587226868,0.3653447151184082,0.5623953501383464,0.9801733493804932,0.3225369930267334,0.5710533777872722,0.8392406105995178,0.18909180164337158,0.5980655670166015,0.9437759518623352,0.13260951042175292,0.5674247105916341,0.77174311876297,0.5790802955627441,0.8734854380289714,0.9102281332015991,0.5266438961029053,0.8729231516520183,0.8806678652763367,0.416321325302124,0.9392920811971028,0.4029925763607025,0.38398942947387693,0.9196383794148763,0.2374233603477478,0.5111487865447998,0.96458740234375,0.06749997287988663,0.5218695640563965,0.922004763285319,0.04844443127512932
squat,0.4022513389587402,0.44885740280151365,0.9802966117858887,0.4301386833190918,0.42574214935302734,0.9911009669303894,0.394479775428772,0.42723185221354165,0.6854251027107239,0.48514585494995116,0.4442187627156576,0.9864177703857422,0.40192413330078125,0.44067729314168297,0.07720378786325455,0.5017340183258057,0.5422500610351563,0.9921100735664368,0.43427271842956544,0.5567334493001302,0.9416629672050476,0.377246618270874,0.6243313471476237,0.9864436388015747,0.33997018337249757,0.6152908325195312,0.6365259885787964,0.20087568759918212,0.6329867680867513,0.9497180581092834,0.13798353672027588,0.5982725779215495,0.5825955271720886,0.5910168647766113,0.9091837565104167,0.840824544429779,0.5280348777770996,0.9095365524291992,0.6794408559799194,0.4849863529205322,0.942202631632487,0.1703101247549057,0.39482319355010986,0.9328211466471354,0.053967949002981186,0.5851983547210693,0.9384301503499349,0.022668302059173584,0.5033672332763672,0.9138261795043945,0.01137243676930666
squat,0.403106164932251,0.4843089739481608,0.9910705089569092,0.4308187961578369,0.4559369405110677,0.9939931035041809,0.3903862476348877,0.4594923973083496,0.790165364742279,0.4886653900146484,0.468550173441569,0.9810147285461426,0.39171767234802246,0.47241252263387046,0.07216230034828186,0.5073660373687744,0.577200190226237,0.9887612462043762,0.4299948215484619,0.5834047953287761,0.963787853717804,0.34711170196533203,0.6427321751912435,0.9855636358261108,0.31347122192382815,0.6101589202880859,0.8168811202049255,0.1548372983932495,0.6455813725789388,0.9798452258110046,0.15508694648742677,0.6030824025472005,0.8754292130470276,0.6092764377593994,0.9742603302001953,0.7701296806335449,0.5394155979156494,0.9683329900105794,0.6706743836402893,0.456693172454834,0.8523038864135742,0.2110280841588974,0.3713726282119751,0.8366207758585612,0.09272191673517227,0.5117162704467774,0.9600565592447917,0.04597143456339836,0.4528341293334961,0.9268698374430339,0.028698895126581192
squat,0.40132770538330076,0.47052205403645836,0.9870169758796692,0.4302391052246094,0.4451369603474935,0.9919224977493286,0.3897884368896484,0.4463158925374349,0.7493197321891785,0.48315958976745604,0.4595094998677572,0.9850426912307739,0.3894253969192505,0.45645732879638673,0.09280047565698624,0.5005853652954102,0.5580969492594401,0.9931774139404297,0.42938766479492185,0.5641462961832683,0.9757142663002014,0.3715533256530762,0.631903076171875,0.9882293939590454,0.3340595245361328,0.6002756754557291,0.8263599276542664,0.17329909801483154,0.6484692255655925,0.9726356267929077,0.14869518280029298,0.6032573064168294,0.8150781393051147,0.6007506847381592,0.9377350489298503,0.9050909876823425,0.538958740234375,0.9302636464436849,0.8447103500366211,0.4327657222747803,0.9402969360351563,0.2870246469974518,0.37643091678619384,0.9204251607259114,0.12512412667274475,0.5104745388031006,0.9770058949788412,0.04545189440250397,0.4940796852111816,0.9395915985107421,0.027089057490229607
squat,0.39449617862701414,0.43134498596191406,0.9863362312316895,0.42084102630615233,0.40699504216512045,0.9895746111869812,0.3874052047729492,0.4073494911193848,0.7259861826896667,0.4762289524078369,0.4176260630289714,0.9776325225830078,0.39500718116760253,0.4146568298339844,0.08921223133802414,0.4923834323883057,0.5172086715698242,0.990849494934082,0.4254730701446533,0.529490343729655,0.980747401714325,0.353723931312561,0.587057367960612,0.9839335083961487,0.32703824043273927,0.5791491826375326,0.8668639063835144,0.17318253517150878,0.6210180282592773,0.970698356628418,0.16135792732238768,0.5837149937947591,0.8613369464874268,0.5710539817810059,0.8843453089396159,0.925800621509552,0.5183268547058105,0.8782857259114584,0.8971284627914429,0.40648341178894043,0.9468480428059896,0.5047731399536133,0.3817967176437378,0.9309565862019856,0.3172400891780853,0.44086995124816897,1.0,0.08833213150501251,0.46848421096801757,0.9852370580037435,0.06256486475467682
squat,0.38839216232299806,0.3850020090738932,0.9843541383743286,0.4128274440765381,0.36102530161539714,0.9896687865257263,0.3798772096633911,0.3669365564982096,0.7362897396087646,0.4641870498657227,0.37263720830281577,0.9823394417762756,0.3863687038421631,0.38079376220703126,0.11655610054731369,0.4881474494934082,0.47279335657755533,0.9923707246780396,0.4118212699890137,0.506240431467692,0.980639636516571,0.34240145683288575,0.5405769983927409,0.9837456941604614,0.29718258380889895,0.56984437306722,0.8313919305801392,0.17699844837188722,0.6004165649414063,0.9553401470184326,0.11795854568481445,0.5846819559733073,0.7935001850128174,0.5853591918945312,0.8426302591959636,0.9228336811065674,0.5280135154724122,0.8496943791707356,0.8891318440437317,0.41292877197265626,0.9334793090820312,0.46426472067832947,0.38873183727264404,0.9306065241495768,0.26747146248817444,0.48781466484069824,0.9704200108846028,0.07462973892688751,0.5074556827545166,0.9469167073567708,0.05019524320960045
squat,0.3762936592102051,0.33518276214599607,0.9863879680633545,0.3989855766296387,0.31091553370157876,0.9907846450805664,0.36992745399475097,0.318874454498291,0.7283102869987488,0.4525762557983398,0.31338170369466145,0.9830106496810913,0.38185944557189944,0.3265692710876465,0.08277910947799683,0.4853936195373535,0.40167980194091796,0.9942086935043335,0.4080201148986816,0.44228986104329426,0.9797044992446899,0.37792491912841797,0.4620282808939616,0.9884843230247498,0.2879193782806396,0.5079758644104004,0.8329618573188782,0.2599471569061279,0.5038880666097005,0.9642003774642944,0.11385688781738282,0.5269179026285807,0.7835482358932495,0.5960493087768555,0.7850130716959636,0.9544467926025391,0.5404363632202148,0.798902956644694,0.9230941534042358,0.44162492752075194,0.9151082356770833,0.6174240112304688,0.41747474670410156,0.9230051676432292,0.36943793296813965,0.5376969814300537,0.9552010854085287,0.10613911598920822,0.547907543182373,0.9437510808308919,0.06605149805545807
squat,0.375339937210083,0.29036312103271483,0.9914694428443909,0.39769325256347654,0.2647785504659017,0.9899088144302368,0.362797474861145,0.27124433517456054,0.8831639289855957,0.44598846435546874,0.2678407986958822,0.968035876750946,0.36289353370666505,0.28040698369344075,0.21638476848602295,0.4904388427734375,0.36197401682535807,0.9896278381347656,0.3816934823989868,0.3992877960205078,0.992757260799408,0.38089957237243655,0.41303014755249023,0.9730392098426819,0.23996176719665527,0.46630172729492186,0.954013466835022,0.27563133239746096,0.44029051462809243,0.9525389671325684,0.08370847702026367,0.4813318888346354,0.9387857913970947,0.594767713546753,0.7512285868326823,0.9556646347045898,0.5228705883026123,0.7576497395833334,0.9670742750167847,0.3970508575439453,0.9156273523966472,0.6311621069908142,0.366924786567688,0.904830805460612,0.5850518345832825,0.4280871391296387,1.0,0.08954597264528275,0.4470399856567383,0.9999042510986328,0.09068947285413742
squat,0.3734513998031616,0.23516114552815756,0.9895761013031006,0.39407188892364503,0.21492090225219726,0.9779555201530457,0.36032757759094236,0.2157584508260091,0.9267867207527161,0.4312997341156006,0.22437779108683267,0.9126651883125305,0.3536756753921509,0.22587184906005858,0.42500007152557373,0.47660531997680666,0.31513713200887045,0.9785803556442261,0.3643286943435669,0.3466756820678711,0.9959650039672852,0.42058682441711426,0.33886664708455405,0.9283466339111328,0.22543106079101563,0.39968598683675133,0.9813308119773865,0.36040749549865725,0.33189404805501305,0.8879486322402954,0.07232246398925782,0.39980026880900066,0.9644501209259033,0.5919253349304199,0.7103686014811198,0.9574544429779053,0.5209665298461914,0.7183157602945963,0.9834400415420532,0.4335108757019043,0.9229054133097331,0.5446082353591919,0.4028660774230957,0.9123582204182943,0.6699365973472595,0.4412299633026123,1.0,0.06099244952201843,0.4696544647216797,0.9905527750651042,0.09456463158130646
squat,0.37438554763793946,0.18004105885823568,0.9808489680290222,0.3944629430770874,0.16231826146443684,0.9597418308258057,0.36013059616088866,0.1624757766723633,0.8964163661003113,0.430451488494873,0.17996114095052082,0.8741106390953064,0.35221874713897705,0.18116547266642252,0.4397040605545044,0.48176326751708987,0.274118169148763,0.9586319923400879,0.3546713590621948,0.30611400604248046,0.9947698712348938,0.41006813049316404,0.2975076039632161,0.8584133982658386,0.21034626960754393,0.3496527353922526,0.9768217206001282,0.3222188949584961,0.30079205830891925,0.7762641906738281,0.04933230876922608,0.32427024841308594,0.9501978754997253,0.5961174488067627,0.6947396596272787,0.9397130608558655,0.5153554916381836,0.7027320861816406,0.9807499051094055,0.4569300651550293,0.9409148534138997,0.3599746525287628,0.41985630989074707,0.9205802281697592,0.5469635725021362,0.4510167121887207,1.0,0.02745337039232254,0.4891655921936035,1.0,0.050916433334350586
squat,0.37453160285949705,0.13939895629882812,0.9675320386886597,0.3955798387527466,0.11741161346435547,0.975248396396637,0.3624717712402344,0.11564696629842122,0.7801617383956909,0.4422935962677002,0.12728745142618816,0.9278520941734314,0.3649625301361084,0.12131172815958659,0.19811813533306122,0.48427205085754393,0.22568817138671876,0.9793790578842163,0.3714545249938965,0.2503185749053955,0.9282267689704895,0.41924128532409666,0.25908989906311036,0.9310662746429443,0.2648042917251587,0.35277786254882815,0.6502025723457336,0.3682915925979614,0.22173369725545247,0.8252742290496826,0.25912721157073976,0.3266111373901367,0.6456447243690491,0.5985857963562011,0.6510164896647136,0.9475953578948975,0.5215197563171386,0.6665873845418294,0.9207545518875122,0.5415571689605713,0.8893670399983724,0.42539939284324646,0.48688597679138185,0.8924266815185546,0.2999318242073059,0.5195089817047119,1.0,0.043749283999204636,0.5211719036102295,0.9880975087483724,0.03403131663799286
squat,0.3745124340057373,0.08739204406738281,0.9637088179588318,0.39735844135284426,0.0695407231648763,0.9821054935455322,0.36987624168395994,0.06352252960205078,0.608620285987854,0.45109167098999026,0.0902853012084961,0.9660331606864929,0.38928046226501467,0.07561047871907552,0.06628302484750748,0.47537922859191895,0.18994738260904948,0.9822905659675598,0.438358736038208,0.21474682490030925,0.85909104347229,0.4186598777770996,0.2216086228688558,0.9474533796310425,0.41041412353515627,0.3089752515157064,0.43408116698265076,0.3815141677856445,0.16966594060262044,0.8512744307518005,0.36791181564331055,0.22084951400756836,0.41581085324287415,0.5914716243743896,0.6284717559814453,0.9617950320243835,0.5582394599914551,0.6380414962768555,0.9106836915016174,0.5265764713287353,0.8925563176472981,0.6479395031929016,0.5227287769317627,0.889805285135905,0.41754642128944397,0.5009242057800293,0.9886116027832031,0.12362154573202133,0.5482683658599854,0.9673782348632812,0.07929259538650513
squat,0.3787990570068359,0.03559713363647461,0.9522868394851685,0.4012701988220215,0.021098868052164713,0.9582187533378601,0.3803318738937378,0.014680163065592448,0.48794034123420715,0.461699914932251,0.050837008158365886,0.9193352460861206,0.4038102626800537,0.036731783548990884,0.03453902155160904,0.4909074306488037,0.16116894086201985,0.960669994354248,0.4203958511352539,0.17414191563924153,0.9352989196777344,0.4231142997741699,0.1547653357187907,0.9288713335990906,0.2711098432540894,0.20256679852803547,0.7570204734802246,0.39280540943145753,0.10931905110677083,0.8642685413360596,0.09402956962585449,0.18575456937154133,0.7273061871528625,0.598236083984375,0.5957366307576497,0.9729989171028137,0.550631046295166,0.5993850708007813,0.9693199396133423,0.5299348831176758,0.8702486673990886,0.7013548016548157,0.5061086177825928,0.8577014923095703,0.6133124232292175,0.5415985584259033,0.9975204467773438,0.11166684329509735,0.5483226776123047,0.9806962331136068,0.1022217869758606
squat,0.40381574630737305,0.011772346496582032,0.46371403336524963,0.4169338226318359,0.0,0.30946293473243713,0.41018142700195315,0.0,0.055212415754795074,0.4569136142730713,0.022218863169352215,0.5164331197738647,0.44141206741333006,0.014813772837320964,0.021196264773607254,0.49170308113098143,0.1199412981669108,0.8054115176200867,0.44414339065551756,0.15029830932617189,0.9266146421432495,0.4126772403717041,0.1045609474182129,0.8696926236152649,0.31308276653289796,0.19394683837890625,0.9223644733428955,0.35004682540893556,0.0687066396077474,0.803699791431427,0.1330826997756958,0.17425117492675782,0.885481595993042,0.5888294696807861,0.566448465983073,0.9650536179542542,0.5533463478088378,0.5750020345052084,0.9812993407249451,0.5424929618835449,0.8741983413696289,0.5888151526451111,0.5147532463073731,0.861577860514323,0.6801750063896179,0.5556940555572509,0.9887873331705729,0.05213923007249832,0.5427432060241699,0.9712504069010417,0.07578174769878387
squat,0.43069825172424314,0.0,0.16125477850437164,0.44062156677246095,0.0,0.05432193726301193,0.4307136535644531,0.0,0.025068987160921097,0.4685964584350586,0.004284985860188802,0.14781279861927032,0.4500546932220459,0.00937649408976237,0.030562959611415863,0.499957275390625,0.10586760838826498,0.4880616366863251,0.4420285701751709,0.13812376658121744,0.9182770848274231,0.3611466884613037,0.11446205774943034,0.7063231468200684,0.3123536825180054,0.18566659291585286,0.9549618363380432,0.22748041152954102,0.06738669077555338,0.621003270149231,0.14317672252655028,0.1499659220377604,0.9209468960762024,0.5932869434356689,0.5608668645222982,0.937319278717041,0.5460232734680176,0.5722674051920573,0.9816039800643921,0.5534708976745606,0.8682829538981119,0.4169914722442627,0.5184010982513427,0.859728749593099,0.6638779640197754,0.5743330001831055,0.9738945007324219,0.030230814591050148,0.5479088306427002,0.9603963851928711,0.06337349116802216
squat,0.3989335298538208,0.06930383046468098,0.47964218258857727,0.40398492813110354,0.045551490783691403,0.3215503394603729,0.4028453350067139,0.05700502395629883,0.0686202198266983,0.4505002021789551,0.01636397043863932,0.45709842443466187,0.44606847763061525,0.045730209350585936,0.022106297314167023,0.5265635490417481,0.07354323069254558,0.8039171695709229,0.44399299621582033,0.1261373519897461,0.9250785112380981,0.43981032371520995,0.040532430013020836,0.8717712759971619,0.3001408576965332,0.14959160486857095,0.9444113373756409,0.312333869934082,0.0,0.8150900602340698,0.16601662635803222,0.13406451543172201,0.9218835234642029,0.5870800018310547,0.5548110326131185,0.9699342250823975,0.5292578220367432,0.567837905883789,0.9857332706451416,0.550881814956665,0.8764258702596028,0.5708847045898438,0.5142974376678466,0.8641035715738933,0.7159628868103027,0.5757680892944336,0.9992163340250652,0.04944048449397087,0.5255304336547851,0.964028803507487,0.08402130752801895
squat,0.3917102336883545,0.048227723439534506,0.1762993037700653,0.39836745262145995,0.02578585942586263,0.10806930065155029,0.3979457378387451,0.03492949803670247,0.014435974881052971,0.45016188621520997,0.0,0.28653231263160706,0.4432067394256592,0.021740436553955078,0.007507613394409418,0.5292843818664551,0.05559269587198893,0.6982179284095764,0.4340278148651123,0.10171467463175456,0.8212544918060303,0.4407771110534668,0.05505647659301758,0.8762903809547424,0.31209597587585447,0.15172074635823568,0.9129751920700073,0.2904360294342041,0.017475605010986328,0.828158974647522,0.17948873043060304,0.13498665491739908,0.898048460483551,0.5798611640930176,0.5272688547770182,0.9741839170455933,0.5110364437103272,0.5381437937418619,0.9850039482116699,0.5706139087677002,0.8803849538167318,0.6188433170318604,0.5095677375793457,0.8680912017822265,0.72728431224823,0.5999268531799317,1.0,0.04964454099535942,0.5293571472167968,0.9927457173665365,0.07748819887638092
squat,0.40945801734924314,0.037809499104817706,0.13855937123298645,0.4162897109985352,0.017526531219482423,0.09871479868888855,0.4174604892730713,0.027367941538492837,0.009819094091653824,0.4681998729705811,0.006991449991861979,0.30856645107269287,0.46079244613647463,0.0326446533203125,0.0046096970327198505,0.5464052677154541,0.06566015879313152,0.6646242737770081,0.4459407806396484,0.12017296155293783,0.7696212530136108,0.4404882907867432,0.06273978551228841,0.8521772027015686,0.3332622528076172,0.16901261011759441,0.8552864193916321,0.24267230033874512,0.025591468811035155,0.798479437828064,0.19813261032104493,0.12896618843078614,0.829964816570282,0.5842113018035888,0.5436776479085287,0.9851126074790955,0.5110784530639648,0.5525686899820964,0.9901766180992126,0.5584218025207519,0.8924121856689453,0.7140451669692993,0.49730501174926756,0.8740313212076823,0.7743961811065674,0.5837384223937988,1.0,0.07704590260982513,0.528553581237793,1.0,0.1051492765545845
squat,0.41578359603881837,0.04803784688313802,0.09277664124965668,0.4209334373474121,0.02774499257405599,0.0675412192940712,0.42278294563293456,0.03622913360595703,0.007169454824179411,0.4661912441253662,0.01128698984781901,0.25488972663879395,0.46596875190734866,0.03425025939941406,0.004709123633801937,0.5432976722717285,0.06492652893066406,0.5732385516166687,0.4532129764556885,0.11444528897603352,0.6978524327278137,0.43870296478271487,0.05938730239868164,0.8151954412460327,0.3456002712249756,0.16418412526448567,0.8240202069282532,0.23734123706817628,0.006917126973470052,0.7486672401428223,0.20238323211669923,0.12004904747009278,0.797234833240509,0.5777399063110351,0.5531981786092123,0.9822799563407898,0.5100996494293213,0.5582637151082357,0.9884241223335266,0.5523092746734619,0.9083118438720703,0.6868944764137268,0.4879009246826172,0.8824373245239258,0.7554188966751099,0.5701181888580322,1.0,0.07681452482938766,0.501692247390747,1.0,0.10589160770177841
squat,0.43680944442749026,0.0652098019917806,0.050077248364686966,0.44020562171936034,0.0481663703918457,0.038046400994062424,0.4472132682800293,0.05291595458984375,0.0032859486527740955,0.4787760257720947,0.03191579182942708,0.22259707748889923,0.49297256469726564,0.04542522430419922,0.0031890373211354017,0.5508205890655518,0.08752470016479492,0.6134552359580994,0.4698756694793701,0.11938629150390626,0.5929040312767029,0.4883674144744873,0.07434539794921875,0.8615032434463501,0.35963537693023684,0.15459839502970377,0.7418167591094971,0.30548977851867676,0.0014403978983561197,0.7951117157936096,0.22075271606445312,0.14203160603841145,0.7178987264633179,0.5639339447021484,0.5364705403645833,0.9806622266769409,0.5099129676818848,0.53583984375,0.9817754030227661,0.5391665935516358,0.8808451334635417,0.7277256846427917,0.5049492359161377,0.8567732493082683,0.7275366187095642,0.5586981773376465,1.0,0.09414933621883392,0.527092456817627,1.0,0.10437675565481186
squat,0.41914191246032717,0.06324450174967448,0.016602221876382828,0.41938304901123047,0.04345547358194987,0.022190187126398087,0.43124775886535643,0.051203346252441405,0.0005318078910931945,0.4632049560546875,0.014679590861002604,0.3307609558105469,0.49245486259460447,0.032883644104003906,0.0012254390167072415,0.5401745796203613,0.06235287984212239,0.7151968479156494,0.48906540870666504,0.09289585749308268,0.4209701120853424,0.4613478183746338,0.08885377248128255,0.9289324879646301,0.4010339260101318,0.1438596725463867,0.552161455154419,0.24397749900817872,0.08845491409301758,0.8549441695213318,0.23403282165527345,0.14187517166137695,0.5630897879600525,0.5561298370361328,0.5145796140034994,0.9884188771247864,0.5204489707946778,0.5123616218566894,0.9815418720245361,0.5293738365173339,0.8584997812906902,0.8449779152870178,0.5109605312347412,0.8326529184977214,0.772278368473053,0.556860876083374,1.0,0.17283393442630768,0.538228702545166,0.9840095520019532,0.15270638465881348
squat,0.43640661239624023,0.07173153559366861,0.018131384626030922,0.4374369144439697,0.053493531545003255,0.023906582966446877,0.45070781707763674,0.05994720458984375,0.0005650381790474057,0.4809869766235352,0.030686092376708985,0.3445490300655365,0.5136007785797119,0.04577140808105469,0.001204402302391827,0.5465458869934082,0.08182748158772786,0.7369838356971741,0.5039132595062256,0.11218366622924805,0.43166276812553406,0.46186065673828125,0.0829069455464681,0.9381309151649475,0.4027256965637207,0.15071433385213215,0.546887993812561,0.26416404247283937,0.05972607930501302,0.8632633686065674,0.23579206466674804,0.14094438552856445,0.5433054566383362,0.5533449172973632,0.5450686136881511,0.9895106554031372,0.5236293315887451,0.5435431162516277,0.981862485408783,0.5290746212005615,0.8925701141357422,0.8133454918861389,0.5180441379547119,0.8663627624511718,0.7103123664855957,0.5602506637573242,1.0,0.13024939596652985,0.5469157218933105,1.0,0.10621574521064758
squat,0.4269287109375,0.06501998901367187,0.011952530592679977,0.4278256893157959,0.04620933532714844,0.014620046131312847,0.4403351306915283,0.0532138188680013,0.0003778554091695696,0.47333402633666993,0.02064062754313151,0.2472630888223648,0.5018694877624512,0.036576271057128906,0.0008732402930036187,0.5462461948394776,0.07086292902628581,0.635586142539978,0.4952229499816895,0.09796711603800455,0.3718916177749634,0.4655158519744873,0.10050226847330729,0.9227511286735535,0.40401172637939453,0.14884942372639973,0.5789558291435242,0.2579990863800049,0.09727458953857422,0.8569195866584778,0.24136621952056886,0.14508387247721355,0.5971067547798157,0.560152816772461,0.5375524520874023,0.9868929982185364,0.522489356994629,0.5350649515787761,0.980389416217804,0.5364886283874511,0.8778266906738281,0.7845054268836975,0.5111414909362793,0.8540388743082682,0.7060980796813965,0.5656430721282959,1.0,0.11592181771993637,0.5374050140380859,0.9925193786621094,0.10426711291074753
squat,0.4313944339752197,0.07492958704630534,0.009505046531558037,0.4306512355804443,0.055512428283691406,0.013924255967140198,0.4444132804870605,0.062297693888346356,0.0002665345382411033,0.4732216835021973,0.027187856038411458,0.27883264422416687,0.507982587814331,0.04186035792032878,0.0008673559641465545,0.542480182647705,0.07465314865112305,0.6539576053619385,0.5095889091491699,0.0981837272644043,0.31446918845176697,0.4594857692718506,0.10776611963907877,0.9258033633232117,0.4235703468322754,0.14747018814086915,0.46624690294265747,0.2506575107574463,0.11542978286743164,0.8524172306060791,0.24986767768859863,0.13992268244425457,0.5077040791511536,0.5606681823730468,0.5289711952209473,0.9865694642066956,0.5357922077178955,0.5247433662414551,0.9762583374977112,0.526645565032959,0.8684169769287109,0.8260011076927185,0.5158087253570557,0.8428750356038411,0.7254959344863892,0.5523294448852539,1.0,0.15914949774742126,0.5380813598632812,0.9881538391113281,0.13215138018131256
squat,0.4376526355743408,0.06621328989664714,0.014081548899412155,0.4387312412261963,0.04821910858154297,0.014628647826611996,0.4502881050109863,0.05508912404378255,0.0004961943486705422,0.4805914878845215,0.028184000651041666,0.22212865948677063,0.5065054416656494,0.044419256846110027,0.0010362955508753657,0.5544008255004883,0.08183437983194987,0.6603056788444519,0.4945389747619629,0.111689821879069,0.4417065978050232,0.4818218231201172,0.0939038594563802,0.928417444229126,0.4011502742767334,0.15062691370646158,0.6550824046134949,0.278167200088501,0.07914222081502278,0.8789975643157959,0.2482665777206421,0.14445184071858724,0.6720226407051086,0.5650449275970459,0.5400187810262044,0.9900688529014587,0.5235487461090088,0.5374190648396809,0.9861347079277039,0.5275370121002197,0.8587116241455078,0.8586441278457642,0.5045188426971435,0.8334487915039063,0.8073137998580933,0.5535750389099121,1.0,0.198741614818573,0.5352095603942871,0.9778411865234375,0.18357664346694946
squat,0.4411654472351074,0.051048533121744795,0.01012976560741663,0.4429443836212158,0.03295567830403646,0.009491673670709133,0.4540041446685791,0.03976879119873047,0.00037991206045262516,0.48739171028137207,0.010303497314453125,0.14556412398815155,0.5086416244506836,0.026353104909261068,0.0007406009244732559,0.5612387180328369,0.06237436930338542,0.5048860311508179,0.493074893951416,0.08927348454793295,0.37850406765937805,0.4797028064727783,0.09952243169148763,0.8947014212608337,0.3935425281524658,0.1463352839152018,0.6735139489173889,0.27748756408691405,0.09003003438313802,0.856672465801239,0.2479428768157959,0.14653491973876953,0.7059683799743652,0.5718416213989258,0.5236921310424805,0.9842244386672974,0.5232489585876465,0.5204548199971517,0.9818893671035767,0.5260483741760253,0.8422645568847656,0.8073028326034546,0.49749135971069336,0.8202475865681966,0.7756109833717346,0.5464494705200196,1.0,0.15048925578594208,0.5232642650604248,0.9710087458292643,0.1526017040014267
squat,0.4251370906829834,0.06314226786295572,0.030898407101631165,0.4282486915588379,0.04524720509847005,0.022999679669737816,0.43637843132019044,0.051647059122721356,0.0017983356956392527,0.4732609748840332,0.023464266459147134,0.1619955152273178,0.4865995407104492,0.040032354990641277,0.0018278333591297269,0.5560576915740967,0.07195501327514649,0.45131558179855347,0.4741626262664795,0.10769548416137695,0.522628903388977,0.49712677001953126,0.07785952885945638,0.8119300603866577,0.3794617414474487,0.1526529630025228,0.7816774845123291,0.3108175277709961,0.05617968241373698,0.7935865521430969,0.2463395595550537,0.15457766850789387,0.7901186943054199,0.5769837379455567,0.5366966247558593,0.975878894329071,0.519192123413086,0.5356147766113282,0.9820371866226196,0.5373879909515381,0.8663674036661784,0.7123979330062866,0.4876256465911865,0.8455970128377278,0.761060357093811,0.5463874816894532,1.0,0.09930923581123352,0.5004284381866455,1.0,0.12906615436077118
squat,0.422133207321167,0.06024010976155599,0.27740785479545593,0.42559337615966797,0.03472207387288411,0.1458495706319809,0.4273831844329834,0.04705066680908203,0.030931774526834488,0.47662720680236814,0.01019442876180013,0.2875041961669922,0.47501449584960936,0.04235140482584635,0.011208165436983109,0.57113618850708,0.08476502100626628,0.6797225475311279,0.4721704959869385,0.12113997141520182,0.8783732652664185,0.5307659149169922,0.09691311518351237,0.8150835037231445,0.35338172912597654,0.16532675425211588,0.9475758075714111,0.4007230758666992,0.02058267593383789,0.8290364146232605,0.24052512645721436,0.15479453404744467,0.9392491579055786,0.5850109100341797,0.5407667795817057,0.9738436937332153,0.5164824962615967,0.5392224629720052,0.9888002872467041,0.553803539276123,0.8400112152099609,0.7411291599273682,0.4854449272155762,0.8151044845581055,0.8684002757072449,0.5531975269317627,0.9990987777709961,0.1171346977353096,0.4588726043701172,0.9634401957194011,0.2074127048254013
squat,0.4349766731262207,0.04654754002888997,0.3980127274990082,0.44175119400024415,0.019975630442301433,0.4312627911567688,0.434492301940918,0.029104137420654298,0.06655307114124298,0.48731226921081544,0.0,0.5936164259910583,0.4765603065490723,0.01864646275838216,0.023891910910606384,0.5616843223571777,0.10606339772542318,0.839712381362915,0.5063831806182861,0.11861931482950847,0.6246644854545593,0.5833248615264892,0.23221303621927897,0.7634017467498779,0.4953449249267578,0.22277081807454427,0.5187472105026245,0.5381423950195312,0.17245448430379232,0.5905177593231201,0.4609057903289795,0.09262059529622396,0.4177282750606537,0.5684960365295411,0.5722288131713867,0.9660785794258118,0.5290515422821045,0.5688726425170898,0.9562390446662903,0.5171113014221191,0.8947231292724609,0.743829607963562,0.4944435119628906,0.8881329854329427,0.7248704433441162,0.49975385665893557,1.0,0.18673309683799744,0.4766701221466064,0.9863454182942708,0.19033078849315643
squat,0.46928768157958983,0.020007960001627603,0.3787490725517273,0.48111929893493655,0.0,0.2413175106048584,0.4565091133117676,0.0,0.10218862444162369,0.5171660900115966,0.0,0.23683476448059082,0.46118602752685545,0.0,0.049907561391592026,0.5709071159362793,0.14196065266927083,0.784360945224762,0.47077188491821287,0.1226525624593099,0.7571113705635071,0.5570476531982422,0.3614339828491211,0.6881352066993713,0.4492909908294678,0.27033195495605467,0.7193595170974731,0.5281773567199707,0.3030316670735677,0.617676317691803,0.451035737991333,0.1380215326944987,0.6639783382415771,0.5738216876983643,0.5819911956787109,0.963808000087738,0.510523796081543,0.5696932474772135,0.9686711430549622,0.49675707817077636,0.8538197199503581,0.8075156807899475,0.4890937328338623,0.836091677347819,0.8391443490982056,0.4288675308227539,0.9835512797037761,0.27189043164253235,0.4667102813720703,0.9527324040730795,0.3123844861984253
squat,0.43207578659057616,0.06827497482299805,0.8850494027137756,0.4481786251068115,0.04143867492675781,0.9292469620704651,0.42568793296813967,0.04639155069986979,0.29613202810287476,0.5081082344055176,0.04900903701782226,0.9290621280670166,0.45074968338012694,0.06288884480794271,0.024273883551359177,0.5772462844848633,0.2337158521016439,0.9874481558799744,0.4591963291168213,0.18470458984375,0.7701906561851501,0.5750391960144043,0.5618030548095703,0.9522828459739685,0.4200756549835205,0.40308974583943685,0.3492298722267151,0.4816540241241455,0.2820037206013997,0.9130006432533264,0.43799920082092286,0.22206684748331706,0.3649117946624756,0.5351844787597656,0.6584340413411458,0.9371768236160278,0.45833897590637207,0.6322067896525065,0.8035038709640503,0.5128726005554199,0.8829897562662761,0.4926064908504486,0.4918519496917725,0.8632227579752604,0.23729142546653748,0.5054400444030762,0.93699156443278,0.045832134783267975,0.5059224605560303,0.9269812266031902,0.02312598004937172
squat,0.41949262619018557,0.14149026870727538,0.9070349931716919,0.44576711654663087,0.11320765813191731,0.9517329931259155,0.41342835426330565,0.11433804829915364,0.36085304617881775,0.5057874202728272,0.13803075154622396,0.9491750597953796,0.43001670837402345,0.1378864288330078,0.02437124401330948,0.5662293434143066,0.3387432098388672,0.9876787066459656,0.43386316299438477,0.31285648345947265,0.6543306708335876,0.6056004524230957,0.7037540435791015,0.9296215176582336,0.4282590389251709,0.6052897135416667,0.13836818933486938,0.49724841117858887,0.38104588190714517,0.8718318939208984,0.4355139255523682,0.321011225382487,0.1693212240934372,0.5283767700195312,0.8029517491658529,0.6717195510864258,0.4390262603759766,0.7891337076822916,0.29891613125801086,0.49927706718444825,0.9184638977050781,0.11084182560443878,0.4550176620483398,0.9228799184163411,0.028385410085320473,0.5284312725067138,0.897181510925293,0.009445355273783207,0.5470272541046143,0.9180400212605794,0.003669052617624402
squat,0.4288433074951172,0.22421172459920247,0.8338834047317505,0.44911584854125974,0.20453739166259766,0.9170715808868408,0.4277353763580322,0.20287647247314453,0.31171920895576477,0.5026346206665039,0.22786903381347656,0.9220017790794373,0.45364913940429685,0.22051226298014323,0.03666968271136284,0.5476723194122315,0.3758411725362142,0.9598071575164795,0.4725646495819092,0.3535729090372721,0.6255893111228943,0.5501795768737793,0.595469347635905,0.8260208964347839,0.4430598258972168,0.565926996866862,0.14977945387363434,0.44875364303588866,0.319189453125,0.6379213333129883,0.40533156394958497,0.41160831451416013,0.1323239952325821,0.556001615524292,0.7810298919677734,0.6576970815658569,0.49857683181762696,0.7656787872314453,0.39820945262908936,0.5252275466918945,0.8977783838907878,0.1375775933265686,0.4803506374359131,0.8817831039428711,0.054566871374845505,0.563774299621582,0.8744730631510417,0.024773096665740013,0.5458939552307129,0.8622210820515951,0.013437525369226933
squat,0.40973262786865233,0.2815731048583984,0.9015191793441772,0.42656502723693845,0.26251742045084636,0.9182501435279846,0.41701469421386717,0.2661841074625651,0.2816820442676544,0.4846555233001709,0.2956326166788737,0.9340226650238037,0.4600175380706787,0.297517204284668,0.02843516319990158,0.5375589370727539,0.46438449223836265,0.9558150172233582,0.4768847465515137,0.4427403450012207,0.932220458984375,0.5245174884796142,0.5525466918945312,0.8784042596817017,0.3238423585891724,0.5179511070251465,0.6605263352394104,0.4517065525054932,0.38392823537190757,0.8144773244857788,0.1480185031890869,0.5352632522583007,0.5801500678062439,0.5735790252685546,0.8823477427164713,0.7843128442764282,0.538410234451294,0.8586800893147787,0.7711385488510132,0.39459474086761476,0.9213279724121094,0.25174087285995483,0.39229726791381836,0.8859835306803385,0.17439702153205872,0.4886892795562744,0.9507556279500325,0.04735615849494934,0.5058560371398926,0.9077234903971354,0.03928263112902641
squat,0.41505846977233884,0.3699474334716797,0.8078761100769043,0.43170671463012694,0.3495711008707682,0.8828166127204895,0.4213422775268555,0.35371932983398435,0.15498565137386322,0.48418750762939455,0.37362982432047526,0.9288244843482971,0.46206159591674806,0.37574618657430015,0.02169225737452507,0.5135729789733887,0.5120195706685384,0.9222398400306702,0.48442997932434084,0.5187685330708821,0.8421851396560669,0.4388412952423096,0.5640427271525065,0.843056857585907,0.3368034839630127,0.6001780192057292,0.3618914484977722,0.3623784065246582,0.4603661219278971,0.6643716096878052,0.1434025526046753,0.6038575490315755,0.2683488726615906,0.5831664085388184,0.9129046122233073,0.5632830262184143,0.5648191452026368,0.9044132232666016,0.4702095091342926,0.40376710891723633,0.9189704259236654,0.1424868404865265,0.4163188934326172,0.8873678207397461,0.06724078208208084,0.5039145469665527,0.9331039428710938,0.038613010197877884,0.5460400104522705,0.8738315582275391,0.025672532618045807
squat,0.40848193168640134,0.417242177327474,0.9730028510093689,0.43012361526489257,0.40193535486857096,0.9839216470718384,0.4121678352355957,0.39585584004720054,0.4908783435821533,0.48975672721862795,0.42788848876953123,0.9804115295410156,0.43677349090576173,0.4117794672648112,0.02998550608754158,0.5401418209075928,0.544041633605957,0.9869771599769592,0.4569305419921875,0.5308647473653157,0.9718338251113892,0.3956226587295532,0.6440191904703776,0.9812597632408142,0.30172593593597413,0.5948020935058593,0.8771783113479614,0.16311819553375245,0.6993504206339518,0.9648000001907349,0.14991276264190673,0.6167596181233724,0.8603283762931824,0.6101855754852294,0.9311747233072917,0.9153422117233276,0.5352225303649902,0.8995583216349284,0.8953275084495544,0.41597623825073243,0.8957912445068359,0.36272674798965454,0.2931429624557495,0.8374589920043946,0.2208716720342636,0.3900893688201904,0.9348273595174154,0.07576099783182144,0.2955190658569336,0.8474180857340495,0.05704189091920853
squat,0.41369075775146485,0.4387755076090495,0.9810066819190979,0.43653106689453125,0.4236093521118164,0.9888339638710022,0.41590042114257814,0.4220295270284017,0.555285632610321,0.4975071907043457,0.45538247426350914,0.9806485772132874,0.44097104072570803,0.4455227851867676,0.0374704971909523,0.5232329845428467,0.5813510258992513,0.9862443804740906,0.46100192070007323,0.5685524622599284,0.9634761214256287,0.33762350082397463,0.6574422200520833,0.980449378490448,0.3070242404937744,0.6086564381917318,0.7870362997055054,0.15272786617279052,0.66292298634847,0.9672883749008179,0.16146714687347413,0.6078447341918946,0.81712406873703,0.6124722003936768,0.9758664449055989,0.7872043251991272,0.5569789409637451,0.9567430496215821,0.7097517251968384,0.4086578845977783,0.9365499496459961,0.17064161598682404,0.3590434789657593,0.8955523173014323,0.07422634214162827,0.44966716766357423,1.0,0.02517786994576454,0.43847017288208007,0.9395053863525391,0.016098516061902046
squat,0.4232459545135498,0.40828482309977215,0.9617564678192139,0.44727168083190916,0.3980661392211914,0.9579184651374817,0.428314733505249,0.3967051823933919,0.5569278001785278,0.5024222373962403,0.43587074279785154,0.9366905689239502,0.44696645736694335,0.4248517990112305,0.06233670935034752,0.5276960372924805,0.5399798711140951,0.9778680801391602,0.44511895179748534,0.5418825149536133,0.9751864075660706,0.4231863975524902,0.6077543258666992,0.9696856737136841,0.3364821434020996,0.5914876937866211,0.8951451778411865,0.26323466300964354,0.5722133636474609,0.9452977180480957,0.17401320934295655,0.5832001368204752,0.853381335735321,0.5970546722412109,0.8983707427978516,0.895608127117157,0.5293328285217285,0.8914107004801433,0.8912174105644226,0.47372989654541015,0.9231240590413411,0.2878917157649994,0.3803569793701172,0.9061440785725912,0.1974686086177826,0.5841711521148681,0.9702756245930989,0.038557086139917374,0.5221869468688964,0.9524077733357748,0.031739018857479095
squat,0.4776799201965332,0.3898455301920573,0.5407424569129944,0.4853019714355469,0.3771104176839193,0.34681934118270874,0.4695594787597656,0.3782887776692708,0.20086704194545746,0.49596710205078126,0.39687875111897786,0.30513015389442444,0.4618345260620117,0.39655170440673826,0.11337718367576599,0.5228341102600098,0.4856114387512207,0.8885786533355713,0.4634557723999023,0.48778565724690753,0.7918059825897217,0.5054835796356201,0.5697842915852864,0.9012075066566467,0.4726381301879883,0.5731287638346354,0.7420521378517151,0.46546187400817873,0.4497075080871582,0.8351633548736572,0.46773266792297363,0.4470974922180176,0.6965948939323425,0.5561142444610596,0.790503184000651,0.8652672171592712,0.5056849479675293,0.7868042627970377,0.8239225745201111,0.4799102783203125,0.901133918762207,0.3317839801311493,0.4101360321044922,0.8868765513102214,0.23736000061035156,0.5076489925384522,0.9572788874308268,0.0520983561873436,0.4360977649688721,0.9226847330729167,0.03824368119239807
squat,0.4752391815185547,0.33746379216512046,0.7057508230209351,0.4851400375366211,0.3208812395731608,0.5224902629852295,0.46170821189880373,0.3245336214701335,0.34681785106658936,0.503288459777832,0.33526172637939455,0.39561083912849426,0.4502434253692627,0.3442558288574219,0.14873072504997253,0.5322116851806641,0.4231872240702311,0.8894781470298767,0.4542386531829834,0.43309450149536133,0.878657877445221,0.4966898441314697,0.4962054570515951,0.8806329369544983,0.4620689392089844,0.5035436312357585,0.8227819800376892,0.45889911651611326,0.39718825022379556,0.8358929753303528,0.4631281852722168,0.38745555877685545,0.7829487323760986,0.575458574295044,0.7488592783610026,0.8725645542144775,0.512886381149292,0.7490171432495117,0.8652751445770264,0.5276069164276123,0.8509113311767578,0.29355373978614807,0.45140643119812013,0.8202919006347656,0.24767857789993286,0.5630839347839356,0.9177197138468425,0.05081906542181969,0.4967472076416016,0.8519137700398763,0.045405346900224686
squat,0.42997064590454104,0.2346401850382487,0.940898597240448,0.4511691093444824,0.21961886088053387,0.8950878977775574,0.4262878894805908,0.21755313873291016,0.4876949191093445,0.4977099895477295,0.25131556193033855,0.8504124879837036,0.4366363525390625,0.24463621775309244,0.06892533600330353,0.5244120121002197,0.3803177197774251,0.9758054614067078,0.4377387523651123,0.3708390553792318,0.9825971722602844,0.4871352672576904,0.43760811487833656,0.9718416929244995,0.30277462005615235,0.4272646903991699,0.9552690386772156,0.45479769706726075,0.3117170969645182,0.9537955522537231,0.11497316360473633,0.4006434758504232,0.9293371438980103,0.5728926181793212,0.802534548441569,0.9542164206504822,0.5136583805084228,0.7898183822631836,0.9615169167518616,0.4499979019165039,0.9372236887613933,0.29855766892433167,0.4020719051361084,0.8999451955159505,0.24915996193885803,0.517050838470459,0.99014892578125,0.018428077921271324,0.49494123458862305,0.9406515757242838,0.017122497782111168
squat,0.4180042266845703,0.18825848897298178,0.953490674495697,0.4375956058502197,0.17350648244222006,0.9239662289619446,0.42089152336120605,0.16981983184814453,0.6221057772636414,0.4888580322265625,0.19864635467529296,0.8429890871047974,0.43997797966003416,0.18870360056559246,0.0821867510676384,0.5298416614532471,0.32131805419921877,0.9418075084686279,0.42912116050720217,0.32116724650065104,0.974918007850647,0.4866363525390625,0.3463219960530599,0.8995660543441772,0.2821410417556763,0.35478963851928713,0.925384521484375,0.4168741226196289,0.28588832219441734,0.8605413436889648,0.14584078788757324,0.3395204544067383,0.8840232491493225,0.5839825630187988,0.7655471801757813,0.8946535587310791,0.5160326957702637,0.7559328079223633,0.9317463040351868,0.48212690353393556,0.9439974466959635,0.18220672011375427,0.42938909530639646,0.9048335393269856,0.20057420432567596,0.514335823059082,1.0,0.012823102995753288,0.5039835453033448,0.9467941284179687,0.01553727313876152
squat,0.4279212951660156,0.1299727439880371,0.9547073841094971,0.44720144271850587,0.11273743311564127,0.938712477684021,0.421450138092041,0.11147928237915039,0.609325647354126,0.49127860069274903,0.13541765213012696,0.8790138959884644,0.42852096557617186,0.13470452626546223,0.07749894261360168,0.5289803504943847,0.26038869222005206,0.9720509052276611,0.42262773513793944,0.2606095631917318,0.968271017074585,0.49212942123413084,0.32493845621744794,0.9556286931037903,0.2746237277984619,0.3054196357727051,0.8955769538879395,0.43247222900390625,0.24090204238891602,0.9190695881843567,0.11301934719085693,0.23928014437357584,0.8499722480773926,0.5695339202880859,0.7123758951822917,0.9605765342712402,0.49974679946899414,0.7053415934244792,0.9589914679527283,0.48010568618774413,0.9172627131144205,0.38659560680389404,0.43671245574951173,0.8890235265096028,0.3042958080768585,0.49286704063415526,1.0,0.027497250586748123,0.48783011436462403,0.958912722269694,0.02379843220114708
squat,0.43400421142578127,0.06429068247477214,0.9193108081817627,0.4470923900604248,0.049757734934488936,0.9212809801101685,0.4334444522857666,0.04586315155029297,0.5511586666107178,0.48590831756591796,0.07032690048217774,0.8814060688018799,0.45753092765808107,0.0611296017964681,0.12908756732940674,0.5248138904571533,0.1900196075439453,0.9759140610694885,0.4676912784576416,0.18788140614827473,0.9176117777824402,0.47552032470703126,0.26501638094584146,0.9372832179069519,0.4146746635437012,0.2921317418416341,0.740473747253418,0.41659984588623045,0.1537851333618164,0.865153968334198,0.40224714279174806,0.20390491485595702,0.7070654630661011,0.5623791217803955,0.569713846842448,0.9795299172401428,0.5204401016235352,0.5632115681966146,0.9689581394195557,0.5197816848754883,0.8347296396891276,0.8310876488685608,0.4922524929046631,0.8185769399007161,0.7742531895637512,0.47193479537963867,0.9974088033040365,0.2259148359298706,0.45548286437988283,0.9767879486083985,0.19913393259048462
squat,0.472642707824707,0.04197276433308919,0.6277256608009338,0.4814142227172852,0.02295974095662435,0.4242040514945984,0.4666429996490479,0.020893383026123046,0.2711949050426483,0.49584689140319826,0.027406787872314452,0.4413541257381439,0.4707522392272949,0.024163246154785156,0.19615937769412994,0.5218254566192627,0.1364604632059733,0.91608065366745,0.4681878089904785,0.14875071843465168,0.9109845161437988,0.4674194812774658,0.23270049095153808,0.8538256287574768,0.41117134094238283,0.27500572204589846,0.8404332399368286,0.4170233726501465,0.12412316004435221,0.706762433052063,0.39056034088134767,0.1628420829772949,0.7634456753730774,0.5827430248260498,0.567867660522461,0.97223299741745,0.542522382736206,0.573948860168457,0.9759829044342041,0.5559863090515137,0.8865577061971028,0.6630095839500427,0.5264610290527344,0.8846977869669597,0.6948242783546448,0.5353349208831787,1.0,0.08998750895261765,0.5132445335388184,0.9898087819417317,0.10316499322652817
squat,0.44730453491210936,0.014830748240152994,0.2724211513996124,0.4536159038543701,0.0,0.1057719886302948,0.44716949462890626,0.0,0.031178897246718407,0.4819311618804932,0.0,0.24465322494506836,0.46901473999023435,0.0,0.02905433252453804,0.5337354183197022,0.0712110201517741,0.7859553098678589,0.4642950534820557,0.10174388885498047,0.945377767086029,0.42534408569335935,0.11168524424235025,0.9059520959854126,0.34317564964294434,0.17675221761067708,0.9713230133056641,0.2636296033859253,0.11978031794230143,0.8959511518478394,0.1834728240966797,0.204033629099528,0.9683793187141418,0.5997251987457275,0.5063923199971517,0.9741649031639099,0.5513150691986084,0.5102960586547851,0.9896039962768555,0.5315774917602539,0.7751861572265625,0.7442605495452881,0.5184069156646729,0.7656634648640951,0.8589820265769958,0.509460163116455,0.9563973744710287,0.09324146062135696,0.5133016586303711,0.9461668650309245,0.15806418657302856
squat,0.4654200553894043,0.020138899485270183,0.08178406208753586,0.46835784912109374,0.0,0.034566767513751984,0.4643240451812744,0.005262692769368489,0.005855407100170851,0.49244489669799807,0.0,0.15402618050575256,0.4837277889251709,0.0,0.010018015280365944,0.5471935749053956,0.05937128067016602,0.7917290925979614,0.4634832859039307,0.08219970067342122,0.84648597240448,0.4108443260192871,0.1371146519978841,0.9542965292930603,0.33449501991271974,0.15867420832316081,0.9300719499588013,0.21128807067871094,0.17429704666137696,0.9284555315971375,0.18285210132598878,0.19770755767822265,0.9320208430290222,0.5982823848724366,0.535287602742513,0.985945999622345,0.5376889705657959,0.5378058751424154,0.9893450140953064,0.5415549755096436,0.8695883433024089,0.6955260634422302,0.5169572830200195,0.8540205637613932,0.713998556137085,0.5516542434692383,1.0,0.05203680321574211,0.5258123397827148,0.9729536056518555,0.06087307631969452
squat,0.4447004795074463,0.020047442118326823,0.028902115300297737,0.4423412799835205,0.0,0.029415886849164963,0.45035419464111326,0.0050346692403157554,0.0007194153731688857,0.4731774806976318,0.0,0.3405653238296509,0.49640817642211915,0.0,0.0022489167749881744,0.5311501979827881,0.005311743418375651,0.8980147242546082,0.5037731647491455,0.02159563700358073,0.561602771282196,0.41691927909851073,0.13679014841715495,0.9851743578910828,0.40439453125,0.14529940287272136,0.6888704895973206,0.20820481777191163,0.195712153116862,0.9634567499160767,0.2240894317626953,0.19628194173177083,0.7632256150245667,0.5772192001342773,0.4496643384297689,0.9915794134140015,0.5530559539794921,0.4488706906636556,0.9810108542442322,0.5396899223327637,0.8336151123046875,0.8518427014350891,0.5460992336273194,0.8218308766682942,0.702208936214447,0.5705677032470703,1.0,0.09376777708530426,0.5487348556518554,0.9757040659586589,0.06292010843753815
squat,0.4577946186065674,0.02920052210489909,0.025110136717557907,0.4561893939971924,0.002419122060139974,0.03196205571293831,0.4663726329803467,0.01646881103515625,0.0005354573950171471,0.5008477687835693,0.0,0.415157675743103,0.5278012752532959,0.0,0.001238467637449503,0.5773783683776855,0.008913135528564453,0.8679752349853516,0.525200891494751,0.04777374267578125,0.5061537027359009,0.4671947479248047,0.1293362299601237,0.9805444478988647,0.42056927680969236,0.17715848286946614,0.6535919308662415,0.23407268524169922,0.18948246637980143,0.9496851563453674,0.23390207290649415,0.20702095031738282,0.6931079030036926,0.5783318042755127,0.5358472188313802,0.985932469367981,0.5376357555389404,0.5384329477945964,0.9695595502853394,0.5539021492004395,0.9140716552734375,0.5453476309776306,0.5368398666381836,0.8976322174072265,0.34551510214805603,0.593243408203125,1.0,0.018541434779763222,0.5499760150909424,0.9933977762858073,0.012472561560571194
squat,0.4802159309387207,0.02864392598470052,0.023342158645391464,0.47935829162597654,0.004413541158040365,0.024164360016584396,0.4892869472503662,0.015851751963297526,0.0006152712740004063,0.520145320892334,0.0,0.34523141384124756,0.5458709716796875,0.0,0.0017796922475099564,0.5812499046325683,0.01724561055501302,0.8618191480636597,0.5318347930908203,0.04345496495564779,0.5930202603340149,0.4607234001159668,0.12538509368896483,0.9786663055419922,0.4158754348754883,0.152326234181722,0.7345619797706604,0.23163797855377197,0.1666836420694987,0.9441025257110596,0.23681104183197021,0.18830725351969402,0.7386825680732727,0.5716375350952149,0.525442632039388,0.9890562295913696,0.5329497337341309,0.5248384475708008,0.9797082543373108,0.5486397743225098,0.9055952707926432,0.6046090722084045,0.5448444843292236,0.8879326502482097,0.44085001945495605,0.5849030494689942,1.0,0.023208413273096085,0.5568081378936768,0.9827020009358723,0.01712990552186966
squat,0.42661094665527344,0.05419209798177083,0.01996374875307083,0.427622652053833,0.028070513407389322,0.02279059961438179,0.43581390380859375,0.04244308471679688,0.000554403814021498,0.4840735912322998,0.0,0.30808788537979126,0.49945807456970215,0.012879085540771485,0.0010459163459017873,0.579304313659668,0.0298890749613444,0.7713727951049805,0.49541964530944826,0.06152067184448242,0.4957534372806549,0.49425439834594725,0.1080950419108073,0.9590791463851929,0.39764866828918455,0.14968080520629884,0.7184892296791077,0.24860939979553223,0.10807167689005534,0.9171425700187683,0.23340463638305664,0.17439587910970053,0.7341564297676086,0.5792681217193604,0.5304033597310384,0.9874765276908875,0.5164519309997558,0.5271868705749512,0.981449544429779,0.5547425270080566,0.9133416493733724,0.6485111117362976,0.521586561203003,0.8894418080647787,0.5581871867179871,0.590324878692627,1.0,0.03454523906111717,0.5377392768859863,0.9970794041951497,0.03162110224366188
squat,0.44288067817687987,0.06382869084676107,0.03794410824775696,0.4451887130737305,0.03913310368855794,0.035487737506628036,0.45149731636047363,0.05254357655843099,0.0011948780156672,0.49965105056762693,0.0,0.3489876091480255,0.5101041316986084,0.03279743194580078,0.001631533377803862,0.586722469329834,0.05249576568603516,0.8254079818725586,0.5001488208770752,0.08933184941609701,0.659761905670166,0.49894070625305176,0.0980863889058431,0.966899037361145,0.3926572799682617,0.1617704709370931,0.8262293934822083,0.2685173511505127,0.06838515599568686,0.9360488057136536,0.22999963760375977,0.17121718724568685,0.8219882845878601,0.5763157367706299,0.5279534657796224,0.9903201460838318,0.5128064632415772,0.5254743258158366,0.9874468445777893,0.5506972312927246,0.895517094930013,0.7199856638908386,0.5050015449523926,0.8686782836914062,0.6594705581665039,0.5845544815063477,1.0,0.04733766242861748,0.5210051536560059,0.9770621617635091,0.04534923657774925
squat,0.46578192710876465,0.06010850270589193,0.0416189581155777,0.4712835311889648,0.03814420700073242,0.031426914036273956,0.4736779689788818,0.04721991221110026,0.0016226146835833788,0.5230042457580566,0.01456600824991862,0.2728913426399231,0.5219141006469726,0.037880325317382814,0.001958173932507634,0.598864221572876,0.07419799168904623,0.8088884949684143,0.5001729488372803,0.10816415150960286,0.6946120858192444,0.5130726337432862,0.08945306142171223,0.9665537476539612,0.39429330825805664,0.1662026087443034,0.8644005656242371,0.2938850879669189,0.03205436070760091,0.9433400630950928,0.23710253238677978,0.16781803766886394,0.8627726435661316,0.5792891025543213,0.5273489316304525,0.9923646450042725,0.5079748153686523,0.5230592409769694,0.9908299446105957,0.5619121074676514,0.8895184834798177,0.7954475283622742,0.4957266807556152,0.8559739430745442,0.7559298276901245,0.5937294006347656,1.0,0.07314570993185043,0.5165386199951172,0.9777746200561523,0.07148877531290054
squat,0.45604705810546875,0.049110094706217446,0.07898906618356705,0.4617147922515869,0.027011299133300783,0.06061083823442459,0.4667057991027832,0.0356716791788737,0.0028743683360517025,0.5161041736602783,0.014869117736816406,0.41526323556900024,0.5217897891998291,0.03790203730265299,0.002481467090547085,0.5973545551300049,0.09213670094807942,0.874813973903656,0.5027629852294921,0.13204224904378256,0.7937856912612915,0.5294790744781495,0.07156572341918946,0.9713318943977356,0.38618762493133546,0.17151765823364257,0.8912118077278137,0.3218268871307373,0.0,0.9489206075668335,0.22969279289245606,0.1654039700826009,0.8783980011940002,0.574643898010254,0.5651210149129232,0.9917471408843994,0.5079972267150878,0.5599522272745768,0.9903246164321899,0.5584738731384278,0.8896006266276042,0.7351731657981873,0.4924739360809326,0.8474467595418295,0.6938116550445557,0.5829793453216553,0.9954390207926432,0.05749910697340965,0.5091106414794921,0.9330425262451172,0.057246360927820206
squat,0.439773416519165,0.05900077819824219,0.07073679566383362,0.44448513984680177,0.03553282419840495,0.08366638422012329,0.4482092380523682,0.044281260172526045,0.00213300040923059,0.49870285987854,0.013466167449951171,0.546110987663269,0.5065418720245362,0.035803031921386716,0.00218044756911695,0.583914852142334,0.07406552632649739,0.8967235684394836,0.5084774971008301,0.11186380386352539,0.6378288865089417,0.538634967803955,0.06626230875651042,0.974734365940094,0.42985033988952637,0.15823322931925457,0.7403103709220886,0.32117409706115724,0.001560084025065104,0.9462462067604065,0.265549373626709,0.14424476623535157,0.748209536075592,0.5702116966247559,0.5312517801920573,0.9908196330070496,0.5152433395385743,0.5250527064005533,0.9831835031509399,0.5603066444396972,0.8819820404052734,0.7699136734008789,0.4972416877746582,0.8440297444661459,0.6518903970718384,0.5846524715423584,1.0,0.06963504105806351,0.5076656341552734,0.9564779917399089,0.055882636457681656
squat,0.5036167621612548,0.04544127782185872,0.05227430909872055,0.507371473312378,0.023886076609293618,0.05151078477501869,0.5104587554931641,0.029834270477294922,0.0022338840644806623,0.5469128131866455,0.0007049560546875,0.3229160010814667,0.5518188953399659,0.017754427591959634,0.0028267777524888515,0.5974781036376953,0.05439402262369792,0.7994946241378784,0.5308491230010987,0.08353722890218099,0.5140756964683533,0.504610252380371,0.08241659800211588,0.9559487700462341,0.42247753143310546,0.15634358723958333,0.6316088438034058,0.2800024747848511,0.031430816650390624,0.9238735437393188,0.25475263595581055,0.1547849973042806,0.6859235763549805,0.5631340980529785,0.4534181594848633,0.9792267680168152,0.5147175312042236,0.44781786600748696,0.9628562927246094,0.5361098766326904,0.7742874781290691,0.8109272718429565,0.5042725563049316,0.7484530131022136,0.6905460357666016,0.5466521263122559,0.9722975413004558,0.1158495545387268,0.5008335113525391,0.9372737884521485,0.08689440786838531
squat,0.4565005302429199,0.0661956787109375,0.03787535801529884,0.46066851615905763,0.045604546864827476,0.024500912055373192,0.46396913528442385,0.04935121536254883,0.0022671418264508247,0.5028958320617676,0.015054162343343098,0.1464109867811203,0.5082824230194092,0.02711973190307617,0.002760521601885557,0.5707575798034668,0.06421197255452474,0.46856653690338135,0.497112512588501,0.095514710744222,0.5817116498947144,0.5027446269989013,0.0940786361694336,0.8210121393203735,0.39301979541778564,0.1876047452290853,0.798334002494812,0.3050927400588989,0.030351034800211587,0.7752283811569214,0.2276240587234497,0.19681863784790038,0.7855403423309326,0.5779519557952881,0.5492270787556967,0.9479420185089111,0.5242810726165772,0.5441946029663086,0.9616758227348328,0.5394467830657959,0.8658186594645182,0.47020629048347473,0.49520301818847656,0.8359720865885417,0.5299545526504517,0.5318868160247803,0.9735812505086263,0.03667353466153145,0.49724721908569336,0.9362180074055989,0.04762381315231323
squat,0.5312967777252198,0.016324234008789063,0.44565585255622864,0.5336628913879394,0.0,0.08329945802688599,0.5145780086517334,0.0,0.3198566436767578,0.5303400039672852,0.0,0.02477380633354187,0.48601932525634767,0.016374238332112632,0.2985827922821045,0.5480130195617676,0.0960259755452474,0.3000715374946594,0.4627080917358398,0.13335158030192057,0.9292581081390381,0.45948100090026855,0.15009126663208008,0.3183399438858032,0.3505209445953369,0.21005856196085612,0.9449526071548462,0.325846266746521,0.10491835276285807,0.38274911046028137,0.20413708686828613,0.1973682721455892,0.9227171540260315,0.5844546794891358,0.5110686937967936,0.8570778369903564,0.5257451057434082,0.5215182622273763,0.968177318572998,0.5234642505645752,0.7710502624511719,0.5915493965148926,0.49930410385131835,0.7713470458984375,0.843155562877655,0.5159829139709473,0.9566757202148437,0.13562868535518646,0.49385814666748046,0.9484341939290365,0.2710649073123932
squat,0.4845573902130127,0.035750325520833334,0.28057369589805603,0.48815312385559084,0.01583563486735026,0.12304443120956421,0.481336784362793,0.018087196350097656,0.056537169963121414,0.5096932888031006,0.005622831980387369,0.15067912638187408,0.49450931549072263,0.01215054194132487,0.04296119511127472,0.5617309093475342,0.08963743845621745,0.827701985836029,0.4881760120391846,0.10514329274495443,0.8001094460487366,0.5463166236877441,0.18991317749023437,0.895993173122406,0.45001921653747556,0.24491211573282878,0.8792939782142639,0.46812734603881834,0.11911198298136393,0.8649073839187622,0.44782533645629885,0.18322877883911132,0.8791218400001526,0.5756649494171142,0.49537280400594075,0.9866625666618347,0.5218883037567139,0.49469518661499023,0.9877395033836365,0.535707950592041,0.8080482482910156,0.8858498334884644,0.4916219711303711,0.8063378651936849,0.8991511464118958,0.48915801048278806,1.0,0.252816379070282,0.4404484748840332,0.9962056477864584,0.27543750405311584
squat,0.44271197319030764,0.1807509740193685,0.819685161113739,0.45520639419555664,0.14185609817504882,0.7972651124000549,0.42868666648864745,0.14397179285685222,0.2787753641605377,0.49242076873779295,0.16090710957845053,0.8077828884124756,0.44727129936218263,0.16774425506591797,0.0916391909122467,0.5526220798492432,0.4181836446126302,0.9581144452095032,0.5009958267211914,0.39118855794270835,0.8178166747093201,0.6170872688293457,0.7411732355753581,0.798112154006958,0.5472216129302978,0.654890505472819,0.4538504183292389,0.5029965400695801,0.4004114468892415,0.8341415524482727,0.46477298736572265,0.364318052927653,0.6143011450767517,0.5344919204711914,0.8391409556070963,0.40529805421829224,0.4989781856536865,0.8153905232747396,0.30535346269607544,0.5202676773071289,0.8846569061279297,0.05647096410393715,0.4799232482910156,0.8676987965901692,0.044850464910268784,0.498000955581665,0.8616524378458659,0.006210203282535076,0.44333462715148925,0.8602691014607747,0.005423953291028738
squat,0.4448063850402832,0.2628068288167318,0.8069502115249634,0.4603382110595703,0.22161420186360678,0.7805731892585754,0.4321415424346924,0.2173142433166504,0.3591700792312622,0.4969806671142578,0.27020940780639646,0.7403579354286194,0.4405845642089844,0.26714601516723635,0.11077940464019775,0.5683900833129882,0.6481367111206054,0.8756367564201355,0.4089078426361084,0.5737341562906901,0.7836427688598633,0.6261459350585937,0.7500641504923503,0.4139159619808197,0.27026093006134033,0.5848400751749675,0.22140485048294067,0.5018804550170899,0.47132908503214516,0.5280811190605164,0.15136053562164306,0.478585942586263,0.34047961235046387,0.4829719543457031,0.9185593287150066,0.23937749862670898,0.41578378677368166,0.8692058563232422,0.20297087728977203,0.42380552291870116,0.935797373453776,0.08973859250545502,0.4075909614562988,0.858426856994629,0.0736227035522461,0.42192802429199217,0.8536638895670573,0.027800997719168663,0.4291995525360107,0.7852939605712891,0.025426233187317848
squat,0.42493562698364257,0.3536078453063965,0.9144920110702515,0.4475579738616943,0.32544517517089844,0.9313095808029175,0.41207218170166016,0.32828559875488283,0.5905887484550476,0.4897789001464844,0.33975664774576825,0.8951320052146912,0.40912208557128904,0.3421686808268229,0.10095363855361938,0.5612016201019288,0.5211643218994141,0.9736929535865784,0.40158395767211913,0.4841164588928223,0.8155860900878906,0.5880938053131104,0.7899443944295247,0.8264855742454529,0.3654909133911133,0.6673149108886719,0.31646987795829773,0.4816761493682861,0.5142703374226888,0.7800762057304382,0.42264084815979003,0.46988188425699867,0.3410842716693878,0.5553053855895996,0.8829844156901042,0.5603477358818054,0.45789508819580077,0.8638296763102213,0.3768573999404907,0.43139986991882323,0.9174471537272135,0.18047738075256348,0.4000378608703613,0.9083011627197266,0.08844409137964249,0.4638503074645996,0.9157582600911458,0.039006222039461136,0.5182335376739502,0.9108668009440104,0.023282065987586975
squat,0.4214155197143555,0.4059189796447754,0.9690294861793518,0.44629583358764646,0.38285554250081383,0.9813737273216248,0.41023821830749513,0.3852535247802734,0.7958545088768005,0.49517822265625,0.40206273396809894,0.9576367735862732,0.4121252059936523,0.4013924280802409,0.1738322526216507,0.5251495838165283,0.5190012931823731,0.9800965189933777,0.4348482131958008,0.5290047645568847,0.8964975476264954,0.4775225639343262,0.6104320526123047,0.9097710847854614,0.40233774185180665,0.6420392354329427,0.4202618896961212,0.41135282516479493,0.570185661315918,0.7814220786094666,0.3340871810913086,0.6644078572591146,0.34181246161460876,0.5747188568115235,0.8582246780395508,0.8072479963302612,0.5126614570617676,0.8554471969604492,0.6708272695541382,0.45722403526306155,0.9495581309000651,0.28402334451675415,0.41506204605102537,0.9241151173909505,0.13448195159435272,0.5215533256530762,0.9999435424804688,0.06579332053661346,0.5235158920288085,0.9548404057820638,0.03960621729493141
squat,0.4159067153930664,0.4604726473490397,0.988260805606842,0.4464087009429932,0.4320336659749349,0.98895263671875,0.40281291007995607,0.43365491231282555,0.8512910008430481,0.49936976432800295,0.44535236358642577,0.975216805934906,0.39661102294921874,0.4423205057779948,0.2069455087184906,0.5278024196624755,0.5671441396077473,0.9875525236129761,0.4161063671112061,0.5664915084838867,0.9888609051704407,0.39595439434051516,0.6638621012369792,0.9664375185966492,0.32093381881713867,0.6096777598063151,0.9172766804695129,0.1865868330001831,0.7265594482421875,0.9529700875282288,0.179442834854126,0.6407439549763997,0.904902458190918,0.5868313312530518,0.9319979985555013,0.8557617664337158,0.5087989807128906,0.9160070419311523,0.8722605109214783,0.3658252716064453,0.9510126749674479,0.28656139969825745,0.3242927074432373,0.9200801213582357,0.22181014716625214,0.40292534828186033,1.0,0.04663033038377762,0.4378443717956543,0.9651408513387044,0.04246678203344345
squat,0.41545443534851073,0.4661030133565267,0.9883090257644653,0.44347620010375977,0.43947407404581706,0.9881751537322998,0.40582613945007323,0.4415185292561849,0.8248761892318726,0.49752349853515626,0.45253531138102215,0.9662788510322571,0.40636773109436036,0.45175406138102214,0.15578827261924744,0.5151429176330566,0.5657302220662435,0.98442542552948,0.4245614528656006,0.5688889821370443,0.9878128170967102,0.36246685981750487,0.6581340154012044,0.967617928981781,0.32281246185302737,0.6186744689941406,0.9190033078193665,0.1782827377319336,0.7026165008544922,0.9578884840011597,0.18054200410842897,0.6377010981241862,0.9093899726867676,0.5714154720306397,0.9078988393147787,0.8872983455657959,0.5059212684631348,0.8954527537027995,0.8988769054412842,0.3661675453186035,0.9692809422810872,0.4646960198879242,0.3350440502166748,0.9462491353352864,0.3751595616340637,0.4016743183135986,1.0,0.08407172560691833,0.4257049560546875,1.0,0.07571346312761307
squat,0.41591691970825195,0.43901678721110027,0.9871838688850403,0.44413957595825193,0.4160305023193359,0.9880791306495667,0.4052027702331543,0.4171858469645182,0.8452615141868591,0.49357924461364744,0.43436511357625324,0.9751186966896057,0.40184755325317384,0.43286031087239585,0.19329284131526947,0.5249833106994629,0.5372409184773763,0.9882253408432007,0.4227114200592041,0.5544120152791341,0.9872322082519531,0.4142796516418457,0.6201446533203125,0.9678690433502197,0.33631181716918945,0.6220851262410482,0.9027721285820007,0.19864802360534667,0.6264581680297852,0.9423828721046448,0.15650482177734376,0.6205963134765625,0.866356611251831,0.5883824825286865,0.9179499944051107,0.8870190978050232,0.5113431453704834,0.907704226175944,0.8907966613769531,0.4090968132019043,0.9563243865966797,0.27386507391929626,0.3418235778808594,0.925665283203125,0.19764333963394165,0.4599142074584961,1.0,0.04017438739538193,0.4571815490722656,0.9750559488932292,0.03457518294453621
squat,0.41350364685058594,0.39043607711791994,0.9612097144126892,0.43935136795043944,0.36925977071126304,0.977233350276947,0.4025468349456787,0.3705709457397461,0.7584025263786316,0.4856098651885986,0.39249296188354493,0.9553214311599731,0.40146613121032715,0.3898255030314128,0.1530081331729889,0.527611780166626,0.4990953763326009,0.9804107546806335,0.42094030380249026,0.5384387334187826,0.8982444405555725,0.49593701362609866,0.5706230163574219,0.8999583125114441,0.4040398597717285,0.7030303319295247,0.3849455416202545,0.42254981994628904,0.5220387776692709,0.750510573387146,0.35072894096374513,0.7413267771402995,0.27612245082855225,0.5761180400848389,0.865918223063151,0.8758775591850281,0.5059346675872802,0.8676653544108073,0.7728906273841858,0.3966026782989502,0.9447889963785807,0.5353189706802368,0.35207419395446776,0.9197743733723959,0.2976572811603546,0.42512903213500974,1.0,0.20706620812416077,0.4631718635559082,0.9806992848714192,0.12621623277664185
squat,0.40134897232055666,0.34954779942830405,0.9914770722389221,0.4263618946075439,0.32644214630126955,0.9835745096206665,0.39000442028045657,0.3303693771362305,0.9286591410636902,0.4766486167907715,0.34229354858398436,0.9377171993255615,0.38843019008636476,0.34793144861857095,0.3199284076690674,0.5163356781005859,0.45582930246988934,0.9839602112770081,0.4060630798339844,0.462142276763916,0.9948797225952148,0.47846136093139646,0.5075008710225423,0.942211389541626,0.30769963264465333,0.5012244860331218,0.9739281535148621,0.41467833518981934,0.4494492848714193,0.9287226796150208,0.16208231449127197,0.5125693639119466,0.9534655213356018,0.5753438949584961,0.848623784383138,0.9533637762069702,0.5023908615112305,0.8383307139078776,0.9758011102676392,0.4044405460357666,0.943897819519043,0.5224026441574097,0.3535494089126587,0.9071575164794922,0.5813609957695007,0.4687067985534668,1.0,0.09402644634246826,0.4652397632598877,0.9777072906494141,0.11984851956367493
squat,0.40149755477905275,0.30147180557250974,0.9918544292449951,0.4244809627532959,0.27783934275309247,0.9840463995933533,0.387354302406311,0.28471361796061195,0.9462310671806335,0.4695404052734375,0.28901472091674807,0.9337817430496216,0.3818991661071777,0.30191389719645184,0.4177471995353699,0.5175559520721436,0.39698988596598306,0.9786534309387207,0.391821026802063,0.4139403978983561,0.9954343438148499,0.47520880699157714,0.4360170364379883,0.9128922820091248,0.273289155960083,0.44459683100382485,0.97423255443573,0.3924634218215942,0.3966169039408366,0.8881499171257019,0.14370465278625488,0.4601724624633789,0.9501388669013977,0.5850778102874756,0.8155979156494141,0.9474026560783386,0.5041637897491456,0.8114447275797526,0.9774150252342224,0.4036832809448242,0.9412392298380534,0.5020653605461121,0.3575913906097412,0.9137420654296875,0.6038951873779297,0.45531477928161623,1.0,0.0830400139093399,0.4695976734161377,0.9964685440063477,0.11690402030944824
squat,0.39908978939056394,0.250365416208903,0.9889562726020813,0.4204902172088623,0.22992604573567707,0.9804995656013489,0.38893535137176516,0.23138694763183593,0.8988357186317444,0.4624927997589111,0.24314695994059246,0.9402626752853394,0.3887112379074097,0.24610538482666017,0.27467790246009827,0.5087258338928222,0.3542057991027832,0.9850522875785828,0.4024503231048584,0.3719658851623535,0.9927768707275391,0.4850731372833252,0.39023399353027344,0.9575258493423462,0.2984229803085327,0.4250564893086751,0.9675619006156921,0.41766886711120604,0.3465447425842285,0.9375933408737183,0.1412297010421753,0.43234548568725584,0.945720911026001,0.5656640529632568,0.7774308522542318,0.9455201029777527,0.49682393074035647,0.7692916234334309,0.9654874801635742,0.40220947265625,0.9389025370279948,0.37586089968681335,0.36003329753875735,0.9029973347981771,0.3922831118106842,0.4268916130065918,1.0,0.03231105953454971,0.4337327480316162,0.9621152877807617,0.037174876779317856
squat,0.3983954429626465,0.20211881001790363,0.9914745092391968,0.4201224327087402,0.18276322682698568,0.987699031829834,0.3877901315689087,0.1811772346496582,0.9112882614135742,0.464189338684082,0.19478330612182618,0.953874945640564,0.385807466506958,0.1933407147725423,0.2522576153278351,0.5070924282073974,0.29905389149983724,0.9895557761192322,0.3952340126037598,0.31797682444254555,0.992258608341217,0.4659597396850586,0.3274426778157552,0.9651614427566528,0.2606334209442139,0.3810173352559408,0.9542961716651917,0.4142561435699463,0.2995643615722656,0.9447378516197205,0.10384595394134521,0.4108001708984375,0.9350739121437073,0.5704811096191407,0.709744389851888,0.9805075526237488,0.5012138366699219,0.703835932413737,0.9850354194641113,0.41330752372741697,0.9280189514160156,0.7200502157211304,0.383530855178833,0.8966225941975912,0.6958967447280884,0.39781200885772705,1.0,0.11767792701721191,0.420914363861084,0.9940787633260091,0.12058034539222717
squat,0.4027557849884033,0.1525792121887207,0.9649274945259094,0.4228294849395752,0.13203614552815754,0.9704025387763977,0.3934391736984253,0.13142948150634765,0.7312745451927185,0.47005929946899416,0.14237082799275716,0.937455952167511,0.401701021194458,0.13986164728800457,0.1536884307861328,0.5098225116729737,0.24285410245259603,0.98811274766922,0.4267581462860107,0.26695499420166013,0.9478347897529602,0.4755288600921631,0.29409093856811525,0.9626474380493164,0.38295803070068357,0.3788801511128744,0.7590409517288208,0.41555194854736327,0.23149134318033854,0.903816282749176,0.3279493570327759,0.3304646809895833,0.7197083830833435,0.5696794986724854,0.6483289082845052,0.9824100732803345,0.5128457069396972,0.6511631011962891,0.9702467918395996,0.4852445602416992,0.9123495737711589,0.7001006603240967,0.4591176986694336,0.9007896423339844,0.5626929402351379,0.4611683368682861,1.0,0.10216710716485977,0.4814443588256836,1.0,0.0761357769370079
squat,0.4050914764404297,0.10369358062744141,0.9579362869262695,0.4186011791229248,0.08458623886108399,0.9584750533103943,0.40027437210083006,0.08391380310058594,0.6703038811683655,0.465961217880249,0.09473870595296224,0.8975745439529419,0.4194983959197998,0.09629446665445963,0.1125011071562767,0.5204038619995117,0.1905366897583008,0.9831720590591431,0.44196333885192873,0.2172242005666097,0.9323052167892456,0.49533491134643554,0.2328998883565267,0.9558597803115845,0.3884596586227417,0.31291494369506834,0.8046119213104248,0.4300193786621094,0.18073209126790366,0.9309980273246765,0.37789158821105956,0.23847724596659342,0.8437166213989258,0.5781160831451416,0.533190377553304,0.9872337579727173,0.5232805728912353,0.539524523417155,0.9802615642547607,0.5630546569824219,0.7101472854614258,0.9587090015411377,0.5167391777038575,0.7147019704182943,0.9448117017745972,0.4796156883239746,0.9387800852457683,0.6826490163803101,0.4616363525390625,0.942119026184082,0.6622258424758911
squat,0.3947793960571289,0.05843146642049154,0.8600987195968628,0.4113612174987793,0.03886950810750325,0.9122621417045593,0.3973257064819336,0.038461558024088544,0.2088487297296524,0.4699106693267822,0.05341787338256836,0.9357486963272095,0.4350456237792969,0.05097532272338867,0.026528073474764824,0.5252328872680664,0.16297121047973634,0.9854682087898254,0.46742825508117675,0.19462757110595702,0.8675848245620728,0.5016350746154785,0.179901123046875,0.9744732975959778,0.4423384666442871,0.270323371887207,0.637792706489563,0.43044223785400393,0.11462742487589518,0.9320573806762695,0.4149184226989746,0.15210021336873372,0.6272183656692505,0.5873210430145264,0.5984362920125326,0.9893330335617065,0.5457059383392334,0.6036171595255534,0.9738582968711853,0.5286009311676025,0.9027448654174804,0.8216410875320435,0.5125883102416993,0.8928779602050781,0.6649234890937805,0.5034657955169678,1.0,0.15489798784255981,0.5316938400268555,0.9872267405192058,0.10695189982652664
squat,0.42366437911987304,0.012646834055582682,0.46115973591804504,0.44055862426757814,0.0,0.4403434693813324,0.421858024597168,0.0,0.07680103927850723,0.4879026412963867,0.017774422963460285,0.5802648067474365,0.44364032745361326,0.009871673583984376,0.026909319683909416,0.5392426967620849,0.12816743850708007,0.9106128215789795,0.45069313049316406,0.1409176508585612,0.754308819770813,0.5143208026885986,0.15188010533650717,0.9053313136100769,0.40291271209716795,0.2016626040140788,0.674424409866333,0.4432562828063965,0.09525858561197917,0.8269524574279785,0.3867558479309082,0.12520144780476888,0.6760247945785522,0.5895157814025879,0.5524578730265299,0.9860270023345947,0.5286540508270263,0.5552912394205729,0.9801861047744751,0.547089958190918,0.8768001556396484,0.8503429889678955,0.5158503532409668,0.8754131317138671,0.8124412894248962,0.5120771408081055,1.0,0.21009770035743713,0.5273256778717041,1.0,0.19591760635375977
squat,0.4331941604614258,0.016423575083414712,0.29509198665618896,0.44441876411437986,0.0,0.10992313176393509,0.43546133041381835,0.0,0.058163635432720184,0.48839411735534666,0.0,0.1646127700805664,0.4619891166687012,0.005720615386962891,0.026912791654467583,0.5493254661560059,0.08704131444295247,0.528544008731842,0.4434811115264893,0.12364393870035807,0.9289054870605469,0.49324703216552734,0.08548049926757813,0.6649121046066284,0.3083662033081055,0.1898970603942871,0.9664127826690674,0.4075480461120605,0.008784770965576172,0.6650279760360718,0.16202056407928467,0.1792363166809082,0.9476714730262756,0.593492078781128,0.5550254821777344,0.9635465145111084,0.5223830699920654,0.5618296941121419,0.9904996752738953,0.5572443008422852,0.8975543975830078,0.5930033922195435,0.5011407852172851,0.8825328826904297,0.8310573101043701,0.5593846321105957,1.0,0.0568828284740448,0.5148729801177978,1.0,0.12888744473457336
squat,0.40847487449645997,0.0840929349263509,0.09420982003211975,0.41424946784973143,0.06379419962565104,0.06372341513633728,0.41315584182739257,0.0700901985168457,0.006138034164905548,0.46155500411987305,0.02813692092895508,0.26112574338912964,0.45450387001037595,0.045816866556803386,0.004755130037665367,0.5472729682922364,0.06067349116007487,0.7406558990478516,0.44695372581481935,0.10049448013305665,0.733466386795044,0.4759997844696045,0.05857839584350586,0.9193291068077087,0.3502183437347412,0.16693156560262043,0.8686556220054626,0.2894415855407715,0.0,0.8753226399421692,0.20005514621734619,0.1769976298014323,0.8620818257331848,0.5823948860168457,0.5112850507100423,0.9855908155441284,0.5109401226043702,0.5118749936421713,0.9881439805030823,0.5592176437377929,0.8660044352213542,0.8021660447120667,0.49770255088806153,0.8362075169881185,0.8252468705177307,0.5708391666412354,1.0,0.11612340807914734,0.5118294715881347,0.9925621032714844,0.14393767714500427
squat,0.391990065574646,0.08110431035359701,0.03584111109375954,0.39569807052612305,0.058698081970214845,0.0488656684756279,0.40141711235046384,0.06579538981119791,0.0011035490315407515,0.4505754470825195,0.017505582173665366,0.4463978409767151,0.4651958465576172,0.032491111755371095,0.0019661253318190575,0.5348408699035645,0.05485258102416992,0.7851098775863647,0.4845309257507324,0.08137509028116861,0.50947105884552,0.45577211380004884,0.1099337895711263,0.9421499371528625,0.41994123458862304,0.1672032674153646,0.6428067684173584,0.23394479751586914,0.10187320709228516,0.868811845779419,0.23700475692749023,0.176895809173584,0.6517491340637207,0.574767017364502,0.5207518895467123,0.9803453087806702,0.5322248458862304,0.5171883265177409,0.9718700647354126,0.5641833305358886,0.8841105779012044,0.6777430176734924,0.5186683654785156,0.8589025497436523,0.6069028377532959,0.591343879699707,1.0,0.05837271362543106,0.5349224090576172,0.9781876881917317,0.05736871063709259
squat,0.4380977630615234,0.09838409423828125,0.025807427242398262,0.4406152248382568,0.07262538274129232,0.041923265904188156,0.44496855735778806,0.07964286804199219,0.000797082728240639,0.4899900436401367,0.033719348907470706,0.43310418725013733,0.5067861080169678,0.047588189442952476,0.002352673327550292,0.5470078945159912,0.08311678568522135,0.7392057776451111,0.5331588745117187,0.09426450729370117,0.3826900124549866,0.4468669414520264,0.1350351333618164,0.9298227429389954,0.4655959129333496,0.1472911834716797,0.4682135581970215,0.231125807762146,0.13829148610432943,0.8309904336929321,0.26674489974975585,0.14568138122558594,0.4926229417324066,0.5682867527008056,0.5402118682861328,0.9717763066291809,0.5473246097564697,0.5317779223124186,0.9509541392326355,0.5600875854492188,0.899911371866862,0.5678090453147888,0.5227632522583008,0.8715810139973958,0.43804696202278137,0.5933985233306884,0.9986536661783855,0.04314279556274414,0.5171534538269043,0.9537040710449218,0.03663042560219765
squat,0.44379072189331054,0.07213691075642904,0.04386982321739197,0.4469578742980957,0.04866453806559245,0.05887114629149437,0.4533367156982422,0.05601927439371745,0.0012106834910809994,0.4978285789489746,0.018732484181722006,0.5197418928146362,0.5158127784729004,0.03551263809204101,0.0022326409816741943,0.5750471115112304,0.07847655614217122,0.863338053226471,0.5246248722076416,0.10590817133585612,0.5875354409217834,0.5079260349273682,0.09756736755371094,0.966066300868988,0.44367756843566897,0.16097227732340494,0.6745579242706299,0.2645818471908569,0.05624198913574219,0.9197543859481812,0.2474217176437378,0.15748093922932943,0.6851575374603271,0.5773177146911621,0.5506251653035482,0.9868756532669067,0.5374508857727051,0.5432786305745443,0.9774876236915588,0.5592577934265137,0.9004820505777995,0.6924018859863281,0.5146811485290528,0.8700523376464844,0.5728257298469543,0.5878817558288574,1.0,0.05470039322972298,0.5274790763854981,0.9608020782470703,0.04602879285812378
squat,0.43674001693725584,0.054163614908854164,0.09205876290798187,0.4406747341156006,0.032842127482096355,0.05257565900683403,0.44585480690002444,0.04201784133911133,0.0052603306248784065,0.48520240783691404,0.023526891072591146,0.31396088004112244,0.4949676990509033,0.04819815953572591,0.004104347433894873,0.5820480823516846,0.10227282842000325,0.8332427144050598,0.4758144855499268,0.14578129450480143,0.819204568862915,0.5944214820861816,0.06950038274129232,0.9465113282203674,0.35386314392089846,0.16673008600870767,0.9149109125137329,0.4328493118286133,0.0,0.9214019179344177,0.20362071990966796,0.15161962509155275,0.8964168429374695,0.5785828113555909,0.5714597702026367,0.9894996285438538,0.5120591640472412,0.5726179758707682,0.9907405376434326,0.5622956275939941,0.905139668782552,0.7008498907089233,0.513770055770874,0.8854239781697592,0.721757709980011,0.5870966434478759,1.0,0.050579141825437546,0.5388300895690918,0.9846073150634765,0.059648334980010986
squat,0.44205541610717775,0.05686241785685221,0.0736733227968216,0.4476041316986084,0.03942127227783203,0.043592922389507294,0.4509582042694092,0.044128036499023436,0.005769347306340933,0.48796329498291013,0.032898298899332684,0.20587436854839325,0.49167742729187014,0.04686139424641927,0.003783871652558446,0.5781760215759277,0.10226968129475912,0.6102344989776611,0.4710231304168701,0.13751948674519857,0.6804704666137695,0.6001722335815429,0.08165130615234376,0.8359147310256958,0.37076854705810547,0.16989774703979493,0.8370364904403687,0.45206384658813475,0.0,0.8105871677398682,0.2304429292678833,0.1563296953837077,0.8126651644706726,0.5832351684570313,0.577461051940918,0.9804233312606812,0.5152386665344239,0.5751977920532226,0.9851633906364441,0.5558289051055908,0.8977859497070313,0.6723415851593018,0.4994980812072754,0.8789934794108073,0.7283845543861389,0.564623498916626,1.0,0.07321552187204361,0.5264037132263184,1.0,0.09396322071552277
squat,0.46352243423461914,0.03512144088745117,0.09656938165426254,0.4703354835510254,0.017011006673177082,0.052954934537410736,0.472197961807251,0.021730995178222655,0.008058186620473862,0.5137546539306641,0.016016515096028645,0.20612116158008575,0.5122615337371826,0.029606183369954426,0.004874926991760731,0.5943785667419433,0.10252472559611002,0.6250053644180298,0.48520536422729493,0.1302226702372233,0.7574847340583801,0.5856977462768554,0.08992039362589518,0.8333173990249634,0.37360243797302245,0.16340630849202473,0.871950089931488,0.42969331741333006,0.0,0.8068733811378479,0.23643279075622559,0.15030841827392577,0.841082751750946,0.5871285915374755,0.5806714375813802,0.981702983379364,0.5172821521759033,0.5751036326090495,0.987649142742157,0.558414888381958,0.9070013682047526,0.6659713983535767,0.5030372619628907,0.8792635599772135,0.7408751845359802,0.5707625389099121,1.0,0.06835772842168808,0.5318085193634033,1.0,0.0929633304476738
squat,0.4582695007324219,0.03707065582275391,0.08242028951644897,0.46428747177124025,0.019153308868408204,0.04591602832078934,0.4669600009918213,0.024363613128662108,0.006867572199553251,0.5051193237304688,0.019557444254557292,0.19596581161022186,0.5070078849792481,0.03433246612548828,0.004393727518618107,0.5915492057800293,0.10267779032389322,0.6027853488922119,0.48131561279296875,0.13603113492329916,0.7145819664001465,0.6023351192474365,0.0812612533569336,0.8313389420509338,0.37572267055511477,0.16639986038208007,0.8575741648674011,0.4518017292022705,0.0,0.8073839545249939,0.23869357109069825,0.1481630007425944,0.8297072052955627,0.5885499000549317,0.5788378397623698,0.9813380241394043,0.5175050258636474,0.5756950378417969,0.9867829084396362,0.5631168842315674,0.9029911041259766,0.667641818523407,0.49691019058227537,0.8818665822347005,0.7359689474105835,0.5786463737487793,1.0,0.06890187412500381,0.5217513561248779,1.0,0.09127436578273773
squat,0.4600818157196045,0.044678878784179685,0.05546543374657631,0.4658038139343262,0.028672409057617188,0.03028176911175251,0.4694811344146729,0.03206354777018229,0.004433881025761366,0.504939079284668,0.02878252665201823,0.16083310544490814,0.509620475769043,0.039130115509033205,0.003558146068826318,0.5910472393035888,0.10527989069620768,0.5548480153083801,0.4828827381134033,0.13368325233459472,0.6787166595458984,0.6041222095489502,0.0857704480489095,0.827591598033905,0.37744622230529784,0.16441038449605305,0.8558146357536316,0.45166988372802735,0.0,0.7979457974433899,0.23832917213439941,0.14808924992879233,0.8237742781639099,0.5917509078979493,0.5855061213175455,0.9794966578483582,0.5210407257080079,0.5802298227945963,0.9855843186378479,0.56449294090271,0.9112297058105469,0.6051158308982849,0.49843735694885255,0.8857889175415039,0.6809183955192566,0.5768808364868164,1.0,0.052574388682842255,0.5246213436126709,1.0,0.07049232721328735
squat,0.4338231086730957,0.05731000900268555,0.11430566012859344,0.4373079776763916,0.03655808766682943,0.062208160758018494,0.44116692543029784,0.04390776952107747,0.007879539392888546,0.4763962268829346,0.02689469655354818,0.3023875951766968,0.4856606960296631,0.04770809809366862,0.005438501015305519,0.5782300949096679,0.10643288294474283,0.8205524682998657,0.4716291904449463,0.14375076293945313,0.8141438961029053,0.6251222610473632,0.08379545211791992,0.9361943006515503,0.35646193027496337,0.16122881571451822,0.9159016609191895,0.47980780601501466,0.0,0.9095409512519836,0.21006977558135986,0.13130868275960286,0.894841194152832,0.5878664493560791,0.5754008611043294,0.9848464727401733,0.5206080436706543,0.575634256998698,0.987125813961029,0.5769285202026367,0.8985516866048177,0.5991645455360413,0.5183848381042481,0.8830997467041015,0.6367243528366089,0.5936330318450928,0.9837019602457683,0.03643946349620819,0.5333112716674805,0.9619205474853516,0.044371239840984344
squat,0.42095212936401366,0.04572982788085937,0.19322237372398376,0.42568268775939944,0.023108450571695964,0.09318525344133377,0.42510037422180175,0.032674153645833336,0.017616814002394676,0.4669541835784912,0.016391785939534505,0.29656246304512024,0.46324849128723145,0.043518988291422527,0.008440098725259304,0.5722992897033692,0.09837242762247721,0.7920951843261719,0.4540043830871582,0.15074586868286133,0.8736000061035156,0.61011962890625,0.0652379035949707,0.9051336050033569,0.3410156726837158,0.1688853899637858,0.9453481435775757,0.47666540145874026,0.0,0.8943613767623901,0.20265285968780516,0.13845688501993816,0.933159351348877,0.5999279022216797,0.5542552947998047,0.9839020371437073,0.5248252391815186,0.5608359654744466,0.9903665781021118,0.5792964935302735,0.8597022374471028,0.7165039777755737,0.5121012687683105,0.8490683873494466,0.8034574389457703,0.5896021842956543,0.9849551518758138,0.0738656148314476,0.525810956954956,0.9669292449951172,0.10932563990354538
squat,0.43413548469543456,0.07334051132202149,0.06999436765909195,0.4376201152801514,0.05115362803141276,0.047192543745040894,0.4418341636657715,0.06022713979085286,0.004860998596996069,0.4815657138824463,0.024931685129801432,0.227545827627182,0.4914060592651367,0.048038546244303384,0.004655702039599419,0.5614028930664062,0.07727518081665039,0.48408862948417664,0.489821720123291,0.1285116195678711,0.6976354122161865,0.46323580741882325,0.062108453114827475,0.7892559766769409,0.3721646547317505,0.17368160883585612,0.85710608959198,0.2576936721801758,0.03960552215576172,0.7335705757141113,0.20509083271026612,0.16820395787556966,0.8384407162666321,0.6032175064086914,0.5584429423014323,0.9416475892066956,0.5471982002258301,0.5635184605916341,0.9684868454933167,0.5568533897399902,0.8681259155273438,0.44366273283958435,0.4981526374816895,0.8498481750488281,0.5741360187530518,0.5705318927764893,0.9924185434977214,0.03526778891682625,0.49802889823913576,0.9599892934163411,0.05555184185504913
squat,0.5138586521148681,0.038250001271565755,0.3968455195426941,0.5192783832550049,0.017690118153889975,0.1010674387216568,0.5015265941619873,0.021169471740722656,0.2442956119775772,0.5232374191284179,0.02678998311360677,0.053883906453847885,0.48705692291259767,0.04052569071451823,0.23689015209674835,0.5438509464263916,0.12610807418823242,0.28221458196640015,0.4738013744354248,0.15881048838297526,0.9125650525093079,0.4353981018066406,0.1104726791381836,0.29280534386634827,0.3477659225463867,0.1638307253519694,0.9311692714691162,0.299985933303833,0.09690554936726888,0.32924696803092957,0.17921848297119142,0.15674692789713543,0.9063942432403564,0.6035196304321289,0.5445655186971029,0.8360357284545898,0.5521420001983642,0.5538002649943033,0.9639303684234619,0.5588340282440185,0.7590959548950196,0.5765973329544067,0.5213006496429443,0.7565055847167969,0.8462016582489014,0.5359086036682129,0.9318548202514648,0.1722089946269989,0.49948806762695314,0.9256277720133463,0.3510773479938507
squat,0.4300540447235107,0.038229147593180336,0.6925840377807617,0.44971671104431155,0.01565383275349935,0.749201774597168,0.4284521102905273,0.011775398254394531,0.17245209217071533,0.5045439243316651,0.025648784637451173,0.798442542552948,0.45645532608032224,0.014752833048502605,0.03596005588769913,0.5625089645385742,0.1656956672668457,0.9418196678161621,0.47255797386169435,0.1700921694437663,0.7823911905288696,0.5807463645935058,0.35404605865478517,0.8076016902923584,0.4622551441192627,0.36000102361043296,0.46223869919776917,0.5518100261688232,0.22294015884399415,0.6137871146202087,0.4482912063598633,0.1413392384847005,0.34918680787086487,0.587059211730957,0.6272359848022461,0.9368255734443665,0.5342950344085693,0.6248257954915365,0.902249813079834,0.527918529510498,0.9253168106079102,0.5070702433586121,0.5362684249877929,0.917340342203776,0.4239749014377594,0.47687110900878904,1.0,0.05916111543774605,0.5741384029388428,0.9907557169596354,0.05279657617211342
squat,0.3807889699935913,0.07626231511433919,0.5145605206489563,0.40819673538208007,0.03645881017049154,0.6109493374824524,0.3802622079849243,0.04392156600952148,0.03697298467159271,0.5016254901885986,0.07846260070800781,0.7263002991676331,0.42165656089782716,0.09375712076822916,0.002626654924824834,0.5683614253997803,0.36015958786010743,0.8121755719184875,0.4089162826538086,0.3203179359436035,0.4907146394252777,0.5809709548950195,0.6762869517008464,0.5666504502296448,0.26407561302185056,0.5615588506062825,0.13489556312561035,0.4947078227996826,0.305743153889974,0.608605682849884,0.12160797119140625,0.3598841349283854,0.19101107120513916,0.4917339324951172,0.8614891052246094,0.3441825807094574,0.39534525871276854,0.8363502502441407,0.2268630564212799,0.47273788452148435,0.9107095082600911,0.04498644173145294,0.4093612194061279,0.8908520380655924,0.02618558518588543,0.5409738540649414,0.8946629842122396,0.00541269313544035,0.5039297103881836,0.8991233189900716,0.003950957208871841
squat,0.36965789794921877,0.27677663167317706,0.8960188031196594,0.3865216255187988,0.24950040181477864,0.948217511177063,0.37600884437561033,0.254498545328776,0.33054256439208984,0.4606062412261963,0.2583343823750814,0.9298320412635803,0.4205495834350586,0.26623961130777996,0.018458861857652664,0.5276931762695313,0.41354118982950844,0.9434546232223511,0.4342787742614746,0.4087418874104818,0.6468769907951355,0.5041633605957031,0.5018884976704915,0.8551008701324463,0.3660372257232666,0.4820956548055013,0.27365654706954956,0.4291581630706787,0.34949951171875,0.789523184299469,0.39914205074310305,0.35374908447265624,0.3161403238773346,0.5506443023681641,0.7748046875,0.7298188805580139,0.48417062759399415,0.7654984156290691,0.5363364219665527,0.4989736557006836,0.9508049011230468,0.15452584624290466,0.4272434234619141,0.9312140782674153,0.07330937683582306,0.5307579040527344,0.9423478444417318,0.019855335354804993,0.4592099666595459,0.9022237141927083,0.012811453081667423
squat,0.3698307514190674,0.35325711568196616,0.9278749227523804,0.3854095458984375,0.33316930135091144,0.9523581862449646,0.37164247035980225,0.3383570988972982,0.34124070405960083,0.44767417907714846,0.33912413914998374,0.9404259324073792,0.4060036659240723,0.3478404998779297,0.025473812595009804,0.5047786712646485,0.4449670473734538,0.9761636853218079,0.4316267967224121,0.44505132039388023,0.8983968496322632,0.41143102645874025,0.5662623087565104,0.9494053721427917,0.37559831142425537,0.5557254155476888,0.6393828392028809,0.38049707412719724,0.4364576021830241,0.9048574566841125,0.367214035987854,0.42185757954915365,0.5938280820846558,0.5736701965332032,0.8466355641682942,0.9002758264541626,0.5175144672393799,0.8341402053833008,0.833601176738739,0.42881336212158205,0.9822884877522786,0.3777700364589691,0.39000463485717773,0.9245214462280273,0.2058723121881485,0.47504076957702634,1.0,0.05494150146842003,0.46253371238708496,0.9539756139119466,0.03742465749382973
squat,0.36893863677978517,0.41382637023925783,0.955864667892456,0.3879528045654297,0.3943684895833333,0.975937008857727,0.37239394187927244,0.40093221664428713,0.4298921823501587,0.449478006362915,0.40800336201985676,0.9788075685501099,0.4040574073791504,0.4116470019022624,0.04672657325863838,0.5061131954193115,0.5241744041442871,0.9933280944824219,0.4296280384063721,0.5229963938395182,0.9608618021011353,0.38767399787902834,0.6788771947224935,0.9819130897521973,0.38036332130432127,0.6186323801676432,0.7516427040100098,0.2522684097290039,0.7295501073201497,0.9491548538208008,0.34700489044189453,0.5408408482869466,0.6956719160079956,0.5768672943115234,0.8960564931233724,0.9378952980041504,0.5189316272735596,0.8825827280680338,0.8847169280052185,0.37276639938354494,0.937933603922526,0.5109686851501465,0.343878173828125,0.9008482615152995,0.2868536114692688,0.42682361602783203,1.0,0.1018264889717102,0.46283626556396484,0.9481100718180339,0.06605751812458038
squat,0.36736743450164794,0.4588437716166178,0.982703447341919,0.39149134159088134,0.43781614303588867,0.9891371130943298,0.36727147102355956,0.43951009114583334,0.6402806043624878,0.4548905372619629,0.45333061218261717,0.9850389957427979,0.38756206035614016,0.4478409767150879,0.06071685627102852,0.5025022983551025,0.5789303461710612,0.9916446805000305,0.41203622817993163,0.5620930353800456,0.9789749383926392,0.36355366706848147,0.7377112706502279,0.9820660948753357,0.2955452919006348,0.6410711288452149,0.8634790182113647,0.17113924026489258,0.8343233108520508,0.9665381908416748,0.1590961217880249,0.715669314066569,0.8542910218238831,0.5859358787536622,0.9374444961547852,0.8623493909835815,0.5175309658050538,0.9165867487589519,0.8286175727844238,0.3725545883178711,0.9549927393595378,0.31656959652900696,0.32061970233917236,0.9259065628051758,0.18862015008926392,0.41470837593078613,1.0,0.04676894471049309,0.4103878021240234,0.9655904134114583,0.03593536093831062
squat,0.3693331956863403,0.4708282788594564,0.9783408045768738,0.39311394691467283,0.45313301086425783,0.980985164642334,0.37070493698120116,0.45337098439534507,0.6392929553985596,0.4571700096130371,0.47882140477498375,0.9721909761428833,0.3925752639770508,0.4703160603841146,0.070565365254879,0.5057817935943604,0.6038883845011394,0.9850895404815674,0.42084431648254395,0.5837507883707682,0.9857438206672668,0.38504414558410643,0.7432693481445313,0.9649296402931213,0.29600398540496825,0.6474721272786458,0.9294545650482178,0.1933614730834961,0.8294731775919596,0.9507246613502502,0.17549712657928468,0.6976617813110352,0.9204750657081604,0.5924813270568847,0.9518753051757812,0.8759329915046692,0.5269834995269775,0.9291918436686198,0.9012469053268433,0.3708341598510742,0.9474828720092774,0.3505459129810333,0.3230285167694092,0.926867421468099,0.31566092371940613,0.3856086015701294,1.0,0.06398662179708481,0.3976279258728027,0.9799061457316081,0.06696543842554092
squat,0.3691009521484375,0.43881527582804364,0.9592866897583008,0.38996422290802,0.4232537587483724,0.961089551448822,0.3713756322860718,0.4249837557474772,0.5739415287971497,0.44389901161193845,0.447634220123291,0.9615161418914795,0.39367094039916994,0.43939924240112305,0.11768040806055069,0.4916018009185791,0.5715974171956381,0.9888911247253418,0.40532498359680175,0.5515563329060872,0.9864147305488586,0.3734461307525635,0.7153301239013672,0.9727007150650024,0.29171042442321776,0.6245139439900717,0.9273046255111694,0.1917130947113037,0.808102798461914,0.9323678016662598,0.15812854766845702,0.7088292439778646,0.8839513063430786,0.5740378379821778,0.908201026916504,0.9101726412773132,0.5099160194396972,0.8919812520345052,0.9200659990310669,0.39952094554901124,0.9393219629923503,0.3302730917930603,0.3512691020965576,0.9165831883748372,0.2832275331020355,0.4688107013702393,0.9912273406982421,0.04480588436126709,0.46444153785705566,0.9616135279337565,0.04492789879441261
squat,0.3567049503326416,0.38425912857055666,0.9634210467338562,0.37971494197845457,0.37005112965901693,0.9729698896408081,0.36005172729492185,0.3710457483927409,0.4621536433696747,0.4372917652130127,0.3996344884236654,0.9747382402420044,0.3805025815963745,0.3928251266479492,0.04703478887677193,0.4807694435119629,0.5113449096679688,0.9926849603652954,0.39430603981018064,0.5191486994425456,0.9754977822303772,0.3719749450683594,0.6596277236938477,0.9880220890045166,0.2963357448577881,0.6327475865681966,0.8609046936035156,0.20555808544158935,0.7488538106282552,0.9649579524993896,0.1397177457809448,0.6842941919962565,0.8068991303443909,0.5780937671661377,0.8793066024780274,0.9270661473274231,0.5094556331634521,0.8751021067301432,0.8885704278945923,0.4255199909210205,0.9254810333251953,0.3048240840435028,0.35213217735290525,0.9129625956217448,0.15417598187923431,0.5156539916992188,0.9744836171468099,0.031843069940805435,0.4864377021789551,0.9501040776570638,0.021094124764204025
squat,0.3463901042938232,0.3459906260172526,0.965294361114502,0.36616005897521975,0.32917877833048503,0.9765576720237732,0.3496415138244629,0.3296948432922363,0.4624347388744354,0.41973142623901366,0.34729092915852866,0.979852020740509,0.37497587203979493,0.34162314732869464,0.05969595909118652,0.46746320724487306,0.4552186965942383,0.9935547709465027,0.401398754119873,0.4794011433919271,0.9796773791313171,0.36270947456359864,0.588306999206543,0.9872288703918457,0.3069470405578613,0.6091608683268229,0.8681767582893372,0.20312752723693847,0.6800485610961914,0.9636843204498291,0.14294514656066895,0.6426619211832683,0.8303178548812866,0.5792372703552247,0.8254343668619791,0.9405099153518677,0.5280963897705078,0.826617177327474,0.9141974449157715,0.42041568756103515,0.9282114664713542,0.4717674255371094,0.3865049839019775,0.920517094930013,0.2965906262397766,0.4683676242828369,0.9585013707478841,0.05941133573651314,0.48394050598144533,0.9352888743082682,0.04425324499607086
squat,0.3285653114318848,0.28952935536702473,0.9664279222488403,0.34798784255981446,0.27323713302612307,0.9776915311813354,0.3329940319061279,0.2740942637125651,0.4289099872112274,0.4083435535430908,0.29525318145751955,0.9823527932167053,0.36439688205718995,0.28948338826497394,0.05246209725737572,0.4647958755493164,0.4072069803873698,0.9948968291282654,0.39789271354675293,0.4258352915445964,0.9849987626075745,0.34474380016326905,0.5436829249064128,0.9886422753334045,0.30822081565856935,0.5610216140747071,0.9015509486198425,0.183447003364563,0.6276741663614909,0.9662550687789917,0.16127772331237794,0.6001426060994466,0.8637709021568298,0.5875842571258545,0.7962825139363606,0.9745616912841797,0.5342679500579834,0.7924055735270182,0.9663728475570679,0.40805954933166505,0.9367884953816732,0.6014823913574219,0.3713423728942871,0.9171370188395183,0.446833074092865,0.4456929206848145,1.0,0.07626576721668243,0.45765256881713867,0.9743323008219401,0.06294747442007065
squat,0.3204181671142578,0.2494135856628418,0.9651359915733337,0.3382096767425537,0.22944370905558267,0.9700161218643188,0.32432265281677247,0.23403650919596355,0.4908890724182129,0.3960371494293213,0.23696505228678386,0.9750081896781921,0.35897977352142335,0.23748830159505208,0.08463692665100098,0.4634257316589355,0.3413490931193034,0.9935665726661682,0.3990443706512451,0.37255194981892903,0.9912633895874023,0.35172281265258787,0.46655203501383463,0.9827608466148376,0.3118338108062744,0.5145167032877604,0.9508522748947144,0.191422438621521,0.5695550282796223,0.9519943594932556,0.17297012805938722,0.5847344080607096,0.9163377285003662,0.5986818313598633,0.761405881245931,0.9779880046844482,0.5500876903533936,0.7631519953409831,0.9814674258232117,0.3864421844482422,0.9119916915893554,0.656238853931427,0.37485227584838865,0.9007712046305338,0.6200698614120483,0.423648738861084,1.0,0.08777540177106857,0.470121431350708,0.9898642857869466,0.09553945809602737
squat,0.31657865047454836,0.19981428782145183,0.9449837803840637,0.33272395133972166,0.18173516591389974,0.9440798163414001,0.3214419364929199,0.1822092374165853,0.4319611191749573,0.39412925243377683,0.18942136764526368,0.9542880654335022,0.3588293790817261,0.1856599807739258,0.09137818217277527,0.4634641170501709,0.28436428705851235,0.9889091849327087,0.3982746124267578,0.3198144276936849,0.9891701340675354,0.3708367824554443,0.3869513511657715,0.9704647660255432,0.3214134216308594,0.4603397051493327,0.9561094641685486,0.21226050853729247,0.4886242230733236,0.9141226410865784,0.16955087184906006,0.5366848627726237,0.915852963924408,0.6036527633666993,0.6971205393473308,0.9771026372909546,0.5507190227508545,0.7042006174723308,0.9840238094329834,0.5117345333099366,0.9606704711914062,0.4088679552078247,0.4711790084838867,0.9469519297281901,0.46167808771133423,0.5260114192962646,1.0,0.021135924383997917,0.5262808799743652,0.9930009841918945,0.02990555576980114
squat,0.3172036647796631,0.1512724240620931,0.9766474962234497,0.33353211879730227,0.1318907419840495,0.9866217970848083,0.31821131706237793,0.13221238454182943,0.4879904091358185,0.3919141530990601,0.13466119766235352,0.9863293766975403,0.35183398723602294,0.13154659271240235,0.0635087639093399,0.43997440338134763,0.22594181696573892,0.9964893460273743,0.40656652450561526,0.25148258209228513,0.9812775254249573,0.3221252918243408,0.3411021868387858,0.9925693869590759,0.3301748275756836,0.37531359990437824,0.8796806335449219,0.171606707572937,0.44266452789306643,0.974464476108551,0.18576371669769287,0.42490339279174805,0.8661261200904846,0.599269962310791,0.6080414454142252,0.9883725047111511,0.5658659934997559,0.6172662734985351,0.980004608631134,0.5096682071685791,0.8621891657511394,0.7852365970611572,0.49537081718444825,0.8690942764282227,0.6443042755126953,0.527146863937378,0.9519258499145508,0.11084171384572983,0.5309425354003906,0.9490960439046224,0.08966583758592606
squat,0.3206512928009033,0.10782779057820638,0.9393627643585205,0.33543105125427247,0.09130214055379232,0.9310936331748962,0.3216827154159546,0.09050785700480143,0.47992730140686035,0.3844645023345947,0.0958189328511556,0.9469951391220093,0.35228207111358645,0.09066521326700847,0.15063899755477905,0.4456777095794678,0.18914292653401693,0.9897422790527344,0.3827205657958984,0.20855305989583334,0.9905052781105042,0.33110828399658204,0.2680331230163574,0.9695652723312378,0.2769453525543213,0.30811001459757487,0.9591243267059326,0.1873380422592163,0.3342028935750326,0.9093950390815735,0.15308473110198975,0.35474427541097003,0.9308355450630188,0.5875701904296875,0.5905364990234375,0.988013744354248,0.5415884971618652,0.5940823237101237,0.9919753670692444,0.4889371395111084,0.9042330423990885,0.7539661526679993,0.4877355098724365,0.8891864776611328,0.8025439977645874,0.478947114944458,0.9893849690755209,0.08827535808086395,0.5211772441864013,0.961476198832194,0.12631696462631226
squat,0.31150994300842283,0.058644549051920576,0.9728683829307556,0.3360661506652832,0.037360858917236325,0.9837968945503235,0.3090342998504639,0.03576952616373698,0.4862220287322998,0.40310373306274416,0.05947395960489909,0.9837580323219299,0.3364288330078125,0.05402673085530599,0.059368837624788284,0.45100812911987304,0.16365016301472982,0.9946458339691162,0.38411998748779297,0.22002930641174318,0.9804149866104126,0.32063980102539064,0.22877389589945477,0.9869371056556702,0.32715730667114257,0.3567777633666992,0.8612714409828186,0.1627408266067505,0.2865374247233073,0.944053590297699,0.16340088844299316,0.317607053120931,0.8028170466423035,0.6094821929931641,0.632345708211263,0.987095057964325,0.5532172203063965,0.6504481633504232,0.9811363816261292,0.5376913547515869,0.9583205540974935,0.5584443807601929,0.5026655197143555,0.9470099131266276,0.4204508364200592,0.5638094902038574,1.0,0.028515776619315147,0.5831887245178222,1.0,0.024864437058568
squat,0.31552906036376954,0.026195844014485676,0.7192825078964233,0.3353396415710449,0.0021804173787434897,0.7400252223014832,0.3109544515609741,0.003129386901855469,0.07339505851268768,0.39836606979370115,0.011793708801269532,0.8996539115905762,0.34208614826202394,0.012240091959635416,0.025314493104815483,0.45653319358825684,0.10917081832885742,0.9821863174438477,0.3913840055465698,0.14583873748779297,0.9542122483253479,0.341762900352478,0.17426182428995768,0.9838548302650452,0.31938986778259276,0.26938400268554685,0.9073125123977661,0.1785071611404419,0.22366568247477214,0.9494853615760803,0.14576437473297119,0.31052484512329104,0.8963673114776611,0.5935665607452393,0.5660535812377929,0.9876613616943359,0.5390862464904785,0.5748378753662109,0.9859201312065125,0.541367769241333,0.9375261306762696,0.6026186943054199,0.5157197475433349,0.9229639053344727,0.5526806712150574,0.5463168144226074,1.0,0.023814905434846878,0.55089430809021,0.9890140533447266,0.0258526261895895
squat,0.31926259994506834,0.0229429562886556,0.46723684668540955,0.3361791133880615,0.0,0.3921270966529846,0.3171384334564209,0.0038277943929036456,0.03443857654929161,0.40325107574462893,0.0,0.7263626456260681,0.3523101329803467,0.009062703450520833,0.017237849533557892,0.4760016918182373,0.08389368057250976,0.9554240703582764,0.37643938064575194,0.1282962163289388,0.9562855958938599,0.34159436225891116,0.1579724629720052,0.9728497266769409,0.2881113052368164,0.2564238548278809,0.9552064538002014,0.17735671997070312,0.2263766606648763,0.9385852813720703,0.12974419593811035,0.3204239845275879,0.945557177066803,0.5796554565429688,0.5249402364095052,0.9910446405410767,0.5036315441131591,0.5348135630289713,0.993671178817749,0.5401255130767822,0.919425900777181,0.7361526489257812,0.4844099521636963,0.8953172047932942,0.7856216430664062,0.5697772026062011,1.0,0.039379511028528214,0.528343677520752,1.0,0.05746136233210564
squat,0.3256775140762329,0.012071704864501953,0.44043394923210144,0.3463353157043457,0.0,0.3604949116706848,0.3250256538391113,0.0,0.030272962525486946,0.41769943237304685,0.0,0.6358399391174316,0.3563175439834595,0.0,0.010470548644661903,0.4637307643890381,0.07653783162434896,0.9084230065345764,0.37561697959899903,0.10575459798177084,0.9208504557609558,0.30849199295043944,0.17966658274332684,0.9536600112915039,0.28186540603637694,0.24854001998901368,0.924392819404602,0.16537399291992189,0.249569829305013,0.9155006408691406,0.14497241973876954,0.33425397872924806,0.9177420139312744,0.5701931953430176,0.5112398147583008,0.9803584814071655,0.499790096282959,0.5220195770263671,0.9856445789337158,0.5574993133544922,0.8924306233723959,0.6177474856376648,0.5046176433563232,0.8828123728434245,0.6710581183433533,0.5863495826721191,1.0,0.02895844355225563,0.5486395835876465,0.9922833760579427,0.04035726562142372
squat,0.33964858055114744,0.00467675526936849,0.3771858811378479,0.35648250579833984,0.0,0.3101646900177002,0.3368429660797119,0.0,0.022028585895895958,0.42520837783813475,0.0,0.6454647779464722,0.3691737413406372,0.0,0.010831912979483604,0.4884971618652344,0.09581514994303385,0.9591655731201172,0.38758268356323244,0.11624333063761393,0.9379134774208069,0.3587378978729248,0.2757535616556803,0.9775861501693726,0.3149658441543579,0.3041707992553711,0.9403703212738037,0.19112100601196289,0.3191189765930176,0.9500366449356079,0.15197243690490722,0.3416314442952474,0.9334898591041565,0.5618310928344726,0.5435688018798828,0.993934690952301,0.48560323715209963,0.5469427108764648,0.9944943785667419,0.5541471004486084,0.8975727081298828,0.8205409049987793,0.5018689155578613,0.8757708867390951,0.8349927067756653,0.5783976078033447,1.0,0.07138852775096893,0.5441493511199951,1.0,0.09112310409545898
squat,0.34504697322845457,0.010158824920654296,0.743077278137207,0.36290669441223145,0.0,0.6299397349357605,0.331964111328125,0.0,0.20307505130767822,0.4254004001617432,0.0,0.6979780197143555,0.34764533042907714,0.011922899881998699,0.054243993014097214,0.5170890808105468,0.08806689580281575,0.9688394069671631,0.37327768802642824,0.16143671671549478,0.9551562070846558,0.5175642490386962,0.20733372370402017,0.9591578245162964,0.34598865509033205,0.34247722625732424,0.9406348466873169,0.39786601066589355,0.290704345703125,0.9320322275161743,0.2243196964263916,0.3757789929707845,0.9314019083976746,0.5537173271179199,0.5479558308919271,0.9916993379592896,0.45664300918579104,0.5670562108357747,0.9928406476974487,0.5402513980865479,0.9174325307210286,0.7803511023521423,0.4784231662750244,0.9209644953409831,0.813324511051178,0.5368285179138184,1.0,0.06359381228685379,0.5116063594818115,1.0,0.08051572740077972
squat,0.3601393222808838,0.0017774581909179687,0.4886859953403473,0.37296576499938966,0.0,0.2914462983608246,0.3492543697357178,0.0,0.08317570388317108,0.42345094680786133,0.0,0.4798838198184967,0.36070377826690675,0.004906558990478515,0.0363321490585804,0.5124979972839355,0.08749415079752604,0.9503851532936096,0.3756655216217041,0.14821287790934246,0.9533888101577759,0.5515047550201416,0.22715649604797364,0.9510200023651123,0.36619272232055666,0.32061246236165364,0.96015465259552,0.47770051956176757,0.36456438700358074,0.9443661570549011,0.27481539249420167,0.40717624028523763,0.9544619917869568,0.5410564422607422,0.5385754903157552,0.9947541952133179,0.4568824768066406,0.555075200398763,0.9961203336715698,0.5260453701019288,0.894871203104655,0.8599876165390015,0.4918386459350586,0.892263666788737,0.8984056115150452,0.522299337387085,1.0,0.11650113016366959,0.5444680213928222,1.0,0.15862542390823364
squat,0.3687295436859131,0.001473236083984375,0.33889755606651306,0.3795679330825806,0.0,0.22465156018733978,0.35812721252441404,0.0,0.025539293885231018,0.4298215866088867,0.0,0.533020555973053,0.3728864431381226,0.005197461446126302,0.015260555781424046,0.5140982627868652,0.09195741017659505,0.9756829738616943,0.3889050006866455,0.14768959681193033,0.9308769702911377,0.5711658954620361,0.24490459760030112,0.9839081168174744,0.3787792444229126,0.33656317392985025,0.9321954846382141,0.5309666633605957,0.4042218526204427,0.9771540760993958,0.28665599822998045,0.47799332936604816,0.9297779202461243,0.5287106513977051,0.523655382792155,0.9981445074081421,0.45489110946655276,0.5395149230957031,0.9973152279853821,0.5055944442749023,0.8346354166666666,0.9521288275718689,0.482232666015625,0.8443593343098958,0.939243495464325,0.49608621597290037,1.0,0.328022837638855,0.5210454940795899,1.0,0.31454330682754517
squat,0.36888082027435304,0.0009564081827799479,0.24524958431720734,0.3857738494873047,0.0,0.15389065444469452,0.3566054582595825,0.0,0.018691381439566612,0.44423680305480956,0.0,0.43686816096305847,0.36581318378448485,0.0036992708841959636,0.010865951888263226,0.5294514656066894,0.10635957717895508,0.9617300629615784,0.38202862739562987,0.15312541325887044,0.8879556059837341,0.5961329460144043,0.2877245267232259,0.9787358641624451,0.3952580451965332,0.35656665166219076,0.9216296672821045,0.5732109069824218,0.5054948170979817,0.9750816822052002,0.3180562496185303,0.5181303977966308,0.9322105050086975,0.5348603248596191,0.5191401799519857,0.9960566759109497,0.4445829391479492,0.5305135726928711,0.9944067001342773,0.5256532669067383,0.8469919204711914,0.9170730113983154,0.47895030975341796,0.8450471878051757,0.9007958173751831,0.51535964012146,0.9823127746582031,0.19588828086853027,0.5265259742736816,0.9709561665852865,0.19307313859462738
squat,0.37165639400482176,0.0,0.10261525958776474,0.38489952087402346,0.0,0.04871690645813942,0.3618208408355713,0.0,0.006494223140180111,0.4428871631622314,0.0,0.24007180333137512,0.3777554988861084,0.0,0.006872650235891342,0.5338997840881348,0.10400009155273438,0.9359830021858215,0.38647429943084716,0.15210447311401368,0.8660519123077393,0.6008904457092286,0.28992538452148436,0.9744411110877991,0.40554242134094237,0.37670488357543946,0.9398009777069092,0.6213900566101074,0.508414363861084,0.9686753153800964,0.34534521102905275,0.5545299530029297,0.9369342923164368,0.5283679485321044,0.5719045639038086,0.9972701668739319,0.43925962448120115,0.5833145141601562,0.9966973066329956,0.5073710441589355,0.941766103108724,0.8720705509185791,0.46730861663818357,0.9336209615071615,0.8719944953918457,0.48904714584350584,1.0,0.0923735573887825,0.5039267539978027,1.0,0.10060474276542664
squat,0.3713174343109131,0.0012471516927083333,0.13734009861946106,0.38826899528503417,0.0,0.058000046759843826,0.3591364860534668,0.0,0.01156665664166212,0.4467137336730957,0.0,0.19680950045585632,0.36921072006225586,0.0,0.00913340225815773,0.5370967388153076,0.10116386413574219,0.9172528982162476,0.38165280818939207,0.14831771850585937,0.8481259942054749,0.6171881198883057,0.2864048957824707,0.9650403261184692,0.40405688285827634,0.375074831644694,0.9371784329414368,0.6439194679260254,0.5174997647603353,0.9614360332489014,0.3566922664642334,0.5686055501302083,0.9373740553855896,0.5380696296691895,0.5769905090332031,0.9943753480911255,0.44110655784606934,0.5888966242472331,0.9937834739685059,0.5101916790008545,0.9307910919189453,0.7786368727684021,0.46793928146362307,0.9261253356933594,0.7867109179496765,0.4892531394958496,1.0,0.05783262848854065,0.5073755741119385,1.0,0.06388893723487854
squat,0.3689296245574951,0.0,0.07558552920818329,0.3854515075683594,0.0,0.032380975782871246,0.35695786476135255,0.0,0.0051992908120155334,0.44678430557250975,0.0,0.157205268740654,0.3692895174026489,0.0,0.005497579928487539,0.5403325080871582,0.09792734781901041,0.8717707395553589,0.3809621572494507,0.14309552510579426,0.824090301990509,0.6221237182617188,0.3022950808207194,0.9589403867721558,0.4054908752441406,0.3891352653503418,0.944462239742279,0.662395429611206,0.540500259399414,0.9569091200828552,0.3474745273590088,0.5816099802652995,0.9437280297279358,0.5424535751342774,0.6097757339477539,0.9937230944633484,0.4405266284942627,0.6202816009521485,0.9939018487930298,0.5224682331085205,0.9737820943196615,0.6835860013961792,0.449031925201416,0.9658281962076823,0.73139488697052,0.5060976028442383,1.0,0.03487887978553772,0.4820116996765137,1.0,0.04379170387983322
squat,0.36613311767578127,0.0,0.04465018957853317,0.3836618423461914,0.0,0.016422491520643234,0.35507564544677733,0.0,0.003087856573984027,0.4456324577331543,0.0,0.10097605735063553,0.36713149547576907,0.0,0.0036978863645344973,0.5478828430175782,0.09728482564290365,0.8504148721694946,0.37073607444763185,0.13852723439534506,0.7759143114089966,0.6336253643035888,0.30963335037231443,0.9587647914886475,0.3811892032623291,0.3848903656005859,0.9398787617683411,0.674075984954834,0.5528163274129232,0.9519143104553223,0.3223385810852051,0.5848781585693359,0.9324368238449097,0.5461991310119629,0.6205126444498698,0.9934695959091187,0.4332648754119873,0.6281026840209961,0.9934211373329163,0.5113695144653321,0.9843476613362631,0.6179407238960266,0.44362387657165525,0.9676141738891602,0.6467511653900146,0.48897566795349123,1.0,0.02420082315802574,0.4843277931213379,1.0,0.028269536793231964
squat,0.3669501781463623,0.0,0.017281321808695793,0.3801718235015869,0.0,0.004533735569566488,0.3542550802230835,0.0,0.0014845074620097876,0.4339564323425293,0.0,0.03840408846735954,0.36257109642028806,0.0,0.0033496529795229435,0.546197509765625,0.09425808588663737,0.7386333346366882,0.363483190536499,0.13849868774414062,0.7466870546340942,0.6501148223876954,0.31407960255940753,0.9367385506629944,0.3712777137756348,0.3800904909769694,0.9544745087623596,0.6780335903167725,0.5632727305094402,0.9309383034706116,0.30723021030426023,0.5769543965657552,0.9441143274307251,0.5477091312408447,0.631847063700358,0.9923540353775024,0.43135652542114256,0.6411526997884115,0.9941376447677612,0.5150315284729003,1.0,0.5191664099693298,0.4502394676208496,0.9885487874348958,0.6160215139389038,0.49041433334350587,1.0,0.015446319244801998,0.4895774841308594,1.0,0.021239658817648888
squat,0.3767179250717163,0.0,0.026285892352461815,0.39171543121337893,0.0,0.009365087375044823,0.36469297409057616,0.0,0.0018364805728197098,0.44946980476379395,0.0,0.07133455574512482,0.3742002725601196,0.0,0.002871178789064288,0.5609506607055664,0.06130202611287435,0.7560177445411682,0.37193713188171384,0.09292112986246745,0.7483416199684143,0.6666425704956055,0.31596943537394206,0.9377506375312805,0.3789784908294678,0.3572361628214518,0.9433715343475342,0.6851838111877442,0.5939680735270182,0.926758348941803,0.2830024719238281,0.5665196100870769,0.9288818836212158,0.549004602432251,0.6344917297363282,0.9865966439247131,0.4307267665863037,0.6349114735921224,0.9888159036636353,0.5216034889221192,1.0,0.33119696378707886,0.4408112525939941,0.9750716527303059,0.4154910743236542,0.49058332443237307,1.0,0.007742942310869694,0.4846076011657715,1.0,0.010665560141205788
squat,0.4041081428527832,0.0038902918497721356,0.08983159810304642,0.4253529071807861,0.0,0.03139397129416466,0.3841708660125732,0.0,0.008886297233402729,0.4832982063293457,0.0,0.06939780712127686,0.3750694513320923,0.0,0.005697961896657944,0.5800436973571778,0.033078702290852864,0.7569257020950317,0.37124903202056886,0.059170977274576826,0.7235600352287292,0.6826325416564941,0.29801810582478844,0.9442026615142822,0.3750401735305786,0.30640557607014973,0.9345830082893372,0.6757278442382812,0.6063290278116862,0.9419611692428589,0.28902688026428225,0.5189751942952474,0.93707275390625,0.573876953125,0.6301889419555664,0.9795747399330139,0.4350551128387451,0.6357061386108398,0.9802290201187134,0.5970716953277588,1.0,0.21697267889976501,0.4662123680114746,0.9969381968180339,0.2571512758731842,0.5850310325622559,0.9951844533284505,0.004975348245352507,0.5043500900268555,0.9746488571166992,0.0060011036694049835
squat,0.3478255748748779,0.1470487912495931,0.2941446304321289,0.36680169105529786,0.11314611434936524,0.20944605767726898,0.3369369268417358,0.12396678924560547,0.02507787011563778,0.43927927017211915,0.05408891042073568,0.3964990973472595,0.35229034423828126,0.08084608713785807,0.005571324843913317,0.5610987663269043,0.11500161488850912,0.9287111163139343,0.3684587001800537,0.15468352635701496,0.7857730388641357,0.687812328338623,0.32499122619628906,0.9661265015602112,0.36284446716308594,0.3309567133585612,0.8993839621543884,0.6659869194030762,0.6541803359985352,0.9518935084342957,0.29298217296600343,0.5056214014689128,0.8896577954292297,0.5682088375091553,0.6364826838175456,0.9852386116981506,0.44378066062927246,0.6451106389363607,0.9793607592582703,0.5771053314208985,0.9918966293334961,0.31028610467910767,0.48767409324645994,0.9946678797403972,0.2840418815612793,0.5552412033081054,0.9709440867106119,0.00914102140814066,0.5366709709167481,0.9521549860636394,0.009222488850355148
squat,0.3516655445098877,0.15299561818440754,0.17773239314556122,0.3708524227142334,0.11962626775105795,0.10079613327980042,0.3383288860321045,0.12628008524576823,0.013955329544842243,0.44028458595275877,0.04505208333333333,0.2466997355222702,0.3484010934829712,0.06225535074869792,0.004342878703027964,0.5627517700195312,0.10402860641479492,0.8828215003013611,0.36384875774383546,0.11388409932454427,0.7626174092292786,0.6805881500244141,0.3576127370198568,0.9457225203514099,0.3737981081008911,0.3020426114400228,0.9120597839355469,0.6819293022155761,0.7506973266601562,0.914393961429596,0.2948904514312744,0.4760842005411784,0.8907814025878906,0.5492815494537353,0.6519861857096354,0.978492021560669,0.425232982635498,0.6393816630045573,0.9767428040504456,0.499876594543457,1.0,0.21531559526920319,0.43315486907958983,0.9775128682454427,0.23389983177185059,0.44371805191040037,1.0,0.0067592584528028965,0.4797073841094971,0.9325336456298828,0.007940908893942833
squat,0.3485421180725098,0.1409054438273112,0.10616574436426163,0.3638875961303711,0.10718180338541666,0.046661749482154846,0.3342883110046387,0.11366806030273438,0.008091900497674942,0.4259489059448242,0.01965758005777995,0.11547500640153885,0.3399409294128418,0.03592700958251953,0.003309295978397131,0.5582129478454589,0.07702500025431315,0.8371261954307556,0.3516716480255127,0.07484213511149089,0.6822618246078491,0.6978585243225097,0.3717002868652344,0.9465517997741699,0.37070064544677733,0.2864408493041992,0.9154248237609863,0.7152953624725342,0.8093214670817057,0.8843328356742859,0.28564431667327883,0.4579376538594564,0.8828411102294922,0.5624830245971679,0.6687361399332682,0.9794319272041321,0.4274447441101074,0.652290407816569,0.9781253933906555,0.53002028465271,1.0,0.1351335197687149,0.4165657997131348,0.999943733215332,0.15129658579826355,0.49918665885925295,1.0,0.0038992080371826887,0.46221356391906737,0.9411252975463867,0.004554444458335638
squat,0.34677603244781496,0.10754810969034831,0.06984379142522812,0.35584316253662107,0.07458372116088867,0.023328933864831924,0.334929084777832,0.08409878412882486,0.006050982512533665,0.41079864501953123,0.0,0.07741633802652359,0.3493974685668945,0.015129756927490235,0.005341994110494852,0.5540618419647216,0.06535813013712564,0.8344682455062866,0.35203967094421384,0.06165459950764974,0.7492669820785522,0.7149232387542724,0.3431651751200358,0.9315459728240967,0.36224138736724854,0.27225367228190106,0.932783842086792,0.7783988952636719,0.687171745300293,0.8704999685287476,0.2828365325927734,0.45127938588460287,0.8924381732940674,0.5439711570739746,0.6565776189168294,0.9854922890663147,0.41824970245361326,0.6391553243001302,0.9867866039276123,0.5074318885803223,1.0,0.23246939480304718,0.4229447364807129,0.9746528625488281,0.2986757159233093,0.48438234329223634,1.0,0.007198216859251261,0.46654567718505857,0.9302516937255859,0.009973865933716297
