label,0_x,0_y,0_z,1_x,1_y,1_z,2_x,2_y,2_z,3_x,3_y,3_z,4_x,4_y,4_z,5_x,5_y,5_z,6_x,6_y,6_z,7_x,7_y,7_z,8_x,8_y,8_z,9_x,9_y,9_z,10_x,10_y,10_z,11_x,11_y,11_z,12_x,12_y,12_z,13_x,13_y,13_z,14_x,14_y,14_z,15_x,15_y,15_z,16_x,16_y,16_z
pushup,0.261129355430603,0.0688812255859375,0.00048796783084981143,0.26383275985717775,0.028870646158854166,5.6689255870878696e-05,0.23604812622070312,0.053396352132161456,0.0001589969324413687,0.31114897727966306,0.0,0.0002806047850754112,0.21081769466400146,0.026007874806722005,0.0008541131392121315,0.5296143531799317,0.019011624654134116,0.04597344249486923,0.18125417232513427,0.03179451624552409,0.08590329438447952,0.7998982906341553,0.19328737258911133,0.48768338561058044,0.1551908016204834,0.14977184931437174,0.8575482964515686,0.7989569187164307,0.3952613830566406,0.6940205097198486,0.14287137985229492,0.44516579310099286,0.8935067653656006,0.5391647338867187,0.4679618199666341,0.9848546981811523,0.3123342037200928,0.4571261723836263,0.9924061894416809,0.49370617866516114,0.8956333796183268,0.5405627489089966,0.26662096977233884,0.8767595926920573,0.7346140742301941,0.4860100746154785,1.0,0.023785945028066635,0.26586356163024905,1.0,0.041512321680784225
pushup,0.2300492525100708,0.07718855539957682,0.0017189999343827367,0.23614749908447266,0.032999420166015626,0.00033803904079832137,0.2043678045272827,0.059826087951660153,0.0003486431378405541,0.2966974496841431,0.0,0.0016327945049852133,0.1879256248474121,0.03089313507080078,0.0008237764704972506,0.5204904556274415,0.01984100341796875,0.13836869597434998,0.18016595840454103,0.03941761652628581,0.12418265640735626,0.7765369892120362,0.20773874918619792,0.6761558055877686,0.1680229425430298,0.15088348388671874,0.8392580151557922,0.7683780670166016,0.496208922068278,0.8073480129241943,0.15916953086853028,0.45162534713745117,0.8830682635307312,0.5350942611694336,0.46753546396891277,0.9880728125572205,0.3129114627838135,0.45631834665934246,0.991692304611206,0.4856269359588623,0.8845358530680338,0.5792820453643799,0.26561698913574217,0.856548563639323,0.7013022899627686,0.4748429775238037,1.0,0.0274952445179224,0.26679813861846924,0.9858861923217773,0.04086998850107193
pushup,0.1974946975708008,0.06969458262125651,0.0072258817963302135,0.20332493782043456,0.020978196461995443,0.0015102769248187542,0.1683962821960449,0.054014968872070315,0.0016788943903520703,0.2696990013122559,0.0,0.004630419425666332,0.15658464431762695,0.035244019826253255,0.0023543897550553083,0.5031732082366943,0.019606304168701173,0.23799486458301544,0.17351968288421632,0.05354601542154948,0.2658638060092926,0.76136474609375,0.20205217997233074,0.6389807462692261,0.176106595993042,0.16581490834554036,0.8840510845184326,0.7527310371398925,0.45823415120442706,0.7721859216690063,0.15795130729675294,0.45018288294474285,0.9002089500427246,0.5341644763946534,0.45174649556477864,0.9886503219604492,0.31794514656066897,0.44431864420572914,0.9936283230781555,0.4869734764099121,0.8628770192464192,0.661278247833252,0.27507801055908204,0.83205140431722,0.8073710799217224,0.4897569179534912,1.0,0.0433158278465271,0.2752233028411865,0.9723177591959635,0.07613053172826767
pushup,0.2255051851272583,0.07899061838785808,0.0021130673121660948,0.23103370666503906,0.03359928131103516,0.00047263724263757467,0.20222647190093995,0.06175861358642578,0.0003478211583569646,0.2938694000244141,0.0,0.0025841936003416777,0.1930304765701294,0.0317169189453125,0.0007130600279197097,0.5179956436157227,0.02621882756551107,0.18639236688613892,0.19188613891601564,0.04239940643310547,0.14585018157958984,0.7675291061401367,0.24376869201660156,0.7167184948921204,0.17928314208984375,0.16870853106180828,0.8358508944511414,0.7498523712158203,0.5362064361572265,0.8223565220832825,0.1631904125213623,0.45396963755289715,0.8779098987579346,0.5356578826904297,0.46310882568359374,0.9903724193572998,0.32360038757324217,0.4499220848083496,0.9929124712944031,0.47310762405395507,0.8585032145182292,0.7316874861717224,0.26855423450469973,0.8310721079508464,0.8127638697624207,0.4752779960632324,1.0,0.06257227063179016,0.2804227113723755,0.984933598836263,0.08929043263196945
pushup,0.21633801460266114,0.06500329971313476,0.010075447149574757,0.22536807060241698,0.017748324076334636,0.0030049330089241266,0.19278743267059326,0.04554278055826823,0.001134027959778905,0.2957939386367798,0.0,0.013479772955179214,0.18858962059020995,0.017820231119791665,0.0011554791126400232,0.515384292602539,0.0292875607808431,0.5059431195259094,0.19090378284454346,0.04475552241007487,0.30450087785720825,0.7626734733581543,0.263086477915446,0.8656202554702759,0.17402524948120118,0.18235708872477213,0.8726330995559692,0.7798234939575195,0.6274457295735677,0.8781973719596863,0.16022675037384032,0.45691871643066406,0.8898636698722839,0.5267450332641601,0.47384061813354494,0.9925036430358887,0.31720824241638185,0.4603160858154297,0.9931142926216125,0.4702995777130127,0.8762809753417968,0.6846112012863159,0.26582062244415283,0.8448909759521485,0.7454957962036133,0.47081871032714845,1.0,0.039217639714479446,0.279747748374939,0.9903313954671223,0.05210433527827263
pushup,0.3182483196258545,0.02925984064737956,0.0009029080392792821,0.32761292457580565,0.0,0.00014395700418390334,0.3000119686126709,0.0052994410196940105,9.243417298421264e-05,0.37828693389892576,0.0,0.0009334819042123854,0.2777514934539795,0.0,0.0003344210854265839,0.5526280403137207,0.0058918952941894535,0.2708265781402588,0.21474912166595458,0.0,0.1384800523519516,0.7464065551757812,0.30037679672241213,0.9231691360473633,0.1607426404953003,0.1925838311513265,0.8667821288108826,0.773869514465332,0.7510423024495443,0.9102618098258972,0.13056139945983886,0.45310230255126954,0.898206353187561,0.5233335494995117,0.4818430264790853,0.9946364760398865,0.3042121171951294,0.46751651763916013,0.9935770630836487,0.48830580711364746,0.9082217534383138,0.6450884938240051,0.2692858219146729,0.8874734878540039,0.6302202939987183,0.48357086181640624,1.0,0.022804612293839455,0.2872031211853027,1.0,0.021729234606027603
pushup,0.2127403974533081,0.06364059448242188,0.01156461238861084,0.22416479587554933,0.018737252553304037,0.003182078478857875,0.19128756523132323,0.03953386942545573,0.0010332779493182898,0.2882998466491699,0.0,0.012179340235888958,0.17915036678314208,0.0,0.0009628123370930552,0.49506392478942873,0.014701175689697265,0.6604157090187073,0.17010600566864015,0.033480072021484376,0.3144349455833435,0.7284094810485839,0.2807996431986491,0.9453837275505066,0.16180863380432128,0.20994585355122883,0.878071129322052,0.7430736541748046,0.7130563100179036,0.9344891309738159,0.13923511505126954,0.4515798250834147,0.9039144515991211,0.5219906806945801,0.48037780125935875,0.9960506558418274,0.3109364748001099,0.4724895477294922,0.9948380589485168,0.48040175437927246,0.9076162974039713,0.7516493201255798,0.27823312282562257,0.886459223429362,0.7345741987228394,0.47116947174072266,1.0,0.03922628238797188,0.2993823528289795,1.0,0.03969885781407356
pushup,0.22515273094177246,0.04910825093587239,0.0031797848641872406,0.2352919340133667,0.006184895833333333,0.0007363524055108428,0.20555381774902343,0.026256275177001954,0.00023098985548131168,0.2963740587234497,0.0,0.005134941544383764,0.19618747234344483,0.0,0.00045771346776746213,0.4962937831878662,0.0,0.569667637348175,0.17944588661193847,0.01387484868367513,0.22627565264701843,0.7058855533599854,0.2710750579833984,0.9587867259979248,0.17363228797912597,0.2013993263244629,0.8764838576316833,0.7353630065917969,0.6752408345540365,0.9590842127799988,0.13520634174346924,0.43876495361328127,0.9177682399749756,0.5097884178161621,0.48211272557576496,0.9959222078323364,0.30669541358947755,0.4725865681966146,0.994032084941864,0.45579819679260253,0.912213134765625,0.7612178921699524,0.28881330490112306,0.8772026062011719,0.714042603969574,0.44967947006225584,1.0,0.03467429056763649,0.3216521978378296,1.0,0.03247222304344177
pushup,0.23111326694488527,0.03151254653930664,0.00028420129092410207,0.2338118076324463,0.0,6.001890869811177e-05,0.21272811889648438,0.014229647318522136,1.9003675333806314e-05,0.2890605926513672,0.0,0.0010125027038156986,0.20478324890136718,0.0,0.00011192107194801793,0.48447160720825194,0.0,0.2859509587287903,0.18501861095428468,0.0,0.0828891471028328,0.6869146347045898,0.23073142369588215,0.9506935477256775,0.1686173439025879,0.15527575810750324,0.8417096734046936,0.7152950286865234,0.5600662231445312,0.9702951312065125,0.1419910669326782,0.45531635284423827,0.9290490746498108,0.5011640548706054,0.4455076217651367,0.9972097277641296,0.3128636121749878,0.43493496576944984,0.9957343935966492,0.44767112731933595,0.8591351826985677,0.8873628377914429,0.31993780136108396,0.8309272766113281,0.8605626225471497,0.43019704818725585,1.0,0.08816424757242203,0.3398613452911377,1.0,0.0829569399356842
pushup,0.3255873680114746,0.014997450510660808,0.00039283791556954384,0.33124988079071044,0.0,6.458616553572938e-05,0.30967276096343993,0.0,3.3666903618723154e-05,0.3660752773284912,0.0,0.0006363121792674065,0.28357253074645994,0.0,0.00021995505085214972,0.5059969902038575,0.0,0.25353527069091797,0.21982312202453613,0.0,0.10702795535326004,0.6495232582092285,0.17675107320149738,0.9606438279151917,0.17979001998901367,0.14786132176717123,0.8652344346046448,0.6994494438171387,0.49633197784423827,0.9780756831169128,0.13194634914398193,0.41604782740275065,0.9463967084884644,0.4992959976196289,0.4212241490681966,0.9967159032821655,0.3213588953018188,0.4157343546549479,0.9948726296424866,0.45880718231201173,0.8614803314208984,0.900791585445404,0.31872990131378176,0.8237681070963542,0.8589041829109192,0.4613535404205322,1.0,0.09375278651714325,0.363911509513855,1.0,0.07829108834266663
pushup,0.30845026969909667,0.0,0.0001666089374339208,0.316526460647583,0.0,2.7551686798688024e-05,0.2935153007507324,0.0,1.4530321095662657e-05,0.3569230079650879,0.0,0.0004676452954299748,0.2723581552505493,0.0,0.0001315217523369938,0.4891488552093506,0.0,0.15499956905841827,0.2178417444229126,0.0,0.09561286866664886,0.6253530025482178,0.14890270233154296,0.9420698285102844,0.18420333862304689,0.15377283096313477,0.891944169998169,0.6935247421264649,0.4531538645426432,0.9717223644256592,0.13043484687805176,0.4013287862141927,0.9563693404197693,0.4918681144714355,0.40027586619059247,0.9976059198379517,0.3212525129318237,0.4009087880452474,0.9971244931221008,0.46565637588500974,0.8201014836629231,0.95682293176651,0.32302236557006836,0.7915506998697917,0.9521886706352234,0.46506352424621583,1.0,0.24112702906131744,0.3660691976547241,1.0,0.2425372302532196
pushup,0.3300358057022095,0.003182093302408854,0.0004083055828232318,0.34593567848205564,0.0,8.881713438313454e-05,0.3161974668502808,0.0,3.642667070380412e-05,0.39315247535705566,0.0,0.0010711010545492172,0.2950659513473511,0.0,0.00018882752920035273,0.4963836193084717,0.0,0.18267734348773956,0.23490962982177735,0.0,0.12545347213745117,0.616656494140625,0.16952028274536132,0.9378578662872314,0.18459689617156982,0.15868091583251953,0.8763728737831116,0.6694916725158692,0.41854756673177085,0.9726988077163696,0.14599852561950682,0.41347465515136717,0.9553413987159729,0.49239239692687986,0.37265097300211586,0.9968054294586182,0.3286759853363037,0.3748697916666667,0.9960337281227112,0.48654685020446775,0.7564019521077474,0.9789215922355652,0.35323433876037597,0.7550582885742188,0.9777812361717224,0.5054523468017578,0.9913348515828451,0.5310839414596558,0.4228031158447266,0.9954245885213217,0.5413172245025635
pushup,0.3385884761810303,0.0,0.0003312255721539259,0.3535111904144287,0.0,6.45487307338044e-05,0.3254921197891235,0.0,2.9002454539295286e-05,0.4005583763122559,0.0,0.0008457054500468075,0.3038343906402588,0.0,0.0001824361679609865,0.5052984714508056,0.0,0.21499094367027283,0.23673732280731202,0.0,0.1250840574502945,0.6303604125976563,0.14172128041585286,0.9552139639854431,0.18067483901977538,0.14501555760701498,0.8919926881790161,0.6942472934722901,0.40257047017415365,0.9806455969810486,0.1460935354232788,0.41168746948242185,0.9632595181465149,0.49424285888671876,0.35675061543782555,0.9981350898742676,0.3257055044174194,0.36020488739013673,0.997478187084198,0.4994359493255615,0.7445336659749349,0.9823610782623291,0.3630668640136719,0.7434420903523763,0.9794330596923828,0.4966315746307373,1.0,0.509416937828064,0.41523056030273436,1.0,0.4990464746952057
pushup,0.37133901119232177,0.019558302561442056,0.0006835309905000031,0.3840793609619141,0.0,9.037669224198908e-05,0.3513571977615356,0.0,8.616819832241163e-05,0.41949033737182617,0.0,0.0005181306041777134,0.31131620407104493,0.0,0.0006108300876803696,0.524022912979126,0.0,0.28334155678749084,0.23301215171813966,0.0,0.16753332316875458,0.655621337890625,0.1464695930480957,0.9542645812034607,0.18024225234985353,0.16682810783386232,0.888517439365387,0.7116496086120605,0.42728614807128906,0.976771891117096,0.16025779247283936,0.4120075543721517,0.9591954350471497,0.5145126819610596,0.35926389694213867,0.9981127977371216,0.33256239891052247,0.37165711720784506,0.9973633885383606,0.5224137306213379,0.7338443756103515,0.9755508899688721,0.37871732711791994,0.7450828552246094,0.9686549305915833,0.5098761558532715,0.9995890299479167,0.4303199350833893,0.43335485458374023,0.9998669942220052,0.39348655939102173
pushup,0.37651307582855226,0.022285906473795573,0.0015434582019224763,0.38770298957824706,0.0,0.0002197768772020936,0.35614933967590334,0.0,0.00019338863785378635,0.421976375579834,0.0,0.0011670902604237199,0.3188098192214966,0.0,0.0011147891636937857,0.5278553485870361,0.0,0.4341587722301483,0.24648406505584716,0.0,0.3110355734825134,0.6637565612792968,0.15911394755045574,0.9641705751419067,0.18919904232025148,0.18481208483378092,0.9305058717727661,0.7218111515045166,0.43649326960245766,0.9809288382530212,0.18078203201293946,0.43345346450805666,0.9723456501960754,0.5260276794433594,0.35039889017740883,0.9986692667007446,0.35099225044250487,0.36519037882486977,0.9983223080635071,0.5392246246337891,0.7056090037027994,0.9848343133926392,0.3846015691757202,0.7238867441813152,0.9830595254898071,0.5214169979095459,0.9698577880859375,0.5732648968696594,0.4285604953765869,0.9831849416097005,0.5610446929931641
pushup,0.38503954410552976,0.011521021525065104,0.005915553774684668,0.4030618667602539,0.0,0.0010501747019588947,0.3660308361053467,0.0,0.0008920913678593934,0.4411121368408203,0.0,0.0030119481962174177,0.3280168533325195,0.0,0.002009253716096282,0.5376223087310791,0.0,0.4992578327655792,0.2622250556945801,0.006176503499348959,0.3938147723674774,0.6794601917266846,0.17794043223063152,0.9544588327407837,0.21144795417785645,0.2200526237487793,0.9227604866027832,0.7144379615783691,0.4386983235677083,0.9748149514198303,0.1836787223815918,0.46937554677327475,0.9665160179138184,0.5377080917358399,0.3486610412597656,0.9984784722328186,0.3637578248977661,0.36658992767333987,0.9981751441955566,0.5522189140319824,0.679803466796875,0.9933967590332031,0.38125972747802733,0.7267296473185222,0.9932065010070801,0.5432719707489013,0.9020430882771809,0.8342326283454895,0.4240867614746094,0.9766727447509765,0.8308733105659485
pushup,0.39492456912994384,0.016323661804199217,0.006451396271586418,0.4081854820251465,0.0,0.0010045628296211362,0.37603259086608887,0.0,0.0008310014964081347,0.44280400276184084,0.0,0.003961677197366953,0.3419429063796997,0.0,0.0025360749568790197,0.541628074645996,0.0,0.6678860783576965,0.2815918207168579,0.011590321858723959,0.5935591459274292,0.6808395385742188,0.18951829274495444,0.9748390316963196,0.23516621589660644,0.21333799362182618,0.9643731117248535,0.718413257598877,0.4383434613545736,0.9856022000312805,0.21538314819335938,0.47075510025024414,0.9826371073722839,0.5448907852172852,0.35478185017903646,0.9993807077407837,0.3821617364883423,0.3719335556030273,0.9993218183517456,0.5569066047668457,0.6702426910400391,0.9957541227340698,0.3987398386001587,0.7190687815348308,0.9961217045783997,0.5384204864501954,0.8805900573730469,0.867518961429596,0.4289117336273193,0.9593762715657552,0.8744400143623352
pushup,0.40940179824829104,0.01591008504231771,0.013248685747385025,0.42171850204467776,0.0,0.002235025865957141,0.3904165983200073,0.0,0.0016023963689804077,0.45309152603149416,0.0,0.007023448124527931,0.35571262836456297,0.0,0.003707025432959199,0.5473538398742676,0.0,0.7866318821907043,0.3020503044128418,0.012028026580810546,0.6886720061302185,0.6788193702697753,0.19560944239298503,0.9825100302696228,0.2643801212310791,0.2110687255859375,0.9678555130958557,0.7143182754516602,0.44694080352783205,0.9884877800941467,0.24637160301208497,0.4553611119588216,0.9831489324569702,0.5565735816955566,0.3514656702677409,0.9995244741439819,0.4026350975036621,0.36692018508911134,0.999424934387207,0.5601390361785888,0.6675394694010417,0.9964779019355774,0.40549278259277344,0.713033930460612,0.9964213371276855,0.542940092086792,0.8516947428385416,0.8899213075637817,0.4282382965087891,0.9247592926025391,0.8892815709114075
pushup,0.418003511428833,0.006050999959309896,0.009727424010634422,0.4300543785095215,0.0,0.0016928858822211623,0.3981007099151611,0.0,0.0011214803671464324,0.46434769630432127,0.0,0.006455536466091871,0.3656530141830444,0.0,0.0027102718595415354,0.5632788181304932,0.006138038635253906,0.7708225846290588,0.3226872682571411,0.025611241658528645,0.6111384034156799,0.6973340034484863,0.20870049794514975,0.980361819267273,0.28716657161712644,0.21857496897379558,0.9578737616539001,0.7348291873931885,0.453234608968099,0.9867783784866333,0.2666699171066284,0.44065036773681643,0.9785202145576477,0.5697866439819336,0.35219659805297854,0.9994807839393616,0.4189573287963867,0.36507994333902993,0.9993277788162231,0.5642402172088623,0.6575791041056315,0.9968234300613403,0.42314462661743163,0.6954367955525717,0.9964912533760071,0.5332954406738282,0.8630051294962565,0.9001163244247437,0.43349475860595704,0.9192300160725911,0.8947791457176208
pushup,0.4312856674194336,0.007884565989176433,0.04326281324028969,0.447244930267334,0.0,0.009980696253478527,0.40947780609130857,0.0,0.004714425187557936,0.48748202323913575,0.0,0.029503537341952324,0.37851366996765134,0.0,0.00601889006793499,0.580653190612793,0.019739246368408202,0.9093677997589111,0.3445305347442627,0.042180411020914715,0.8363060355186462,0.7015681743621827,0.21994214057922362,0.9873958230018616,0.3006023168563843,0.23909955024719237,0.9758602380752563,0.7318565368652343,0.4646983464558919,0.9901332855224609,0.27298285961151125,0.4529188791910807,0.9848239421844482,0.5840632438659668,0.3434730529785156,0.9997254014015198,0.4367091178894043,0.35525163014729816,0.999663233757019,0.5775285720825195,0.653858502705892,0.9982568621635437,0.4302212715148926,0.6893739064534505,0.9982070922851562,0.5261426448822022,0.8570017496744792,0.938701868057251,0.419856595993042,0.9149477640787761,0.9389240145683289
pushup,0.4577134132385254,0.009708213806152343,0.12349790334701538,0.4716764450073242,0.0,0.027293523773550987,0.4351938724517822,0.0,0.01767287589609623,0.5080643653869629,0.0,0.04767448082566261,0.40331354141235354,0.0,0.017222821712493896,0.5950693130493164,0.03004007339477539,0.9368988275527954,0.36795971393585203,0.05203383763631185,0.9265285730361938,0.7033687591552734,0.23352427482604982,0.9859263896942139,0.31052732467651367,0.24775083859761557,0.9845938682556152,0.7257681369781495,0.4776625951131185,0.9886634945869446,0.2780186414718628,0.46969801584879556,0.9882491827011108,0.589215087890625,0.34007854461669923,0.9996943473815918,0.4477678298950195,0.35037476221720376,0.9996989965438843,0.575875186920166,0.634719975789388,0.998362123966217,0.43319149017333985,0.6647527694702149,0.9985846281051636,0.5332679271697998,0.8510791778564453,0.950249195098877,0.4212308883666992,0.8969769795735677,0.9556431770324707
pushup,0.46170954704284667,0.037288697560628255,0.32363107800483704,0.48052568435668946,0.008564503987630208,0.11595992743968964,0.44299516677856443,0.008527851104736328,0.050111692398786545,0.5219828128814697,0.0,0.13948403298854828,0.41538801193237307,0.0,0.024223746731877327,0.5993908405303955,0.04457906087239583,0.9679763317108154,0.37604191303253176,0.05137799580891927,0.9453831911087036,0.7030872344970703,0.2586493492126465,0.9896785020828247,0.31345696449279786,0.26038812001546224,0.9804302453994751,0.7167500495910645,0.49356695810953777,0.9912257790565491,0.2811458110809326,0.488412348429362,0.9855105876922607,0.588407564163208,0.3294818878173828,0.9996764659881592,0.4498722553253174,0.3331507364908854,0.9996047616004944,0.5812367916107177,0.6167285919189454,0.9988321661949158,0.4388951301574707,0.636434809366862,0.9987528324127197,0.54055814743042,0.8617478688557942,0.9695234894752502,0.44051342010498046,0.9037955602010092,0.9698293805122375
pushup,0.46727681159973145,0.09882688522338867,0.6680525541305542,0.48455066680908204,0.07075014114379882,0.4229295551776886,0.4470356464385986,0.07241293589274088,0.17839781939983368,0.5265333175659179,0.0192930539449056,0.34711143374443054,0.4204246044158936,0.026704184214274087,0.04872262850403786,0.6057850837707519,0.0694050153096517,0.9868878722190857,0.3847541332244873,0.06835171381632486,0.9609001278877258,0.7022727966308594,0.296906312306722,0.9920849204063416,0.31814064979553225,0.27729342778523763,0.9693631529808044,0.7137228965759277,0.5145836512247721,0.991664707660675,0.28543596267700194,0.5041827837626139,0.975821316242218,0.5861075401306153,0.3274922053019206,0.9995306730270386,0.45124077796936035,0.3249299685160319,0.9992350339889526,0.5723763465881347,0.6089115142822266,0.9986782670021057,0.4468838214874268,0.6045888900756836,0.9980646967887878,0.550847339630127,0.8398029327392578,0.9748313426971436,0.47107372283935545,0.8406946818033855,0.9706448912620544
pushup,0.47435498237609863,0.13112071355183919,0.5966941118240356,0.48821344375610354,0.10778020222981771,0.3019392192363739,0.45911374092102053,0.10858882268269857,0.15721361339092255,0.5257400035858154,0.055633258819580075,0.23842370510101318,0.43783841133117674,0.06032562255859375,0.055734988301992416,0.6001608371734619,0.09810221989949544,0.9821893572807312,0.39366376399993896,0.093580691019694,0.9699960350990295,0.6880584716796875,0.313255246480306,0.9899175763130188,0.31931884288787843,0.2964527130126953,0.9798562526702881,0.7090358734130859,0.5377710978190104,0.9897450804710388,0.287099814414978,0.5259382883707683,0.9821804761886597,0.5757439136505127,0.3441786766052246,0.9996160268783569,0.44971232414245604,0.339571475982666,0.9995145797729492,0.5655077457427978,0.6175920486450195,0.9992750287055969,0.4497025489807129,0.6008585611979167,0.9991616010665894,0.5567678451538086,0.8381371180216471,0.9898374676704407,0.48363914489746096,0.8176502863566081,0.9899477362632751
pushup,0.46107330322265627,0.15080191294352213,0.6404679417610168,0.4755650520324707,0.12891505559285482,0.378589928150177,0.44925785064697266,0.1287816365559896,0.16692642867565155,0.518354845046997,0.07766914367675781,0.3188663721084595,0.43537068367004395,0.07970781326293945,0.04832398518919945,0.5933448791503906,0.1203096071879069,0.9836053252220154,0.39379689693450926,0.11104059219360352,0.9681840538978577,0.6837673187255859,0.35081507364908854,0.9892019033432007,0.31445136070251467,0.3262170155843099,0.9752208590507507,0.704330587387085,0.5724688212076823,0.9889463782310486,0.28096833229064944,0.5587427139282226,0.9780699014663696,0.5688273906707764,0.34373912811279295,0.9994174242019653,0.4480374813079834,0.33747180302937824,0.9992239475250244,0.5632139205932617,0.611719258626302,0.9990102052688599,0.45761780738830565,0.5932994842529297,0.9988067150115967,0.5589826583862305,0.8376257578531902,0.986977756023407,0.5013608455657959,0.8171412785847981,0.9870254397392273
pushup,0.47450432777404783,0.1066009521484375,0.475494921207428,0.48888072967529295,0.08465938568115235,0.2813306450843811,0.4643989562988281,0.08446950912475586,0.10985392332077026,0.5274784564971924,0.05871022542317708,0.26662200689315796,0.4502591609954834,0.05940596262613932,0.036774296313524246,0.5920192241668701,0.13266798655192058,0.9697638750076294,0.4058699131011963,0.12308791478474936,0.9182863235473633,0.6789316654205322,0.36807206471761067,0.9781545996665955,0.3222021579742432,0.34419263203938805,0.9202178120613098,0.6971793651580811,0.5928625106811524,0.9739707112312317,0.28151204586029055,0.5638206481933594,0.9312711954116821,0.5540307044982911,0.356602414449056,0.9989041090011597,0.4408268928527832,0.35003493626912435,0.9981871247291565,0.5591468811035156,0.6066893259684245,0.9989073276519775,0.459414005279541,0.5870004018147786,0.9983804225921631,0.5608393669128418,0.8410954793294271,0.9910463690757751,0.5021143913269043,0.8154895146687825,0.9895908236503601
pushup,0.47171506881713865,0.3156800587972005,0.7626789808273315,0.49081997871398925,0.2926637649536133,0.5460866689682007,0.45699124336242675,0.2896688461303711,0.32002678513526917,0.5409025192260742,0.21617263158162434,0.32371729612350464,0.43746218681335447,0.21369825998942057,0.069806307554245,0.5965886116027832,0.20538689295450846,0.9792600274085999,0.3951580047607422,0.19291035334269205,0.9624359607696533,0.6743674755096436,0.4373992919921875,0.9837992191314697,0.3137070178985596,0.4200635592142741,0.9671448469161987,0.690641975402832,0.6404984792073568,0.9854824542999268,0.28512773513793943,0.6394166946411133,0.9725491404533386,0.5482757091522217,0.32701740264892576,0.9989897608757019,0.4258274078369141,0.3220210075378418,0.9986287355422974,0.5732378482818603,0.5941212972005209,0.9990543723106384,0.46414885520935056,0.5834840138753256,0.9988719820976257,0.5616930961608887,0.8145285288492838,0.992267906665802,0.5093650341033935,0.8134114583333333,0.9922828078269958
pushup,0.47591795921325686,0.39644304911295575,0.7837406396865845,0.5037885189056397,0.36642640431722007,0.5493518114089966,0.4527547359466553,0.3582124710083008,0.45804357528686523,0.5518546104431152,0.2862452189127604,0.28130823373794556,0.4177534580230713,0.2731335957845052,0.1372307986021042,0.5984904766082764,0.24809967676798503,0.971676766872406,0.37888178825378416,0.24202086130777994,0.9698559641838074,0.6808806419372558,0.47211793263753254,0.9725491404533386,0.3205585479736328,0.47805347442626955,0.9734731316566467,0.6818714618682862,0.6787846883138021,0.9747931957244873,0.2829963207244873,0.677874501546224,0.9728153347969055,0.5523782730102539,0.31325432459513347,0.9985480904579163,0.4181189060211182,0.31123148600260414,0.998477041721344,0.5936816692352295,0.5880192438761394,0.9987009763717651,0.46062703132629396,0.5795689900716146,0.9988085031509399,0.5743451595306397,0.7844797770182291,0.9916843175888062,0.5026277542114258,0.7947714487711589,0.9929344654083252
pushup,0.4659134387969971,0.42612679799397785,0.9193468689918518,0.4917086124420166,0.3997079849243164,0.811670184135437,0.4456042289733887,0.3908949534098307,0.7210171222686768,0.532826042175293,0.3309070905049642,0.5182843208312988,0.4136191844940186,0.316430918375651,0.25253576040267944,0.578739070892334,0.2979615529378255,0.9897499680519104,0.379385781288147,0.3022394816080729,0.9835190176963806,0.6731935501098633,0.5088108062744141,0.9831244945526123,0.3318320751190186,0.5365962346394857,0.9734318256378174,0.6780310153961182,0.7176533381144206,0.9746730327606201,0.2873944044113159,0.745704714457194,0.9598053097724915,0.5511407852172852,0.3492383321126302,0.9987577199935913,0.4270615577697754,0.35380204518636066,0.998418927192688,0.6076402187347412,0.5797278086344401,0.9986758828163147,0.4572571277618408,0.5849095662434896,0.9985313415527344,0.6019228458404541,0.7544382731119792,0.9930780529975891,0.49439406394958496,0.7824333190917969,0.9932699799537659
pushup,0.4617945194244385,0.48077589670817056,0.7950921654701233,0.4856429100036621,0.4488125165303548,0.6385446190834045,0.4389462471008301,0.44253918329874675,0.5408668518066406,0.5237814903259277,0.3832343737284342,0.26122477650642395,0.3998332262039185,0.3722338358561198,0.14675377309322357,0.5591025829315186,0.3489908854166667,0.9608916640281677,0.37427444458007814,0.35917784372965494,0.8859293460845947,0.6485302448272705,0.5634276707967122,0.9613474011421204,0.3754264831542969,0.6125499089558919,0.8809634447097778,0.6691327571868897,0.7795691172281901,0.9469113349914551,0.4210078239440918,0.8000584284464518,0.8764573931694031,0.5547492980957032,0.35984894434611003,0.9959512948989868,0.42999944686889646,0.37266101837158205,0.9929438233375549,0.6440473556518554,0.5926369984944662,0.9965208768844604,0.4580090999603271,0.6075239181518555,0.99470454454422,0.6543420791625977,0.7730496088663737,0.9865615963935852,0.4786616325378418,0.7983375549316406,0.9831296801567078
pushup,0.4565414905548096,0.5187452952067058,0.8733490705490112,0.4798381805419922,0.4893352508544922,0.6911770105361938,0.4352020263671875,0.48307600021362307,0.7253700494766235,0.5179028034210205,0.4392976760864258,0.31596118211746216,0.40210661888122556,0.42668924331665037,0.324049711227417,0.5394088745117187,0.4068347295125326,0.9638880491256714,0.3987948656082153,0.39498653411865237,0.9829293489456177,0.6221555709838867,0.6025529225667318,0.9484273791313171,0.3721292018890381,0.6066471099853515,0.9803762435913086,0.6770196914672851,0.841784413655599,0.8951719403266907,0.3390869140625,0.8614794413248698,0.9421883225440979,0.557746696472168,0.34105192820231117,0.9965543746948242,0.4612034797668457,0.34067955017089846,0.9975468516349792,0.5953518867492675,0.6016516367594401,0.9968864321708679,0.45478167533874514,0.5871407190958658,0.9977909326553345,0.648353910446167,0.8075340906778972,0.987529993057251,0.49263777732849123,0.7899161020914713,0.9910460114479065
pushup,0.45767035484313967,0.5568745295206706,0.9358395934104919,0.4707478046417236,0.5282738367716472,0.8655861020088196,0.4368575096130371,0.5311148325602214,0.8552574515342712,0.5036371231079102,0.4567955652872721,0.3564665615558624,0.4045170783996582,0.46825052897135416,0.309588223695755,0.5417737007141114,0.4188313802083333,0.9501226544380188,0.3860269069671631,0.4295837720235189,0.9046085476875305,0.6370444774627686,0.591875966389974,0.9249956607818604,0.3557039737701416,0.6355259577433269,0.8591309785842896,0.6668838024139404,0.6809638977050781,0.9242557287216187,0.39183568954467773,0.7922186533610026,0.8577207326889038,0.5395375251770019,0.4012886047363281,0.9822648763656616,0.4314578533172607,0.41280463536580403,0.9747031331062317,0.6223507881164551,0.6197870254516602,0.9866594076156616,0.45459766387939454,0.6186272303263346,0.9811348915100098,0.6799882888793946,0.8347428639729818,0.9492650628089905,0.4883880138397217,0.8215106328328451,0.9407547116279602
pushup,0.46465401649475097,0.6886474609375,0.9644380807876587,0.4887681484222412,0.6622152964274088,0.9053745269775391,0.4454357147216797,0.6550820668538412,0.935335636138916,0.5260105609893799,0.6111539204915365,0.49261391162872314,0.41286582946777345,0.5955066680908203,0.6116524338722229,0.5750713348388672,0.5918933868408203,0.9439316987991333,0.36902728080749514,0.5913454055786133,0.9858554005622864,0.6478306293487549,0.8104850133260091,0.8355697989463806,0.3067049980163574,0.8310150782267253,0.966280460357666,0.6399859428405762,0.9215354283650716,0.7787389159202576,0.27800679206848145,0.9905387878417968,0.9153978824615479,0.5779402256011963,0.5867265065511068,0.9191029667854309,0.44151949882507324,0.5909230550130208,0.9559615850448608,0.6223022937774658,0.7285171508789062,0.8276810646057129,0.3946839809417725,0.7303478240966796,0.9020657539367676,0.6461851119995117,0.8508813222249348,0.5656517148017883,0.42699384689331055,0.870167605082194,0.6863852143287659
pushup,0.47653932571411134,0.6992090225219727,0.9546085000038147,0.4981832027435303,0.6719898859659831,0.9060273170471191,0.4561277389526367,0.6680042266845703,0.8876938223838806,0.5334769248962402,0.6110908508300781,0.5567512512207031,0.4237836837768555,0.6036691665649414,0.48073893785476685,0.576430368423462,0.5718945185343425,0.9723023772239685,0.38232874870300293,0.584085210164388,0.979895830154419,0.6518327236175537,0.768603769938151,0.9438781142234802,0.3139294385910034,0.8116029103597006,0.9536229372024536,0.6854170799255371,0.9523838043212891,0.8853617906570435,0.2805999994277954,0.9814736048380533,0.8953589200973511,0.5757088661193848,0.5482495625813802,0.974045991897583,0.4469770908355713,0.5598598480224609,0.9751322269439697,0.6336564064025879,0.7407662709554036,0.9275630116462708,0.4147306442260742,0.7504544576009115,0.9338409304618835,0.6652305126190186,0.8482394536336263,0.7272240519523621,0.43531198501586915,0.8622254053751628,0.7573488354682922
pushup,0.4782246589660645,0.6894517262776693,0.9469037652015686,0.5020233154296875,0.6569344838460286,0.9006174206733704,0.457047176361084,0.6549905141194662,0.8374265432357788,0.5480287075042725,0.5939655303955078,0.538892388343811,0.42693581581115725,0.5921353022257487,0.277540385723114,0.5929389953613281,0.5661664326985677,0.9724642634391785,0.3843774080276489,0.5759562174479167,0.9656835198402405,0.6611076354980469,0.775143051147461,0.9645042419433594,0.32127976417541504,0.8066612879435221,0.9513368606567383,0.6794698715209961,0.9530693054199219,0.931267261505127,0.32210144996643064,0.9400278727213541,0.9066551923751831,0.5572508811950684,0.5535436630249023,0.9910027980804443,0.41187095642089844,0.5594591776529948,0.988893449306488,0.634310245513916,0.7692769368489584,0.9602587223052979,0.34813704490661623,0.7838752746582032,0.9560229182243347,0.6527711391448975,0.8965748469034831,0.7634246945381165,0.311564564704895,0.9245772043863932,0.755293607711792
pushup,0.47673807144165037,0.675433858235677,0.9909056425094604,0.5058014392852783,0.6422411600748698,0.9800894260406494,0.4535810947418213,0.634257443745931,0.9753495454788208,0.5499419212341309,0.5836129506429036,0.7533993721008301,0.41935291290283205,0.5678151448567709,0.6329589486122131,0.5838998317718506,0.5617904663085938,0.9865555763244629,0.3756675720214844,0.5664096196492513,0.9857655167579651,0.6574934005737305,0.7716076532999675,0.9616339802742004,0.3219926834106445,0.8065059661865235,0.9582555294036865,0.6926563739776611,0.9796371459960938,0.8936489820480347,0.2981295347213745,0.9774607340494792,0.8815658092498779,0.5510967254638672,0.5826344807942708,0.9704589247703552,0.4085491180419922,0.5882300059000651,0.9670234322547913,0.643925952911377,0.7871495564778646,0.8084385395050049,0.3675945281982422,0.7915878295898438,0.799568772315979,0.6601437568664551,0.9317843755086263,0.3160119354724884,0.3450093030929565,0.9506676991780599,0.31062978506088257
pushup,0.47919425964355467,0.6539909998575847,0.9927558302879333,0.5058346271514893,0.6193524678548177,0.9833180904388428,0.45425262451171877,0.6166727066040039,0.9785445332527161,0.5467947959899903,0.5637683232625326,0.7816376090049744,0.4186211109161377,0.5616097768147786,0.653914213180542,0.5886161804199219,0.5607962290445964,0.9893544912338257,0.3721651554107666,0.5863478342692058,0.9839643239974976,0.6613484382629394,0.754377810160319,0.967879056930542,0.32120485305786134,0.8206284840901693,0.9465487003326416,0.6921522617340088,0.9647768656412761,0.9176925420761108,0.2921147346496582,0.9931573232014974,0.8709161877632141,0.5426151752471924,0.6537242253621419,0.9554209113121033,0.39562699794769285,0.6661848704020182,0.9415144920349121,0.635247802734375,0.8054434458414713,0.6513242125511169,0.35685338973999026,0.8130209604899089,0.595424473285675,0.6502202987670899,0.9403592427571614,0.17118968069553375,0.33878469467163086,0.952340825398763,0.14970029890537262
pushup,0.4763827323913574,0.6421799977620443,0.993350088596344,0.5037153720855713,0.6052876154581706,0.9847075939178467,0.44864606857299805,0.6044442494710286,0.9809795022010803,0.5453851222991943,0.5503070831298829,0.7841655611991882,0.41273932456970214,0.5506980260213216,0.7061700224876404,0.5881426811218262,0.5683296839396159,0.9881168603897095,0.3661575555801392,0.5882619222005209,0.9850596189498901,0.650274658203125,0.7733539581298828,0.9564446806907654,0.31287121772766113,0.8230173746744792,0.9357434511184692,0.6954989433288574,0.9553522109985352,0.8808780908584595,0.27857508659362795,1.0,0.8358657956123352,0.5432626247406006,0.7405901590983073,0.9073551297187805,0.39481818675994873,0.7529402414957682,0.8856276869773865,0.6225167274475097,0.8569629033406575,0.3295411467552185,0.36125774383544923,0.8671781539916992,0.3027617037296295,0.6290366649627686,0.946826171875,0.0548754557967186,0.3471211433410645,0.963235346476237,0.05115284025669098
pushup,0.46669936180114746,0.6328219095865886,0.992942214012146,0.49578137397766114,0.5983821233113606,0.9821264147758484,0.441056489944458,0.594952646891276,0.9798691868782043,0.5365137577056884,0.5481452941894531,0.7639732956886292,0.40427088737487793,0.5420229593912761,0.6920552253723145,0.579688549041748,0.5826272328694662,0.9828398823738098,0.3546455860137939,0.5975444157918294,0.9760624766349792,0.6510047435760498,0.7833974202473958,0.9361466765403748,0.3103820562362671,0.8248626073201497,0.9073662161827087,0.6980164527893067,0.979861323038737,0.8833164572715759,0.28162331581115724,0.9988061904907226,0.8406336307525635,0.5268079757690429,0.8255645116170247,0.7238995432853699,0.37943994998931885,0.8341007232666016,0.6849955916404724,0.5862805366516113,0.8867149988810221,0.11139819025993347,0.36308701038360597,0.8829636891682943,0.09690931439399719,0.5911534309387207,0.9331639607747396,0.02022092230618,0.3950315475463867,0.9263925552368164,0.018138328567147255
pushup,0.4607656955718994,0.6219816207885742,0.9923288226127625,0.48784599304199217,0.5841798146565755,0.9809030294418335,0.4330357551574707,0.5855225245157878,0.9816266298294067,0.5264279842376709,0.5428490956624349,0.7445871233940125,0.39469342231750487,0.5475175221761067,0.7320308685302734,0.5631413459777832,0.5752713521321614,0.9828721284866333,0.35776491165161134,0.595962397257487,0.9800301194190979,0.6479659080505371,0.7854939778645833,0.9325339198112488,0.30921711921691897,0.8275464375813802,0.915443480014801,0.6953494071960449,0.9478371302286784,0.8637836575508118,0.26466522216796873,1.0,0.816041111946106,0.5184101104736328,0.6946896235148112,0.8070916533470154,0.38233993053436277,0.7104263305664062,0.7808058261871338,0.5936969757080078,0.8033152898152669,0.22359265387058258,0.36976444721221924,0.8326155980428059,0.21000820398330688,0.6226660251617432,0.8584006627400717,0.04171930253505707,0.36982543468475343,0.9047494252522786,0.03902321681380272
pushup,0.4525097370147705,0.6066029866536459,0.9923187494277954,0.4782986640930176,0.5679425557454427,0.9830316305160522,0.4238750457763672,0.5714684804280599,0.9785146117210388,0.518669843673706,0.5254762649536133,0.7945706844329834,0.38803372383117674,0.5350877126057942,0.6913654804229736,0.5650115013122559,0.5710535049438477,0.9872094392776489,0.3528187990188599,0.5849779764811198,0.9783826470375061,0.6463272571563721,0.8067813237508138,0.9489715695381165,0.30793004035949706,0.8241282145182292,0.9037333130836487,0.7016953468322754,0.9720617930094401,0.8713807463645935,0.2739940404891968,1.0,0.7855226993560791,0.5322343349456787,0.718394406636556,0.8321183323860168,0.3898513078689575,0.732059097290039,0.7830561995506287,0.617905855178833,0.8470836639404297,0.2065640687942505,0.3786248445510864,0.8658220291137695,0.1724676787853241,0.6703935623168945,0.9018895467122395,0.03147292882204056,0.389281177520752,0.9288214365641276,0.027418138459324837
pushup,0.4507757663726807,0.5878585815429688,0.9926226139068604,0.4729294300079346,0.551634407043457,0.9815266728401184,0.4228183746337891,0.5575643539428711,0.9805881381034851,0.5088753700256348,0.5044439951578776,0.7670382261276245,0.38688645362854,0.519856866200765,0.7381855249404907,0.5622280597686767,0.5493647257486979,0.9870012998580933,0.35003318786621096,0.5774085998535157,0.9830852150917053,0.6454030036926269,0.7873630523681641,0.9434170722961426,0.30392842292785643,0.8278991063435872,0.9190257787704468,0.6973012924194336,0.9709015528361002,0.8528204560279846,0.27198486328125,1.0,0.8009066581726074,0.5403779506683349,0.7496021906534831,0.8351325392723083,0.39850876331329343,0.7699971516927083,0.8078114986419678,0.6087469100952149,0.8839239120483399,0.1675693243741989,0.3796339511871338,0.9140783945719401,0.15201722085475922,0.6529536247253418,0.9063859303792318,0.024070914834737778,0.39719538688659667,0.9404591242472331,0.022150617092847824
pushup,0.44472756385803225,0.5792133331298828,0.9940363168716431,0.4699359893798828,0.5420931498209636,0.9825069308280945,0.4192047595977783,0.545072873433431,0.9839683771133423,0.509801721572876,0.49844786326090496,0.7590832114219666,0.38539552688598633,0.5062532424926758,0.7389917373657227,0.557587718963623,0.5448880513509115,0.9880433082580566,0.3446832180023193,0.57537841796875,0.9860295653343201,0.641050386428833,0.774456787109375,0.9467265605926514,0.30351033210754397,0.8327400843302409,0.9413797855377197,0.6936694622039795,0.9807245254516601,0.8555238246917725,0.27359440326690676,1.0,0.8390779495239258,0.5226323127746582,0.7623260498046875,0.8536625504493713,0.37694945335388186,0.7813692728678385,0.8435514569282532,0.6037688255310059,0.875293223063151,0.1802377551794052,0.3532251834869385,0.8955441792805989,0.17595797777175903,0.6368503570556641,0.91334228515625,0.026477595791220665,0.3686382532119751,0.9334665934244791,0.025508368387818336
pushup,0.4493107318878174,0.5769489924112956,0.9928274750709534,0.4748713493347168,0.5402170817057291,0.9838835597038269,0.4222769260406494,0.5434305826822917,0.9817965030670166,0.5142653465270997,0.5042726834615071,0.8152446150779724,0.38946545124053955,0.5120518684387207,0.7387585639953613,0.5618392944335937,0.5668178558349609,0.9872351288795471,0.3504897117614746,0.5783968607584635,0.9829985499382019,0.637418556213379,0.8123294194539388,0.9284222722053528,0.30443463325500486,0.8207876841227214,0.9004704356193542,0.6861574172973632,0.9888758977254232,0.7628891468048096,0.27219414710998535,1.0,0.7040919661521912,0.528715991973877,0.7904960632324218,0.787473738193512,0.38381659984588623,0.8030783971150716,0.7552978992462158,0.6146751403808594,0.8936726888020833,0.09579504281282425,0.3641944169998169,0.9107863744099934,0.08919322490692139,0.6598816394805909,0.8920389175415039,0.01562079880386591,0.3780705451965332,0.9146134694417317,0.014623940922319889
pushup,0.4553677558898926,0.5818130493164062,0.9939804077148438,0.4818474769592285,0.5460994084676106,0.9834452271461487,0.4302640914916992,0.5462022145589193,0.9838878512382507,0.5214340209960937,0.5105327924092611,0.7996754050254822,0.39818859100341797,0.5108431816101074,0.7549257278442383,0.5661261558532715,0.5767135620117188,0.9889882206916809,0.35408859252929686,0.5813276926676433,0.9863781929016113,0.6353611946105957,0.8114410400390625,0.9390473961830139,0.3125449657440186,0.8147731781005859,0.9296091794967651,0.6782005310058594,0.9909077962239583,0.8022934198379517,0.28848264217376707,0.9921014149983723,0.7872223258018494,0.5252828121185302,0.8334664662679037,0.8097431063652039,0.37951250076293946,0.8406273523966471,0.7961312532424927,0.6073962688446045,0.9369805653889974,0.08783305436372757,0.3603461742401123,0.9380223592122395,0.0854441300034523,0.6398039340972901,0.9560155868530273,0.01140167098492384,0.38091650009155276,0.9574984868367513,0.010881337337195873
pushup,0.46894197463989257,0.5834204355875651,0.9943365454673767,0.4944594383239746,0.5484292348225911,0.9831027388572693,0.442839527130127,0.5491688410441081,0.985461413860321,0.5328383445739746,0.5077112833658854,0.7806161642074585,0.4096517562866211,0.5102300643920898,0.7771855592727661,0.5807981491088867,0.5757186889648438,0.9873464703559875,0.36216681003570556,0.5772839228312174,0.9873914122581482,0.6404876232147216,0.8137359619140625,0.9271745681762695,0.31753907203674314,0.8078309377034505,0.9328324794769287,0.6846367359161377,0.9873146057128906,0.7761478424072266,0.28448703289031985,0.9825696309407552,0.7922020554542542,0.5390164852142334,0.8749029159545898,0.7576962113380432,0.3894660234451294,0.8793107986450195,0.7602396011352539,0.6170294761657715,0.9486803690592448,0.06378503888845444,0.3693223237991333,0.9347853978474935,0.06650517135858536,0.6570619583129883,0.9709384918212891,0.009746904484927654,0.4066623687744141,0.9478964487711589,0.009911072440445423
pushup,0.47957615852355956,0.5776343027750651,0.9943327903747559,0.5050920009613037,0.5415358225504557,0.984994113445282,0.4529902935028076,0.5430913289388021,0.9849513173103333,0.5453485965728759,0.5043609301249187,0.8117135167121887,0.42134742736816405,0.5095540682474772,0.7612483501434326,0.5908519268035889,0.5700536727905273,0.9886599779129028,0.3774394989013672,0.5797156651814779,0.988768458366394,0.6430939197540283,0.8007650375366211,0.9408025145530701,0.32150113582611084,0.8117394129435221,0.9434282183647156,0.6799753189086915,0.9708772659301758,0.8065145015716553,0.28991873264312745,0.9898555119832356,0.8128998875617981,0.5530014038085938,0.836505635579427,0.8634518384933472,0.4044341087341309,0.8455840428670247,0.8621684312820435,0.641877555847168,0.9211302439371745,0.13432979583740234,0.37313499450683596,0.9234161376953125,0.13904480636119843,0.6690175533294678,0.9491877237955729,0.020454028621315956,0.3738101005554199,0.9502910614013672,0.020570410415530205
pushup,0.4854860782623291,0.583347765604655,0.9944524168968201,0.5122067928314209,0.5514287312825521,0.9849979281425476,0.4619600772857666,0.5470128377278646,0.984686017036438,0.5505379676818848,0.5093692461649577,0.7983928918838501,0.4299198627471924,0.5012190500895183,0.7425926327705383,0.5935379505157471,0.5670131047566732,0.988969087600708,0.3778710842132568,0.569927469889323,0.9878206849098206,0.6547371864318847,0.8056819915771485,0.9438138604164124,0.32507848739624023,0.8172237396240234,0.9389646649360657,0.683207654953003,0.9749655405680339,0.8190720081329346,0.2874432563781738,0.997583516438802,0.8069038391113281,0.548804759979248,0.8428245544433594,0.8698107600212097,0.4005558013916016,0.8484705607096354,0.8609383702278137,0.6363862991333008,0.9388309478759765,0.14183086156845093,0.3731534004211426,0.9416993459065756,0.1414223164319992,0.6446093559265137,0.9612907409667969,0.02136179432272911,0.37258410453796387,0.9736419677734375,0.02072138525545597
pushup,0.4959099292755127,0.5980264663696289,0.9928103685379028,0.5207469940185547,0.5612814585367839,0.9830737709999084,0.4687154769897461,0.5635040283203125,0.9817069172859192,0.5596966743469238,0.510729185740153,0.7603829503059387,0.43384366035461425,0.5178703943888346,0.7408300638198853,0.6040785789489747,0.5501271565755208,0.983521580696106,0.384558367729187,0.5728856404622396,0.9836238622665405,0.660640811920166,0.7707838694254557,0.9294459819793701,0.320933198928833,0.8162808736165365,0.915560781955719,0.6980427742004395,0.964218266805013,0.809726893901825,0.2822637796401978,1.0,0.7733508944511414,0.5642251014709473,0.7494740804036458,0.8286120891571045,0.41739678382873535,0.7663645426432292,0.8093674778938293,0.6437060356140136,0.8885828653971354,0.15722720324993134,0.3964036703109741,0.9104324340820312,0.15257017314434052,0.6673679351806641,0.9316888173421224,0.02282377891242504,0.3951707363128662,0.9608971913655598,0.022382797673344612
pushup,0.49589152336120607,0.6172814687093099,0.9940736889839172,0.5213852882385254,0.5821283340454102,0.9851572513580322,0.4689636707305908,0.5821250915527344,0.9820513725280762,0.5610979080200196,0.523815409342448,0.7882815003395081,0.4340397834777832,0.5264402071634928,0.6947894096374512,0.6054207801818847,0.559322738647461,0.9899926781654358,0.38314476013183596,0.5678609212239584,0.9842867851257324,0.6652379989624023,0.7947359720865885,0.9603536128997803,0.32564306259155273,0.8073374430338541,0.9293085336685181,0.6996687889099121,0.9845207214355469,0.8723961710929871,0.2897047996520996,1.0,0.8063123226165771,0.5537325859069824,0.780315907796224,0.8995242714881897,0.4052162170410156,0.7897610982259115,0.8707039952278137,0.6324365615844727,0.8954947789510092,0.24032212793827057,0.37954416275024416,0.9107702891031901,0.20337779819965363,0.6474826812744141,0.9531494776407877,0.03508216515183449,0.37705698013305666,0.9823465983072917,0.02961430326104164
pushup,0.5016350269317627,0.6402158737182617,0.9939712882041931,0.5230697631835938,0.6092247009277344,0.973999559879303,0.4771255016326904,0.6074590682983398,0.9871028065681458,0.5551120281219483,0.5405733108520507,0.49481239914894104,0.43669424057006834,0.5403027216593425,0.7631157040596008,0.6005603790283203,0.5567649841308594,0.970878541469574,0.37587924003601075,0.5743264516194662,0.9828552007675171,0.6679089546203614,0.7862743377685547,0.9309366941452026,0.31904919147491456,0.8261353174845377,0.9635267853736877,0.7088736534118653,0.9578073501586915,0.8826767206192017,0.2710786581039429,1.0,0.9204315543174744,0.5641030311584473,0.8084458033243815,0.8332043290138245,0.4067676067352295,0.823470942179362,0.8579777479171753,0.6770459175109863,0.8819363911946615,0.17321358621120453,0.37277660369873045,0.8987254460652669,0.20619508624076843,0.7118381023406982,0.9408862431844075,0.029827317222952843,0.36745305061340333,0.9682120641072591,0.03299615532159805
pushup,0.5008564949035644,0.6655127843221028,0.9835073947906494,0.5208450317382812,0.6407665888468425,0.9374052286148071,0.4800346851348877,0.6348316192626953,0.9551875591278076,0.5513917922973632,0.5645984013875326,0.4346224069595337,0.44412031173706057,0.5556236267089844,0.5900893211364746,0.6049965858459473,0.5779478708902995,0.9656170606613159,0.3689849376678467,0.5851025899251302,0.9661734700202942,0.6851066589355469,0.8065895716349284,0.922764241695404,0.3055929660797119,0.837948226928711,0.9254156947135925,0.7197603702545166,0.9977213541666666,0.8733770251274109,0.27221248149871824,1.0,0.8736210465431213,0.5335765838623047,0.8827968597412109,0.6871190667152405,0.38103647232055665,0.8879873275756835,0.674094557762146,0.6001428127288818,0.9059187571207682,0.08779121190309525,0.371474027633667,0.9079689661661784,0.08855137228965759,0.5604610443115234,0.9495908737182617,0.016737867146730423,0.38308000564575195,0.9588214874267578,0.016058316454291344
pushup,0.5102987289428711,0.6762807846069336,0.900909423828125,0.5248359203338623,0.6570262908935547,0.6537631750106812,0.49315485954284666,0.6524696985880534,0.8012180328369141,0.5432502269744873,0.5953159332275391,0.17251019179821014,0.45493078231811523,0.5858254750569661,0.5156505107879639,0.5983333587646484,0.6182175318400065,0.9168342351913452,0.36343376636505126,0.6234912872314453,0.9412233829498291,0.6872600078582763,0.8047059377034506,0.8472796082496643,0.29958155155181887,0.8386039733886719,0.8629947304725647,0.7153162002563477,0.9430936177571615,0.7568871974945068,0.2738091230392456,1.0,0.763239324092865,0.5471021175384522,0.96497008005778,0.4016754627227783,0.4039914608001709,0.9725747426350911,0.39379003643989563,0.5898258209228515,0.9345752716064453,0.022018881514668465,0.4333492279052734,0.9174560546875,0.021800845861434937,0.5885095596313477,0.9511818567911784,0.004952605813741684,0.546191930770874,0.9156885782877604,0.004887241870164871
pushup,0.5038249492645264,0.6544619878133138,0.8898255825042725,0.5210037231445312,0.6292367935180664,0.5769694447517395,0.48781747817993165,0.6229870478312175,0.8211348056793213,0.5410921096801757,0.602686055501302,0.08371499925851822,0.44956216812133787,0.586506462097168,0.4795987606048584,0.577153491973877,0.6548520406087239,0.8496799468994141,0.3667484998703003,0.6499156951904297,0.8850865960121155,0.7063848495483398,0.817626953125,0.8476986289024353,0.2739617586135864,0.8378488540649414,0.889970064163208,0.7370789527893067,0.8663712819417317,0.8231319785118103,0.27845940589904783,0.9848983128865559,0.8610169291496277,0.5380260467529296,0.9666938145955404,0.4958573877811432,0.3906529426574707,0.9839319864908854,0.49562373757362366,0.6887093544006347,0.8542654037475585,0.03573054447770119,0.42759041786193847,0.9055032094319662,0.04043697193264961,0.6865779399871826,0.8903616587320964,0.008984536863863468,0.4346437454223633,0.9642985661824545,0.008597824722528458
pushup,0.46964340209960936,0.8167903264363606,0.6204513907432556,0.48141207695007326,0.8027177174886068,0.40065011382102966,0.46988115310668943,0.7962108612060547,0.5404084324836731,0.5071135044097901,0.7650185902913411,0.1461300402879715,0.471151065826416,0.746990712483724,0.24780623614788055,0.5365989208221436,0.8120077133178711,0.35249942541122437,0.39728727340698244,0.7381516138712565,0.7215221524238586,0.5111988067626954,0.9643964767456055,0.1832742542028427,0.2628326416015625,0.8229665120442708,0.6279627084732056,0.4593961715698242,0.9484201431274414,0.21325524151325226,0.26639304161071775,1.0,0.49709850549697876,0.4531390190124512,0.9974866231282552,0.0702424943447113,0.36604857444763184,0.9653525034586589,0.14046771824359894,0.44819250106811526,0.9375118255615235,0.012982833199203014,0.3500415802001953,0.8885808308919271,0.025396721437573433,0.4687385082244873,0.9362393697102864,0.00959866214543581,0.3951306104660034,0.8901422500610352,0.015061398036777973
pushup,0.44194459915161133,0.83943297068278,0.07724308967590332,0.44402403831481935,0.8265886306762695,0.18193624913692474,0.46617798805236815,0.8207579294840495,0.0029058437794446945,0.4598036766052246,0.8507568359375,0.9873977899551392,0.5648374080657959,0.8315285364786784,0.25696125626564026,0.45804648399353026,0.9654113133748372,0.7942248582839966,0.5945991992950439,0.937283706665039,0.7156310677528381,0.441986608505249,0.9925132115681966,0.06283431500196457,0.5710651397705078,0.9608524322509766,0.018069272860884666,0.46122050285339355,0.9264238357543946,0.013917912729084492,0.5247719764709473,0.9102807998657226,0.006237528286874294,0.5057345390319824,1.0,0.0073854937218129635,0.5992183685302734,1.0,0.007974538952112198,0.47308897972106934,0.9739041646321615,0.0017743903445079923,0.5547944068908691,0.9651828130086263,0.0013635695213451982,0.48775482177734375,0.9766366958618165,0.00464656064286828,0.5585117340087891,0.957124137878418,0.004037939477711916
pushup,0.4679905891418457,0.9168230692545573,0.04314365237951279,0.4687612056732178,0.9042733510335287,0.08925995975732803,0.49289979934692385,0.8997657140096028,0.005965034477412701,0.4567850112915039,0.9220891316731771,0.9784806966781616,0.574871826171875,0.9132591247558594,0.5084577798843384,0.43763079643249514,1.0,0.40504005551338196,0.6001178741455078,1.0,0.4241233170032501,0.4210500717163086,1.0,0.009437689557671547,0.5903764724731445,1.0,0.0068371533416211605,0.4494307994842529,0.9491881052652995,0.0030542155727744102,0.5582929611206054,0.9625115712483724,0.002317079808562994,0.4791480541229248,1.0,0.0011546923778951168,0.5887353420257568,1.0,0.0016594880726188421,0.4808232307434082,0.9876727422078451,0.0007296597468666732,0.5683546543121338,0.9859381357828776,0.0008008650620467961,0.49752039909362794,0.9864941279093424,0.004851410165429115,0.5730971813201904,0.980618413289388,0.005353608168661594
pushup,0.4796143054962158,0.9746995290120443,0.01812680810689926,0.48120365142822263,0.9630205154418945,0.039000555872917175,0.5055882930755615,0.9581769307454427,0.0036425883881747723,0.4548738956451416,0.9785683314005534,0.978011965751648,0.5865723133087158,0.9705076853434245,0.6266657710075378,0.42736043930053713,1.0,0.12069164216518402,0.6108741283416748,1.0,0.21233701705932617,0.412612247467041,1.0,0.0017211220692843199,0.5935105323791504,1.0,0.0027087940834462643,0.4486234188079834,0.9663803100585937,0.0007940763607621193,0.552452278137207,0.9741561253865559,0.000973172893282026,0.4837993621826172,1.0,0.0002543774899095297,0.6095005512237549,1.0,0.0005331048741936684,0.4648116111755371,0.9568101247151692,0.00045740464702248573,0.5867220878601074,0.9551132837931315,0.0006365691078826785,0.47603588104248046,0.9858620961507162,0.008099796250462532,0.6127530574798584,0.9816603978474935,0.010529467836022377
pushup,0.5646256446838379,0.7184056599934896,0.024162068963050842,0.5533682346343994,0.7042385101318359,0.0035170288756489754,0.5707173824310303,0.7142809549967448,0.02146206423640251,0.4935699462890625,0.6917805989583333,0.13931019604206085,0.5724146366119385,0.718022346496582,0.5946060419082642,0.41565117835998533,0.723566182454427,0.7948541641235352,0.5746540069580078,0.7546184539794922,0.8412216901779175,0.34535837173461914,0.8375549952189127,0.4943710267543793,0.6385866165161133,0.874432118733724,0.5838903188705444,0.36192846298217773,0.8174480438232422,0.289835661649704,0.7005566596984864,0.8226112365722656,0.29109469056129456,0.3383216857910156,0.8441237767537435,0.6236796379089355,0.44662060737609866,0.8523125966389974,0.6165317893028259,0.2865894317626953,0.8428942362467448,0.41559338569641113,0.45829215049743655,0.8562285105387369,0.3901679217815399,0.2909341335296631,0.9425185521443685,0.1538722813129425,0.4662158012390137,0.9484930038452148,0.12730510532855988
pushup,0.4862028121948242,0.693065897623698,0.02692209556698799,0.4751500129699707,0.6852191925048828,0.00923394225537777,0.49811062812805174,0.6929070790608723,0.006524672266095877,0.45657734870910643,0.6909197489420573,0.30378207564353943,0.5383740901947022,0.7010804494222005,0.2365749180316925,0.43879380226135256,0.7543915430704753,0.8897397518157959,0.5600261211395263,0.7297339757283529,0.9093874096870422,0.39611086845397947,0.9009957631429036,0.7256745100021362,0.6191715240478516,0.8478174845377604,0.7423859238624573,0.33865904808044434,0.8577140172322592,0.46623706817626953,0.6827717781066894,0.8810562133789063,0.41984823346138,0.3930587530136108,0.860424296061198,0.7819920182228088,0.48700428009033203,0.8420262654622396,0.786875307559967,0.23696646690368653,0.9036841074625651,0.4330487549304962,0.45488743782043456,0.8804084777832031,0.40499332547187805,0.27380833625793455,0.993354606628418,0.10264338552951813,0.5299009323120117,0.9513486862182617,0.09253755211830139
pushup,0.5261152744293213,0.8103197097778321,0.00673968531191349,0.5146169662475586,0.80222593943278,0.0025248671881854534,0.5301124572753906,0.8025534947713217,0.004650757648050785,0.483693790435791,0.8176054000854492,0.06870365887880325,0.54078049659729,0.8194381713867187,0.23088088631629944,0.44568419456481934,0.8951258977254232,0.40926069021224976,0.5675139904022217,0.8718393325805665,0.6330263614654541,0.36729040145874026,0.985027821858724,0.14088183641433716,0.6217363357543946,0.9419155756632487,0.33240991830825806,0.34735970497131347,0.8920675913492838,0.09382251650094986,0.6503861904144287,0.9018898646036784,0.17951107025146484,0.43411822319030763,0.8863250096638997,0.5575225353240967,0.5266170501708984,0.8693094889322917,0.6500228047370911,0.34357576370239257,0.8760206858317058,0.5741968154907227,0.5166688442230225,0.8305988947550456,0.6447618007659912,0.34467182159423826,0.7802438100179037,0.6335668563842773,0.5413377761840821,0.7120535532633464,0.6750271916389465
pushup,0.5803162097930908,0.8731005986531576,0.009786847047507763,0.5651547908782959,0.8769296646118164,0.002434913534671068,0.5888706684112549,0.8781648635864258,0.007662386167794466,0.5177169799804687,0.9105716705322265,0.05680212005972862,0.5927104473114013,0.9181282679239909,0.2920531928539276,0.45395240783691404,0.9504887262980143,0.5613051652908325,0.6007447242736816,0.9471550623575846,0.6646250486373901,0.393656587600708,0.9469952901204427,0.3967697024345398,0.6384760856628418,0.9426626841227214,0.5274224877357483,0.3879597902297974,0.8286708196004232,0.4523751139640808,0.6734838485717773,0.8911813100179037,0.5008047819137573,0.40926403999328614,0.8447961171468099,0.7449889779090881,0.5076078414916992,0.842181396484375,0.7624755501747131,0.40204720497131347,0.7649654388427735,0.7990207672119141,0.5317467212677002,0.7596115112304688,0.8133484721183777,0.42469019889831544,0.6718992233276367,0.806462287902832,0.520542049407959,0.6631867090861002,0.8064761161804199
pushup,0.5451221942901612,0.8479493459065756,0.00834215059876442,0.5295568943023682,0.8576088587443034,0.0024773450568318367,0.553984546661377,0.8562339782714844,0.0052383639849722385,0.4845937728881836,0.907296880086263,0.08578569442033768,0.5639250755310059,0.9068669637044271,0.31440815329551697,0.43205437660217283,0.9634372075398763,0.6539360284805298,0.5838291645050049,0.9321198145548503,0.7479355335235596,0.3704063415527344,0.9584287643432617,0.4253702759742737,0.6168324470520019,0.8830408732096354,0.5639737248420715,0.34829044342041016,0.9106824239095052,0.36875587701797485,0.6261388301849365,0.8611039479573568,0.4650096297264099,0.4136360645294189,0.8684990564982097,0.7937156558036804,0.5177245616912842,0.851289176940918,0.8191320896148682,0.3708768844604492,0.7982606252034505,0.7978840470314026,0.5173323631286622,0.7686862945556641,0.8149486780166626,0.3991069793701172,0.7107810974121094,0.7898101210594177,0.5296919345855713,0.665687370300293,0.7980939149856567
pushup,0.589906883239746,0.8858434677124023,0.006089585833251476,0.5720872402191162,0.8863451639811198,0.0012068748474121094,0.5986053943634033,0.8895037333170573,0.007151535712182522,0.516357707977295,0.9163316090901693,0.051850561052560806,0.6063973426818847,0.9279307047526042,0.5324411988258362,0.4477396965026855,0.9635116577148437,0.5101184248924255,0.624172306060791,0.9561745961507161,0.7880340218544006,0.37224769592285156,0.9804830551147461,0.24225616455078125,0.6699338912963867,0.9593030293782552,0.6275660991668701,0.3692345142364502,0.8954029719034831,0.24090932309627533,0.6730552673339844,0.9046993255615234,0.49912789463996887,0.40005340576171877,0.8332160949707031,0.7116026878356934,0.5197658538818359,0.8242631912231445,0.8108316659927368,0.38484511375427244,0.7416286468505859,0.8243476748466492,0.5200918674468994,0.7190306981404623,0.8875207901000977,0.40955634117126466,0.6653411865234375,0.8883207440376282,0.5068156242370605,0.6336596171061198,0.9135404229164124
pushup,0.5110888004302978,0.7555833180745443,0.01125184167176485,0.5037044525146485,0.7468488693237305,0.0031843825709074736,0.5211256504058838,0.7510736465454102,0.008413602598011494,0.470653772354126,0.7517900466918945,0.18308325111865997,0.5464581966400146,0.7617564519246419,0.3779350817203522,0.4220433712005615,0.7964437484741211,0.5430027842521667,0.5804853916168213,0.7961228688557943,0.7599658370018005,0.3907036781311035,0.8997887929280599,0.17767295241355896,0.6315762519836425,0.9016120274861653,0.4638259708881378,0.4502420902252197,0.8551996231079102,0.09147389978170395,0.657939338684082,0.8790039698282878,0.17382261157035828,0.3927424192428589,0.8636489868164062,0.48507076501846313,0.5063117504119873,0.8555803934733073,0.5955172777175903,0.30703737735748293,0.8956483205159506,0.38848528265953064,0.47452287673950194,0.879450798034668,0.4713582396507263,0.31758594512939453,0.9272031784057617,0.25150972604751587,0.5061240196228027,0.9008150736490885,0.2801690101623535
pushup,0.4403348922729492,0.7173800150553385,0.008545421995222569,0.43346362113952636,0.7154005686442058,0.003964581992477179,0.46569037437438965,0.7191211700439453,0.0020365219097584486,0.4012357234954834,0.7459317525227864,0.752840518951416,0.527012300491333,0.7485104242960612,0.30173811316490173,0.3457045078277588,0.8101221720377604,0.9107845425605774,0.5671314239501953,0.7930172602335612,0.8933575749397278,0.27702767848968507,0.8793106079101562,0.6534639596939087,0.6284471035003663,0.8353541056315105,0.5823739171028137,0.29593958854675295,0.8164894739786784,0.37505042552948,0.7019993782043457,0.8336849212646484,0.24187159538269043,0.34276905059814455,0.8750584920247396,0.5112088918685913,0.4988862037658691,0.8667231241861979,0.485258549451828,0.23656938076019288,0.850201416015625,0.19933128356933594,0.46766390800476076,0.8483858744303385,0.16198566555976868,0.3290895938873291,0.9559923807779948,0.03544633463025093,0.5770264625549316,0.958872667948405,0.028936374932527542
pushup,0.4758156776428223,0.8474051793416341,0.9361552000045776,0.5006072521209717,0.8225825627644857,0.9117099642753601,0.46250319480895996,0.815044657389323,0.9154820442199707,0.5386859893798828,0.7756062825520833,0.6052255034446716,0.4383129596710205,0.7554285049438476,0.5679147243499756,0.5905894756317138,0.8377087910970052,0.7913426756858826,0.35279386043548583,0.7725556055704753,0.8835101127624512,0.6052356719970703,0.9988247553507487,0.3014417290687561,0.23314459323883058,0.8676246007283529,0.5329064130783081,0.49321322441101073,0.9744421005249023,0.2834727466106415,0.2684969425201416,1.0,0.4014861285686493,0.49838790893554685,1.0,0.0806746557354927,0.3600186824798584,1.0,0.11360643059015274,0.4576827049255371,1.0,0.009977247565984726,0.34468104839324953,0.9612403869628906,0.013598852790892124,0.46169462203979494,0.9886197408040365,0.004944904241710901,0.4721482753753662,0.9432120005289714,0.006179727613925934
pushup,0.4782256603240967,0.753925069173177,0.8608837723731995,0.49435768127441404,0.7387896219889323,0.6175944209098816,0.4700207233428955,0.7285320281982421,0.8562490940093994,0.5141007900238037,0.7041383743286133,0.12772174179553986,0.44967098236083985,0.6798854827880859,0.5746488571166992,0.51451096534729,0.7430224100748698,0.5067063570022583,0.37897255420684817,0.6956323623657227,0.8970491290092468,0.4912250518798828,0.8698912938435872,0.2913283705711365,0.2639147281646729,0.8134490331013997,0.8330265283584595,0.48443779945373533,0.821829350789388,0.33791226148605347,0.23010106086730958,0.8829817454020182,0.7557973861694336,0.42859535217285155,0.9824461619059245,0.15727844834327698,0.33774514198303224,0.960336430867513,0.31089428067207336,0.4452531814575195,0.9617483139038085,0.018033379688858986,0.32349679470062254,0.916501235961914,0.040374740958213806,0.42094693183898924,0.9376553853352865,0.008550206199288368,0.33310575485229493,0.8886732737223307,0.01442401297390461
pushup,0.5180084228515625,0.6327063878377278,0.8072371482849121,0.5315968513488769,0.6118677775065104,0.40043821930885315,0.5016573905944824,0.6057532628377279,0.6617385149002075,0.5438555240631103,0.5688880284627279,0.08477004617452621,0.45807366371154784,0.5541502634684244,0.4966752827167511,0.5934599876403809,0.6193255106608073,0.8987178206443787,0.3570028066635132,0.6228761037190755,0.9378887414932251,0.6822490215301513,0.7954559961954752,0.8415757417678833,0.2867585182189941,0.8374793370564778,0.8700137138366699,0.7222264289855957,0.9327921549479167,0.741595983505249,0.2647909641265869,0.9979721705118815,0.7721548080444336,0.5436939716339111,0.9792589823404948,0.41667377948760986,0.4005113124847412,0.985384178161621,0.4189240336418152,0.5715569496154785,0.951297378540039,0.019871048629283905,0.4231513023376465,0.9211702346801758,0.01951170340180397,0.5716757774353027,0.9682217915852864,0.003961123991757631,0.5403919219970703,0.9041542053222656,0.00386443710885942
pushup,0.5112705707550049,0.642514165242513,0.9605462551116943,0.5270901679992676,0.6201629638671875,0.8095588088035583,0.49289731979370116,0.613902473449707,0.9046850800514221,0.5477824687957764,0.5493702570597331,0.20962099730968475,0.4544653415679932,0.5383310317993164,0.5643838047981262,0.5996816158294678,0.5752008438110352,0.9443640112876892,0.36623415946960447,0.5805622100830078,0.9605781435966492,0.6640932559967041,0.8012640635172527,0.9000518321990967,0.3055759906768799,0.8334785461425781,0.9236041307449341,0.7092056751251221,0.9909158070882161,0.823803722858429,0.2599867105484009,1.0,0.8538326025009155,0.5381570816040039,0.9268191019694011,0.5726040601730347,0.3896187305450439,0.9308448155721029,0.5869048237800598,0.5907847881317139,0.9289247512817382,0.045584142208099365,0.38135876655578616,0.9057915369669597,0.046957775950431824,0.5801890373229981,0.9730064392089843,0.008814186789095402,0.4352885723114014,0.9349604288736979,0.00873475894331932
pushup,0.4894120693206787,0.6146661122639974,0.9945189356803894,0.514186429977417,0.5838723500569661,0.981436550617218,0.4648589134216309,0.5796300252278646,0.9845394492149353,0.5505122661590576,0.5203119913736979,0.6880248785018921,0.4290045738220215,0.5144908587137859,0.724247932434082,0.6014202117919922,0.5606109619140625,0.9811527729034424,0.3682258605957031,0.5713480631510417,0.9843867421150208,0.6522088527679444,0.8021825154622396,0.9373112916946411,0.31747167110443114,0.8364105860392252,0.9491162300109863,0.6995306015014648,0.9866570790608724,0.8687736392021179,0.26924889087677,1.0,0.8792514801025391,0.5466367244720459,0.8899648030598958,0.7496402859687805,0.3896728277206421,0.8936110814412435,0.7591818571090698,0.6080482959747314,0.9314345041910808,0.08305390179157257,0.341294527053833,0.9110720952351888,0.0864841639995575,0.6085363388061523,0.97007261912028,0.013913508504629135,0.3551522731781006,0.9411019643147787,0.014111822471022606
pushup,0.4892397880554199,0.6009389877319335,0.994085431098938,0.5155515193939209,0.5633507410685221,0.982004702091217,0.4605098247528076,0.5646187464396158,0.9863783121109009,0.5522073745727539,0.5194355646769205,0.7403867244720459,0.4203182220458984,0.5228097597757976,0.8071659803390503,0.5990777015686035,0.582918930053711,0.9863052368164062,0.36536920070648193,0.5921653111775717,0.9872775673866272,0.6553299903869629,0.8227976481119792,0.9168835282325745,0.3144912481307983,0.8357977549235026,0.9182100296020508,0.6946727275848389,0.9836566925048829,0.7553443312644958,0.2826406240463257,0.9968475341796875,0.7607479691505432,0.5549863815307617,0.870046869913737,0.7609856128692627,0.39842853546142576,0.8777703603108724,0.7587365508079529,0.615025806427002,0.9737761815388998,0.06803083419799805,0.36637122631073,0.9633992513020834,0.06696075946092606,0.6548615455627441,0.9953831990559896,0.009735341183841228,0.40775012969970703,0.9728951136271159,0.009474264457821846
pushup,0.49208316802978513,0.5971614201863606,0.9942604303359985,0.5171862602233886,0.5579794565836589,0.9811838865280151,0.46184215545654295,0.5614771525065104,0.9872883558273315,0.553193473815918,0.5134789784749348,0.7164655327796936,0.41982231140136717,0.5223896662394206,0.8207544088363647,0.6014550685882568,0.5818672815958659,0.9868560433387756,0.36588072776794434,0.5917045593261718,0.9879052639007568,0.6537537574768066,0.8284390767415365,0.9169734716415405,0.3164081573486328,0.8356165568033854,0.9209036231040955,0.6906783580780029,0.9872702280680339,0.7472870945930481,0.28248748779296873,1.0,0.7586643695831299,0.5539638042449951,0.8707675933837891,0.7849702835083008,0.3954730749130249,0.8780607223510742,0.7847047448158264,0.6159792900085449,0.9809203465779622,0.07671631872653961,0.36275286674499513,0.9677777608235677,0.07591815292835236,0.6624897003173829,1.0,0.010987336747348309,0.40093188285827636,0.9734327952067058,0.010719021782279015
pushup,0.49272618293762205,0.5959056854248047,0.9941645264625549,0.5180230617523194,0.5563112258911133,0.9811941981315613,0.4622770309448242,0.560287348429362,0.9870823621749878,0.5543124198913574,0.5118799845377604,0.7171926498413086,0.42012672424316405,0.5217016220092774,0.8181283473968506,0.6015891075134278,0.5819262186686198,0.9861913919448853,0.36737334728240967,0.5934561411539714,0.987231969833374,0.6564210414886474,0.8305250803629557,0.9113129377365112,0.315520715713501,0.8377253214518229,0.9127686619758606,0.6915807723999023,0.993893559773763,0.737442672252655,0.2777033567428589,1.0,0.7468183040618896,0.5583642959594727,0.8717767079671224,0.7472914457321167,0.40197367668151857,0.8815852483113606,0.7454640865325928,0.62271728515625,0.974444580078125,0.06660003960132599,0.3804438591003418,0.9677656809488933,0.06568863242864609,0.6713949203491211,0.9924663543701172,0.010008093900978565,0.42682790756225586,0.9726263682047526,0.009763575159013271
pushup,0.4934126853942871,0.5986503601074219,0.9943113327026367,0.5181864261627197,0.5593271891276042,0.9812431931495667,0.4630265712738037,0.5629176457722982,0.9869106411933899,0.5536305904388428,0.5142412821451823,0.7128018736839294,0.4199665546417236,0.5231603622436524,0.8191402554512024,0.6017874717712403,0.5814269383748373,0.9880332946777344,0.36705589294433594,0.5931965510050455,0.9885215759277344,0.6546297550201416,0.8252959569295247,0.9282540082931519,0.316008472442627,0.8348265329996745,0.925984263420105,0.6876003742218018,0.9862450917561849,0.7820055484771729,0.2866299867630005,0.9959087371826172,0.7855936884880066,0.5635048866271972,0.8677777608235677,0.8155916333198547,0.40590801239013674,0.8774614969889323,0.8112685680389404,0.6231830596923829,0.9800020853678385,0.09108393639326096,0.3728689193725586,0.9740358352661133,0.08757311850786209,0.669166374206543,1.0,0.012582531198859215,0.4120333194732666,0.9807952880859375,0.011997940950095654
pushup,0.49085283279418945,0.6056227366129557,0.9939981698989868,0.518783712387085,0.5652110417683919,0.9833495616912842,0.46001567840576174,0.5670554478963216,0.9861603379249573,0.5582532405853271,0.5208910624186198,0.7637840509414673,0.41872758865356446,0.5258728663126627,0.7913344502449036,0.6042939186096191,0.5839282989501953,0.986869752407074,0.368700647354126,0.5912961959838867,0.9876406788825989,0.6569875717163086,0.8410916010538737,0.921280562877655,0.31093199253082277,0.8415979385375977,0.9229174256324768,0.6843799591064453,1.0,0.7572750449180603,0.2784839868545532,1.0,0.7681120038032532,0.5656306743621826,0.8340632120768229,0.8033353090286255,0.40658206939697267,0.8431360880533855,0.8021507859230042,0.6361444473266602,0.9397454579671224,0.10129347443580627,0.3728334426879883,0.942738660176595,0.10173620283603668,0.6747307300567627,0.947437032063802,0.01582367718219757,0.3969593048095703,0.9496288299560547,0.015507599338889122
pushup,0.4915863037109375,0.6120955149332682,0.993787944316864,0.518971300125122,0.5722981770833333,0.9826101660728455,0.4611374855041504,0.5741404215494792,0.9849547147750854,0.5573892593383789,0.527022902170817,0.7647123336791992,0.4194908618927002,0.5317617734273274,0.791868269443512,0.6029407501220703,0.5860899607340495,0.9886217713356018,0.36705846786499025,0.5944966634114583,0.98785400390625,0.6573031902313232,0.8296291987101237,0.9333061575889587,0.30969414710998533,0.8347087860107422,0.9219751954078674,0.6923449516296387,0.9935537974039713,0.792847752571106,0.2792405843734741,0.9876489003499349,0.780602216720581,0.5594211101531983,0.8280542373657227,0.8177345991134644,0.40276708602905276,0.8364867528279623,0.8050873279571533,0.6190025329589843,0.9325272878011067,0.11583776772022247,0.3692667484283447,0.9315031051635743,0.10824427008628845,0.6532162189483642,0.9489206314086914,0.01722288690507412,0.39883899688720703,0.9431681950887044,0.01604340597987175
pushup,0.48814144134521487,0.6171656290690104,0.9939115047454834,0.5159013748168946,0.5808303833007813,0.9835129380226135,0.46036038398742674,0.5790850321451823,0.9848804473876953,0.5559098720550537,0.5323282877604166,0.7600030303001404,0.42097764015197753,0.5301907857259115,0.7504147291183472,0.605308198928833,0.5842351913452148,0.9843404293060303,0.36867575645446776,0.5902578989664714,0.9854605793952942,0.6652743816375732,0.8266544342041016,0.9381026029586792,0.30867326259613037,0.835402234395345,0.9428280591964722,0.6966537475585938,0.9971263249715169,0.851161777973175,0.2753128528594971,1.0,0.8552417755126953,0.5674195289611816,0.8295848210652669,0.8338249921798706,0.4064482688903809,0.8358741124471029,0.8349853157997131,0.6405684471130371,0.9450445175170898,0.11409451067447662,0.36090989112854005,0.9415334701538086,0.11509626358747482,0.6724006652832031,0.9447977066040039,0.015508894808590412,0.3734635591506958,0.9395053863525391,0.015363176353275776
pushup,0.49067440032958987,0.6361244837443034,0.9937720894813538,0.5171738147735596,0.6000787099202474,0.9828762412071228,0.462335205078125,0.5999942779541015,0.9847816228866577,0.5560289859771729,0.5443322499593098,0.7527730464935303,0.4235335350036621,0.5452475229899089,0.7776334285736084,0.6054028987884521,0.5883557001749674,0.9856331944465637,0.3653253555297852,0.5976235707600911,0.9864121675491333,0.6637357711791992,0.8227201461791992,0.926235556602478,0.30681095123291013,0.8429720560709636,0.9252166152000427,0.6902705192565918,0.9769671758015951,0.8118488788604736,0.29893782138824465,1.0,0.8086625337600708,0.5594964504241944,0.8617689132690429,0.7822571992874146,0.4004073143005371,0.8708293914794922,0.7767453789710999,0.6139969825744629,0.9409035364786784,0.09456313401460648,0.3654444694519043,0.9441082000732421,0.09338461607694626,0.6248806953430176,0.9651596069335937,0.015181419439613819,0.3967343807220459,0.9667221069335937,0.014606127515435219
pushup,0.49453306198120117,0.6674945831298829,0.9868023991584778,0.5203910350799561,0.640192159016927,0.9595845937728882,0.47191381454467773,0.6312883377075196,0.9601169228553772,0.5575644016265869,0.5651505152384441,0.5826762914657593,0.4363442897796631,0.5483430862426758,0.5898762941360474,0.6122528076171875,0.5887348175048828,0.9688887596130371,0.3621330261230469,0.5922919591267903,0.9704422950744629,0.6687583446502685,0.8112159093221029,0.9175803065299988,0.3021594762802124,0.8459367752075195,0.9134439826011658,0.7085854530334472,0.9850994745890299,0.8581379055976868,0.2699138164520264,1.0,0.8485440611839294,0.5588835716247559,0.9427157719930013,0.6027196645736694,0.39792160987854003,0.9449906667073568,0.5901338458061218,0.6070094108581543,0.9582639694213867,0.04680700972676277,0.37267796993255614,0.9340111414591471,0.04469205439090729,0.5834806442260743,0.9782737731933594,0.00915009155869484,0.4213278770446777,0.9464675267537435,0.008833550848066807
pushup,0.5133255004882813,0.7031080245971679,0.9632653594017029,0.528378677368164,0.6748858133951823,0.8521625399589539,0.48836169242858884,0.6770564397176106,0.924828827381134,0.5529435157775879,0.5937046051025391,0.22530889511108398,0.4432073593139648,0.6005552927652995,0.6218736171722412,0.6139151573181152,0.6107189178466796,0.9298070669174194,0.3602811336517334,0.6179724375406901,0.9519028663635254,0.6795621395111084,0.8279586791992187,0.8644039630889893,0.2875493288040161,0.8386007944742838,0.8884146213531494,0.7012295722961426,0.9820547103881836,0.8057827949523926,0.27063403129577634,1.0,0.8305076956748962,0.5665181159973145,0.915231450398763,0.4869033098220825,0.4056397914886475,0.9248265584309896,0.4949159622192383,0.6071409702301025,0.9409923553466797,0.03437843918800354,0.39179463386535646,0.9399098078409831,0.03510751575231552,0.6259772300720214,0.9540201187133789,0.0067215850576758385,0.46527576446533203,0.9421132405598959,0.006675046402961016
pushup,0.5144987106323242,0.7729479471842448,0.8512309789657593,0.5275446891784668,0.7467461903889974,0.578857421875,0.4914754867553711,0.7526748657226563,0.7407418489456177,0.5525054931640625,0.6548838297526042,0.11643289029598236,0.44956107139587403,0.6691751480102539,0.39124545454978943,0.6181939601898193,0.6336309432983398,0.8466425538063049,0.35860133171081543,0.6484935760498047,0.8785885572433472,0.7043592453002929,0.8252423604329427,0.8442235589027405,0.27907776832580566,0.8414379119873047,0.8531172275543213,0.7122122764587402,0.971800168355306,0.8104747533798218,0.27647552490234373,1.0,0.8138321042060852,0.5601661682128907,0.896899159749349,0.4521011710166931,0.39536707401275634,0.9141684850056966,0.43905243277549744,0.6226128578186035,0.9141279856363932,0.031732797622680664,0.4014440059661865,0.9393108367919922,0.03170156851410866,0.6544666767120362,0.9233405431111653,0.006180142983794212,0.49094352722167967,0.9490968704223632,0.005966510158032179
pushup,0.49866304397583006,0.813462766011556,0.9112618565559387,0.5220276355743408,0.7847132364908854,0.8210497498512268,0.4759669303894043,0.7856382369995117,0.9037790894508362,0.5663662910461426,0.7077992757161459,0.31526798009872437,0.445893669128418,0.7094252904256185,0.5503979325294495,0.6366928100585938,0.7130386352539062,0.5833335518836975,0.37029590606689455,0.6861639022827148,0.8915498852729797,0.6924350738525391,0.8889016469319662,0.2534443736076355,0.25952582359313964,0.8350040435791015,0.7649679780006409,0.6394231796264649,0.8994076410929362,0.29087892174720764,0.26709976196289065,1.0,0.6352654695510864,0.5636453628540039,0.9559956868489583,0.11582116037607193,0.3960578441619873,0.9457440694173177,0.22691330313682556,0.580833625793457,0.9543445587158204,0.011659476906061172,0.37771694660186766,0.9352455139160156,0.02760835364460945,0.5790843009948731,0.9248427073160808,0.005800141952931881,0.46483945846557617,0.9143612543741862,0.010785172693431377
pushup,0.4606046676635742,0.8668258031209309,0.019873617216944695,0.4617959976196289,0.8530202229817708,0.04912728816270828,0.48714752197265626,0.8480232238769532,0.0017474530031904578,0.4549987316131592,0.8780605951944987,0.9849380254745483,0.584403657913208,0.8652727127075195,0.4661031663417816,0.4362353324890137,0.9927120844523112,0.5537569522857666,0.6121884346008301,0.9827961603800456,0.5556091070175171,0.41201090812683105,0.9901427586873373,0.014716350473463535,0.5985527992248535,0.9864772160847982,0.008893848396837711,0.4506693840026855,0.9135279337565104,0.0034956231247633696,0.5599880218505859,0.915609614054362,0.002486571203917265,0.4891671180725098,1.0,0.0017336920136585832,0.6073379039764404,1.0,0.0023732257541269064,0.498911190032959,0.9804035822550455,0.0007221364649012685,0.5874529361724854,0.9787345250447591,0.0007598302327096462,0.5140368461608886,0.9795523961385091,0.0036025005392730236,0.5835227489471435,0.9707843780517578,0.003896093927323818
pushup,0.48494300842285154,0.9263687133789062,0.005520734004676342,0.48313207626342775,0.9117518107096354,0.007812606170773506,0.5058938503265381,0.9087931315104166,0.0016523461090400815,0.44596099853515625,0.9333337783813477,0.9395633935928345,0.5809995174407959,0.9294441858927409,0.7313867807388306,0.41199479103088377,1.0,0.22474974393844604,0.6017322540283203,1.0,0.3516989052295685,0.394121789932251,0.9939687728881836,0.004248002544045448,0.5888203620910645,1.0,0.007365578319877386,0.43593525886535645,0.9610661188761394,0.0014272035332396626,0.5452239036560058,0.9666099548339844,0.0018970401724800467,0.45546665191650393,1.0,0.000699205556884408,0.5826575756072998,1.0,0.001255675801075995,0.47895426750183107,0.9919335047403971,0.0005656947614625096,0.5703851699829101,0.9947520573933919,0.0008125869208015501,0.484466552734375,0.9811739603678385,0.004893029108643532,0.5645970821380615,0.9837985356648763,0.00654067425057292
pushup,0.48233780860900877,0.9817559560139973,0.02625228464603424,0.48360424041748046,0.9710835774739583,0.03753049671649933,0.5060265064239502,0.9676315943400066,0.006130920257419348,0.4532478332519531,0.9832422256469726,0.9509085416793823,0.5775996208190918,0.9788457870483398,0.6189752817153931,0.42398934364318847,1.0,0.15584857761859894,0.5962138652801514,1.0,0.22368010878562927,0.4089606285095215,0.9998429616292318,0.0032152964267879725,0.5851729869842529,1.0,0.004367629066109657,0.44729294776916506,0.9660813013712565,0.0017057452350854874,0.547240924835205,0.9668585459391276,0.0018377876840531826,0.4698054790496826,1.0,0.0005806802655570209,0.5868025779724121,1.0,0.0010416905861347914,0.4590096950531006,0.9574482599894206,0.0007621620898135006,0.5763618469238281,0.9582103729248047,0.0010107355192303658,0.46706690788269045,0.9880182266235351,0.007672181818634272,0.5984457015991211,0.9880431493123373,0.009674903005361557
pushup,0.45281310081481935,0.7348270416259766,0.008342801593244076,0.45020313262939454,0.7296663920084635,0.004684989806264639,0.47208237648010254,0.7325261433919271,0.0015189984114840627,0.4513556003570557,0.7460070927937825,0.45924052596092224,0.5276896953582764,0.7439173380533854,0.102091483771801,0.41631855964660647,0.7917498906453451,0.737297534942627,0.5703364372253418,0.783436648050944,0.867053747177124,0.34119224548339844,0.8654228846232096,0.5382868647575378,0.638974666595459,0.8597443898518881,0.7014092206954956,0.3235026359558105,0.8380575815836588,0.3734362721443176,0.6796820640563965,0.8652821222941081,0.392556369304657,0.4077465057373047,0.8424956639607747,0.6277023553848267,0.5175447940826416,0.8294034957885742,0.6972916126251221,0.2324693202972412,0.8832394917805989,0.29328611493110657,0.41378064155578614,0.8643119812011719,0.30752745270729065,0.2776123285293579,0.969977060953776,0.054574862122535706,0.5009641647338867,0.9422542572021484,0.05786941573023796
pushup,0.5188412666320801,0.7859726587931315,0.010751978494226933,0.5055395126342773,0.7795138676961263,0.003075318643823266,0.5248653411865234,0.7804111480712891,0.0038000259082764387,0.47251529693603517,0.7881088892618815,0.06258445233106613,0.534813117980957,0.791172981262207,0.12165394425392151,0.43992199897766116,0.8350444793701172,0.640629231929779,0.5576491832733155,0.8237052917480469,0.5986869931221008,0.3556676387786865,0.9474713643391927,0.6554394960403442,0.6248522281646729,0.9345958073933919,0.5805039405822754,0.28311977386474607,0.8620213826497396,0.6129060983657837,0.6794617176055908,0.8890483220418294,0.5602790117263794,0.43128414154052735,0.8581977208455404,0.6532928347587585,0.5052585601806641,0.8482550938924154,0.6264658570289612,0.37917604446411135,0.8107172648111979,0.5132952928543091,0.49281868934631345,0.8001851399739583,0.4777868092060089,0.36078877449035646,0.8474070866902669,0.31955015659332275,0.4600823879241943,0.8316360473632812,0.28739309310913086
pushup,0.49221034049987794,0.8502709070841471,0.005102431867271662,0.48328185081481934,0.8407735188802083,0.0021120260935276747,0.4981083393096924,0.8408144632975261,0.002542225643992424,0.46588683128356934,0.860070546468099,0.059236668050289154,0.5139955043792724,0.8608198165893555,0.09118557721376419,0.4313962936401367,0.936697260538737,0.3390534520149231,0.5586017608642578,0.9058687845865886,0.531594455242157,0.35921831130981446,0.9813335418701172,0.25747182965278625,0.6427746772766113,0.9257954279581706,0.528518795967102,0.3383305549621582,0.8828958511352539,0.3098617494106293,0.6818345069885254,0.9127705256144206,0.5099470615386963,0.43592028617858886,0.8611008326212565,0.7350372076034546,0.5201730728149414,0.8449552536010743,0.8167739510536194,0.40256147384643554,0.7706613540649414,0.8316072821617126,0.5029037475585938,0.748348617553711,0.8914161920547485,0.4264676570892334,0.6681761423746745,0.9118658900260925,0.4916355609893799,0.6544584274291992,0.9342786073684692
pushup,0.44880008697509766,0.8045095443725586,0.01441554818302393,0.43940348625183107,0.8076930999755859,0.008015465922653675,0.462811279296875,0.809335199991862,0.0038932724855840206,0.42967920303344725,0.8402881622314453,0.2042558491230011,0.49844751358032224,0.840548324584961,0.07640926539897919,0.43098764419555663,0.8909511566162109,0.7524968981742859,0.527034330368042,0.8670881907145183,0.7338348031044006,0.3896397352218628,0.9792288462320964,0.6728826761245728,0.5956844329833985,0.9200580596923829,0.6592053771018982,0.32886447906494143,0.8924022674560547,0.5856287479400635,0.679099702835083,0.8733478546142578,0.5605617761611938,0.4588008403778076,0.8783086140950521,0.8292190432548523,0.5145749092102051,0.869146728515625,0.8290927410125732,0.42987594604492185,0.7834378560384114,0.8018222451210022,0.4934286117553711,0.7840522130330404,0.8029232621192932,0.4887403011322021,0.7445336659749349,0.7568444013595581,0.5246108055114747,0.7481161117553711,0.7577868700027466
pushup,0.5338178157806397,0.8950274149576823,0.011190376244485378,0.5237968444824219,0.8956128438313802,0.004806843586266041,0.5411731243133545,0.8940677642822266,0.005474184174090624,0.4990180015563965,0.9224536895751954,0.11749263852834702,0.5570690155029296,0.9180248260498047,0.20425203442573547,0.4442410469055176,0.9658948262532552,0.5825253129005432,0.5897095680236817,0.922055180867513,0.696717381477356,0.3588385105133057,1.0,0.4232771396636963,0.6481285095214844,0.9114817301432292,0.5798385739326477,0.33558926582336424,0.9064100901285808,0.3918758034706116,0.6717968940734863,0.9025627136230469,0.48712533712387085,0.430678129196167,0.8899232864379882,0.7838988900184631,0.5230618476867676,0.8703816095987956,0.8206561207771301,0.39481682777404786,0.8201715469360351,0.7632293105125427,0.5093877792358399,0.7931471506754557,0.797363817691803,0.43732409477233886,0.7215297063191731,0.7968314290046692,0.516688060760498,0.6935726165771484,0.8171874284744263
pushup,0.5046971797943115,0.8230823516845703,0.02957441471517086,0.4961794376373291,0.8331456502278646,0.013242215849459171,0.516243839263916,0.8278280893961588,0.009192916564643383,0.4731269836425781,0.8793252309163412,0.2410765290260315,0.5379200935363769,0.8661636352539063,0.1871088296175003,0.43749661445617677,0.9276698430379232,0.8776869773864746,0.5608880996704102,0.8793240229288737,0.808265209197998,0.37424297332763673,0.9801120122273763,0.8032222390174866,0.5989205837249756,0.8850529988606771,0.6826992630958557,0.3330302476882935,0.8800055185953776,0.7031252980232239,0.645961332321167,0.8706255594889323,0.5843721032142639,0.44585089683532714,0.8802174250284831,0.863892674446106,0.5197965145111084,0.8617127736409506,0.8306623101234436,0.43499002456665037,0.7944699605305989,0.7591426372528076,0.5176926612854004,0.7788628896077474,0.704383909702301,0.48384876251220704,0.7191357930501302,0.6523274183273315,0.5372306346893311,0.7047014236450195,0.6053087711334229
pushup,0.5158153533935547,0.823694356282552,0.013954351656138897,0.5051699638366699,0.8318533579508464,0.005640220828354359,0.5269922256469727,0.8286333719889323,0.0051275999285280704,0.47633838653564453,0.8765523274739583,0.15290141105651855,0.5466170310974121,0.8683130900065105,0.17212088406085968,0.43743247985839845,0.9317725499471029,0.7996701002120972,0.5670397281646729,0.8859010060628255,0.7447711229324341,0.37257919311523435,0.980731201171875,0.6951473355293274,0.603376054763794,0.8833528518676758,0.6084719300270081,0.3265459775924683,0.890077018737793,0.5739765763282776,0.6486145496368408,0.8718472162882487,0.4928084909915924,0.4376706123352051,0.8919568379720052,0.8456839323043823,0.5174442291259765,0.8736484527587891,0.8224077224731445,0.41443943977355957,0.8094235738118489,0.7719388604164124,0.5105926990509033,0.792683219909668,0.7335708141326904,0.4699243545532227,0.7285620371500651,0.7067773342132568,0.5354734897613526,0.7087474822998047,0.6721317768096924
pushup,0.42381887435913085,0.9042932510375976,0.009641116484999657,0.41203837394714354,0.9054615020751953,0.007426119409501553,0.43282508850097656,0.9069091161092122,0.002670004963874817,0.40897669792175295,0.9290298461914063,0.18823857605457306,0.47084507942199705,0.9284966786702474,0.07174815982580185,0.41074085235595703,0.9658798217773438,0.572321891784668,0.5384888172149658,0.9194435119628906,0.6007486581802368,0.36986119747161866,1.0,0.4378650486469269,0.6224024772644043,0.9048657099405925,0.522861123085022,0.3359847068786621,0.8937585194905598,0.40776780247688293,0.665559196472168,0.90026429494222,0.4650345742702484,0.45755867958068847,0.8993885040283203,0.7847882509231567,0.5405081272125244,0.8768112182617187,0.8179880976676941,0.39485671520233157,0.8255264282226562,0.7947119474411011,0.5115468978881836,0.7952587763468425,0.8293625116348267,0.4301607608795166,0.7247792561848958,0.8425029516220093,0.5300843238830566,0.6890940984090169,0.86753249168396
pushup,0.5394474983215332,0.8899460474650065,0.009301814250648022,0.5301344394683838,0.8821950276692708,0.0025278462562710047,0.5473185539245605,0.8834124247233073,0.007547780871391296,0.5010951519012451,0.8976919174194335,0.03941119834780693,0.5563584804534912,0.9017603556315105,0.15979070961475372,0.45620274543762207,0.9478283564249674,0.2534065246582031,0.5803573608398438,0.931882667541504,0.5184856653213501,0.5042520046234131,0.9794136047363281,0.1476220190525055,0.6474574565887451,0.9498297373453776,0.5198507905006409,0.6431954860687256,0.9384634653727214,0.21723732352256775,0.672226858139038,0.9325414021809896,0.4439493715763092,0.4037865161895752,0.8720413208007812,0.5658326148986816,0.4921241760253906,0.8625874837239583,0.6922770738601685,0.37273216247558594,0.7772823333740234,0.6807300448417664,0.4648834228515625,0.7682107289632162,0.7923470735549927,0.41041269302368166,0.6858634312947591,0.8221759796142578,0.4578831195831299,0.6797269185384115,0.8627495765686035
pushup,0.5212747097015381,0.8194100697835286,0.0030123491305857897,0.5075490951538086,0.8019977569580078,0.0011312076821923256,0.5257883071899414,0.8032395044962565,0.002521081129088998,0.4682377815246582,0.8167020161946614,0.03801298514008522,0.5350146770477295,0.8214343388875326,0.17400740087032318,0.42136554718017577,0.9205928802490234,0.1381690502166748,0.5849513530731201,0.914389165242513,0.35404571890830994,0.36907305717468264,0.9503823598225911,0.058188680559396744,0.6651944637298584,0.9452468872070312,0.2250903993844986,0.36796960830688474,0.8547404607137045,0.07418624311685562,0.6465429306030274,0.8861003875732422,0.20958591997623444,0.4422029495239258,0.8654462178548177,0.3636302351951599,0.554999828338623,0.8578599294026693,0.5176571607589722,0.40007457733154295,0.7856484731038411,0.635554313659668,0.5016514778137207,0.7664382934570313,0.761249303817749,0.431264591217041,0.6816232045491536,0.8500263094902039,0.47783598899841306,0.6625925699869791,0.8911266326904297
pushup,0.5780117988586426,0.7246484120686849,0.033575791865587234,0.5638263702392579,0.7091813405354818,0.0021019841078668833,0.5832902431488037,0.721259880065918,0.04021238908171654,0.5023963928222657,0.697225824991862,0.028953857719898224,0.5773154258728027,0.727566655476888,0.643978476524353,0.4559350490570068,0.7213947296142578,0.6519829630851746,0.5603407382965088,0.7605712254842122,0.8588179349899292,0.5411320209503174,0.8162879308064779,0.44802960753440857,0.6405486106872559,0.8777884165445964,0.8513957858085632,0.7109389305114746,0.8761885325113933,0.4214259386062622,0.7432947158813477,0.8563292821248373,0.6573448777198792,0.3310796022415161,0.8008961359659831,0.6153769493103027,0.40256710052490235,0.8093448638916015,0.7030262351036072,0.2802965402603149,0.81656494140625,0.3575373589992523,0.36942901611328127,0.8349798202514649,0.444707989692688,0.28932292461395265,0.9160027821858724,0.11594907939434052,0.3357797861099243,0.9161749521891276,0.12041561305522919
pushup,0.4864551067352295,0.8484839757283529,0.008514128625392914,0.4696992874145508,0.8463639577229818,0.002418762305751443,0.5086237907409668,0.8504956563313802,0.003293178277090192,0.4056419849395752,0.8427495320638021,0.36776745319366455,0.536882734298706,0.8497033437093099,0.3493773341178894,0.3281724452972412,0.8442100524902344,0.819865345954895,0.5643759727478027,0.830682881673177,0.7458236813545227,0.2535572052001953,0.8898495356241862,0.7417284250259399,0.6463854312896729,0.827288564046224,0.5856314897537231,0.26197645664215086,0.9112724304199219,0.6112613081932068,0.7099709987640381,0.7951030095418294,0.4215969145298004,0.30023555755615233,0.8333948771158854,0.562461793422699,0.44985547065734866,0.8212912241617839,0.48539745807647705,0.22252225875854492,0.8349739074707031,0.2980179190635681,0.3713974475860596,0.8196243286132813,0.20147792994976044,0.3375113010406494,0.899822998046875,0.07481132447719574,0.4236959457397461,0.8709337870279948,0.050055183470249176
pushup,0.45557632446289065,0.8732293446858724,0.013327443040907383,0.4575314521789551,0.8584554036458333,0.034206073731184006,0.4818552017211914,0.8540149688720703,0.0013899230398237705,0.44504265785217284,0.8820273081461588,0.9865872263908386,0.5783100605010987,0.871481196085612,0.5284373760223389,0.41918530464172366,0.9905553181966146,0.5886058211326599,0.6008930206298828,0.9839003880818685,0.6275494694709778,0.39243714809417723,0.981820805867513,0.020109212026000023,0.5800247192382812,0.9729967753092448,0.014028074219822884,0.4333795070648193,0.9237323760986328,0.004758852533996105,0.5424634456634522,0.9043240229288737,0.00347683927975595,0.4653638362884521,1.0,0.002778145484626293,0.5880794525146484,1.0,0.004062652587890625,0.4821448802947998,0.9791292826334635,0.0010989629663527012,0.57412109375,0.9793930689493815,0.0012112950207665563,0.49337220191955566,0.9687853495279948,0.0050959778018295765,0.571055269241333,0.9636674245198568,0.005696241743862629
pushup,0.4390588283538818,0.8216383616129558,0.10939054936170578,0.4446974754333496,0.8083279927571615,0.06629115343093872,0.45580153465270995,0.8076972325642904,0.030611850321292877,0.45952181816101073,0.7891986846923829,0.35335004329681396,0.488466739654541,0.783618418375651,0.08585861325263977,0.4305368423461914,0.80799560546875,0.6419638395309448,0.46332392692565916,0.7710397720336915,0.7834545969963074,0.2987557888031006,0.8979344685872396,0.5728492736816406,0.2957537889480591,0.8363235473632813,0.6549811959266663,0.26270036697387694,0.9800508499145508,0.4261113107204437,0.2356281042098999,1.0,0.4249846935272217,0.37197265625,0.7881512959798177,0.45294585824012756,0.39709720611572263,0.76369202931722,0.5306404232978821,0.24846980571746827,0.8457210540771485,0.2509063482284546,0.282230544090271,0.8194370269775391,0.2456190288066864,0.2855874300003052,0.9243567148844402,0.0844731330871582,0.30131261348724364,0.8906164805094401,0.08260836452245712
pushup,0.4885593891143799,0.8489692052205403,0.9297086000442505,0.5146481037139893,0.8180662155151367,0.9026871919631958,0.4637805938720703,0.8182390848795573,0.8999425172805786,0.5638335227966309,0.7428323109944661,0.6210396885871887,0.42899150848388673,0.7434672673543294,0.5363534688949585,0.6402338027954102,0.7167890548706055,0.8928483128547668,0.3523521423339844,0.6932800928751628,0.9265124797821045,0.7258771896362305,0.8969401041666667,0.6903590559959412,0.24627251625061036,0.8462837219238282,0.8013380169868469,0.6698494911193847,0.9665674209594727,0.6004945635795593,0.27485783100128175,1.0,0.648881733417511,0.5525453567504883,0.7812822977701823,0.44237664341926575,0.3748128414154053,0.77049560546875,0.485368937253952,0.5662975788116456,0.9337566375732422,0.04347003996372223,0.35481259822845457,0.9172824859619141,0.053627513349056244,0.5611097335815429,0.9056156158447266,0.0076202224008738995,0.42975740432739257,0.8943522135416667,0.009031551890075207
pushup,0.488236141204834,0.8055310567220052,0.9172922372817993,0.513102674484253,0.7769008000691732,0.8704205751419067,0.46623916625976564,0.7752493540445964,0.8765000700950623,0.5607436180114747,0.7041392008463542,0.546177327632904,0.4351323127746582,0.7015419006347656,0.4712533950805664,0.641526746749878,0.6832618077596029,0.8786516189575195,0.35672075748443605,0.6653745651245118,0.9235534071922302,0.7275820255279541,0.8845752716064453,0.7205389142036438,0.26421022415161133,0.8458049774169922,0.8499118685722351,0.6584940433502198,0.9444986979166666,0.6540853381156921,0.28697657585144043,1.0,0.7313214540481567,0.5677713871002197,0.7819815317789713,0.5677683353424072,0.383165979385376,0.7758601506551107,0.6246192455291748,0.63291015625,0.9091566721598308,0.0713980495929718,0.35692219734191893,0.9067036946614583,0.09880290180444717,0.6322953701019287,0.8824804941813151,0.014301306568086147,0.40093398094177246,0.901505978902181,0.018452780321240425
pushup,0.49203906059265134,0.7888126373291016,0.9003700017929077,0.5110470294952393,0.7633849461873372,0.7707907557487488,0.4717160701751709,0.7654198328653972,0.8469184041023254,0.5506063938140869,0.6792734781901042,0.3022419214248657,0.4427157402038574,0.6858523050944011,0.4626360833644867,0.623564338684082,0.6411645253499348,0.8308228254318237,0.35898375511169434,0.652294667561849,0.9278048872947693,0.7154234886169434,0.8163414001464844,0.7589154243469238,0.2721576690673828,0.8423768997192382,0.9135109186172485,0.7233872890472413,0.9436293919881185,0.7372299432754517,0.2809020519256592,1.0,0.856719434261322,0.5537238597869873,0.7843493143717448,0.604909360408783,0.38080859184265137,0.7953180313110352,0.6895279288291931,0.645017671585083,0.8905730565388997,0.07445184886455536,0.3667797088623047,0.9092473347981771,0.11883294582366943,0.6565247535705566,0.8965842564900716,0.014195168390870094,0.4004387378692627,0.9313177744547526,0.019797610118985176
pushup,0.48549470901489256,0.7508949915568034,0.9783767461776733,0.51021409034729,0.7228656768798828,0.9571636319160461,0.46331095695495605,0.7193071365356445,0.9442344307899475,0.5543057441711425,0.6426722844441731,0.6477921009063721,0.432023811340332,0.6380762736002604,0.49272483587265015,0.6205780506134033,0.6210269927978516,0.9543644785881042,0.3624810457229614,0.624408467610677,0.9506372213363647,0.7060386657714843,0.8168818791707356,0.9018144011497498,0.28461313247680664,0.8325334548950195,0.8922841548919678,0.7060881614685058,0.9741349538167318,0.8664582967758179,0.2716775894165039,1.0,0.8351141214370728,0.5489335060119629,0.7853976567586263,0.7127866148948669,0.38201332092285156,0.7881050745646159,0.6872975826263428,0.6172643661499023,0.896917978922526,0.11221873015165329,0.3535966396331787,0.9059408187866211,0.11275852471590042,0.5987850189208984,0.9441881815592448,0.016528239473700523,0.36008880138397215,0.9743633270263672,0.016522116959095
pushup,0.48988842964172363,0.7306507110595704,0.9848806858062744,0.514094066619873,0.7012485504150391,0.9606522917747498,0.465729808807373,0.697491455078125,0.9690437912940979,0.5534502983093261,0.6237300872802735,0.5771079659461975,0.42941994667053224,0.6189142862955729,0.6466160416603088,0.6128767013549805,0.6063697814941407,0.9534295797348022,0.36223227977752687,0.608706283569336,0.9709092974662781,0.6878376483917237,0.8211472193400066,0.888367772102356,0.2938727378845215,0.8346014658610026,0.9365273118019104,0.6908554553985595,0.9730716705322265,0.842322587966919,0.2742609977722168,1.0,0.8811029195785522,0.5525208950042725,0.7504479726155598,0.7795487642288208,0.3863823652267456,0.7533965428670247,0.8043851852416992,0.6359977722167969,0.8851875940958659,0.1733340471982956,0.3522666931152344,0.8877867380777995,0.21134671568870544,0.6388043880462646,0.9471335093180339,0.02798534370958805,0.35199034214019775,0.9672069549560547,0.03280489891767502
pushup,0.47964911460876464,0.7165814717610677,0.9780991673469543,0.5076764106750489,0.6889972686767578,0.9535577893257141,0.45923595428466796,0.6785703659057617,0.9474827647209167,0.5510839462280274,0.620552126566569,0.6584990620613098,0.4289385795593262,0.5989885965983073,0.5667088627815247,0.5981899261474609,0.5979751586914063,0.9686379432678223,0.3643925905227661,0.5936070760091146,0.9739454984664917,0.6566313743591309,0.808652114868164,0.9170724749565125,0.3124423027038574,0.8331439971923829,0.9298054575920105,0.6819624423980712,0.9605030059814453,0.828174889087677,0.29500908851623536,0.989413833618164,0.837508499622345,0.5544517040252686,0.7201082229614257,0.8740583658218384,0.4015951156616211,0.721062978108724,0.877233624458313,0.6337007522583008,0.8835765838623046,0.35728466510772705,0.38280200958251953,0.8693979899088542,0.37711039185523987,0.6302434921264648,0.9693089803059896,0.06753038614988327,0.40221519470214845,0.9689816157023112,0.07263058423995972
pushup,0.49145073890686036,0.7092825571695963,0.9844047427177429,0.5128231525421143,0.6786725362141927,0.9603642821311951,0.4660173416137695,0.6788113911946615,0.9623339176177979,0.5492385864257813,0.602954610188802,0.5930136442184448,0.4301131248474121,0.6072271982828776,0.5905500650405884,0.6068615913391113,0.6023070653279622,0.9613450169563293,0.3715673446655273,0.602288818359375,0.9651433229446411,0.6717669486999511,0.8365674336751302,0.912284791469574,0.309111499786377,0.8312742233276367,0.9179105162620544,0.6963798522949218,0.9878925323486328,0.8580167293548584,0.27056269645690917,1.0,0.8505743741989136,0.5501934051513672,0.762631607055664,0.7530418634414673,0.39464900493621824,0.7634759902954101,0.7463879585266113,0.6176376819610596,0.886931037902832,0.15639042854309082,0.3558166742324829,0.8790012995402018,0.15767130255699158,0.6451799392700195,0.9641579945882162,0.02404138073325157,0.36624345779418943,0.9631327311197917,0.02439706213772297
pushup,0.48539934158325193,0.7100648244222005,0.9868054389953613,0.5090542793273926,0.6810516357421875,0.9660537838935852,0.46176896095275877,0.676419448852539,0.9649282097816467,0.5471694469451904,0.607406489054362,0.6325271725654602,0.4270312309265137,0.6008066177368164,0.5830016732215881,0.5978667259216308,0.6027386983235677,0.9727296829223633,0.3678885459899902,0.5989566802978515,0.9653343558311462,0.6651911735534668,0.825857416788737,0.9324946403503418,0.31251182556152346,0.8301415125528971,0.9142929911613464,0.7025413036346435,0.988293202718099,0.878633439540863,0.28197741508483887,1.0,0.8456952571868896,0.5371521472930908,0.7590294520060221,0.8008043169975281,0.38608484268188475,0.7577524820963542,0.7734357118606567,0.6090816497802735,0.8786620457967123,0.21404647827148438,0.3579695701599121,0.862140146891276,0.19252878427505493,0.6177690505981446,0.9657211303710938,0.03585943207144737,0.3671077251434326,0.9537927627563476,0.032916128635406494
pushup,0.48872981071472166,0.7155527114868164,0.9859586358070374,0.5118206977844239,0.6847263971964518,0.9667260646820068,0.4637690544128418,0.682744026184082,0.9652042984962463,0.5499903678894043,0.6102258046468099,0.6244409084320068,0.4271444797515869,0.6094914118448893,0.5843076109886169,0.6051614284515381,0.5998891194661459,0.9647219181060791,0.3697954177856445,0.6006971995035807,0.9675846695899963,0.674378776550293,0.8274985631306966,0.9205225706100464,0.30377318859100344,0.8320357004801432,0.9236076474189758,0.6916862010955811,0.9858669916788737,0.8745011687278748,0.27433228492736816,1.0,0.8627902269363403,0.5535516738891602,0.7147757848103841,0.817676842212677,0.3976392030715942,0.7163089752197266,0.8100435137748718,0.6192543983459473,0.8620332717895508,0.2570662796497345,0.35135688781738283,0.8598693211873373,0.25546443462371826,0.6399603366851807,0.9571627298990886,0.042146991938352585,0.35233273506164553,0.9659338633219401,0.04237295687198639
pushup,0.49085144996643065,0.7191216150919596,0.9858574867248535,0.5115585803985596,0.6886902491251627,0.9619100689888,0.46610002517700194,0.6890518188476562,0.9703835844993591,0.5474276065826416,0.6145448684692383,0.5746053457260132,0.4293259620666504,0.6193570454915365,0.650322675704956,0.603877592086792,0.603259785970052,0.9614216685295105,0.3711706161499023,0.6080422083536784,0.9728875160217285,0.6811577796936035,0.8257657368977864,0.9076741933822632,0.3035074234008789,0.8333552678426107,0.9386736154556274,0.6938687324523926,0.9766428629557292,0.8574035167694092,0.2738205432891846,1.0,0.8776077032089233,0.5459246158599853,0.703350830078125,0.8343208432197571,0.3909171104431152,0.7066768646240235,0.8457511067390442,0.6191616535186768,0.8631492614746094,0.26772019267082214,0.34807353019714354,0.866720453898112,0.2961536645889282,0.6430370330810546,0.950983174641927,0.042707670480012894,0.34241154193878176,0.9662701288859049,0.04664105921983719
pushup,0.4878222465515137,0.7350181579589844,0.9864469766616821,0.5144325733184815,0.7049474716186523,0.9641382098197937,0.46401119232177734,0.6983432133992513,0.9691615700721741,0.5549209117889404,0.6304382960001628,0.6065443754196167,0.4263495445251465,0.6192898432413737,0.6359053254127502,0.600314712524414,0.6069015502929688,0.9687657952308655,0.36214437484741213,0.6120007197062175,0.9722079634666443,0.6729988098144531,0.8035928090413411,0.9170907735824585,0.29817607402801516,0.8385627110799153,0.9304311275482178,0.6966272354125976,0.9875757853190105,0.8664229512214661,0.27912471294403074,1.0,0.8685733675956726,0.5243939876556396,0.7175533294677734,0.8449329733848572,0.37013707160949705,0.7188891728719076,0.8435049057006836,0.5864741325378418,0.8685039520263672,0.302968293428421,0.34077024459838867,0.8617117563883464,0.30770453810691833,0.5671562671661377,0.951831563313802,0.055551353842020035,0.3390608549118042,0.9536915461222331,0.05535738915205002
pushup,0.48763260841369627,0.7511541366577148,0.9756650328636169,0.5113762378692627,0.7215884526570638,0.9492631554603577,0.463714599609375,0.718723742167155,0.9437819719314575,0.5522383213043213,0.6428590138753255,0.5861359238624573,0.42814979553222654,0.6399305979410808,0.5241622924804688,0.614857292175293,0.6154245376586914,0.9496850371360779,0.3631251573562622,0.6211434046427409,0.9557468295097351,0.6887800216674804,0.8173889795939128,0.8974133133888245,0.2892009258270264,0.8382497151692708,0.905925452709198,0.6912528514862061,0.9762457529703776,0.8550733327865601,0.2745154857635498,1.0,0.845757782459259,0.5618232727050781,0.725660769144694,0.7726888060569763,0.3969741344451904,0.7295590082804362,0.7675167322158813,0.6283857822418213,0.8724721908569336,0.1933688074350357,0.3577103137969971,0.8727495829264323,0.19907063245773315,0.6337644577026367,0.9350430170694987,0.032818857580423355,0.367893123626709,0.9454640706380208,0.03426646441221237
pushup,0.4894120693206787,0.7701061884562175,0.953000545501709,0.512202262878418,0.7407722473144531,0.8989399075508118,0.465487003326416,0.7398585001627604,0.9068431854248047,0.5520593166351319,0.6606260299682617,0.4634345769882202,0.4305441856384277,0.662287712097168,0.48597225546836853,0.610014009475708,0.6216368357340495,0.9142904877662659,0.3651504278182983,0.6372633616129557,0.9413600564002991,0.6802887439727783,0.7859391530354818,0.8549073934555054,0.2867610931396484,0.8371377309163411,0.8982300162315369,0.688879919052124,0.908276112874349,0.8381418585777283,0.27212018966674806,1.0,0.8482065796852112,0.5438188076019287,0.719674555460612,0.7153927087783813,0.3875523567199707,0.7272502263387044,0.731563150882721,0.5903859615325928,0.8696334838867188,0.16499383747577667,0.3564780235290527,0.8757256825764974,0.18379443883895874,0.5836221694946289,0.9265061696370442,0.026865210384130478,0.3697451114654541,0.943267822265625,0.02943158708512783
pushup,0.48622794151306153,0.7889225006103515,0.959770143032074,0.5100805282592773,0.7609635670979817,0.9350388050079346,0.46524877548217775,0.7580575942993164,0.9068697690963745,0.5532785415649414,0.6874837239583333,0.6483269333839417,0.43363213539123535,0.6836406707763671,0.4403221011161804,0.625671672821045,0.6512800216674804,0.9430951476097107,0.3639311075210571,0.6573048909505208,0.9384493231773376,0.7174237251281739,0.826282246907552,0.8866837620735168,0.279276967048645,0.8463064193725586,0.8713992834091187,0.6991065979003906,0.9773921330769857,0.8434564471244812,0.2729363441467285,1.0,0.8016301393508911,0.5677361488342285,0.7177053451538086,0.7381910085678101,0.3986276388168335,0.7201510111490885,0.7141805291175842,0.6297459125518798,0.8810126622517903,0.1578308343887329,0.3565269947052002,0.8822269439697266,0.15328331291675568,0.6330265998840332,0.9418172200520833,0.022357875481247902,0.3759766101837158,0.9545940399169922,0.02258799597620964
pushup,0.49070281982421876,0.8098622639973958,0.9259271025657654,0.5128037452697753,0.7821165720621744,0.8730044364929199,0.46976699829101565,0.7821150461832682,0.8554739356040955,0.5544063568115234,0.7030137379964193,0.5091521739959717,0.4374544143676758,0.705128796895345,0.4061530530452728,0.6294151306152344,0.6538666407267253,0.9119106531143188,0.3602293014526367,0.668537966410319,0.9279658198356628,0.724140214920044,0.8197741190592448,0.8674426078796387,0.27216238975524903,0.8496195475260416,0.8903945088386536,0.7056445121765137,0.9880557378133138,0.8251178860664368,0.27672295570373534,1.0,0.8287982940673828,0.572536849975586,0.7166322072347006,0.7626972198486328,0.3969547748565674,0.7262486139933269,0.7653548121452332,0.6498966693878174,0.8753761291503906,0.17060823738574982,0.3579884052276611,0.8923039118448893,0.1883254051208496,0.6660462856292725,0.9173037846883138,0.026700379326939583,0.38623547554016113,0.948223622639974,0.029381055384874344
pushup,0.4937169075012207,0.8298990885416667,0.8617897629737854,0.5142608165740967,0.8023078282674153,0.7809993624687195,0.47176084518432615,0.8049746831258138,0.7638329863548279,0.5551899909973145,0.7154747009277344,0.4143293499946594,0.43976292610168455,0.7229174296061198,0.3583492040634155,0.6317707061767578,0.6577636082967122,0.8776246905326843,0.3600745916366577,0.6719292958577474,0.9043912887573242,0.7218766212463379,0.8212348937988281,0.8369395136833191,0.2673877954483032,0.8509510676066081,0.8652697205543518,0.7238863945007324,0.9613653818766276,0.7919370532035828,0.2816687345504761,1.0,0.7924095988273621,0.5719494819641113,0.7168261210123698,0.7474769353866577,0.39822959899902344,0.7275080362955729,0.7514504194259644,0.6258185863494873,0.9058734893798828,0.15159407258033752,0.3616161584854126,0.9211062749226888,0.16602982580661774,0.6503095149993896,0.9051718393961589,0.02329413779079914,0.4083540439605713,0.9285422007242838,0.025495002046227455
pushup,0.47710580825805665,0.8494139989217122,0.650673508644104,0.4980030536651611,0.8242699305216471,0.5425065159797668,0.45952486991882324,0.8238938013712566,0.5276095867156982,0.5451803207397461,0.7500980377197266,0.3179856240749359,0.4335169792175293,0.7483084996541342,0.2628631293773651,0.6234511852264404,0.7089412689208985,0.6896305680274963,0.361773943901062,0.6870047887166341,0.8865772485733032,0.669703483581543,0.8797344207763672,0.48209142684936523,0.2530025243759155,0.8385268529256185,0.7994909286499023,0.5848287582397461,0.9482322692871094,0.4363982677459717,0.2796226978302002,1.0,0.6367816925048828,0.5795229911804199,0.7225359598795573,0.37249451875686646,0.4245326519012451,0.7120716730753581,0.5097460150718689,0.5458734512329102,0.9092705408732097,0.06723608821630478,0.40485944747924807,0.881222661336263,0.10897722095251083,0.5469108581542969,0.9233290354410807,0.012803344987332821,0.5201735496520996,0.8913811365763347,0.02014017477631569
pushup,0.4884469509124756,0.8659658432006836,0.7309803366661072,0.5114275932312011,0.8385374069213867,0.6833294034004211,0.4672876834869385,0.8366526285807292,0.6402299404144287,0.5540365219116211,0.7625883102416993,0.41556909680366516,0.4331106662750244,0.7589186350504558,0.3022650182247162,0.6276813507080078,0.6969318389892578,0.8046021461486816,0.3562900543212891,0.6947374979654948,0.8452576398849487,0.7093376159667969,0.8408724466959635,0.7480589151382446,0.2621567726135254,0.8504446029663086,0.7866414785385132,0.6535139560699463,0.8953417460123698,0.7024889588356018,0.2803882837295532,1.0,0.6735595464706421,0.5720824241638184,0.6715232849121093,0.6082326173782349,0.4005086898803711,0.6726168314615886,0.61907559633255,0.6075501441955566,0.8545398712158203,0.10786741226911545,0.36196022033691405,0.8546408971150716,0.11468545347452164,0.6139259815216065,0.8212260564168294,0.01931479573249817,0.41457033157348633,0.8336146036783855,0.02102002128958702
pushup,0.48854737281799315,0.883374277750651,0.7108277678489685,0.5135271072387695,0.851018778483073,0.6604898571968079,0.46619606018066406,0.8513081232706706,0.5902371406555176,0.5603069305419922,0.7723349889119466,0.3675623834133148,0.42758817672729493,0.7726825078328451,0.2729078233242035,0.6364917755126953,0.6875099182128906,0.7884427309036255,0.35044126510620116,0.7086256663004558,0.8562918901443481,0.7289856910705567,0.7981281916300456,0.7400668263435364,0.246056866645813,0.8542601903279622,0.7969998717308044,0.6670394897460937,0.9288745244344075,0.7135463953018188,0.26944336891174314,1.0,0.7106433510780334,0.5918905735015869,0.6254425048828125,0.6581079363822937,0.4132237911224365,0.6366101582845052,0.6757713556289673,0.6148077964782714,0.8437819798787435,0.1697579324245453,0.3807260751724243,0.8562124252319336,0.19153396785259247,0.6129369735717773,0.8489795684814453,0.027898943051695824,0.44682893753051756,0.862969716389974,0.03354153782129288
pushup,0.47883286476135256,0.8613044738769531,0.24338148534297943,0.486829948425293,0.8434213002522787,0.13137806951999664,0.4766176700592041,0.8435155232747396,0.1914822906255722,0.5087967872619629,0.7885388692220052,0.0828913077712059,0.46566123962402345,0.7867478688557943,0.1819426715373993,0.522097110748291,0.745041020711263,0.4650079309940338,0.3856247901916504,0.7195512135823567,0.7424319982528687,0.4484572410583496,0.8730017344156901,0.4767422676086426,0.23320870399475097,0.8329158782958984,0.7358417510986328,0.3766292095184326,0.9655216217041016,0.3669767379760742,0.28510632514953616,1.0,0.5474520921707153,0.46968584060668944,0.6935545603434244,0.5082449316978455,0.38127362728118896,0.6876719156901042,0.6177389025688171,0.45641298294067384,0.8275859832763672,0.18950369954109192,0.349567174911499,0.8147969563802083,0.2327679842710495,0.4854908466339111,0.8517475128173828,0.06373557448387146,0.3864489793777466,0.8213090260823568,0.07507003843784332
pushup,0.49039497375488283,0.848861821492513,0.03420795500278473,0.4789926052093506,0.8410303751627605,0.016013970598578453,0.5133622169494629,0.8457253774007162,0.015911901369690895,0.4525460720062256,0.8302650451660156,0.620461106300354,0.5595449447631836,0.8438837051391601,0.46551913022994995,0.3880678415298462,0.8212608337402344,0.874783992767334,0.5749718189239502,0.8275205612182617,0.8807859420776367,0.2990831136703491,0.8612740198771159,0.7230200171470642,0.555327320098877,0.8546483993530274,0.6758460402488708,0.27885396480560304,0.9916608174641927,0.4196218252182007,0.5167827606201172,0.951573371887207,0.361162394285202,0.37290380001068113,0.6586645126342774,0.39753493666648865,0.49335532188415526,0.6635054270426433,0.37659287452697754,0.4823485851287842,0.6587157567342122,0.1493297517299652,0.5640111923217773,0.6411886215209961,0.1346195489168167,0.5846699714660645,0.7200187683105469,0.056475069373846054,0.6024231910705566,0.680531120300293,0.054638661444187164
pushup,0.505399227142334,0.8899682362874349,0.17244794964790344,0.500734519958496,0.8728347778320312,0.056214865297079086,0.5169459342956543,0.8821499506632487,0.13366565108299255,0.46851162910461425,0.8504931131998698,0.2700834274291992,0.5258266448974609,0.8784451802571615,0.445955753326416,0.4165517807006836,0.853028678894043,0.8158141374588013,0.44721360206604005,0.8771046956380208,0.7369943261146545,0.3039878845214844,0.8426488240559896,0.760106086730957,0.24755940437316895,0.8717397689819336,0.5174992680549622,0.294074559211731,0.9612319946289063,0.6403759717941284,0.2694050073623657,1.0,0.39222556352615356,0.312970495223999,0.8781814575195312,0.3838910460472107,0.3370679378509521,0.8915779113769531,0.27605146169662476,0.3691140651702881,0.8738903045654297,0.08489381521940231,0.3925470352172852,0.8760426839192709,0.04377327859401703,0.4217389106750488,0.928326161702474,0.027340129017829895,0.3875842571258545,0.8886030832926433,0.016087869182229042
pushup,0.49294562339782716,0.9185384114583334,0.23241697251796722,0.49071536064147947,0.9009239196777343,0.07695575058460236,0.4959134101867676,0.9105505625406901,0.1965235024690628,0.4914484977722168,0.8511813481648763,0.0830441489815712,0.49471678733825686,0.8750786463419596,0.33006909489631653,0.48337297439575194,0.8072916030883789,0.6280763149261475,0.42871551513671874,0.8113264083862305,0.7984412312507629,0.4561580181121826,0.8475855509440104,0.5685087442398071,0.266786003112793,0.8505331039428711,0.746317446231842,0.4647737979888916,0.9438568115234375,0.476299524307251,0.2477593183517456,1.0,0.5613753199577332,0.37818307876586915,0.7333168029785156,0.5460063815116882,0.3514265060424805,0.7338549931844075,0.6032955646514893,0.372512149810791,0.8422350565592448,0.21542800962924957,0.3610734462738037,0.8340195337931315,0.22782158851623535,0.41997928619384767,0.8643022537231445,0.06629642099142075,0.3808114528656006,0.8248446146647136,0.06725461781024933
pushup,0.5016738414764405,0.8211795171101888,0.018018310889601707,0.48607192039489744,0.8103883107503255,0.003894867142662406,0.5176420211791992,0.819812266031901,0.00975490640848875,0.4502260208129883,0.7917816162109375,0.13295528292655945,0.5471346378326416,0.8134464263916016,0.38477614521980286,0.405450439453125,0.7785432815551758,0.730517566204071,0.567983341217041,0.8173006057739258,0.8220552206039429,0.4222066879272461,0.8139020284016927,0.6361949443817139,0.6437788009643555,0.8790080388387044,0.7625271081924438,0.453920316696167,0.876521110534668,0.5417651534080505,0.6757917881011963,0.828500493367513,0.6126334071159363,0.35961365699768066,0.7675530115763346,0.6851125359535217,0.46213598251342775,0.7804293314615885,0.6966489553451538,0.39734611511230467,0.7888525644938151,0.3642616868019104,0.47750582695007326,0.8033098856608073,0.3909638822078705,0.45615811347961427,0.8155296325683594,0.11464668065309525,0.47768139839172363,0.8079057057698568,0.11670983582735062
pushup,0.4681414604187012,0.9255153656005859,0.05460599437355995,0.46572699546813967,0.9179344177246094,0.02803114242851734,0.481688928604126,0.9213034947713216,0.022147569805383682,0.464892053604126,0.8830390294392904,0.2956698536872864,0.5060191631317139,0.8858919779459635,0.2069338858127594,0.432175874710083,0.8178407669067382,0.7741890549659729,0.5128787517547607,0.8158257802327474,0.8428618907928467,0.3915916919708252,0.8820785522460938,0.7199519276618958,0.5094974994659424,0.8733074188232421,0.7295442819595337,0.32025723457336425,1.0,0.48004308342933655,0.4476185321807861,0.9868487040201823,0.4425395131111145,0.3924524784088135,0.6835038503011067,0.7272850275039673,0.4484418392181396,0.6767202377319336,0.7427915334701538,0.3516471147537231,0.8052556991577149,0.4774000346660614,0.4269045352935791,0.7950464248657226,0.4567168951034546,0.42812089920043944,0.8516771952311198,0.16223983466625214,0.5046595573425293,0.8341720581054688,0.15609973669052124
pushup,0.49066891670227053,0.722378921508789,0.0047486103139817715,0.481507682800293,0.7190273920694987,0.0014759078621864319,0.5080389976501465,0.7231691360473633,0.0013651353074237704,0.4565391540527344,0.7293399810791016,0.20720286667346954,0.5456981658935547,0.7342068990071614,0.1711927354335785,0.40545201301574707,0.7601179122924805,0.7860468029975891,0.5743292331695556,0.7632045745849609,0.8622438907623291,0.3498105049133301,0.8571907679239908,0.5864242315292358,0.6640052795410156,0.8477820078531901,0.6734799146652222,0.3222947597503662,0.8104541142781575,0.4031943380832672,0.685326337814331,0.7140673319498698,0.424558162689209,0.37131001949310305,0.7746946970621745,0.7003063559532166,0.49370760917663575,0.7689059575398763,0.7231081128120422,0.2725289106369019,0.7741930643717448,0.4953777492046356,0.4890403747558594,0.7588519414265951,0.5015755891799927,0.3119614362716675,0.8091617584228515,0.16680914163589478,0.5836920261383056,0.7799795786539714,0.16701339185237885
pushup,0.4762901306152344,0.6940567652384441,0.01156712044030428,0.46598310470581056,0.6904888153076172,0.0036121688317507505,0.49263801574707033,0.6917072296142578,0.0029027368873357773,0.440596866607666,0.6971831639607747,0.35371193289756775,0.5331214904785156,0.6957050323486328,0.2679109275341034,0.4091446876525879,0.7369620005289713,0.908905029296875,0.5703349590301514,0.7211661656697591,0.9424117803573608,0.32627918720245364,0.8745298385620117,0.7681018114089966,0.6499358177185058,0.8512173334757487,0.8424912691116333,0.26139225959777834,0.8806754430135091,0.4815604090690613,0.6957881927490235,0.8225292205810547,0.5594825744628906,0.4035032272338867,0.7750158945719401,0.8556469082832336,0.5147224426269531,0.756878407796224,0.8822863101959229,0.28582310676574707,0.8285505930582683,0.5930836796760559,0.4749558448791504,0.7933536529541015,0.6289491653442383,0.2943281173706055,0.9113166809082032,0.16804267466068268,0.5233748435974122,0.857521120707194,0.17929114401340485
pushup,0.5081661701202392,0.7394101460774739,0.004845731426030397,0.500225830078125,0.7404338836669921,0.001129512907937169,0.5263762474060059,0.7419546127319336,0.002109479159116745,0.4682919025421143,0.7644927342732747,0.3175666928291321,0.5657082080841065,0.7688437779744466,0.3662757873535156,0.40546836853027346,0.7950482686360677,0.8383523225784302,0.595590877532959,0.7896087010701497,0.9420745968818665,0.31049909591674807,0.8585423787434896,0.5955529808998108,0.6507180213928223,0.8607073465983073,0.8586537837982178,0.31032800674438477,0.8135142644246419,0.346557080745697,0.6948475360870361,0.830022684733073,0.5257307887077332,0.36694695949554446,0.7815888722737631,0.8289157152175903,0.4996424674987793,0.7688144683837891,0.8881920576095581,0.28950207233428954,0.8408699035644531,0.5597264766693115,0.4934972286224365,0.8063589731852213,0.6545850038528442,0.3005072593688965,0.8802047729492187,0.1814606636762619,0.547508716583252,0.8324793497721354,0.21698978543281555
pushup,0.4855488777160645,0.7989802042643229,0.021619407460093498,0.4768575668334961,0.8036075592041015,0.011646389961242676,0.5025318145751954,0.8035572052001954,0.006347974296659231,0.4645044803619385,0.818879763285319,0.4367646276950836,0.5463915824890136,0.8172971089680989,0.2518156170845032,0.42957892417907717,0.8177348454793294,0.8767399787902832,0.5837862014770507,0.8152779261271159,0.8752443790435791,0.35604538917541506,0.8399716059366862,0.7304207682609558,0.6511987209320068,0.8521001815795899,0.6951680183410645,0.2857944965362549,0.8350550333658854,0.49155423045158386,0.6804062843322753,0.8113503774007161,0.4437578320503235,0.4054821014404297,0.7705216725667318,0.8275962471961975,0.5137224674224854,0.7613252639770508,0.8174225687980652,0.35981366634368894,0.8182064692179362,0.6207314133644104,0.5462606906890869,0.7953481038411458,0.615865170955658,0.3462660789489746,0.8284039815266927,0.334174782037735,0.584795618057251,0.7893836339314778,0.33370399475097656
pushup,0.4986311435699463,0.8311395009358724,0.007971525192260742,0.49059314727783204,0.835141944885254,0.002788765588775277,0.5106088161468506,0.8358832677205403,0.002603720175102353,0.474486255645752,0.8492308934529622,0.29802489280700684,0.5454418182373046,0.8508750915527343,0.3012799322605133,0.42734203338623045,0.8379321416219075,0.9045819044113159,0.5845150947570801,0.829979133605957,0.9287751317024231,0.3453279733657837,0.8727461496988932,0.7554444670677185,0.6625840663909912,0.8700855890909831,0.7981985807418823,0.29560959339141846,0.8516268412272135,0.4391558766365051,0.6911662578582763,0.8146704991658529,0.4478735625743866,0.3911599636077881,0.7595131556193034,0.9162480235099792,0.5091683387756347,0.7456158955891927,0.9194179773330688,0.31738231182098386,0.8823383331298829,0.7116252183914185,0.5667029857635498,0.8400583902994792,0.7205109596252441,0.28870081901550293,0.9061823527018229,0.25831741094589233,0.6313353538513183,0.8359137217203776,0.2665046155452728
pushup,0.49634613990783694,0.7255951563517252,0.0072003500536084175,0.49181060791015624,0.7243895212809245,0.002381556201726198,0.5058321952819824,0.7224562962849935,0.0017278057057410479,0.4802682876586914,0.733646011352539,0.1702566295862198,0.5289104461669922,0.7280670166015625,0.10211373120546341,0.45290336608886717,0.7778607686360677,0.9206487536430359,0.5379591941833496,0.7554566701253255,0.8832436203956604,0.362694239616394,0.9295591990152995,0.8522122502326965,0.5973799228668213,0.8980786005655924,0.7508093118667603,0.29250397682189944,0.8627887725830078,0.580695390701294,0.6942427635192872,0.8599901835123698,0.4370029866695404,0.4316448211669922,0.8270164489746094,0.946445882320404,0.5023277759552002,0.8154780069986979,0.9293658137321472,0.35102214813232424,0.9294061024983724,0.7248665690422058,0.5816247940063477,0.9077905019124349,0.6688516139984131,0.30974111557006834,0.898062006632487,0.2649228870868683,0.6513854503631592,0.8663562138875326,0.22636839747428894
pushup,0.5411362648010254,0.7601956049601237,0.011357820592820644,0.5313996315002442,0.7549359003702799,0.0019543031230568886,0.5458808898925781,0.7557891209920248,0.005156730767339468,0.494950008392334,0.7446052551269531,0.07653366029262543,0.54695143699646,0.7487057367960612,0.29037225246429443,0.4526782989501953,0.7698930104573568,0.924830436706543,0.5374464988708496,0.7691886901855469,0.921066164970398,0.36031208038330076,0.926781972249349,0.8387051224708557,0.5949466228485107,0.9333194096883138,0.80289226770401,0.2879366636276245,0.8653493881225586,0.5580039024353027,0.6903602600097656,0.8813586552937825,0.493643581867218,0.4148693561553955,0.8270123799641927,0.9487375020980835,0.48604960441589357,0.8247168223063152,0.9374028444290161,0.3461352825164795,0.9088011423746745,0.797816812992096,0.5726052761077881,0.8933559417724609,0.7586347460746765,0.3029233455657959,0.9123198191324869,0.40306130051612854,0.6320192337036132,0.8792902628580729,0.34933027625083923
pushup,0.5014874935150146,0.7404605865478515,0.0208604596555233,0.4961047649383545,0.7391574859619141,0.006631537806242704,0.5103643894195556,0.7379917144775391,0.005769694689661264,0.4805117130279541,0.763333511352539,0.2183711677789688,0.5318222999572754,0.7599447250366211,0.1772158294916153,0.4542383670806885,0.8263076146443685,0.9211833477020264,0.5465025424957275,0.8093144098917643,0.9179710149765015,0.3604602813720703,0.9578675587972005,0.8307361006736755,0.6069163799285888,0.9406353632609049,0.8134965300559998,0.30270512104034425,0.8661021550496419,0.6562305688858032,0.6814126968383789,0.8853102366129557,0.6138185262680054,0.4375723361968994,0.8506175359090169,0.9114203453063965,0.5051909446716308,0.8384243011474609,0.9082514643669128,0.3627278804779053,0.8320998509724935,0.7329628467559814,0.5303647518157959,0.8050222396850586,0.722865104675293,0.3426170825958252,0.7866864522298177,0.4888174533843994,0.5737566471099853,0.748620351155599,0.47259145975112915
pushup,0.5056549072265625,0.7238029479980469,0.018025508150458336,0.4943888187408447,0.7177954355875651,0.007256200537085533,0.518738079071045,0.7201122283935547,0.0032048968132585287,0.4718717098236084,0.7397807439168295,0.3339936137199402,0.5559054851531983,0.7412516276041666,0.15359702706336975,0.46233582496643066,0.8245091756184896,0.9429868459701538,0.5794963359832763,0.8089874267578125,0.9402238130569458,0.39247305393218995,0.9659039179484049,0.8724057674407959,0.638743782043457,0.9279395421346028,0.8353329300880432,0.3335758447647095,0.8534852981567382,0.7548388838768005,0.6856331825256348,0.8518567403157552,0.6837766766548157,0.47388300895690916,0.8777615865071614,0.9113607406616211,0.5569282054901123,0.8665516535441081,0.9072280526161194,0.37282428741455076,0.7746610641479492,0.7919830083847046,0.5127200126647949,0.7494555155436198,0.76304692029953,0.417387056350708,0.7254574457804362,0.6490957140922546,0.5674744129180909,0.6815284729003906,0.6288868188858032
pushup,0.5089662551879883,0.8221488316853841,0.011902963742613792,0.5011096000671387,0.8211156209309896,0.004210108891129494,0.5168138980865479,0.8201862335205078,0.003704200265929103,0.48752503395080565,0.8416937510172526,0.15871620178222656,0.5404728889465332,0.8393462498982748,0.17632940411567688,0.455415153503418,0.8877965291341146,0.8718708753585815,0.5667561054229736,0.8688706080118815,0.8902018666267395,0.3680357694625854,0.9804414749145508,0.7797776460647583,0.6347318649291992,0.967319107055664,0.8003831505775452,0.3040938854217529,0.8822821935017904,0.6272363662719727,0.6685830593109131,0.9152168909708659,0.6478733420372009,0.42963037490844724,0.8462013244628906,0.9146748185157776,0.5077124118804932,0.8320051829020182,0.9198001027107239,0.3903087854385376,0.8316191991170248,0.7771608829498291,0.5445100784301757,0.8015439351399739,0.7986387014389038,0.36618633270263673,0.7302118301391601,0.626538097858429,0.5617119789123535,0.6918563842773438,0.6432985663414001
pushup,0.4327507019042969,0.8690125783284505,0.005760825704783201,0.422563362121582,0.8705606460571289,0.004409690387547016,0.4458127975463867,0.8726757049560547,0.0015791271580383182,0.41810145378112795,0.8967549006144205,0.12812119722366333,0.4829100608825684,0.8984841664632162,0.03350605070590973,0.41824898719787595,0.9404769897460937,0.46602755784988403,0.5294232368469238,0.9026945114135743,0.4001179337501526,0.3750618457794189,0.9790946960449218,0.46072518825531006,0.5766182899475097,0.8855786641438802,0.3946457803249359,0.3207282781600952,0.8983374277750651,0.4227738678455353,0.6415060520172119,0.8570252736409505,0.37540939450263977,0.46613254547119143,0.9049489339192708,0.7851693034172058,0.5298775672912598,0.8906652450561523,0.7765495181083679,0.43668413162231445,0.8198591232299804,0.8259869813919067,0.5008955001831055,0.8198685963948568,0.8193079233169556,0.4998666763305664,0.7367418289184571,0.8520710468292236,0.5167986392974854,0.7374764760335286,0.8486546277999878
pushup,0.4371936798095703,0.8997010548909505,0.002274499274790287,0.4249305725097656,0.901629638671875,0.0011063299607485533,0.45172982215881347,0.9034657796223958,0.0009796624071896076,0.4087555408477783,0.9312082926432291,0.08304714411497116,0.48938593864440916,0.9337844848632812,0.06348598003387451,0.39449920654296877,0.9872716267903646,0.32424962520599365,0.544119930267334,0.9477090199788412,0.5142621397972107,0.34409565925598146,0.9968695958455404,0.27474313974380493,0.6183598518371582,0.9199832916259766,0.576162576675415,0.3282970428466797,0.9135890324910482,0.3088013231754303,0.6862855911254883,0.9522658030192057,0.5088436007499695,0.4246675968170166,0.9033775329589844,0.7513158321380615,0.5196290493011475,0.8846901575724284,0.8363366723060608,0.37949323654174805,0.8138348897298177,0.8302919268608093,0.49514122009277345,0.8011700312296549,0.8946720361709595,0.42556915283203123,0.7346021016438802,0.8779392838478088,0.4996207237243652,0.7298500696818034,0.9106713533401489
pushup,0.4969210624694824,0.8472605387369792,0.0054557365365326405,0.4846832752227783,0.8500923156738281,0.0035370895639061928,0.5068830013275146,0.8508581797281901,0.0022882225457578897,0.4620362758636475,0.8868504842122396,0.08765878528356552,0.5285090923309326,0.88866761525472,0.061192724853754044,0.4369949817657471,0.941485341389974,0.41254714131355286,0.5561891078948975,0.9087896347045898,0.2737374007701874,0.3790860176086426,0.9701283772786459,0.3545006215572357,0.5845588207244873,0.8894603729248047,0.20378687977790833,0.3258409023284912,0.8959056854248046,0.29774782061576843,0.633541488647461,0.8801485061645508,0.19554880261421204,0.4542094707489014,0.8981280008951823,0.6578606963157654,0.5251134395599365,0.8867162068684896,0.5866528749465942,0.44712486267089846,0.8174032211303711,0.7549765706062317,0.5166226863861084,0.8160725911458333,0.6945703029632568,0.4992961406707764,0.7556907653808593,0.8081197142601013,0.5159577369689942,0.7528662363688151,0.7718117237091064
pushup,0.4848341941833496,0.8858086903889973,0.0025056551676243544,0.46904911994934084,0.8887566248575847,0.0010993917239829898,0.49384260177612305,0.8903108596801758,0.0015721088275313377,0.4384575366973877,0.924414316813151,0.05370209738612175,0.5168519020080566,0.9292364120483398,0.11737770587205887,0.4156054496765137,0.9855695724487304,0.3228287994861603,0.5537187576293945,0.9557399113972982,0.42640432715415955,0.3575011730194092,0.9874296188354492,0.22675634920597076,0.6170501708984375,0.9326833724975586,0.38265126943588257,0.3156640291213989,0.8973979949951172,0.2174896001815796,0.6620845317840576,0.9385135014851888,0.33575165271759033,0.4223648548126221,0.9028077443440755,0.6926040649414062,0.5135338306427002,0.8878643035888671,0.7515281438827515,0.4067813873291016,0.8240055720011393,0.8192121386528015,0.5240549087524414,0.8069194793701172,0.8681961894035339,0.42642974853515625,0.7515290578206381,0.8862756490707397,0.5119260787963867,0.7369810104370117,0.9069067239761353
pushup,0.49050378799438477,0.9043060302734375,0.0023965463042259216,0.477731990814209,0.9076479593912761,0.001115333056077361,0.5014564990997314,0.9083274841308594,0.0015958795556798577,0.45018863677978516,0.9433465321858724,0.06350123137235641,0.5283751964569092,0.9440514246622721,0.13454368710517883,0.41446971893310547,1.0,0.27802199125289917,0.5677344799041748,0.9627103169759115,0.40804731845855713,0.348154878616333,0.9758860905965169,0.17189402878284454,0.6171496391296387,0.9055549621582031,0.32444602251052856,0.32497463226318357,0.894833755493164,0.16769371926784515,0.6292640209197998,0.9148727416992187,0.2745009958744049,0.40996456146240234,0.9040153503417969,0.63441002368927,0.5131717205047608,0.8833928426106771,0.7104920148849487,0.3850075721740723,0.8266276041666667,0.7802428603172302,0.5166804790496826,0.797685178120931,0.8408753871917725,0.4207636833190918,0.7429284413655599,0.8698569536209106,0.5273356914520264,0.7136973063151042,0.8954735994338989
pushup,0.48263211250305177,0.9269556681315104,0.0027260156348347664,0.4656062602996826,0.9329025904337566,0.001131376950070262,0.4944018363952637,0.9346424102783203,0.002139430493116379,0.42738871574401854,0.9729859670003255,0.057132285088300705,0.520205307006836,0.9772216796875,0.16606318950653076,0.38708887100219724,1.0,0.20254044234752655,0.5708015441894532,0.9886385599772135,0.39924564957618713,0.34107513427734376,0.9820648829142252,0.11700065433979034,0.6172279834747314,0.8947287241617838,0.34319308400154114,0.3391023874282837,0.9016934712727864,0.15096844732761383,0.6188017368316651,0.8851537704467773,0.3319697976112366,0.39865756034851074,0.9135444005330403,0.5769752860069275,0.5224593639373779,0.8957810084025065,0.7010838985443115,0.3753190994262695,0.8032131195068359,0.8106255531311035,0.5176831245422363,0.788641357421875,0.884965717792511,0.414273738861084,0.7350714365641277,0.9073297381401062,0.5126999378204345,0.7280771255493164,0.9330199360847473
pushup,0.48665599822998046,0.8845457712809245,0.015063351020216942,0.47668018341064455,0.8920678456624349,0.008228525519371033,0.4969132423400879,0.8917997360229493,0.009375475347042084,0.45334606170654296,0.9307085673014323,0.11607417464256287,0.5167856216430664,0.9278842290242513,0.17059288918972015,0.4169745922088623,0.9639638264973959,0.36597391963005066,0.5547147274017334,0.9254210154215495,0.46754133701324463,0.3760204553604126,0.9327414830525717,0.2312626838684082,0.5806519508361816,0.8390641530354818,0.3504617214202881,0.34520854949951174,0.9206396738688151,0.2238231748342514,0.5986205577850342,0.8640396118164062,0.3073205053806305,0.428019380569458,0.8898750305175781,0.6435250639915466,0.5145516872406006,0.8736172993977864,0.6931250691413879,0.3897791862487793,0.7953795115152995,0.7629252076148987,0.48592309951782225,0.7934605280558268,0.7957766652107239,0.4388401985168457,0.7331578572591145,0.8478196859359741,0.500726318359375,0.7346815745035807,0.8594075441360474
pushup,0.503464651107788,0.9269001007080078,0.001144644571468234,0.4854116916656494,0.9265893300374349,0.0006004219176247716,0.5160262584686279,0.9293162663777669,0.0009590969420969486,0.44742488861083984,0.9591317494710286,0.048646461218595505,0.5475074291229248,0.9655068079630534,0.12995857000350952,0.4011756420135498,1.0,0.10890520364046097,0.601040267944336,0.989735476175944,0.2214423418045044,0.3428835868835449,0.9996871948242188,0.04759293794631958,0.6384988784790039,0.9146437327067057,0.1445997953414917,0.330840015411377,0.9259517033894856,0.05460136756300926,0.6327667236328125,0.9332032521565755,0.12841300666332245,0.4047091960906982,0.9183588663736979,0.3622620403766632,0.5407098770141602,0.8995087305704753,0.4824599325656891,0.3752909660339355,0.8237883249918619,0.7091164588928223,0.5298565864562989,0.8091132481892903,0.8070337176322937,0.41734066009521487,0.7381968180338542,0.8862034678459167,0.5164424896240234,0.730377197265625,0.9149975776672363
pushup,0.44936718940734866,0.8819011052449545,0.008907788433134556,0.43524746894836425,0.8770920435587565,0.00642435485497117,0.4545790672302246,0.8805946985880534,0.003644265467301011,0.42152862548828124,0.8943668365478515,0.1449824720621109,0.484058141708374,0.9001486460367839,0.11295181512832642,0.41004648208618166,0.9516156514485677,0.4293193817138672,0.5514728546142578,0.9049981435139974,0.4899464249610901,0.368074369430542,0.9927490870157878,0.24449597299098969,0.6251646041870117,0.8909894307454427,0.3496593236923218,0.34068613052368163,0.8945466995239257,0.2143295854330063,0.6632150173187256,0.9247268040974935,0.2866862714290619,0.4506687164306641,0.9041055679321289,0.6598382592201233,0.5433610439300537,0.8835932413736979,0.7135982513427734,0.3932644844055176,0.8358985900878906,0.7286264896392822,0.5133078575134278,0.8134543100992838,0.7761257886886597,0.4338254928588867,0.7314199447631836,0.8384692072868347,0.5129948139190674,0.7049940745035808,0.8624323010444641
pushup,0.4452664852142334,0.8737593332926432,0.003728334093466401,0.4297199249267578,0.8760665893554688,0.0031135014723986387,0.45554561614990235,0.8804895401000976,0.0014406354166567326,0.4130390644073486,0.9132579803466797,0.09243367612361908,0.49012436866760256,0.9218819936116537,0.04537114500999451,0.4053813457489014,0.9663761138916016,0.2351817637681961,0.5483150482177734,0.9278129577636719,0.1978108137845993,0.3683770179748535,0.9685572306315104,0.19159634411334991,0.5877217292785645,0.8684188842773437,0.16470974683761597,0.3275397777557373,0.9008501052856446,0.1973927766084671,0.6009732246398926,0.8551870346069336,0.19205144047737122,0.4457124710083008,0.8984456380208333,0.5390761494636536,0.5336132526397706,0.8811141967773437,0.5365942120552063,0.426118278503418,0.7956343332926432,0.7644690871238708,0.5047723293304444,0.7858800888061523,0.767723798751831,0.4861428737640381,0.7460753758748372,0.8658051490783691,0.4958633899688721,0.7327125549316407,0.8688525557518005
pushup,0.5194361686706543,0.7728944142659505,0.010743111371994019,0.5058953762054443,0.7665786107381185,0.004370340146124363,0.5314355373382569,0.7684930165608724,0.0034238588996231556,0.4698367118835449,0.7848015467325846,0.20533105731010437,0.5573663711547852,0.787974739074707,0.20170621573925018,0.4325250625610352,0.8587118784586588,0.8454330563545227,0.5836343765258789,0.8570077260335286,0.7696254253387451,0.35924506187438965,0.9635080973307292,0.6779710054397583,0.635057020187378,0.9654725392659506,0.4648154377937317,0.2926920413970947,0.8730361302693684,0.4921809434890747,0.6509574890136719,0.8806015014648437,0.34241101145744324,0.42748475074768066,0.8672698974609375,0.7862867116928101,0.5267162322998047,0.8617703755696614,0.7314842939376831,0.3866337060928345,0.8242441813151041,0.6991802453994751,0.5101039409637451,0.817019526163737,0.6357715725898743,0.4070741653442383,0.7594196955362956,0.5528021454811096,0.5085581779479981,0.7422037760416667,0.49818864464759827
pushup,0.5518362998962403,0.7786385854085286,0.009202089160680771,0.5402403831481933,0.7708539326985677,0.0012532974360510707,0.5580565452575683,0.7754029591878255,0.00501117343083024,0.4953305721282959,0.76314697265625,0.06683089584112167,0.5624024391174316,0.7731117248535156,0.4093360900878906,0.4397390365600586,0.7870132446289062,0.8773919939994812,0.564276647567749,0.7944663365681967,0.9233519434928894,0.349988317489624,0.9197456359863281,0.7807118892669678,0.6277210712432861,0.9353731791178386,0.8496019840240479,0.2789116859436035,0.8588541666666667,0.5326717495918274,0.6879621505737304,0.8752538681030273,0.5960936546325684,0.39042303562164304,0.8379725138346354,0.8920144438743591,0.4774775505065918,0.8353921890258789,0.9014291763305664,0.30729377269744873,0.9000072479248047,0.5758045315742493,0.49224605560302737,0.9008419036865234,0.5857154130935669,0.2835671424865723,0.8943153381347656,0.16086332499980927,0.5121450901031495,0.8869727452596029,0.1490413099527359
pushup,0.4444164276123047,0.7644917170206705,0.010480077005922794,0.43365983963012694,0.766104253133138,0.0037016263231635094,0.4695147514343262,0.7664148330688476,0.002946248045191169,0.38861374855041503,0.7949267069498698,0.6108396053314209,0.514471435546875,0.7957457860310873,0.25383317470550537,0.3324617385864258,0.8370263417561848,0.8514161109924316,0.5550005435943604,0.8282420476277669,0.8727929592132568,0.25413942337036133,0.8775798161824544,0.6873287558555603,0.6209331512451172,0.8722003936767578,0.7519093751907349,0.2864809274673462,0.7941208521525065,0.5683016180992126,0.6921900749206543,0.8521914800008138,0.5266140699386597,0.3376209497451782,0.8458716074625651,0.676632285118103,0.4792175769805908,0.8321106592814128,0.7114335298538208,0.2500285625457764,0.840549087524414,0.42798349261283875,0.38118834495544435,0.8169249852498373,0.4284749925136566,0.33177742958068845,0.9021917343139648,0.13775643706321716,0.41326446533203126,0.8758270899454753,0.1344490945339203
pushup,0.5028913497924805,0.7268145879109701,0.012465053237974644,0.49180173873901367,0.7255919774373373,0.0026935632340610027,0.5184747695922851,0.7289588292439778,0.005460589658468962,0.4404616355895996,0.7535097757975261,0.34168970584869385,0.5432909965515137,0.7608821233113606,0.48156479001045227,0.3766539812088013,0.7920096715291342,0.864315390586853,0.5705561161041259,0.8042339324951172,0.9154095649719238,0.2947319746017456,0.8436292012532552,0.7277109622955322,0.6604077339172363,0.8736047744750977,0.8177039623260498,0.2682184219360352,0.7951663970947266,0.5763641595840454,0.7152791500091553,0.8194989522298177,0.6084237694740295,0.35030598640441896,0.8027824401855469,0.746457040309906,0.47156405448913574,0.7977104822794596,0.7797329425811768,0.27741336822509766,0.809710693359375,0.4713652431964874,0.4036068916320801,0.7998515446980794,0.48469507694244385,0.323091721534729,0.8913187662760417,0.13187582790851593,0.42077884674072263,0.8733800252278646,0.12817145884037018
pushup,0.45921640396118163,0.7084384282430013,0.016817566007375717,0.4496146202087402,0.7011978149414062,0.006588419899344444,0.480997896194458,0.7067312876383464,0.003880825126543641,0.40912375450134275,0.7346176147460938,0.7435197234153748,0.5362260818481446,0.7416498184204101,0.43118759989738464,0.33974394798278806,0.8283111572265625,0.9167383909225464,0.586670970916748,0.8237866719563802,0.9227966070175171,0.2845165252685547,0.8646467844645183,0.7048311829566956,0.6657615661621094,0.8417166392008464,0.6834097504615784,0.3186954021453857,0.8243931452433269,0.5539628863334656,0.677845048904419,0.7841997782389323,0.4620770514011383,0.3146041393280029,0.8907905578613281,0.6853130459785461,0.48036646842956543,0.8828983942667643,0.6879012584686279,0.2224069356918335,0.8247306187947591,0.47307443618774414,0.3841768741607666,0.8244292577107747,0.4436068832874298,0.32302703857421877,0.9085837682088216,0.16236086189746857,0.4398356437683105,0.9134812672932943,0.14481180906295776
pushup,0.4923998832702637,0.8622077306111654,0.01965656504034996,0.4809455394744873,0.8613481521606445,0.005779328290373087,0.5126978397369385,0.8638118108113607,0.01159948855638504,0.4446681022644043,0.8712642669677735,0.23314055800437927,0.5501667022705078,0.8722004572550456,0.44055992364883423,0.38687863349914553,0.8653314590454102,0.5309059619903564,0.5824888229370118,0.8640899658203125,0.8060942888259888,0.3834272861480713,0.8561093648274739,0.36388444900512695,0.6737813949584961,0.8485280990600585,0.7378776669502258,0.4090625286102295,0.816322135925293,0.36731165647506714,0.6674015045166015,0.7077846527099609,0.6060574054718018,0.326758885383606,0.7719113032023112,0.36388903856277466,0.45116195678710935,0.7615479787190755,0.5080466270446777,0.294876766204834,0.7511726379394531,0.2432161569595337,0.3892351150512695,0.7418816884358724,0.3613815903663635,0.36202929019927976,0.7611593882242839,0.11129821836948395,0.40489797592163085,0.7528467178344727,0.14519326388835907
pushup,0.46741538047790526,0.901958974202474,0.024292249232530594,0.46779675483703614,0.8887129465738932,0.05896030366420746,0.492719030380249,0.8838100433349609,0.0031576005276292562,0.45679540634155275,0.9108975092569987,0.9840519428253174,0.5803780555725098,0.8992617925008138,0.536340057849884,0.4354902744293213,1.0,0.419891893863678,0.6089779376983643,1.0,0.467465877532959,0.41518597602844237,0.9935132980346679,0.010273134335875511,0.6008244037628174,0.9844390233357747,0.008158239535987377,0.4507300853729248,0.9234338760375976,0.0033023105934262276,0.5708390712738037,0.9142565409342448,0.0026626314502209425,0.48531556129455566,1.0,0.0012735521886497736,0.6011898994445801,1.0,0.001944814226590097,0.48978123664855955,0.9852455139160157,0.0007761646993458271,0.577537727355957,0.9819112141927083,0.0008756520692259073,0.5072239875793457,0.9824190775553385,0.005248683970421553,0.5785670757293702,0.973741086324056,0.005888006184250116
pushup,0.4636392116546631,0.8513224919637045,0.03971879556775093,0.464068603515625,0.8368374506632487,0.09250862151384354,0.4891820430755615,0.83183167775472,0.003441448090597987,0.45554404258728026,0.8605892817179362,0.9919126033782959,0.5822998046875,0.8476146697998047,0.5831029415130615,0.4378395080566406,0.9740048726399739,0.7351789474487305,0.6144939422607422,0.9613080342610677,0.7446615695953369,0.41682825088500974,0.9645541508992513,0.03039168193936348,0.6081584453582763,0.9516903559366862,0.017957646399736404,0.4510490417480469,0.8851439793904622,0.007743429858237505,0.5670558929443359,0.8751954396565755,0.005117407999932766,0.4901099681854248,1.0,0.003785375040024519,0.608618688583374,1.0,0.00529518211260438,0.4876717567443848,0.9640516916910807,0.0013420830946415663,0.5791971206665039,0.9598450342814128,0.0013404869241639972,0.5062495231628418,0.9581345240275065,0.005715174600481987,0.5797420024871827,0.947224489847819,0.005860260687768459
pushup,0.4619906425476074,0.8006645838419596,0.17144863307476044,0.4675431251525879,0.7894468943277995,0.09808088839054108,0.4831823825836182,0.7817994435628255,0.0488717220723629,0.4870795726776123,0.7708340326944987,0.36905962228775024,0.5256462574005127,0.7512402216593425,0.09267158061265945,0.4631492614746094,0.8074764251708985,0.39564207196235657,0.5101471900939941,0.7497718811035157,0.8079169392585754,0.2993218421936035,0.925445556640625,0.22395512461662292,0.29789764881134034,0.8296515782674153,0.6471933126449585,0.27634477615356445,0.9672911961873373,0.23173746466636658,0.2595062732696533,1.0,0.49182093143463135,0.48396692276000974,0.823841667175293,0.0664009153842926,0.5223312854766846,0.7968739827473958,0.15285809338092804,0.36607952117919923,0.8093574523925782,0.0360732227563858,0.4442451953887939,0.7668225606282552,0.06057270988821983,0.3674240827560425,0.9050320307413737,0.01743357814848423,0.46039619445800783,0.8500136693318685,0.027000674977898598
pushup,0.47757296562194823,0.8191668192545573,0.8958954811096191,0.500147533416748,0.7981850941975911,0.8513414859771729,0.46582736968994143,0.7912753423055013,0.8113006949424744,0.5453283309936523,0.7422825495402018,0.6335088014602661,0.44928584098815916,0.7268549601236979,0.3608090877532959,0.6331469535827636,0.7772553761800131,0.8529551029205322,0.37107393741607664,0.7223267873128255,0.9072707295417786,0.7167852401733399,0.9484308242797852,0.47623494267463684,0.253316855430603,0.8364774703979492,0.6997230648994446,0.6169134616851807,0.9537047068277995,0.4212155044078827,0.2626248836517334,1.0,0.5096293091773987,0.5441367149353027,0.9966277440388998,0.16099268198013306,0.38984224796295164,0.9646508534749348,0.2140980213880539,0.5140841484069825,0.9988810221354166,0.010658236220479012,0.3816099166870117,0.9435248057047526,0.015041287057101727,0.4883243560791016,0.9551598230997721,0.0034721093252301216,0.4988858222961426,0.8999823252360026,0.004524392541497946
pushup,0.4958933353424072,0.7794326782226563,0.8192728161811829,0.517652940750122,0.7540313720703125,0.6712765693664551,0.47565126419067383,0.7538491566975911,0.7842717170715332,0.5583200454711914,0.6776779810587565,0.2805211544036865,0.44512290954589845,0.6782190322875976,0.4652597904205322,0.6199557781219482,0.6442880630493164,0.7729373574256897,0.35738039016723633,0.6468716303507487,0.8944514989852905,0.6972504138946534,0.804147211710612,0.6069077849388123,0.26553585529327395,0.8331695556640625,0.8225771188735962,0.6731303691864013,0.8600025177001953,0.5663427114486694,0.28318214416503906,1.0,0.6844624876976013,0.5241161823272705,0.7668131510416667,0.5269227027893066,0.35952460765838623,0.7718797047932943,0.6040051579475403,0.5766952037811279,0.8957358042399088,0.081787109375,0.36439478397369385,0.9015103022257487,0.11960561573505402,0.5664119720458984,0.8772270202636718,0.019890226423740387,0.42390761375427244,0.8967687606811523,0.02628743089735508
pushup,0.49013075828552244,0.749072265625,0.8978024125099182,0.5130536079406738,0.7249874114990235,0.7605953812599182,0.4703279972076416,0.7191072463989258,0.7784913182258606,0.5525638580322265,0.6452110926310222,0.3085571825504303,0.44006147384643557,0.6344818115234375,0.32119855284690857,0.6132320404052735,0.6238498051961263,0.8694505095481873,0.3607983350753784,0.6221608479817708,0.9138857126235962,0.6849700927734375,0.8129872639973958,0.8448516726493835,0.28805084228515626,0.830035909016927,0.9011936783790588,0.708364200592041,0.9590215047200521,0.8242172002792358,0.2685997009277344,1.0,0.8579304218292236,0.5404887676239014,0.8456207911173502,0.585099458694458,0.37816877365112306,0.847186533610026,0.6140949130058289,0.6060946941375732,0.8995688756306967,0.06528595834970474,0.3606195211410522,0.8976980209350586,0.0814860612154007,0.5777193069458008,0.9335220336914063,0.011913394555449486,0.3838827610015869,0.949125607808431,0.01384835597127676
pushup,0.4936228275299072,0.7316397349039714,0.9741759896278381,0.5153839111328125,0.7032760620117188,0.9323737025260925,0.4702030658721924,0.7015892028808594,0.9485223889350891,0.5506669998168945,0.6248830159505209,0.48623794317245483,0.43277978897094727,0.6245521545410156,0.5937933921813965,0.6053194046020508,0.6008310953776042,0.9457497000694275,0.36655049324035643,0.6099370320638021,0.96305251121521,0.6809978485107422,0.8082187016805013,0.8831008076667786,0.2998161792755127,0.83512757619222,0.9214030504226685,0.6871078491210938,0.9684738159179688,0.84256511926651,0.27858972549438477,1.0,0.8626424670219421,0.5341660976409912,0.7114610036214193,0.790424108505249,0.3803457021713257,0.7157158533732096,0.8039110898971558,0.5832030296325683,0.8723840713500977,0.2296120524406433,0.3452997446060181,0.8784732182820638,0.25503671169281006,0.5815409660339356,0.9399288177490235,0.03839300572872162,0.3543245792388916,0.9593231836954753,0.0415293350815773
pushup,0.493973970413208,0.7294384002685547,0.9846822023391724,0.5166298866271972,0.6982320149739584,0.9558112025260925,0.4680349349975586,0.696218999226888,0.9662444591522217,0.5541181564331055,0.6193334579467773,0.522010862827301,0.4296541690826416,0.6187786102294922,0.6227768063545227,0.6032230377197265,0.6061416625976562,0.9615148305892944,0.36512932777404783,0.6046971003214519,0.9637980461120605,0.6616722583770752,0.8341173807779948,0.9180431365966797,0.3045435905456543,0.8379534403483073,0.9239402413368225,0.6978355407714844,0.9945526758829752,0.8594149351119995,0.2827617883682251,1.0,0.8606681227684021,0.5448472023010253,0.7425511678059896,0.7909268140792847,0.38530397415161133,0.745294698079427,0.7839216589927673,0.6417208671569824,0.871938959757487,0.21024189889431,0.36234321594238283,0.8581712722778321,0.2064427137374878,0.6745039939880371,0.9656984965006511,0.03631438687443733,0.3748586177825928,0.9525705337524414,0.03576318547129631
pushup,0.4934723377227783,0.7252384185791015,0.9860742092132568,0.5132655143737793,0.6940767288208007,0.9629419445991516,0.4673666477203369,0.6960808436075846,0.9695624709129333,0.5478734970092773,0.6165510813395182,0.5633276104927063,0.4285365104675293,0.6250143686930338,0.6388100981712341,0.6040217399597168,0.6068450927734375,0.961536169052124,0.37049269676208496,0.6095717748006185,0.9664099216461182,0.6742315292358398,0.8323720932006836,0.9105044007301331,0.3028928995132446,0.8299732208251953,0.9187896251678467,0.6918163299560547,0.9871374130249023,0.8597618937492371,0.26877007484436033,1.0,0.8546602129936218,0.5474064826965332,0.7238240559895833,0.7797114253044128,0.39272222518920896,0.7263692220052084,0.774531900882721,0.6139853954315185,0.8693885167439779,0.21220234036445618,0.3527393817901611,0.8657633463541666,0.211542546749115,0.6515263557434082,0.9623615264892578,0.03449402004480362,0.36379132270812986,0.9625794092814127,0.03472578525543213
pushup,0.4896100044250488,0.7224124272664388,0.9817425012588501,0.5117579936981201,0.691343116760254,0.9548779129981995,0.4642310619354248,0.6909540176391602,0.9588947892189026,0.5494105339050293,0.6150822957356771,0.5575217604637146,0.42711520195007324,0.6178866704305013,0.5799639821052551,0.6024796485900878,0.6020921071370443,0.9559439420700073,0.36983823776245117,0.6024890263875325,0.9623389840126038,0.6742530345916748,0.8283079147338868,0.9033746719360352,0.30367801189422605,0.8288717905680338,0.9162822365760803,0.6967162132263184,0.9886746724446615,0.8577015995979309,0.2743929624557495,1.0,0.8567346930503845,0.5415359020233155,0.7019215901692708,0.7882280945777893,0.3891575336456299,0.7035444895426433,0.7858225703239441,0.6053354740142822,0.858146603902181,0.2401144653558731,0.35593888759613035,0.8571554183959961,0.24742625653743744,0.6268359661102295,0.9462714513142904,0.04082271456718445,0.3611262321472168,0.9553866704305013,0.04215102270245552
pushup,0.48403172492980956,0.7149608612060547,0.9880691170692444,0.5112606048583984,0.6865753173828125,0.9694673418998718,0.4617748260498047,0.6779677708943684,0.9678252339363098,0.5528639316558838,0.6155382792154948,0.6522753238677979,0.42849040031433105,0.5989034016927083,0.58448326587677,0.599796724319458,0.6099964141845703,0.9717590808868408,0.36405124664306643,0.5989798227945964,0.967503547668457,0.6665380954742431,0.8291170120239257,0.9306427240371704,0.3077304601669312,0.8303309122721354,0.9228391647338867,0.7066422939300537,0.9877870559692383,0.8781587481498718,0.280691933631897,1.0,0.8559284210205078,0.5341177940368652,0.7756680806477865,0.7902504205703735,0.3781269550323486,0.7719226201375325,0.7702880501747131,0.6167716979980469,0.8753767649332682,0.19218562543392181,0.34905266761779785,0.8569963455200196,0.18265081942081451,0.6190753936767578,0.961257807413737,0.03315573185682297,0.3562347888946533,0.9544658025105794,0.03178383782505989
pushup,0.4899444580078125,0.6851360321044921,0.9888189435005188,0.5157062530517578,0.6569849014282226,0.9686149954795837,0.46738333702087403,0.6502733866373698,0.9747947454452515,0.551776123046875,0.5917964935302734,0.6613197326660156,0.4322084426879883,0.5774232228597005,0.7197610139846802,0.6015463829040527,0.5997021993001302,0.9782516956329346,0.3640688419342041,0.592600695292155,0.9831539988517761,0.6625497341156006,0.8364688873291015,0.9194551110267639,0.31620352268218993,0.8373128255208333,0.9377729892730713,0.695014762878418,0.986330795288086,0.8089988827705383,0.29377267360687254,0.9966435750325521,0.8376162648200989,0.5611248970031738,0.8101702372233073,0.8217729926109314,0.4044365406036377,0.8120674769083659,0.8328284621238708,0.6355437278747559,0.9192130406697591,0.19409950077533722,0.37949471473693847,0.9057861328125,0.21214231848716736,0.662651252746582,0.9903064727783203,0.03480536863207817,0.42635526657104494,0.984669558207194,0.03755281865596771
pushup,0.4915426731109619,0.660084597269694,0.9930250644683838,0.5171380519866944,0.6242252985636393,0.979941725730896,0.46297693252563477,0.6239840825398763,0.9840951561927795,0.5553000926971435,0.565503184000651,0.7216038703918457,0.4240748405456543,0.5668338139851888,0.7817331552505493,0.6013750076293946,0.5961753845214843,0.9856250882148743,0.36790215969085693,0.5976084391276042,0.9871006011962891,0.6520610809326172,0.8315816879272461,0.930363655090332,0.31443219184875487,0.8362383524576823,0.9367592334747314,0.6917975425720215,0.9808242797851563,0.8165328502655029,0.2920447111129761,1.0,0.8250551223754883,0.5500014305114747,0.7997388203938802,0.8524566292762756,0.3958564043045044,0.8038590113321941,0.852556586265564,0.6151303291320801,0.9133602778116862,0.21990543603897095,0.36762056350708006,0.9018463134765625,0.22353309392929077,0.6411787033081054,0.9790053049723307,0.03799479454755783,0.39145350456237793,0.965429941813151,0.03824436664581299
pushup,0.49020843505859374,0.6435494740804036,0.9938554167747498,0.5163602828979492,0.6091267903645833,0.9809935092926025,0.46321682929992675,0.6068967819213867,0.9853426218032837,0.5525335311889649,0.5547435124715169,0.6972070336341858,0.4218613624572754,0.5518489201863607,0.75932776927948,0.5972178936004638,0.5915657043457031,0.9833633899688721,0.3681038379669189,0.5970502217610677,0.983401894569397,0.6645100593566895,0.8280190785725912,0.9363868236541748,0.31461272239685056,0.838672383626302,0.9369507431983948,0.7061667442321777,1.0,0.8554642200469971,0.26946353912353516,1.0,0.8516144752502441,0.5464632511138916,0.8138765970865885,0.7998377084732056,0.3925914287567139,0.818531862894694,0.7937068939208984,0.6146858215332032,0.9113904317220052,0.12173275649547577,0.35400450229644775,0.9052573521931966,0.11788847297430038,0.6413421630859375,0.9267730712890625,0.019442925229668617,0.3689826011657715,0.9195671717325846,0.01854841224849224
pushup,0.48993120193481443,0.6394081751505534,0.993123471736908,0.5169505119323731,0.6019110997517904,0.9817714691162109,0.4610629081726074,0.6022160212198894,0.9837911128997803,0.5555701732635498,0.5530169169108073,0.7662583589553833,0.4214962959289551,0.5548342386881511,0.7813512682914734,0.6011034488677979,0.5981311798095703,0.987663209438324,0.36552996635437013,0.6050374348958333,0.9867218732833862,0.6568512916564941,0.834078025817871,0.9334933161735535,0.3100846767425537,0.8435820897420248,0.9221752882003784,0.6896418571472168,0.9942834854125977,0.7984185218811035,0.2850250959396362,0.9970673243204753,0.7821996808052063,0.5527430534362793,0.8209866841634115,0.815460205078125,0.3952469825744629,0.8283164978027344,0.8008413910865784,0.6271128177642822,0.9180319468180339,0.12782591581344604,0.3680262565612793,0.9124553680419922,0.12030035257339478,0.6575318813323975,0.9386555353800455,0.021014096215367317,0.39542393684387206,0.9284962972005208,0.019790610298514366
pushup,0.490023136138916,0.641543960571289,0.9934473633766174,0.5168109893798828,0.6043083826700847,0.9807752370834351,0.4622501373291016,0.6035559336344402,0.985672116279602,0.554234504699707,0.5559010187784831,0.6895842552185059,0.4188818454742432,0.5561473210652669,0.7619625926017761,0.5957406044006348,0.5890426635742188,0.981312096118927,0.36822702884674074,0.60229918162028,0.9831438660621643,0.6696920394897461,0.8220801035563151,0.9295632839202881,0.31035265922546384,0.8474381128946941,0.9372633099555969,0.7021314620971679,0.9945997873942057,0.8591538667678833,0.27147936820983887,1.0,0.8640760779380798,0.5461129665374755,0.7392587025960287,0.8178462982177734,0.39285101890563967,0.74800599416097,0.8184048533439636,0.6202408313751221,0.8449270884195964,0.18971183896064758,0.3534952163696289,0.8495050430297851,0.1897788941860199,0.650329303741455,0.8843660354614258,0.03512122854590416,0.3603447675704956,0.8896738052368164,0.03429783135652542
pushup,0.48958964347839357,0.6482910792032878,0.9924799203872681,0.5158310413360596,0.6113832473754883,0.9819612503051758,0.4615315437316895,0.612745984395345,0.9817714691162109,0.5548659324645996,0.5592018763224283,0.777406632900238,0.42310128211975095,0.5633297602335612,0.7701117396354675,0.5986909389495849,0.5883943557739257,0.9887608885765076,0.3631265640258789,0.6091594060262044,0.985275149345398,0.6647227287292481,0.804011344909668,0.943805456161499,0.29972162246704104,0.848773193359375,0.9102834463119507,0.7013689517974854,0.9710781097412109,0.8358739614486694,0.2866042613983154,0.9990553538004557,0.7782236933708191,0.5432577133178711,0.7731118520100911,0.8453171849250793,0.3887890338897705,0.7881320953369141,0.8112106919288635,0.6167917728424073,0.8626766840616862,0.20542050898075104,0.36879692077636717,0.8769276936848959,0.17683549225330353,0.6258530616760254,0.8931493123372396,0.037437811493873596,0.38669753074645996,0.9083895365397135,0.03242433816194534
pushup,0.4954923152923584,0.6811784744262696,0.992755115032196,0.5212875843048096,0.6460748036702474,0.9817805886268616,0.46627111434936525,0.6460716247558593,0.9823862314224243,0.5594466209411622,0.5788105010986329,0.7056110501289368,0.42531523704528806,0.5815513610839844,0.7546596527099609,0.6093132972717286,0.6037453969319662,0.9788051843643188,0.3624516487121582,0.6218713124593099,0.9758147597312927,0.6786757946014405,0.7963163375854492,0.9166491031646729,0.2884836196899414,0.8472312927246094,0.8837679624557495,0.7148680686950684,0.9361614227294922,0.8500822186470032,0.26648783683776855,1.0,0.7900026440620422,0.5472787380218506,0.8795019785563151,0.6371021270751953,0.3885591983795166,0.8924584070841471,0.5851511359214783,0.5996178150177002,0.9280475616455078,0.058241549879312515,0.3733833312988281,0.9385255177815756,0.05088185891509056,0.5897645950317383,0.9412057240804036,0.010552939027547836,0.4013206481933594,0.951525624593099,0.009497763589024544
pushup,0.5006216049194336,0.718585459391276,0.9868773818016052,0.5227905750274658,0.6853399912516276,0.9536920189857483,0.47223052978515623,0.6864150365193685,0.9787179231643677,0.5578695297241211,0.6103338877360026,0.4431673288345337,0.4292585372924805,0.6148102442423503,0.790130078792572,0.6150399208068847,0.6295556386311849,0.9421833753585815,0.35391318798065186,0.6328938166300456,0.9744117856025696,0.6863308429718018,0.8328453063964844,0.8129743933677673,0.2757693290710449,0.8448548634847005,0.9197888970375061,0.7210593223571777,0.9529749552408854,0.7633808851242065,0.27048392295837403,1.0,0.8624916672706604,0.5539593696594238,0.8726913452148437,0.535254955291748,0.3862446308135986,0.8806049346923828,0.6058235764503479,0.6218113899230957,0.9142489115397135,0.05479473993182182,0.3747535467147827,0.9145313262939453,0.0766327902674675,0.6342509746551513,0.9284173329671224,0.012707557529211044,0.4181674957275391,0.9292357126871745,0.015860820189118385
pushup,0.563667631149292,0.485738468170166,0.7967604398727417,0.5760768413543701,0.4611590067545573,0.26941636204719543,0.5442024230957031,0.4550562540690104,0.6852230429649353,0.5768232822418213,0.49077787399291994,0.0387875959277153,0.49180779457092283,0.47637255986531574,0.6438726782798767,0.6212347984313965,0.6652959187825521,0.8875346183776855,0.3708635807037354,0.6506035486857097,0.9259883165359497,0.7257859230041503,0.8608626047770183,0.779475212097168,0.24984393119812012,0.8705703735351562,0.8290139436721802,0.6979838371276855,0.8121771494547526,0.808756947517395,0.28206305503845214,0.9969062805175781,0.8358875513076782,0.5460517406463623,1.0,0.19714368879795074,0.39469151496887206,1.0,0.20111268758773804,0.6064441680908204,0.8640426635742188,0.010983026586472988,0.44867548942565916,0.8778071721394857,0.010864010080695152,0.5848365783691406,0.9093660354614258,0.0020767920650541782,0.5152412414550781,0.9180718739827474,0.0018350370228290558
pushup,0.4876829147338867,0.8120708465576172,0.96165531873703,0.508332347869873,0.7874511082967123,0.8767061829566956,0.4700042724609375,0.7839567184448242,0.9559348225593567,0.5416410446166993,0.7353682200113932,0.2604532241821289,0.43953566551208495,0.7268578847249348,0.7196547389030457,0.5631073951721192,0.7417979558308919,0.7464900016784668,0.37030627727508547,0.7190151214599609,0.9548944234848022,0.5783589363098145,0.858033561706543,0.5353899002075195,0.2622793436050415,0.8493986129760742,0.917136549949646,0.5414036750793457,0.8729788462320963,0.6180105209350586,0.2578562021255493,1.0,0.8834248781204224,0.47716875076293946,0.9088651657104492,0.33843833208084106,0.34814653396606443,0.8995052337646484,0.5295277237892151,0.518317985534668,0.9231585820515951,0.046772345900535583,0.33100626468658445,0.9103058497111003,0.10026219487190247,0.49736857414245605,0.9413649876912434,0.015989283099770546,0.3377016544342041,0.9381935755411784,0.027052396908402443
pushup,0.503194522857666,0.876907221476237,0.9779265522956848,0.5288711547851562,0.8451908111572266,0.9587122797966003,0.47822747230529783,0.8448299407958985,0.9846101999282837,0.5637497425079345,0.7916743596394856,0.4379917085170746,0.4327974796295166,0.7874149322509766,0.8381481170654297,0.588892936706543,0.796890131632487,0.7530990839004517,0.3551537752151489,0.7669387817382812,0.8730345368385315,0.6392139434814453,0.905227788289388,0.3641108274459839,0.23668580055236815,0.8496899286905925,0.6097723841667175,0.5856567859649658,0.9009735743204753,0.3937191665172577,0.26244995594024656,1.0,0.5501669645309448,0.49109182357788084,0.9154328028361003,0.15177369117736816,0.3388709783554077,0.9108163833618164,0.19028374552726746,0.5464498996734619,0.9258543650309244,0.021132007241249084,0.33344550132751466,0.9364079793294271,0.029368003830313683,0.5616126537322998,0.902541987101237,0.010605094954371452,0.3787937879562378,0.9280916213989258,0.01281252596527338
pushup,0.48246426582336427,0.8950207392374675,0.19960135221481323,0.49076156616210936,0.8777824401855469,0.0950351133942604,0.48228883743286133,0.8802184422810873,0.08891967684030533,0.5149615287780762,0.8433161417643229,0.14078457653522491,0.4856760501861572,0.8465639114379883,0.11315029114484787,0.5254114151000977,0.8225086847941081,0.5938887000083923,0.4634097576141357,0.8157995859781901,0.7276849746704102,0.5552202224731445,0.8681598663330078,0.6214967966079712,0.40125608444213867,0.8678325653076172,0.7474560737609863,0.4797034740447998,0.8877635955810547,0.6895146369934082,0.32247750759124755,0.9963000615437826,0.6882363557815552,0.39848577976226807,0.7778562545776367,0.5452727675437927,0.3697378158569336,0.7590516408284506,0.6032230257987976,0.30099964141845703,0.8260726928710938,0.30810171365737915,0.3106822967529297,0.8282325744628907,0.3377850651741028,0.25338962078094485,0.881550153096517,0.09020982682704926,0.3031496047973633,0.9055675506591797,0.0927259624004364
pushup,0.4868954658508301,0.9411276499430339,0.004352196119725704,0.48432602882385256,0.9267999649047851,0.004923536442220211,0.5060050010681152,0.925255012512207,0.0014432314783334732,0.4496894359588623,0.938217035929362,0.7477525472640991,0.5678498268127441,0.9383494695027669,0.3884183168411255,0.42249717712402346,1.0,0.1091080904006958,0.5868629455566406,1.0,0.15695452690124512,0.4034221649169922,1.0,0.005751189775764942,0.5821037292480469,1.0,0.00837131217122078,0.4442591190338135,0.958201535542806,0.003045768244192004,0.5431636333465576,0.9605332056681315,0.003495059907436371,0.45400776863098147,1.0,0.0009376044617965817,0.5629755020141601,1.0,0.0014625408221036196,0.48707404136657717,0.9773310979207357,0.001129531185142696,0.5598152160644532,0.9807652155558269,0.0015314449556171894,0.4827257633209229,0.9772236506144206,0.01028575748205185,0.5368012428283692,0.9806315739949544,0.01317623257637024
pushup,0.41764492988586427,0.7510409037272135,0.014485564082860947,0.41727299690246583,0.7422496159871419,0.006806287448853254,0.44734601974487304,0.7502383550008138,0.003070628270506859,0.39636430740356443,0.7736132303873698,0.9190906286239624,0.5260930061340332,0.78379700978597,0.506314218044281,0.31334619522094725,0.8573402404785156,0.9420056343078613,0.5823507308959961,0.854904301961263,0.9334351420402527,0.22849795818328858,0.8886075973510742,0.6222323179244995,0.641848087310791,0.8436200459798177,0.551130473613739,0.28911051750183103,0.9059204737345378,0.3628632724285126,0.6683242797851563,0.8112383524576823,0.23439641296863556,0.29394028186798093,0.971049690246582,0.2695635259151459,0.4795217514038086,0.9700228373209635,0.25265395641326904,0.22104990482330322,0.8065526326497395,0.09729566425085068,0.4455702781677246,0.8192569096883138,0.07904347777366638,0.33586275577545166,0.9160400390625,0.027349120005965233,0.5863818168640137,0.9364369074503581,0.02279740385711193
pushup,0.4286187171936035,0.7566450119018555,0.02083766832947731,0.4200498104095459,0.7561941782633463,0.011153907515108585,0.4516195774078369,0.7566991170247396,0.004105823114514351,0.38949782848358155,0.7876694361368816,0.8117762804031372,0.5116673946380615,0.7830698649088542,0.326134592294693,0.33272223472595214,0.8633499145507812,0.905951201915741,0.5766517162322998,0.8348217010498047,0.9196419715881348,0.2685047388076782,0.9027193705240886,0.6367160677909851,0.6503086566925049,0.8510946909586589,0.668083667755127,0.3060032844543457,0.8175508499145507,0.44240060448646545,0.691409969329834,0.8472816467285156,0.3782796263694763,0.35666236877441404,0.9147872924804688,0.523475170135498,0.5266353130340576,0.8995015462239583,0.5499891042709351,0.23726818561553956,0.8496622721354167,0.26032453775405884,0.463470458984375,0.8344885508219401,0.25161048769950867,0.31925134658813475,0.9497877756754557,0.06229371950030327,0.5484601020812988,0.9391042709350585,0.05981453135609627
pushup,0.49175562858581545,0.807139523824056,0.005849943961948156,0.4789582252502441,0.8034875233968098,0.002097545890137553,0.5049395084381103,0.8043296178181966,0.0021769809536635876,0.4474524974822998,0.833171017964681,0.14153730869293213,0.5352046489715576,0.8346952438354492,0.1646287441253662,0.41336874961853026,0.9161572774251302,0.6443052291870117,0.5714689731597901,0.8913467407226563,0.6892572641372681,0.3283047914505005,0.9822419484456381,0.49993711709976196,0.6448300838470459,0.9414419174194336,0.5753037929534912,0.28433544635772706,0.8555341720581054,0.4744534194469452,0.6985649585723877,0.9064942677815755,0.5048583149909973,0.41498508453369143,0.8805335998535156,0.6470537781715393,0.5160816192626954,0.8658058166503906,0.6795361042022705,0.37388882637023924,0.797772216796875,0.5866448283195496,0.4929976463317871,0.7793683369954427,0.6189691424369812,0.4120368480682373,0.7606767654418946,0.48983559012413025,0.48577404022216797,0.7433489481608073,0.5035224556922913
pushup,0.4626713752746582,0.8506404876708984,0.0028799332212656736,0.4479376792907715,0.8461095809936523,0.0022161484230309725,0.4747790336608887,0.8480032602945964,0.0011125856544822454,0.4284666538238525,0.8756343205769856,0.12894399464130402,0.5158183574676514,0.8794026692708333,0.06829141825437546,0.4063271999359131,0.9479228973388671,0.2579168379306793,0.5791882991790771,0.9182917912801106,0.2704605460166931,0.3377283334732056,0.9808716456095378,0.16076795756816864,0.6488380432128906,0.9334429423014323,0.19912971556186676,0.30528218746185304,0.882179323832194,0.16874472796916962,0.6702535152435303,0.9307095209757487,0.20967240631580353,0.43342156410217286,0.8867560704549153,0.3641889691352844,0.5450530052185059,0.8706729888916016,0.410253643989563,0.40606155395507815,0.7476029713948568,0.6161227226257324,0.5193742275238037,0.7325727462768554,0.6786319017410278,0.41931953430175783,0.7264568328857421,0.8051090240478516,0.48151416778564454,0.718713124593099,0.8330150246620178
pushup,0.5222775936126709,0.8731225331624349,0.0019956619944423437,0.5062892436981201,0.8685887654622396,0.0012422528816387057,0.528729772567749,0.8702201843261719,0.0013727530604228377,0.47481985092163087,0.892344347635905,0.0374353863298893,0.5450801849365234,0.8988520940144856,0.057977695018053055,0.43860630989074706,0.9534844080607097,0.0835636779665947,0.5931358337402344,0.9283154805501302,0.11230631917715073,0.38534059524536135,0.9861185709635417,0.05809813365340233,0.6478657245635986,0.9369118372599284,0.10563918948173523,0.36711759567260743,0.9270785649617513,0.07222504168748856,0.6833966255187989,0.9654422760009765,0.11576742678880692,0.4490595817565918,0.9167643229166667,0.24545828998088837,0.5484264850616455,0.9035386403401693,0.2930578887462616,0.4066530704498291,0.8122109095255534,0.5151599049568176,0.5217125415802002,0.8075768788655598,0.5821433067321777,0.4011862754821777,0.7908119837443034,0.7625448107719421,0.46366138458251954,0.7900490442911784,0.7873395085334778
pushup,0.4664767265319824,0.8786184946695964,0.004817183129489422,0.45094122886657717,0.8792174021402995,0.003169234376400709,0.4695375919342041,0.8869150797526042,0.0032710961531847715,0.4255209922790527,0.9130062103271485,0.048371344804763794,0.4825995445251465,0.9309931437174479,0.08341211080551147,0.4102959632873535,0.9485298792521158,0.18157818913459778,0.5292775154113769,0.9409358978271485,0.16303543746471405,0.3921043395996094,0.9269248962402343,0.14245200157165527,0.5643738269805908,0.891927973429362,0.11757229268550873,0.3405769348144531,0.9303157170613606,0.1112954169511795,0.5735464096069336,0.9647860209147135,0.09978576749563217,0.44611163139343263,0.9068705240885416,0.5158552527427673,0.5189051151275634,0.9055274963378906,0.49558061361312866,0.4257023334503174,0.844491704305013,0.7022964358329773,0.5016905307769776,0.8597339630126953,0.6807329058647156,0.4733971118927002,0.8080050150553385,0.8201777338981628,0.49908900260925293,0.8144959767659505,0.8050205707550049
pushup,0.44037561416625975,0.8787904103597005,0.0031411440577358007,0.4277564525604248,0.8854861577351888,0.001929032034240663,0.45795559883117676,0.8850690205891927,0.0018519661389291286,0.4057767868041992,0.9249753952026367,0.15171445906162262,0.5027131557464599,0.9216797510782878,0.13704727590084076,0.38142924308776854,0.9719515482584635,0.2719699442386627,0.553698205947876,0.9338459650675456,0.49366649985313416,0.3368133783340454,0.9720861434936523,0.1221293956041336,0.6122175216674804,0.9088546752929687,0.37092113494873047,0.31967625617980955,0.9151226043701172,0.09661950170993805,0.6437296867370605,0.9559768040974935,0.23185673356056213,0.4043950080871582,0.8936485290527344,0.4644729495048523,0.5181981086730957,0.8759361267089844,0.6149823069572449,0.3757059335708618,0.8037386576334635,0.6473821401596069,0.5106645107269288,0.7910037994384765,0.7837585806846619,0.413557243347168,0.7804506301879883,0.7665703892707825,0.5249202728271485,0.7804115295410157,0.8359813690185547
pushup,0.4894907474517822,0.887722396850586,0.0015686877304688096,0.4690083026885986,0.886578369140625,0.0005911255138926208,0.4957749843597412,0.8935333887736002,0.0018522588070482016,0.42368316650390625,0.9189922332763671,0.02143550105392933,0.5113530158996582,0.9355466842651368,0.15711453557014465,0.3933506965637207,0.9814220428466797,0.07359698414802551,0.5588141441345215,0.9558635711669922,0.19153086841106415,0.3626547813415527,0.9836463292439779,0.03657647967338562,0.6178851127624512,0.9099365870157877,0.1620282083749771,0.3472707509994507,0.9360788981119792,0.04294348508119583,0.6396877765655518,0.9313128153483073,0.14119639992713928,0.40930542945861814,0.9152288436889648,0.26979002356529236,0.5199269771575927,0.9041738510131836,0.40669894218444824,0.3799281597137451,0.8116715749104818,0.6332389116287231,0.5084918022155762,0.8082276662190755,0.7657350897789001,0.4271970748901367,0.7849161783854167,0.851137638092041,0.5016282081604004,0.7832760492960612,0.8915212750434875
pushup,0.47736306190490724,0.8703521728515625,0.0007698535919189453,0.4527926445007324,0.864270273844401,0.0004361769533716142,0.4868760585784912,0.8705806096394857,0.000568342104088515,0.40584487915039064,0.8861303329467773,0.04245423525571823,0.5177777767181396,0.901110585530599,0.10875017940998077,0.3669393062591553,0.9575498580932618,0.08572041243314743,0.5905426025390625,0.920480473836263,0.12925663590431213,0.3293627738952637,0.976597277323405,0.038065217435359955,0.6549986839294434,0.8908028920491536,0.08198990672826767,0.3128253698348999,0.9061638514200846,0.03553145378828049,0.671081829071045,0.9414246877034506,0.07158610224723816,0.4000638484954834,0.912124760945638,0.17014557123184204,0.5525918483734131,0.8967624028523763,0.22415782511234283,0.3577726364135742,0.7861119588216146,0.4273858964443207,0.5516462326049805,0.7808162689208984,0.5260492563247681,0.3824509620666504,0.7749903361002605,0.7080262899398804,0.5198233127593994,0.7693222045898438,0.7530993223190308
pushup,0.5331835269927978,0.8423329671223958,0.0015603378415107727,0.5155165195465088,0.8359103520711263,0.0006717907381244004,0.5448863983154297,0.837339973449707,0.0008888044976629317,0.47588062286376953,0.8575750350952148,0.05481182038784027,0.5726241588592529,0.8609983444213867,0.13134746253490448,0.4248190402984619,0.9431728998819987,0.23780736327171326,0.6196813106536865,0.9055130004882812,0.3521767556667328,0.3416165590286255,0.984316889444987,0.13217408955097198,0.665282154083252,0.916269048055013,0.2497023344039917,0.3008594036102295,0.8524865468343099,0.13957558572292328,0.6781875133514405,0.9267107645670573,0.21978121995925903,0.42669153213500977,0.8832667668660482,0.42898958921432495,0.5570375919342041,0.8647003173828125,0.5120964050292969,0.3714320659637451,0.7857285817464192,0.6274311542510986,0.530817699432373,0.7737548828125,0.6996293067932129,0.4026059150695801,0.7327576319376627,0.7447812557220459,0.5045105934143066,0.727502187093099,0.7773822546005249
pushup,0.45167036056518556,0.7362436930338542,0.008983263745903969,0.4425694942474365,0.7301610946655274,0.003740164916962385,0.47803468704223634,0.7347789764404297,0.0023030599113553762,0.3896017551422119,0.7653639475504558,0.86517733335495,0.5417644023895264,0.7722245534261067,0.5337132811546326,0.30631155967712403,0.8552383422851563,0.9420490860939026,0.5925693988800049,0.8418155034383138,0.895927369594574,0.24390201568603515,0.917934799194336,0.6684377789497375,0.645354175567627,0.8531946182250977,0.46251118183135986,0.277592134475708,0.8874120712280273,0.40560317039489746,0.668272066116333,0.8024319330851237,0.21977058053016663,0.29787459373474123,0.9257820765177409,0.32312148809432983,0.4964572906494141,0.9222359975179036,0.261445552110672,0.24781367778778077,0.8049683888753255,0.15207932889461517,0.48754177093505857,0.8214956919352213,0.1094290167093277,0.3520477771759033,0.9240835825602214,0.03745486959815025,0.5806285381317139,0.956164805094401,0.027554403990507126
pushup,0.48647260665893555,0.937974484761556,0.005600627511739731,0.4848330497741699,0.925221061706543,0.006663970649242401,0.5062841415405274,0.9231066385904948,0.0016471847193315625,0.45448479652404783,0.9406047185262044,0.8065235614776611,0.5719902038574218,0.9387925465901693,0.4218137264251709,0.42924928665161133,1.0,0.1472298949956894,0.5927501201629639,1.0,0.2128698080778122,0.4110363483428955,1.0,0.007405698299407959,0.5870102405548095,1.0,0.011085298843681812,0.44574475288391113,0.9617344538370768,0.0036620728205889463,0.5473981380462647,0.9588562647501627,0.004388526082038879,0.4643801212310791,1.0,0.0012654453748837113,0.5722728252410889,1.0,0.002000014530494809,0.4892261505126953,0.9729254404703777,0.0012293608160689473,0.5634719371795655,0.9749256134033203,0.0016691285418346524,0.4873095989227295,0.9766742706298828,0.009606344625353813,0.544985008239746,0.9779095967610677,0.012378805316984653
pushup,0.4555772304534912,0.901222292582194,0.07202821224927902,0.45619616508483884,0.8872262318929036,0.17230671644210815,0.47987213134765627,0.8829872767130534,0.004224952310323715,0.4601286888122559,0.892031733194987,0.9751890897750854,0.5706298828125,0.8793766021728515,0.1946212202310562,0.4589386940002441,0.9700362523396809,0.36557984352111816,0.604771089553833,0.9526704788208008,0.36823007464408875,0.44889345169067385,0.9898072560628255,0.014184815809130669,0.5835422992706298,0.9680672963460286,0.007779219187796116,0.45790414810180663,0.9353805541992187,0.005428392440080643,0.5243478775024414,0.9209637959798177,0.0037574374582618475,0.5087869167327881,1.0,0.0019187689758837223,0.6069781303405761,1.0,0.0026566514279693365,0.47393126487731935,0.9805233001708984,0.0011582705192267895,0.5555760383605957,0.9725337982177734,0.001094269216991961,0.4952410697937012,0.9858957926432291,0.0050873178988695145,0.5601128101348877,0.9688786824544271,0.005102807190269232
pushup,0.4760713577270508,0.8695364634195963,0.26137086749076843,0.4700618267059326,0.8604309717814128,0.5696296095848083,0.4984694480895996,0.8385291417439779,0.03680095821619034,0.4942012786865234,0.8512105941772461,0.953171968460083,0.5919810771942139,0.7933252334594727,0.2264138013124466,0.5437545776367188,0.9499382654825846,0.5973138809204102,0.6861245155334472,0.8252199808756511,0.7470155358314514,0.5260663032531738,1.0,0.054596345871686935,0.6425848960876465,0.8574767430623372,0.13713526725769043,0.45854916572570803,0.9767809549967448,0.029150817543268204,0.4704447746276855,0.9324167251586915,0.08728240430355072,0.6699680328369141,0.9697379430135091,0.01051544863730669,0.7817704200744628,0.9018583297729492,0.024757934734225273,0.5712308883666992,0.9175498962402344,0.012648342177271843,0.6900912284851074,0.7991659800211589,0.028668425977230072,0.548463773727417,0.9316021601359049,0.017128951847553253,0.6759588718414307,0.8072256724039714,0.03806905820965767
pushup,0.47753467559814455,0.7567809422810873,0.413492888212204,0.48105735778808595,0.7427801767985026,0.07443913072347641,0.4749077320098877,0.7392025629679362,0.47659268975257874,0.47194790840148926,0.699734115600586,0.02476857602596283,0.45894899368286135,0.6925134023030599,0.5898066759109497,0.46305270195007325,0.727679443359375,0.37993547320365906,0.3746488094329834,0.7063624699910481,0.900077223777771,0.4194706916809082,0.8377537409464518,0.2872043550014496,0.25958340167999266,0.8307533264160156,0.8880527019500732,0.4414340972900391,0.8749176025390625,0.2801988124847412,0.25950608253479,1.0,0.7561404705047607,0.3958575248718262,1.0,0.20733024179935455,0.3419986963272095,0.9959955851236979,0.4265904724597931,0.41156344413757323,1.0,0.01902618259191513,0.36542520523071287,0.9581787745157878,0.0440107062458992,0.4311180114746094,0.9878573735555013,0.008282655850052834,0.41253108978271485,0.9141722361246745,0.013962811790406704
pushup,0.5128631591796875,0.771215311686198,0.845309853553772,0.529720687866211,0.7474287668863933,0.5903772711753845,0.4920717716217041,0.7505413055419922,0.7782799601554871,0.5603968620300293,0.6582471211751302,0.1670457273721695,0.4571376323699951,0.666720453898112,0.4352455735206604,0.6326447010040284,0.6396340052286784,0.7857902646064758,0.36342849731445315,0.6441579182942708,0.908586323261261,0.7201004028320312,0.829631487528483,0.7031583786010742,0.2751227617263794,0.8404496510823568,0.8771197199821472,0.6542072296142578,0.8539705912272135,0.722361147403717,0.27558140754699706,1.0,0.8217509388923645,0.5514350891113281,0.9138996124267578,0.3567817211151123,0.38260517120361326,0.9216098785400391,0.4399156868457794,0.5984059333801269,0.9193253835042318,0.02502419985830784,0.39370477199554443,0.9357703526814779,0.036779724061489105,0.6072021484375,0.903296152750651,0.005919598508626223,0.4979433536529541,0.9374548594156901,0.0074853794649243355
pushup,0.495864725112915,0.7310246785481771,0.9829382300376892,0.5181695461273194,0.7039637247721354,0.9469091892242432,0.4733875274658203,0.7013394673665364,0.970790684223175,0.5542264938354492,0.625494384765625,0.47865691781044006,0.43813529014587405,0.6221269607543946,0.7117120027542114,0.6166802406311035,0.6088123321533203,0.9351254105567932,0.36230740547180174,0.6214953740437825,0.9740273356437683,0.7106326580047607,0.797627321879069,0.8375847935676575,0.2869966745376587,0.8413232803344727,0.9444993734359741,0.7400399208068847,0.9386508305867513,0.7879661917686462,0.26814196109771726,1.0,0.8844831585884094,0.5488731384277343,0.8043970743815104,0.6960824728012085,0.3820821762084961,0.8127543131510416,0.7651550769805908,0.6201030731201171,0.9073779424031575,0.09168538451194763,0.34272840023040774,0.9208349227905274,0.1386365443468094,0.6128623962402344,0.9339044570922852,0.015250876545906067,0.3496575832366943,0.9645762761433919,0.020176716148853302
pushup,0.4939882278442383,0.7174650192260742,0.9875010251998901,0.5187802314758301,0.6859162012736003,0.9647741317749023,0.46886019706726073,0.6814216613769531,0.9739454984664917,0.5583189487457275,0.6144385019938151,0.585999608039856,0.4300046920776367,0.6088598887125651,0.6623710989952087,0.6106355667114258,0.603797976175944,0.967416524887085,0.3670259952545166,0.6088468551635742,0.9752891063690186,0.6823522567749023,0.827923583984375,0.9164167046546936,0.3014190435409546,0.8494677225748698,0.9438493251800537,0.685774278640747,0.9803585688273112,0.8591262102127075,0.2793704032897949,1.0,0.8839565515518188,0.5533883094787597,0.7246129989624024,0.8542619347572327,0.38912291526794435,0.7286394119262696,0.8641233444213867,0.6534088611602783,0.8677322387695312,0.2662014961242676,0.3583251476287842,0.8657871882120768,0.2912808954715729,0.6585304260253906,0.9374029159545898,0.046090882271528244,0.34733645915985106,0.9461435953776042,0.04926089197397232
pushup,0.4970503807067871,0.7108900705973308,0.9859346151351929,0.5195444583892822,0.6790068944295248,0.9582844972610474,0.47052698135375975,0.6775423685709635,0.969092607498169,0.556575870513916,0.604672622680664,0.5494892001152039,0.4316858291625977,0.605584462483724,0.6518685221672058,0.6107980728149414,0.604215939839681,0.9657496809959412,0.3702384948730469,0.6077946980794271,0.9723037481307983,0.6699476718902588,0.8384408950805664,0.9151168465614319,0.30760951042175294,0.8466224034627279,0.9348122477531433,0.6982624053955078,0.9972737630208334,0.8434983491897583,0.27669968605041506,1.0,0.8660966157913208,0.5612978935241699,0.7693767547607422,0.798913836479187,0.40056633949279785,0.7735513051350912,0.8066348433494568,0.648075008392334,0.8965497334798177,0.1732526272535324,0.36888582706451417,0.8867819468180339,0.18246735632419586,0.670815372467041,0.96277281443278,0.027121707797050476,0.375687313079834,0.9543537775675456,0.0280907042324543
pushup,0.49477424621582033,0.7124652226765951,0.9847645163536072,0.5183907985687256,0.6808074951171875,0.958187997341156,0.46883859634399416,0.6778085072835286,0.9642693400382996,0.5568496704101562,0.6073914210001627,0.5768133401870728,0.43061389923095705,0.6047660827636718,0.6136223077774048,0.6094195365905761,0.6043408711751302,0.9690133333206177,0.36824300289154055,0.604641342163086,0.9702208638191223,0.6732465744018554,0.8384164810180664,0.9242882132530212,0.30426321029663084,0.8458809534708659,0.9298871755599976,0.7005988597869873,1.0,0.857286274433136,0.27995307445526124,1.0,0.8584215044975281,0.5500595569610596,0.7466395696004232,0.8271207213401794,0.3903632164001465,0.7481620152791341,0.8214766979217529,0.6298427104949951,0.8821191151936849,0.22097063064575195,0.35672411918640134,0.8718719482421875,0.2189052551984787,0.6381855010986328,0.9593725204467773,0.0347653329372406,0.35585412979125974,0.9532627105712891,0.03412913158535957
pushup,0.49326233863830565,0.7103736241658528,0.9793471693992615,0.5180251121520996,0.6797136306762696,0.9501979947090149,0.4687370300292969,0.6751238505045573,0.9568886160850525,0.556829833984375,0.611032231648763,0.6086108684539795,0.4328159809112549,0.6026606241861979,0.6445226669311523,0.6075231552124023,0.5991992314656576,0.9685150384902954,0.3701296806335449,0.5985176086425781,0.9792848825454712,0.6643191337585449,0.8354585647583008,0.9095914363861084,0.3091529130935669,0.8479157129923502,0.9394099712371826,0.683509349822998,0.9837772369384765,0.8043437600135803,0.29408133029937744,0.999065653483073,0.848304033279419,0.5732749938964844,0.7090817133585612,0.8689431548118591,0.41666040420532224,0.7135456720987956,0.8833882212638855,0.6488262176513672,0.8609341303507487,0.3778943121433258,0.38682126998901367,0.8530539194742839,0.41520562767982483,0.6659331798553467,0.9525733947753906,0.07984581589698792,0.40979771614074706,0.9513561248779296,0.08958160877227783
pushup,0.49388418197631834,0.7152170817057292,0.9886919260025024,0.5177061080932617,0.6851742426554362,0.9690371751785278,0.46947383880615234,0.6806367238362631,0.9743589758872986,0.555671215057373,0.6152568817138672,0.6274793744087219,0.43288230895996094,0.6089992523193359,0.665896475315094,0.6062664985656738,0.6099353154500325,0.9731341600418091,0.3727596282958984,0.6097010294596354,0.9769608378410339,0.6715563774108887,0.834354019165039,0.928188681602478,0.3083749771118164,0.8441034952799479,0.942916750907898,0.6953692436218262,0.992428716023763,0.8612169623374939,0.2814066410064697,1.0,0.8746389746665955,0.5559880256652832,0.7426901499430338,0.8616876006126404,0.3990177154541016,0.7448701858520508,0.8642367124557495,0.6464064598083497,0.8840044657389323,0.26434972882270813,0.363083553314209,0.8768175760904948,0.275062620639801,0.6590302467346192,0.9569975535074869,0.043570537120103836,0.3554346561431885,0.9577203114827474,0.04477952420711517
pushup,0.5045637607574462,0.7189100901285808,0.9893258810043335,0.5232688426971436,0.684801991780599,0.9679747819900513,0.4763956546783447,0.6903774261474609,0.9808200001716614,0.5569791793823242,0.6107863108317058,0.5556730031967163,0.4346133232116699,0.627670160929362,0.7517022490501404,0.6144873619079589,0.6048484166463216,0.9627602696418762,0.37833974361419676,0.6196091969807943,0.9798571467399597,0.6878537178039551,0.827548090616862,0.8905896544456482,0.30099687576293943,0.842723528544108,0.9439111351966858,0.6923459053039551,0.9795783996582031,0.8351401090621948,0.27225146293640134,1.0,0.8855771422386169,0.5557988166809082,0.6957534790039063,0.8250866532325745,0.39936769008636475,0.703089714050293,0.852073073387146,0.6152833938598633,0.8646957397460937,0.2658568322658539,0.35152297019958495,0.8736003239949545,0.31064218282699585,0.6447577476501465,0.9497715632120768,0.0426006093621254,0.34793758392333984,0.9617609659830729,0.04859248921275139
pushup,0.49565558433532714,0.7283554712931315,0.9859911799430847,0.5178428649902344,0.6980000813802083,0.9640724062919617,0.4710659980773926,0.6972031275431315,0.9707013368606567,0.5554915428161621,0.622882588704427,0.5960421562194824,0.43436551094055176,0.6251652399698894,0.6515241265296936,0.6110962390899658,0.6093238830566406,0.959313690662384,0.3734307765960693,0.615542221069336,0.9723386764526367,0.6870494365692139,0.824573262532552,0.8933864831924438,0.29997451305389405,0.8396474202473958,0.9311123490333557,0.6929237365722656,0.9834995905558268,0.8441696763038635,0.27083325386047363,1.0,0.8688733577728271,0.5402076244354248,0.716960334777832,0.7909261584281921,0.38518261909484863,0.7190029144287109,0.806343674659729,0.5977049350738526,0.8722033818562825,0.21406559646129608,0.3445913314819336,0.8753928502400716,0.2418411374092102,0.5968920707702636,0.9527360280354817,0.03294512629508972,0.33780336380004883,0.9683761596679688,0.03623134270310402
pushup,0.4944440841674805,0.7339221954345703,0.9722381830215454,0.5164452075958252,0.705482546488444,0.933833658695221,0.47276945114135743,0.7034311930338542,0.939704418182373,0.5546640396118164,0.6350255330403646,0.5417530536651611,0.4391448497772217,0.6338379542032878,0.5464965105056763,0.6105010986328125,0.6165550231933594,0.9503255486488342,0.37256836891174316,0.6251646041870117,0.9650939106941223,0.6921155452728271,0.8138455708821615,0.8959652185440063,0.29350292682647705,0.8436028798421223,0.928805410861969,0.7000266075134277,0.9733112335205079,0.848984956741333,0.2722636699676514,1.0,0.8633430600166321,0.5340118408203125,0.7036762237548828,0.8295760154724121,0.37927415370941164,0.706273078918457,0.8385250568389893,0.5887166023254394,0.8737663269042969,0.2527427077293396,0.3345848560333252,0.8789010365804036,0.2794717848300934,0.5795950889587402,0.9519452412923177,0.03667251393198967,0.32460365295410154,0.970015017191569,0.03969593718647957
pushup,0.5045930862426757,0.7612094243367513,0.890633761882782,0.5259661197662353,0.7317344029744466,0.7729652523994446,0.48152599334716795,0.7333641052246094,0.785754382610321,0.5654863834381103,0.6511041641235351,0.34795916080474854,0.44774155616760253,0.6576875686645508,0.3481581211090088,0.6287051200866699,0.6230634689331055,0.883417546749115,0.3718235492706299,0.6356862386067709,0.9194833040237427,0.6976077079772949,0.8105402628580729,0.8522534370422363,0.28792073726654055,0.8367732365926107,0.8941261768341064,0.6980044364929199,0.9711776733398437,0.8187103867530823,0.27355835437774656,1.0,0.8338994979858398,0.5471169471740722,0.7570975621541342,0.7082697749137878,0.38232719898223877,0.7636140187581381,0.7230414152145386,0.5971106052398681,0.8958784739176432,0.11919929087162018,0.3493032455444336,0.9047005335489909,0.13515497744083405,0.5959212303161621,0.9330936431884765,0.017372669652104378,0.37179412841796877,0.9530762354532878,0.018929243087768555
pushup,0.5116293907165528,0.7761570612589518,0.654498815536499,0.5299044609069824,0.7458498636881511,0.43384096026420593,0.4895488739013672,0.7511514027913412,0.4770285487174988,0.567779541015625,0.6690178553263346,0.1569250524044037,0.4535956382751465,0.6821896870930989,0.18738530576229095,0.6393811225891113,0.6314156850179037,0.7614597678184509,0.3670270681381226,0.648038101196289,0.8289489150047302,0.7313188552856446,0.8158964157104492,0.8364176154136658,0.27255983352661134,0.845783551534017,0.8757327198982239,0.7195034980773926,0.9399941762288412,0.8349556922912598,0.2797522783279419,1.0,0.838576078414917,0.5689860820770264,0.7010523478190104,0.7298568487167358,0.3887317419052124,0.7138404846191406,0.7391304969787598,0.6447183132171631,0.8431393305460612,0.15949437022209167,0.34639391899108884,0.8678653717041016,0.17538584768772125,0.6821185111999511,0.9010276794433594,0.023693161085247993,0.37958879470825196,0.9382591247558594,0.025375643745064735
pushup,0.4942652225494385,0.809294064839681,0.6890065670013428,0.515560531616211,0.7798250198364258,0.5468286871910095,0.4723233699798584,0.7819892247517903,0.5035056471824646,0.5590054035186768,0.7002862930297852,0.24891012907028198,0.43933830261230467,0.7059858322143555,0.18240146338939667,0.6341908931732178,0.6527462641398112,0.766861617565155,0.36034677028656004,0.661492665608724,0.8170847296714783,0.720341682434082,0.8214885075887044,0.7984501123428345,0.2676394462585449,0.8457728068033854,0.8271124362945557,0.7176234245300293,0.9347770055135091,0.7841640114784241,0.28026547431945803,1.0,0.7696229219436646,0.5806539058685303,0.7182358423868815,0.637978732585907,0.4029911994934082,0.7261655807495118,0.6431930065155029,0.6329171657562256,0.8716654459635417,0.10707617551088333,0.35910282135009763,0.8777578353881836,0.11344630271196365,0.6659018993377686,0.8995412826538086,0.01730950176715851,0.4129324436187744,0.9097362518310547,0.01862616464495659
pushup,0.47200918197631836,0.8191540400187175,0.08314382284879684,0.4680304050445557,0.8047894795735677,0.06169441342353821,0.4986146926879883,0.8041884104410807,0.018439682200551033,0.4517056465148926,0.7885875701904297,0.8782117366790771,0.5589410305023194,0.7903043111165364,0.26720312237739563,0.41205458641052245,0.8163682301839192,0.8744540810585022,0.5827569961547852,0.8127618789672851,0.8683924674987793,0.2930580139160156,0.8555484771728515,0.636725127696991,0.4168435573577881,0.8302947998046875,0.4852316379547119,0.28762474060058596,0.9742409388224283,0.35468658804893494,0.25403423309326173,1.0,0.235484316945076,0.472594690322876,0.825640869140625,0.14616161584854126,0.5925725936889649,0.8223593393961589,0.14807356894016266,0.4672689914703369,0.7836839040120442,0.04585921764373779,0.5703520774841309,0.7609874089558919,0.03504854813218117,0.5380605697631836,0.8831371943155925,0.015951918438076973,0.6012403011322022,0.8447840372721355,0.014809452928602695
pushup,0.4732393264770508,0.8606881459554037,0.012535495683550835,0.46243600845336913,0.8526769638061523,0.008735324256122112,0.5000901222229004,0.8503381093343099,0.0030185102950781584,0.43562726974487304,0.8304733276367188,0.7572709918022156,0.5577960968017578,0.8285042444864908,0.23177053034305573,0.38320150375366213,0.824573008219401,0.7935641407966614,0.5941052913665772,0.811840565999349,0.8426083922386169,0.2600900411605835,0.875072987874349,0.5840200781822205,0.48162198066711426,0.8372135162353516,0.522140622138977,0.2303403377532959,1.0,0.20058470964431763,0.3052243709564209,1.0,0.16303156316280365,0.4698937892913818,0.7248027165730794,0.1971181333065033,0.6133689880371094,0.7217257181803386,0.21903903782367706,0.5031569480895997,0.7938156127929688,0.051734961569309235,0.6167079925537109,0.7611426035563151,0.04468526691198349,0.619634485244751,0.88276793162028,0.009810058400034904,0.6815422058105469,0.8330213546752929,0.010175313800573349
pushup,0.5165974140167237,0.9084531148274739,0.011634308844804764,0.49849543571472166,0.9016212463378906,0.007082066033035517,0.5349246978759765,0.9030866622924805,0.012900060974061489,0.4314592361450195,0.9307273228963217,0.49577978253364563,0.5712321281433106,0.9387279510498047,0.6703794598579407,0.39199230670928953,1.0,0.47893720865249634,0.5840987205505371,1.0,0.34784749150276184,0.32083950042724607,0.9847259521484375,0.08308617025613785,0.6216905593872071,1.0,0.04188285395503044,0.3166934967041016,0.9698322296142579,0.03459887579083443,0.6483336448669433,1.0,0.019961798563599586,0.42021880149841306,1.0,0.026316653937101364,0.5538388729095459,1.0,0.01963190920650959,0.46991281509399413,0.9673182805379231,0.018705861642956734,0.5712711334228515,0.9299666086832682,0.013131637126207352,0.5645792484283447,1.0,0.016202468425035477,0.598555612564087,0.9359078725179036,0.012811272405087948
pushup,0.604118824005127,0.48235721588134767,0.02565881982445717,0.5953921794891357,0.45891939798990883,0.002342668827623129,0.6138170719146728,0.46763884226481117,0.012592719867825508,0.5277902126312256,0.49266700744628905,0.3009827733039856,0.6351498126983642,0.5164070765177409,0.8327271938323975,0.42177572250366213,0.6621305465698242,0.9343944191932678,0.6398416996002197,0.7175865809122721,0.9590429663658142,0.3186232089996338,0.7988792419433594,0.7116972804069519,0.7022331714630127,0.8794245402018229,0.7361576557159424,0.2581855058670044,0.8142815907796224,0.5641165375709534,0.6798292636871338,0.7137766520182292,0.5857765078544617,0.320977783203125,0.8649447123209636,0.41001537442207336,0.46671228408813475,0.8823094685872396,0.4084136188030243,0.33201501369476316,0.7576387405395508,0.12190073728561401,0.4903384208679199,0.7933581034342448,0.12006440758705139,0.3257894039154053,0.8201224644978841,0.022890854626893997,0.46455583572387693,0.8609446843465169,0.01911216229200363
pushup,0.5032370090484619,0.9741250991821289,0.0028903502970933914,0.4789112567901611,0.97503236134847,0.0007696130778640509,0.5330224990844726,0.9803994496663412,0.0015528085641562939,0.42453432083129883,0.9486506779988607,0.152753084897995,0.5899709701538086,0.9558205922444661,0.3752404451370239,0.373694920539856,0.8860759735107422,0.5718839168548584,0.6118356704711914,0.8813978830973307,0.7551849484443665,0.41763973236083984,0.8642929712931315,0.41592803597450256,0.6861831665039062,0.8457176844278972,0.6598962545394897,0.4614584445953369,0.7986848831176758,0.2959384620189667,0.6731173038482666,0.7078493118286133,0.38562580943107605,0.292828369140625,0.7543697357177734,0.31761497259140015,0.4656191349029541,0.7441582997639974,0.3844555616378784,0.2579523801803589,0.765115229288737,0.14998339116573334,0.4904603958129883,0.7417793909708659,0.194637730717659,0.3320483207702637,0.7905025482177734,0.04367522522807121,0.5650506019592285,0.7477194468180338,0.051253028213977814
pushup,0.49557743072509763,0.8180491129557291,0.0010683882283046842,0.4749782562255859,0.8180962880452474,0.00021133333211764693,0.5191984176635742,0.8233268737792969,0.00042281931382603943,0.4078957557678223,0.8186834971110026,0.15692076086997986,0.5535465717315674,0.8324476877848307,0.1874908208847046,0.34375729560852053,0.8029130935668946,0.6511975526809692,0.5886869430541992,0.8046382904052735,0.7205735445022583,0.28223066329956054,0.8692585627237955,0.6672233939170837,0.6550501346588135,0.8559678395589193,0.7404145002365112,0.29241213798522947,0.894830830891927,0.5387490391731262,0.7202445030212402,0.8580238978068034,0.5053229928016663,0.32994723320007324,0.7539796193440755,0.6818460822105408,0.4863294124603271,0.7434000015258789,0.7030985951423645,0.23333439826965333,0.8264690399169922,0.41319140791893005,0.39492292404174806,0.8099594116210938,0.37708353996276855,0.30174956321716306,0.9564478556315105,0.07635185867547989,0.41165337562561033,0.9213878631591796,0.06398224085569382
pushup,0.4908742904663086,0.7099183400472006,0.0036766603589057922,0.4771909236907959,0.702997334798177,0.000508287048432976,0.5068064212799073,0.7100770314534505,0.001176260644569993,0.4208658695220947,0.7095324198404948,0.19963179528713226,0.5341064453125,0.7259857177734375,0.29564589262008667,0.35441274642944337,0.7537284215291341,0.8947272300720215,0.5630968093872071,0.7578245798746744,0.9193025231361389,0.270406174659729,0.8828088124593099,0.7957707643508911,0.6331597328186035,0.8587650299072266,0.8346163034439087,0.2558696508407593,0.9117469787597656,0.5338460206985474,0.6970578670501709,0.8437759399414062,0.5301242470741272,0.34236512184143064,0.8612875620524089,0.7785628437995911,0.4890047550201416,0.8603224436442057,0.7874224185943604,0.25609915256500243,0.8527416229248047,0.37693342566490173,0.5142709255218506,0.851102066040039,0.36074021458625793,0.288916802406311,0.9794453303019206,0.058713458478450775,0.5930758476257324,0.965417226155599,0.051276858896017075
pushup,0.4613597869873047,0.7670295715332032,0.005074660759419203,0.4525486946105957,0.7592851003011067,0.0014031562022864819,0.4831709861755371,0.7635197957356771,0.0011316592572256923,0.4192859649658203,0.7602574030558268,0.3008405864238739,0.5265687942504883,0.7662975947062175,0.11370392143726349,0.3669858455657959,0.8017254511515299,0.7815772891044617,0.5607008934020996,0.7901381174723308,0.828515350818634,0.274527382850647,0.9184316635131836,0.6925988793373108,0.6230342388153076,0.8991362889607747,0.7493607401847839,0.29408199787139894,0.831874402364095,0.5737061500549316,0.6895766735076905,0.8686236699422201,0.5248839259147644,0.35555419921875,0.8765411376953125,0.6668983697891235,0.4825188636779785,0.8630617141723633,0.7000899314880371,0.23435378074645996,0.8663295110066732,0.3774622678756714,0.40223135948181155,0.8453062057495118,0.36829492449760437,0.312314510345459,0.932995096842448,0.09569975733757019,0.46452922821044923,0.9050424575805665,0.08922755718231201
pushup,0.4686995029449463,0.7651538848876953,0.007094352040439844,0.45708842277526857,0.7588648478190104,0.0020993652287870646,0.48195624351501465,0.7623338063557943,0.0017782984068617225,0.4386787414550781,0.7760161717732748,0.1523977816104889,0.5207343101501465,0.7819168726603191,0.12700679898262024,0.4189634323120117,0.8520465850830078,0.8206966519355774,0.5556303501129151,0.8391778945922852,0.8746541142463684,0.34330029487609864,0.9512825647989909,0.7292472124099731,0.6172098159790039,0.9347970326741536,0.8237830996513367,0.2765683650970459,0.8442345937093099,0.61482834815979,0.6775952339172363,0.8847688674926758,0.7048701047897339,0.4249284744262695,0.8835962931315104,0.8310906291007996,0.5201648712158203,0.8756110509236653,0.8643883466720581,0.36868820190429685,0.8333412170410156,0.5924429297447205,0.5394326210021972,0.8315200169881185,0.6657947897911072,0.36679065227508545,0.7966478983561198,0.304562509059906,0.552022647857666,0.7989664713541667,0.34292417764663696
pushup,0.46297707557678225,0.7731265385945638,0.009504269808530807,0.4532034873962402,0.7682495752970377,0.0029976589139550924,0.46982450485229493,0.7699420928955079,0.0024660080671310425,0.4385025978088379,0.7939833323160808,0.10780110955238342,0.4942771911621094,0.7974479039510091,0.1070432960987091,0.4177863121032715,0.8726220448811849,0.809550940990448,0.5302581310272216,0.8538970947265625,0.7942506670951843,0.34534387588500975,0.9661259969075521,0.7303616404533386,0.6144634246826172,0.9443202336629232,0.7193374633789062,0.27906007766723634,0.8539840698242187,0.6306450963020325,0.6782847881317139,0.8926230112711588,0.6304910778999329,0.41390171051025393,0.9005226771036784,0.8591089844703674,0.4931802272796631,0.8892493565877279,0.8587155938148499,0.37246344089508054,0.842913564046224,0.7188841700553894,0.5425277709960937,0.825010871887207,0.7379344701766968,0.3530587911605835,0.7979410807291667,0.5393902063369751,0.5585567951202393,0.7757120768229167,0.5500292181968689
pushup,0.4426421165466309,0.8238218943277995,0.007344036363065243,0.4333616256713867,0.8240421295166016,0.0030845527071505785,0.4593061447143555,0.8252510070800781,0.0024842587299644947,0.4171863555908203,0.8495204289754231,0.16638407111167908,0.4971910953521729,0.8496284484863281,0.10712910443544388,0.39751420021057127,0.9058748245239258,0.6383084058761597,0.5359146118164062,0.8873347600301107,0.7653444409370422,0.3382627010345459,0.9756131490071615,0.4883316457271576,0.6023799896240234,0.9498274485270183,0.6836944222450256,0.2917487382888794,0.8671305338541667,0.44114357233047485,0.6775074481964112,0.9064993540445964,0.5646604299545288,0.4147218704223633,0.8773981094360351,0.755332350730896,0.5016029834747314,0.867302131652832,0.8152443170547485,0.36199464797973635,0.817377217610677,0.7124108076095581,0.48110265731811525,0.8194257100423177,0.7826367020606995,0.39752118587493895,0.7426923116048177,0.6223676204681396,0.49828543663024905,0.7522099177042644,0.6707730293273926
pushup,0.4268688678741455,0.8977259318033854,0.0013212935300543904,0.4134518146514893,0.8969623565673828,0.0008208725485019386,0.4375009059906006,0.900746472676595,0.0005955835804343224,0.39369635581970214,0.9247800191243489,0.0753554031252861,0.4699423313140869,0.9330730438232422,0.051570456475019455,0.37511799335479734,0.9905953725179036,0.29161593317985535,0.5285802841186523,0.9506388346354167,0.36608001589775085,0.31893024444580076,1.0,0.21412348747253418,0.5816390991210938,0.9075023651123046,0.321795791387558,0.31175570487976073,0.8968050638834636,0.21646389365196228,0.5929610252380371,0.8568246841430665,0.31211143732070923,0.4085953712463379,0.8909112930297851,0.7869892120361328,0.5118252277374268,0.871588134765625,0.8339664936065674,0.3723172426223755,0.8374073664347331,0.8952519297599792,0.503713846206665,0.8153836568196614,0.926122784614563,0.41895551681518556,0.7038611729939779,0.9409473538398743,0.512458610534668,0.682603136698405,0.9535294771194458
pushup,0.46613297462463377,0.8893893559773763,0.004076110664755106,0.4539906978607178,0.8938753128051757,0.0021689001005142927,0.4732205867767334,0.8951942443847656,0.0018637798493728042,0.42929420471191404,0.931631342569987,0.05689777806401253,0.4891321659088135,0.9334526062011719,0.06716692447662354,0.39945952892303466,0.9808080673217774,0.3483768403530121,0.5342486381530762,0.9330861409505208,0.33410975337028503,0.3575886249542236,0.9842632293701172,0.29451537132263184,0.5617360591888427,0.8580910364786783,0.27266353368759155,0.3292398452758789,0.954815419514974,0.26535743474960327,0.558377742767334,0.8316493988037109,0.27830299735069275,0.42015275955200193,0.9105358123779297,0.7074854373931885,0.5100204467773437,0.8895701726277669,0.7076785564422607,0.3700131893157959,0.8100785573323568,0.8193191885948181,0.49453582763671877,0.7959437052408854,0.8149016499519348,0.41939535140991213,0.7073237737019856,0.8893900513648987,0.5226037979125977,0.6871629079182943,0.8839848637580872
pushup,0.4416740894317627,0.9080502827962239,0.0005597954732365906,0.4218312740325928,0.9000289281209309,0.00038413587026298046,0.4540879249572754,0.9084644317626953,0.0002572633675299585,0.39185175895690916,0.9147261301676433,0.05209183320403099,0.4939560413360596,0.9344961802164714,0.03473138064146042,0.36870651245117186,1.0,0.14913521707057953,0.5610710620880127,0.9555992762247721,0.171060711145401,0.3046052694320679,1.0,0.10359230637550354,0.5643154144287109,0.8815575281778971,0.136290043592453,0.3092234134674072,0.8939675649007162,0.11483823508024216,0.5411290168762207,0.8599000295003255,0.1570417433977127,0.41114349365234376,0.9224812189737955,0.6621638536453247,0.5442130088806152,0.9027266184488932,0.7160080075263977,0.36579222679138185,0.838598887125651,0.8985939621925354,0.5230254650115966,0.8242780685424804,0.9226293563842773,0.4329527378082275,0.7061798095703125,0.9656527638435364,0.5146030902862548,0.6920359293619792,0.9714303612709045
pushup,0.45914578437805176,0.7974009195963542,0.0034154995810240507,0.44805045127868653,0.7929376602172852,0.0015414138324558735,0.47379703521728517,0.7960979461669921,0.0012193727307021618,0.4300048828125,0.8254427591959635,0.11170592159032822,0.5126808643341064,0.831199836730957,0.07113499194383621,0.4070577621459961,0.9202831904093425,0.4080018103122711,0.5549558162689209,0.8883865356445313,0.5335755944252014,0.33017261028289796,0.9712405522664388,0.2944078743457794,0.6124019622802734,0.9069466272989909,0.4833425283432007,0.29142520427703855,0.8610811233520508,0.32799944281578064,0.6816837310791015,0.8922966003417969,0.45229312777519226,0.419143009185791,0.8770111083984375,0.5897353291511536,0.5139678478240967,0.8618043263753256,0.6754467487335205,0.3768176555633545,0.7828737258911133,0.7084440588951111,0.48991918563842773,0.7758403142293294,0.7825148701667786,0.4321589469909668,0.7377302805582683,0.7292336821556091,0.49530730247497556,0.741718610127767,0.7730891704559326
pushup,0.458780574798584,0.7635795593261718,0.003001924604177475,0.44602575302124026,0.7577330271402994,0.0007453958387486637,0.477782154083252,0.76218687693278,0.0009157655294984579,0.40686211585998533,0.7784193674723308,0.3033340275287628,0.522286319732666,0.788873291015625,0.22194086015224457,0.3581382751464844,0.8441729227701823,0.7708625793457031,0.5605486392974853,0.8346092224121093,0.8919692039489746,0.27425925731658934,0.9288058598836263,0.5755704045295715,0.6322560787200928,0.8991913477579753,0.8076004981994629,0.3169417858123779,0.8663869857788086,0.43518736958503723,0.6928033351898193,0.8653457005818684,0.5482069253921509,0.35487937927246094,0.8842251459757487,0.6080244183540344,0.4945194721221924,0.8725928624471029,0.699752688407898,0.27045354843139646,0.8698041280110677,0.2736840546131134,0.44945392608642576,0.8251705169677734,0.32230326533317566,0.3420461416244507,0.9201024373372396,0.07294119894504547,0.5136865139007568,0.850003433227539,0.08370447158813477
pushup,0.4916069507598877,0.9016554514567058,0.0026502497494220734,0.4680469036102295,0.9028574625651041,0.0005776156322099268,0.5188375473022461,0.912081782023112,0.00175034673884511,0.41302194595336916,0.8999675114949545,0.09711535274982452,0.5697164058685302,0.9206867853800456,0.24539220333099365,0.37056307792663573,0.8520856221516927,0.3152207136154175,0.6017545223236084,0.8652855555216471,0.5547521710395813,0.45917320251464844,0.8093803405761719,0.2436341941356659,0.6581938743591309,0.8378243764241536,0.6125267744064331,0.5972476959228515,0.8408611297607422,0.24371302127838135,0.7145198345184326,0.8317449569702149,0.3798395097255707,0.29049181938171387,0.7482279459635417,0.43249833583831787,0.4486838817596436,0.7422136942545573,0.534068763256073,0.22679202556610106,0.7960745493570963,0.39354926347732544,0.39698162078857424,0.7990515391031902,0.48452165722846985,0.27071657180786135,0.945999018351237,0.15941789746284485,0.37650532722473146,0.9328080495198567,0.1778947114944458
pushup,0.47662887573242185,0.9229025522867839,0.01675700955092907,0.46801280975341797,0.9173130035400391,0.022393517196178436,0.5099106788635254,0.9213374455769857,0.006262506358325481,0.4406324863433838,0.9380502700805664,0.8886107206344604,0.5877840995788575,0.9442349751790364,0.337115615606308,0.38709321022033694,0.990489133199056,0.6537089943885803,0.6143470764160156,0.999110221862793,0.5165492296218872,0.2702049970626831,0.9609240214029948,0.18995405733585358,0.549193286895752,0.9740346908569336,0.06587870419025421,0.251336669921875,1.0,0.06592785567045212,0.4650586128234863,1.0,0.022905811667442322,0.37238645553588867,0.951618766784668,0.03822345659136772,0.5299769401550293,0.9454502105712891,0.02861802466213703,0.3272690773010254,0.8892867406209309,0.026432691141963005,0.46441650390625,0.868905766805013,0.01639026589691639,0.41768574714660645,0.944598897298177,0.01738043501973152,0.5070344924926757,0.9106171925862631,0.013049469329416752
pushup,0.4562052249908447,0.8398463567097981,0.01572035253047943,0.44823179244995115,0.825952657063802,0.005260922014713287,0.47612318992614744,0.8272255579630534,0.007152345031499863,0.4066950798034668,0.7840396881103515,0.2290620058774948,0.49560093879699707,0.7916269938151042,0.1427309215068817,0.36744704246521,0.7871728897094726,0.5784992575645447,0.4648904800415039,0.7874965667724609,0.642554759979248,0.22019596099853517,0.8673459370930989,0.4940894842147827,0.284891152381897,0.8348480224609375,0.3985394537448883,0.22928929328918457,0.9811503092447916,0.19655127823352814,0.2373711109161377,0.9940774281819661,0.14139287173748016,0.45948057174682616,0.8343635559082031,0.14663830399513245,0.5302953720092773,0.8443693161010742,0.14371539652347565,0.45351858139038087,0.8563417434692383,0.022758984938263893,0.5214938163757324,0.8364320755004883,0.014276128262281418,0.5880331993103027,0.885033925374349,0.0061738439835608006,0.6254052639007568,0.8238170623779297,0.004712054040282965
pushup,0.4798841953277588,0.8494241078694661,0.13343378901481628,0.4837961196899414,0.8363082249959309,0.05421043559908867,0.48024845123291016,0.8353767395019531,0.10382216423749924,0.48992033004760743,0.77289244333903,0.06535603851079941,0.47234177589416504,0.7707115809122721,0.16945986449718475,0.48828673362731934,0.7343602498372396,0.29463547468185425,0.4026327610015869,0.7050108591715495,0.6732924580574036,0.3752988576889038,0.8658318201700846,0.33443784713745117,0.24774363040924072,0.8140133539835612,0.6667178273200989,0.35331087112426757,0.9736541748046875,0.27342602610588074,0.275449275970459,1.0,0.4952751398086548,0.48323779106140136,0.7538597106933593,0.20457468926906586,0.4296878814697266,0.7470466613769531,0.31876397132873535,0.4519317626953125,0.883251698811849,0.04714001715183258,0.4010354995727539,0.8401662826538085,0.05994374305009842,0.5122360706329345,0.9189409891764323,0.016894396394491196,0.47657928466796873,0.835376485188802,0.02092987857758999
pushup,0.5135544776916504,0.8054050445556641,0.5327624678611755,0.5237291812896728,0.7825658162434895,0.2612552344799042,0.49273004531860354,0.7857781728108724,0.39100050926208496,0.5446642398834228,0.6941310882568359,0.06583350896835327,0.44669222831726074,0.7030722300211588,0.2425331026315689,0.6199575901031494,0.6297899881998698,0.7347199320793152,0.351514196395874,0.650193468729655,0.769577145576477,0.7248925685882568,0.7740168253580729,0.773527979850769,0.26590785980224607,0.8216119766235351,0.7450117468833923,0.7151595115661621,0.927733039855957,0.7463478446006775,0.2779883623123169,1.0,0.7005296945571899,0.5851152420043946,0.7211857477823893,0.45171165466308594,0.4236856460571289,0.7372925440470378,0.4184151589870453,0.6226506233215332,0.819209098815918,0.06985731422901154,0.44282894134521483,0.8165673573811849,0.05962567776441574,0.6559630870819092,0.8851114273071289,0.014205120503902435,0.5686428070068359,0.8568202972412109,0.013236348517239094
pushup,0.4990552425384521,0.7818525950113933,0.8179910778999329,0.5194182872772217,0.7526247660319011,0.6430456638336182,0.4734303951263428,0.7527179718017578,0.6768507361412048,0.5538344383239746,0.6666696548461915,0.20962564647197723,0.4278841018676758,0.6704374313354492,0.2821963429450989,0.6252863883972168,0.6174236297607422,0.8363735675811768,0.34811623096466066,0.6359625498453776,0.8521883487701416,0.711574125289917,0.7817512512207031,0.8272116184234619,0.2720937252044678,0.8277677536010742,0.8131282925605774,0.6860078811645508,0.9139153162638346,0.8409128785133362,0.2641088247299194,1.0,0.8029931783676147,0.5760138511657715,0.7403870264689127,0.5615279078483582,0.4029045104980469,0.7512643814086915,0.5393589735031128,0.6233710289001465,0.8004245122273763,0.13720881938934326,0.39496583938598634,0.7983022689819336,0.12757283449172974,0.6305004596710205,0.8809816996256511,0.036351434886455536,0.47658677101135255,0.8750825881958008,0.035800475627183914
pushup,0.5020275115966797,0.7573035558064779,0.7764397263526917,0.521699857711792,0.7264462153116862,0.5462678670883179,0.476452112197876,0.7272902170817057,0.5869795083999634,0.5551049709320068,0.6371954600016276,0.1487359255552292,0.4312326431274414,0.6425179799397787,0.1980430781841278,0.6237800121307373,0.5920619328816732,0.8120455741882324,0.3545778036117554,0.609509531656901,0.8400794267654419,0.7003087043762207,0.7972590764363606,0.871349573135376,0.29056296348571775,0.8318147659301758,0.8722931742668152,0.6960224151611328,0.9762626012166341,0.8607150316238403,0.2704131603240967,1.0,0.8420841097831726,0.5758901596069336,0.7179012934366862,0.7004243731498718,0.3995670795440674,0.7275421778361003,0.6900733709335327,0.6304760932922363,0.8310017267862956,0.16803035140037537,0.3467087268829346,0.8338869730631511,0.1595214456319809,0.659783411026001,0.9210710525512695,0.030840950086712837,0.3914464235305786,0.9260740915934245,0.029974685981869698
pushup,0.48729352951049804,0.7632964452107748,0.804942786693573,0.5064425945281983,0.734844462076823,0.5970263481140137,0.4636579990386963,0.7355201085408528,0.5857150554656982,0.5430708885192871,0.6405964533487956,0.17650672793388367,0.42793846130371094,0.6451334635416667,0.16315053403377533,0.6037872314453125,0.6055197397867839,0.8226740956306458,0.36155996322631834,0.6081659317016601,0.8261945843696594,0.6666839122772217,0.8334665934244792,0.8780755400657654,0.2999880313873291,0.8368583043416341,0.8606714010238647,0.7027923583984375,0.9855889638264974,0.8516643047332764,0.2598288536071777,1.0,0.8172402381896973,0.5496331214904785,0.7738472620646158,0.624334990978241,0.39165828227996824,0.7780394872029622,0.6003392934799194,0.5940439224243164,0.8860455195109049,0.09493938088417053,0.35035722255706786,0.8869673411051432,0.08758094161748886,0.6194067001342773,0.9402002970377604,0.014708975329995155,0.38419351577758787,0.9510692596435547,0.013868146575987339
pushup,0.4785951614379883,0.7505807876586914,0.8160338997840881,0.5024594306945801,0.724002456665039,0.6349825263023376,0.45804595947265625,0.7179681142171224,0.5547938942909241,0.546329116821289,0.636024284362793,0.22201809287071228,0.4286338329315186,0.6247931162516276,0.12570881843566895,0.6059829711914062,0.6085725784301758,0.8142583966255188,0.3605240821838379,0.6002272923787435,0.8315023183822632,0.6581514358520508,0.8371590296427409,0.8754996061325073,0.30141305923461914,0.8365377426147461,0.8754989504814148,0.7001530647277832,0.9901350657145183,0.8565773963928223,0.265374755859375,1.0,0.838557243347168,0.5569839477539062,0.8176368713378906,0.5725079774856567,0.39532883167266847,0.8162378946940104,0.5640951991081238,0.6118782043457032,0.8821924845377604,0.07545816153287888,0.35092453956604003,0.8702959696451823,0.07603637874126434,0.6150965690612793,0.9522923151652019,0.012855224311351776,0.37827444076538086,0.9554335276285807,0.013139511458575726
pushup,0.48360958099365237,0.7573579152425131,0.9378343224525452,0.5054962158203125,0.7280182520548503,0.8623319268226624,0.4609996795654297,0.7258250554402669,0.8441764116287231,0.5466523170471191,0.6447655359903971,0.3927256762981415,0.4289421081542969,0.6442995071411133,0.294935941696167,0.6000450134277344,0.610868263244629,0.917477011680603,0.37195463180541993,0.6116495768229167,0.9223588109016418,0.6653449535369873,0.8248634974161784,0.9096376299858093,0.30900886058807375,0.8348691304524739,0.9126998782157898,0.6941590309143066,0.9802156448364258,0.8741820454597473,0.26908729076385496,1.0,0.8565185070037842,0.53642578125,0.6952602386474609,0.829761803150177,0.3844946622848511,0.6950023015340169,0.8201450705528259,0.6072324275970459,0.8689896901448567,0.2782471477985382,0.34189093112945557,0.8622085571289062,0.27687495946884155,0.6233194828033447,0.9603747685750326,0.04227282106876373,0.33125481605529783,0.965739885965983,0.04263416677713394
pushup,0.478549861907959,0.7548253377278645,0.9270610213279724,0.501354455947876,0.7249724706013997,0.8509827852249146,0.45652036666870116,0.722319221496582,0.8011662364006042,0.546865701675415,0.63956298828125,0.3993881046772003,0.426744270324707,0.6380428314208985,0.23211894929409027,0.606876802444458,0.6054540634155273,0.9117880463600159,0.3655924081802368,0.6074244181315104,0.9106470942497253,0.6701450347900391,0.8313212076822917,0.9116315841674805,0.30131874084472654,0.8460638682047527,0.9053200483322144,0.6968539714813232,0.9925016403198242,0.8762525320053101,0.2718818187713623,1.0,0.8504347801208496,0.547287130355835,0.7036724726359049,0.814800500869751,0.38589370250701904,0.7040433883666992,0.7987866997718811,0.6259119987487793,0.8672616958618165,0.2514423429965973,0.3403014659881592,0.8579768498738607,0.2452884465456009,0.6407317161560059,0.9658334096272786,0.037076737731695175,0.33420162200927733,0.9669212341308594,0.0371558703482151
pushup,0.4849251270294189,0.7631207148234049,0.9533494710922241,0.5048942565917969,0.7327704111735026,0.9082247614860535,0.4614575862884521,0.7337855021158854,0.8755617141723633,0.5451862812042236,0.6480112075805664,0.4960641860961914,0.4284659862518311,0.6556981404622396,0.32156607508659363,0.6029258251190186,0.6091264088948568,0.9436042904853821,0.3721971273422241,0.620245361328125,0.9309340715408325,0.6747291564941407,0.8238728205362956,0.929151177406311,0.299808931350708,0.8498263676961263,0.9001960158348083,0.6904397010803223,0.9877856572469076,0.8895666599273682,0.2691116094589233,1.0,0.8337651491165161,0.5400400638580323,0.6547667185465494,0.8741024136543274,0.38656959533691404,0.6581517537434896,0.8473014235496521,0.6044840812683105,0.8629393259684245,0.3901899456977844,0.33709824085235596,0.8602470397949219,0.34582802653312683,0.6283725261688232,0.970950698852539,0.0614510141313076,0.32869677543640136,0.971484375,0.055651549249887466
pushup,0.47954726219177246,0.7713174819946289,0.9515315294265747,0.5062195301055908,0.7400641123453776,0.8916240930557251,0.4549118518829346,0.7339085896809896,0.8867032527923584,0.5541345119476319,0.6514299392700196,0.4325990676879883,0.4209445476531982,0.6423089345296223,0.3669375479221344,0.6088508129119873,0.609735616048177,0.9195380210876465,0.3577475070953369,0.6060791015625,0.9339061975479126,0.6723574638366699,0.8261957168579102,0.8791038990020752,0.29118683338165285,0.8420468012491862,0.9098325371742249,0.703355073928833,0.9923497517903646,0.8424170613288879,0.2766959428787231,1.0,0.8593800663948059,0.5419760704040527,0.6975864410400391,0.777899980545044,0.3794904947280884,0.6961747487386067,0.7870471477508545,0.6165706634521484,0.8670913060506185,0.25436803698539734,0.36223430633544923,0.8496503194173177,0.2735406160354614,0.6054311752319336,0.9571697235107421,0.04511266201734543,0.3683974266052246,0.948147201538086,0.048626966774463654
pushup,0.48537259101867675,0.7679817199707031,0.9679356813430786,0.5094994068145752,0.736926778157552,0.9235803484916687,0.4600630760192871,0.7337196350097657,0.9329690933227539,0.5523465633392334,0.6546659469604492,0.4938570261001587,0.4241334438323975,0.6515906016031902,0.5132371187210083,0.6079557418823243,0.6237525304158529,0.9419654011726379,0.3601266622543335,0.620022201538086,0.9529115557670593,0.6780081748962402,0.8377600351969401,0.8860532641410828,0.29255995750427244,0.8440321604410808,0.9160475134849548,0.7049898147583008,0.9998749415079753,0.8293371200561523,0.2859126329421997,1.0,0.8516531586647034,0.5419088363647461,0.7006805419921875,0.7918310761451721,0.3805086135864258,0.6998429616292318,0.8007069826126099,0.6179076194763183,0.875205930074056,0.24371452629566193,0.3595533609390259,0.8586190541585287,0.26054254174232483,0.6256202697753906,0.9582127888997396,0.04167718440294266,0.37148213386535645,0.9440118153889974,0.0444083996117115
pushup,0.489941930770874,0.7602369308471679,0.9720688462257385,0.5125586986541748,0.7263487497965495,0.9389994740486145,0.4632131576538086,0.7283330281575521,0.9377486705780029,0.5540337562561035,0.6458198547363281,0.5343596935272217,0.4263889789581299,0.6546552022298177,0.4986954629421234,0.6091464996337891,0.6160415649414063,0.946031391620636,0.3710750102996826,0.6276383717854818,0.9552556276321411,0.6758964538574219,0.821008809407552,0.9035088419914246,0.29716346263885496,0.8449317296346028,0.9169159531593323,0.6956188678741455,0.9853234608968099,0.8564602136611938,0.27063846588134766,1.0,0.8502305746078491,0.5452619552612304,0.6770833333333334,0.8358433842658997,0.38831870555877684,0.6818945566813152,0.8335158228874207,0.6057324409484863,0.8700600306193034,0.2903551757335663,0.3429410457611084,0.8692206700642904,0.29444172978401184,0.6291051387786866,0.9551427205403645,0.045401886105537415,0.3392383575439453,0.957235590616862,0.0466390997171402
pushup,0.4902085304260254,0.7388503392537434,0.9769561886787415,0.5129390239715577,0.7079354604085286,0.9390179514884949,0.4653219699859619,0.7066666920979817,0.9490537047386169,0.5504669189453125,0.6291966120402018,0.48847121000289917,0.4275012969970703,0.6298006693522136,0.5479601621627808,0.6031905174255371,0.6089975357055664,0.9502076506614685,0.3637648344039917,0.6137454986572266,0.9584276080131531,0.6760547161102295,0.8230505625406901,0.9103204011917114,0.30095844268798827,0.8402595520019531,0.9239927530288696,0.6997728824615479,0.978190549214681,0.8643576502799988,0.27250304222106936,1.0,0.8594065308570862,0.5329989433288574,0.725636609395345,0.8074590563774109,0.3743425369262695,0.7281471888224283,0.8034792542457581,0.6013751029968262,0.8757936477661132,0.21526432037353516,0.32968640327453613,0.8746091206868489,0.2204781472682953,0.6188808917999268,0.9612963994344076,0.03183244541287422,0.3285181999206543,0.9705715179443359,0.03223486244678497
pushup,0.48470258712768555,0.7147555033365885,0.9784255623817444,0.5059019565582276,0.6879662195841472,0.9369457960128784,0.4632905960083008,0.6847098032633464,0.9430104494094849,0.5412033557891845,0.6095309575398763,0.4583764374256134,0.43010635375976564,0.6042812983194987,0.4844253659248352,0.5988023757934571,0.601436996459961,0.9423752427101135,0.3609050989151001,0.598387082417806,0.954981803894043,0.6621591567993164,0.8304142634073893,0.9201234579086304,0.30308899879455564,0.8301973342895508,0.9343360066413879,0.7059614658355713,0.9909339269002279,0.8712775707244873,0.26526832580566406,1.0,0.8754756450653076,0.5557785987854004,0.8109395980834961,0.7180272936820984,0.3923330783843994,0.8131005605061848,0.7230217456817627,0.6419951915740967,0.868304189046224,0.11094117164611816,0.32716078758239747,0.8608026504516602,0.1162424311041832,0.6861819267272949,0.9602578481038412,0.018545839935541153,0.3427648782730103,0.9628533045450847,0.019197477027773857
pushup,0.4880188465118408,0.6842687606811524,0.9726530313491821,0.5105329036712647,0.6574073791503906,0.9065743088722229,0.46610054969787595,0.6514435450236002,0.9150553345680237,0.5460734367370605,0.5718507766723633,0.37220317125320435,0.4316338062286377,0.5609464009602865,0.40156370401382446,0.6050637245178223,0.5851099650065105,0.9384263157844543,0.35647244453430177,0.5773107528686523,0.9351539015769958,0.6620844841003418,0.8366214752197265,0.9113598465919495,0.30730276107788085,0.834054692586263,0.9026588201522827,0.7093640327453613,0.9974835713704427,0.8708471059799194,0.27723102569580077,1.0,0.8548817038536072,0.5477298736572266,0.9269896825154622,0.4935181438922882,0.3834632158279419,0.9254284540812174,0.47644516825675964,0.6033228397369385,0.908343760172526,0.03723367676138878,0.33934435844421384,0.8878768920898438,0.03465442731976509,0.6071698188781738,0.9608332316080729,0.007627393584698439,0.3832902431488037,0.9429979960123698,0.007095400709658861
pushup,0.4820152759552002,0.6381134033203125,0.9941199421882629,0.50840744972229,0.6049884160359701,0.9821120500564575,0.45601491928100585,0.6014316558837891,0.9847034811973572,0.545930814743042,0.5500272750854492,0.7172533869743347,0.41761202812194825,0.5437065124511719,0.7479561567306519,0.5959924697875977,0.5920905431111654,0.983717679977417,0.3590260028839111,0.5960222244262695,0.9832586050033569,0.6598370552062989,0.8261318206787109,0.9406026005744934,0.30579304695129395,0.8414689381917317,0.9394052624702454,0.7098683834075927,0.9908639907836914,0.8629764318466187,0.2747488021850586,1.0,0.8571493029594421,0.5523013591766357,0.8682759602864584,0.7770909070968628,0.391838812828064,0.8729105631510417,0.7685462832450867,0.625666618347168,0.9359773635864258,0.0861763283610344,0.34665014743804934,0.9243415196736654,0.0831996351480484,0.6479641914367675,0.9583410898844401,0.012756532989442348,0.36521196365356445,0.9422002156575521,0.012217830866575241
pushup,0.47562351226806643,0.6196338653564453,0.9930132031440735,0.5033595561981201,0.5825759887695312,0.9826667904853821,0.4480020046234131,0.5817890167236328,0.9826940894126892,0.5432928085327149,0.5404652277628581,0.7953347563743591,0.4114260673522949,0.5387960433959961,0.7773504853248596,0.5899899005889893,0.5945964177449544,0.9881343245506287,0.35931622982025146,0.6015338261922201,0.9871917963027954,0.650187873840332,0.8257787704467774,0.9296782612800598,0.3052316904067993,0.8411490758260091,0.9200374484062195,0.6931299686431884,0.9920999526977539,0.7850286960601807,0.293536376953125,0.9997042973836263,0.7738912105560303,0.5546661376953125,0.8223574320475261,0.798387348651886,0.40119352340698244,0.8313148498535157,0.7859282493591309,0.6217232704162597,0.9181012471516927,0.10926144570112228,0.373514461517334,0.9171714782714844,0.1052086278796196,0.6458909034729003,0.9323135375976562,0.017342260107398033,0.40303606986999513,0.9277929941813151,0.016634421423077583
pushup,0.4697112560272217,0.6127997080485026,0.9932505488395691,0.49805440902709963,0.5760414123535156,0.9824351668357849,0.44275383949279784,0.5750380198160807,0.9831259846687317,0.5393486976623535,0.5346167882283529,0.7781384587287903,0.40599403381347654,0.5331791559855144,0.7547145485877991,0.5874595642089844,0.5906319936116536,0.9844546318054199,0.35668096542358396,0.602221425374349,0.9845426082611084,0.6543623447418213,0.8140061696370443,0.9289063811302185,0.30307912826538086,0.8421426137288411,0.9307646751403809,0.7098481178283691,0.9872745513916016,0.8350681066513062,0.2743441343307495,1.0,0.8300731182098389,0.5427289009094238,0.8241883595784505,0.7668130993843079,0.3886601448059082,0.8314078013102214,0.7646161913871765,0.6010431289672852,0.9246674219767252,0.08462053537368774,0.3504498958587646,0.9142836252848308,0.0840534195303917,0.6282615661621094,0.9190832773844401,0.01269578281790018,0.37600245475769045,0.8976144790649414,0.012571564875543118
pushup,0.4664585113525391,0.6084215799967448,0.993751585483551,0.4933342933654785,0.5705039342244466,0.9821842908859253,0.4387203216552734,0.5719399770100911,0.9850748777389526,0.5339470386505127,0.5287518819173177,0.7544299960136414,0.4014470100402832,0.5327717781066894,0.7673025727272034,0.5820850849151611,0.5880200703938802,0.9839099645614624,0.35792055130004885,0.598702875773112,0.9859870076179504,0.6535228729248047,0.8257832209269206,0.92535001039505,0.3021467924118042,0.839954694112142,0.9411762356758118,0.7100661277770997,0.9976765950520833,0.832903265953064,0.26543760299682617,1.0,0.854483425617218,0.5423475742340088,0.7998362859090169,0.7922915816307068,0.39242737293243407,0.8082248051961263,0.8048258423805237,0.6020981788635253,0.9128609339396159,0.11529877781867981,0.3563807487487793,0.9126117706298829,0.12446989864110947,0.638009786605835,0.9231890360514323,0.01678789034485817,0.3753784656524658,0.9183131535847981,0.017574330791831017
pushup,0.4660669803619385,0.6010011037190756,0.9936645030975342,0.49285478591918946,0.5623970667521159,0.9809711575508118,0.4376847267150879,0.5637827555338542,0.9851987957954407,0.5319012641906739,0.5210744857788085,0.7300339341163635,0.3972794771194458,0.5255160649617513,0.7773346304893494,0.5783629417419434,0.57999693552653,0.9840457439422607,0.35312423706054685,0.5979738235473633,0.9852762818336487,0.6522138118743896,0.8088428497314453,0.9253152012825012,0.30174756050109863,0.8402790069580078,0.9362722635269165,0.6991829872131348,0.9982220331827799,0.8391753435134888,0.26941609382629395,1.0,0.8527176976203918,0.5343351840972901,0.7973201751708985,0.7921525835990906,0.38491551876068114,0.8079579671223959,0.7985154986381531,0.5895116806030274,0.9133623758951823,0.12021231651306152,0.354781174659729,0.915728759765625,0.12509115040302277,0.6123817443847657,0.9270453135172526,0.017614025622606277,0.3731074810028076,0.9218009948730469,0.017813364043831825
pushup,0.464542293548584,0.5967348098754883,0.9938160181045532,0.4911658763885498,0.5575742721557617,0.9816612005233765,0.4354839324951172,0.5603062947591145,0.9857920408248901,0.5316377639770508,0.5172554651896158,0.7524899840354919,0.39681410789489746,0.524636713663737,0.7861827611923218,0.5836112022399902,0.58663330078125,0.9828152060508728,0.3539295196533203,0.6013156255086263,0.9872937202453613,0.646545696258545,0.8273953755696615,0.9107736945152283,0.2985621213912964,0.8452190399169922,0.9411904215812683,0.690913200378418,1.0,0.8022118806838989,0.2607060432434082,1.0,0.849420428276062,0.54701828956604,0.8327180862426757,0.744803249835968,0.3940044641494751,0.8410928090413411,0.7757623791694641,0.5962370872497559,0.9317227045694987,0.083622045814991,0.3549090623855591,0.9234307607014974,0.0955679714679718,0.6298103332519531,0.9333038330078125,0.012872367165982723,0.38482046127319336,0.9112001419067383,0.014126391150057316
pushup,0.46271843910217286,0.5917902628580729,0.9930358529090881,0.4899307727813721,0.5522730509440105,0.9835630655288696,0.43495926856994627,0.5551325480143229,0.9807292819023132,0.5313427448272705,0.5182925224304199,0.8353124856948853,0.4002826690673828,0.5243858337402344,0.7515437602996826,0.5816367149353028,0.5913372039794922,0.9909492135047913,0.3536858081817627,0.6011910756429036,0.9875323176383972,0.6452327728271484,0.8329381306966146,0.9379064440727234,0.30122990608215333,0.8412485758463542,0.9098268151283264,0.6775051593780518,0.9966609954833985,0.7986937761306763,0.2852059602737427,1.0,0.7471297383308411,0.5386835098266601,0.8077675501505533,0.8162308931350708,0.3887910842895508,0.8159191767374675,0.7910555005073547,0.5882235527038574,0.9183050791422526,0.12594997882843018,0.3578194618225098,0.9190435409545898,0.11112628132104874,0.6177513599395752,0.9423921585083008,0.017211267724633217,0.3907920837402344,0.9395229339599609,0.01546345092356205
pushup,0.4651477336883545,0.5797765731811524,0.9927444458007812,0.4922351837158203,0.5413413365681966,0.9827256202697754,0.43839073181152344,0.5438547770182292,0.9815287590026855,0.5353000164031982,0.5141820907592773,0.8311476707458496,0.40459141731262205,0.5211545308430989,0.7460067272186279,0.5867963790893554,0.5918854395548503,0.9873892068862915,0.3636715173721313,0.603239631652832,0.987417459487915,0.6549859046936035,0.8282471974690755,0.9274517297744751,0.3053901195526123,0.8396385828653972,0.9345468282699585,0.690421724319458,1.0,0.8276285529136658,0.2671509265899658,1.0,0.8309547901153564,0.5344915866851807,0.767503039042155,0.815879762172699,0.38799262046813965,0.771695073445638,0.8216102123260498,0.5825047969818116,0.8924907048543295,0.1474582999944687,0.3542536735534668,0.8812355041503906,0.15323348343372345,0.6082266807556153,0.9067846298217773,0.021867306903004646,0.3713111877441406,0.8855788548787434,0.022650113329291344
pushup,0.4694206237792969,0.5752854665120443,0.9932031631469727,0.4988093852996826,0.5349781672159831,0.9844724535942078,0.4413465023040771,0.5362170537312826,0.9803280234336853,0.5410569667816162,0.5128698666890462,0.8600402474403381,0.40573272705078123,0.5151603062947591,0.7600264549255371,0.5859584808349609,0.595071283976237,0.9929760694503784,0.35920186042785646,0.606761614481608,0.9894089698791504,0.6500328540802002,0.8230889638264974,0.9475657343864441,0.30293984413146974,0.8425142288208007,0.9135792255401611,0.6849499702453613,0.9884680430094401,0.8131201863288879,0.2818220853805542,0.9962223688761394,0.7436332106590271,0.5318305492401123,0.804340934753418,0.8640483021736145,0.38340144157409667,0.8111409505208333,0.8357669711112976,0.5759071350097656,0.9201539993286133,0.16071303188800812,0.3489052772521973,0.9189230600992838,0.13677451014518738,0.5857037544250489,0.94388853708903,0.020561635494232178,0.3642378568649292,0.9382648468017578,0.0178378913551569
pushup,0.47474088668823244,0.5716691335042318,0.9932089447975159,0.5020129203796386,0.5343087514241537,0.9820836782455444,0.44774155616760253,0.5346721013387045,0.9833367466926575,0.540756368637085,0.5095563888549804,0.8097730278968811,0.4101919174194336,0.5114843368530273,0.784657895565033,0.5889178276062011,0.5912949879964192,0.9883838891983032,0.3643007755279541,0.6063690185546875,0.9888917803764343,0.6584501266479492,0.8215471267700195,0.9345393180847168,0.30598089694976804,0.8476615905761719,0.9400908350944519,0.6998878955841065,0.9961813608805339,0.8297638297080994,0.2649464845657349,1.0,0.8347804546356201,0.5414764881134033,0.8093364715576172,0.82829749584198,0.3930544376373291,0.8162722905476888,0.8318173289299011,0.5892906665802002,0.9254053751627604,0.11852698773145676,0.3532037496566772,0.9193152109781901,0.12140939384698868,0.6050326347351074,0.9158166885375977,0.01593271642923355,0.3645626544952393,0.8998041788736979,0.016008764505386353
pushup,0.47536649703979494,0.5711092631022135,0.9931348562240601,0.5031713008880615,0.5336479822794596,0.9823364615440369,0.4486659526824951,0.5340238571166992,0.9835860729217529,0.5428982257843018,0.5089260737101237,0.8131422400474548,0.4120456695556641,0.5103012720743815,0.7834395170211792,0.5908928871154785,0.5904609044392903,0.9877596497535706,0.36667237281799314,0.6014776229858398,0.9888759255409241,0.6616312980651855,0.8294483184814453,0.9302983283996582,0.30791287422180175,0.8439368565877279,0.940559983253479,0.7070308685302734,1.0,0.8169050216674805,0.26350500583648684,1.0,0.8314166069030762,0.54659423828125,0.7949864069620768,0.8271408081054688,0.39800961017608644,0.8016005833943685,0.8352546095848083,0.6008768558502198,0.9212629954020183,0.12146484106779099,0.36106157302856445,0.9171396255493164,0.1291045844554901,0.6297867774963379,0.907451311747233,0.01663414016366005,0.37679662704467776,0.897381337483724,0.017259106040000916
pushup,0.47581000328063966,0.5709652582804362,0.9934741854667664,0.5041166305541992,0.5325965245564779,0.9832677245140076,0.448604154586792,0.5326111475626628,0.9834017753601074,0.5429651260375976,0.5102269490559895,0.8300057053565979,0.4113664150238037,0.5093875885009765,0.7993659377098083,0.5897457599639893,0.5941575368245443,0.991201639175415,0.36249217987060545,0.6034957885742187,0.9905315041542053,0.655916976928711,0.8321779886881511,0.9285706877708435,0.3070594310760498,0.8458926518758138,0.9210842251777649,0.6901500701904297,1.0,0.758906900882721,0.28108854293823243,0.9970503489176432,0.7504785060882568,0.5472002029418945,0.8138774871826172,0.8035653829574585,0.39785218238830566,0.8204137166341146,0.7949932217597961,0.5918575286865234,0.8998142878214518,0.11833952367305756,0.357187294960022,0.8966281890869141,0.11487847566604614,0.6074045181274415,0.9141874313354492,0.018535055220127106,0.3822452545166016,0.9054314295450846,0.017855267971754074
pushup,0.47612957954406737,0.5706546147664388,0.9930868744850159,0.5038053512573242,0.5331176122029623,0.9832251071929932,0.44894938468933104,0.5329983393351237,0.9820076823234558,0.5427597045898438,0.5101538976033528,0.8284335732460022,0.41132149696350095,0.5108773231506347,0.7705249190330505,0.5911935806274414,0.5908641815185547,0.9898555278778076,0.3656639337539673,0.6067254384358723,0.9885649085044861,0.657835054397583,0.8162620544433594,0.9472441673278809,0.30458774566650393,0.844570541381836,0.9387593269348145,0.7014548301696777,0.9921234766642253,0.8471363186836243,0.2631620645523071,1.0,0.8270013332366943,0.5543684959411621,0.8074940363566081,0.8682859539985657,0.4038989543914795,0.8163120905558269,0.8600879311561584,0.610252857208252,0.9436349232991537,0.13579566776752472,0.36013131141662597,0.9401954015096029,0.1276700794696808,0.6346539974212646,0.9362542470296223,0.01557824295014143,0.3672522783279419,0.9233835220336915,0.01474229246377945
pushup,0.47722482681274414,0.5780830383300781,0.9933469295501709,0.5064843654632568,0.5393195470174154,0.9844130873680115,0.450053071975708,0.5387715021769206,0.9821486473083496,0.5459727764129638,0.5184566497802734,0.8457735776901245,0.4124927520751953,0.5163703282674154,0.791443943977356,0.5882999897003174,0.5937259674072266,0.992045521736145,0.3616361618041992,0.6154666264851888,0.9903507828712463,0.6526870727539062,0.798194694519043,0.944847047328949,0.29859170913696287,0.845157241821289,0.9202559590339661,0.6873422622680664,0.979815928141276,0.8064558506011963,0.2734219551086426,0.9933876037597656,0.7625523805618286,0.5518325328826904,0.8132585525512696,0.8464252948760986,0.4021589279174805,0.8268145879109701,0.8238412141799927,0.6057504177093506,0.8899523417154948,0.14254458248615265,0.36211347579956055,0.8960942586263021,0.12522487342357635,0.6141949653625488,0.9001878102620443,0.02258719503879547,0.3818809986114502,0.8989346822102865,0.02018159069120884
pushup,0.48022031784057617,0.5959843953450521,0.9935811758041382,0.5102496147155762,0.558965555826823,0.9826251268386841,0.45288333892822263,0.5553443908691407,0.9849947094917297,0.548352861404419,0.5344765345255534,0.7909964323043823,0.4102337837219238,0.5263511021931966,0.8055101037025452,0.5908485889434815,0.6111127217610677,0.9878402352333069,0.35865035057067873,0.62052796681722,0.988140344619751,0.6721562385559082,0.8269038518269857,0.9327811598777771,0.28769683837890625,0.8488496144612631,0.935049295425415,0.6988751888275146,0.9946359634399414,0.842962384223938,0.25793752670288084,1.0,0.8477854132652283,0.5473832130432129,0.8418721516927083,0.8127766847610474,0.39445996284484863,0.8500967661539713,0.8118812441825867,0.5976221084594726,0.9385523478190104,0.10028468817472458,0.3608011960983276,0.94893798828125,0.10107726603746414,0.5944180965423584,0.9088963190714519,0.014017722569406033,0.3723286151885986,0.9207171122233073,0.013561051338911057
pushup,0.4774764537811279,0.6366338094075521,0.993966817855835,0.5068291664123535,0.6039759953816731,0.985872209072113,0.4528796672821045,0.5973029454549154,0.9818664193153381,0.546924638748169,0.5627293904622396,0.8027570247650146,0.41512579917907716,0.5480597813924154,0.7088866829872131,0.5902492523193359,0.623834228515625,0.9855296015739441,0.35944271087646484,0.624936294555664,0.9787580370903015,0.678072166442871,0.83216978708903,0.9396197199821472,0.2765159606933594,0.8450037002563476,0.9047457575798035,0.7045759677886962,1.0,0.8826231360435486,0.2682992696762085,1.0,0.8450464606285095,0.5484833717346191,0.909656016031901,0.7010930180549622,0.39714860916137695,0.9176125208536784,0.6536756753921509,0.6005788803100586,0.9458030700683594,0.057297926396131516,0.3730301856994629,0.9698617299397786,0.04907681792974472,0.5666460990905762,0.9300995508829752,0.008808769285678864,0.3822649002075195,0.9661500295003255,0.007464797236025333
pushup,0.4851418972015381,0.6937143325805664,0.9929325580596924,0.5135360717773437,0.6658624013264974,0.9806504845619202,0.46242623329162597,0.6563990275065105,0.9838213920593262,0.5517337799072266,0.6187841415405273,0.7420173287391663,0.4251684665679932,0.5988465627034505,0.7762961387634277,0.5937195777893066,0.6497646967569987,0.9784733057022095,0.36171422004699705,0.6481791178385417,0.9825708270072937,0.6904135704040527,0.8175168991088867,0.8968681693077087,0.27022390365600585,0.8432102839152018,0.9260848164558411,0.7067317008972168,0.9762742360432942,0.8409718871116638,0.27024567127227783,1.0,0.8685312271118164,0.5191064834594726,0.8972708384195963,0.6714739203453064,0.3709644556045532,0.8988698959350586,0.6869677305221558,0.5515613079071044,0.9184385935465494,0.06734936684370041,0.3462876558303833,0.9359837214152018,0.07703728973865509,0.46419425010681153,0.9020151774088542,0.013463042676448822,0.33509125709533694,0.9357818603515625,0.013697868213057518
pushup,0.4850034713745117,0.7505185445149739,0.9908044338226318,0.5170948028564453,0.716470464070638,0.9790098667144775,0.45943312644958495,0.70812562306722,0.9845455884933472,0.5610439300537109,0.6640429178873698,0.6193907856941223,0.41859889030456543,0.6441815694173177,0.697553813457489,0.6107950210571289,0.708204968770345,0.8615021109580994,0.36168923377990725,0.6886671702067058,0.9287649989128113,0.7222944259643554,0.8468632380167643,0.5891464948654175,0.2705737829208374,0.8314553578694661,0.8005990982055664,0.7038344383239746,0.8821909586588542,0.7057898640632629,0.2799041271209717,0.9912970225016277,0.8135367035865784,0.5624859809875489,0.9798753738403321,0.12966707348823547,0.400537109375,0.9781143824259441,0.17239120602607727,0.605228042602539,0.8557718912760417,0.012631608173251152,0.361673641204834,0.881155522664388,0.019350342452526093,0.566291618347168,0.8718650817871094,0.006340790539979935,0.38764808177947996,0.9340845108032226,0.008036034181714058
pushup,0.4839381217956543,0.746194330851237,0.9725602269172668,0.5146015167236329,0.7057320276896158,0.9518296718597412,0.4553676128387451,0.707348124186198,0.9467228055000305,0.5677555084228516,0.673120625813802,0.7047590613365173,0.42173423767089846,0.676983133951823,0.5561027526855469,0.6309507846832275,0.7674760182698568,0.9080167412757874,0.36573960781097414,0.7405120849609375,0.9168250560760498,0.7298053741455078,0.8638057708740234,0.5665925741195679,0.24935731887817383,0.8611031214396159,0.6359408497810364,0.6809603214263916,0.66436341603597,0.6314578652381897,0.2854279041290283,1.0,0.5992946624755859,0.5415542602539063,1.0,0.14278149604797363,0.381178092956543,0.9888511657714844,0.152739018201828,0.530323076248169,0.9175680796305339,0.015113094821572304,0.37113165855407715,0.9058739344278971,0.01719827950000763,0.5122555255889892,0.8984565099080404,0.0057152314111590385,0.447174072265625,0.9051049550374349,0.005995639134198427
pushup,0.4904475688934326,0.8801451365152995,0.970253586769104,0.5192252159118652,0.8528045018513998,0.9331134557723999,0.4691441535949707,0.8471730550130209,0.9769822359085083,0.5544302940368653,0.7935349782307942,0.41133782267570496,0.4298836708068848,0.7752480189005534,0.8432369232177734,0.5758830547332764,0.797468630472819,0.752265214920044,0.3439337968826294,0.7730649948120117,0.9342266321182251,0.6043477535247803,0.8806745529174804,0.31699663400650024,0.24879007339477538,0.8728841145833334,0.7096100449562073,0.5868711471557617,0.8906189600626627,0.3298269212245941,0.27580244541168214,1.0,0.6047985553741455,0.49155364036560056,0.9693913141886393,0.17943736910820007,0.3519489049911499,0.9635589599609375,0.2779276967048645,0.4919386386871338,0.9686733245849609,0.035429105162620544,0.33980724811553953,0.9458801905314128,0.05972656235098839,0.5109424591064453,0.9602717717488607,0.02293761447072029,0.45900306701660154,0.9378121693929037,0.03293846547603607
pushup,0.49719510078430174,0.9368857065836589,0.9559934139251709,0.5205208778381347,0.9080640157063802,0.8880971074104309,0.47493371963500974,0.904529062906901,0.970799446105957,0.5484555721282959,0.8477144877115885,0.2291109561920166,0.4305819034576416,0.8337301254272461,0.8355531692504883,0.5448710918426514,0.8731609344482422,0.6847358345985413,0.34153563976287843,0.8121182123819987,0.8569257259368896,0.5560830593109131,0.9656799952189128,0.2587031126022339,0.2394090175628662,0.848338508605957,0.4947066903114319,0.5458338260650635,0.9852531433105469,0.2846467196941376,0.2880826473236084,0.9857806523640951,0.4737725257873535,0.43584432601928713,0.9807139078776042,0.13473212718963623,0.32022628784179685,0.9661411921183268,0.17209434509277344,0.4670135021209717,1.0,0.031441766768693924,0.379496431350708,0.9885777155558269,0.04232840612530708,0.4910552978515625,0.9872342427571614,0.019641131162643433,0.4781777381896973,0.97257506052653,0.02309439517557621
pushup,0.49717130661010744,0.9832761764526368,0.9567666053771973,0.5252899169921875,0.9551369349161783,0.8996100425720215,0.4769615173339844,0.9507651011149089,0.9760921597480774,0.551277494430542,0.8971505482991536,0.2742542624473572,0.42603368759155275,0.8768412272135416,0.8971402645111084,0.5329809188842773,0.8561843872070313,0.8175865411758423,0.33934042453765867,0.8377595901489258,0.9317052364349365,0.5653638362884521,0.8426827112833659,0.5067670345306396,0.24174160957336427,0.8553543090820312,0.713738203048706,0.5594883441925049,0.8252936681111653,0.5143085718154907,0.28016812801361085,0.981724739074707,0.667794406414032,0.45233445167541503,0.8331777572631835,0.3741234838962555,0.34272701740264894,0.8417933146158855,0.44056376814842224,0.45715913772583006,0.837754758199056,0.09572137892246246,0.3644759178161621,0.8610520680745443,0.11719463020563126,0.5142562866210938,0.6967809677124024,0.08407262712717056,0.508958387374878,0.734965960184733,0.0912436842918396
pushup,0.4934495449066162,1.0,0.85340815782547,0.5191452980041504,0.9855517069498698,0.817009449005127,0.4718502998352051,0.9833899815877278,0.9353797435760498,0.5463751316070556,0.9363801956176758,0.3071299195289612,0.4223891258239746,0.9274041493733723,0.7998034954071045,0.5473689079284668,0.882110595703125,0.6152657866477966,0.34209794998168946,0.8787498474121094,0.7773385047912598,0.6002720832824707,0.8587555567423503,0.21521802246570587,0.2349994421005249,0.8808872858683269,0.36957111954689026,0.5528437614440918,0.8718092600504558,0.2467239946126938,0.26369104385375974,0.9877463658650716,0.3515211045742035,0.4379892349243164,0.793909200032552,0.3546641170978546,0.32154040336608886,0.8003416697184245,0.4130726456642151,0.4562059879302979,0.7747849146525065,0.2916364371776581,0.35871086120605467,0.7936574935913085,0.34124183654785156,0.4454542636871338,0.6156668345133464,0.5528060793876648,0.4582067966461182,0.6471452077229818,0.573472797870636
pushup,0.48644723892211916,1.0,0.6510863304138184,0.5069662570953369,0.9935628255208333,0.6638908982276917,0.47460460662841797,0.9888957977294922,0.6728253960609436,0.5324864387512207,0.972801144917806,0.3613722026348114,0.4413254737854004,0.9577938079833984,0.390433669090271,0.5308532238006591,0.9295202255249023,0.7751813530921936,0.4041930675506592,0.9133803049723307,0.6391350626945496,0.5827192783355712,0.8440964380900066,0.5901345610618591,0.40312585830688474,0.8090585708618164,0.40050187706947327,0.5487943172454834,0.8002878824869791,0.6360055804252625,0.50233473777771,0.7606960296630859,0.4568970501422882,0.46323695182800295,0.8056122461954752,0.8382237553596497,0.38749310970306394,0.8028707504272461,0.7664527893066406,0.4681869029998779,0.806584358215332,0.7639069557189941,0.4013216018676758,0.8167585372924805,0.6988773941993713,0.4755584716796875,0.6274879455566407,0.8328258395195007,0.469786548614502,0.6481378555297852,0.7957615852355957
pushup,0.5010242938995362,0.9924734751383464,0.6645141243934631,0.5152395725250244,0.9876686731974283,0.5935906767845154,0.49729065895080565,0.9798011779785156,0.7207428812980652,0.522844934463501,0.984116808573405,0.2998514771461487,0.4716752529144287,0.9627910614013672,0.5357173085212708,0.48275022506713866,0.9366067886352539,0.7808161973953247,0.43935141563415525,0.9183617909749349,0.7112093567848206,0.4990100860595703,0.831945292154948,0.5910691618919373,0.4311527252197266,0.8179609934488933,0.46301260590553284,0.49749908447265623,0.7712649663289388,0.5920462012290955,0.49558277130126954,0.7656352996826172,0.47335055470466614,0.41422119140625,0.8048131942749024,0.8789070844650269,0.38804187774658205,0.8028061548868816,0.8392722010612488,0.44024949073791503,0.791932487487793,0.8705384135246277,0.41643729209899905,0.8029015858968099,0.8383471369743347,0.45274839401245115,0.6271965026855468,0.9281442165374756,0.46086459159851073,0.6505935668945313,0.9097658395767212
pushup,0.5139334678649903,0.9843427022298177,0.3474995791912079,0.5120405673980712,0.9784676869710286,0.142030730843544,0.5140050888061524,0.9824506123860677,0.3821312487125397,0.4816864490509033,0.9682252248128255,0.2286745309829712,0.49347238540649413,0.9802122751871745,0.6650683283805847,0.4160041809082031,0.9112112045288085,0.8891859650611877,0.4955338478088379,0.9516419092814128,0.8398259878158569,0.4253345012664795,0.7932319641113281,0.7979710102081299,0.5423740863800048,0.8712169647216796,0.6813956499099731,0.49130783081054685,0.7528759002685547,0.7415913343429565,0.5826192855834961,0.7819442749023438,0.5912449955940247,0.38148820400238037,0.8131907145182292,0.9122392535209656,0.431011962890625,0.8348016738891602,0.8727959990501404,0.4108752250671387,0.728782590230306,0.8766892552375793,0.4452816486358643,0.7563423156738281,0.8149545192718506,0.45943331718444824,0.603042729695638,0.9228403568267822,0.4839339256286621,0.6168401718139649,0.8867343664169312
pushup,0.507213544845581,0.9943185170491536,0.478349894285202,0.5081789016723632,0.9901578903198243,0.28310641646385193,0.5071675777435303,0.9884972890218099,0.6004912257194519,0.48013458251953123,0.9792879740397136,0.2171727865934372,0.4801821231842041,0.9761967976888021,0.6983329057693481,0.4158181667327881,0.9228919982910156,0.7895258665084839,0.47058963775634766,0.938632074991862,0.6605117321014404,0.44379639625549316,0.7929318110148112,0.5703481435775757,0.5035399913787841,0.8296137491861979,0.36387649178504944,0.5091061592102051,0.7818429946899415,0.5035272240638733,0.5564125537872314,0.796772829691569,0.31645163893699646,0.38165597915649413,0.81497802734375,0.7889807820320129,0.41825499534606936,0.8295987447102865,0.6907618641853333,0.42042717933654783,0.7341110229492187,0.8119457960128784,0.44814634323120117,0.7581208546956381,0.7153773307800293,0.4665337562561035,0.6164697647094727,0.925645649433136,0.49431943893432617,0.6343026479085286,0.8862375617027283
pushup,0.5026760101318359,0.9789354960123698,0.11478405445814133,0.5005425453186035,0.9708431243896485,0.05209333822131157,0.5080583572387696,0.9714180628458658,0.11741910874843597,0.4672966957092285,0.9495825449625651,0.11945618689060211,0.48888483047485354,0.9511144638061524,0.32929396629333496,0.40844273567199707,0.9082030614217123,0.7149705290794373,0.45777459144592286,0.9280782699584961,0.45620548725128174,0.4163337230682373,0.7723055521647135,0.6752060651779175,0.4680809020996094,0.8167343775431315,0.2792184054851532,0.5005788803100586,0.7251544952392578,0.6337584257125854,0.5169234275817871,0.7638980229695638,0.2792869806289673,0.3728323459625244,0.8278547286987304,0.7995663285255432,0.41123366355895996,0.8428600947062175,0.6352247595787048,0.390995192527771,0.7858002344767253,0.7432588338851929,0.42264275550842284,0.7889001846313477,0.5333044528961182,0.4991444110870361,0.6552499771118164,0.7983856797218323,0.5099053382873535,0.6363964080810547,0.667553722858429
pushup,0.504720401763916,0.9918612162272136,0.9550027847290039,0.5338930130004883,0.9620797475179036,0.915374755859375,0.48314838409423827,0.9588246663411458,0.9767773747444153,0.5643440246582031,0.9187817891438802,0.3711104989051819,0.43459134101867675,0.9020142873128255,0.9009674787521362,0.550676965713501,0.8852966944376628,0.8196224570274353,0.3597692012786865,0.8648998260498046,0.9420766234397888,0.5868650436401367,0.8567312876383464,0.45101821422576904,0.25417978763580323,0.8515877405802409,0.7376958727836609,0.5843183517456054,0.8773563385009766,0.45919734239578247,0.27788357734680175,0.9899319966634115,0.6703210473060608,0.4592607498168945,0.8252461115519206,0.44817614555358887,0.3500324010848999,0.8278381983439128,0.5478613972663879,0.464992618560791,0.8145577112833658,0.14719027280807495,0.3647766590118408,0.8237460454305013,0.20490825176239014,0.497132682800293,0.6666369120279948,0.1721639782190323,0.47559800148010256,0.6820374170939127,0.20825442671775818
pushup,0.5031187534332275,0.9403531392415364,0.9412168264389038,0.5277736186981201,0.9141256968180339,0.8584098219871521,0.4854459762573242,0.9060069402058919,0.9673635363578796,0.5454046726226807,0.8787699381510417,0.233211487531662,0.43431797027587893,0.8542402267456055,0.887765109539032,0.5336381912231445,0.8826395670572916,0.7507057785987854,0.3386387825012207,0.8592836380004882,0.8877151608467102,0.543830680847168,0.8769882202148438,0.3456447124481201,0.24077343940734863,0.889537239074707,0.5461104512214661,0.4880779266357422,0.7850311915079753,0.37135782837867737,0.2879497528076172,0.9971529642740885,0.46815186738967896,0.43830389976501466,0.937380854288737,0.14911462366580963,0.3222531795501709,0.9355917612711588,0.18696199357509613,0.43750882148742676,0.8797744750976563,0.04000168293714523,0.33164148330688475,0.8642183939615885,0.04374094679951668,0.4798739910125732,0.7603123346964519,0.04191494360566139,0.4683672904968262,0.7348015467325847,0.041858118027448654
pushup,0.4991091251373291,0.8867642720540364,0.9790732860565186,0.5302249431610108,0.8589251836140951,0.9621369242668152,0.4756371021270752,0.8512203216552734,0.9789656400680542,0.5700075149536132,0.8035954157511394,0.6901658773422241,0.43277735710144044,0.7830942153930665,0.8579291105270386,0.6189018249511719,0.8131238937377929,0.90542072057724,0.34802942276000975,0.8022099177042643,0.9540579319000244,0.7355951309204102,0.8246985117594401,0.4518340826034546,0.2382575511932373,0.858729871114095,0.6588637232780457,0.6686609745025635,0.8340230305989583,0.5031590461730957,0.2985640048980713,0.9994487126668294,0.6308956146240234,0.5336637973785401,0.9888100306193034,0.1454269140958786,0.3860431909561157,0.9866633097330729,0.17921456694602966,0.5105027198791504,0.9384751001993815,0.019480910152196884,0.43181800842285156,0.9337647120157878,0.027094975113868713,0.4413562297821045,0.8958658218383789,0.011002518236637115,0.5778951644897461,0.8966270446777344,0.01365132536739111
pushup,0.4967962741851807,0.8291345596313476,0.9852521419525146,0.5279516696929931,0.8020573298136393,0.9738174080848694,0.4751102447509766,0.7909398396809896,0.9843907952308655,0.5666436195373535,0.7701108296712239,0.7210904359817505,0.4342385768890381,0.7426063537597656,0.8556727170944214,0.6045492172241211,0.7945186614990234,0.9049332141876221,0.3531951427459717,0.7853183746337891,0.9547231197357178,0.7194197654724122,0.7923643112182617,0.48668423295021057,0.21548998355865479,0.8539825439453125,0.701866090297699,0.6918049335479737,0.7850018183390299,0.5289261341094971,0.27821884155273435,0.9770885467529297,0.6814205050468445,0.53526611328125,0.9476453781127929,0.19518990814685822,0.3874020576477051,0.9480565388997396,0.2489328235387802,0.5393181800842285,0.8641467412312825,0.029739800840616226,0.3860054016113281,0.8722557703653971,0.04069415107369423,0.4577642440795898,0.8123090744018555,0.02275937795639038,0.4558326244354248,0.8297922134399414,0.026294242590665817
pushup,0.5012151718139648,0.7844006220499674,0.9898518919944763,0.5300824165344238,0.7515745798746745,0.9759821891784668,0.4759077548980713,0.7487597147623698,0.9858497977256775,0.5678106784820557,0.7231035232543945,0.7267755270004272,0.4315147399902344,0.7142434438069661,0.828179121017456,0.6120353698730469,0.7795506159464518,0.9557707905769348,0.36606104373931886,0.7639116923014323,0.968224287033081,0.7433506965637207,0.8159800211588542,0.7135354280471802,0.22994089126586914,0.8478532791137695,0.790596604347229,0.6716854095458984,0.6745396931966146,0.7539209127426147,0.2682596921920776,0.9799507776896159,0.7898633480072021,0.5466046810150147,0.9449026107788085,0.3129923343658447,0.39822826385498045,0.9430739084879557,0.35078924894332886,0.5385466575622558,0.8459925969441732,0.04532983526587486,0.3844147682189941,0.8753669102986653,0.05188055709004402,0.5110628604888916,0.777484130859375,0.024856239557266235,0.4653423309326172,0.837851079305013,0.024603743106126785
pushup,0.49730262756347654,0.7452089309692382,0.990298330783844,0.5265023231506347,0.7054867426554362,0.9776466488838196,0.46832475662231443,0.7079277038574219,0.9861152172088623,0.5684236526489258,0.6667868296305338,0.715173065662384,0.4253825664520264,0.669828732808431,0.8304157853126526,0.6186431884765625,0.739431635538737,0.9273777008056641,0.3740553379058838,0.7419814427693685,0.9731630682945251,0.7350241661071777,0.8091070810953777,0.584600567817688,0.2524879455566406,0.8450880686442057,0.8160774111747742,0.6857141971588134,0.741582743326823,0.6535044312477112,0.27615549564361574,0.9963780721028646,0.7787136435508728,0.57869873046875,0.9484486897786458,0.18314184248447418,0.4334560871124268,0.9569597244262695,0.2570590078830719,0.5492365837097168,0.8668490091959635,0.017743021249771118,0.41080918312072756,0.9039769490559896,0.026607822626829147,0.5398472785949707,0.8014049530029297,0.0082602733746171,0.5084719657897949,0.8587672551472981,0.010359901003539562
pushup,0.4974475860595703,0.7042560577392578,0.9921109676361084,0.5259712219238282,0.6666873931884766,0.9822508692741394,0.4687637805938721,0.6671604156494141,0.9858893156051636,0.5663123607635498,0.6315821329752604,0.7568286061286926,0.42568225860595704,0.6305624643961588,0.8231690526008606,0.6185160636901855,0.7106494903564453,0.9483351707458496,0.37848379611968996,0.7124415715535481,0.9799928069114685,0.7371179580688476,0.8509094874064128,0.6662591695785522,0.2573646068572998,0.8530949910481771,0.8548524975776672,0.7207985877990722,0.9556674957275391,0.6712306141853333,0.27367658615112306,1.0,0.8068371415138245,0.5829700469970703,0.9659291585286458,0.2650027573108673,0.4390364646911621,0.9736935297648112,0.35009288787841797,0.5402042388916015,0.93731689453125,0.019166162237524986,0.4055224895477295,0.9778755187988282,0.02852068468928337,0.48895649909973143,0.8930156707763672,0.006123184692114592,0.4668412208557129,0.9443523406982421,0.007622793782502413
pushup,0.4946474075317383,0.6628446578979492,0.9946651458740234,0.5249566555023193,0.6236853917439779,0.9872952103614807,0.4660400390625,0.6213973999023438,0.9891036748886108,0.5655943870544433,0.6018273035685221,0.7898096442222595,0.42063312530517577,0.5953758239746094,0.8238682150840759,0.6038710594177246,0.6890201568603516,0.9752276539802551,0.36815309524536133,0.6962359110514323,0.9823296666145325,0.7170493602752686,0.8523368835449219,0.8365873694419861,0.2536262035369873,0.8653989791870117,0.8767737150192261,0.6996769428253173,0.9904090881347656,0.748882532119751,0.27095487117767336,0.9867001851399739,0.8083139657974243,0.5747523784637452,0.9594821929931641,0.36353179812431335,0.42158217430114747,0.9755295435587565,0.3884204030036926,0.6250021457672119,0.8982576370239258,0.016289284452795982,0.415833568572998,0.9490348180135091,0.018706241622567177,0.5836101531982422,0.8769066492716472,0.004149943124502897,0.450253963470459,0.936898930867513,0.004175090696662664
pushup,0.49535517692565917,0.6317049026489258,0.9938139915466309,0.5231069087982178,0.5942347208658855,0.984401285648346,0.4666224479675293,0.5950587590535482,0.9870239496231079,0.5608355045318604,0.5726541519165039,0.7750437259674072,0.4218738079071045,0.574232546488444,0.8145133852958679,0.6031918525695801,0.6548984527587891,0.978260338306427,0.3716697692871094,0.6701620101928711,0.9824687242507935,0.6986000061035156,0.8367937723795573,0.8807384967803955,0.26636629104614257,0.8613831837972005,0.8989903330802917,0.698939037322998,0.9845424652099609,0.8043071031570435,0.2641553163528442,0.9969182332356771,0.8282472491264343,0.5609354496002197,0.9238423029581706,0.5669883489608765,0.40761327743530273,0.9373664220174154,0.5805134177207947,0.5906627178192139,0.9277905782063802,0.03372509777545929,0.3676629066467285,0.963550313313802,0.034862712025642395,0.5651161193847656,0.8843996047973632,0.00688349362462759,0.38326230049133303,0.918397585550944,0.006508470978587866
pushup,0.4991480827331543,0.6093831380208333,0.9948585033416748,0.5277939319610596,0.5681212107340495,0.9870395064353943,0.46858744621276854,0.5708895365397135,0.9884368777275085,0.5687317848205566,0.5459784189860026,0.8029575347900391,0.42585091590881347,0.5515581130981445,0.8191866278648376,0.6090174198150635,0.6376672108968099,0.9822731614112854,0.37678213119506837,0.6524959564208984,0.9867602586746216,0.6915034294128418,0.8325255711873373,0.8815135359764099,0.27248120307922363,0.8525017420450847,0.9037536382675171,0.6997045516967774,0.9805907567342123,0.7567775249481201,0.2711021900177002,0.9865903854370117,0.7971593141555786,0.5682464122772217,0.9207284927368165,0.5689704418182373,0.4133908271789551,0.9355833689371745,0.5872654914855957,0.6095427989959716,0.918415387471517,0.03029273822903633,0.37717156410217284,0.9521058400472006,0.03261568769812584,0.5931747436523438,0.9103782653808594,0.005800164304673672,0.39306416511535647,0.940960693359375,0.005684133153408766
pushup,0.5051548480987549,0.5954792022705078,0.9938445091247559,0.5323332786560059,0.5536511739095052,0.9861322641372681,0.473822021484375,0.5584722518920898,0.9856935739517212,0.5727197647094726,0.5311492919921875,0.8186815977096558,0.4316874027252197,0.5420624415079752,0.7980894446372986,0.6177132606506348,0.6173158645629883,0.9836296439170837,0.38575038909912107,0.6386166890462239,0.985690176486969,0.6876661777496338,0.8339823404947917,0.8875443935394287,0.287324047088623,0.8567111333211263,0.8865523338317871,0.6862261772155762,0.9897667566935221,0.7435846924781799,0.2773695945739746,0.9915500005086263,0.7597189545631409,0.5874575138092041,0.8489541371663412,0.5710937976837158,0.43373785018920896,0.8668320973714193,0.5702558159828186,0.6361198425292969,0.8464689254760742,0.04690568521618843,0.39858577251434324,0.8837312062581381,0.0470912829041481,0.6245993614196778,0.8438649495442708,0.010050921700894833,0.4077597141265869,0.8817752838134766,0.009600158780813217
pushup,0.5140382766723632,0.5907655715942383,0.9943945407867432,0.5424174785614013,0.5507232666015625,0.987511157989502,0.4844815254211426,0.5521734873453776,0.9863097667694092,0.5833559513092041,0.5275313059488932,0.8347156643867493,0.44510464668273925,0.5314997990926107,0.7863999009132385,0.6266831874847412,0.6113346735636394,0.98479825258255,0.394101619720459,0.6271011988321941,0.9876989126205444,0.678049898147583,0.8351245880126953,0.9041648507118225,0.2990159511566162,0.8552205403645833,0.9098964929580688,0.6816251277923584,1.0,0.7325535416603088,0.27043101787567136,0.9989368438720703,0.7573217153549194,0.5925352096557617,0.8723760604858398,0.6893806457519531,0.43370537757873534,0.8849013010660808,0.6948180794715881,0.6581269264221191,0.9111935933430989,0.051196370273828506,0.38434486389160155,0.9273605346679688,0.05229642242193222,0.6579962730407715,0.9193496704101562,0.008673783391714096,0.38174853324890134,0.9314701080322265,0.008511162362992764
pushup,0.5266402721405029,0.5864868799845377,0.9943576455116272,0.5548246383666993,0.5451541900634765,0.9874981045722961,0.4962639331817627,0.5485940933227539,0.985831618309021,0.5960360050201416,0.5185386339823405,0.8274997472763062,0.45667457580566406,0.5269017537434896,0.7701882719993591,0.6378670692443847,0.6071509679158529,0.9829469919204712,0.4051309585571289,0.6220399220784505,0.98570317029953,0.6787685871124267,0.8352434794108073,0.8954167366027832,0.31252484321594237,0.8515577952067057,0.891269326210022,0.6895526885986328,1.0,0.7120341062545776,0.2765000104904175,1.0,0.7122527360916138,0.5890648841857911,0.8958704630533855,0.6300588250160217,0.4310929298400879,0.9047364552815755,0.6271013617515564,0.6322607517242431,0.9435648600260417,0.035389456897974014,0.37142224311828614,0.9454731623331706,0.03350812941789627,0.6433521270751953,0.9608160654703776,0.005683257710188627,0.38177995681762694,0.9481531778971354,0.005310914944857359
pushup,0.5391294479370117,0.5792236328125,0.9940308928489685,0.5668736457824707,0.5381825764973959,0.986283540725708,0.5088046550750732,0.5410941441853842,0.9856253266334534,0.6074077606201171,0.5121328989664714,0.8222213983535767,0.46929240226745605,0.519851271311442,0.7936080694198608,0.6497144222259521,0.594805908203125,0.9845466017723083,0.41804046630859376,0.6123093287150065,0.9891682863235474,0.6881317615509033,0.8295884450276693,0.9007235765457153,0.32542781829833983,0.8535540898640951,0.9145835638046265,0.694240951538086,0.9992449442545573,0.7196692228317261,0.2827782154083252,1.0,0.7491065263748169,0.603466796875,0.8439637502034505,0.7134006023406982,0.44776411056518556,0.8541514714558919,0.7257246375083923,0.6521341800689697,0.9271827697753906,0.059021756052970886,0.39685194492340087,0.932487678527832,0.061495427042245865,0.6542308807373047,0.9491305033365885,0.008433105424046516,0.39437267780303953,0.9455707550048829,0.00853790994733572
pushup,0.5447176933288574,0.5744539896647135,0.9945816397666931,0.5729990005493164,0.5358010609944661,0.9860692024230957,0.5159762859344482,0.5361632029215495,0.986469030380249,0.6132718086242676,0.4998050053914388,0.80961012840271,0.47768821716308596,0.5022006352742513,0.7808010578155518,0.656160545349121,0.5815857569376628,0.9858682751655579,0.42183895111083985,0.5808698018391927,0.9901190996170044,0.6869904518127441,0.8308701833089193,0.9187021851539612,0.3407761573791504,0.818691635131836,0.9371038675308228,0.687266206741333,1.0,0.7515642046928406,0.29082915782928465,1.0,0.7804495096206665,0.5933845043182373,0.8795572916666666,0.8053500056266785,0.43393917083740235,0.8790968577067058,0.8197115063667297,0.6412417411804199,0.9899581909179688,0.06545301526784897,0.3768162250518799,0.976020876566569,0.06991845369338989,0.6612106323242187,1.0,0.00822768546640873,0.3857766628265381,0.9875783284505208,0.008432802744209766
pushup,0.5506017684936524,0.5720865885416667,0.9935479760169983,0.5780070304870606,0.5346602121988933,0.9822293519973755,0.5216133117675781,0.5335433959960938,0.9849017262458801,0.6159726142883301,0.49710884094238283,0.7678584456443787,0.4802987098693848,0.4964612007141113,0.7974242568016052,0.6563416004180909,0.570062001546224,0.9855268001556396,0.4225184917449951,0.5614747365315755,0.9898365139961243,0.6879887580871582,0.8250059763590495,0.9292169213294983,0.3481685400009155,0.8000024159749349,0.9454728960990906,0.69859619140625,1.0,0.7900684475898743,0.31090707778930665,1.0,0.8197907209396362,0.5916888236999511,0.8045373916625976,0.8363004922866821,0.4345823287963867,0.8006581624348958,0.8466136455535889,0.6420465469360351,0.9544390360514323,0.1045680120587349,0.38639259338378906,0.9350954055786133,0.11003979295492172,0.6621736049652099,0.9755377451578776,0.01172569952905178,0.38884477615356444,0.9498139063517252,0.01190926879644394
pushup,0.5473179340362548,0.5757214864095052,0.9932569265365601,0.5748880863189697,0.5395325342814128,0.9797576069831848,0.5192704677581788,0.5384567896525065,0.9837232828140259,0.6113317489624024,0.49731658299764,0.7618933320045471,0.47975730895996094,0.4958122889200846,0.7976368069648743,0.6541583061218261,0.5672598520914713,0.9888601899147034,0.41985464096069336,0.5619669596354167,0.9885261058807373,0.6811473846435547,0.8219397226969402,0.9317416548728943,0.37654433250427244,0.8063886006673177,0.9252651929855347,0.6934836387634278,1.0,0.7612566351890564,0.35159740447998045,0.9998126983642578,0.7506541609764099,0.5943663120269775,0.8692344029744467,0.8590549230575562,0.43767557144165037,0.8676128387451172,0.8538199067115784,0.6464092254638671,1.0,0.10043679177761078,0.4094045639038086,1.0,0.09400197863578796,0.6890052795410156,1.0,0.01191476359963417,0.45755434036254883,1.0,0.011249768547713757
pushup,0.5448338508605957,0.5882502237955729,0.9925630688667297,0.5707173347473145,0.5513129552205404,0.9800256490707397,0.5155039310455323,0.5534098307291667,0.9830374121665955,0.6079380989074707,0.5016168594360352,0.7451521754264832,0.4770712375640869,0.5079998016357422,0.7901724576950073,0.6509817123413086,0.565125846862793,0.9842492938041687,0.42107243537902833,0.5699140548706054,0.9868180751800537,0.675395917892456,0.8192490259806315,0.9111753106117249,0.3723438262939453,0.8216918309529623,0.9124545454978943,0.688232707977295,0.9963195164998372,0.7323557734489441,0.3455307722091675,1.0,0.7312145829200745,0.5944785118103028,0.875668462117513,0.795602023601532,0.4417552471160889,0.8799785614013672,0.7922162413597107,0.6465927124023437,1.0,0.06732846796512604,0.4241145610809326,1.0,0.06691143661737442,0.6842122077941895,1.0,0.008716994896531105,0.47126522064208987,1.0,0.008717991411685944
pushup,0.5312586784362793,0.6072387059529623,0.9915546774864197,0.5581795692443847,0.5720517476399739,0.9806969165802002,0.5036198139190674,0.5724325815836588,0.9783999919891357,0.597821855545044,0.5220885594685872,0.7900592088699341,0.4684280872344971,0.5238861083984375,0.7444469332695007,0.6413942813873291,0.577051289876302,0.985912024974823,0.41249651908874513,0.5766811370849609,0.9842286109924316,0.6729547500610351,0.827477773030599,0.9225988984107971,0.3614911317825317,0.8219582875569661,0.8951284885406494,0.6895331382751465,1.0,0.7572837471961975,0.3455816268920898,1.0,0.708024263381958,0.5933259963989258,0.8539065043131511,0.7820870876312256,0.4434764862060547,0.8587974548339844,0.7549539804458618,0.6517512798309326,1.0,0.07342556118965149,0.43967247009277344,0.9872445424397787,0.06594152748584747,0.6914416313171386,1.0,0.009544791653752327,0.4985285758972168,1.0,0.008978912606835365
pushup,0.5222646236419678,0.6102622985839844,0.9918575882911682,0.5500195503234864,0.5725669225056966,0.9776905179023743,0.49179682731628416,0.5728803634643554,0.9823708534240723,0.587436294555664,0.5255877176920573,0.7290498614311218,0.45034174919128417,0.527182133992513,0.8027893304824829,0.6287225723266602,0.5826939264933269,0.9846696853637695,0.3954384565353394,0.5831923802693685,0.9843558669090271,0.6625051975250245,0.8261194864908854,0.9074806571006775,0.3589447259902954,0.8247531255086263,0.8921831250190735,0.6893637180328369,0.989103635152181,0.7198313474655151,0.339998722076416,1.0,0.6915651559829712,0.58290114402771,0.86098206837972,0.7325608134269714,0.43004817962646485,0.8661078770955404,0.7113651037216187,0.650587797164917,0.9862374623616537,0.06206821650266647,0.4337436676025391,0.961586062113444,0.05761134251952171,0.7008325099945069,1.0,0.009256938472390175,0.5013995170593262,0.9762162526448568,0.00894685834646225
pushup,0.506643533706665,0.6032498677571615,0.9921916127204895,0.5334639072418212,0.5691043217976888,0.9792802929878235,0.4786820411682129,0.5688923517862956,0.9811474084854126,0.5715665817260742,0.5222122828165691,0.7670012712478638,0.4423356533050537,0.5226159413655599,0.7785058617591858,0.6136961936950683,0.5808507283528646,0.9865648746490479,0.39104061126708983,0.5778303146362305,0.9853222370147705,0.6581160068511963,0.8218046188354492,0.9185917973518372,0.3524475574493408,0.8141461690266927,0.9031107425689697,0.6890805244445801,0.9844963709513347,0.7446204423904419,0.34077796936035154,1.0,0.7108681201934814,0.5703803062438965,0.8879924138387044,0.7498161196708679,0.4243333339691162,0.8928019205729166,0.728701651096344,0.633190393447876,1.0,0.05254555121064186,0.4353012561798096,0.9883503595987956,0.04912622272968292,0.675711727142334,1.0,0.007543167099356651,0.5077313423156739,0.986090087890625,0.007217796053737402
pushup,0.49439406394958496,0.5971771876017252,0.9922693967819214,0.5204384326934814,0.5617761611938477,0.9783865213394165,0.46596269607543944,0.562431271870931,0.9821934700012207,0.5569989204406738,0.5192131042480469,0.7423599362373352,0.4275538921356201,0.5207408905029297,0.8028967976570129,0.6005940914154053,0.5798377354939779,0.9868756532669067,0.37676248550415037,0.5842063903808594,0.9857601523399353,0.6486278533935547,0.817341168721517,0.9181563854217529,0.3438272476196289,0.8264731089274089,0.903401255607605,0.6878300189971924,0.9915297190348308,0.7397721409797668,0.3462879180908203,1.0,0.7172178030014038,0.5688630104064941,0.8749626159667969,0.7656457424163818,0.4204564094543457,0.8838666915893555,0.7465132474899292,0.6324538230895996,0.9854994455973307,0.06771025061607361,0.41937551498413084,0.9726407368977864,0.06325693428516388,0.6765498161315918,1.0,0.010501937009394169,0.48671927452087405,0.9770910898844402,0.010008801706135273
pushup,0.48300886154174805,0.5882158915201823,0.9925734996795654,0.5073109149932862,0.5531531016031901,0.9776096940040588,0.4556563854217529,0.555113156636556,0.9831936359405518,0.5426680564880371,0.5098630905151367,0.7238971590995789,0.418134880065918,0.5143562316894531,0.8030692338943481,0.590608024597168,0.5672330220540365,0.9866017699241638,0.36920742988586425,0.5744174321492513,0.9853910207748413,0.6509747982025147,0.8076990763346354,0.9210848212242126,0.3417898893356323,0.815250015258789,0.9133455753326416,0.6832965850830078,0.9848911921183269,0.7685977220535278,0.3388416051864624,1.0,0.7595847845077515,0.560093879699707,0.8333984375,0.7861611247062683,0.4127650737762451,0.8435398737589518,0.7735412120819092,0.6316626071929932,0.9524955749511719,0.09675507992506027,0.41157803535461424,0.9484635670979817,0.09455662965774536,0.6800174713134766,1.0,0.014112279750406742,0.4704984188079834,0.9902634302775065,0.013847177848219872
pushup,0.47480106353759766,0.5830244700113932,0.9928845167160034,0.49934959411621094,0.5468121210734049,0.979082465171814,0.4462094306945801,0.5506790161132813,0.9815775752067566,0.5358582973480225,0.4952092170715332,0.7251603603363037,0.40731358528137207,0.5043228467305502,0.7635234594345093,0.5840664863586426,0.5474252065022787,0.9874060750007629,0.3629957675933838,0.5672825495402019,0.9820610284805298,0.6539219856262207,0.7797369639078776,0.9349240660667419,0.33846843242645264,0.8101082483927409,0.8970394730567932,0.681764030456543,0.9749459584554037,0.8107789754867554,0.34022228717803954,1.0,0.750095009803772,0.5553173542022705,0.8760482788085937,0.7697751522064209,0.4088736057281494,0.892552375793457,0.7288257479667664,0.6107902526855469,0.9956326166788737,0.056750234216451645,0.41388258934020994,1.0,0.047757066786289215,0.6484799861907959,1.0,0.007289609406143427,0.4860081672668457,1.0,0.006310009863227606
pushup,0.47487554550170896,0.582894770304362,0.9927392601966858,0.5006650924682617,0.5459490458170573,0.9781807065010071,0.4460746765136719,0.5495357513427734,0.9818660616874695,0.5382191658020019,0.4943766911824544,0.7146183252334595,0.4070900917053223,0.5022686958312989,0.7682244181632996,0.5834586143493652,0.5491570154825847,0.9857349991798401,0.36438446044921874,0.5685120264689127,0.982128381729126,0.654475736618042,0.7872202555338542,0.9214393496513367,0.3432859182357788,0.8154553095499675,0.8919702172279358,0.6827085018157959,0.9862672170003255,0.7823086380958557,0.34292802810668943,1.0,0.7382829189300537,0.5587082862854004,0.8704386393229167,0.6965545415878296,0.41562042236328123,0.8886562347412109,0.6612985730171204,0.6158457279205323,0.9652317682902019,0.048901017755270004,0.4334709167480469,0.9802864074707032,0.04375951737165451,0.6573626518249511,0.9800899505615235,0.007434366270899773,0.5201860904693604,0.9874738057454427,0.006749712862074375
pushup,0.4788218975067139,0.5873933792114258,0.9929161071777344,0.5034345626831055,0.5519488016764323,0.9776824116706848,0.4508171081542969,0.5538644154866537,0.9835554957389832,0.5397611618041992,0.5028692245483398,0.7058399319648743,0.41304960250854494,0.5074735005696615,0.8010291457176208,0.5881165504455567,0.5577536900838216,0.9853067398071289,0.36684789657592776,0.5695144017537435,0.9860201478004456,0.6484240531921387,0.7948581059773763,0.9157630801200867,0.34047298431396483,0.8159492492675782,0.9198433756828308,0.6860586166381836,0.9853296915690104,0.7700173854827881,0.3415790557861328,1.0,0.778331458568573,0.5625361919403076,0.8522035598754882,0.7627540230751038,0.41686067581176756,0.8648002624511719,0.7610895037651062,0.6189100742340088,0.9656468073527018,0.07854404300451279,0.4149196147918701,0.965501085917155,0.08052486926317215,0.65595383644104,1.0,0.011748459190130234,0.47929987907409666,0.9962305068969727,0.011888431385159492
pushup,0.4847537040710449,0.605511474609375,0.9929795861244202,0.5113131999969482,0.572286860148112,0.9799839854240417,0.45751314163208007,0.5702865600585938,0.9832496047019958,0.5495128154754638,0.520224126180013,0.7469910979270935,0.42212514877319335,0.5170841217041016,0.7853181958198547,0.5993426322937012,0.5671994527180989,0.9844492077827454,0.37451136112213135,0.5736615498860677,0.9870971441268921,0.6509824752807617,0.7992039362589518,0.9155423045158386,0.34707868099212646,0.8183180491129557,0.9319073557853699,0.6824058532714844,0.9808648427327474,0.7670015096664429,0.3448562860488892,1.0,0.7972270250320435,0.578814697265625,0.8924541473388672,0.7792786955833435,0.4283116340637207,0.9017060597737631,0.7897078990936279,0.6492131233215332,0.9944644927978515,0.0677189975976944,0.4245128154754639,0.9829093933105468,0.07505207508802414,0.6781852722167969,1.0,0.010984150692820549,0.4847411155700684,0.9953287760416667,0.011891086585819721
pushup,0.4962608337402344,0.6222518920898438,0.9915856122970581,0.5238244533538818,0.5892738342285156,0.9799181818962097,0.46893892288208006,0.586230977376302,0.9790042638778687,0.5630799293518066,0.5355916976928711,0.7801085710525513,0.4334707260131836,0.53062744140625,0.7355117201805115,0.612131404876709,0.5830041249593099,0.9850021004676819,0.38306527137756347,0.574815050760905,0.9807952046394348,0.6615200042724609,0.8314910888671875,0.9163124561309814,0.353501033782959,0.8153053283691406,0.8924543857574463,0.6769460678100586,0.9903519948323568,0.7670260667800903,0.3490103483200073,1.0,0.7235400676727295,0.5722332954406738,0.8729626337687174,0.7377707958221436,0.4216312408447266,0.8745606740315756,0.7093084454536438,0.6430119514465332,0.9901847203572591,0.06295377761125565,0.4308199882507324,0.9724876403808593,0.05885770916938782,0.6717991828918457,1.0,0.009784753434360027,0.4912442207336426,0.9865323384602864,0.009392314590513706
pushup,0.5158354282379151,0.6231315612792969,0.9916160702705383,0.5421754837036132,0.5857535044352213,0.9815024733543396,0.4861286163330078,0.5887370427449544,0.9785559177398682,0.5850479602813721,0.5330952962239583,0.7946187853813171,0.4513110160827637,0.5412733713785808,0.7471172213554382,0.6370565891265869,0.5911730448404948,0.9853954315185547,0.40272369384765627,0.586030387878418,0.9843475818634033,0.6830206871032715,0.8350642522176107,0.9076939821243286,0.3508830785751343,0.8182785669962566,0.8887572288513184,0.7016679286956787,0.9649937947591146,0.7385974526405334,0.33864152431488037,1.0,0.6816102862358093,0.5883298873901367,0.8650033315022786,0.7317028045654297,0.437910270690918,0.8670066197713217,0.7034428715705872,0.6406847953796386,1.0,0.04808042198419571,0.4516467094421387,0.9939811706542969,0.04611612856388092,0.6800869464874267,1.0,0.005484650377184153,0.519888973236084,1.0,0.0055698854848742485
pushup,0.532086992263794,0.6167195638020834,0.9912648797035217,0.5585430145263672,0.5803253173828125,0.9815211892127991,0.5033668518066406,0.5824747721354167,0.9768874645233154,0.5995946407318116,0.5279827753702799,0.8090787529945374,0.46921777725219727,0.5343879063924154,0.7184187173843384,0.6478062629699707,0.579461669921875,0.9863893389701843,0.41786561012268064,0.5760159810384115,0.982649564743042,0.6794027805328369,0.8282676696777344,0.9291252493858337,0.3671823501586914,0.809511375427246,0.894262969493866,0.7017382144927978,0.9828378041585286,0.7810232043266296,0.3441820859909058,1.0,0.7125524878501892,0.5982178211212158,0.835055160522461,0.8107617497444153,0.44724316596984864,0.8372790654500325,0.7790712118148804,0.6583781242370605,0.9971594492594401,0.08973463624715805,0.4383532047271729,0.9767853418986002,0.0782356858253479,0.7099915504455566,1.0,0.010746785439550877,0.4900991439819336,1.0,0.010002127848565578
pushup,0.5424149513244629,0.6105332692464193,0.9911918044090271,0.5702379703521728,0.5724692026774089,0.981468141078949,0.5132322788238526,0.5738739649454753,0.977167546749115,0.6113568782806397,0.525304667154948,0.8007845878601074,0.4764164924621582,0.529428259531657,0.7241063117980957,0.6551650047302247,0.5822563171386719,0.9858945608139038,0.4228071212768555,0.5773183822631835,0.9809680581092834,0.6863137245178222,0.8303120930989584,0.9260551929473877,0.36998615264892576,0.8137017567952474,0.8779726624488831,0.70268874168396,0.9840095520019532,0.7825513482093811,0.34786419868469237,1.0,0.6909051537513733,0.596265459060669,0.8152878443400066,0.7870355248451233,0.4441197872161865,0.8156364440917969,0.7428829073905945,0.6495893955230713,0.9789745330810546,0.09400057047605515,0.4300243854522705,0.9560143788655598,0.07735966145992279,0.6984465599060059,1.0,0.011276818811893463,0.4788689613342285,0.9967076619466145,0.010077549144625664
pushup,0.5479411125183106,0.6082057317097982,0.9915050864219666,0.5748415946960449,0.5707171758015951,0.9789632558822632,0.5188586711883545,0.5711218516031901,0.9812406897544861,0.6126089096069336,0.5234905878702799,0.733535647392273,0.4792013168334961,0.5251951217651367,0.7791357040405273,0.6512473583221435,0.5761075337727865,0.9829686284065247,0.42316379547119143,0.5743911107381184,0.9830873012542725,0.6819012641906739,0.8232759475708008,0.9142118692398071,0.36866757869720457,0.8203450520833333,0.9002745747566223,0.695933723449707,0.9761447906494141,0.7728883624076843,0.3550821304321289,1.0,0.7394620776176453,0.5939291000366211,0.7911523818969727,0.79828280210495,0.4434767723083496,0.7948216120402019,0.7794700860977173,0.6497806549072266,0.9588863372802734,0.11385977268218994,0.4240987777709961,0.9499379475911458,0.10644294321537018,0.6838088989257812,1.0,0.014219998382031918,0.4517078399658203,0.9971248626708984,0.013606933876872063
pushup,0.5449056625366211,0.610015869140625,0.9911606907844543,0.5725900173187256,0.5735685348510742,0.9803973436355591,0.5163665771484375,0.5737531026204427,0.9776711463928223,0.6120566844940185,0.5239939371744792,0.7806490659713745,0.4791060447692871,0.5254130681355794,0.7341086864471436,0.6528683662414551,0.5777102788289388,0.9860379099845886,0.4232658863067627,0.5738784790039062,0.9812915325164795,0.6819380283355713,0.8273836135864258,0.9284505248069763,0.3761299610137939,0.8176884969075521,0.8804181218147278,0.6963540554046631,0.9859320322672526,0.7770782709121704,0.35556902885437014,1.0,0.6807380318641663,0.5940931797027588,0.8392489115397136,0.7999776601791382,0.4430869102478027,0.8410598754882812,0.7552537322044373,0.6519957065582276,1.0,0.08367183059453964,0.4357313632965088,0.9824441909790039,0.06829739362001419,0.6973441123962403,1.0,0.01010817289352417,0.48849024772644045,1.0,0.008913809433579445
pushup,0.5342391490936279,0.6113728841145833,0.9914480447769165,0.5623285293579101,0.5801647822062175,0.9808893799781799,0.5096093654632569,0.5761951446533203,0.974334716796875,0.5996074676513672,0.5345143000284831,0.8035394549369812,0.47496914863586426,0.5260278701782226,0.70207679271698,0.6385364532470703,0.5904380162556966,0.9873221516609192,0.4164130687713623,0.5848753611246745,0.9798532724380493,0.6826025962829589,0.8255750020345052,0.9431171417236328,0.3728226661682129,0.8213668823242187,0.8784841895103455,0.7128911018371582,0.9994406382242839,0.8303942680358887,0.35035147666931155,1.0,0.7102037072181702,0.5880330085754395,0.8884074529012044,0.7161407470703125,0.4426386833190918,0.8906552632649739,0.6393624544143677,0.6456483840942383,0.9764379501342774,0.055582620203495026,0.4400343894958496,0.958501688639323,0.04097890853881836,0.6843388080596924,0.9801457087198894,0.008327067829668522,0.5108350276947021,0.9548257827758789,0.006797537673264742
pushup,0.5155345439910889,0.6053352355957031,0.9913171529769897,0.5434488773345947,0.5763723373413085,0.9786558151245117,0.4924930095672607,0.5696855545043945,0.9770984649658203,0.5805991649627685,0.5311324437459309,0.7783164381980896,0.4603564262390137,0.5167921384175619,0.7334676384925842,0.6184324741363525,0.5811155319213868,0.9861873388290405,0.4026987075805664,0.5676197052001953,0.9827082753181458,0.6576985359191895,0.8258923848470052,0.9254307746887207,0.37067432403564454,0.814089584350586,0.8956577777862549,0.6873268127441406,0.9755030314127604,0.7708984613418579,0.35050172805786134,1.0,0.7055212259292603,0.5715964794158935,0.8654085795084635,0.7471842765808105,0.42987813949584963,0.8644126892089844,0.7100444436073303,0.6460962295532227,0.9896732966105143,0.06379979103803635,0.4428438186645508,0.9611361185709636,0.05668303743004799,0.6839434623718261,1.0,0.008830098435282707,0.5097150802612305,0.9925174077351888,0.008308058604598045
pushup,0.5022722244262695,0.5929683049519857,0.9925330877304077,0.5280505657196045,0.5612312952677408,0.9759765267372131,0.47561869621276853,0.5592140833536784,0.9825835824012756,0.5624551773071289,0.5150293350219727,0.7128648161888123,0.43788919448852537,0.5107554117838542,0.8087269067764282,0.6045994758605957,0.5721750259399414,0.9850481748580933,0.3905376672744751,0.5730339050292969,0.9889394640922546,0.6472741603851319,0.8088048934936524,0.9048573970794678,0.36326606273651124,0.8127358754475912,0.9257053136825562,0.6796509742736816,0.9829059600830078,0.7190604209899902,0.3447451114654541,0.9992286682128906,0.7598110437393188,0.5841658115386963,0.9088361104329427,0.719132661819458,0.4453829288482666,0.9148367563883464,0.7362121939659119,0.6252823352813721,1.0,0.044512901455163956,0.4490989685058594,0.9903065999348958,0.04796814173460007,0.6641595840454102,1.0,0.006685370579361916,0.5397887706756592,0.991308085123698,0.007122817914932966
pushup,0.48357572555541994,0.5817483266194662,0.9918155074119568,0.5096164226531983,0.5482522328694661,0.9779796600341797,0.456938648223877,0.5480353673299153,0.9791277050971985,0.5472475528717041,0.5018596013387044,0.7697559595108032,0.4221224308013916,0.5020064036051433,0.765529990196228,0.5945891380310059,0.5555158615112304,0.9874883890151978,0.37588701248168943,0.5640557607014974,0.9863618612289429,0.6444820880889892,0.7952282587687175,0.9271054863929749,0.35215513706207274,0.8129965464274088,0.9154878854751587,0.6652728080749511,0.9822292963663737,0.7761499881744385,0.35143580436706545,1.0,0.7519201636314392,0.5669477462768555,0.8548778533935547,0.8005074262619019,0.42364134788513186,0.8641694386800131,0.787077784538269,0.618910837173462,0.9942267100016277,0.07877141982316971,0.4257796287536621,0.984774653116862,0.07502371817827225,0.6519875526428223,1.0,0.010282364673912525,0.49657506942749025,1.0,0.009996388107538223
pushup,0.47783551216125486,0.580954106648763,0.9915916919708252,0.5027879238128662,0.5450770696004231,0.9785135984420776,0.4482712268829346,0.549330202738444,0.9783959984779358,0.5417502403259278,0.49330342610677086,0.7684195041656494,0.41220998764038086,0.5040259043375651,0.7615681290626526,0.5903404235839844,0.5539796193440755,0.986956000328064,0.3683480262756348,0.5655204137166341,0.9861125349998474,0.6401012420654297,0.8009114583333333,0.9176784753799438,0.3425914764404297,0.8178433736165365,0.8943831324577332,0.6653970241546631,0.9715840657552083,0.7339755892753601,0.3450930595397949,1.0,0.6724292039871216,0.5595827579498291,0.8811875025431315,0.7472198009490967,0.41675357818603515,0.8922792434692383,0.7182366847991943,0.601478099822998,1.0,0.04396155849099159,0.43262901306152346,1.0,0.03963516280055046,0.6493480682373047,1.0,0.005627780687063932,0.5277490615844727,0.9906578063964844,0.005332766566425562
pushup,0.47682642936706543,0.5880185445149739,0.9916812777519226,0.502592134475708,0.5517235438028971,0.9772329926490784,0.44658603668212893,0.5543373743693034,0.9802369475364685,0.5407647132873535,0.49952500661214194,0.7380499839782715,0.40812125205993655,0.5064109802246094,0.7841579914093018,0.5890343189239502,0.5576121012369791,0.9852247834205627,0.3637924432754517,0.5665898640950521,0.9873794317245483,0.6314706802368164,0.8061071395874023,0.9082499146461487,0.3396275520324707,0.8206422805786133,0.9112403392791748,0.6561304569244385,0.9880552927652995,0.7108739018440247,0.3443139553070068,1.0,0.7061637043952942,0.5635018348693848,0.8881563822428385,0.7736002206802368,0.41678562164306643,0.8976116180419922,0.7697762846946716,0.6023473739624023,1.0,0.04943437874317169,0.4177635669708252,1.0,0.04967935383319855,0.6458456993103028,1.0,0.006534124258905649,0.5025558948516846,1.0,0.00665409816429019
pushup,0.47835402488708495,0.6042492548624675,0.991707980632782,0.5045631885528564,0.5671433130900065,0.9793093204498291,0.4483382225036621,0.5699863433837891,0.9804656505584717,0.5440946102142334,0.5171511967976888,0.7623928189277649,0.41065406799316406,0.5244758605957032,0.7653107643127441,0.59281005859375,0.5813538869222005,0.983417809009552,0.36691932678222655,0.5818461736043294,0.9841115474700928,0.6389562606811523,0.8285728454589844,0.8991906642913818,0.3342252254486084,0.8179237365722656,0.8972121477127075,0.6477822303771973,0.9915736516316732,0.7277159690856934,0.3414175033569336,1.0,0.7181370258331299,0.5558109760284424,0.8888991673787435,0.7312343120574951,0.40772271156311035,0.8939133961995442,0.7229289412498474,0.5975814819335937,1.0,0.04815429821610451,0.4039901256561279,1.0,0.04844067618250847,0.6355727672576904,1.0,0.006936575286090374,0.47368664741516114,0.9986044565836588,0.006985814310610294
pushup,0.48352994918823244,0.6241229375203451,0.9919819235801697,0.5094531059265137,0.5861710866292318,0.9765965342521667,0.4533838272094727,0.587899907430013,0.9817365407943726,0.546768045425415,0.5353706995646159,0.6776903867721558,0.4098813533782959,0.5396717071533204,0.7712190747261047,0.5944229125976562,0.5984492619832357,0.9801735877990723,0.36154446601867674,0.6036233266194662,0.9769061207771301,0.6447821617126465,0.8269688288370768,0.9143277406692505,0.3297732830047607,0.8287052154541016,0.8950863480567932,0.6671975135803223,1.0,0.8254926800727844,0.3466968536376953,1.0,0.807529866695404,0.5644166946411133,0.8966836929321289,0.6997237801551819,0.4088961124420166,0.9044959386189778,0.6776307225227356,0.6172754287719726,0.988748296101888,0.05914181098341942,0.3900455951690674,0.9787496566772461,0.053288623690605164,0.660222339630127,0.9664274851481119,0.010245448909699917,0.4506178855895996,0.9373271942138672,0.009415057487785816
pushup,0.49162635803222654,0.6475576400756836,0.9907337427139282,0.5187096118927002,0.6114868799845378,0.9753114581108093,0.4618131160736084,0.6103627522786458,0.9789943695068359,0.5558443546295166,0.5631123224894206,0.7074832916259766,0.4185466766357422,0.5614307403564454,0.7673980593681335,0.6061980247497558,0.625298817952474,0.9773163199424744,0.3673226356506348,0.6252344767252604,0.9755234122276306,0.6456643104553222,0.8372046788533528,0.8845133781433105,0.33556625843048093,0.8374842325846354,0.8655440807342529,0.6633503913879395,1.0,0.7674760818481445,0.3423930168151855,1.0,0.7473925352096558,0.5728424549102783,0.9457270940144856,0.573278546333313,0.4171281337738037,0.9463137308756511,0.5548669099807739,0.6046635627746582,0.9935944875081381,0.041485629975795746,0.3929446697235107,0.9546539306640625,0.03699161112308502,0.6339684009552002,0.988012186686198,0.009510439820587635,0.47347373962402345,0.917375119527181,0.008956143632531166
pushup,0.5036248207092285,0.6847066879272461,0.9909810423851013,0.5289379596710205,0.646175765991211,0.9727357029914856,0.4713903427124023,0.6488897959391277,0.9819551110267639,0.5649957180023193,0.5916691462198893,0.6300162076950073,0.42457242012023927,0.5990733464558919,0.8013800382614136,0.6123854637145996,0.6440065383911133,0.9728427529335022,0.3742230415344238,0.6506415685017903,0.9749882817268372,0.6489523410797119,0.8370354970296224,0.869681179523468,0.33767037391662597,0.8437369664510092,0.8703728914260864,0.6680187702178955,1.0,0.7661657929420471,0.3489108085632324,1.0,0.7726650238037109,0.5709440231323242,0.9438663482666015,0.5682737231254578,0.41588006019592283,0.9477933883666992,0.5634980797767639,0.5995827198028565,0.9871316274007161,0.04596944898366928,0.3901798248291016,0.9578090667724609,0.04295673593878746,0.6287216186523438,0.9807756423950196,0.011395963840186596,0.46129961013793946,0.9192991892496745,0.010856300592422485
pushup,0.5113307952880859,0.724597676595052,0.9891002774238586,0.5387739658355712,0.6859622955322265,0.9717804193496704,0.47963657379150393,0.6872869491577148,0.9809154272079468,0.5766748428344727,0.6270249684651693,0.6621694564819336,0.43465518951416016,0.6309430440266927,0.802215039730072,0.6292043685913086,0.6710886637369792,0.9609028697013855,0.37320733070373535,0.673265012105306,0.969205915927887,0.6556851387023925,0.8512507756551106,0.8027215003967285,0.33825392723083497,0.8516777038574219,0.8286815285682678,0.6641400337219239,1.0,0.6740900278091431,0.3457926273345947,1.0,0.7019495368003845,0.5793113708496094,0.9425785064697265,0.4297567307949066,0.41593589782714846,0.9425227483113606,0.4419719874858856,0.6140507698059082,0.9783007303873698,0.03559979796409607,0.39003064632415774,0.9299107869466146,0.03526795655488968,0.6610043048858643,0.9968187967936198,0.010435780510306358,0.4861924171447754,0.9156580607096354,0.010678871534764767
pushup,0.5138862133026123,0.7668497721354167,0.9870690107345581,0.5453626632690429,0.7293796539306641,0.9712982773780823,0.48378949165344237,0.7253850936889649,0.9827321767807007,0.5851884841918945,0.6780205408732096,0.6257927417755127,0.43793377876281736,0.6676984151204427,0.8096994757652283,0.6299193859100342,0.7270262400309245,0.8996994495391846,0.3772535800933838,0.7097279866536458,0.9567430019378662,0.6744583129882813,0.8931442896525065,0.5449275374412537,0.32507202625274656,0.8687504450480144,0.7633888125419617,0.6616992473602294,0.9956912994384766,0.5283812880516052,0.34598455429077146,1.0,0.6846298575401306,0.5735215187072754,0.9624046325683594,0.22309325635433197,0.41751370429992674,0.9545530954996745,0.28783607482910156,0.5799115180969239,0.9590391159057617,0.029175961390137672,0.3931698799133301,0.9236283620198568,0.04056692495942116,0.5859711647033692,0.9815597534179688,0.013501464389264584,0.481459379196167,0.9380352020263671,0.017236847430467606
pushup,0.51865553855896,0.8148944854736329,0.9841343760490417,0.5514080047607421,0.7809399922688802,0.9699998497962952,0.4910441398620605,0.7732768376668294,0.9785249829292297,0.5903800010681153,0.7355959574381511,0.6834158301353455,0.44692063331604004,0.7157835642496745,0.7971314191818237,0.635244083404541,0.7840538660685221,0.9144093990325928,0.38030741214752195,0.7499483744303386,0.9481043219566345,0.6821371078491211,0.9463124593098958,0.5320493578910828,0.3247395038604736,0.8927183151245117,0.6736403107643127,0.661965274810791,0.9991522471110026,0.4943207800388336,0.3408168077468872,1.0,0.5837437510490417,0.568138313293457,0.9989615122477213,0.17352662980556488,0.41536741256713866,0.9820627848307292,0.20039939880371094,0.565306568145752,0.9667803446451823,0.026455186307430267,0.40147104263305666,0.9136899948120117,0.03200381621718407,0.5666159629821778,1.0,0.013418996706604958,0.5116203308105469,0.939463742574056,0.015944309532642365
pushup,0.5271218299865723,0.8624221165974935,0.9778022766113281,0.5569713115692139,0.8238779703776041,0.9528934955596924,0.4979249000549316,0.8226148605346679,0.9848049283027649,0.5922120094299317,0.7796982447306315,0.4329768717288971,0.44765372276306153,0.7723832448323568,0.8658081293106079,0.6205434322357177,0.8380282719930013,0.7538009881973267,0.3751228332519531,0.8013798395792643,0.8744553327560425,0.6570367336273193,0.9651299794514974,0.20971444249153137,0.315175724029541,0.9100208282470703,0.4278669059276581,0.6200888156890869,0.9040044148763021,0.2577621340751648,0.369354772567749,0.9981856028238932,0.4003113806247711,0.5270464897155762,0.9796052932739258,0.07331633567810059,0.3794131278991699,0.9650894165039062,0.09712095558643341,0.5288379192352295,0.937640380859375,0.02651446871459484,0.37142043113708495,0.8986555099487304,0.035425398498773575,0.5687698364257813,0.9670391082763672,0.024609103798866272,0.48965816497802733,0.9239337921142579,0.0298288743942976
pushup,0.5186202526092529,0.9158683141072591,0.9462363719940186,0.5489990234375,0.8806867599487305,0.9455468654632568,0.49272918701171875,0.8742434819539388,0.9763177633285522,0.5815872192382813,0.8540079752604167,0.5036742091178894,0.44675397872924805,0.8355418523152669,0.8493378758430481,0.595011043548584,0.9137702941894531,0.43950220942497253,0.3826547384262085,0.8917306900024414,0.5818827748298645,0.6259773254394532,0.982794189453125,0.03333166241645813,0.3391077995300293,0.9665163040161133,0.06755059212446213,0.6021335124969482,0.9755874633789062,0.035798195749521255,0.4210625648498535,0.9806131998697917,0.06495026499032974,0.5175671100616455,1.0,0.010089549235999584,0.40032782554626467,1.0,0.012474993243813515,0.5182631492614747,0.9468954086303711,0.008727218955755234,0.4434537887573242,0.9197363535563151,0.011055871844291687,0.49105110168457033,0.9365980148315429,0.019169222563505173,0.553798770904541,0.9019859949747722,0.02157052420079708
pushup,0.5262786388397217,0.9597928365071614,0.9418960213661194,0.5553042888641357,0.9213466644287109,0.9348651170730591,0.4978012561798096,0.920238749186198,0.9743591547012329,0.5850345611572265,0.8765622456868489,0.4145953059196472,0.4437432289123535,0.8685828526814778,0.8498531579971313,0.597077465057373,0.9035065333048503,0.5140132308006287,0.3793769836425781,0.9030689875284831,0.589766800403595,0.6469764232635498,0.972309939066569,0.05321400612592697,0.336060905456543,0.9804686228434245,0.061147548258304596,0.6319872379302979,0.9962113062540691,0.04577069357037544,0.3781466007232666,0.9907385508219401,0.056610748171806335,0.5291142940521241,0.9804297129313151,0.013872608542442322,0.4146105289459229,0.9874345143636067,0.013896999880671501,0.5120576381683349,0.9516498565673828,0.01019724179059267,0.4700626373291016,0.9461617151896159,0.010015555657446384,0.5099516868591308,0.9070400873819987,0.018233515322208405,0.6208329200744629,0.8930646260579427,0.01733754575252533
pushup,0.5230656623840332,0.9996173858642579,0.9107246398925781,0.5543637275695801,0.9623823801676432,0.9202628135681152,0.49493207931518557,0.9590812683105469,0.9688131213188171,0.585079574584961,0.9205244064331055,0.37018826603889465,0.43960185050964357,0.9085014979044597,0.817034125328064,0.5897387027740478,0.9176143646240235,0.3608093559741974,0.37219672203063964,0.9225306193033854,0.3707071840763092,0.66256103515625,0.9485703786214192,0.038151878863573074,0.321058988571167,0.9935885111490885,0.03384074568748474,0.643600606918335,0.9091746648152669,0.04019035026431084,0.37956724166870115,0.9735757191975911,0.0381624661386013,0.498581075668335,0.9416703542073568,0.01565980538725853,0.37525742053985595,0.9501391092936198,0.013560062274336815,0.5177257537841797,0.938396135965983,0.012576526030898094,0.4288142681121826,0.9421849568684896,0.011203854344785213,0.5069237232208252,0.8218802134195964,0.033893026411533356,0.5441457271575928,0.8216150283813477,0.029426274821162224
pushup,0.5061150550842285,1.0,0.7225867509841919,0.5385746002197266,0.982266362508138,0.8107192516326904,0.47774600982666016,0.9790790557861329,0.756714403629303,0.5845478057861329,0.9341427485148112,0.37673166394233704,0.4343121528625488,0.9268976211547851,0.24703697860240936,0.6111984252929688,0.8996959050496419,0.25878259539604187,0.38995392322540284,0.9054609298706054,0.22106079757213593,0.6750300407409668,0.8982824961344401,0.10281431674957275,0.31911454200744627,0.9346522649129232,0.07562534511089325,0.6574824810028076,0.8479204813639323,0.1677771657705307,0.3791999340057373,0.8620475769042969,0.1315614879131317,0.5483451366424561,0.8649916330973307,0.04262804985046387,0.4153420448303223,0.8689220428466797,0.036189671605825424,0.557895278930664,0.8460494995117187,0.04034171998500824,0.4094989776611328,0.8500473658243816,0.03445342183113098,0.5139251708984375,0.813089116414388,0.07467687129974365,0.45759334564208987,0.8202454884847005,0.06490922719240189
pushup,0.5033791542053223,1.0,0.48147886991500854,0.5193413257598877,0.9867762247721354,0.596422016620636,0.4842978477478027,0.9895228068033854,0.5483437180519104,0.5554570198059082,0.9674718221028645,0.3227407932281494,0.4614406585693359,0.9768490473429362,0.1796993911266327,0.5805427074432373,0.9455790201822917,0.20731626451015472,0.4748377799987793,0.9459140777587891,0.17676538228988647,0.6438979148864746,0.9044556299845378,0.10708680748939514,0.5228249549865722,0.8983293533325195,0.13849060237407684,0.664198350906372,0.8885042190551757,0.19952522218227386,0.6551012516021728,0.87613951365153,0.20095419883728027,0.5450235843658447,0.8647325515747071,0.14447076618671417,0.4709939956665039,0.8623401641845703,0.1382320076227188,0.5704304695129394,0.7961788177490234,0.16638945043087006,0.45783119201660155,0.7994717280069987,0.17873211205005646,0.5208178520202636,0.7345962524414062,0.3764994442462921,0.419506311416626,0.7412928263346354,0.37667304277420044
pushup,0.5136860847473145,0.9572150548299153,0.04923858121037483,0.49918808937072756,0.9627663294474283,0.020500855520367622,0.5253853797912598,0.9637000401814778,0.033059459179639816,0.4640061378479004,0.9846472422281901,0.340537965297699,0.5513997077941895,0.9887796401977539,0.5421004295349121,0.42369928359985354,0.9995295842488606,0.7979431748390198,0.5874523162841797,0.9831338246663411,0.8880393505096436,0.3687304496765137,0.9313130696614583,0.6575111150741577,0.6272912979125976,0.895671017964681,0.8371771574020386,0.3475022792816162,0.8747700373331706,0.6650285720825195,0.6444672584533692,0.8858702977498373,0.8063241839408875,0.4286982536315918,0.8719963709513346,0.80817711353302,0.5356116771697998,0.8647602081298829,0.8639030456542969,0.43459219932556153,0.7511182149251302,0.7690486907958984,0.535896635055542,0.7527847290039062,0.8395352959632874,0.4540444850921631,0.6829170227050781,0.7731629014015198,0.5093518733978272,0.6970225016276042,0.8152239322662354
pushup,0.4977832317352295,0.9261479695638021,0.032930612564086914,0.48332653045654295,0.9309271494547526,0.016805805265903473,0.507389497756958,0.9347131093343098,0.014643543399870396,0.45148134231567383,0.963184102376302,0.30935487151145935,0.5324135303497315,0.9757699966430664,0.26796168088912964,0.40758600234985354,0.9902104695638021,0.7538400292396545,0.5857741355895996,0.9817320505777994,0.7226897478103638,0.35398082733154296,0.9409784317016602,0.6620210409164429,0.6315635681152344,0.9141952514648437,0.6173195838928223,0.35958194732666016,0.8517265319824219,0.717576801776886,0.6502275943756104,0.8938219706217448,0.6643911600112915,0.42235722541809084,0.8967829386393229,0.7958382368087769,0.5348246097564697,0.8948307037353516,0.7844139933586121,0.42699270248413085,0.7440523783365885,0.8515207171440125,0.5327041625976563,0.7566305160522461,0.8459449410438538,0.4581974983215332,0.6793613433837891,0.8694625496864319,0.49930477142333984,0.7005942026774089,0.8609896302223206
pushup,0.5143262863159179,0.9281362533569336,0.010680594481527805,0.4956960678100586,0.9363082885742188,0.0029222031589597464,0.5236056327819825,0.9392647425333659,0.006520963739603758,0.45093398094177245,0.974573262532552,0.18780985474586487,0.5516597747802734,0.9843692779541016,0.5123437643051147,0.4124271392822266,1.0,0.7862076759338379,0.5972567081451416,0.9868051528930664,0.9023621082305908,0.3689556121826172,0.9575819651285807,0.674103856086731,0.6499049663543701,0.9201642990112304,0.8859066963195801,0.3690535306930542,0.8751761754353841,0.6672958135604858,0.6522639274597168,0.9250043869018555,0.8388083577156067,0.42215676307678224,0.914630635579427,0.8795799612998962,0.5431508541107177,0.907525634765625,0.9250158667564392,0.4278615951538086,0.7786141713460286,0.8541306257247925,0.5437157630920411,0.7775196075439453,0.9115369915962219,0.445146369934082,0.735746192932129,0.8260941505432129,0.5181363105773926,0.7439226786295573,0.8686221241950989
pushup,0.4985965251922607,0.9074360529581705,0.013522732071578503,0.4836843490600586,0.9195105870564778,0.00513711990788579,0.51210036277771,0.9193575541178386,0.006987815722823143,0.4480031967163086,0.9668610890706381,0.3360612392425537,0.5517492771148682,0.9670738220214844,0.4755617082118988,0.41440372467041015,1.0,0.7984196543693542,0.5960011005401611,0.9701439539591471,0.9035983681678772,0.36227831840515134,0.9644478480021159,0.6252081394195557,0.6447313308715821,0.9037698109944662,0.856943666934967,0.361053991317749,0.8952946345011393,0.5896814465522766,0.6487304210662842,0.9125584284464519,0.7851700186729431,0.4249305248260498,0.9070183436075846,0.8280788660049438,0.544379997253418,0.8928735097249348,0.8927067518234253,0.42456636428833006,0.768821907043457,0.8094878792762756,0.5377967357635498,0.757144037882487,0.8859195113182068,0.44858722686767577,0.7529155731201171,0.7807338237762451,0.5299282550811768,0.7553518931070964,0.8392673134803772
pushup,0.5054701805114746,0.9350135803222657,0.024919956922531128,0.4898015022277832,0.943366813659668,0.009481054730713367,0.5178888320922852,0.9448724746704101,0.013270040974020958,0.45354018211364744,0.9766976674397786,0.3738878071308136,0.5527721881866455,0.9820518493652344,0.5313640832901001,0.4183209896087646,0.9978163401285808,0.8553670048713684,0.5967761516571045,0.980463981628418,0.9254721999168396,0.3643301486968994,0.9533488591512044,0.7264077663421631,0.6429049491882324,0.9185712814331055,0.8842577338218689,0.35588052272796633,0.8824103037516277,0.6979344487190247,0.6485265731811524,0.908470344543457,0.8316938281059265,0.4292088508605957,0.8957624435424805,0.8737336993217468,0.5452762126922608,0.8871907552083333,0.9159156084060669,0.4310798168182373,0.759580421447754,0.8374176621437073,0.5382797718048096,0.7545494079589844,0.8941110372543335,0.4495401382446289,0.7121266682942708,0.8137471675872803,0.5177786350250244,0.7160385131835938,0.8550975918769836
pushup,0.5244473934173584,0.9668258666992188,0.011873751878738403,0.5047182559967041,0.9672982533772786,0.0034004156477749348,0.5383992195129395,0.9704968770345052,0.011366878636181355,0.44876370429992674,0.9793724060058594,0.22341452538967133,0.5701341152191162,0.9892405192057292,0.6754624843597412,0.40521960258483886,0.9817745208740234,0.6911951303482056,0.6021008014678955,0.9797735214233398,0.8555632829666138,0.3606281757354736,0.9338338216145833,0.45404163002967834,0.6332710266113282,0.9208216985066732,0.7604003548622131,0.32323169708251953,0.8840254465738933,0.3530769348144531,0.6463767051696777,0.8913984934488932,0.6062116622924805,0.4093326568603516,0.9061029434204102,0.4915062487125397,0.5438180446624756,0.9047411600748698,0.6149371862411499,0.4232811450958252,0.8062436421712239,0.3024207651615143,0.5847762107849122,0.8082431157430013,0.42657727003097534,0.4256533145904541,0.8021512985229492,0.22175011038780212,0.5629874706268311,0.8023969014485677,0.27783796191215515
pushup,0.5068081855773926,1.0,0.1948888599872589,0.5172234058380127,0.9912117640177409,0.2092696577310562,0.4883754253387451,0.9936565399169922,0.32320886850357056,0.5408175468444825,0.9596538543701172,0.078655906021595,0.4587539196014404,0.9696271896362305,0.16515833139419556,0.5639372825622558,0.9201619466145833,0.0653488039970398,0.451902437210083,0.940098762512207,0.1028786152601242,0.6082249164581299,0.8687721888224283,0.04225001111626625,0.49495849609375,0.9194061279296875,0.10764767974615097,0.5980398654937744,0.8413812001546224,0.09695650637149811,0.6545157909393311,0.8527870178222656,0.17030613124370575,0.5335257530212403,0.8500240325927735,0.08836071193218231,0.4578728675842285,0.8573329289754231,0.10713585466146469,0.5576638221740723,0.7872768402099609,0.14545676112174988,0.45553951263427733,0.7941747665405273,0.1854570508003235,0.4857462406158447,0.7293439865112304,0.4071221947669983,0.4224306583404541,0.7274238586425781,0.4349807798862457
pushup,0.5106264591217041,1.0,0.7476400136947632,0.5471611499786377,0.9652263641357421,0.8067850470542908,0.48093314170837403,0.960125478108724,0.9175935387611389,0.5863791942596436,0.9243301391601563,0.3034380376338959,0.4276881217956543,0.908374532063802,0.7131891846656799,0.5981579780578613,0.9125033060709635,0.14919301867485046,0.356465482711792,0.9025078455607096,0.27158230543136597,0.6408339500427246,0.9401586532592774,0.013113043271005154,0.2923638343811035,0.9373115539550781,0.03125626593828201,0.5850696563720703,0.9462303797403971,0.01463916152715683,0.3375070095062256,0.9058450698852539,0.02998654916882515,0.48247404098510743,0.9362011591593424,0.010494724847376347,0.3457630157470703,0.9306828180948893,0.013148925267159939,0.4868001461029053,0.950494893391927,0.009598811157047749,0.3954794883728027,0.9177179972330729,0.012790242210030556,0.45198979377746584,0.8588288625081381,0.03081979975104332,0.5181913375854492,0.8112013498942058,0.036914389580488205
pushup,0.5100698947906495,0.9382316589355468,0.9270114302635193,0.5427156448364258,0.9052504221598308,0.9246363639831543,0.4845285415649414,0.895944086710612,0.9671525359153748,0.5748207092285156,0.87867431640625,0.4642251431941986,0.4352503776550293,0.8527631123860677,0.8437752723693848,0.5745996475219727,0.9167991638183594,0.5490500330924988,0.3673101902008057,0.8925095876057942,0.6192492246627808,0.5849687099456787,1.0,0.05808088928461075,0.34441099166870115,0.997903569539388,0.08037459850311279,0.5385328769683838,1.0,0.05139762908220291,0.45262393951416013,0.9940647761027018,0.07255744189023972,0.48559021949768066,0.9887306213378906,0.018254311755299568,0.3697220802307129,0.9834100087483724,0.018270820379257202,0.49935712814331057,0.9596532821655274,0.012012047693133354,0.43833208084106445,0.9331093470255534,0.01312637235969305,0.45806355476379396,0.9250193277994792,0.020108478143811226,0.5493908405303956,0.8907918930053711,0.020829135552048683
pushup,0.5083867073059082,0.882648213704427,0.9397724270820618,0.5352338314056396,0.8560665766398112,0.9020906090736389,0.4907546520233154,0.8476427714029948,0.9601559638977051,0.558450984954834,0.8279933929443359,0.3487883508205414,0.448162317276001,0.8022890090942383,0.816144585609436,0.5499458312988281,0.8629945755004883,0.6995843648910522,0.36347184181213377,0.8434244791666666,0.8003069758415222,0.5460704803466797,0.9584153493245443,0.2084922194480896,0.3069755077362061,0.9634084065755208,0.2535746693611145,0.5447070121765136,0.9319103240966797,0.16261903941631317,0.34382784366607666,0.9681470235188802,0.19563040137290955,0.4708566188812256,0.9540070215861003,0.08187498897314072,0.36032555103302,0.9514676411946614,0.08116930723190308,0.4950895309448242,0.9513417561848958,0.02990862727165222,0.37889680862426756,0.9148483912150065,0.028921309858560562,0.5361574649810791,0.9351046880086263,0.029762331396341324,0.502807903289795,0.8805344899495443,0.029446547850966454
pushup,0.513062572479248,0.82024720509847,0.9757478833198547,0.5418956279754639,0.7859182993570963,0.9592950940132141,0.4850629329681396,0.7825464248657227,0.9788049459457397,0.5779886722564698,0.7526099522908528,0.6275596022605896,0.44053092002868655,0.7439671834309896,0.8420324921607971,0.6164695262908936,0.8140931447347005,0.8611024022102356,0.3728224515914917,0.7929361979166667,0.893432080745697,0.6819787502288819,0.949270502726237,0.2760354280471802,0.31244487762451173,0.9188004811604817,0.37834081053733826,0.6592019081115723,0.9728378295898438,0.25421637296676636,0.363712739944458,0.9894982020060221,0.32691943645477295,0.5339743137359619,0.9685197830200195,0.08566755056381226,0.39252915382385256,0.9617295583089193,0.0943770483136177,0.5649583816528321,0.9086283365885417,0.024572717025876045,0.4396793365478516,0.8773016611735026,0.028953906148672104,0.5462440013885498,0.9021237055460612,0.026414787396788597,0.5464661121368408,0.8614451090494791,0.029273275285959244
pushup,0.5136052131652832,0.7597515106201171,0.9841470718383789,0.5450876235961915,0.7221998850504557,0.9651741981506348,0.4842512130737305,0.7168998718261719,0.9815954566001892,0.58216872215271,0.6814231872558594,0.613430917263031,0.43598642349243166,0.6675038655598958,0.8336330652236938,0.629457426071167,0.7679581960042318,0.872772753238678,0.3735469579696655,0.7462608337402343,0.9502057433128357,0.6882448196411133,0.9355234781901042,0.2932249903678894,0.32020888328552244,0.9006070454915365,0.5721477270126343,0.6546854972839355,1.0,0.28638026118278503,0.3364581108093262,1.0,0.47182103991508484,0.5687779426574707,1.0,0.07725144922733307,0.4261315822601318,1.0,0.1126529723405838,0.5208798885345459,0.9577069600423177,0.016295988112688065,0.42661080360412595,0.9139687856038411,0.02382827177643776,0.4953320503234863,0.9890607198079427,0.011622312478721142,0.5633628368377686,0.9354921340942383,0.015294212847948074
pushup,0.5087152004241944,0.7111953735351563,0.9873336553573608,0.5405195236206055,0.6739952087402343,0.9744452238082886,0.4815346717834473,0.6693373362223307,0.9803063869476318,0.5788306713104248,0.6352807362874349,0.7205653786659241,0.4390310287475586,0.6222099304199219,0.7981911897659302,0.6324123859405517,0.7219285329182943,0.9219613075256348,0.37369790077209475,0.7112855275472005,0.9590646028518677,0.6888607501983642,0.8943310419718424,0.4873219430446625,0.329237699508667,0.886578623453776,0.6505035758018494,0.6738968372344971,0.981633186340332,0.4016070067882538,0.3408865451812744,1.0,0.4922802448272705,0.5820657730102539,1.0,0.11659479886293411,0.428778076171875,1.0,0.14311793446540833,0.5566687107086181,0.9381707509358724,0.01497888844460249,0.39620041847229004,0.892507807413737,0.018307870253920555,0.5677643775939941,0.9815120697021484,0.00834162998944521,0.5328479766845703,0.9194165547688802,0.0099226925522089
pushup,0.5100919723510742,0.6637642542521159,0.990605890750885,0.5399767875671386,0.6299449284871419,0.9780400991439819,0.48387956619262695,0.6255603154500325,0.9811649322509766,0.5772367000579834,0.5986162821451823,0.7486302256584167,0.44206576347351073,0.5877035776774089,0.7845830917358398,0.6166434288024902,0.6678721745808919,0.9639071226119995,0.3877992630004883,0.6702006022135417,0.9733686447143555,0.678975248336792,0.8347484588623046,0.8010383248329163,0.3261746406555176,0.8506373723347982,0.8382427096366882,0.6650325775146484,0.9999954223632812,0.7173319458961487,0.3431441307067871,1.0,0.7470988631248474,0.5672836780548096,0.9608328501383464,0.38361167907714844,0.42165470123291016,0.9629904429117838,0.40393486618995667,0.5684892177581787,0.943535041809082,0.028988119214773178,0.3882890224456787,0.93746337890625,0.030363913625478745,0.5438445568084717,0.9434453964233398,0.00908181443810463,0.45253825187683105,0.9264599482218424,0.009090125560760498
pushup,0.5100935459136963,0.6226048787434896,0.9917260408401489,0.5376389503479004,0.5878446578979493,0.9792190194129944,0.48306889533996583,0.585397466023763,0.9815956950187683,0.573026180267334,0.5560997645060222,0.7370939254760742,0.43940396308898927,0.550093142191569,0.7804453372955322,0.61471529006958,0.6373497645060221,0.9730129241943359,0.3867668151855469,0.6417501449584961,0.976584255695343,0.6775624275207519,0.8299213409423828,0.8585721850395203,0.3226125955581665,0.8431962966918946,0.8603760600090027,0.6670807361602783,1.0,0.7760535478591919,0.34072463512420653,1.0,0.7773425579071045,0.5748228549957275,0.9468097050984701,0.4812926948070526,0.42740845680236816,0.9513950347900391,0.4826516807079315,0.578735065460205,0.9515491485595703,0.03330386430025101,0.3892143726348877,0.9509419759114583,0.03180243447422981,0.5642192840576172,0.9331722259521484,0.008731069043278694,0.4468728542327881,0.9173508326212565,0.00815624836832285
pushup,0.5103176593780517,0.5894603093465169,0.992882251739502,0.5379068374633789,0.5503800074259441,0.9824051260948181,0.48131542205810546,0.5521505355834961,0.9823916554450989,0.5762104511260986,0.5156049728393555,0.7841669321060181,0.4404127597808838,0.5191500981648763,0.7767124772071838,0.6184428215026856,0.6081682205200195,0.9832640290260315,0.3889432668685913,0.6164291381835938,0.9834134578704834,0.6682847023010254,0.8287251154581706,0.8900126814842224,0.3282118320465088,0.8369345347086589,0.8686436414718628,0.6539875030517578,0.9963008880615234,0.741265594959259,0.3412505626678467,1.0,0.7159063816070557,0.5836704730987549,0.9349803924560547,0.612084686756134,0.4339743614196777,0.9449232737223308,0.5950375199317932,0.6104981422424316,0.9865620295206706,0.0350516252219677,0.41374592781066893,0.9910488128662109,0.0317126139998436,0.6303977012634278,0.9869702021280925,0.00669895950704813,0.48697195053100584,0.9766927083333333,0.006088610272854567
pushup,0.5107267379760743,0.5599296569824219,0.9932709336280823,0.5365170478820801,0.5212703704833984,0.979921817779541,0.4813076972961426,0.5240398406982422,0.9845037460327148,0.572355318069458,0.4879503568013509,0.744487464427948,0.43965940475463866,0.4941792170206706,0.8192038536071777,0.6167193412780761,0.5806313196818034,0.9853380918502808,0.3896170139312744,0.5917271931966146,0.9885393977165222,0.6600954532623291,0.8151040395100911,0.9008440971374512,0.33997793197631837,0.8303229014078776,0.9116732478141785,0.6607701301574707,0.9790051142374675,0.7406328320503235,0.3446040153503418,1.0,0.7585258483886719,0.5854927062988281,0.9114401499430339,0.7218074798583984,0.43500728607177735,0.921117655436198,0.7316029667854309,0.6152454853057862,1.0,0.04749515652656555,0.40704784393310545,0.9978923797607422,0.047719866037368774,0.6481380462646484,1.0,0.007494794670492411,0.4728728771209717,0.9766914367675781,0.007388329599052668
pushup,0.5054027557373046,0.5459347407023112,0.9924272894859314,0.5342696666717529,0.5063732782999675,0.9804878830909729,0.4759352207183838,0.5072994550069173,0.9808525443077087,0.5737903594970704,0.4726630528767904,0.8001878261566162,0.4377081871032715,0.47474034627278644,0.7849256992340088,0.6206177711486817,0.5724259694417317,0.9864610433578491,0.3872018814086914,0.5766423543294271,0.988267719745636,0.645172119140625,0.8278488159179688,0.8958656191825867,0.3547065258026123,0.8317742029825846,0.8953853249549866,0.6606311321258544,0.9962029774983724,0.6933826804161072,0.3462643623352051,1.0,0.6898916363716125,0.5869122505187988,0.9103402455647787,0.7044100761413574,0.4349204540252686,0.9138338724772136,0.7076162695884705,0.6145307540893554,1.0,0.047813672572374344,0.410798168182373,0.9852076848347981,0.04621271789073944,0.6679299354553223,1.0,0.007623107638210058,0.50120530128479,0.9695948282877604,0.00763271190226078
pushup,0.5053577899932862,0.5498830159505208,0.9918913841247559,0.5336246967315674,0.5111028671264648,0.9796125888824463,0.4760798454284668,0.5116757392883301,0.9786460995674133,0.5722482681274415,0.4753611882527669,0.803859293460846,0.4379509449005127,0.4772561391194661,0.7751665115356445,0.6190197467803955,0.5653537114461263,0.9885097146034241,0.38725619316101073,0.5731414159138998,0.9883937835693359,0.6417768955230713,0.8160190582275391,0.9160742163658142,0.3563577175140381,0.8318077087402344,0.897890567779541,0.6576234817504882,0.9774627685546875,0.7411524653434753,0.3451888084411621,1.0,0.7012457251548767,0.5807260513305664,0.8839414596557618,0.7802578210830688,0.4306507110595703,0.8875693003336589,0.7678983807563782,0.6035130977630615,1.0,0.07318279892206192,0.40435447692871096,0.9859779993693034,0.065489262342453,0.6466022968292237,1.0,0.010290161706507206,0.4820835590362549,0.974530029296875,0.009778168052434921
pushup,0.5080776214599609,0.559963607788086,0.9917200803756714,0.5354550838470459,0.5214325904846191,0.9773943424224854,0.4780031681060791,0.5225070953369141,0.9802890419960022,0.5730353355407715,0.48135331471761067,0.7674452066421509,0.4380639553070068,0.4845774968465169,0.7987254858016968,0.6210118293762207,0.5639966328938802,0.987092137336731,0.3855231523513794,0.5696166356404623,0.9884329438209534,0.6437604904174805,0.8239048004150391,0.9036516547203064,0.3566277980804443,0.8323519388834636,0.9009431004524231,0.6580662727355957,0.99400634765625,0.7065455913543701,0.34927797317504883,1.0,0.700454831123352,0.5820663928985595,0.8720677693684896,0.7570793032646179,0.4297659397125244,0.8754634221394857,0.7551950216293335,0.6118883609771728,1.0,0.07110285758972168,0.4104308128356934,0.9737679163614908,0.06804906576871872,0.6559612274169921,1.0,0.010598943568766117,0.4898685455322266,0.9691712697347005,0.010553635656833649
pushup,0.5088907718658447,0.561961046854655,0.9919671416282654,0.536170244216919,0.5229921340942383,0.9774921536445618,0.4783149719238281,0.5248217582702637,0.9813966751098633,0.5743674278259278,0.481822935740153,0.755255937576294,0.4383948802947998,0.4870004653930664,0.7989246249198914,0.6204706192016601,0.5652271270751953,0.9853470325469971,0.3871925830841064,0.5684992472330729,0.9871360063552856,0.642803955078125,0.8238646189371744,0.8941588997840881,0.3584401607513428,0.8230758666992187,0.8958832025527954,0.6598570346832275,1.0,0.6823371648788452,0.3469137191772461,1.0,0.687450110912323,0.579457950592041,0.880766232808431,0.7012789845466614,0.42780580520629885,0.883900006612142,0.7018298506736755,0.6213149070739746,1.0,0.05288626253604889,0.41964049339294435,0.9631531397501628,0.05162641033530235,0.6720990180969239,1.0,0.008507529273629189,0.5033830642700196,0.9586340586344401,0.008584609255194664
pushup,0.5059293746948242,0.5573315938313802,0.9926032423973083,0.531486701965332,0.518953005472819,0.9773369431495667,0.4776904582977295,0.5210481325785319,0.9812031388282776,0.5691267013549804,0.4780514399210612,0.738718569278717,0.43871183395385743,0.4841243108113607,0.7706888914108276,0.6180110931396484,0.56950257619222,0.9856333136558533,0.38818941116333006,0.5804803212483723,0.983749508857727,0.6499230861663818,0.8225420633951823,0.9206814765930176,0.3580406665802002,0.8368287404378255,0.9086358547210693,0.6642630100250244,1.0,0.8006196022033691,0.3540489196777344,1.0,0.7900040745735168,0.5735007762908936,0.8956915537516276,0.7229225039482117,0.42139339447021484,0.9004292805989583,0.7142248749732971,0.6153667449951172,1.0,0.05974084138870239,0.40356736183166503,0.9748789469401041,0.05438465252518654,0.6507184028625488,0.9888299306233724,0.008793095126748085,0.46773467063903806,0.9247784932454427,0.008284461684525013
pushup,0.5057906627655029,0.5600585301717123,0.9924253225326538,0.5306643962860107,0.5219688733418782,0.9768350124359131,0.47759056091308594,0.5240847905476888,0.980432391166687,0.5671662330627442,0.4808149973551432,0.7336316108703613,0.43797836303710935,0.4871408462524414,0.7688930630683899,0.6159087181091308,0.5725322723388672,0.985913872718811,0.38806424140930174,0.585024897257487,0.982756495475769,0.6509953022003174,0.8174261093139649,0.9227515459060669,0.35623979568481445,0.8370487848917644,0.9012394547462463,0.6659094810485839,1.0,0.8104310631752014,0.35529041290283203,0.9981794993082682,0.7849088907241821,0.5717607498168945,0.9055769602457683,0.7105408906936646,0.42128605842590333,0.9106248219807943,0.6920597553253174,0.6068937301635742,1.0,0.052931491285562515,0.40248990058898926,0.9807861328125,0.04573464393615723,0.6369171142578125,0.9804805755615235,0.007923808880150318,0.4669791221618652,0.912859853108724,0.007183170411735773
pushup,0.5043813705444335,0.5661006927490234,0.9921848177909851,0.532185173034668,0.5291687965393066,0.978147566318512,0.4752777576446533,0.5293763160705567,0.9816697835922241,0.5701821327209473,0.4886472702026367,0.764756441116333,0.4364978313446045,0.4893678347269694,0.7953249216079712,0.6190770149230957,0.574044926961263,0.984721839427948,0.38520715236663816,0.571797243754069,0.987982988357544,0.6469862461090088,0.8385908762613933,0.8824008107185364,0.35528624057769775,0.8296777089436849,0.9018311500549316,0.6583315372467041,0.9949712117513021,0.6731674075126648,0.35159299373626707,1.0,0.6987161040306091,0.5827098846435547,0.9118558883666992,0.6817476749420166,0.43076038360595703,0.9127037684122722,0.6995860934257507,0.6061949729919434,1.0,0.04258868843317032,0.40984392166137695,0.9924002329508463,0.04424617439508438,0.6533280849456787,1.0,0.006773073226213455,0.5011281490325927,0.9794882456461589,0.0070620193146169186
pushup,0.5048656463623047,0.569736099243164,0.9925554394721985,0.5306460857391357,0.5321790695190429,0.9784713387489319,0.477202844619751,0.5337151845296224,0.9798917174339294,0.5689382553100586,0.48924220403035484,0.7589695453643799,0.43943400382995607,0.4940797487894694,0.7524269819259644,0.6180848121643067,0.5753158569335938,0.9868631362915039,0.38743958473205564,0.5859779993693034,0.9829043745994568,0.6538167476654053,0.8219607671101888,0.9304965734481812,0.3543294191360474,0.838779067993164,0.9053462743759155,0.6704801559448242,1.0,0.8186870217323303,0.35602197647094724,1.0,0.7863289713859558,0.5699004650115966,0.9057772318522136,0.7431756258010864,0.4167009353637695,0.9102135340372721,0.7199919819831848,0.6118669986724854,1.0,0.059052880853414536,0.3968376159667969,0.9871479034423828,0.05050639435648918,0.6420227527618408,0.990426762898763,0.008442376740276814,0.4584163188934326,0.9271292368570964,0.007582108490169048
pushup,0.5055233001708984,0.5754257202148437,0.9925813674926758,0.5313172340393066,0.5374336878458659,0.9777396321296692,0.477386474609375,0.5395081837972006,0.9817626476287842,0.5701271057128906,0.4922991434733073,0.7371892333030701,0.4390249252319336,0.49823570251464844,0.7658436298370361,0.6197924613952637,0.5769698460896809,0.9841232895851135,0.3883786678314209,0.5847482045491537,0.983005940914154,0.6581315994262695,0.8324855168660482,0.9125358462333679,0.35318622589111326,0.8380026499430339,0.9084213376045227,0.6694077014923095,1.0,0.7855572700500488,0.3531777858734131,1.0,0.7890914082527161,0.5727061271667481,0.8987167994181315,0.7033951878547668,0.419010066986084,0.9028106689453125,0.7015513777732849,0.6167241096496582,1.0,0.05075834318995476,0.40195555686950685,0.9842624028523763,0.048312123864889145,0.6496382713317871,0.9749820709228516,0.007760283071547747,0.464565372467041,0.920515505472819,0.0074664573185145855
pushup,0.5059409141540527,0.5752913792928059,0.9925487041473389,0.5308699131011962,0.5387470881144206,0.9781533479690552,0.4787294864654541,0.5411266326904297,0.9806907773017883,0.5693657398223877,0.49301967620849607,0.7556834816932678,0.44219150543212893,0.4997807820638021,0.7565890550613403,0.6206689834594726,0.5760092417399089,0.9856038093566895,0.39084749221801757,0.5842998504638672,0.9836652874946594,0.6593469142913818,0.824331537882487,0.9225358963012695,0.3528564453125,0.831261952718099,0.9116761088371277,0.6659027099609375,1.0,0.8058584928512573,0.3553718090057373,1.0,0.794023334980011,0.5727211475372315,0.9111647288004557,0.7313402891159058,0.41988248825073243,0.9150096893310546,0.7230291366577148,0.6129646301269531,1.0,0.05209344998002052,0.40186419486999514,0.996084721883138,0.04778783395886421,0.6447015762329101,0.9850377400716146,0.007597228977829218,0.46741399765014646,0.927431297302246,0.00713831651955843
pushup,0.5094277858734131,0.5738275527954102,0.9922508597373962,0.5338394641876221,0.5386157989501953,0.9773120880126953,0.48289003372192385,0.5405372619628906,0.9810886383056641,0.5713524341583252,0.49362936019897463,0.7527590990066528,0.4470876693725586,0.4992401440938314,0.7719366550445557,0.6236355781555176,0.5745597839355469,0.9846442937850952,0.3929599761962891,0.580428949991862,0.9845784306526184,0.6556220054626465,0.8273124059041341,0.9162400364875793,0.35472793579101564,0.8292871475219726,0.9154711961746216,0.6634353637695313,1.0,0.781661331653595,0.3518757104873657,1.0,0.7865414023399353,0.580810832977295,0.9030083974202474,0.7230023145675659,0.42675533294677737,0.906217892964681,0.7257294654846191,0.6290594100952148,1.0,0.050064072012901306,0.40766243934631347,0.9857860565185547,0.04791424423456192,0.6730744361877441,0.9848253885904948,0.007380731403827667,0.47833938598632814,0.919970703125,0.0072241476736962795
pushup,0.5153714656829834,0.5705421447753907,0.9917296767234802,0.5403841018676758,0.5363876342773437,0.9771935939788818,0.48764352798461913,0.5374170303344726,0.980076253414154,0.5763119697570801,0.49276323318481446,0.7638553977012634,0.4510028839111328,0.4961798667907715,0.7920843958854675,0.6233275890350342,0.5662493387858073,0.9861755967140198,0.39800300598144533,0.5674041748046875,0.9885432720184326,0.6462033748626709,0.8157793045043945,0.9062187671661377,0.36048734188079834,0.8156187057495117,0.9113757014274597,0.6614420413970947,0.989333979288737,0.7020756006240845,0.3512009620666504,1.0,0.7044006586074829,0.5830202579498291,0.8982634862263997,0.7550274729728699,0.4360345840454102,0.8999411265055338,0.7589660882949829,0.6090592861175537,1.0,0.04942692443728447,0.41698446273803713,1.0,0.048103705048561096,0.6530242919921875,1.0,0.006785283330827951,0.49940338134765627,0.9841013590494792,0.006775566376745701
pushup,0.5223696231842041,0.5626229604085287,0.992446780204773,0.5455073356628418,0.5301408449808757,0.9758166670799255,0.4971640110015869,0.5305322964986166,0.9816920757293701,0.5793284416198731,0.48904825846354166,0.7342194318771362,0.46085529327392577,0.4910889625549316,0.7954049110412598,0.6269695281982421,0.5738975524902343,0.9847298264503479,0.40455026626586915,0.5761136372884115,0.9867497086524963,0.6534700870513916,0.8158184687296549,0.9183473587036133,0.36131744384765624,0.8140081405639649,0.9260253310203552,0.6651335716247558,1.0,0.7833746671676636,0.35007472038269044,0.9878053029378255,0.8056176900863647,0.5841724872589111,0.9227920532226562,0.7320894598960876,0.43605904579162597,0.9233727773030599,0.7444724440574646,0.6210838794708252,1.0,0.04586036875844002,0.41205291748046874,1.0,0.044885389506816864,0.6586675643920898,1.0,0.006252797786146402,0.48096742630004885,0.9328208923339844,0.006198133807629347
pushup,0.5276749134063721,0.5656392415364583,0.9918848276138306,0.5528024673461914,0.5343187332153321,0.9791945815086365,0.5027702331542969,0.5329123497009277,0.979221761226654,0.5883037567138671,0.4945852279663086,0.7943379878997803,0.4700332164764404,0.4926780700683594,0.7746111154556274,0.6319607734680176,0.5673423131306966,0.986076295375824,0.41475629806518555,0.5668661753336589,0.9893313646316528,0.6475550174713135,0.8063006083170573,0.9150615334510803,0.3707012414932251,0.809002685546875,0.9230414628982544,0.6655744552612305,0.9972050348917644,0.7051076292991638,0.3482426643371582,1.0,0.7162572145462036,0.5897468566894531,0.9149813334147135,0.7884523868560791,0.4451178550720215,0.9143605550130208,0.7956925630569458,0.6224359035491943,1.0,0.04499577730894089,0.4156168460845947,1.0,0.04468097165226936,0.6627782821655274,1.0,0.005651380866765976,0.4848088264465332,1.0,0.005737978499382734
pushup,0.5328492641448974,0.5617293039957683,0.9918496608734131,0.5572954654693604,0.5294995625813802,0.9798296689987183,0.5076124191284179,0.5294028600056966,0.978753924369812,0.5928099155426025,0.49168612162272135,0.8025099039077759,0.475190258026123,0.49281431833902994,0.7691977024078369,0.6362556934356689,0.5671780268351237,0.9864665865898132,0.4220870494842529,0.5678497314453125,0.9891155362129211,0.6492377281188965,0.8092405954996745,0.9185672998428345,0.3748298406600952,0.8098216374715169,0.9214613437652588,0.6636518955230712,1.0,0.7207092046737671,0.35310800075531007,1.0,0.7225490212440491,0.5930678367614746,0.8919960657755533,0.8019424080848694,0.45056710243225095,0.8919629414876302,0.8052010536193848,0.6232790946960449,1.0,0.05710301920771599,0.4173593997955322,1.0,0.055718883872032166,0.6597790718078613,1.0,0.0069522797130048275,0.47365970611572267,1.0,0.0069456398487091064
pushup,0.5382591247558594,0.5613628387451172,0.9931226372718811,0.5619181632995606,0.5279818216959635,0.9794052839279175,0.5126646995544434,0.529255739847819,0.9818062782287598,0.5962044715881347,0.4881612777709961,0.775094747543335,0.47800498008728026,0.4924610137939453,0.7766381502151489,0.6390554428100585,0.5620670954386393,0.9885793924331665,0.42586326599121094,0.5656394322713216,0.9888961315155029,0.6592448234558106,0.8021319071451823,0.933672308921814,0.3820334911346436,0.8003495534261068,0.9293674230575562,0.6678331375122071,0.9990294774373373,0.7635310292243958,0.3533491849899292,0.9928031285603841,0.7588940858840942,0.5894420146942139,0.8850367863972982,0.8335691094398499,0.4459470272064209,0.8858768463134765,0.8325660228729248,0.624509334564209,1.0,0.07454462349414825,0.41058950424194335,1.0,0.06898391246795654,0.6615161895751953,1.0,0.008822235278785229,0.46005678176879883,1.0,0.008264321833848953
pushup,0.5377958297729493,0.5554267883300781,0.993339478969574,0.5602810859680176,0.5237068812052409,0.978416919708252,0.5127633094787598,0.5244171142578125,0.9821688532829285,0.5933545589447021,0.4819890022277832,0.7611773014068604,0.4782890319824219,0.4853113810221354,0.7871459126472473,0.6365189552307129,0.5574546178181966,0.9894000887870789,0.42684335708618165,0.5542201995849609,0.990193784236908,0.6584887981414795,0.793859354654948,0.9371461868286133,0.3792304515838623,0.7780455907185873,0.939871609210968,0.6695122241973877,0.9970082600911458,0.7775826454162598,0.35006103515625,0.9857676188151042,0.7903341054916382,0.585956621170044,0.893837038675944,0.8642656207084656,0.4463456630706787,0.8916247049967448,0.86881023645401,0.6119064807891845,1.0,0.08332914113998413,0.41741018295288085,1.0,0.08058932423591614,0.6427669525146484,1.0,0.00920016411691904,0.4679869651794434,1.0,0.00886551197618246
pushup,0.5330768585205078,0.5472637812296549,0.9928072690963745,0.5565078735351563,0.518880303700765,0.9804485440254211,0.5101071357727051,0.5170159657796224,0.9789355993270874,0.5915118217468261,0.4749516805013021,0.8018142580986023,0.4801219940185547,0.4724626859029134,0.7445720434188843,0.6357097625732422,0.5518633524576823,0.9879139065742493,0.42673001289367674,0.5372023900349935,0.990563154220581,0.653233528137207,0.8008504867553711,0.932040810585022,0.37192111015319823,0.7668188095092774,0.940811038017273,0.664278221130371,1.0,0.7699700593948364,0.33778886795043944,0.9958441416422527,0.7822888493537903,0.5858477592468262,0.9139153798421223,0.8394759893417358,0.44797768592834475,0.9064977645874024,0.8488264679908752,0.6033276557922364,1.0,0.06560811400413513,0.41765708923339845,1.0,0.06667307019233704,0.6355710029602051,1.0,0.007993021979928017,0.4818305969238281,1.0,0.008154652081429958
pushup,0.5384094715118408,0.5430847803751627,0.9936867356300354,0.5614431858062744,0.5133808135986329,0.9805692434310913,0.514565372467041,0.5116496404012044,0.983162522315979,0.5947078704833985,0.47104231516520184,0.7699447870254517,0.48160881996154786,0.4688961664835612,0.7766504883766174,0.6385286331176758,0.5474602381388346,0.9866672158241272,0.4279263973236084,0.5314719518025716,0.9919795989990234,0.6510813713073731,0.7956703821818034,0.9327971339225769,0.3689155101776123,0.754885482788086,0.9586893916130066,0.6585738182067871,1.0,0.7775352597236633,0.32564244270324705,0.9921680450439453,0.8332379460334778,0.5883769035339356,0.8890004475911458,0.8757573962211609,0.4453910827636719,0.8798576354980469,0.8970705270767212,0.6106382846832276,1.0,0.09451364725828171,0.38596186637878416,0.9934925079345703,0.10717087984085083,0.6434866905212402,1.0,0.011650721542537212,0.4200600624084473,1.0,0.012693512253463268
pushup,0.5377740383148193,0.5409145355224609,0.9935895204544067,0.5614110946655273,0.5107336680094401,0.9813365340232849,0.5138638973236084,0.5098447799682617,0.9823349714279175,0.5957739353179932,0.4693166732788086,0.7845532298088074,0.48156371116638186,0.4685489654541016,0.7659279108047485,0.6363812446594238,0.548199208577474,0.9867683053016663,0.42761964797973634,0.5321556091308594,0.9909467697143555,0.6504761695861816,0.7937044143676758,0.9343357086181641,0.36525189876556396,0.750177001953125,0.9510989189147949,0.6615904331207275,0.9993293762207032,0.7877121567726135,0.32528226375579833,0.976696268717448,0.823121964931488,0.5827643871307373,0.8951220830281575,0.8545282483100891,0.44164214134216306,0.8873550415039062,0.8708776831626892,0.6065417766571045,1.0,0.07616793364286423,0.39408154487609864,1.0,0.08125662058591843,0.6450213432312012,1.0,0.0091817956417799,0.43883767127990725,1.0,0.009533402509987354
pushup,0.5289541721343994,0.5442817052205403,0.993308424949646,0.5535917282104492,0.5144074757893881,0.9825066328048706,0.5060152053833008,0.5127599716186524,0.9799680709838867,0.5901534557342529,0.4775755564371745,0.825896143913269,0.47675495147705077,0.4751384735107422,0.7379703521728516,0.6316500663757324,0.5592089335123698,0.9884344339370728,0.4247608661651611,0.5426788965861002,0.9905994534492493,0.6480346202850342,0.7982440948486328,0.9413086771965027,0.3643947124481201,0.757000986735026,0.947318971157074,0.6627378463745117,0.9976000467936198,0.7934332489967346,0.32251791954040526,0.9849426905314128,0.8009575605392456,0.5788531303405762,0.90540771484375,0.857322633266449,0.4382227897644043,0.8969083150227865,0.8648681044578552,0.6101468086242676,1.0,0.06530901789665222,0.3950247526168823,1.0,0.06557697057723999,0.6536375999450683,1.0,0.007286804262548685,0.4424003601074219,1.0,0.007326443213969469
pushup,0.5199092388153076,0.5481960296630859,0.9933139681816101,0.5427792072296143,0.5180323918660482,0.981296956539154,0.49614658355712893,0.5183523813883464,0.9812868237495422,0.5779494285583496,0.4795063972473145,0.8051175475120544,0.46642251014709474,0.4819637298583984,0.756161093711853,0.6215569019317627,0.5622595469156901,0.9875988364219666,0.4177286624908447,0.5474653879801432,0.9900714159011841,0.6451656341552734,0.804226811726888,0.9332671165466309,0.36003565788269043,0.7624605814615886,0.9448221325874329,0.6659061431884765,0.9894062678019205,0.7765427827835083,0.31950809955596926,0.9875284830729166,0.7943428158760071,0.5689957618713379,0.9047105153401692,0.8376384377479553,0.43093056678771974,0.8975693384806315,0.849577009677887,0.6001120567321777,1.0,0.055721767246723175,0.39520280361175536,1.0,0.05780208110809326,0.6455387592315673,1.0,0.0060058468952775,0.4407698631286621,1.0,0.006139037664979696
pushup,0.5047818183898926,0.546925671895345,0.9927615523338318,0.5278547286987305,0.5188374837239583,0.9798754453659058,0.48258557319641116,0.5167362848917644,0.980121374130249,0.561956787109375,0.4873104731241862,0.8079494833946228,0.4529684543609619,0.4839025497436523,0.7688062787055969,0.6056877136230469,0.570461654663086,0.9876109957695007,0.40221357345581055,0.5592692693074545,0.9887900352478027,0.6422506332397461,0.797825813293457,0.9360086917877197,0.3509442567825317,0.7729421615600586,0.940535843372345,0.6698013782501221,0.9961183547973633,0.8053848147392273,0.3209419250488281,0.9953503926595052,0.8098528385162354,0.5548237323760986,0.8983732223510742,0.804510772228241,0.4175695896148682,0.8927407582600911,0.809032678604126,0.5972569465637207,1.0,0.0609440915286541,0.3901531219482422,0.9837593078613281,0.06166596710681915,0.6240246772766114,1.0,0.007473556790500879,0.42762079238891604,0.9627854029337565,0.007563484832644463
pushup,0.4912367343902588,0.5398853302001954,0.9930903315544128,0.5152766704559326,0.5122508049011231,0.9792625904083252,0.46966114044189455,0.5076575597127279,0.9812319874763489,0.5482569217681885,0.48334550857543945,0.7728136777877808,0.43829569816589353,0.47322559356689453,0.779827892780304,0.5849106788635254,0.5627693176269531,0.9873461127281189,0.3900035858154297,0.553236707051595,0.9878130555152893,0.6279921531677246,0.7759913762410482,0.9394881725311279,0.34475021362304686,0.7649929046630859,0.9405971765518188,0.6711118698120118,0.9777154286702474,0.8300617933273315,0.32152156829833983,0.9885707855224609,0.8314753770828247,0.5455347061157226,0.8829910278320312,0.8231323957443237,0.4140573501586914,0.8812609354654948,0.8228371739387512,0.5910871505737305,1.0,0.0788920596241951,0.39279923439025877,0.9806654612223308,0.07870639115571976,0.6091096878051758,1.0,0.009610278531908989,0.4226846218109131,0.9770520528157552,0.009548809379339218
pushup,0.4772684574127197,0.5269710540771484,0.9926270842552185,0.5000234603881836,0.5021069526672364,0.98069167137146,0.45718064308166506,0.4973633130391439,0.9759776592254639,0.5318448543548584,0.4695442199707031,0.8055537343025208,0.4282505512237549,0.459019406636556,0.7332484722137451,0.5715999603271484,0.5516574859619141,0.9893002510070801,0.3798879384994507,0.541085688273112,0.9878125786781311,0.6200844287872315,0.7817282994588216,0.9484652280807495,0.33754839897155764,0.7703905741373698,0.9272745847702026,0.6680212020874023,0.9862807591756185,0.8392362594604492,0.3169595956802368,0.9989564259847005,0.7903691530227661,0.5409027099609375,0.9057912190755208,0.8023883104324341,0.4145933151245117,0.9040336608886719,0.7774541974067688,0.5670844078063965,1.0,0.06469577550888062,0.39728555679321287,0.9847682317097982,0.056490249931812286,0.5888539791107178,1.0,0.008365223184227943,0.4552901268005371,0.9680627187093099,0.007662618532776833
pushup,0.46110806465148924,0.5209190368652343,0.9927918910980225,0.48241329193115234,0.49285980860392253,0.9809597730636597,0.43735527992248535,0.49257303873697916,0.9768733978271484,0.5148797988891601,0.45049333572387695,0.7806711792945862,0.40470218658447266,0.45158729553222654,0.7191401124000549,0.5624367713928222,0.521220334370931,0.9882152080535889,0.3653500318527222,0.5303032557169597,0.9854447245597839,0.6173893928527832,0.7438484191894531,0.9513336420059204,0.3280331134796143,0.7649173100789388,0.9255242943763733,0.6568336009979248,0.9429466247558593,0.8638107776641846,0.31580343246459963,0.9905237833658854,0.8070734739303589,0.5492134094238281,0.9024620056152344,0.8303847312927246,0.4165937900543213,0.9103954950968425,0.8036448359489441,0.5762031555175782,1.0,0.0625002384185791,0.394850492477417,1.0,0.052049919962882996,0.6047201156616211,1.0,0.00733006838709116,0.45169835090637206,0.9774242401123047,0.006480792071670294
pushup,0.45285472869873045,0.5210841814676921,0.9935872554779053,0.47305002212524416,0.486483097076416,0.9769454002380371,0.427703857421875,0.4925615628560384,0.9829007983207703,0.505079698562622,0.4465516726175944,0.7073647379875183,0.3929554224014282,0.4617267290751139,0.7802456021308899,0.5498449325561523,0.5126619656880697,0.9892598390579224,0.35611491203308104,0.5405966440836588,0.9861080050468445,0.6188207626342773,0.710824712117513,0.9474552869796753,0.32978172302246095,0.7575836181640625,0.9346988201141357,0.6478683948516846,0.9102773030598958,0.8629621267318726,0.3201138973236084,0.981028429667155,0.8304322361946106,0.5106428146362305,0.8252061208089193,0.8874619603157043,0.38041181564331056,0.8418449401855469,0.8760094046592712,0.553650188446045,0.9964163462320964,0.12980185449123383,0.37635097503662107,1.0,0.1184190958738327,0.5834101676940918,1.0,0.012667853385210037,0.41301603317260743,1.0,0.011388182640075684
pushup,0.456997013092041,0.5223841349283854,0.9930429458618164,0.4763940811157227,0.4880446751912435,0.977320671081543,0.42958245277404783,0.49449634552001953,0.9820165038108826,0.5084291458129883,0.44563814798990886,0.707643449306488,0.39378890991210935,0.462455685933431,0.7898170351982117,0.5541118144989013,0.5168426513671875,0.987916111946106,0.3589226722717285,0.538362185160319,0.9872921705245972,0.6118125915527344,0.7241747538248698,0.9426750540733337,0.3272637128829956,0.7588112513224284,0.9361634850502014,0.6512336730957031,0.9067991892496745,0.8551316261291504,0.3205933809280396,0.9862190246582031,0.8296411633491516,0.5219807624816895,0.8379422505696614,0.8885142803192139,0.39243369102478026,0.8521116892496745,0.8805816173553467,0.5529720306396484,1.0,0.12008874118328094,0.3817747592926025,1.0,0.11403658986091614,0.5840094566345215,1.0,0.012252205982804298,0.4147296905517578,1.0,0.011506089009344578
pushup,0.4598546981811523,0.539919090270996,0.9915362596511841,0.4836294651031494,0.5133885383605957,0.9780676960945129,0.43772501945495607,0.5080595016479492,0.9748237729072571,0.5152452468872071,0.4764719009399414,0.766989529132843,0.40358772277832033,0.46544195810953776,0.72481769323349,0.5561483860015869,0.5410086313883463,0.9880399107933044,0.3597415447235107,0.5423232396443685,0.9838378429412842,0.6170600891113281,0.7483280817667644,0.9516233205795288,0.32352509498596194,0.7665039698282877,0.9207867980003357,0.64820237159729,0.9254113515218099,0.8730593323707581,0.31320862770080565,0.9878358840942383,0.8100425004959106,0.5379317760467529,0.8879678090413411,0.8674951791763306,0.4061470031738281,0.8934726715087891,0.8395687937736511,0.5755577087402344,1.0,0.08603284507989883,0.39223039150238037,1.0,0.07112687826156616,0.590700626373291,1.0,0.00933793280273676,0.43485774993896487,1.0,0.0081151919439435
pushup,0.4672029972076416,0.5692267100016276,0.9890406727790833,0.4914064884185791,0.5437414805094402,0.9720019102096558,0.44561400413513186,0.5368858973185221,0.9657738208770752,0.5230430603027344,0.501389726003011,0.7365530133247375,0.4110853672027588,0.4869199434916178,0.6723705530166626,0.5631656646728516,0.5579860051472981,0.9860199093818665,0.36203689575195314,0.5537537892659505,0.9788833260536194,0.6214044570922852,0.756855837504069,0.9488649964332581,0.32557001113891604,0.7685525258382161,0.9024612903594971,0.6454330921173096,0.9290692647298177,0.879156231880188,0.3168741226196289,0.9903975168863932,0.7950683832168579,0.531831693649292,0.9030428568522135,0.8278663754463196,0.40015525817871095,0.9042855580647786,0.7818250060081482,0.5563214302062989,1.0,0.08097085356712341,0.3865511417388916,1.0,0.062335316091775894,0.5579710483551026,1.0,0.010234604589641094,0.43749113082885743,0.9926729838053385,0.008462835103273392
pushup,0.4724576950073242,0.6109406153361002,0.9907112717628479,0.4990066051483154,0.5857638041178386,0.9785807132720947,0.4520144462585449,0.5769002914428711,0.9707897901535034,0.5354939460754394,0.5348719278971354,0.775628387928009,0.4216648578643799,0.5159187952677409,0.6575403809547424,0.5754065036773681,0.5773667017618815,0.9827945828437805,0.3717785358428955,0.5693670272827148,0.9798159599304199,0.6269816875457763,0.7585233688354492,0.9383904337882996,0.32630488872528074,0.7694305419921875,0.9139350056648254,0.6432490825653077,0.9152427037556966,0.8832217454910278,0.3198228359222412,0.9887324015299479,0.831272542476654,0.5386521339416503,0.9012490590413411,0.8273497819900513,0.406082820892334,0.9001905441284179,0.8026592135429382,0.5581914901733398,1.0,0.10161839425563812,0.3809199810028076,1.0,0.08952625095844269,0.5481050968170166,1.0,0.014755056239664555,0.4212324619293213,1.0,0.013434819877147675
pushup,0.47883014678955077,0.5537530899047851,0.021996241062879562,0.4736460208892822,0.5358029683430989,0.005384332966059446,0.49242281913757324,0.533034070332845,0.004275389946997166,0.4355602741241455,0.5136409441630045,0.5060350298881531,0.5299280166625977,0.5097066561381022,0.25065121054649353,0.3995874643325806,0.587985102335612,0.9469159245491028,0.5658743858337403,0.594056765238444,0.9172365665435791,0.46036081314086913,0.7690183639526367,0.882194459438324,0.5707639217376709,0.7872337341308594,0.8061625361442566,0.5888601303100586,0.9529458363850911,0.6263880133628845,0.5244348526000977,0.9638294219970703,0.474763423204422,0.4196957588195801,0.9511857350667318,0.7145540714263916,0.5374854564666748,0.9579055150349934,0.6584343910217285,0.42054262161254885,0.968893559773763,0.0644943118095398,0.5631781101226807,0.9774830500284831,0.05096004903316498,0.4288116455078125,0.9858392715454102,0.007999943569302559,0.5992839813232422,0.9774245580037435,0.006437772884964943
pushup,0.4804675102233887,0.6865517298380533,0.9650344252586365,0.5032214164733887,0.6610104242960612,0.8929126262664795,0.45919337272644045,0.6555758794148763,0.9101667404174805,0.5364632129669189,0.5998228708902995,0.4439559578895569,0.4255958557128906,0.5880830764770508,0.531252920627594,0.5803965568542481,0.6352418263753256,0.9322307705879211,0.36842055320739747,0.6272711435953776,0.9562354683876038,0.6286983966827393,0.7739697774251302,0.8597873449325562,0.328053617477417,0.7809345881144206,0.8978793025016785,0.6495511054992675,0.9375672022501628,0.8414458632469177,0.326442551612854,0.9766742706298828,0.8597821593284607,0.5308837890625,0.9800445556640625,0.49796897172927856,0.39829072952270506,0.9744604746500651,0.5270457863807678,0.5240987300872803,0.9748311996459961,0.03639926388859749,0.37190957069396974,0.9378032684326172,0.03954901173710823,0.5102405071258544,0.9935253143310547,0.008740346878767014,0.4498262882232666,0.9372457504272461,0.009321613237261772
pushup,0.48529977798461915,0.7304760615030924,0.963431179523468,0.5137637615203857,0.6972529729207356,0.9325287342071533,0.4646426200866699,0.6912847518920898,0.912806510925293,0.5585499763488769,0.667293930053711,0.49668216705322266,0.43157076835632324,0.6520827611287435,0.3287453353404999,0.6024413108825684,0.7168680826822916,0.8170433044433594,0.3853740930557251,0.6969508488972982,0.8422277569770813,0.6755938529968262,0.8470067977905273,0.6609863638877869,0.32338404655456543,0.8301001866658528,0.7114827632904053,0.6660149097442627,0.9404129028320313,0.7733140587806702,0.32823166847229,0.9884948094685873,0.7684127688407898,0.5469345092773438,0.8815486907958985,0.38956907391548157,0.40569000244140624,0.8683020273844401,0.4062136709690094,0.5563358306884766,0.7392964680989583,0.27819138765335083,0.32576956748962405,0.7232992808024089,0.29654017090797424,0.5307436466217041,0.959226926167806,0.21958230435848236,0.33705737590789797,0.9598169326782227,0.23057903349399567
pushup,0.8601228713989257,0.7176273345947266,0.017147287726402283,0.8664692878723145,0.684782346089681,0.01227458193898201,0.8599428176879883,0.68958740234375,0.0035755462013185024,0.8978946685791016,0.7050839742024739,0.05575588718056679,0.8766538619995117,0.717103385925293,0.0076314774341881275,0.8880986213684082,0.9089059829711914,0.08947096019983292,0.872569465637207,0.8885481516520183,0.18588468432426453,0.8120723724365234,0.9979581197102865,0.13593506813049316,0.7902276039123535,0.8992122014363607,0.23868611454963684,0.7431084156036377,0.9007030487060547,0.37186527252197266,0.65902738571167,0.7010066986083985,0.505199670791626,0.8107876777648926,0.92925599416097,0.04666048660874367,0.8170758247375488,0.9100456237792969,0.07016226649284363,0.7332637786865235,0.871162223815918,0.02526700682938099,0.757994556427002,0.8579514185587566,0.03549209237098694,0.715857458114624,0.753576914469401,0.015355330891907215,0.7174225807189941,0.7565362294514973,0.0193011611700058
pushup,0.4945194244384766,0.8629781087239583,0.9834175705909729,0.522981834411621,0.8273759841918945,0.9628823399543762,0.4676333427429199,0.8270576477050782,0.9837849140167236,0.5589844703674316,0.7875719706217448,0.5394278764724731,0.42473688125610354,0.7832831064860026,0.8355808258056641,0.5827694892883301,0.8242870330810547,0.853918731212616,0.36150522232055665,0.8008134206136067,0.9045351147651672,0.6397673606872558,0.9147865931193034,0.47913306951522827,0.30692496299743655,0.8809679031372071,0.6354678869247437,0.6541743755340577,0.9521263758341472,0.5253376364707947,0.33645024299621584,0.9829151789347331,0.6215236783027649,0.4781658172607422,0.9613853454589844,0.15132160484790802,0.3394560098648071,0.9509915033976237,0.17243652045726776,0.5114882946014404,0.9070586522420248,0.0332346186041832,0.3309727430343628,0.8758261998494467,0.04054546728730202,0.5341748237609864,0.955459721883138,0.02171747386455536,0.3997769594192505,0.9166936874389648,0.024491555988788605
pushup,0.4920817375183105,0.9017783482869466,0.9715447425842285,0.5210779666900635,0.8674945195515951,0.963631272315979,0.46573553085327146,0.8645281473795573,0.9755415916442871,0.5574010848999024,0.8332273483276367,0.6447535157203674,0.423677396774292,0.825816790262858,0.7688876986503601,0.5863589286804199,0.8554091135660807,0.7518821954727173,0.3718033075332642,0.8528169631958008,0.7855895757675171,0.6575635433197021,0.896034304300944,0.2817690372467041,0.3114832878112793,0.9082074483235677,0.33280086517333984,0.6466084480285644,0.9427918116251628,0.30891549587249756,0.33462069034576414,0.9738343556722006,0.34193041920661926,0.5175776004791259,0.9724924723307292,0.07988441735506058,0.38583788871765134,0.9717931111653646,0.0836700052022934,0.5543936252593994,0.9207728068033855,0.023844748735427856,0.3950777769088745,0.9034321467081706,0.025015730410814285,0.5434700965881347,0.9279260635375977,0.02408495545387268,0.46297369003295896,0.9031042734781901,0.024215517565608025
pushup,0.4917335033416748,0.9397267659505208,0.9719690680503845,0.5217463970184326,0.9106263478597005,0.963941216468811,0.4694972515106201,0.9045975367228191,0.9769303798675537,0.5532941818237305,0.8662714004516602,0.5881723165512085,0.4252965450286865,0.8503304799397786,0.8026089668273926,0.5698352813720703,0.8275100072224935,0.8162571787834167,0.3552715539932251,0.8557052612304688,0.8003165125846863,0.6495917797088623,0.821897315979004,0.5009835362434387,0.30498013496398924,0.9181536992390951,0.4240502119064331,0.6548639297485351,0.9268074035644531,0.4882265031337738,0.34038939476013186,0.9696244557698568,0.4455476999282837,0.5050177097320556,0.9302566528320313,0.1851946860551834,0.36697611808776853,0.9504835128784179,0.1524963676929474,0.608034086227417,0.8999155680338542,0.03569997474551201,0.39949355125427244,0.9179279327392578,0.03254910185933113,0.610822057723999,0.8800745010375977,0.027817612513899803,0.46753430366516113,0.8951716105143229,0.0253940187394619
pushup,0.4946022033691406,0.9735507329305013,0.9568696022033691,0.5214981079101563,0.938953971862793,0.9434467554092407,0.4696221828460693,0.9402060826619466,0.9733056426048279,0.5559244155883789,0.8924468994140625,0.40000441670417786,0.42447609901428224,0.8925001780192058,0.7320345044136047,0.5678754329681397,0.8759981791178385,0.5081574320793152,0.36846969127655027,0.8829453150431316,0.6131439208984375,0.6499003887176513,0.8544605890909831,0.15563447773456573,0.30329532623291017,0.8790884017944336,0.23159801959991455,0.6537543296813965,0.9516805648803711,0.22434620559215546,0.34004812240600585,0.9517046610514323,0.2913282513618469,0.4704587936401367,0.8839157104492188,0.06952811032533646,0.35012977123260497,0.8899927775065104,0.07527932524681091,0.5137026309967041,0.8675043106079101,0.03833179920911789,0.3672534465789795,0.877869987487793,0.044823866337537766,0.5141641616821289,0.8786282857259115,0.053461767733097076,0.4202073574066162,0.8885072072347006,0.056210651993751526
pushup,0.49317197799682616,0.9980756123860677,0.9330787062644958,0.5233785152435303,0.9652534484863281,0.9504624009132385,0.46950335502624513,0.9599467595418294,0.937239944934845,0.5617496490478515,0.9318566004435221,0.6524908542633057,0.4271101951599121,0.9172353108723958,0.6215132474899292,0.5724893093109131,0.887866719563802,0.8276361227035522,0.37793760299682616,0.8943749109903971,0.703900933265686,0.636036491394043,0.8493752797444661,0.6215834617614746,0.3242178916931152,0.8774502436319987,0.3730999529361725,0.6683402061462402,0.9500817616780599,0.5676082968711853,0.34524974822998045,0.8642538070678711,0.4168716073036194,0.5080926895141602,0.8145821889241537,0.49933475255966187,0.38187756538391116,0.820836067199707,0.3828238546848297,0.5974180698394775,0.8187905629475911,0.21188314259052277,0.379032039642334,0.8164934158325196,0.16265489161014557,0.592524242401123,0.736966323852539,0.20414236187934875,0.39022872447967527,0.7271944681803385,0.17022590339183807
pushup,0.49096431732177737,1.0,0.8290992379188538,0.5149297714233398,0.9813979466756185,0.839750349521637,0.4715877532958984,0.9775803248087566,0.826321542263031,0.5484095573425293,0.9474094390869141,0.5395010709762573,0.4373008251190186,0.938050651550293,0.4942701756954193,0.5699669361114502,0.8973011016845703,0.830137312412262,0.39770724773406985,0.9074506759643555,0.8407840728759766,0.6448124885559082,0.8873575846354167,0.6759209632873535,0.3352080821990967,0.9142222086588542,0.6949766874313354,0.6655179977416992,0.935444450378418,0.6482730507850647,0.34125094413757323,0.8378323237101237,0.6778263449668884,0.5049919128417969,0.8060676574707031,0.7763552069664001,0.39394373893737794,0.8088417053222656,0.7700733542442322,0.5529520034790039,0.7998316446940105,0.4248071312904358,0.3637157678604126,0.8018331527709961,0.45069506764411926,0.5062407493591309,0.6386737823486328,0.4576025903224945,0.3495429039001465,0.6366829554239909,0.4687120020389557
pushup,0.4955898284912109,1.0,0.8793531656265259,0.5049694061279297,0.9891916910807291,0.8714274168014526,0.48270764350891116,0.9937025705973307,0.8633381724357605,0.5210560321807861,0.9607254028320312,0.5358535051345825,0.45502300262451173,0.9718407948811849,0.5563226938247681,0.5262851238250732,0.9167517344156901,0.9204310774803162,0.4361443042755127,0.9354040781656902,0.8652768135070801,0.5841216087341309,0.8616285959879557,0.7895240783691406,0.3866614818572998,0.873584238688151,0.6194948554039001,0.5893486976623535,0.9182390213012696,0.7603750228881836,0.3503591299057007,0.8347908020019531,0.6522682905197144,0.47006025314331057,0.7755348205566406,0.9196259379386902,0.4208256721496582,0.7838410059611003,0.888720691204071,0.4917494297027588,0.7194969177246093,0.9192773699760437,0.43543305397033694,0.7422866821289062,0.899081826210022,0.4755760669708252,0.5851781845092774,0.9584800601005554,0.4406877994537354,0.6093363444010417,0.9504823088645935
pushup,0.48162288665771485,1.0,0.847873866558075,0.4881256103515625,0.998078982035319,0.8329469561576843,0.47637529373168946,0.9955778121948242,0.8051900863647461,0.4959689140319824,0.9740899403889974,0.6402332782745361,0.45909876823425294,0.9697601954142253,0.6329839825630188,0.47506117820739746,0.9162529627482097,0.949874222278595,0.44617457389831544,0.9200138727823893,0.9454565644264221,0.40616893768310547,0.8696737289428711,0.881022572517395,0.40520310401916504,0.8796857198079427,0.8238224387168884,0.3488776206970215,0.8212611516316731,0.8507941961288452,0.41751604080200194,0.8049108505249023,0.8217635750770569,0.47449240684509275,0.7466945012410482,0.9602647423744202,0.45560879707336427,0.7527942657470703,0.9555599093437195,0.49520225524902345,0.7237366358439128,0.9433931112289429,0.4656404972076416,0.7310295104980469,0.9362586736679077,0.4891310691833496,0.5533748626708984,0.9594199657440186,0.46825504302978516,0.5616456349690755,0.9561178684234619
pushup,0.48174319267272947,1.0,0.8167976140975952,0.497556734085083,0.9907062530517579,0.8374835848808289,0.47025270462036134,0.9891746520996094,0.8132765293121338,0.5263473510742187,0.9682844797770183,0.5561155080795288,0.448740816116333,0.9650143305460612,0.5182362794876099,0.5325129508972168,0.9222579956054687,0.8153874278068542,0.4229559898376465,0.9306618372599283,0.863886833190918,0.5102709770202637,0.8818265914916992,0.5867628455162048,0.3576148271560669,0.9025012969970703,0.6359562277793884,0.40262761116027834,0.8291558583577474,0.6194981932640076,0.3475348949432373,0.8323360443115234,0.6730460524559021,0.4933771133422852,0.7894151051839192,0.8069116473197937,0.42544803619384763,0.7916090647379558,0.828029990196228,0.5108138084411621,0.7512221654256185,0.7812764048576355,0.42928576469421387,0.7593152364095052,0.8098079562187195,0.4722756862640381,0.6008795420328776,0.8697361946105957,0.44030070304870605,0.6185672760009766,0.8829354643821716
pushup,0.4944286346435547,0.998634147644043,0.7543326020240784,0.5158278942108154,0.9760840098063152,0.8094342350959778,0.4768521308898926,0.9704800923665364,0.7807489037513733,0.5463199615478516,0.9509534200032552,0.45762017369270325,0.44391393661499023,0.9398359298706055,0.3579903244972229,0.563919973373413,0.9061060587565104,0.5935202240943909,0.40989990234375,0.9140796025594076,0.5455009937286377,0.6331321716308593,0.8827014923095703,0.4037020802497864,0.3465256214141846,0.9111886342366536,0.3429673910140991,0.6361675262451172,0.8919222513834636,0.4049552381038666,0.3502514362335205,0.8454292297363282,0.3685270845890045,0.5205606460571289,0.8255433400472005,0.507714033126831,0.4166568756103516,0.8296422958374023,0.4730958342552185,0.5908349990844727,0.7967740376790364,0.303023099899292,0.394838809967041,0.8051621754964192,0.2846149802207947,0.5469200134277343,0.6628520965576172,0.44766178727149963,0.3677623748779297,0.6748781204223633,0.4181939661502838
pushup,0.5026740074157715,0.9957057952880859,0.9007592797279358,0.5278153419494629,0.9669841766357422,0.9200588464736938,0.4807169437408447,0.9627735137939453,0.9179285764694214,0.5610316753387451,0.9368480682373047,0.568169891834259,0.44129056930541993,0.9271729151407878,0.5887003540992737,0.5799833297729492,0.8897410710652669,0.73729008436203,0.4027660369873047,0.9017237345377604,0.737655520439148,0.6517416000366211,0.8529533386230469,0.472063809633255,0.3302019119262695,0.8824174880981446,0.48045143485069275,0.6700304985046387,0.9387297948201497,0.45383206009864807,0.3373305320739746,0.8358755747477213,0.4923948347568512,0.5215795516967774,0.807986323038737,0.5455835461616516,0.40480728149414064,0.8128435770670573,0.526904821395874,0.5896662712097168,0.790854008992513,0.26894038915634155,0.37638795375823975,0.7945960362752279,0.28409111499786377,0.5425602436065674,0.6804885864257812,0.3566877841949463,0.346492862701416,0.6762440999348959,0.3639518618583679
pushup,0.49821033477783205,0.948690668741862,0.6503368616104126,0.5212109565734864,0.9255797704060872,0.6417480111122131,0.4765621185302734,0.9184028625488281,0.6471026539802551,0.5491862297058105,0.8960692087809244,0.1708202064037323,0.4273766040802002,0.8784786860148112,0.28593337535858154,0.5579163551330566,0.8400290171305339,0.5511197447776794,0.3663691520690918,0.8415239334106446,0.2340792417526245,0.6303540706634522,0.8041974385579427,0.5197381973266602,0.33477249145507815,0.8283204396565755,0.12775692343711853,0.6613072395324707,0.9145603179931641,0.5242518782615662,0.3898324012756348,0.8040146509806315,0.24822506308555603,0.523125171661377,0.8132006963094075,0.3488706350326538,0.40195283889770506,0.8247000376383463,0.17982789874076843,0.6426047801971435,0.7759716669718425,0.3433453142642975,0.4754482269287109,0.7747587203979492,0.19158384203910828,0.6410902500152588,0.886335817972819,0.32001835107803345,0.5363232612609863,0.8693838755289713,0.21437932550907135
pushup,0.5034500598907471,0.9109453837076823,0.9637913703918457,0.5307154178619384,0.8751026153564453,0.9372220635414124,0.4769731521606445,0.8733767191569011,0.9831311702728271,0.5591501712799072,0.8396600723266602,0.2754483222961426,0.4239074230194092,0.8282545725504558,0.8701790571212769,0.5631859779357911,0.870675532023112,0.5197067856788635,0.3507299661636353,0.8406325022379557,0.6093391180038452,0.6031939506530761,0.9401678721110026,0.12312827259302139,0.3064516544342041,0.8971963882446289,0.1846410483121872,0.6385153770446778,0.9631528854370117,0.13193093240261078,0.3957660675048828,0.9660563151041667,0.19271425902843475,0.4837437629699707,0.9727322896321614,0.032319076359272,0.3477807521820068,0.9709392547607422,0.034024521708488464,0.5387917995452881,0.9150692621866862,0.013018174096941948,0.3528627395629883,0.9023525873819987,0.014243855141103268,0.5944469928741455,0.9321667353312174,0.01747910864651203,0.44341282844543456,0.9086226145426433,0.01755283959209919
pushup,0.5045303344726563,0.8007726033528646,0.9853953123092651,0.5346136093139648,0.7661640167236328,0.9685018658638,0.48029637336730957,0.7611655553181966,0.9740374088287354,0.5708183288574219,0.7066418329874674,0.6522175073623657,0.43822011947631834,0.6920086542765299,0.7631562352180481,0.6168124198913574,0.7480983734130859,0.93385910987854,0.35459516048431394,0.7480185190836589,0.9452378749847412,0.662705659866333,0.8459252039591472,0.7315190434455872,0.3063018321990967,0.872769546508789,0.7150763273239136,0.6539713859558105,0.9427972157796224,0.7256739735603333,0.33179349899291993,0.9871161778767904,0.6922054290771484,0.5516409873962402,1.0,0.19349469244480133,0.3941601276397705,1.0,0.18427617847919464,0.551384973526001,0.9223373413085938,0.023882810026407242,0.3591894626617432,0.8830163319905598,0.02186235785484314,0.5760799407958984,0.9787509918212891,0.010771908797323704,0.4971686840057373,0.9202577590942382,0.010584047995507717
pushup,0.4982484817504883,0.7295220692952474,0.991003155708313,0.5255298137664794,0.6977266311645508,0.9748404026031494,0.4752692699432373,0.6936450958251953,0.9801002144813538,0.561534833908081,0.6611681620279948,0.6784571409225464,0.43818111419677735,0.6509137471516927,0.7347899675369263,0.6056237697601319,0.7108175913492839,0.9482412934303284,0.379321551322937,0.7085913976033529,0.9746626019477844,0.6511614322662354,0.8149265925089518,0.8409596085548401,0.3327887535095215,0.827900505065918,0.9182732701301575,0.6459407806396484,0.946894645690918,0.8623323440551758,0.32354485988616943,0.9838262557983398,0.903788149356842,0.5499491214752197,0.9730192820231119,0.5026029348373413,0.40286755561828613,0.9661862691243489,0.5725375413894653,0.5685840606689453,0.8237392425537109,0.12408369779586792,0.32589609622955323,0.7873100916544596,0.1530202329158783,0.5694726943969727,0.9795596440633138,0.05985813960433006,0.3760119915008545,0.9361048380533854,0.07047393918037415
pushup,0.5030198574066163,0.6560919443766277,0.9924716949462891,0.529193925857544,0.621829096476237,0.9709702134132385,0.47733488082885744,0.6190738677978516,0.9835242033004761,0.5617755889892578,0.5885828653971354,0.5911929607391357,0.4347334384918213,0.5810973485310872,0.8082088828086853,0.6027930736541748,0.6606152852376302,0.9615121483802795,0.3730745792388916,0.6573551177978516,0.982613205909729,0.6369392395019531,0.7945775985717773,0.8685374855995178,0.3346530914306641,0.8048667271931966,0.9363685846328735,0.652213191986084,0.9391187032063802,0.8619174361228943,0.3276035308837891,0.9879299799601237,0.90786212682724,0.5512954711914062,0.9777588526407878,0.4988025426864624,0.4005383014678955,0.9724330266316732,0.5702676177024841,0.5716910362243652,0.8275953928629557,0.09057314693927765,0.3305497169494629,0.7817286173502604,0.11057475954294205,0.5888531684875489,0.9805904388427734,0.037539154291152954,0.39504208564758303,0.9133970896402995,0.04399552941322327
pushup,0.4949838161468506,0.6565881729125976,0.9900497198104858,0.5223296165466309,0.6300371805826823,0.9754307866096497,0.47267980575561525,0.6211527506510417,0.9754360914230347,0.5573807716369629,0.586228624979655,0.7548571228981018,0.436341667175293,0.5673451741536458,0.7428321838378906,0.5929162979125977,0.6247697830200195,0.977640688419342,0.3832176685333252,0.6221028010050456,0.9792673587799072,0.6452518463134765,0.7590805053710937,0.9060925841331482,0.32230749130249026,0.7830192565917968,0.9043925404548645,0.6431057929992676,0.9283875147501628,0.8602215647697449,0.3268517255783081,0.9774022420247396,0.8461512327194214,0.5389336585998535,0.9082308451334635,0.7239430546760559,0.40591979026794434,0.9056002934773763,0.7187106609344482,0.5401893615722656,0.994113032023112,0.07589315623044968,0.3784832715988159,0.9762034734090169,0.07167995721101761,0.49544458389282225,0.971383539835612,0.013260872103273869,0.41042752265930177,0.9437948862711588,0.01247897744178772
pushup,0.4931498050689697,0.6331270853678386,0.9896917939186096,0.5176406383514405,0.6065308888753255,0.9755710959434509,0.4708761215209961,0.6006341298421224,0.9735259413719177,0.5513504981994629,0.5566768010457357,0.7594256401062012,0.43561420440673826,0.545102310180664,0.7248578071594238,0.5947558879852295,0.5970181147257487,0.9814411401748657,0.37943253517150877,0.5970613479614257,0.9775872826576233,0.6456666469573975,0.7628241221110026,0.922656774520874,0.3211298942565918,0.7801452000935872,0.8932042121887207,0.6444693088531495,0.9337977727254232,0.8661094903945923,0.3239716053009033,0.9778926849365235,0.8213587999343872,0.5452216625213623,0.8723184585571289,0.7811607718467712,0.4083362102508545,0.8724816640218099,0.7547473311424255,0.5589422702789306,0.9957969029744466,0.09938422590494156,0.38518357276916504,0.9816116333007813,0.08467350155115128,0.5377817153930664,0.9702280680338542,0.01515564601868391,0.421799373626709,0.9469474156697592,0.013319148682057858
pushup,0.4873202800750732,0.6212816874186198,0.9895590543746948,0.5111624240875244,0.5951961517333985,0.9783971905708313,0.4664890766143799,0.5913267771402995,0.9713373184204102,0.5480620384216308,0.5432264963785808,0.7986360788345337,0.4370149612426758,0.5363121668497721,0.6743297576904297,0.5952836036682129,0.5770917256673177,0.9814510345458984,0.38054795265197755,0.5791364669799804,0.9745618104934692,0.6439851760864258,0.757396952311198,0.9318382143974304,0.3207808494567871,0.7725298563639323,0.8929811716079712,0.6435811042785644,0.9264919281005859,0.8784128427505493,0.32592010498046875,0.9802979151407878,0.8172004818916321,0.5459083080291748,0.8314922332763672,0.8067556619644165,0.4065717697143555,0.8344132741292317,0.7735111117362976,0.5835022926330566,0.9677191416422526,0.11920204013586044,0.38606069087982176,0.9616662343343099,0.09955667704343796,0.5805750846862793,0.9621184666951498,0.01655905321240425,0.4163785934448242,0.95384521484375,0.01438817661255598
pushup,0.48464441299438477,0.6198876698811849,0.9903444647789001,0.5096556663513183,0.5940315246582031,0.9806390404701233,0.4642524719238281,0.5895243962605794,0.9670467972755432,0.5492899894714356,0.5321432431538899,0.8158687353134155,0.4372224807739258,0.5235699653625489,0.6218742728233337,0.5950552463531494,0.5616464614868164,0.988009512424469,0.38303725719451903,0.5601900100708008,0.9815665483474731,0.6404610633850097,0.7540704091389974,0.9516973495483398,0.33071246147155764,0.7675175348917643,0.9058505296707153,0.6405057430267334,0.9182531356811523,0.8796404004096985,0.32817370891571046,0.9926092147827148,0.7830485701560974,0.5449813365936279,0.8731848398844401,0.8905074596405029,0.409921932220459,0.875131098429362,0.8567990660667419,0.5617698669433594,1.0,0.13858143985271454,0.39823126792907715,1.0,0.11048685014247894,0.5603847503662109,1.0,0.017520084977149963,0.45712809562683104,1.0,0.014912141487002373
pushup,0.47502894401550294,0.620832888285319,0.9879206418991089,0.5008513450622558,0.5952753067016602,0.9770873785018921,0.45609221458435056,0.5894326527913412,0.9511269927024841,0.5449387073516846,0.5306655248006185,0.828181266784668,0.43373355865478513,0.5202084223429362,0.4985864758491516,0.5923161029815673,0.5527780532836915,0.9888063669204712,0.38286755084991453,0.5485807418823242,0.9753270149230957,0.631721305847168,0.7541535059611003,0.9581612944602966,0.3406821250915527,0.7640695571899414,0.8879886865615845,0.6429736137390136,0.9201521555582682,0.8915091156959534,0.32823596000671384,0.9813947041829427,0.7587847709655762,0.5368728637695312,0.8421696345011394,0.8969168066978455,0.40415186882019044,0.8404766082763672,0.8519483208656311,0.5600558280944824,1.0,0.20143572986125946,0.40114707946777345,0.9831791559855143,0.14501160383224487,0.5553401947021485,1.0,0.027894936501979828,0.45819602012634275,1.0,0.02177777886390686
pushup,0.47740879058837893,0.6320725123087565,0.9843823313713074,0.5011835098266602,0.6057824452718099,0.9693529605865479,0.45670390129089355,0.6015633900960287,0.9455897212028503,0.5425823211669922,0.5374746322631836,0.7558455467224121,0.430634069442749,0.5307769775390625,0.5041190385818481,0.5930264472961426,0.5491146087646485,0.9826720952987671,0.3792614698410034,0.5425270080566407,0.9713057279586792,0.6291904926300049,0.7605114618937174,0.9475659728050232,0.33664350509643554,0.7629757563273112,0.8971909284591675,0.6371387004852295,0.924954350789388,0.8856309056282043,0.3295451641082764,0.9883097330729167,0.7899488806724548,0.5398075580596924,0.7819543202718099,0.8933583498001099,0.40318641662597654,0.7785591125488281,0.8591678142547607,0.5631916999816895,0.9538251241048177,0.2804681658744812,0.38263916969299316,0.9329787572224935,0.23014914989471436,0.566045093536377,1.0,0.04237644001841545,0.4225907802581787,1.0,0.037082090973854065
pushup,0.47455434799194335,0.6426111857096354,0.9752641916275024,0.5001153945922852,0.616880734761556,0.9548305869102478,0.45560407638549805,0.6103418350219727,0.9091829061508179,0.5443535804748535,0.5515667597452799,0.7331433892250061,0.43079357147216796,0.5390592575073242,0.40840357542037964,0.5918111801147461,0.5526472091674804,0.9820952415466309,0.3787015438079834,0.5462030410766602,0.9672479629516602,0.6305440425872803,0.7541007359822591,0.9532073736190796,0.33271183967590334,0.7664923350016276,0.8964990377426147,0.6389295101165772,0.9213646570841472,0.898453414440155,0.32627277374267577,0.9953238169352213,0.7902356386184692,0.5323820114135742,0.7478401184082031,0.9306986927986145,0.39739422798156737,0.7435901641845704,0.9022893905639648,0.5471481323242188,0.9329636891682943,0.44877389073371887,0.37166078090667726,0.9161285400390625,0.37413230538368225,0.5333918571472168,1.0,0.08292868733406067,0.401193904876709,1.0,0.0709376409649849
pushup,0.47513394355773925,0.6430810292561849,0.9640369415283203,0.49868292808532716,0.6184348424275716,0.9239875674247742,0.45408096313476565,0.6147865931193034,0.880264401435852,0.5394968032836914,0.5453118006388347,0.6483439803123474,0.42835187911987305,0.539694341023763,0.4114767611026764,0.5891082763671875,0.551555887858073,0.9765956401824951,0.37552485466003416,0.5479176839192709,0.9691019058227539,0.619896125793457,0.750495974222819,0.9426265358924866,0.33519299030303956,0.7606523513793946,0.9066213369369507,0.6426914691925049,0.9171494166056315,0.8560859560966492,0.31982955932617185,0.9890098571777344,0.767894446849823,0.5380580425262451,0.8591890970865885,0.8984518647193909,0.4039637088775635,0.8574275970458984,0.875330924987793,0.5451662540435791,1.0,0.1713656485080719,0.3973252296447754,0.9981610616048177,0.143872931599617,0.5498250484466553,1.0,0.023184632882475853,0.47293453216552733,1.0,0.020978430286049843
pushup,0.4693287372589111,0.6437995910644532,0.958878219127655,0.4954824447631836,0.6188405990600586,0.9237678050994873,0.45038938522338867,0.6121696472167969,0.8491647243499756,0.540737247467041,0.5519079208374024,0.6792165040969849,0.426559591293335,0.53875732421875,0.3378276526927948,0.5877231597900391,0.55399595896403,0.9784485101699829,0.3724229335784912,0.5469274520874023,0.9610673189163208,0.6219195365905762,0.7477980295817057,0.9498429298400879,0.33231825828552247,0.7603661855061848,0.8848320841789246,0.6426562786102294,0.9191338857014973,0.8802390098571777,0.32242136001586913,0.9925474166870117,0.7511953711509705,0.5297811508178711,0.8054850896199545,0.9150189161300659,0.39559249877929686,0.8015726725260417,0.8798621892929077,0.541545057296753,0.9820928573608398,0.2892969846725464,0.38923695087432864,0.9543229420979817,0.22628462314605713,0.5344602108001709,1.0,0.04331142082810402,0.45107073783874513,1.0,0.03653084486722946
pushup,0.4687496185302734,0.6464368184407552,0.9802244305610657,0.49372091293334963,0.624583371480306,0.9594441056251526,0.45163583755493164,0.6156572977701823,0.9324696660041809,0.5344099998474121,0.5548712412516276,0.7170464396476746,0.4274336814880371,0.5367120107014974,0.4574456512928009,0.582099437713623,0.5577520370483399,0.9747434258460999,0.3662235736846924,0.547122065226237,0.9528430104255676,0.6304440498352051,0.7518149058024088,0.9363210797309875,0.321898365020752,0.7598346074422201,0.8647632002830505,0.649413776397705,0.9213464736938477,0.8994992971420288,0.3211406707763672,0.9761725743611653,0.802893877029419,0.5162204742431641,0.8080216725667317,0.8011878132820129,0.37896993160247805,0.8022292455037435,0.7413039803504944,0.5470104694366456,0.9466927210489909,0.1752031147480011,0.3680266857147217,0.9202709833780924,0.1340123414993286,0.5297681331634522,0.9766394297281901,0.02789207734167576,0.4092588424682617,0.9520520528157552,0.023100055754184723
pushup,0.47262005805969237,0.6593467712402343,0.9426842927932739,0.49796261787414553,0.6396979014078776,0.8817147612571716,0.4580282688140869,0.6289002100626627,0.8165433406829834,0.5404118537902832,0.5676266352335612,0.5566744208335876,0.4363862991333008,0.5449075698852539,0.2995586693286896,0.5871467113494873,0.560535176595052,0.9534801840782166,0.367771053314209,0.5503317515055338,0.9271489381790161,0.6317371368408203,0.7462830225626628,0.9205224514007568,0.32213702201843264,0.7614508946736653,0.8555128574371338,0.648749828338623,0.9229200998942058,0.8801104426383972,0.3203649282455444,0.9781944274902343,0.7910928130149841,0.5176791191101074,0.8228715896606446,0.7842368483543396,0.3792701482772827,0.8182154337565104,0.7329742312431335,0.5530033588409424,0.9748628616333008,0.13287831842899323,0.3822417497634888,0.9509330749511719,0.10746351629495621,0.5278239250183105,0.9754947662353516,0.019106602296233177,0.4322697639465332,0.9572989781697591,0.016501527279615402
pushup,0.4895127773284912,0.6909236272176107,0.9047958254814148,0.5145955562591553,0.6683244069417318,0.8034265637397766,0.46945958137512206,0.6602916081746419,0.7415491938591003,0.5542631149291992,0.5903976440429688,0.4069047272205353,0.4393921375274658,0.5740268707275391,0.2660417854785919,0.6012551307678222,0.5798427581787109,0.9142170548439026,0.3714323043823242,0.5700751622517903,0.9107460975646973,0.6353803634643554,0.7501244227091471,0.9005206227302551,0.3222941875457764,0.7571531931559244,0.8674170970916748,0.6505670547485352,0.941478983561198,0.8702357411384583,0.32205910682678224,0.9777976353963216,0.8199130892753601,0.5362112045288085,0.8920833587646484,0.7060827016830444,0.38871524333953855,0.886578623453776,0.6722007989883423,0.5553179740905761,0.9772708892822266,0.0731697678565979,0.3647624015808105,0.9479438781738281,0.06467010080814362,0.5326755523681641,0.9676317850748698,0.013255400583148003,0.4190119743347168,0.9330857594807943,0.01224036980420351
pushup,0.4793522834777832,0.7202612559000651,0.7800187468528748,0.4998337745666504,0.7021566390991211,0.6290411949157715,0.46364765167236327,0.6967034657796224,0.4530728757381439,0.537307596206665,0.6210310618082683,0.3545582890510559,0.43963470458984377,0.6109371185302734,0.11503808945417404,0.6037681579589844,0.5968348185221354,0.8845264315605164,0.372443413734436,0.5999751408894857,0.8491761684417725,0.6644266605377197,0.7455241521199544,0.9100490212440491,0.3244296073913574,0.766412862141927,0.8356860280036926,0.6544308185577392,0.9474615732828776,0.8828786611557007,0.3181891918182373,0.9705455144246419,0.7898157835006714,0.5569716930389405,0.9498156865437826,0.6235362887382507,0.40836296081542967,0.9475208282470703,0.5571433901786804,0.5669376850128174,0.9688560485839843,0.04175731539726257,0.3755726099014282,0.9381306330362956,0.03187509626150131,0.5545412063598633,0.9624588648478191,0.008531942032277584,0.4675471305847168,0.9146414438883463,0.007281849160790443
pushup,0.45845513343811034,0.7277535120646159,0.4031020998954773,0.46323428153991697,0.715014902750651,0.28299179673194885,0.4609498977661133,0.711519432067871,0.09553133696317673,0.49198083877563475,0.6669444402058919,0.3281029462814331,0.46983752250671384,0.6619777043660482,0.03642289340496063,0.5791127204895019,0.6446390151977539,0.8516923785209656,0.428776216506958,0.6567115147908529,0.7790166139602661,0.6717583179473877,0.7358701705932618,0.9079830050468445,0.378587007522583,0.7786881764729817,0.8467656970024109,0.6555572509765625,0.9791593551635742,0.8601094484329224,0.38646860122680665,0.9986010869344075,0.7497283816337585,0.550315523147583,0.7970050811767578,0.7818741202354431,0.4512299060821533,0.7870300928751628,0.7350238561630249,0.5249565601348877,0.8388849258422851,0.24748624861240387,0.36494424343109133,0.8001431783040365,0.19968661665916443,0.4881430625915527,0.9901034037272135,0.05345602333545685,0.35470693111419677,0.9187250137329102,0.04806726425886154
pushup,0.47625980377197263,0.754095713297526,0.2799546718597412,0.4726001262664795,0.7429938634236654,0.11890273541212082,0.4802993297576904,0.7458095550537109,0.1285240799188614,0.47702736854553224,0.7043401718139648,0.1936863213777542,0.4920977592468262,0.710617192586263,0.196146622300148,0.5076445579528809,0.6788344701131185,0.7887633442878723,0.48493542671203616,0.692013168334961,0.8046970367431641,0.6072016716003418,0.7462366739908854,0.7798734307289124,0.5374800682067871,0.782459831237793,0.8394465446472168,0.661844539642334,0.9145652135213216,0.7373499274253845,0.6429194927215576,0.9205369313557943,0.7457461357116699,0.4919029712677002,0.7346380869547526,0.73615562915802,0.4753312587738037,0.7410072962443034,0.7266354560852051,0.5170536041259766,0.7905572255452474,0.3805532455444336,0.4836052417755127,0.7947925567626953,0.3949581980705261,0.5379980087280274,0.9538690567016601,0.11951151490211487,0.4933349132537842,0.938504155476888,0.1246059462428093
pushup,0.48754539489746096,0.9595078150431315,0.00877996813505888,0.48592824935913087,0.9468276977539063,0.013151164166629314,0.5068233489990235,0.944241714477539,0.0022496681194752455,0.4624016761779785,0.9558325449625651,0.868229866027832,0.5743452072143554,0.9514253616333008,0.40200555324554443,0.44361305236816406,1.0,0.14914128184318542,0.6031586647033691,1.0,0.24784190952777863,0.43068633079528806,1.0,0.007101396098732948,0.5945590496063232,1.0,0.012593870051205158,0.4582077503204346,0.9679241180419922,0.0035040630027651787,0.5482723712921143,0.9626818974812825,0.0049372282810509205,0.4880234241485596,1.0,0.0013354199472814798,0.593756914138794,1.0,0.0023667667992413044,0.4885700225830078,0.9832185109456381,0.0013569251168519258,0.5659839630126953,0.9810881932576497,0.001877032220363617,0.49245848655700686,0.9854898452758789,0.010350704193115234,0.5544029712677002,0.980543581644694,0.01350165531039238
pushup,0.4913023471832275,0.9709824879964193,0.016688145697116852,0.4914590358734131,0.9595552444458008,0.028080232441425323,0.5121308326721191,0.9557880401611328,0.00424199178814888,0.4629065990447998,0.9727235158284505,0.9514381885528564,0.5790217399597168,0.9661944707234701,0.5968578457832336,0.43814663887023925,1.0,0.13051152229309082,0.6034407138824462,1.0,0.2002963125705719,0.4251283645629883,1.0,0.00285079306922853,0.5934117794036865,1.0,0.004180288407951593,0.455888557434082,0.9689313252766927,0.0013548912247642875,0.5518134593963623,0.9642148971557617,0.0015887583140283823,0.4888704776763916,1.0,0.0004866687813773751,0.6020618438720703,1.0,0.0008950986084528267,0.4582354068756104,0.9594668706258138,0.000647321401629597,0.5710217475891113,0.9569805145263672,0.00082058907719329,0.4661123275756836,0.9841289520263672,0.006812220439314842,0.5910898208618164,0.9799796422322591,0.008210104890167713
pushup,0.5000492095947265,0.7219074885050456,0.034667953848838806,0.4877110481262207,0.7186222076416016,0.009065761230885983,0.5093598365783691,0.7260435740152995,0.01314992643892765,0.4493363380432129,0.7399844487508138,0.31250959634780884,0.5374962329864502,0.7548913955688477,0.4487035870552063,0.4092088222503662,0.7905606587727865,0.8922734260559082,0.5649992942810058,0.8045637766520183,0.9243213534355164,0.36734161376953123,0.8327542622884114,0.7361850142478943,0.6067897319793701,0.8457088470458984,0.7717404365539551,0.345011568069458,0.7793232599894205,0.5736692547798157,0.6177835464477539,0.7833277384440104,0.5803013443946838,0.4080845355987549,0.8624500910441081,0.7135254740715027,0.5256325721740722,0.8681111017862956,0.7224975824356079,0.3357852935791016,0.8095242818196614,0.42373958230018616,0.5494391441345214,0.8198334376017252,0.413887619972229,0.35669660568237305,0.921390151977539,0.11722387373447418,0.6117826461791992,0.9236771901448567,0.11090276390314102
pushup,0.5015409469604493,0.8375172297159831,0.012151725590229034,0.4931360721588135,0.8444628397623698,0.00474192900583148,0.5135284900665283,0.8459035237630208,0.010423245839774609,0.47434468269348146,0.8657830556233724,0.10271750390529633,0.5402683258056641,0.8682411193847657,0.26817333698272705,0.4305708885192871,0.8638861338297527,0.35195446014404297,0.5589784622192383,0.8583803176879883,0.6822240352630615,0.36198835372924804,0.8470542907714844,0.1926070898771286,0.5947803497314453,0.8455237706502279,0.5693336129188538,0.3288909912109375,0.7937578837076823,0.14967751502990723,0.6119917869567871,0.8182119369506836,0.3711514174938202,0.40148367881774905,0.8400848388671875,0.5635334849357605,0.493867301940918,0.8365532557169596,0.6945459246635437,0.392709755897522,0.8256701151529948,0.5670359134674072,0.5674758911132812,0.8141497929890951,0.7121667265892029,0.3845295190811157,0.8626022338867188,0.5213298201560974,0.6118557453155518,0.8512880325317382,0.6220027804374695
pushup,0.5240537643432617,0.7906501134236653,0.014932965859770775,0.5109267711639405,0.7935145696004232,0.0032322786282747984,0.5309657096862793,0.7935355504353842,0.008076212368905544,0.4709728717803955,0.8114428202311198,0.12296956777572632,0.5418028354644775,0.8159785588582357,0.39024126529693604,0.4345106601715088,0.8339201609293619,0.911796510219574,0.551202392578125,0.8177433649698893,0.9165078997612,0.37688393592834474,0.9086811701456706,0.8377968072891235,0.5772104740142823,0.874758529663086,0.8621067404747009,0.3472196102142334,0.8237906138102213,0.6863442063331604,0.6084091186523437,0.8115908940633138,0.7225792407989502,0.4149383544921875,0.8017573038736979,0.9489597678184509,0.4960498332977295,0.7923839569091797,0.950020968914032,0.4150743007659912,0.8115394592285157,0.8664637207984924,0.554005765914917,0.7939069112141927,0.8747828006744385,0.3946609735488892,0.7776742299397786,0.6969911456108093,0.5514511108398438,0.7492127736409505,0.6985490918159485
pushup,0.5231146335601806,0.8426369984944662,0.007075165864080191,0.5134319305419922,0.8479927062988282,0.0017714856658130884,0.5317739009857178,0.8423569997151693,0.004541888367384672,0.4781494617462158,0.8654146194458008,0.07818873971700668,0.5411097049713135,0.8574150085449219,0.2813285291194916,0.4238282203674316,0.8740247090657552,0.7458087801933289,0.5582143306732178,0.8463260650634765,0.8010584712028503,0.357475733757019,0.9272333780924479,0.6213461756706238,0.5955042362213134,0.8820682525634765,0.7307911515235901,0.3390606164932251,0.8334491729736329,0.48107606172561646,0.6079154968261719,0.8199610392252604,0.5662187337875366,0.39823336601257325,0.7936161677042644,0.8733007907867432,0.4921702861785889,0.7793671290079752,0.8865488767623901,0.4048161506652832,0.7984409332275391,0.7834653854370117,0.5588021278381348,0.7764701843261719,0.8139395713806152,0.3634459972381592,0.7325880686442058,0.6811795234680176,0.5530580043792724,0.7119494756062825,0.6973053216934204
pushup,0.5236549377441406,0.7966990152994792,0.00932035781443119,0.5142767906188965,0.7995533625284831,0.002405578503385186,0.5288880348205567,0.7959646224975586,0.004755931440740824,0.4827476978302002,0.8244438807169596,0.11066670715808868,0.5422157764434814,0.8198074340820313,0.31324371695518494,0.4241673469543457,0.8574713389078776,0.8045026063919067,0.5767879486083984,0.8245613733927409,0.8313159346580505,0.36649699211120607,0.9134689966837565,0.6932874917984009,0.6160377502441406,0.8509066899617513,0.7610998153686523,0.3565558433532715,0.8375215530395508,0.5643969178199768,0.5975841045379638,0.8219273885091146,0.6389020085334778,0.4072922706604004,0.8062225977579752,0.8598574995994568,0.5140663146972656,0.7936148961385091,0.8714576959609985,0.42841596603393556,0.7518880208333333,0.7601775527000427,0.5928211688995362,0.7450899759928385,0.7981176376342773,0.37970001697540284,0.7221397399902344,0.6538645029067993,0.5787472248077392,0.7289869944254558,0.6751569509506226
pushup,0.547888708114624,0.7723627090454102,0.028550855815410614,0.5364241123199462,0.7679911295572917,0.003922612871974707,0.5461143970489502,0.7692402521769206,0.019989261403679848,0.490113353729248,0.7836604436238607,0.0996600016951561,0.541135597229004,0.7923272450764974,0.6685848832130432,0.42182397842407227,0.8195030848185222,0.9108409881591797,0.5710965633392334,0.8120545705159505,0.9408366680145264,0.3692784309387207,0.9000467300415039,0.7867717146873474,0.6166541576385498,0.8815767288208007,0.8706062436103821,0.355895471572876,0.8410981496175131,0.637826681137085,0.5913540840148925,0.8452781041463217,0.7469149827957153,0.4001739025115967,0.7963340759277344,0.867034375667572,0.5066694736480712,0.7938985188802083,0.8838416934013367,0.4212788105010986,0.734387461344401,0.7283086180686951,0.5973022937774658,0.7327204386393229,0.7691479325294495,0.37120494842529295,0.770312245686849,0.530058741569519,0.5889907360076905,0.768626085917155,0.5465676188468933
pushup,0.5234450817108154,0.820698610941569,0.005674100946635008,0.5135184764862061,0.8222899754842122,0.0011695993598550558,0.5284557819366456,0.8184821446736653,0.0036880839616060257,0.4790653705596924,0.8382208506266277,0.053796976804733276,0.5350254535675049,0.8339105606079101,0.2888409197330475,0.42201995849609375,0.8578442255655925,0.7227820158004761,0.5617680549621582,0.8323692957560221,0.8229210376739502,0.36203713417053224,0.9199558893839518,0.6289088129997253,0.6042108535766602,0.8800579071044922,0.8009108901023865,0.34277052879333497,0.8320378621419271,0.5087005496025085,0.6040568828582764,0.8465381622314453,0.6718043088912964,0.4071284294128418,0.793346913655599,0.8760812878608704,0.5042715072631836,0.7832631429036458,0.9037802219390869,0.42303152084350587,0.7691375732421875,0.7715163826942444,0.5798343658447266,0.7634393056233724,0.8316512107849121,0.3731101036071777,0.7025872548421224,0.6758548021316528,0.565086555480957,0.7090890248616536,0.7146852612495422
pushup,0.541099214553833,0.7571486790974935,0.03449669107794762,0.5284345149993896,0.758731460571289,0.006386320572346449,0.5456215858459472,0.7578458786010742,0.029507961124181747,0.4793156623840332,0.7763326009114583,0.13928140699863434,0.5494988441467286,0.7805100758870442,0.6696372032165527,0.42552661895751953,0.8045947392781575,0.8588930368423462,0.5618757724761962,0.7946001688639323,0.9135451316833496,0.359405517578125,0.8780213673909505,0.5717617273330688,0.592725419998169,0.8563499450683594,0.7451305389404297,0.3315852642059326,0.821697998046875,0.33789995312690735,0.6158740997314454,0.8048742930094401,0.47570452094078064,0.39947502613067626,0.8116113026936849,0.7736042141914368,0.49974780082702636,0.8044595718383789,0.8054892420768738,0.39036130905151367,0.8032943725585937,0.6497524380683899,0.5790042400360107,0.7792689641316731,0.6948586702346802,0.3496269464492798,0.859653091430664,0.4705978333950043,0.590571403503418,0.8184394836425781,0.49027377367019653
pushup,0.5197657585144043,0.834347661336263,0.014689016155898571,0.5038785934448242,0.840596071879069,0.004061001352965832,0.5312390804290772,0.8439882278442383,0.008320050314068794,0.4642423152923584,0.8639755249023438,0.2367144674062729,0.5594857692718506,0.8759602228800456,0.4835117757320404,0.420183801651001,0.8656124114990235,0.8680045008659363,0.5886623382568359,0.8617682139078776,0.9061838984489441,0.3640987157821655,0.8618389765421549,0.7427396774291992,0.6154428482055664,0.8634281158447266,0.8346427083015442,0.3409385919570923,0.8055827458699544,0.5840455293655396,0.644513750076294,0.8778034210205078,0.6577162146568298,0.40108819007873536,0.8039207458496094,0.8610090613365173,0.5160079956054687,0.7988780975341797,0.8801954984664917,0.39091084003448484,0.7852886199951172,0.66548752784729,0.5584430694580078,0.7787986119588216,0.7058806419372559,0.37821483612060547,0.7733773549397787,0.42334550619125366,0.5491611957550049,0.7573856353759766,0.443462997674942
pushup,0.44707746505737306,0.934141731262207,0.0932585597038269,0.44942278861999513,0.9193307876586914,0.2641450762748718,0.4673056125640869,0.9157763163248698,0.0064225164242088795,0.47474327087402346,0.9290807088216145,0.9845089316368103,0.5555794715881348,0.9148124694824219,0.2430131584405899,0.4804295539855957,1.0,0.38809284567832947,0.5997690200805664,0.9949436823527018,0.3878271281719208,0.46089754104614256,1.0,0.010215763933956623,0.6023111343383789,0.9954963048299154,0.007116302382200956,0.4675275802612305,0.9611164728800455,0.003948115278035402,0.5613225936889649,0.9366578420003255,0.0035351032856851816,0.5266031265258789,1.0,0.0012300870148465037,0.6055350303649902,1.0,0.0017743634525686502,0.4944831371307373,1.0,0.0008772542350925505,0.5553661346435547,0.9893006006876628,0.0009402403375133872,0.4981981754302979,0.9840330759684245,0.005338090937584639,0.5464693069458008,0.9599033991495768,0.005860807839781046
pushup,0.4719278335571289,0.8936593373616536,0.5784952640533447,0.4955582618713379,0.8746782938639323,0.5565320253372192,0.4652569770812988,0.863992436726888,0.3709319531917572,0.5449390411376953,0.8425025939941406,0.3104015588760376,0.45201539993286133,0.8164911905924479,0.07901076972484589,0.5923272132873535,0.8211396535237631,0.5012978315353394,0.38002986907958985,0.7865230560302734,0.39821121096611023,0.658455753326416,0.8559405008951823,0.5584049820899963,0.29338979721069336,0.8245525360107422,0.43057969212532043,0.6529480457305908,0.938784408569336,0.63668292760849,0.30529882907867434,0.9818014780680339,0.48299360275268555,0.5106070518493653,0.8656619389851888,0.19596488773822784,0.370931601524353,0.845734977722168,0.1638607531785965,0.5753589630126953,0.7840281168619792,0.06493037194013596,0.336611270904541,0.7406845728556315,0.053004976361989975,0.5563440322875977,0.9071905136108398,0.03748178109526634,0.36052446365356444,0.8677412033081054,0.03295162692666054
pushup,0.5036308288574218,0.8174440383911132,0.9784339070320129,0.5267936706542968,0.786881955464681,0.9080729484558105,0.4803569793701172,0.7825223922729492,0.9766921997070312,0.552549934387207,0.7470181783040365,0.22574912011623383,0.42971110343933105,0.7331819534301758,0.8233025074005127,0.5750171661376953,0.7756140391031902,0.8556745648384094,0.35608458518981934,0.7524453481038411,0.9157596826553345,0.6452450752258301,0.847877311706543,0.6803351044654846,0.31129095554351804,0.8197298685709635,0.82631915807724,0.6623202800750733,0.9450187683105469,0.705963671207428,0.3292379379272461,0.9816368103027344,0.8119709491729736,0.4938711643218994,0.9958862940470378,0.23844945430755615,0.3467750310897827,0.9892552693684896,0.27413004636764526,0.5688692569732666,0.8928157170613606,0.024045180529356003,0.3267151594161987,0.8708714803059896,0.03061092458665371,0.588930082321167,0.958895746866862,0.010402873158454895,0.3709733009338379,0.9301280975341797,0.011721272952854633
pushup,0.5037720680236817,0.7352159500122071,0.9275034070014954,0.5202609539031983,0.7110756556193034,0.778300404548645,0.4864861011505127,0.7096427281697592,0.8249258399009705,0.5450140953063964,0.6583546956380208,0.25516659021377563,0.4542400360107422,0.6544695536295573,0.3845909833908081,0.5911271572113037,0.6761025746663412,0.8986681699752808,0.38457069396972654,0.6804100036621094,0.920307457447052,0.6375447273254394,0.8027672449747721,0.8908533453941345,0.33269586563110354,0.8302122751871744,0.9019222855567932,0.6461092948913574,0.9215628941853841,0.8911285400390625,0.33648409843444826,0.9961413065592448,0.8836206793785095,0.5375247955322265,0.9497437159220378,0.6703840494155884,0.3994586944580078,0.9510384877522786,0.6688764691352844,0.5612851142883301,0.7999264399210612,0.2233342081308365,0.3190524816513062,0.7912324269612631,0.2187196910381317,0.5577537536621093,0.9565562566121419,0.09933999925851822,0.349582576751709,0.9462296803792317,0.09552258253097534
pushup,0.5084686279296875,0.6965164184570313,0.9780682921409607,0.5233667373657227,0.673565165201823,0.8789510130882263,0.4907397270202637,0.6701176325480144,0.9529007077217102,0.5409665107727051,0.6078350067138671,0.21740828454494476,0.44875621795654297,0.5989360809326172,0.707410991191864,0.5903515338897705,0.6322787602742513,0.9335794448852539,0.36377520561218263,0.6316630045572916,0.9650469422340393,0.6436335563659668,0.7660048166910808,0.875272274017334,0.3206378936767578,0.7867376963297527,0.9265745282173157,0.6507176399230957,0.9363422393798828,0.8794335722923279,0.32311182022094725,0.9881732940673829,0.9090036153793335,0.5257627487182617,0.9688063939412435,0.4958789646625519,0.3815133810043335,0.9648694356282552,0.5407766103744507,0.5156233787536622,0.8581753412882487,0.07352190464735031,0.30594096183776853,0.8265432357788086,0.07947183400392532,0.5176057815551758,0.9741844177246094,0.02510210871696472,0.37892327308654783,0.9234006881713868,0.025783700868487358
pushup,0.4910789966583252,0.654141616821289,0.9622216820716858,0.5090984344482422,0.6333835601806641,0.9010190367698669,0.47319836616516114,0.630016835530599,0.9011571407318115,0.537375020980835,0.5698660532633464,0.5041206479072571,0.4428712844848633,0.5632449467976888,0.5308893918991089,0.5883094787597656,0.5946754455566406,0.9566269516944885,0.3746682643890381,0.5939921061197917,0.9578167796134949,0.6484768390655518,0.7595868428548177,0.9027062058448792,0.31350252628326414,0.7728828430175781,0.8778979182243347,0.6504692077636719,0.9338767369588216,0.8512089252471924,0.3208174705505371,0.9801581064860027,0.8099741339683533,0.538062572479248,0.9200280507405599,0.6947963833808899,0.40440993309020995,0.9213420867919921,0.6674031615257263,0.5424336910247802,1.0,0.05900682136416435,0.3908669471740723,0.9962905248006185,0.05198859050869942,0.5350979328155517,0.9907365798950195,0.009430711157619953,0.4626904010772705,0.9662017822265625,0.008522698655724525
pushup,0.4789749622344971,0.628207778930664,0.9869000315666199,0.5030327796936035,0.6056352615356445,0.972714364528656,0.46010608673095704,0.5985404968261718,0.9600129723548889,0.5396058082580566,0.5461585998535157,0.7588308453559875,0.43175363540649414,0.5313759485880534,0.6071709990501404,0.5885339736938476,0.5763706207275391,0.9772471189498901,0.37080209255218505,0.5705494562784831,0.9721300005912781,0.6454543590545654,0.7598544438680013,0.9280495047569275,0.31497750282287595,0.7692808787027995,0.889455258846283,0.6501568794250489,0.9344683329264323,0.8796405792236328,0.32245874404907227,0.9760430018107097,0.8200563192367554,0.540062665939331,0.8935628890991211,0.7639028429985046,0.4006316661834717,0.8921116511027019,0.72487473487854,0.5603594303131103,0.9974316914876302,0.08142665773630142,0.37924942970275877,0.9849273681640625,0.06943032145500183,0.5447787761688232,0.9799023310343424,0.012483020313084126,0.4286789417266846,0.9647996266682942,0.011107783764600754
pushup,0.476393985748291,0.6028475443522135,0.9911105632781982,0.5033138275146485,0.5772854487101237,0.9779782891273499,0.4560383796691895,0.569255002339681,0.9732017517089844,0.5400641441345215,0.5248729070027669,0.7781999707221985,0.42504286766052246,0.50792023340861,0.6858296990394592,0.5796115875244141,0.5634812672932943,0.984650731086731,0.36901106834411623,0.5605831146240234,0.9774905443191528,0.640238094329834,0.7455919901529948,0.9327779412269592,0.3195943355560303,0.7643186569213867,0.8925721049308777,0.6480371475219726,0.9173792521158854,0.8763624429702759,0.3186281442642212,0.9777161280314127,0.8110488653182983,0.5196202278137207,0.8692116419474284,0.7910926938056946,0.387300705909729,0.8700777689615885,0.7528287172317505,0.5353550434112548,1.0,0.10100719332695007,0.38730907440185547,0.9982613881429037,0.08449674397706985,0.5041666030883789,1.0,0.013469700701534748,0.432965087890625,1.0,0.01157369650900364
pushup,0.47704453468322755,0.5877031962076823,0.9911638498306274,0.5031888008117675,0.5618552525838216,0.9787908792495728,0.45633716583251954,0.5550249735514323,0.9704095125198364,0.5391695022583007,0.5052728017171224,0.7833986282348633,0.4255655765533447,0.49141635894775393,0.6496648788452148,0.579151964187622,0.541819953918457,0.9870089888572693,0.36975765228271484,0.5438836415608724,0.9759452939033508,0.629078483581543,0.7408971150716146,0.9491755962371826,0.3282554388046265,0.7673826217651367,0.8861296772956848,0.6472885608673096,0.9202023188273112,0.8921482563018799,0.3200222969055176,0.981799825032552,0.7922977209091187,0.5245834827423096,0.8599689483642579,0.8202875256538391,0.39105920791625975,0.8631398518880208,0.7629335522651672,0.5460436820983887,0.985730234781901,0.12531934678554535,0.38437252044677733,0.9780353546142578,0.09192174673080444,0.534521484375,0.9919185638427734,0.017923805862665176,0.4374058723449707,0.9837359110514323,0.014126159250736237
pushup,0.4778566360473633,0.5868227640787761,0.9909654855728149,0.5010577201843261,0.5600639979044596,0.9781824350357056,0.45578575134277344,0.5569184621175131,0.9683305621147156,0.5362017631530762,0.49913749694824217,0.7769083380699158,0.4256703853607178,0.4945691426595052,0.6294030547142029,0.5798452377319336,0.5391247431437175,0.987871527671814,0.37278659343719484,0.5403952280680339,0.9734647870063782,0.6231859207153321,0.7486428578694662,0.9544313549995422,0.3314667224884033,0.7636728286743164,0.8773732781410217,0.6482233047485352,0.9219995498657226,0.8964374661445618,0.3216291904449463,0.9831947962443034,0.7750127911567688,0.521240520477295,0.8624516169230143,0.8337342739105225,0.3890155553817749,0.8642545064290365,0.766758918762207,0.5394052028656006,1.0,0.11958856880664825,0.3822469234466553,0.9980335871378581,0.08113645017147064,0.5369928359985352,1.0,0.014610424637794495,0.42995848655700686,0.9991466522216796,0.010908180847764015
pushup,0.47097530364990237,0.5973556518554688,0.9903920888900757,0.4967985153198242,0.5694365819295247,0.9806104898452759,0.4484725475311279,0.5655906041463216,0.9622403979301453,0.5372791290283203,0.5053329149881999,0.8186744451522827,0.4206669807434082,0.49863058725992837,0.5736282467842102,0.5803642272949219,0.5413120905558269,0.9897679686546326,0.3717411994934082,0.5372336705525717,0.9793221354484558,0.6138259410858155,0.7561177571614583,0.9595023989677429,0.33485822677612304,0.7624542872111003,0.8896009922027588,0.638280725479126,0.9278828303019205,0.8924404382705688,0.3259989500045776,0.9884735107421875,0.7596004009246826,0.5305348873138428,0.861453628540039,0.8955061435699463,0.39986367225646974,0.8615130742390951,0.8475837111473083,0.537673044204712,1.0,0.17963872849941254,0.39284064769744875,1.0,0.12725266814231873,0.5473555564880371,1.0,0.02359643578529358,0.46146550178527834,1.0,0.018433179706335068
pushup,0.47371506690979004,0.5997735977172851,0.990754246711731,0.49675741195678713,0.5706485748291016,0.9789184927940369,0.44919986724853517,0.5709188461303711,0.9683035016059875,0.5346898555755615,0.5045141537984212,0.7902957201004028,0.4194789409637451,0.5078604062398274,0.6343020796775818,0.5835111618041993,0.5393824259440104,0.9882832765579224,0.3721160411834717,0.5415525436401367,0.982326090335846,0.6172431468963623,0.7517477671305338,0.9531241655349731,0.3329986810684204,0.7619975407918295,0.9112759828567505,0.6407298564910888,0.9232943216959636,0.8776828050613403,0.32064340114593504,0.9990184783935547,0.7804253697395325,0.5319267749786377,0.8601322174072266,0.8896157145500183,0.3976781368255615,0.8612536112467448,0.8587533831596375,0.534292459487915,1.0,0.16044457256793976,0.3760950803756714,0.9982971827189128,0.12557826936244965,0.5525766849517822,1.0,0.020750291645526886,0.4395778656005859,1.0,0.017487389966845512
pushup,0.4726203441619873,0.5994447072347006,0.9907434582710266,0.49671130180358886,0.5701283137003581,0.9788636565208435,0.4480782985687256,0.5690949757893881,0.9683228731155396,0.5347368717193604,0.5033133824666342,0.7859664559364319,0.4175989627838135,0.5036733627319336,0.6414391398429871,0.5797251701354981,0.535113525390625,0.9889429807662964,0.3698301315307617,0.5398715337117513,0.9826287031173706,0.6147498607635498,0.7425341288248698,0.9547193050384521,0.3330873489379883,0.7623118718465169,0.9092163443565369,0.6423830986022949,0.9185711542765299,0.8844239115715027,0.32129945755004885,0.9884651184082032,0.7884861826896667,0.5278405666351318,0.849219004313151,0.9092061519622803,0.3967054128646851,0.8525110244750976,0.880030632019043,0.5315694808959961,1.0,0.20821236073970795,0.38707737922668456,1.0,0.1640406996011734,0.5399683475494385,1.0,0.027000831440091133,0.44813690185546873,1.0,0.022597545757889748
pushup,0.47123565673828127,0.5955169677734375,0.9908906817436218,0.4946750164031982,0.5673240025838217,0.9797376990318298,0.4478009223937988,0.5660446166992188,0.9688988327980042,0.5314308166503906,0.505809466044108,0.797162652015686,0.4180929183959961,0.505169169108073,0.6454637050628662,0.5767772197723389,0.5416984558105469,0.9887605309486389,0.37034034729003906,0.5454785664876302,0.9818452596664429,0.6145889282226562,0.7440043131510417,0.9548925757408142,0.33242363929748536,0.7628913879394531,0.905670702457428,0.6408995151519775,0.9183724085489909,0.8805875182151794,0.3241645574569702,0.9951566696166992,0.7742263078689575,0.5307284832000733,0.8583759943644206,0.8926597833633423,0.3993414878845215,0.8616116841634115,0.8572961091995239,0.5381298542022706,1.0,0.1554855853319168,0.381706976890564,1.0,0.11780460923910141,0.554262351989746,1.0,0.01923276111483574,0.44293866157531736,1.0,0.015759216621518135
pushup,0.47181167602539065,0.5974379221598307,0.9907453060150146,0.4953134059906006,0.5700593948364258,0.9785225987434387,0.44858450889587403,0.5680869420369467,0.9686662554740906,0.5322128295898437,0.5053859710693359,0.7843995690345764,0.4191267013549805,0.503104050954183,0.6469721794128418,0.5773565292358398,0.5411876678466797,0.9882908463478088,0.37081313133239746,0.5408148447672526,0.9827971458435059,0.6147589206695556,0.754649289449056,0.9502803087234497,0.3323800086975098,0.7647767384847005,0.9079115390777588,0.6405233860015869,0.9225706100463867,0.8698011040687561,0.3223161458969116,0.9940523147583008,0.7758122682571411,0.5324256896972657,0.8660193125406901,0.8777385354042053,0.40278091430664065,0.8682062149047851,0.8449773192405701,0.5365328788757324,1.0,0.14355887472629547,0.39316210746765134,1.0,0.11373327672481537,0.5490976333618164,1.0,0.018859820440411568,0.4631526947021484,1.0,0.01602214016020298
pushup,0.47380495071411133,0.6026111602783203,0.9901767373085022,0.49755029678344725,0.5762559254964192,0.9774423837661743,0.4514965534210205,0.5720516204833984,0.965998113155365,0.5337262153625488,0.5125507990519206,0.7847060561180115,0.42136106491088865,0.5056988398234049,0.6275444030761719,0.5795268058776856,0.5455598831176758,0.9883905649185181,0.36790080070495607,0.5437731424967448,0.9739248156547546,0.6240276336669922,0.7535223007202149,0.9531705379486084,0.324598503112793,0.7646575927734375,0.873254656791687,0.6466043949127197,0.922662862141927,0.8942776918411255,0.318459677696228,0.9866329828898112,0.771323561668396,0.5235876083374024,0.8494588216145833,0.8479411602020264,0.3909305572509766,0.8504653930664062,0.7841470837593079,0.5404414653778076,1.0,0.15621866285800934,0.3915253639221191,0.9875672658284506,0.10809390246868134,0.530170202255249,1.0,0.02084902860224247,0.4424732208251953,0.9948898951212565,0.01579938270151615
pushup,0.4793595790863037,0.6144905090332031,0.991113007068634,0.5029767990112305,0.5866194407145182,0.9769251346588135,0.45504093170166016,0.5847276051839193,0.9740817546844482,0.5385363578796387,0.5183138847351074,0.737237274646759,0.4219879150390625,0.5161365509033203,0.7015787959098816,0.5830120086669922,0.5453484853108724,0.9859833121299744,0.3711965084075928,0.5478857040405274,0.9842849373817444,0.6229301452636719,0.7450363794962566,0.9423155784606934,0.33146300315856936,0.7608429590861002,0.9224212765693665,0.6427132606506347,0.9192440668741862,0.8595321774482727,0.3228122711181641,0.9877358754475911,0.8071614503860474,0.5389311790466309,0.8779866536458333,0.8779265880584717,0.40473270416259766,0.8819470723470052,0.8604592680931091,0.5489183902740479,1.0,0.13322317600250244,0.3947914600372314,1.0,0.11741819977760315,0.5616887092590332,1.0,0.018421679735183716,0.4669042110443115,1.0,0.01687677577137947
pushup,0.47546753883361814,0.6300214131673177,0.9882528185844421,0.49876766204833983,0.6079233805338542,0.9755797982215881,0.4556885719299316,0.6011114120483398,0.9629864692687988,0.5347921848297119,0.538467534383138,0.7541324496269226,0.4275044441223145,0.5254251480102539,0.593267023563385,0.5826765060424804,0.5572455088297527,0.9786604046821594,0.3691536903381348,0.5510315577189128,0.9694420099258423,0.63048415184021,0.7565401713053386,0.9376948475837708,0.32224977016448975,0.7641827901204427,0.8858423233032227,0.6518943786621094,0.9286238352457682,0.8879510760307312,0.31963562965393066,0.9776054382324219,0.8102627992630005,0.536522102355957,0.8739347457885742,0.7954590320587158,0.39899487495422364,0.8730302810668945,0.7454695701599121,0.5670106410980225,1.0,0.09746012091636658,0.38253078460693357,0.9890548706054687,0.07790336012840271,0.5627254486083985,0.9869579950968425,0.014032729901373386,0.42693047523498534,0.9704114913940429,0.011976199224591255
pushup,0.47786636352539064,0.6548917134602864,0.9836519956588745,0.5017172813415527,0.6334430694580078,0.9640069007873535,0.45906662940979004,0.625442632039388,0.9481122493743896,0.5387707710266113,0.5615701039632162,0.7126721739768982,0.4320843696594238,0.5454076766967774,0.5430187582969666,0.5870296478271484,0.5761825561523437,0.9743107557296753,0.3717216968536377,0.568209457397461,0.9612102508544922,0.6328961849212646,0.7575614929199219,0.9278861880302429,0.3215200901031494,0.7651049296061198,0.8682517409324646,0.6484458923339844,0.9272251129150391,0.8761202692985535,0.32053627967834475,0.9746361414591471,0.7965978384017944,0.5422041416168213,0.9151329040527344,0.7326798439025879,0.404651403427124,0.9133521397908528,0.6784567832946777,0.5681347846984863,1.0,0.06598180532455444,0.3989016056060791,1.0,0.05106235668063164,0.5610412120819092,0.9993728637695313,0.010234836488962173,0.46581568717956545,0.9639682133992513,0.008660312741994858
pushup,0.5074234008789062,0.7041479110717773,0.9515993595123291,0.5221727848052978,0.6789700190226237,0.8319051861763,0.48526582717895506,0.6826276779174805,0.8956400752067566,0.5481948852539062,0.593171501159668,0.25685563683509827,0.448995304107666,0.6025641123453777,0.5437453389167786,0.5974956512451172,0.5923489252726237,0.9219245314598083,0.3782287836074829,0.6001768747965495,0.9482458829879761,0.6271581172943115,0.7600130716959635,0.8795098066329956,0.32206263542175295,0.7790565490722656,0.9033758640289307,0.6450418949127197,0.9248942057291667,0.8306432366371155,0.32074790000915526,0.9974016189575196,0.839167594909668,0.5407334327697754,0.9190934499104818,0.6685526371002197,0.39968366622924806,0.9248957316080729,0.6812887787818909,0.5403981685638428,0.980212148030599,0.06822721660137177,0.3606720447540283,0.9661562601725261,0.06775262206792831,0.5704537391662597,1.0,0.01399720273911953,0.44318690299987795,0.9688292821248372,0.013824568130075932
pushup,0.5196485996246338,0.7529255549112955,0.9241215586662292,0.5376147270202637,0.7270275751749674,0.7720419764518738,0.49884033203125,0.7290917714436849,0.8718685507774353,0.5661483764648437,0.6526812235514323,0.22850154340267181,0.46129693984985354,0.6577262878417969,0.5280902981758118,0.6033005714416504,0.6284416198730469,0.8831332325935364,0.3823119640350342,0.6357964833577474,0.9360475540161133,0.6448691368103028,0.7734078725179037,0.8571517467498779,0.3169170141220093,0.797604497273763,0.9151759743690491,0.6461873054504395,0.9317724863688152,0.8546303510665894,0.32664942741394043,0.9877426147460937,0.8858984708786011,0.5135372161865235,0.7708408991495769,0.7520303130149841,0.37060890197753904,0.7764086405436198,0.7772572636604309,0.5500804901123046,0.8674813588460286,0.22499866783618927,0.3373448371887207,0.872439448038737,0.2512693405151367,0.5710743427276611,0.9568345387776692,0.046727027744054794,0.37778096199035643,0.9652423858642578,0.04971831664443016
pushup,0.5167765617370605,0.7827283223470052,0.9782947897911072,0.5337297916412354,0.7640446980794271,0.8920162320137024,0.5042331695556641,0.7545524597167969,0.9755187630653381,0.550899600982666,0.7252349217732748,0.1747228354215622,0.4663280963897705,0.6979530970255534,0.8165032267570496,0.5653689861297607,0.7526938756306966,0.8286264538764954,0.39192657470703124,0.699008051554362,0.958160936832428,0.6295099258422852,0.8861323038736979,0.6318749785423279,0.32633113861083984,0.8137845357259115,0.9171063899993896,0.6649395942687988,0.9589030583699544,0.7237284779548645,0.31943202018737793,0.9836641947428385,0.9057123064994812,0.48290367126464845,0.8854195912679036,0.37584325671195984,0.36977858543395997,0.8618630727132162,0.5230443477630615,0.5004160881042481,0.8211178461710612,0.14433425664901733,0.31723484992980955,0.7843421936035156,0.23865297436714172,0.5150826454162598,0.9757449467976888,0.07537055760622025,0.34649906158447263,0.9451328913370768,0.10866771638393402
pushup,0.5086140632629395,0.8271569569905599,0.9772087335586548,0.5280920028686523,0.8072720845540364,0.9464164972305298,0.4960025310516357,0.8003554026285807,0.9651814103126526,0.5556134223937989,0.7518294016520183,0.44129320979118347,0.4659897327423096,0.734764035542806,0.6755865216255188,0.5712408542633056,0.7289340972900391,0.917453944683075,0.395827054977417,0.7152462641398112,0.9305298924446106,0.6338140487670898,0.8416892369588216,0.8328770995140076,0.3300765514373779,0.8515674591064453,0.8522823452949524,0.6629102230072021,0.9549273173014323,0.8107988238334656,0.31816396713256834,0.9999958038330078,0.8068138957023621,0.4752856731414795,0.7876321156819661,0.6831645965576172,0.3573770999908447,0.7823078155517578,0.6585131287574768,0.5490825653076172,0.8347159703572591,0.3259279727935791,0.3349750995635986,0.8240116119384766,0.33396679162979126,0.5583635330200195,0.9728009541829427,0.12080031633377075,0.3379883527755737,0.9684146881103516,0.12566624581813812
pushup,0.5421110630035401,0.8652575810750326,0.8774142265319824,0.551018238067627,0.8395501454671224,0.4821196496486664,0.5234376907348632,0.8471106847127279,0.9191826581954956,0.5588449478149414,0.7753969192504883,0.028674734756350517,0.47150702476501466,0.7876336415608723,0.8035289645195007,0.5568362236022949,0.7549570719401042,0.6628915071487427,0.37920174598693845,0.7431259791056315,0.8284366726875305,0.6102222442626953,0.8450980504353841,0.5653977990150452,0.31172637939453124,0.816564432779948,0.7796067595481873,0.6629886150360107,0.9345277786254883,0.5783911347389221,0.3236546993255615,0.9761314392089844,0.7509177327156067,0.4432887077331543,0.8366782506306966,0.35980668663978577,0.32633390426635744,0.8444728851318359,0.4126417338848114,0.5228393077850342,0.9107621510823568,0.06793634593486786,0.3594474792480469,0.9261480331420898,0.08530105650424957,0.6110719680786133,0.9206260045369467,0.022333472967147827,0.4257303237915039,0.9298699061075847,0.02404896356165409
pushup,0.4884777545928955,0.9037190755208333,0.020767956972122192,0.48789243698120116,0.8898365020751953,0.02602359838783741,0.5088833808898926,0.88635679880778,0.006896979175508022,0.462253475189209,0.9041397730509441,0.9396495819091797,0.578106689453125,0.899403699239095,0.7794004678726196,0.4315986633300781,0.9943012237548828,0.30858880281448364,0.5993790626525879,0.9983322779337566,0.45645642280578613,0.4148260593414307,0.9963225682576498,0.004312740173190832,0.5910066604614258,1.0,0.00943612027913332,0.46412134170532227,0.9354386647542318,0.0012872754596173763,0.567078971862793,0.9530464808146158,0.002122522797435522,0.46276679039001467,1.0,0.0007733890088275075,0.5778086662292481,1.0,0.0014465386047959328,0.49570565223693847,0.9792671203613281,0.0004390146059449762,0.5891992568969726,0.9817875544230144,0.0007204259745776653,0.49679179191589357,0.9941580454508464,0.0031735652592033148,0.5817882537841796,0.9949600219726562,0.0046882485039532185
pushup,0.4999995231628418,0.8079451243082683,0.014970716089010239,0.484354829788208,0.810822868347168,0.004240419249981642,0.5137427806854248,0.8156520843505859,0.005362118594348431,0.44999217987060547,0.826105244954427,0.14983905851840973,0.5438532829284668,0.8347689310709635,0.2405463308095932,0.42142229080200194,0.8428251266479492,0.8087080121040344,0.5596526145935059,0.8344627380371094,0.8474758267402649,0.37909698486328125,0.8806687672932942,0.7356502413749695,0.5893951416015625,0.8541154225667318,0.7570028901100159,0.33938894271850584,0.7956539789835612,0.654769778251648,0.6101670742034913,0.7867891947428386,0.6483664512634277,0.4095867156982422,0.8393726984659831,0.7433291673660278,0.5118069648742676,0.8330944061279297,0.7477881908416748,0.3401207447052002,0.8013219197591146,0.5542329549789429,0.5322559833526611,0.7899429321289062,0.5391734838485718,0.37296247482299805,0.886563491821289,0.21249902248382568,0.5896134376525879,0.8600077946980794,0.2045532613992691
pushup,0.4986428737640381,0.85319029490153,0.029508452862501144,0.4883997917175293,0.8654873530069987,0.01053357869386673,0.5184354305267334,0.86150697072347,0.012092972174286842,0.47234230041503905,0.8895266850789388,0.22993366420269012,0.5605093955993652,0.8791134516398112,0.27158603072166443,0.44530344009399414,0.8876604715983073,0.7931912541389465,0.5684104919433594,0.8606173833211263,0.9104781746864319,0.38549396991729734,0.8982977549235026,0.6591387987136841,0.5940895557403565,0.8563278834025065,0.8691444993019104,0.3523554801940918,0.8105021794637044,0.5782001614570618,0.618402624130249,0.7904345194498698,0.7426916360855103,0.41236057281494143,0.8066948572794597,0.8039743304252625,0.5010985374450684,0.7906906127929687,0.8634601831436157,0.3946648597717285,0.764187240600586,0.6535899043083191,0.547948169708252,0.7292322794596354,0.7487322092056274,0.3919731378555298,0.771002451578776,0.48031970858573914,0.5842076778411865,0.7295220692952474,0.5636270046234131
pushup,0.5121582984924317,0.8861059188842774,0.03479035198688507,0.5027034759521485,0.9014030456542969,0.012300374917685986,0.5298244953155518,0.8926904678344727,0.01891958713531494,0.48121089935302735,0.9261542002360026,0.2702871561050415,0.5632205963134765,0.9068119049072265,0.4326481819152832,0.44053993225097654,0.9176696141560873,0.8332500457763672,0.5778539657592774,0.876497459411621,0.9427505731582642,0.37369499206542967,0.9264485677083333,0.6521376967430115,0.6036378860473632,0.8677433649698894,0.9020397663116455,0.349330472946167,0.8318768183390299,0.5558563470840454,0.6269688129425048,0.8458338419596354,0.7830222845077515,0.4215097427368164,0.8029991149902344,0.8512094020843506,0.5192527294158935,0.783427365620931,0.908935546875,0.411846923828125,0.7718730290730794,0.7065750360488892,0.5704130172729492,0.7392768859863281,0.8136485815048218,0.38662099838256836,0.7234238306681315,0.5719682574272156,0.5847676277160645,0.6968371073404948,0.6670848727226257
pushup,0.5230908393859863,0.9148476918538412,0.009333400055766106,0.5117713928222656,0.9279594421386719,0.0022762485314160585,0.5375234127044678,0.920464833577474,0.006784887984395027,0.4744119644165039,0.9558713277180989,0.10860680788755417,0.5580007553100585,0.9413968404134114,0.40401145815849304,0.4236454963684082,0.9491373697916666,0.7689445614814758,0.5771074295043945,0.9077649434407552,0.8867108225822449,0.3744048118591309,0.9711090087890625,0.633564293384552,0.6099767684936523,0.8995667775472005,0.86851567029953,0.3847670555114746,0.8548573176066081,0.5785442590713501,0.6052806854248047,0.8157521565755208,0.7788881063461304,0.3932658195495605,0.8082660675048828,0.904238224029541,0.49533696174621583,0.7866075515747071,0.9369364976882935,0.417474365234375,0.7852713267008463,0.8342878818511963,0.5385178565979004,0.7537060419718424,0.8964442610740662,0.4027660369873047,0.6821091969807943,0.7508442997932434,0.5242668628692627,0.657753054300944,0.8055209517478943
pushup,0.49642057418823243,0.8533573786417643,0.014336174353957176,0.48755993843078616,0.8606357574462891,0.0040474929846823215,0.5052248477935791,0.8547046661376954,0.008027194067835808,0.46100831031799316,0.8870655059814453,0.12525735795497894,0.5228803634643555,0.8764052073160807,0.31593313813209534,0.41500039100646974,0.9037036259969076,0.789829432964325,0.5548499584197998,0.8636921564737956,0.8624175786972046,0.3657360553741455,0.9398991266886393,0.6880306601524353,0.6065924644470215,0.8732593536376954,0.8443313241004944,0.365180230140686,0.8516668319702149,0.605986475944519,0.6144364356994629,0.855172856648763,0.7505470514297485,0.41110477447509763,0.8061509450276693,0.8893623352050781,0.5027712821960449,0.7900262832641601,0.9174081683158875,0.4471097469329834,0.7381591796875,0.8105032444000244,0.5579166889190674,0.7206011454264323,0.8685752749443054,0.43078861236572263,0.6616798400878906,0.783997654914856,0.5447984218597413,0.6573214213053385,0.8237165212631226
pushup,0.523609733581543,0.8915215810139974,0.0127687593922019,0.511196517944336,0.9048932393391927,0.003363917814567685,0.5360960483551025,0.899585469563802,0.008229237981140614,0.4742342472076416,0.9394396464029948,0.14513631165027618,0.5553886890411377,0.9311061859130859,0.4306912422180176,0.4317671775817871,0.9420374552408854,0.8598267436027527,0.5712453842163085,0.9128477732340495,0.9192097783088684,0.36842491626739504,0.9403668721516927,0.7625867128372192,0.6030220508575439,0.8942533493041992,0.892470121383667,0.3540926218032837,0.8337366739908855,0.6938762068748474,0.6034127235412597,0.8172369639078776,0.8202382922172546,0.40782904624938965,0.802813975016276,0.9515849947929382,0.5005156040191651,0.7849456787109375,0.9651188254356384,0.4266406536102295,0.7597575505574544,0.922940194606781,0.5329700946807862,0.7276326497395833,0.9479847550392151,0.41085162162780764,0.6639556248982748,0.8939478397369385,0.5167465686798096,0.6323978424072265,0.9158545136451721
pushup,0.5147124767303467,0.9252326965332032,0.02460493892431259,0.5026509284973144,0.9379538218180339,0.009823838248848915,0.5311000347137451,0.934063212076823,0.011452887207269669,0.48277978897094725,0.9553175608317057,0.228875070810318,0.5665937423706054,0.9467526753743489,0.31102126836776733,0.44039158821105956,0.9313760121663411,0.7873870134353638,0.588670301437378,0.9032802581787109,0.8846585750579834,0.38040890693664553,0.9122367223103841,0.6737110018730164,0.6139754295349121,0.8805561701456706,0.8377112746238708,0.3517070531845093,0.8202691396077474,0.6076930165290833,0.6272635459899902,0.8620370229085287,0.7346110343933105,0.4148595333099365,0.8077637354532877,0.823676586151123,0.5197322845458985,0.7936960856119791,0.8632460236549377,0.408795166015625,0.7705228169759114,0.7065479755401611,0.5832693099975585,0.7482128779093424,0.7745953798294067,0.38603849411010743,0.7626164754231771,0.5439329743385315,0.5935588359832764,0.7428750991821289,0.6044836640357971
pushup,0.5131737232208252,0.9885045369466146,0.021808059886097908,0.4987654209136963,0.9954916636149088,0.012371246702969074,0.5262043952941895,0.995062510172526,0.015143310651183128,0.4654869556427002,0.9948757807413737,0.3563663959503174,0.558430528640747,0.9950612386067709,0.49482080340385437,0.4077847957611084,0.9430767695109049,0.726577639579773,0.6007694244384766,0.9263094584147136,0.6985292434692383,0.36409702301025393,0.871859359741211,0.49979326128959656,0.6443501472473144,0.8684292475382487,0.4563133418560028,0.33807835578918455,0.805600357055664,0.31253379583358765,0.6545551300048829,0.8924983978271485,0.28317415714263916,0.397681450843811,0.8417678833007812,0.5170179009437561,0.5299026489257812,0.8332293192545573,0.49072566628456116,0.41694130897521975,0.8176161448160807,0.38144391775131226,0.6108242034912109,0.8023037592569987,0.37368205189704895,0.41383934020996094,0.851654052734375,0.26893073320388794,0.6272327423095703,0.8284402211507161,0.2634178698062897
pushup,0.5025567054748535,0.8809781392415365,0.9398629665374756,0.5274421215057373,0.8504150390625,0.8422207832336426,0.47604007720947267,0.8440471649169922,0.9627063274383545,0.5492578506469726,0.8422033945719402,0.1255943775177002,0.4147621154785156,0.8225286483764649,0.7828191518783569,0.5522213935852051,0.8932137807210286,0.5686136484146118,0.35806238651275635,0.8325636545817058,0.7280170321464539,0.5811776638031005,0.9557135899861654,0.2350454032421112,0.3062129020690918,0.8455434163411458,0.4892328679561615,0.599079179763794,0.9529438654581706,0.3107871115207672,0.3286975145339966,0.9835357666015625,0.4967321455478668,0.47740020751953127,0.946019999186198,0.1360989362001419,0.3490230798721313,0.9222541809082031,0.17704357206821442,0.48772377967834474,0.863003158569336,0.08711766451597214,0.2930893898010254,0.82276611328125,0.11259856820106506,0.5340550422668457,0.9595412572224935,0.08587415516376495,0.33324859142303465,0.9152689615885417,0.09933917969465256
pushup,0.49214787483215333,0.8063735326131185,0.9723913073539734,0.5233139038085938,0.7821912129720052,0.9548680186271667,0.47334604263305663,0.7697418848673503,0.9544957876205444,0.5606416225433349,0.7895913441975911,0.6797633171081543,0.43755598068237306,0.7586874008178711,0.5976640582084656,0.5788409233093261,0.8339625040690104,0.904724657535553,0.3832590579986572,0.7995267232259115,0.8745162487030029,0.6551376342773437,0.867817751566569,0.7283475399017334,0.3180713415145874,0.8346284866333008,0.6668418049812317,0.6471711158752441,0.931977653503418,0.7278133630752563,0.3230609893798828,0.9798607508341471,0.6491230726242065,0.4997546672821045,0.9296155293782552,0.45499616861343384,0.3681928634643555,0.912390391031901,0.4124683141708374,0.5663945198059082,0.8233750661214193,0.14458957314491272,0.3271122932434082,0.7970741907755534,0.12813866138458252,0.5410008907318116,0.9333061854044596,0.0870128870010376,0.3252471923828125,0.9209653854370117,0.07724128663539886
pushup,0.4971592426300049,0.7198017756144206,0.9025313854217529,0.5252196788787842,0.6989489237467448,0.79265296459198,0.48636550903320314,0.6859708786010742,0.7277736663818359,0.5572697639465332,0.6878040313720704,0.41646379232406616,0.4565335750579834,0.651866086324056,0.26958543062210083,0.5869737148284913,0.7312262852986654,0.8911124467849731,0.37656989097595217,0.7153063456217448,0.884118378162384,0.6496805667877197,0.8099269866943359,0.885994553565979,0.31810784339904785,0.8250333786010742,0.8274511694908142,0.6553963184356689,0.9403278350830078,0.9136698842048645,0.3232691764831543,0.9834697723388672,0.8585447669029236,0.5253048896789551,0.9653730392456055,0.5022934675216675,0.38944623470306394,0.9568134307861328,0.45726457238197327,0.5254628181457519,0.774539057413737,0.15870234370231628,0.3033128023147583,0.755945332845052,0.1309327483177185,0.5124244689941406,0.9640863418579102,0.07344058156013489,0.3683148384094238,0.9558346430460612,0.0631055012345314
pushup,0.4852596282958984,0.6670579274495443,0.9900707602500916,0.512251329421997,0.6374581654866537,0.9734981060028076,0.4647252559661865,0.6311768849690755,0.9653475880622864,0.5513592720031738,0.5978294372558594,0.7277323007583618,0.4347223281860352,0.583114751180013,0.5973011255264282,0.595863151550293,0.6587860107421875,0.9717716574668884,0.37345917224884034,0.6475549062093099,0.9734878540039062,0.6350773811340332,0.789324696858724,0.9254111647605896,0.32956414222717284,0.7941844940185547,0.9187251329421997,0.6553513526916503,0.9330787022908529,0.9213849902153015,0.3264292240142822,0.9889926910400391,0.8973039984703064,0.5316228866577148,0.9705265680948894,0.6149466633796692,0.3880898475646973,0.9600632349650066,0.6013157367706299,0.5486054420471191,0.7937387466430664,0.16852602362632751,0.3181929111480713,0.7484401067097982,0.159380704164505,0.5361345291137696,0.9753506978352865,0.07247692346572876,0.3667726993560791,0.9211189270019531,0.0711970180273056
pushup,0.49776859283447267,0.6415788650512695,0.9944069385528564,0.5215551376342773,0.6155142466227214,0.9776102900505066,0.47641863822937014,0.60823974609375,0.9846217632293701,0.5511684417724609,0.5754736582438151,0.6598190069198608,0.4375753402709961,0.559457270304362,0.7933986783027649,0.5891194343566895,0.6263003667195638,0.9818927049636841,0.37585275173187255,0.6208160400390625,0.9857484698295593,0.6377688407897949,0.7728599548339844,0.9299827218055725,0.32512679100036623,0.7860132217407226,0.9445371031761169,0.6472917079925538,0.9339495340983073,0.9204447865486145,0.31826889514923096,0.976248296101888,0.9267146587371826,0.5315100193023682,0.9411247889200847,0.6977801322937012,0.3959515571594238,0.9363250096638998,0.7132099866867065,0.5440361976623536,0.8068178176879883,0.22028352320194244,0.35220918655395506,0.7793195724487305,0.22484296560287476,0.5033252716064454,0.9624355951944987,0.08663580566644669,0.39357378482818606,0.927055549621582,0.08719576150178909
pushup,0.4897657871246338,0.5993807474772136,0.9914209246635437,0.5160060882568359,0.5725316365559896,0.9768050312995911,0.4686293601989746,0.5653746922810873,0.9800143241882324,0.5494125843048095,0.5421541849772136,0.7654938697814941,0.43347873687744143,0.526196543375651,0.7908279895782471,0.5866496086120605,0.6029101053873698,0.9817267656326294,0.3781702995300293,0.6039100646972656,0.9845394492149353,0.6458938121795654,0.7600883483886719,0.9165015816688538,0.3199700117111206,0.7847398122151693,0.9258299469947815,0.6487388610839844,0.9312683741251627,0.8538733720779419,0.3244192123413086,0.9736116409301758,0.8581207394599915,0.5409187793731689,0.9014472961425781,0.7770657539367676,0.4038456916809082,0.9030066172281901,0.7826706767082214,0.5708035469055176,1.0,0.07667603343725204,0.380483341217041,0.989067014058431,0.07795937359333038,0.5522689819335938,0.9764073689778646,0.011303016915917397,0.4127325534820557,0.9529262542724609,0.011203812435269356
pushup,0.4929036617279053,0.5720932006835937,0.9917417764663696,0.5170333862304688,0.5419953028361003,0.974437415599823,0.46891078948974607,0.5391030629475911,0.9822608828544617,0.5490808010101318,0.5091198285420736,0.7057845592498779,0.430042028427124,0.5032702763875325,0.8147752285003662,0.5876151084899902,0.5755826314290364,0.9804559946060181,0.3758577346801758,0.5807167053222656,0.984592854976654,0.6408605575561523,0.7544389724731445,0.9118354320526123,0.3190333843231201,0.7761292775472005,0.9287468791007996,0.6481502532958985,0.9277283986409505,0.8495633602142334,0.32272114753723147,0.979907735188802,0.8628153204917908,0.5389584541320801,0.8571702321370442,0.7842024564743042,0.4005299091339111,0.8614859898885091,0.796178936958313,0.5671875476837158,0.9812357584635417,0.08873550593852997,0.37796988487243655,0.9758582433064779,0.09229656308889389,0.5586494445800781,0.9739230473836263,0.01146648358553648,0.40195956230163576,0.9576744715372721,0.011432773433625698
pushup,0.48896126747131347,0.5559363683064779,0.9920839071273804,0.5126522064208985,0.5245229085286458,0.9751063585281372,0.46421542167663576,0.5232157071431478,0.9811657667160034,0.5444515228271485,0.4926244417826335,0.7204517126083374,0.4252922534942627,0.4904166221618652,0.8049625158309937,0.5816204071044921,0.5625041961669922,0.9863329529762268,0.3749988555908203,0.5671361923217774,0.9848477244377136,0.638155174255371,0.7513743718465169,0.9307350516319275,0.32194972038269043,0.7674514770507812,0.9191597700119019,0.6499119758605957,0.9229642232259114,0.8523874878883362,0.31900982856750487,0.9881784439086914,0.8243725299835205,0.5296821594238281,0.8352973937988282,0.8275768160820007,0.3958445072174072,0.8404553095499675,0.8146507143974304,0.5540153026580811,0.9824776967366536,0.11091072112321854,0.383966064453125,0.9824827829996745,0.1007969081401825,0.5515193939208984,0.9925680796305338,0.012741630896925926,0.4121113300323486,0.984921391805013,0.011487067677080631
pushup,0.4837630748748779,0.5566468556722005,0.9914165139198303,0.5060061454772949,0.5273610115051269,0.9758689999580383,0.4602394104003906,0.5269332567850749,0.9763777256011963,0.5380550861358643,0.4878835678100586,0.7583079934120178,0.42586984634399416,0.4881814320882161,0.7644839286804199,0.5784070014953613,0.5530717213948567,0.9886886477470398,0.37515060901641845,0.5602864583333333,0.9838332533836365,0.6278263092041015,0.7486157099405925,0.9439494609832764,0.3246272563934326,0.7688264846801758,0.9072012901306152,0.6504079818725585,0.9242726008097331,0.8622797727584839,0.3201009750366211,0.9807336807250977,0.7973573803901672,0.5311334609985352,0.8610438028971354,0.8471395373344421,0.4002622127532959,0.8676170984903971,0.8164758086204529,0.5552974224090577,1.0,0.10915610194206238,0.39888362884521483,1.0,0.08796752244234085,0.5629940986633301,1.0,0.012464506551623344,0.44686522483825686,0.9887587865193684,0.010488438419997692
pushup,0.4767122268676758,0.5735310872395833,0.9905433058738708,0.49721503257751465,0.5460100809733073,0.973183274269104,0.45369691848754884,0.5460690180460612,0.9718934893608093,0.5290589332580566,0.49676059087117513,0.740977942943573,0.42110228538513184,0.4988672892252604,0.7216921448707581,0.5726115226745605,0.5496261596679688,0.988679826259613,0.3719365119934082,0.5536293665568034,0.9811133146286011,0.6239649772644043,0.7492653528849283,0.9470415711402893,0.3232741355895996,0.7602097193400065,0.9000107049942017,0.6493429660797119,0.9276808420817058,0.8698081374168396,0.31662211418151853,0.9737462361653646,0.7916070818901062,0.5196642398834228,0.8637885411580404,0.8504415154457092,0.39222862720489504,0.8675859451293946,0.8117591738700867,0.5346689701080323,1.0,0.1180759146809578,0.39508652687072754,1.0,0.0912153571844101,0.5313432693481446,1.0,0.013514095917344093,0.442134952545166,0.9947209040323893,0.01099360827356577
pushup,0.46683378219604493,0.588725217183431,0.9903448224067688,0.48653202056884765,0.5623215357462565,0.9727050065994263,0.44439020156860354,0.5622102737426757,0.9718124270439148,0.5179473400115967,0.5040887196858724,0.7212066650390625,0.41266846656799316,0.5058461825052897,0.7133731842041016,0.5662381649017334,0.5450816472371419,0.9872703552246094,0.3609767436981201,0.5501508076985677,0.9775820374488831,0.6181212902069092,0.7508018493652344,0.9427664875984192,0.3211015462875366,0.7650369008382162,0.8871741890907288,0.6467478752136231,0.9257135391235352,0.8639830946922302,0.3192488670349121,0.9789737065633138,0.7773229479789734,0.5221360683441162,0.8596214294433594,0.813372790813446,0.3915632486343384,0.8654170354207357,0.7639113068580627,0.5483643531799316,1.0,0.10917369276285172,0.39862737655639646,0.9915563583374023,0.08290941268205643,0.5573911190032959,1.0,0.014261903241276741,0.46021881103515627,0.9808510462443034,0.01162250991910696
pushup,0.4602613925933838,0.5965327580769857,0.9902589321136475,0.47979440689086916,0.5678998311360677,0.9728514552116394,0.43440933227539064,0.5709093093872071,0.9726182818412781,0.5130019187927246,0.49594319661458336,0.6983171105384827,0.40160336494445803,0.5057844161987305,0.7124723196029663,0.5617015838623047,0.5241138458251953,0.9865708947181702,0.3557770013809204,0.5328295389811198,0.9813172221183777,0.6083506584167481,0.7344760258992513,0.9419480562210083,0.3263280391693115,0.7501288096110026,0.9066516757011414,0.6484098911285401,0.9142632802327474,0.8527783155441284,0.3215010166168213,0.9764294942220052,0.7819164991378784,0.5185007095336914,0.8443183263142904,0.8793967962265015,0.3904008150100708,0.8527105967203776,0.8522059917449951,0.5359150886535644,1.0,0.14161163568496704,0.4040519237518311,1.0,0.11886484920978546,0.5578715324401855,1.0,0.01685052178800106,0.47415833473205565,1.0,0.014734946191310883
pushup,0.4575136661529541,0.5988836288452148,0.9885446429252625,0.47495417594909667,0.5707610448201498,0.9686942100524902,0.43294467926025393,0.5747784932454427,0.9694386720657349,0.5055691719055175,0.5009676297505696,0.660902202129364,0.3993955373764038,0.5133421897888184,0.6949769258499146,0.5548943519592285,0.5116999944051107,0.985966145992279,0.35303897857666017,0.5278834025065104,0.9756453037261963,0.6154940605163575,0.7173910140991211,0.9491106271743774,0.326758074760437,0.7490956624348958,0.898118793964386,0.6544425010681152,0.9047705332438151,0.8777851462364197,0.3237250804901123,0.9869527180989583,0.7812981605529785,0.5097620964050293,0.7334248224894205,0.9093592166900635,0.38191781044006345,0.7455202102661133,0.87589031457901,0.54726243019104,0.9405488967895508,0.32185861468315125,0.38867180347442626,0.9478174845377604,0.2609783411026001,0.5786077976226807,1.0,0.044581346213817596,0.4342657566070557,1.0,0.036830153316259384
pushup,0.4523029804229736,0.6034980773925781,0.986844003200531,0.47072463035583495,0.5775078455607097,0.9677585959434509,0.4309389114379883,0.5765029907226562,0.962096095085144,0.5016177654266357,0.5119843482971191,0.641244649887085,0.3975935459136963,0.5131168365478516,0.5946968197822571,0.5464737892150879,0.5114100774129232,0.981837809085846,0.3484091520309448,0.5213958740234375,0.9622387886047363,0.6242330551147461,0.7313265482584635,0.9563456773757935,0.313677453994751,0.7625168482462565,0.8931139707565308,0.660668420791626,0.9265652338663737,0.9190607070922852,0.31672143936157227,0.9881434122721354,0.8290060758590698,0.508648157119751,0.641256841023763,0.9032714366912842,0.37770192623138427,0.6523330688476563,0.8555349111557007,0.5853853702545166,0.8131296793619792,0.5286644697189331,0.3748170852661133,0.8276123046875,0.4352964460849762,0.6180069923400879,0.9570072174072266,0.11821700632572174,0.3927276611328125,0.9786034266153971,0.09528973698616028
pushup,0.45294885635375975,0.6082705815633138,0.9764034152030945,0.4691190242767334,0.5847085316975912,0.940105140209198,0.43227601051330566,0.5843173344930013,0.9256525635719299,0.4981895923614502,0.5148788452148437,0.553716242313385,0.4010979175567627,0.5167341550191243,0.4941892921924591,0.5492814540863037,0.5230561892191569,0.9783310890197754,0.35020787715911866,0.5264024416605632,0.9471307396888733,0.6254054069519043,0.7441892623901367,0.953538715839386,0.3189630270004272,0.7578001022338867,0.8628790974617004,0.6825800895690918,0.9334765116373698,0.9057090282440186,0.31517388820648196,0.9907305399576823,0.7825125455856323,0.509817361831665,0.7302389144897461,0.8685384392738342,0.38233494758605957,0.7379022598266601,0.7965631484985352,0.5577797889709473,0.8900733947753906,0.31459546089172363,0.3812572956085205,0.8991298039754232,0.22893282771110535,0.57699613571167,0.9816229502360027,0.04902367293834686,0.41001052856445314,0.9963656743367513,0.03701676428318024
pushup,0.4542349338531494,0.6184865315755208,0.990734338760376,0.4738790035247803,0.5944128672281901,0.9721731543540955,0.4368640422821045,0.5902090708414713,0.9746037125587463,0.5074592590332031,0.5336403528849284,0.6377609968185425,0.40972099304199217,0.5250041007995605,0.6553105711936951,0.5563053131103516,0.5494166692097981,0.9787371158599854,0.35181164741516113,0.5437882741292318,0.9697579741477966,0.6352521419525147,0.7591246287027995,0.9451501369476318,0.3161319732666016,0.7633607864379883,0.9272503852844238,0.6885766983032227,0.949124526977539,0.9104718565940857,0.3204182624816895,0.983593495686849,0.8841512799263,0.5167733192443847,0.7535032908121745,0.844813346862793,0.37790327072143554,0.7573075612386068,0.8203833699226379,0.617072057723999,0.8521713892618815,0.29631099104881287,0.3718054533004761,0.8442358016967774,0.27745524048805237,0.6539694786071777,0.9704331715901693,0.057970721274614334,0.39609522819519044,0.9650597890218099,0.05542358011007309
pushup,0.4668797492980957,0.6383448918660481,0.9922565221786499,0.4843834400177002,0.6126542409261068,0.9748645424842834,0.4481675624847412,0.6115792592366537,0.9793996810913086,0.5161513328552246,0.5500848770141602,0.5516647696495056,0.4166138172149658,0.5483052571614583,0.6376993656158447,0.5599104404449463,0.5504708607991536,0.9689210057258606,0.3697087287902832,0.5472450256347656,0.9755057692527771,0.6419116973876953,0.7674495061238606,0.9467191696166992,0.32178506851196287,0.7642407735188802,0.9593565464019775,0.6922829627990723,0.9592907587687175,0.9324813485145569,0.31828646659851073,0.9830845514933269,0.9378634691238403,0.5476877212524414,0.6634571075439453,0.90518718957901,0.4117119789123535,0.6709143320719401,0.9094149470329285,0.6428933143615723,0.7529535929361979,0.5909163355827332,0.3582814455032349,0.7689736684163412,0.6128838658332825,0.7119580268859863,0.9395388921101888,0.19376803934574127,0.35863265991210935,0.9683586756388346,0.20503753423690796
pushup,0.4810577392578125,0.6492141723632813,0.9904376864433289,0.4982128143310547,0.6221021016438802,0.9608680009841919,0.46058287620544436,0.6222145080566406,0.9790797233581543,0.5295734405517578,0.5558156331380208,0.43996551632881165,0.4271505832672119,0.5576082865397135,0.6881231665611267,0.5778548240661621,0.5581054051717123,0.9534741044044495,0.3768742084503174,0.5626093546549479,0.9764165878295898,0.6462646484375,0.7653513590494792,0.9124264717102051,0.3303443193435669,0.7740521748860677,0.964449942111969,0.6786571502685547,0.9526501973470052,0.9002876877784729,0.32196266651153566,0.9851868311564128,0.9448126554489136,0.5631266117095948,0.7279471079508464,0.8271578550338745,0.4223189353942871,0.7378172556559245,0.8684720396995544,0.6593057632446289,0.7681746164957682,0.3973057270050049,0.3819023609161377,0.7774291356404622,0.4768512547016144,0.7121321678161621,0.951107915242513,0.11590350419282913,0.39587907791137694,0.9675590515136718,0.14013004302978516
pushup,0.4975231647491455,0.6483563741048177,0.9823247194290161,0.518177080154419,0.6216580073038737,0.9423494338989258,0.47964086532592776,0.6179166793823242,0.9568884968757629,0.5564059257507324,0.5584505716959636,0.42141881585121155,0.45043339729309084,0.551633071899414,0.5166246294975281,0.6071818351745606,0.5562109629313151,0.9102799892425537,0.3943702220916748,0.555060068766276,0.9672368168830872,0.6782235622406005,0.7627943674723308,0.8756519556045532,0.33394479751586914,0.7729013442993165,0.9632664918899536,0.697857666015625,0.952053960164388,0.8858652710914612,0.3215502738952637,0.9865037282307942,0.945615828037262,0.5766312599182128,0.6934286753336588,0.7886595726013184,0.4272745132446289,0.6966211318969726,0.8543413877487183,0.6640079498291016,0.7518738428751628,0.3468782603740692,0.3661595344543457,0.7607798258463542,0.4701922535896301,0.6881752490997315,0.9346247355143229,0.09050098061561584,0.3521439552307129,0.9636311213175456,0.12419965863227844
pushup,0.5071138858795166,0.6424359639485677,0.9872985482215881,0.5280216217041016,0.6193672180175781,0.970422089099884,0.4909344673156738,0.6135590235392253,0.9568803310394287,0.5674261093139649,0.5559027989705404,0.6662933826446533,0.4668248176574707,0.5452265421549479,0.463545560836792,0.6143463134765625,0.5610066731770833,0.9659685492515564,0.40964770317077637,0.5508344650268555,0.9606131315231323,0.6667133331298828,0.7689913431803386,0.9418118596076965,0.3448129415512085,0.7581642786661784,0.926417350769043,0.6873632431030273,0.9663332621256511,0.9188910722732544,0.325366473197937,0.9770216623942057,0.8941716551780701,0.5746785640716553,0.7399833679199219,0.8202673196792603,0.4348630428314209,0.7388670603434245,0.8007638454437256,0.6601109981536866,0.8197318394978841,0.27922216057777405,0.3981605529785156,0.8136831283569336,0.2611311972141266,0.6785767078399658,0.9617156346638998,0.05314820259809494,0.3966888427734375,0.9674818674723308,0.05091264098882675
pushup,0.5132174968719483,0.6406437555948893,0.9751078486442566,0.5342950344085693,0.611993408203125,0.9510897994041443,0.4946735858917236,0.611194356282552,0.9170511364936829,0.5777588844299316,0.5471943537394206,0.6357089281082153,0.4685830116271973,0.547421646118164,0.39125460386276245,0.625090217590332,0.5413462320963541,0.9718705415725708,0.41756725311279297,0.5356733957926433,0.959248960018158,0.690528154373169,0.7613715489705404,0.9453257322311401,0.3406013011932373,0.7540294647216796,0.9058877825737,0.7068493366241455,0.9773162841796875,0.8856358528137207,0.30846633911132815,0.9928049723307292,0.8157878518104553,0.5670933246612548,0.6116154352823894,0.9063571095466614,0.42835078239440916,0.6103748321533203,0.8775913715362549,0.6300222396850585,0.8198163986206055,0.5138274431228638,0.4002497673034668,0.8169066111246744,0.4645378589630127,0.6624256134033203,0.9627119700113932,0.09992219507694244,0.4071249008178711,0.9645373662312825,0.09372578561306
pushup,0.5226216316223145,0.6386736551920573,0.9793742895126343,0.5409907341003418,0.6103588104248047,0.9518393874168396,0.5044564723968505,0.6106537501017253,0.9386276006698608,0.5809378623962402,0.5461816151936849,0.6100060343742371,0.4770242691040039,0.5497605641682942,0.44334524869918823,0.6299951553344727,0.5427965799967448,0.9736899733543396,0.4237630367279053,0.5342614491780598,0.9762015342712402,0.7042471885681152,0.7749059041341145,0.9510136246681213,0.32863149642944334,0.7523350397745768,0.9549949765205383,0.7054225921630859,0.9848921457926433,0.881828784942627,0.2769885301589966,0.9637775421142578,0.8757728934288025,0.5586761951446533,0.5770126342773437,0.9519026875495911,0.41629619598388673,0.5701944351196289,0.9489364624023438,0.621183204650879,0.7923910776774089,0.6435834169387817,0.34488179683685305,0.7884078979492187,0.6455524563789368,0.6476198196411133,0.9443977991739909,0.13389794528484344,0.311625599861145,0.9476319630940755,0.1378500759601593
pushup,0.5230577468872071,0.6437629699707031,0.9880357384681702,0.5432546615600586,0.615679677327474,0.970312774181366,0.5046845436096191,0.6131153106689453,0.9622345566749573,0.5837188720703125,0.5502890268961589,0.6390560865402222,0.4763648986816406,0.5490063985188802,0.47186487913131714,0.6327174186706543,0.5502365112304688,0.969459593296051,0.4207747459411621,0.5440100351969401,0.9743736982345581,0.7016355991363525,0.7728125254313151,0.9472222924232483,0.3261265754699707,0.7590442657470703,0.9549983143806458,0.69851655960083,0.9641555786132813,0.905475378036499,0.2579272508621216,0.9849220275878906,0.8984737992286682,0.5645722866058349,0.6385475158691406,0.9149832129478455,0.4172633171081543,0.6335787455240885,0.9131733775138855,0.6478153705596924,0.8047998428344727,0.45342743396759033,0.35205326080322263,0.8061837514241537,0.4625967741012573,0.6625609874725342,0.9579545974731445,0.06807176768779755,0.30356945991516116,0.9795852661132812,0.07026055455207825
pushup,0.5188331604003906,0.6545809427897136,0.9911397099494934,0.540443229675293,0.6288074493408203,0.9757238030433655,0.5011635303497315,0.6246547698974609,0.9757230281829834,0.5795779705047608,0.5604249318440755,0.6306607127189636,0.47330198287963865,0.5547547022501628,0.5845207571983337,0.6241888999938965,0.5632007598876954,0.9545139074325562,0.4120497226715088,0.5635772705078125,0.9770622253417969,0.6831859588623047,0.7667357762654622,0.9059757590293884,0.32053537368774415,0.7749805450439453,0.9536111354827881,0.6963577270507812,0.9669286092122396,0.87687748670578,0.2630727767944336,0.9800243377685547,0.9127802848815918,0.5496796607971192,0.7464978535970052,0.7847486138343811,0.4065717697143555,0.7442492802937826,0.8209465146064758,0.6038653373718261,0.8639753977457683,0.16521482169628143,0.3466007709503174,0.8672326405843099,0.20466457307338715,0.5911049365997314,0.9583038965861003,0.022212566807866096,0.3147684097290039,0.9794213612874348,0.025729311630129814
pushup,0.513364601135254,0.6636998494466145,0.9598137736320496,0.5332496166229248,0.6355726242065429,0.9037085771560669,0.4944767475128174,0.634344736735026,0.8731980919837952,0.5736089706420898,0.5630802790323893,0.4488404095172882,0.46765789985656736,0.5628297170003255,0.3182414174079895,0.6199103355407715,0.5578779220581055,0.9514154195785522,0.40111265182495115,0.5592514673868815,0.9462113976478577,0.6785660743713379,0.7893205006917318,0.9427662491798401,0.30849151611328124,0.799449602762858,0.9236378073692322,0.718809175491333,0.9846635182698568,0.8724880814552307,0.25435187816619875,1.0,0.8337870240211487,0.5548279762268067,0.719444465637207,0.8340019583702087,0.4041753768920898,0.7247990290323894,0.8042535185813904,0.6483498573303222,0.8274496714274089,0.2086285650730133,0.36436767578125,0.8383227030436198,0.19414308667182922,0.6621604919433594,0.9266067504882812,0.029962992295622826,0.34490413665771485,0.949969736735026,0.028585290536284447
pushup,0.5031188011169434,0.6786509195963542,0.8919506072998047,0.5151508808135986,0.6525643030802409,0.8213838934898376,0.48622903823852537,0.6552471160888672,0.6396673321723938,0.5481583595275878,0.5756065368652343,0.3662891685962677,0.45804448127746583,0.5842878341674804,0.12445256859064102,0.6045948505401612,0.544073740641276,0.9532699584960938,0.388906192779541,0.5520249684651692,0.8374813795089722,0.6926544189453125,0.7760901769002279,0.9740938544273376,0.29270362854003906,0.7959447224934896,0.8336179852485657,0.722076416015625,0.9809794108072917,0.9408889412879944,0.2981168270111084,0.9944732666015625,0.7686914205551147,0.5638163566589356,0.5837881724039714,0.9332441687583923,0.41181068420410155,0.5949864069620768,0.854437530040741,0.6617347717285156,0.7159271240234375,0.673258900642395,0.348585844039917,0.7416762034098308,0.4833880066871643,0.7063993453979492,0.9095230102539062,0.19062796235084534,0.328581428527832,0.9358481089274089,0.12425747513771057
pushup,0.48438401222229005,0.6848794301350911,0.9173620343208313,0.4992536544799805,0.6606307983398437,0.8432056903839111,0.467958402633667,0.6600398381551107,0.7541080117225647,0.5350295066833496,0.593438466389974,0.44418561458587646,0.4410147190093994,0.5948805491129557,0.22065642476081848,0.592452096939087,0.5653925577799479,0.9583794474601746,0.3827226161956787,0.5627876917521158,0.93206787109375,0.6949169158935546,0.7829769770304362,0.9623126983642578,0.2888870000839233,0.784106953938802,0.9223147034645081,0.734470272064209,0.9817675272623698,0.9084786176681519,0.25453934669494627,1.0,0.8324243426322937,0.5604881286621094,0.5622167587280273,0.9476356506347656,0.4145859718322754,0.5668783823649088,0.9255526661872864,0.6568084239959717,0.7537986755371093,0.6871708631515503,0.36337177753448485,0.7643355051676433,0.6204042434692383,0.7083085536956787,0.9043084462483724,0.1861799955368042,0.35297532081604005,0.9207004547119141,0.16461317241191864
pushup,0.4774613380432129,0.6859878540039063,0.4897877275943756,0.4920539379119873,0.6607641855875651,0.293881356716156,0.46213722229003906,0.6603239059448243,0.1995306760072708,0.5261973857879638,0.5995580673217773,0.1572118103504181,0.43467888832092283,0.5997928619384766,0.059933196753263474,0.5844997882843017,0.5731220245361328,0.8804261684417725,0.37054216861724854,0.5748566309611003,0.8259660005569458,0.6882484912872314,0.7848210016886393,0.9585451483726501,0.28772778511047364,0.7941567103068033,0.9163470268249512,0.729313850402832,0.9712726593017578,0.9024888873100281,0.24817748069763185,1.0,0.8176707029342651,0.5530388832092286,0.5735165913899739,0.9568734169006348,0.4024155616760254,0.5808234532674154,0.9393794536590576,0.6462503433227539,0.7661114374796549,0.6260964274406433,0.33016247749328614,0.7879816691080729,0.5546568632125854,0.6984092712402343,0.8781808853149414,0.12022686004638672,0.31048221588134767,0.9164604822794596,0.10152013599872589
pushup,0.47621545791625974,0.7141592661539714,0.0635456070303917,0.46056671142578126,0.7023736317952474,0.017462247982621193,0.48312911987304685,0.7020523707071941,0.01965404860675335,0.4085127830505371,0.6226729075113933,0.44312503933906555,0.5032213687896728,0.6279772440592448,0.5232326984405518,0.36342597007751465,0.5979660034179688,0.9085549712181091,0.5441330909729004,0.6058268229166667,0.8623281121253967,0.2857189416885376,0.7724181493123372,0.8197042942047119,0.6768991947174072,0.7801303227742513,0.6931358575820923,0.2604182004928589,0.9836833953857422,0.6141238212585449,0.7292981147766113,0.9327130635579427,0.49959060549736023,0.39275882244110105,0.8248283386230468,0.27281472086906433,0.5132793426513672,0.8284545262654622,0.2130696028470993,0.39104557037353516,0.7356609344482422,0.08059357851743698,0.5569262504577637,0.711070187886556,0.056259799748659134,0.41565189361572263,0.9310394287109375,0.027725424617528915,0.6128835201263427,0.8781078974405925,0.021520031616091728
pushup,0.46113386154174807,0.7954564412434896,0.4192291796207428,0.4638373374938965,0.7824458440144857,0.23642881214618683,0.45103988647460935,0.7832301457722982,0.15593518316745758,0.4809074878692627,0.6971106847127279,0.12080872803926468,0.42750797271728513,0.699839719136556,0.09217894077301025,0.5492012023925781,0.6295771916707357,0.8385440111160278,0.36238412857055663,0.6309838612874349,0.7819936871528625,0.6172117710113525,0.7734811147054036,0.8904246687889099,0.2626340866088867,0.7752079645792643,0.7505523562431335,0.6022625923156738,0.9794179916381835,0.819751501083374,0.2552333354949951,0.990385373433431,0.6919852495193481,0.5707178592681885,0.6722782135009766,0.7132524847984314,0.4653961658477783,0.680993398030599,0.6377427577972412,0.557935094833374,0.8359471003214518,0.23539981245994568,0.4916845321655273,0.836010996500651,0.17223703861236572,0.5747445583343506,0.916102409362793,0.03938904404640198,0.5944950103759765,0.8954988479614258,0.03351549431681633
pushup,0.44280495643615725,0.8481569290161133,0.0011298346798866987,0.43799901008605957,0.8294792811075846,0.0008158179698511958,0.45144004821777345,0.8202995300292969,0.00029740872560068965,0.4073373317718506,0.773239262898763,0.33722153306007385,0.4648416042327881,0.7541747411092122,0.07063236832618713,0.324489426612854,0.6931666056315104,0.6745415329933167,0.5539697647094727,0.6753025690714518,0.5160414576530457,0.2652791976928711,0.8012485504150391,0.787558913230896,0.7087668418884278,0.7863216400146484,0.5707951188087463,0.2685030698776245,0.9613474527994792,0.6071745753288269,0.7342514038085938,0.898507563273112,0.4294966757297516,0.4000288963317871,0.5539163589477539,0.9037029147148132,0.536941385269165,0.5475336074829101,0.8633714914321899,0.4429610252380371,0.833063252766927,0.7827364206314087,0.5325870037078857,0.8035308202107747,0.7156763076782227,0.5111405372619628,0.918887201944987,0.27388784289360046,0.5449408531188965,0.8867197672526042,0.2397955358028412
pushup,0.44707837104797366,0.8266793568929036,0.003195560537278652,0.4369077682495117,0.8212212880452474,0.002421255921944976,0.4761763095855713,0.8245868682861328,0.0006139831384643912,0.41148719787597654,0.813555908203125,0.7797735929489136,0.5420857906341553,0.8220597585042317,0.14056040346622467,0.3625473499298096,0.806361707051595,0.8702351450920105,0.5850375175476075,0.8300600051879883,0.7645959854125977,0.25177555084228515,0.8128668467203776,0.7598536610603333,0.5886779308319092,0.8519624710083008,0.44088658690452576,0.2393172264099121,0.9773585637410481,0.4245969355106354,0.5861382961273194,0.9682001749674479,0.1714690625667572,0.41462297439575196,0.7579564412434896,0.4494078755378723,0.5631345748901367,0.7636732737223307,0.3408518433570862,0.4021742820739746,0.807272466023763,0.13365322351455688,0.5509328365325927,0.784147834777832,0.07556543499231339,0.4787813663482666,0.889819081624349,0.024306414648890495,0.6280395984649658,0.8320057551066081,0.017744367942214012
pushup,0.45668764114379884,0.935082753499349,0.00505573907867074,0.44347372055053713,0.9306481679280599,0.0036860345862805843,0.473755931854248,0.9325069427490235,0.0026511221658438444,0.4202424049377441,0.9057952880859375,0.21162006258964539,0.5090033531188964,0.9069271087646484,0.16252990067005157,0.36293935775756836,0.8398412068684896,0.465724378824234,0.5508331298828125,0.8300617218017579,0.4451044797897339,0.32993326187133787,0.812338383992513,0.5089628100395203,0.6627674102783203,0.7837368647257487,0.4050334393978119,0.2673962593078613,0.9016030629475912,0.30058327317237854,0.6409491062164306,0.8213712056477864,0.27285268902778625,0.37500643730163574,0.6652289708455403,0.6356282830238342,0.4901412487030029,0.6687341054280599,0.6039807200431824,0.5291349411010742,0.7317340850830079,0.407459020614624,0.6015052795410156,0.7224662780761719,0.42474812269210815,0.6700749874114991,0.6894120534261068,0.25617533922195435,0.6712806224822998,0.681826400756836,0.27109378576278687
pushup,0.4911185264587402,0.7945949554443359,0.00508844992145896,0.4829275131225586,0.7900664011637369,0.0009700522641651332,0.5087006568908692,0.7974385579427083,0.002164920326322317,0.4438445568084717,0.791259765625,0.2990962266921997,0.5395998477935791,0.8110045115152995,0.26848381757736206,0.3751208305358887,0.8076967239379883,0.8388386368751526,0.5648670196533203,0.8017175038655598,0.9163107872009277,0.2629242897033691,0.8611063003540039,0.6630632281303406,0.6092729568481445,0.8034937540690105,0.8386526703834534,0.3024946451187134,0.867167854309082,0.4544614255428314,0.6810305118560791,0.78609619140625,0.5045697689056396,0.33872575759887696,0.8102226257324219,0.8431093096733093,0.4724684715270996,0.8006537119547527,0.8793533444404602,0.2531614303588867,0.8419281005859375,0.6103873252868652,0.4742852210998535,0.8059689839680989,0.6395581960678101,0.3100468397140503,0.8768247604370117,0.26490601897239685,0.5670255661010742,0.8182023366292318,0.27125468850135803
pushup,0.46597676277160643,0.8193214416503907,0.0018110281089320779,0.4592876434326172,0.8179487864176432,0.00037266433355398476,0.4759488582611084,0.8203099568684896,0.0007222923450171947,0.431864070892334,0.8298052469889323,0.1251830905675888,0.49616279602050783,0.8375926971435547,0.14982663094997406,0.3731244087219238,0.8417367299397787,0.7770511507987976,0.5319997310638428,0.8136456807454427,0.8698161840438843,0.2668506860733032,0.8645107905069987,0.6574430465698242,0.6133758544921875,0.7837361653645833,0.8289228677749634,0.2929403781890869,0.8548650105794271,0.42213791608810425,0.70034818649292,0.77864195505778,0.5148236155509949,0.3634710550308228,0.8076374053955078,0.9042235016822815,0.4816763401031494,0.7907794952392578,0.9253804683685303,0.2930187702178955,0.8850430806477865,0.7059828639030457,0.5442051887512207,0.8226416905721029,0.7455458641052246,0.3227060794830322,0.891088358561198,0.33311012387275696,0.6536444664001465,0.7960920333862305,0.3650515079498291
pushup,0.45162482261657716,0.786044692993164,0.015414402820169926,0.4432993412017822,0.7783540725708008,0.005092601291835308,0.4543790340423584,0.7849827448527018,0.005680668633431196,0.420867919921875,0.7886932373046875,0.19169098138809204,0.46776123046875,0.8106751759847005,0.19339199364185333,0.37822918891906737,0.8084768295288086,0.721123456954956,0.5074466705322266,0.8210674921671549,0.717759370803833,0.3087329387664795,0.8367981592814128,0.517518937587738,0.5834231853485108,0.8254000345865885,0.5004634261131287,0.3188727617263794,0.8989635467529297,0.4295330047607422,0.6693327903747559,0.8040560404459636,0.35526663064956665,0.3637537479400635,0.7907342910766602,0.5988857746124268,0.4636200428009033,0.7934350331624349,0.5624383687973022,0.3212841033935547,0.8338364283243815,0.4640105366706848,0.537755823135376,0.8062510808308919,0.41044244170188904,0.3186690330505371,0.9047856012980143,0.22507745027542114,0.591650390625,0.833447265625,0.20139946043491364
pushup,0.4612399101257324,0.798010508219401,0.002700116718187928,0.45334224700927733,0.7943229675292969,0.0005270381807349622,0.473001766204834,0.7993389129638672,0.0011740420013666153,0.430815315246582,0.7980335871378581,0.11442152410745621,0.5038623332977294,0.8089189529418945,0.20306070148944855,0.3788437843322754,0.8072804768880208,0.7250675559043884,0.5397635459899902,0.7875202178955079,0.8998005986213684,0.3064690351486206,0.8448932647705079,0.5128437280654907,0.6180917739868164,0.7984892527262369,0.8483244776725769,0.3315593719482422,0.8438119888305664,0.2780689299106598,0.6876718521118164,0.8141586303710937,0.500455915927887,0.34829959869384763,0.812048594156901,0.8708717823028564,0.4712799072265625,0.796798833211263,0.9223813414573669,0.2660865068435669,0.8805923461914062,0.6734517812728882,0.5316583156585694,0.8295372009277344,0.7774022817611694,0.2890044927597046,0.9179076512654623,0.33656516671180725,0.6411777019500733,0.8369190216064453,0.4194512963294983
pushup,0.4575589656829834,0.6495838165283203,0.006409415043890476,0.4496324062347412,0.6425012588500977,0.00168470514472574,0.4685725212097168,0.6494922002156576,0.0010794393019750714,0.4247562408447266,0.6688276926676432,0.5352600812911987,0.5149346351623535,0.6836824417114258,0.26590070128440857,0.36931214332580564,0.7406414031982422,0.9505791068077087,0.588725996017456,0.7371136347452799,0.9571516513824463,0.2779125213623047,0.8329467137654623,0.8435263633728027,0.6713010311126709,0.8023115793863932,0.8626633286476135,0.2804339170455933,0.8823001225789388,0.5631839036941528,0.6860174179077149,0.8133235295613607,0.5560826659202576,0.3840728759765625,0.8682116826375326,0.876621425151825,0.5421565055847168,0.8616750717163086,0.8868808746337891,0.2850883722305298,0.8161108652750652,0.6095244288444519,0.5622276782989502,0.7968744277954102,0.6261462569236755,0.27261321544647216,0.9581027348836263,0.18296341598033905,0.6383145809173584,0.920673942565918,0.19059929251670837
pushup,0.4705331325531006,0.657802136739095,0.008321655914187431,0.46294522285461426,0.6486651102701823,0.005637980066239834,0.48637590408325193,0.6552837371826172,0.0011897864751517773,0.4357109069824219,0.6705542246500651,0.7791557312011719,0.5338280200958252,0.6802170435587566,0.15786629915237427,0.3810406684875488,0.7369318644205729,0.9169616103172302,0.6020584583282471,0.7238578796386719,0.81109619140625,0.2660857677459717,0.8452554066975911,0.8580011129379272,0.6712921142578125,0.7886300404866536,0.587364673614502,0.2581043243408203,0.9622897466023763,0.6483744978904724,0.711149787902832,0.820489247639974,0.3641602098941803,0.3961745262145996,0.7948958714803059,0.8163805603981018,0.5283166885375976,0.7772095362345378,0.7425261735916138,0.24907200336456298,0.8203970591227213,0.5488344430923462,0.3345358371734619,0.8110296885172527,0.3812728524208069,0.3096628189086914,0.9656358083089193,0.1391471028327942,0.3294666767120361,0.9454669952392578,0.08949308097362518
pushup,0.5441275119781495,0.675905418395996,0.0016960009234026074,0.5405773162841797,0.6629427591959636,0.0005000726669095457,0.5593098163604736,0.6726109822591145,0.00045667271479032934,0.5086079597473144,0.6680880228678385,0.21345992386341095,0.5863876819610596,0.6939111073811849,0.07996721565723419,0.4154827117919922,0.6966987609863281,0.6099786162376404,0.6056299209594727,0.7345728556315104,0.5986363887786865,0.26624503135681155,0.7771793365478515,0.6495435237884521,0.6564115524291992,0.7798037846883138,0.5287076830863953,0.25285725593566893,0.9401478449503581,0.5193334817886353,0.6810518264770508,0.7450677871704101,0.3173864781856537,0.3344704627990723,0.8001936594645183,0.578790545463562,0.4571055889129639,0.8096284866333008,0.5092380046844482,0.2755441188812256,0.8409477233886719,0.28450021147727966,0.43823699951171874,0.8492356618245442,0.1996157169342041,0.30716471672058104,0.9560555775960287,0.06067974120378494,0.4855517864227295,0.9461929321289062,0.042000409215688705
pushup,0.4512330055236816,0.9344219207763672,0.017392028123140335,0.44225659370422366,0.9334918975830078,0.02311081625521183,0.47829132080078124,0.9357032140096029,0.008718416094779968,0.421080493927002,0.9336568196614583,0.8190743327140808,0.5365885257720947,0.9375748952229818,0.3484106659889221,0.3565544128417969,0.9174702326456706,0.5926720499992371,0.5784008979797364,0.9233035405476888,0.4850497841835022,0.2573996067047119,0.8793830871582031,0.24598734080791473,0.6216187477111816,0.8894406000773112,0.12272118777036667,0.22700605392456055,0.9796784718831381,0.11212299019098282,0.6281904220581055,0.9682059605916341,0.052730266004800797,0.3584526538848877,0.762016487121582,0.08222486078739166,0.5016532421112061,0.7616397221883138,0.06426030397415161,0.3858973026275635,0.7902965545654297,0.05479169264435768,0.49991650581359864,0.7736178716023763,0.040012627840042114,0.4906174659729004,0.8355016708374023,0.03317730128765106,0.5588161468505859,0.8075821558634441,0.027884695678949356
pushup,0.47353239059448243,0.8948415756225586,0.01728270761668682,0.4521165370941162,0.8919113159179688,0.011256176978349686,0.49185991287231445,0.8913983662923177,0.007048643659800291,0.4113044738769531,0.8866423924763998,0.5997359156608582,0.5319886684417725,0.8907057444254557,0.4139294922351837,0.36315155029296875,0.8655010859171549,0.7890874743461609,0.5937507629394532,0.871239980061849,0.7051432728767395,0.37865965366363524,0.8168788274129232,0.6291958689689636,0.6950500011444092,0.8467018127441406,0.4848567843437195,0.3947110891342163,0.9727261225382487,0.3689025640487671,0.740700626373291,1.0,0.2744766175746918,0.4432971954345703,0.6757048924763998,0.3542901277542114,0.5926203727722168,0.6889479319254558,0.28789716958999634,0.6020680904388428,0.7346733093261719,0.17877048254013062,0.7186448574066162,0.7222705205281575,0.16017404198646545,0.7041039943695069,0.8964457829793294,0.05249394476413727,0.7493558883666992,0.8601378122965495,0.05297863855957985
pushup,0.46304922103881835,0.8576770146687825,0.0017878737999126315,0.4524695873260498,0.8519241333007812,0.0011626624036580324,0.4881423473358154,0.8523339589436849,0.0005874293274246156,0.4099924087524414,0.8238877614339193,0.7589106559753418,0.5354608535766602,0.8289526621500651,0.24264328181743622,0.3344557762145996,0.787121073404948,0.8724923133850098,0.5875725746154785,0.7884810129801433,0.6897517442703247,0.23298518657684325,0.7930325190226237,0.7897189855575562,0.6608290195465087,0.7757280985514323,0.4507041871547699,0.22390191555023192,0.9101432164510092,0.5540462136268616,0.7442114353179932,0.8734888076782227,0.2259031981229782,0.3802358627319336,0.7122505187988282,0.5201630592346191,0.5435348510742187,0.7131717046101888,0.3684613108634949,0.3999783515930176,0.7926889419555664,0.19482284784317017,0.5728284835815429,0.7694205602010091,0.10220494866371155,0.49204063415527344,0.9012048721313477,0.03693736344575882,0.6589435577392578,0.8536782582600911,0.0236193984746933
pushup,0.4704457759857178,0.8234963734944661,0.08589637279510498,0.46772184371948244,0.8070358276367188,0.028822723776102066,0.46084394454956057,0.8143463770548502,0.0336446687579155,0.477064847946167,0.7283627192179362,0.030644070357084274,0.4316544055938721,0.7446475982666015,0.05908603593707085,0.5519728660583496,0.6537256876627604,0.8269360661506653,0.3489887237548828,0.6722946166992188,0.7139935493469238,0.7093941688537597,0.7990803400675456,0.9176352024078369,0.24746623039245605,0.8227540334065755,0.7599443793296814,0.7809583663940429,0.9752815246582032,0.7553285360336304,0.23511998653411864,1.0,0.542288601398468,0.5720678329467773,0.6180240631103515,0.8899378776550293,0.460827112197876,0.6457439422607422,0.8194586634635925,0.6374789237976074,0.8220820744832357,0.34982261061668396,0.5511914730072022,0.848542849222819,0.23694975674152374,0.7243484497070313,0.8338001251220704,0.04843125492334366,0.6962832927703857,0.8360769271850585,0.03568296507000923
pushup,0.4625088691711426,0.7688928604125976,0.38248488306999207,0.4720615863800049,0.7470924377441406,0.2459314912557602,0.45031061172485354,0.7508815129597982,0.16142019629478455,0.5025286197662353,0.6735933939615886,0.12903279066085815,0.4248359203338623,0.6823111852010091,0.06325184553861618,0.5713079929351806,0.6136746088663737,0.7218372821807861,0.360156774520874,0.6227414449055989,0.7398327589035034,0.6228408813476562,0.7813454310099284,0.8725188374519348,0.260797119140625,0.7909397761027018,0.8274517059326172,0.5452720642089843,0.966473642985026,0.8114674687385559,0.24208407402038573,1.0,0.7382764220237732,0.5707241535186768,0.5880378723144531,0.8189454674720764,0.4272316455841064,0.5958388646443685,0.8062123656272888,0.5963760852813721,0.7892792383829753,0.3829391896724701,0.3598304748535156,0.8010140101114909,0.34031814336776733,0.6657979011535644,0.882577387491862,0.07716666907072067,0.4156171798706055,0.8902716318766276,0.07387305796146393
pushup,0.4801344394683838,0.7220969518025716,0.5311617255210876,0.4919157028198242,0.6985717137654622,0.24480938911437988,0.46154351234436036,0.6978499094645182,0.2585532069206238,0.5173959732055664,0.6183959325154622,0.06817568838596344,0.4248115062713623,0.6214340209960938,0.07805850356817245,0.5804294586181641,0.582606315612793,0.7578458189964294,0.3624253273010254,0.5963153203328451,0.7455785870552063,0.6731239318847656,0.7732863108317057,0.9056356549263,0.2988636016845703,0.8024580637613933,0.8875728249549866,0.7030487537384034,0.9562126159667969,0.8998556137084961,0.24369099140167236,1.0,0.8695545196533203,0.5437136173248291,0.7060134887695313,0.8188530206680298,0.3991851329803467,0.7141709009806315,0.7991756796836853,0.5935598373413086,0.8255516688028971,0.28035497665405273,0.34688410758972166,0.8443358739217123,0.25773221254348755,0.5938275337219239,0.9222990671793619,0.045245666056871414,0.33317174911499026,0.9571140925089519,0.04101110249757767
pushup,0.4905116558074951,0.7270562489827473,0.6608033776283264,0.5019783020019531,0.7006385803222657,0.2873700261116028,0.4705334186553955,0.701039441426595,0.5228041410446167,0.5250229358673095,0.629948616027832,0.056167155504226685,0.4272453784942627,0.6347696940104167,0.2579527795314789,0.573786449432373,0.5832330703735351,0.7858482003211975,0.3591777801513672,0.6050836563110351,0.8948683738708496,0.6735588073730469,0.7599827448527018,0.8615671396255493,0.2837267637252808,0.8191675821940104,0.9419888854026794,0.7130484580993652,0.9655281066894531,0.8027733564376831,0.2439258098602295,1.0,0.8831804990768433,0.5333802700042725,0.5803311030069987,0.8906474709510803,0.38927836418151857,0.5941044489542643,0.9151353240013123,0.6094097137451172,0.7973272959391277,0.4930857717990875,0.3497666358947754,0.8112691879272461,0.5490944981575012,0.6352479934692383,0.9268206278483073,0.09363961219787598,0.34275341033935547,0.939015007019043,0.10414428263902664
pushup,0.47241506576538084,0.7105705897013347,0.713610827922821,0.48575172424316404,0.68562437693278,0.3868406116962433,0.4564544677734375,0.6826279322306316,0.5363873839378357,0.513730812072754,0.6285650253295898,0.109104685485363,0.4212169647216797,0.625176747639974,0.20233413577079773,0.5668416023254395,0.5926661173502604,0.8395830988883972,0.3614412784576416,0.602200444539388,0.9234453439712524,0.6768093585968018,0.7770707448323567,0.9049302935600281,0.28391084671020506,0.8162303924560547,0.9638286828994751,0.7004214286804199,0.9707635879516602,0.8346566557884216,0.2369307518005371,1.0,0.899404764175415,0.5407914638519287,0.5456219355265299,0.9444336295127869,0.3943984031677246,0.550943120320638,0.9589005708694458,0.631897258758545,0.7882023493448893,0.6197655200958252,0.3163310050964355,0.7885437647501627,0.674156665802002,0.6792232036590576,0.9404917399088542,0.1173834353685379,0.28969626426696776,0.9413174311319987,0.13392286002635956
pushup,0.4751763820648193,0.711718495686849,0.9465205073356628,0.4932889938354492,0.6880816777547201,0.8741617202758789,0.45845780372619627,0.6827836990356445,0.8448997139930725,0.5270123481750488,0.6199052174886067,0.4119882881641388,0.42819972038269044,0.6124028523763021,0.27031418681144714,0.5776678085327148,0.5882746378580729,0.9390487670898438,0.3735047817230225,0.593020502726237,0.9388071298599243,0.6655657291412354,0.7729545593261719,0.9467909932136536,0.2990668296813965,0.7984357198079427,0.9431642889976501,0.6922719478607178,0.9550826390584309,0.9228944182395935,0.2470081090927124,1.0,0.8989114761352539,0.5366965293884277,0.6288204828898112,0.9296694993972778,0.3958815813064575,0.6310328801472982,0.922629177570343,0.6123789310455322,0.8012671152750651,0.5600835680961609,0.32119050025939944,0.8097592035929362,0.5382992029190063,0.6293213844299317,0.950958251953125,0.10870975255966187,0.2799461841583252,0.9786816279093424,0.10289391130208969
pushup,0.4718785762786865,0.6821079254150391,0.8982956409454346,0.4916233539581299,0.6640202204386393,0.7787926197052002,0.4635302066802979,0.6523893356323243,0.6748929619789124,0.5258660316467285,0.6103115717569987,0.4116284251213074,0.4421542644500732,0.5850507736206054,0.1739577203989029,0.563941240310669,0.5857725779215495,0.973355770111084,0.3776238203048706,0.5776606877644856,0.9408010244369507,0.6697550773620605,0.775433349609375,0.9805231690406799,0.32727479934692383,0.7946884791056316,0.947429895401001,0.7177077293395996,0.976001485188802,0.939717173576355,0.27347421646118164,1.0,0.8546606302261353,0.4996042728424072,0.6331184387207032,0.9843474626541138,0.3676175832748413,0.6318013509114583,0.9737555384635925,0.6111870288848877,0.8061814626057943,0.8219931721687317,0.3141787052154541,0.8212833404541016,0.7664552330970764,0.6191525936126709,0.9365819295247396,0.27065223455429077,0.264181113243103,0.9887459437052409,0.2252378761768341
pushup,0.4886013984680176,0.6457939783732096,0.9939101934432983,0.5073223114013672,0.6190249760945638,0.9797501564025879,0.46875319480895994,0.6169367472330729,0.9854959845542908,0.5372068405151367,0.5618002573649089,0.6295127272605896,0.43378396034240724,0.5601111094156901,0.7158834338188171,0.5812052726745606,0.5721059163411458,0.9759542942047119,0.3788874387741089,0.5748724619547526,0.9839897155761719,0.6678016662597657,0.7774878819783528,0.9449764490127563,0.30805273056030275,0.7865570068359375,0.9658012986183167,0.7005785942077637,0.9546907424926758,0.9071926474571228,0.25323948860168455,0.9991614023844401,0.9188973307609558,0.5269054889678955,0.689250373840332,0.901926577091217,0.38646612167358396,0.6911848068237305,0.9109345078468323,0.6009990215301514,0.810208511352539,0.3799467384815216,0.3105229377746582,0.8210469563802083,0.4079575836658478,0.6300782203674317,0.9505833307902019,0.06014548987150192,0.2728677034378052,0.9793320973714192,0.06248878315091133
pushup,0.48824458122253417,0.6196155548095703,0.99365234375,0.5083568096160889,0.5855668385823568,0.9827562570571899,0.46236400604248046,0.5890271504720052,0.9842999577522278,0.5411008358001709,0.5417400360107422,0.7509812712669373,0.4247279167175293,0.5529033660888671,0.7594553828239441,0.5876686573028564,0.5759150187174479,0.9869610071182251,0.3794053554534912,0.588067372639974,0.9869577884674072,0.6690473556518555,0.780139414469401,0.9513307213783264,0.29892191886901853,0.7975392023722331,0.94721519947052,0.7094709396362304,0.9555255889892578,0.8726546764373779,0.23714795112609863,1.0,0.8376874327659607,0.5356873512268067,0.677862040201823,0.8980661034584045,0.3959829092025757,0.6847555796305339,0.8876270055770874,0.5960395812988282,0.8286959966023763,0.30994275212287903,0.33998494148254393,0.8390189488728841,0.28845614194869995,0.6309667587280273,0.9289513905843099,0.040687136352062225,0.314693021774292,0.9438985188802084,0.037602562457323074
pushup,0.4862489700317383,0.6091381708780924,0.9922510981559753,0.5084622859954834,0.5763181686401367,0.9817762970924377,0.4614232063293457,0.5775521596272787,0.9803322553634644,0.5424088954925537,0.5377663294474284,0.7925865650177002,0.4251594543457031,0.5433074951171875,0.7456674575805664,0.5888847827911377,0.5787313461303711,0.9873583316802979,0.3768863916397095,0.5868569691975911,0.9845901727676392,0.6725788593292237,0.7790814081827799,0.9436349272727966,0.2984305858612061,0.7928185780843099,0.9223044514656067,0.7084220886230469,0.9571889241536459,0.8558109998703003,0.23887951374053956,1.0,0.7888635993003845,0.5278026580810546,0.6940677642822266,0.8520534634590149,0.3905335426330566,0.6982568105061849,0.8254982233047485,0.5755813598632813,0.8463642120361328,0.21951743960380554,0.35483217239379883,0.8507588068644206,0.1918746381998062,0.5954826354980469,0.9179328918457031,0.027977976948022842,0.34781618118286134,0.9268611272176107,0.02494015544652939
pushup,0.48957033157348634,0.6059777577718098,0.9931920170783997,0.510404396057129,0.5734248479207357,0.981641411781311,0.4647694110870361,0.575825564066569,0.9839693307876587,0.5428615093231202,0.5337165832519531,0.7664505839347839,0.4285272598266602,0.5419313430786132,0.7877588272094727,0.5909449100494385,0.5763757069905598,0.986961841583252,0.3770026206970215,0.5897813161214193,0.9879000186920166,0.6694177627563477,0.7731057484944661,0.9434124827384949,0.2994085311889648,0.7950873692830404,0.9434552788734436,0.7058670997619629,0.9580928166707356,0.8458688259124756,0.2443859338760376,1.0,0.8211901187896729,0.5339471340179444,0.7267820358276367,0.8713805675506592,0.3919982433319092,0.7341064453125,0.8633527159690857,0.5939948081970214,0.8748183568318685,0.1882597953081131,0.3484353542327881,0.8828320821126302,0.18206574022769928,0.6181489944458007,0.9349264144897461,0.02137473225593567,0.3344005346298218,0.9454922993977865,0.020413381978869438
pushup,0.48994059562683107,0.6063941319783529,0.9932671785354614,0.5112799644470215,0.5737833658854167,0.9824512600898743,0.46523098945617675,0.5758707046508789,0.9830865859985352,0.5438720226287842,0.536279042561849,0.7766358256340027,0.4287852764129639,0.5433680216471354,0.7697604894638062,0.5895567893981933,0.5832195281982422,0.9878218770027161,0.3781019687652588,0.5921976725260417,0.9858466982841492,0.674323844909668,0.7783238728841145,0.9480130076408386,0.29789323806762696,0.7912624994913737,0.9317299723625183,0.7165096282958985,0.9577899932861328,0.8598989844322205,0.237258243560791,1.0,0.8028767704963684,0.5284610271453858,0.7332146326700847,0.8582174777984619,0.3893789291381836,0.739178212483724,0.8345092535018921,0.5849483489990235,0.8761070251464844,0.17876417934894562,0.3515413761138916,0.8860517501831054,0.15802180767059326,0.6096906185150146,0.9426493326822917,0.019554847851395607,0.3398288249969482,0.9583983739217122,0.017375068739056587
pushup,0.49116015434265137,0.6129416783650716,0.9932241439819336,0.5120985507965088,0.5791720072428386,0.982170581817627,0.4657376766204834,0.5818608601888021,0.9841166138648987,0.5450503826141357,0.538494873046875,0.7616586685180664,0.42773051261901857,0.5477181752522786,0.7697314620018005,0.592786169052124,0.5762083053588867,0.9865292310714722,0.3789421319961548,0.586855697631836,0.9866349101066589,0.6790235996246338,0.779002571105957,0.9444048404693604,0.29798150062561035,0.7932657877604167,0.9411270618438721,0.7076220512390137,0.9532154719034831,0.858721137046814,0.23704202175140382,1.0,0.8226318955421448,0.5324986934661865,0.6773136138916016,0.877044141292572,0.3906275749206543,0.6827271143595378,0.8658650517463684,0.5922427654266358,0.8290882746378581,0.24991586804389954,0.3420874118804932,0.8383918126424154,0.2351943701505661,0.6203266620635987,0.9093012491861979,0.03151113539934158,0.3215672254562378,0.9250774383544922,0.029439054429531097
pushup,0.4896067142486572,0.6327393213907878,0.9932623505592346,0.5112144947052002,0.6026230494181315,0.9834188222885132,0.46535634994506836,0.6026643117268881,0.9814443588256836,0.5447150230407715,0.5504034678141276,0.7793137431144714,0.4290599346160889,0.5531279246012369,0.7313703894615173,0.5988885402679444,0.5827575047810872,0.9879174828529358,0.3719888210296631,0.5884300867716471,0.9829493761062622,0.6859086513519287,0.7773994445800781,0.9531367421150208,0.29094767570495605,0.7850145975748698,0.9239816069602966,0.7102575302124023,0.9466885248819987,0.8839151263237,0.24229447841644286,1.0,0.812415599822998,0.5407782077789307,0.7837109883626302,0.8548541069030762,0.39285907745361326,0.7890490849812826,0.8184231519699097,0.593290376663208,0.8897032419840495,0.16379393637180328,0.35233173370361326,0.9045299530029297,0.13704389333724976,0.5996620178222656,0.9401217142740885,0.020079340785741806,0.3491061210632324,0.9685773213704427,0.017048178240656853
pushup,0.5071544647216797,0.6679155985514323,0.9631337523460388,0.5218465328216553,0.6441029866536458,0.8578781485557556,0.4865224838256836,0.64381103515625,0.9089404940605164,0.5457875251770019,0.5668252309163412,0.2644863426685333,0.44870648384094236,0.5682149251302083,0.5326821208000183,0.5992090702056885,0.5811031341552735,0.9371423721313477,0.3717976093292236,0.5855290095011393,0.9480456113815308,0.6795597076416016,0.7707340240478515,0.8974480032920837,0.28350272178649905,0.7870845158894857,0.9022319316864014,0.7176530838012696,0.9529738744099935,0.8473455905914307,0.24309465885162354,1.0,0.8380334377288818,0.5281964778900147,0.9123134613037109,0.5726681351661682,0.3836780548095703,0.9180900573730468,0.5616132020950317,0.5421003341674805,0.94590638478597,0.03731248155236244,0.35167417526245115,0.9579668680826823,0.03611629828810692,0.5223170280456543,0.9697260538736979,0.00599565077573061,0.3834559202194214,0.9831826527913411,0.005555309355258942
pushup,0.48063077926635744,0.7158634821573894,0.9657192230224609,0.5020560264587403,0.6968283971150716,0.9164742827415466,0.4655910491943359,0.6892385482788086,0.9023840427398682,0.5350022315979004,0.6369939168294271,0.5256964564323425,0.437575101852417,0.6204746246337891,0.4171859323978424,0.590390682220459,0.6354223887125651,0.943155825138092,0.3609766006469727,0.6315325419108073,0.9361287951469421,0.6971060276031494,0.7885253270467122,0.9250184297561646,0.2732654571533203,0.794207763671875,0.9062117338180542,0.7092427253723145,0.959978993733724,0.9036893248558044,0.2539780378341675,0.9951464970906575,0.8768442869186401,0.5361380577087402,0.9209087371826172,0.6417762041091919,0.3804739475250244,0.9262849807739257,0.6042352914810181,0.627870750427246,0.8920193354288737,0.052949387580156326,0.35338616371154785,0.9167323430379232,0.05127976834774017,0.6111355781555176,0.9208559036254883,0.010288325138390064,0.3677156925201416,0.9699586868286133,0.009640533477067947
pushup,0.4795506477355957,0.7856927871704101,0.8956668376922607,0.4969062805175781,0.7642236709594726,0.839501678943634,0.4650427341461182,0.7620113372802735,0.742313802242279,0.5335740566253662,0.702862040201823,0.5113932490348816,0.4374206066131592,0.7003079096476237,0.23803670704364777,0.5891322135925293,0.6588398615519205,0.9326512813568115,0.36304097175598143,0.6645636240641276,0.8589522242546082,0.7255125999450683,0.7652256647745769,0.934428870677948,0.24186627864837645,0.7814643859863282,0.8301690816879272,0.7400613784790039,1.0,0.8856860399246216,0.23595681190490722,1.0,0.7634787559509277,0.5153959274291993,0.6997959772745769,0.7556392550468445,0.3688278913497925,0.7090935389200846,0.6579818725585938,0.6013209819793701,0.8083272933959961,0.1376473605632782,0.36306347846984866,0.8507007598876953,0.09671175479888916,0.5756792068481446,0.8685222625732422,0.017823679372668266,0.35704469680786133,0.9309050242106119,0.012675406411290169
pushup,0.4795679092407227,0.8447532653808594,0.35907575488090515,0.4819784164428711,0.8301790237426758,0.2269819974899292,0.47861013412475584,0.8341482798258464,0.21528027951717377,0.5016613483428956,0.7809162139892578,0.12568649649620056,0.47194838523864746,0.7876621882120768,0.12261427938938141,0.575786018371582,0.7267747243245443,0.6269286870956421,0.38173661231994627,0.72613099416097,0.607925534248352,0.7326603889465332,0.7736763000488281,0.6564948558807373,0.22730538845062256,0.7801294962565104,0.5928944945335388,0.7574764728546143,0.9652882258097331,0.6020543575286865,0.24558424949645996,0.9938889821370442,0.5091520547866821,0.5097523212432862,0.6762465159098308,0.44226107001304626,0.3983950138092041,0.6796011606852214,0.3943006098270416,0.5469345569610595,0.7499978383382161,0.1628800481557846,0.41778135299682617,0.7498985290527344,0.14235201478004456,0.5806438446044921,0.916064961751302,0.047648485749959946,0.48136129379272463,0.8895125071207682,0.04462089762091637
pushup,0.49381346702575685,0.8333417256673177,0.02131757326424122,0.4817192077636719,0.8326763153076172,0.006307660602033138,0.5053433418273926,0.8346870422363282,0.00840617436915636,0.45493416786193847,0.8174205144246419,0.25653329491615295,0.5269528388977051,0.8251257578531901,0.3621673882007599,0.3908159494400024,0.7736089706420899,0.8787137866020203,0.5528228282928467,0.7698269526163737,0.9126254916191101,0.31196136474609376,0.8081520080566407,0.7946763038635254,0.5579727172851563,0.8025195439656575,0.7993870377540588,0.23634345531463624,0.9723353068033854,0.4956008791923523,0.5263294696807861,0.9848309834798177,0.4845619201660156,0.37750289440155027,0.6624860127766927,0.840268075466156,0.494371223449707,0.6607769012451172,0.8365999460220337,0.3839251518249512,0.7612913767496745,0.7047066688537598,0.6011477470397949,0.7402846018473307,0.6859703660011292,0.40233559608459474,0.9429503122965495,0.273364394903183,0.6709939002990722,0.8973921457926433,0.2703500986099243
pushup,0.4460292816162109,0.6860626220703125,0.0033715839963406324,0.43747873306274415,0.6777835210164388,0.0012786909937858582,0.46351985931396483,0.6824075698852539,0.0005516964010894299,0.3963795185089111,0.6980838775634766,0.6815181374549866,0.5092073917388916,0.7054526011149088,0.255717396736145,0.33020339012145994,0.764488410949707,0.9463814496994019,0.5646004676818848,0.759687868754069,0.9097956418991089,0.23404929637908936,0.8315344492594401,0.868991494178772,0.6172419548034668,0.7965993881225586,0.6658214926719666,0.23730101585388183,0.9724569956461588,0.5833450555801392,0.6104744911193848,0.910351053873698,0.32451045513153076,0.3688307762145996,0.8555253982543946,0.6909257769584656,0.5333063125610351,0.8503949483235677,0.6053206324577332,0.26151087284088137,0.7780197779337565,0.3812122344970703,0.4844215393066406,0.7558988571166992,0.24657025933265686,0.3387261152267456,0.9501211166381835,0.0961926206946373,0.6087410926818848,0.9025229771931966,0.06678920239210129
pushup,0.476103401184082,0.6588368733723958,0.022724194452166557,0.46065621376037597,0.6558362960815429,0.0031636864878237247,0.4847087860107422,0.655695088704427,0.013095504604279995,0.4042030334472656,0.6833617528279622,0.32204633951187134,0.511378002166748,0.6909486770629882,0.7588070631027222,0.33911244869232177,0.756869888305664,0.9142631888389587,0.5678397178649902,0.7486262639363607,0.9683470129966736,0.28531086444854736,0.8432841618855794,0.5715593099594116,0.6378307342529297,0.815474001566569,0.8761622905731201,0.2973353624343872,0.7886686325073242,0.31992045044898987,0.6541331291198731,0.7690587361653646,0.6378450989723206,0.3859816789627075,0.8502081553141276,0.7276866436004639,0.5468039512634277,0.8534222920735677,0.820388913154602,0.45527801513671873,0.7646807352701823,0.5602725744247437,0.6925918102264405,0.7535072962443033,0.7171281576156616,0.4490222930908203,0.93666566212972,0.24313712120056152,0.7200216293334961,0.9225308100382487,0.3340420424938202
pushup,0.4649064064025879,0.7142180760701498,0.013178056105971336,0.4540602207183838,0.7171994527180989,0.003183125052601099,0.4796881198883057,0.7207956949869792,0.00382867525331676,0.41249709129333495,0.756688117980957,0.45674729347229004,0.5190763950347901,0.7631714502970378,0.4257649779319763,0.3558152198791504,0.8066965103149414,0.9171493053436279,0.5684415817260742,0.7922865549723307,0.9332640767097473,0.29357717037200926,0.8271201451619467,0.7766273021697998,0.64386887550354,0.7972924550374348,0.8265073299407959,0.2960438966751099,0.7663943608601888,0.590196430683136,0.6823215484619141,0.7716337839762369,0.6005569100379944,0.36054971218109133,0.8674702962239583,0.7408038377761841,0.5090052604675293,0.8570880889892578,0.7663708329200745,0.27683086395263673,0.7807552973429362,0.518872857093811,0.5102154731750488,0.7646582921346029,0.5336031317710876,0.3181422233581543,0.9531483968098958,0.16270777583122253,0.5912259101867676,0.9306475321451823,0.1638808399438858
pushup,0.49050164222717285,0.8139893213907877,0.010190602391958237,0.4731590270996094,0.8218843460083007,0.0021251593716442585,0.5025948524475098,0.824949836730957,0.007535193115472794,0.43489971160888674,0.8486358642578125,0.13714584708213806,0.5368680953979492,0.8592806498209635,0.5333268642425537,0.39249143600463865,0.8524785995483398,0.73310786485672,0.5774678707122802,0.8338483810424805,0.8934143781661987,0.36052846908569336,0.8475053151448567,0.3680417537689209,0.6177863121032715,0.8172894795735677,0.7519426941871643,0.3520375728607178,0.8092978159586589,0.18205522000789642,0.6639888286590576,0.8359795888264974,0.4151690602302551,0.39235506057739256,0.7974864323933919,0.7441048622131348,0.531680965423584,0.7887613932291667,0.8276309967041016,0.3876330375671387,0.794705581665039,0.720849871635437,0.6599490165710449,0.7656777699788412,0.8201968669891357,0.37112112045288087,0.949102783203125,0.5125530362129211,0.7080834865570068,0.8965753555297852,0.6063064932823181
pushup,0.4983454704284668,0.8791066487630208,0.0032458121422678232,0.48996720314025877,0.8848416646321614,0.0013859469909220934,0.505921459197998,0.8848192850748698,0.002370127709582448,0.4651797771453857,0.9221897125244141,0.05785065144300461,0.5234328269958496,0.9213501612345377,0.16501358151435852,0.4104922294616699,0.9469910939534505,0.265639066696167,0.5638343334197998,0.9130113601684571,0.5011730194091797,0.34947564601898196,0.8792219797770182,0.15093302726745605,0.5781437397003174,0.7984950383504231,0.3876783549785614,0.3537224292755127,0.8101484298706054,0.1510491669178009,0.5417081356048584,0.7499791463216146,0.3126075267791748,0.409963321685791,0.8512613296508789,0.7731665372848511,0.5183598041534424,0.8342380523681641,0.8484777212142944,0.351026725769043,0.8146053949991862,0.8638346791267395,0.5186176776885987,0.7949818929036458,0.9106842875480652,0.38070552349090575,0.7297247568766276,0.8951402306556702,0.553067684173584,0.7066610336303711,0.9212633967399597
pushup,0.5319354057312011,0.8657923380533854,0.008191357366740704,0.5216442108154297,0.8730233510335287,0.002868402050808072,0.542296028137207,0.870556894938151,0.00655602291226387,0.4823047637939453,0.910815938313802,0.08387847989797592,0.5541538715362548,0.907763417561849,0.2783679962158203,0.40932321548461914,0.9406747182210287,0.4418848752975464,0.5794983386993409,0.913832410176595,0.558377206325531,0.3410168170928955,0.8681728998819987,0.25854358077049255,0.5782365798950195,0.8145444234212239,0.37081801891326904,0.33222930431365966,0.820486323038737,0.2424023598432541,0.5467745780944824,0.7944796244303386,0.326840341091156,0.38240618705749513,0.8348958333333333,0.7572034597396851,0.5027224063873291,0.8224050521850585,0.7885891199111938,0.36800718307495117,0.7742345174153645,0.8595671653747559,0.538585090637207,0.7684455235799154,0.8842313289642334,0.3770125389099121,0.7117806752522786,0.889428436756134,0.5439896583557129,0.714375368754069,0.8981890678405762
pushup,0.5003783226013183,0.8338775634765625,0.0035310357343405485,0.4851375579833984,0.8433446884155273,0.0009772423654794693,0.5117074012756347,0.8467854181925456,0.002004471840336919,0.4512516498565674,0.8787141799926758,0.07503145933151245,0.5398720264434814,0.8838972727457682,0.27090558409690857,0.39999535083770754,0.9112449645996094,0.5876561403274536,0.5810271263122558,0.8675831476847331,0.8170402646064758,0.33352270126342776,0.9047229766845704,0.3496786653995514,0.5952378273010254,0.8048577626546224,0.6823196411132812,0.3291957378387451,0.8184672037760417,0.245095357298851,0.5836660385131835,0.8234600067138672,0.4543721675872803,0.4005723476409912,0.8637130737304688,0.8311241269111633,0.5354636192321778,0.8450661341349284,0.8942943215370178,0.2988383054733276,0.8003828684488933,0.8067845106124878,0.5499038219451904,0.783680534362793,0.868593692779541,0.3265554428100586,0.7437817891438802,0.7679806351661682,0.6209976673126221,0.7236919403076172,0.8129180073738098
pushup,0.5055531978607177,0.8295607884724935,0.0049519906751811504,0.49047064781188965,0.8331145604451498,0.0008084960863925517,0.5139491558074951,0.8342058181762695,0.004755323752760887,0.4510228157043457,0.8470149358113607,0.0317009761929512,0.5289653301239013,0.852810796101888,0.3807300925254822,0.39287657737731935,0.8391530354817708,0.5004187822341919,0.5553754806518555,0.8154770533243815,0.7092897891998291,0.356268310546875,0.8622320175170899,0.367203027009964,0.6054462432861328,0.8185102462768554,0.6768108606338501,0.34059982299804686,0.8203120549519857,0.20665965974330902,0.6327513694763184,0.8635375340779622,0.4150177240371704,0.4069976329803467,0.7767737070719402,0.6940954923629761,0.5184591293334961,0.7765589396158854,0.7626451253890991,0.5038535594940186,0.7842894872029622,0.5910828113555908,0.6776520729064941,0.7771088282267252,0.6981610059738159,0.5401465415954589,0.8897638320922852,0.3906313478946686,0.7234527111053467,0.8794029235839844,0.46021512150764465
pushup,0.49096035957336426,0.7603738149007161,0.005895733833312988,0.47400798797607424,0.7629959742228191,0.0007375758141279221,0.5063778400421143,0.7659453709920248,0.005615459755063057,0.41804656982421873,0.7778057098388672,0.06066422164440155,0.5268179893493652,0.7880136489868164,0.3987053334712982,0.3874640464782715,0.7894944508870443,0.5746375918388367,0.535631799697876,0.7844467163085938,0.8472499251365662,0.47394618988037107,0.8212965647379558,0.25775572657585144,0.5880675315856934,0.8061774571736654,0.7643324136734009,0.6341420650482178,0.8004855473836263,0.17242182791233063,0.6765586853027343,0.782306416829427,0.40278053283691406,0.35777137279510496,0.7856753031412761,0.6426301598548889,0.48105297088623045,0.7813824971516927,0.7601008415222168,0.3053262233734131,0.821441650390625,0.5350385308265686,0.5479642391204834,0.7860692342122396,0.6595815420150757,0.34212074279785154,0.948033332824707,0.2574986219406128,0.642049503326416,0.8762125015258789,0.3180297315120697
pushup,0.44396266937255857,0.7313947041829427,0.012103698216378689,0.4342031002044678,0.7313626607259115,0.003947641234844923,0.46419510841369627,0.7333665211995443,0.00454139057546854,0.39978506565093996,0.7530682881673177,0.4086028039455414,0.5072184562683105,0.7551764806111654,0.293297678232193,0.34727978706359863,0.7954917907714844,0.7733379602432251,0.5490202903747559,0.7910651524861654,0.8999073505401611,0.31811978816986086,0.8050465901692708,0.4689382314682007,0.6238677024841308,0.802131716410319,0.7443354725837708,0.3718448877334595,0.7334004720052083,0.352468878030777,0.6690454483032227,0.7544142405192057,0.4656747877597809,0.3369146823883057,0.820683479309082,0.7423664927482605,0.4831396102905273,0.8124792734781902,0.8102254271507263,0.23141067028045653,0.7978899637858073,0.6305726766586304,0.44596638679504397,0.7802734375,0.6901862621307373,0.28917784690856935,0.8856395721435547,0.313338041305542,0.5248794555664062,0.8623947779337565,0.34499233961105347
pushup,0.49452552795410154,0.9006090799967448,0.005779898259788752,0.4787716865539551,0.8967881520589193,0.003013374749571085,0.5116533279418946,0.9032721837361654,0.0020257525611668825,0.4328335762023926,0.8701328277587891,0.4109116196632385,0.5383224964141846,0.8836028416951497,0.28361237049102783,0.3537865400314331,0.80050048828125,0.8505043983459473,0.5810053825378418,0.8119404474894206,0.7126091122627258,0.27571330070495603,0.8087700525919597,0.8414006233215332,0.628483772277832,0.8003177007039388,0.5264162421226501,0.26098384857177737,0.9678105672200521,0.6587306261062622,0.6111456871032714,0.8417863845825195,0.36158525943756104,0.3503476619720459,0.6894838968912761,0.7942436933517456,0.49557085037231446,0.6887390772501628,0.6795295476913452,0.2996809005737305,0.7550076802571615,0.6263238191604614,0.43663864135742186,0.7456659317016602,0.4291558563709259,0.38591604232788085,0.835847282409668,0.2666970491409302,0.49005780220031736,0.794326909383138,0.1765262335538864
pushup,0.47835140228271483,0.9081473032633464,0.025470638647675514,0.4678708553314209,0.9024229049682617,0.010638444684445858,0.4883151054382324,0.9118325551350911,0.013110309839248657,0.4537937164306641,0.8760693868001302,0.22071205079555511,0.5144215106964112,0.8906649907430013,0.394631952047348,0.40004596710205076,0.8005332310994466,0.8233279585838318,0.5465778350830078,0.8009208679199219,0.8627529144287109,0.3813707113265991,0.8370611826578777,0.7991010546684265,0.6377910614013672,0.8175924301147461,0.7913641333580017,0.3059546947479248,0.9849132537841797,0.49190694093704224,0.6148675918579102,0.8925682067871094,0.5120238661766052,0.3841644525527954,0.6378218968709309,0.8803840279579163,0.47281556129455565,0.6432636260986329,0.8770962357521057,0.46769180297851565,0.7380772908528646,0.7001360058784485,0.5424531936645508,0.7406721750895182,0.7037716507911682,0.612424659729004,0.8092779795328776,0.36433330178260803,0.6503014087677002,0.7968470255533854,0.37206581234931946
pushup,0.4767660140991211,0.9095961252848307,0.021795175969600677,0.4681099891662598,0.8954359690348307,0.009051940403878689,0.48071064949035647,0.90124085744222,0.009820359759032726,0.472100830078125,0.8461646397908529,0.11959172040224075,0.4999542236328125,0.8575957616170248,0.17887838184833527,0.4687406063079834,0.7568035125732422,0.6994449496269226,0.5389220714569092,0.7592704772949219,0.7554833889007568,0.6001561164855957,0.804313850402832,0.7338117957115173,0.6728402137756347,0.8201405843098958,0.8251521587371826,0.6272900581359864,1.0,0.44934582710266113,0.678220558166504,1.0,0.5128766298294067,0.4458610057830811,0.564561398824056,0.85733962059021,0.48926496505737305,0.5677878061930338,0.8614711165428162,0.5709326267242432,0.7479386647542318,0.6037818193435669,0.5852689743041992,0.7388834635416667,0.6706531047821045,0.6702178001403809,0.8689112981160482,0.21484677493572235,0.6453535079956054,0.8431425094604492,0.257312536239624
pushup,0.4737690925598145,0.8685091654459636,0.0028132707811892033,0.46785693168640136,0.8602698008219402,0.0016309027560055256,0.4890791893005371,0.8520991007486979,0.000995585578493774,0.43103699684143065,0.8236731847127279,0.4552410840988159,0.5044056415557862,0.8090140024820963,0.17833513021469116,0.3239319324493408,0.7351494471232096,0.8471931219100952,0.5658970355987549,0.7281418482462565,0.71579509973526,0.2117027759552002,0.8013983408610026,0.8716138005256653,0.6931283473968506,0.8075018564860026,0.6221781969070435,0.16267902851104737,0.9325734456380208,0.5895769000053406,0.7252848625183106,0.9558019638061523,0.327820360660553,0.4059895515441895,0.5619065602620442,0.9153995513916016,0.5454869270324707,0.5705001831054688,0.8580277562141418,0.5547460556030274,0.7755942662556966,0.8145646452903748,0.6461793422698975,0.75482177734375,0.7207261323928833,0.7013496398925781,0.886172103881836,0.36540114879608154,0.732951021194458,0.8586922963460286,0.3070181906223297
pushup,0.49284796714782714,0.8562378565470378,0.2887555658817291,0.49685206413269045,0.8393304189046223,0.23281289637088776,0.481061315536499,0.8412738800048828,0.12461932003498077,0.5167337417602539,0.7619641621907552,0.14253799617290497,0.4489227294921875,0.7685544331868489,0.07189479470252991,0.5872371673583985,0.6744359970092774,0.8384864926338196,0.35977020263671877,0.6850376129150391,0.5581445693969727,0.721598482131958,0.7691256205240885,0.9344146251678467,0.2222501277923584,0.8098005930582682,0.6232298612594604,0.7456039905548095,0.976190185546875,0.894546389579773,0.24307796955108643,1.0,0.5955222249031067,0.5326417922973633,0.5729132334391276,0.8707454800605774,0.3927691698074341,0.5821062088012695,0.7313402891159058,0.5558115005493164,0.8038932800292968,0.5020635724067688,0.3625946998596191,0.8159787495930989,0.2871096432209015,0.5674476623535156,0.8947388966878255,0.10073912143707275,0.39428935050964353,0.8817324956258138,0.058724746108055115
pushup,0.47615389823913573,0.8016410827636719,0.2295018434524536,0.4851194381713867,0.7825418472290039,0.15292617678642273,0.4643826961517334,0.7832791010538737,0.08513692021369934,0.5124996662139892,0.7175971984863281,0.11451534181833267,0.4380199909210205,0.721411387125651,0.04295341297984123,0.5726988792419434,0.6453485488891602,0.7515153288841248,0.3703350782394409,0.6643717447916667,0.6520573496818542,0.6808475971221923,0.7543764114379883,0.9317444562911987,0.26032428741455077,0.8154901504516602,0.8353297114372253,0.7285261154174805,0.9043546040852865,0.9004343748092651,0.2334527015686035,1.0,0.7648046016693115,0.5541475296020508,0.5570361455281575,0.9338746070861816,0.41733636856079104,0.5719894409179688,0.902294933795929,0.6113173961639404,0.8003075281778972,0.6108189821243286,0.3500253677368164,0.8229976654052734,0.4964631497859955,0.6621950626373291,0.877667490641276,0.12378726154565811,0.3517590045928955,0.8984278361002604,0.09640394151210785
pushup,0.47803149223327634,0.760932731628418,0.7575523853302002,0.49520001411437986,0.7339630126953125,0.5043824911117554,0.4593352317810059,0.7359561920166016,0.5621516704559326,0.5288058757781983,0.6603103637695312,0.14267860352993011,0.42418928146362306,0.6666934967041016,0.1702529489994049,0.5917676448822021,0.6067373911539714,0.7752391695976257,0.35771033763885496,0.632173220316569,0.8670932054519653,0.7015198707580567,0.7550554275512695,0.882666826248169,0.2742488861083984,0.8041919708251953,0.9373757243156433,0.7123592853546142,0.9368357340494792,0.8981195092201233,0.2390610694885254,1.0,0.9195610880851746,0.5572369575500489,0.6521598815917968,0.8387269973754883,0.3976175785064697,0.6702571868896484,0.8659912943840027,0.636418628692627,0.7387901306152344,0.381002813577652,0.33112826347351076,0.7853923797607422,0.43814003467559814,0.6744983673095704,0.860894521077474,0.08995481580495834,0.3344137668609619,0.9363162358601888,0.1011459156870842
pushup,0.48217310905456545,0.7454366048177083,0.4174714684486389,0.4965778350830078,0.723248545328776,0.21023961901664734,0.47035965919494627,0.7218966801961263,0.2426937073469162,0.5253664970397949,0.6713420867919921,0.10350959748029709,0.441091251373291,0.6682106018066406,0.11810377985239029,0.5637933731079101,0.6010857899983724,0.7984414100646973,0.3767253875732422,0.6358617782592774,0.8851258754730225,0.6580047130584716,0.7147116978963216,0.925327479839325,0.29637794494628905,0.8212899525960287,0.9480941295623779,0.6908885955810546,0.8497783025105794,0.8807644248008728,0.2597475290298462,0.9953819274902344,0.8775684237480164,0.5484339714050293,0.5181238174438476,0.9724178314208984,0.414660120010376,0.539944076538086,0.9752686023712158,0.623494815826416,0.7442114512125652,0.8358606696128845,0.33564004898071287,0.7741119384765625,0.8362725973129272,0.6853513717651367,0.8452339808146159,0.34412848949432373,0.33792734146118164,0.8809983571370442,0.34362298250198364
pushup,0.48679304122924805,0.7581396738688151,0.5904685258865356,0.493604850769043,0.7351383845011393,0.24768595397472382,0.471545934677124,0.7368581136067708,0.4530634880065918,0.5157173633575439,0.6709479649861654,0.06122230738401413,0.4356482982635498,0.6785757700602214,0.20797047019004822,0.5675776481628418,0.6167149225870768,0.7775971293449402,0.37082481384277344,0.6292953491210938,0.9213611483573914,0.6787954807281494,0.7876340230305989,0.8922207951545715,0.2704460144042969,0.8263142267862956,0.9713129997253418,0.7096799373626709,0.9711266835530599,0.8188068866729736,0.22999811172485352,1.0,0.9147585034370422,0.5399206638336181,0.5122734705607096,0.9623007774353027,0.3979170560836792,0.5206921577453614,0.9758322238922119,0.6283514022827148,0.7780746459960938,0.7486728429794312,0.310801362991333,0.7856589635213216,0.8069359064102173,0.6925768852233887,0.9166480382283528,0.2091502994298935,0.27969956398010254,0.9164690653483073,0.24492721259593964
pushup,0.4867858409881592,0.7607884089152018,0.5208327174186707,0.4937923431396484,0.737830924987793,0.20423230528831482,0.47231297492980956,0.7387558619181315,0.3538353443145752,0.5165054798126221,0.6779486974080403,0.05781340226531029,0.4371073246002197,0.6839148839314778,0.1467105746269226,0.5652726650238037,0.6231623331705729,0.7854557633399963,0.3805516719818115,0.6353813807169596,0.9139026403427124,0.6773873805999756,0.7871694564819336,0.9186192750930786,0.2889063358306885,0.8257122039794922,0.9750195741653442,0.7036243915557862,0.9715445836385092,0.8576149344444275,0.24395711421966554,1.0,0.9253237843513489,0.5425255298614502,0.5019528706868489,0.9799961447715759,0.4051405906677246,0.5081588745117187,0.9863843321800232,0.6288523197174072,0.7812985102335612,0.8572037816047668,0.30327796936035156,0.7876572926839193,0.8872917294502258,0.6915813446044922,0.9328685124715169,0.31907299160957336,0.25594558715820315,0.9325368245442708,0.3546167016029358
pushup,0.492188835144043,0.7672802607218424,0.5836933851242065,0.49942665100097655,0.7446900049845377,0.2581067383289337,0.47682819366455076,0.7452460606892903,0.4365963637828827,0.5209023475646972,0.6831665674845377,0.06611274927854538,0.4399112701416016,0.6879883448282877,0.195365771651268,0.5676015377044678,0.6274407704671224,0.7866162657737732,0.3808713912963867,0.6388543446858724,0.9159612655639648,0.675373888015747,0.7915053049723307,0.9006131291389465,0.283234167098999,0.8301217397054036,0.9682846069335938,0.7102222919464112,0.9742450078328451,0.825551450252533,0.23943114280700684,1.0,0.9086364507675171,0.5478375911712646,0.5107394218444824,0.9679153561592102,0.41217451095581054,0.5184081713358561,0.9779868721961975,0.6270569801330567,0.7889677683512369,0.7881476283073425,0.3185139179229736,0.7962907155354818,0.8280608057975769,0.6874516010284424,0.9277045567830403,0.23997043073177338,0.2817622184753418,0.9266000111897786,0.26896193623542786
pushup,0.48880562782287595,0.7577224731445312,0.5201921463012695,0.49462194442749025,0.7361305236816407,0.2105315774679184,0.4749871253967285,0.7369712829589844,0.3522252142429352,0.5157972812652588,0.6775723775227864,0.05988212302327156,0.44060583114624025,0.6833457946777344,0.1491575837135315,0.5640600681304931,0.6241373697916667,0.7766126990318298,0.3851786136627197,0.6351778030395507,0.9075150489807129,0.6751111507415771,0.7867691040039062,0.9118679761886597,0.28906347751617434,0.8235062917073568,0.9710735082626343,0.7065020084381104,0.9743078231811524,0.845265805721283,0.24341278076171874,1.0,0.9163174033164978,0.5488574981689454,0.5026621182759603,0.9744244813919067,0.41593170166015625,0.5092576662699382,0.9822513461112976,0.631865119934082,0.7823589324951172,0.8300048112869263,0.31710352897644045,0.7876263936360677,0.8613678216934204,0.6971560478210449,0.9384574890136719,0.2821166515350342,0.2747974157333374,0.9334543863932292,0.3129734396934509
pushup,0.48341808319091795,0.7712719599405925,0.5425787568092346,0.49357004165649415,0.7484041849772135,0.25093111395835876,0.46802186965942383,0.7468093872070313,0.38606026768684387,0.519171667098999,0.6850234985351562,0.07735281437635422,0.43294215202331543,0.6847188949584961,0.16704736649990082,0.5682715892791748,0.6266591389973958,0.7681933045387268,0.37289211750030515,0.6332614262898763,0.9049616456031799,0.6788034439086914,0.791596794128418,0.8879501223564148,0.27789714336395266,0.8249731699625651,0.9643477201461792,0.7157278060913086,0.9868389129638672,0.8117592334747314,0.24284694194793702,1.0,0.9027886390686035,0.5434431076049805,0.5100078900655111,0.9609155058860779,0.4049847602844238,0.5150313059488932,0.9733487963676453,0.6171286582946778,0.7845051447550456,0.7609195709228516,0.31765811443328856,0.7893679936726888,0.8104235529899597,0.6613109588623047,0.9219965616861979,0.22082224488258362,0.28532459735870364,0.9232230504353841,0.2530064880847931
pushup,0.47347030639648435,0.7634487787882487,0.5666559338569641,0.48316154479980467,0.7456209182739257,0.3341119587421417,0.46336755752563474,0.7419326782226563,0.2969649136066437,0.5120660305023194,0.6768809000651042,0.12970520555973053,0.4407027244567871,0.6737911224365234,0.07980462908744812,0.5691654205322265,0.6230003992716472,0.7691399455070496,0.38141207695007323,0.633266830444336,0.8287754058837891,0.6664827823638916,0.7780131022135417,0.9015639424324036,0.2938992977142334,0.8219934463500976,0.9305945038795471,0.697627067565918,0.9655492146809895,0.8799494504928589,0.24676380157470704,1.0,0.8833379149436951,0.5264060974121094,0.5767824172973632,0.9161563515663147,0.3977851152420044,0.5781820933024089,0.9212544560432434,0.5851976871490479,0.7993659337361654,0.5651723742485046,0.3172765254974365,0.8003978093465169,0.5789461135864258,0.5911751747131347,0.9478376388549805,0.10482800006866455,0.26841371059417723,0.9542880376180013,0.10901167243719101
pushup,0.4843026638031006,0.7811278025309245,0.531048059463501,0.4953092098236084,0.7596900304158528,0.2573988139629364,0.4692822456359863,0.7561948140462239,0.3740147650241852,0.5215957164764404,0.6915781656901042,0.08574274927377701,0.43554110527038575,0.6874833424886068,0.16332334280014038,0.571068000793457,0.626614507039388,0.7603346109390259,0.3764868497848511,0.6305183410644531,0.8962416052818298,0.6773682594299316,0.7793326695760091,0.8743489384651184,0.28507223129272463,0.8140949249267578,0.9582186341285706,0.7145448684692383,0.9608021418253581,0.8083094358444214,0.24820892810821532,1.0,0.8940987586975098,0.5384402275085449,0.5182927131652832,0.9551328420639038,0.4052286148071289,0.5203262646993001,0.9689421653747559,0.5917643547058106,0.7928617477416993,0.7473070621490479,0.32348968982696535,0.7941112518310547,0.7984426021575928,0.6121331691741944,0.9159292856852214,0.21655891835689545,0.2903106451034546,0.9183579126993815,0.2479177713394165
pushup,0.4880810260772705,0.7736860275268554,0.5249036550521851,0.49708571434021,0.7519606908162435,0.31179288029670715,0.4745049476623535,0.7511799494425456,0.2809408903121948,0.5241966724395752,0.6840497970581054,0.1178198829293251,0.4458437442779541,0.686593500773112,0.08558552712202072,0.5683853149414062,0.6223166783650717,0.8055775761604309,0.3940185785293579,0.6324192682902018,0.8479186296463013,0.6656448841094971,0.7787429809570312,0.9324460029602051,0.2943441152572632,0.8226191202799479,0.9421151876449585,0.715997838973999,0.9851637522379557,0.8778761625289917,0.25058622360229493,1.0,0.8676528930664062,0.5342784881591797,0.49604571660359703,0.968192994594574,0.409211540222168,0.5001562436421713,0.9670782685279846,0.5925702095031739,0.7911194483439128,0.7959259748458862,0.307399845123291,0.7975050608317057,0.782810628414154,0.6290889739990234,0.9414216995239257,0.22098252177238464,0.24815051555633544,0.9415288925170898,0.21397919952869415
pushup,0.47497215270996096,0.780430285135905,0.4930001199245453,0.48772807121276857,0.757601801554362,0.33877629041671753,0.4657376766204834,0.7561806996663412,0.21248508989810944,0.523582649230957,0.6945802052815755,0.1565173864364624,0.4429311752319336,0.6938009897867838,0.05430792644619942,0.5767770290374756,0.6242378234863282,0.781950056552887,0.3869845151901245,0.6497214635213217,0.8036088943481445,0.6852122783660889,0.7435656229654948,0.9280428290367126,0.28446254730224607,0.8257352193196614,0.9194260835647583,0.7195327758789063,0.9500015258789063,0.8995575308799744,0.2441460371017456,1.0,0.8514500260353088,0.5422117233276367,0.5043580373128255,0.9535019397735596,0.4069179058074951,0.5136720657348632,0.9466739892959595,0.5962883949279785,0.79709898630778,0.6989331841468811,0.29821698665618895,0.8135215123494466,0.671578586101532,0.6311009407043457,0.9352556228637695,0.12858866155147552,0.25139484405517576,0.949908955891927,0.12484049052000046
pushup,0.4830230712890625,0.7468407313028972,0.5383042097091675,0.48883962631225586,0.724642817179362,0.20164854824543,0.4690772533416748,0.7252497355143229,0.3846586048603058,0.5104475021362305,0.6521685918172201,0.04462840035557747,0.4338630199432373,0.6578771591186523,0.1541389524936676,0.56056227684021,0.590058708190918,0.7297362089157104,0.36825151443481446,0.6001971562703451,0.8930714130401611,0.6722947120666504,0.7736157735188802,0.8942080736160278,0.2737325668334961,0.8118445078531901,0.9695900678634644,0.7040970325469971,0.9767603556315104,0.8319542407989502,0.23886613845825194,1.0,0.9161394238471985,0.5295171737670898,0.47839158376057944,0.9608192443847656,0.3893007755279541,0.4852621078491211,0.9737754464149475,0.6211506366729737,0.7708016077677409,0.7456626892089844,0.2999579906463623,0.7770125706990559,0.7969489097595215,0.6865051746368408,0.9314767201741536,0.18378335237503052,0.26202552318572997,0.9307544072469075,0.21008680760860443
pushup,0.4816012382507324,0.7385069529215494,0.3344464600086212,0.49163069725036623,0.7134887059529622,0.12481344491243362,0.4637163162231445,0.7143733978271485,0.20967112481594086,0.5160679340362548,0.6477457682291666,0.044774897396564484,0.42411012649536134,0.6520590464274089,0.12109604477882385,0.5615716934204101,0.5879678726196289,0.7015021443367004,0.3621419668197632,0.5994341532389323,0.8278962969779968,0.6640417575836182,0.7474257787068684,0.8772423267364502,0.27492198944091795,0.7836402893066406,0.9342100024223328,0.7177564620971679,0.9637688318888347,0.7983414530754089,0.24403517246246337,0.9824981689453125,0.8618596792221069,0.5394455432891846,0.49781277974446614,0.935035765171051,0.40261273384094237,0.509021250406901,0.9466288089752197,0.6070754051208496,0.757150141398112,0.6624086499214172,0.34834630489349366,0.7701380411783855,0.6876723170280457,0.6527247905731202,0.8623165130615235,0.16728182137012482,0.34328360557556153,0.8685457865397136,0.17496351897716522
pushup,0.4318383693695068,0.7438529332478842,0.034951891750097275,0.4223155975341797,0.7313685735066732,0.009114089421927929,0.4444558620452881,0.7331498463948568,0.013519944623112679,0.39858160018920896,0.6481310526529948,0.05697183683514595,0.44414567947387695,0.6543571472167968,0.0612829327583313,0.38273651599884034,0.5598950703938802,0.620312511920929,0.4203959941864014,0.5897333145141601,0.6227803230285645,0.44396204948425294,0.7000331878662109,0.748475968837738,0.4371837615966797,0.7712761561075846,0.6688055992126465,0.510002326965332,0.8890440622965495,0.5940334796905518,0.4450714111328125,0.9863561630249024,0.4417124092578888,0.4115565776824951,0.5543752034505208,0.7771762013435364,0.44552040100097656,0.5821097691853842,0.7288405895233154,0.48919992446899413,0.7248456319173177,0.5915644764900208,0.546271276473999,0.7319079081217448,0.513310968875885,0.6436895370483399,0.8799816131591797,0.21630524098873138,0.7016965866088867,0.8677373886108398,0.1889593005180359
pushup,0.4615301609039307,0.6621731440226237,0.007636555936187506,0.4439509391784668,0.6468915303548177,0.0016711901407688856,0.4720161437988281,0.6525225321451823,0.00252908724360168,0.38709614276885984,0.5789890925089518,0.3415979743003845,0.49098901748657225,0.594403330485026,0.4727078974246979,0.33076181411743166,0.5584175745646159,0.9596501588821411,0.524945878982544,0.573150634765625,0.9403169751167297,0.2665034294128418,0.7799167633056641,0.8746374845504761,0.6301213264465332,0.7878455479939779,0.7447293400764465,0.23579180240631104,0.9764464060465495,0.44567200541496277,0.7012966632843017,0.8896743774414062,0.2841169238090515,0.3593080997467041,0.6449049631754558,0.7898106575012207,0.4999323844909668,0.6496829986572266,0.7069435715675354,0.2814600706100464,0.7271462758382161,0.49520018696784973,0.5348353385925293,0.7006035486857096,0.3391362130641937,0.3344672203063965,0.9243656158447265,0.11207857728004456,0.6651094436645508,0.8464572906494141,0.07620999217033386
pushup,0.40933918952941895,0.680687141418457,0.0050615472719073296,0.39771831035614014,0.6727606455485026,0.0018262158846482635,0.42646188735961915,0.667129643758138,0.0011762941721826792,0.3657513618469238,0.6202937444051106,0.4845362901687622,0.4611233711242676,0.6111107508341471,0.19785313308238983,0.3070833206176758,0.6042905807495117,0.9482062458992004,0.5070659637451171,0.5393128077189128,0.9082152247428894,0.21968629360198974,0.8147577921549479,0.8666461706161499,0.5644803047180176,0.6809423446655274,0.7593134641647339,0.2114107131958008,0.9787241617838541,0.5161980986595154,0.6670195102691651,0.7924506505330403,0.39528489112854004,0.34136233329772947,0.5551588058471679,0.8813211917877197,0.48052234649658204,0.5224141438802083,0.8395141959190369,0.30480835437774656,0.7154890060424804,0.7938827276229858,0.5487249374389649,0.6222078323364257,0.7071298360824585,0.3538834571838379,0.9381940841674805,0.35199543833732605,0.6567419052124024,0.7877675374348958,0.30564412474632263
pushup,0.3889058828353882,0.6947912851969401,0.06669335812330246,0.3772890090942383,0.6798775990804037,0.018590377643704414,0.38975698947906495,0.6864047368367513,0.028168857097625732,0.35518746376037597,0.6003109614054362,0.2234918177127838,0.3933462381362915,0.6197662989298502,0.2864879071712494,0.31667237281799315,0.5471210479736328,0.8527677655220032,0.43523154258728025,0.5476671854654948,0.8867444396018982,0.2903644800186157,0.7857926050821941,0.7891466617584229,0.5707304000854492,0.7572571436564127,0.8379375338554382,0.2781231880187988,1.0,0.49761509895324707,0.6822432041168213,0.9276700337727865,0.5573018193244934,0.3744821071624756,0.5076181411743164,0.7162755131721497,0.4483992576599121,0.5203200658162435,0.7132843136787415,0.4341418266296387,0.6563889185587565,0.549168586730957,0.552716875076294,0.6467374165852865,0.5349377989768982,0.5523276329040527,0.8783342361450195,0.19829238951206207,0.6766369819641114,0.8380803426106771,0.19973300397396088
pushup,0.35950527191162107,0.6762633641560872,0.38314810395240784,0.3648138284683228,0.6548774719238282,0.1253712773323059,0.3452781915664673,0.6612037022908529,0.2858062982559204,0.38314483165740965,0.5806683858235677,0.05423763021826744,0.31164238452911375,0.59473082224528,0.2433287799358368,0.4362638473510742,0.515378761291504,0.8044012188911438,0.25371532440185546,0.5548165003458659,0.8367827534675598,0.6133339881896973,0.6971086502075196,0.7897869944572449,0.29442059993743896,0.7956738789876302,0.844561755657196,0.7172328948974609,0.9500971476236979,0.629390299320221,0.4736452579498291,1.0,0.6384158730506897,0.4687920093536377,0.4909711201985677,0.7372170090675354,0.3570585250854492,0.5363282521565755,0.7122642397880554,0.5898672103881836,0.6648412068684896,0.41106879711151123,0.4911359310150146,0.7062332789103191,0.3996937870979309,0.6979523658752441,0.8557731628417968,0.10528691858053207,0.6784830093383789,0.8706514994303386,0.10426533222198486
pushup,0.30272769927978516,0.6843268076578776,0.8512806296348572,0.3132520914077759,0.6576653162638346,0.6381101608276367,0.29563441276550295,0.6652456283569336,0.718340277671814,0.35059447288513185,0.5854335784912109,0.24209186434745789,0.2882032871246338,0.5982044219970704,0.3130951523780823,0.40537352561950685,0.5529705047607422,0.895793616771698,0.2555720567703247,0.5750226338704427,0.9350349307060242,0.5565584182739258,0.7331918080647787,0.7715075016021729,0.20463309288024903,0.7859139124552409,0.8869026303291321,0.7246462821960449,0.8831590016682943,0.6874594688415527,0.269229793548584,0.9909919738769531,0.7878877520561218,0.47885746955871583,0.5837993621826172,0.7530392408370972,0.3935175180435181,0.625410525004069,0.7958176732063293,0.5853785514831543,0.7110019048055013,0.514785647392273,0.520145845413208,0.7583402633666992,0.589500367641449,0.7137475490570069,0.8436452865600585,0.17689034342765808,0.6950750827789307,0.8885602315266927,0.21958138048648834
pushup,0.2759046792984009,0.6692361195882162,0.9483367204666138,0.286428165435791,0.6456824620564778,0.9238777756690979,0.26264657974243166,0.6489674886067708,0.775534987449646,0.33254265785217285,0.5726942698160807,0.6402647495269775,0.255294132232666,0.5864622116088867,0.13617445528507233,0.41829872131347656,0.5495134989420573,0.9444101452827454,0.2541600465774536,0.5663649876912434,0.888438880443573,0.5039202690124511,0.7515226364135742,0.9224182367324829,0.2333515167236328,0.7840698877970378,0.8597359657287598,0.513304615020752,0.9067073822021484,0.9286431074142456,0.24512956142425538,0.9812044779459635,0.86913001537323,0.46408934593200685,0.6040016810099283,0.846983015537262,0.3521570205688477,0.6119020462036133,0.8151338696479797,0.5223527431488038,0.7826623916625977,0.6078913807868958,0.33837251663208007,0.776956049601237,0.5666655898094177,0.5514702796936035,0.9393079121907552,0.201748326420784,0.3491849660873413,0.9276582717895507,0.20512902736663818
pushup,0.25481357574462893,0.668244997660319,0.8861088156700134,0.26505610942840574,0.648391596476237,0.8623329997062683,0.24518222808837892,0.6480523427327474,0.47515130043029785,0.31660149097442625,0.5777214050292969,0.6773945689201355,0.2453754186630249,0.5841113408406575,0.05351581797003746,0.4103255748748779,0.561399269104004,0.9497490525245667,0.24475035667419434,0.55948486328125,0.8651857972145081,0.47107706069946287,0.7896676381429036,0.9315992593765259,0.22355298995971679,0.781156857808431,0.8138035535812378,0.45124177932739257,1.0,0.8961071968078613,0.23823037147521972,0.9982975006103516,0.769389271736145,0.4555956840515137,0.6281899770100912,0.84869384765625,0.3455357074737549,0.6213935216267904,0.7937588095664978,0.4782440185546875,0.834542973836263,0.5613998174667358,0.32196128368377686,0.8021013895670573,0.48024386167526245,0.47330636978149415,0.9819368998209635,0.15115775167942047,0.3355084419250488,0.9358476003011068,0.14449937641620636
pushup,0.2432638168334961,0.6725529988606771,0.8542267084121704,0.25380649566650393,0.6488032658894857,0.8220331072807312,0.23328037261962892,0.6488133748372396,0.5384169220924377,0.3020754337310791,0.5825792948404948,0.6001272797584534,0.23160233497619628,0.5853275299072266,0.08802039176225662,0.3849021434783936,0.5746381123860677,0.9374632835388184,0.24238624572753906,0.5582729975382487,0.893927276134491,0.43310084342956545,0.8151013692220052,0.8987421989440918,0.2200019359588623,0.7732754389444987,0.8697037100791931,0.41379899978637696,0.981201171875,0.8400325775146484,0.24401283264160156,0.9699685414632161,0.8152864575386047,0.4532336235046387,0.5763690948486329,0.8822691440582275,0.3562063217163086,0.5697097142537435,0.8818970918655396,0.4657560348510742,0.7692296346028645,0.6405825018882751,0.3186024188995361,0.7490418752034506,0.6340453028678894,0.4779705047607422,0.8357975641886394,0.25134915113449097,0.33039953708648684,0.8157784144083658,0.26673781871795654
pushup,0.22397136688232422,0.6760087966918945,0.9186117053031921,0.2362391471862793,0.6521730422973633,0.9021878242492676,0.2117443084716797,0.6478958129882812,0.6214519143104553,0.2907883167266846,0.5891926447550456,0.6922861933708191,0.20733675956726075,0.5845581690470377,0.07325628399848938,0.36908636093139646,0.5811743418375651,0.9556578397750854,0.2363971948623657,0.5468601226806641,0.9303316473960876,0.4157400131225586,0.8374623616536458,0.9277007579803467,0.20467281341552734,0.7773367563883463,0.9166797399520874,0.3899269104003906,1.0,0.8922631144523621,0.2425705909729004,0.9820293426513672,0.8773314356803894,0.44940876960754395,0.5228801409403483,0.955828845500946,0.3551748752593994,0.5008043924967448,0.9570545554161072,0.4221618175506592,0.8167556762695313,0.909589946269989,0.2735189914703369,0.7661862055460612,0.9048371911048889,0.41051831245422366,1.0,0.534422755241394,0.2508261680603027,0.9426043828328451,0.5644112825393677
pushup,0.19985883235931395,0.6837846120198567,0.8256164193153381,0.22092695236206056,0.6554007848103841,0.8614526391029358,0.1881634473800659,0.6512405395507812,0.4377271234989166,0.28004159927368166,0.6053029378255208,0.7417547106742859,0.18071541786193848,0.5934447606404623,0.06122412160038948,0.3522496223449707,0.5950185139973958,0.9697866439819336,0.20598843097686767,0.5646434148152669,0.8869085311889648,0.3928649663925171,0.8487814585367839,0.942642331123352,0.20459132194519042,0.7794093449910482,0.7946401834487915,0.37710909843444823,1.0,0.8527941703796387,0.23693525791168213,0.9537681579589844,0.6925737857818604,0.46638121604919436,0.5036712646484375,0.9493731260299683,0.3625598669052124,0.4984714508056641,0.9272027015686035,0.4849186897277832,0.702963129679362,0.8531249761581421,0.3267650604248047,0.6933142344156901,0.7910192608833313,0.549153995513916,0.6930239359537761,0.5965203642845154,0.38646087646484373,0.6932823181152343,0.5524616837501526
pushup,0.19540445804595946,0.6888778050740559,0.8666458129882812,0.20836982727050782,0.66611328125,0.9116418957710266,0.1852474808692932,0.6616659164428711,0.41188928484916687,0.25769743919372556,0.6103017807006836,0.8596189618110657,0.18171374797821044,0.6027107238769531,0.04497397691011429,0.3489865779876709,0.5903346379597981,0.9814078211784363,0.2192615032196045,0.5562257130940755,0.8985356092453003,0.40949692726135256,0.8412951151529948,0.9656698703765869,0.2180173873901367,0.7556815465291341,0.8047683835029602,0.3625805139541626,0.994479751586914,0.903069794178009,0.23260235786437988,0.9453049977620442,0.6970431208610535,0.4884181976318359,0.5029565493265787,0.9639739990234375,0.39429004192352296,0.4885704040527344,0.940443754196167,0.48243350982666017,0.7138409932454427,0.931353747844696,0.32201418876647947,0.6834160486857096,0.8784170746803284,0.5441611766815185,0.784673563639323,0.7382326126098633,0.37039382457733155,0.7541472117106119,0.6849195957183838
pushup,0.19126296043395996,0.6866319656372071,0.8321743607521057,0.20317378044128417,0.6688617070515951,0.8876768350601196,0.1843276023864746,0.6612500508626302,0.3311041593551636,0.2521223545074463,0.6159686406453451,0.8632744550704956,0.18601393699645996,0.6014064153035482,0.039229411631822586,0.3500227451324463,0.5963190078735352,0.9807478189468384,0.2251753330230713,0.5467747370402019,0.9139482378959656,0.4069774627685547,0.8642941157023112,0.9541950225830078,0.2199040412902832,0.7478660583496094,0.8142445683479309,0.36140289306640627,0.9870033264160156,0.8559568524360657,0.2288996696472168,0.9493328730265299,0.6550686359405518,0.5171802520751954,0.4934385299682617,0.9488219618797302,0.4296913146972656,0.47557169596354165,0.9284508228302002,0.5161137104034423,0.6843699137369792,0.9050151705741882,0.3832960844039917,0.6461433410644531,0.8572715520858765,0.5860855102539062,0.7168048222859701,0.7077086567878723,0.46100754737854005,0.6833646774291993,0.6825772523880005
pushup,0.188152015209198,0.6844151814778646,0.8681788444519043,0.19995253086090087,0.6643505732218424,0.9162492156028748,0.17931116819381715,0.657895278930664,0.3740973472595215,0.2501983165740967,0.6087130864461263,0.8824023008346558,0.1806601405143738,0.5973013559977214,0.03784133493900299,0.35086259841918943,0.5943422317504883,0.9816315770149231,0.22787461280822754,0.5410928090413412,0.9075624346733093,0.40610737800598146,0.8732124964396158,0.9558579325675964,0.2223501682281494,0.7447228749593099,0.8011165857315063,0.36256935596466067,0.9908782958984375,0.8656858801841736,0.2262932300567627,0.9507255554199219,0.6520634293556213,0.5227567195892334,0.5013622283935547,0.9382455945014954,0.43486771583557127,0.4805269877115885,0.9110642075538635,0.5136935710906982,0.6983716328938802,0.8848857283592224,0.3753274202346802,0.6549812316894531,0.8203271627426147,0.5884286403656006,0.749143918355306,0.6339900493621826,0.44409985542297364,0.7073596954345703,0.5980663895606995
pushup,0.18698701858520508,0.6798964182535807,0.8884602189064026,0.20044920444488526,0.6564473470052083,0.9295160174369812,0.17613365650177001,0.6526220957438151,0.4697364568710327,0.25520594120025636,0.6008505503336589,0.870717465877533,0.1754671573638916,0.593157704671224,0.05032392963767052,0.3495414972305298,0.5993045806884766,0.9832186102867126,0.22595632076263428,0.53318297068278,0.8882938027381897,0.4019777297973633,0.876272455851237,0.9446972012519836,0.21271982192993164,0.6964565912882487,0.7054309248924255,0.3871773719787598,1.0,0.8359370827674866,0.21079835891723633,0.8346696217854818,0.6252548098564148,0.5235966205596924,0.4915265401204427,0.8976743817329407,0.4423693656921387,0.470803960164388,0.8405357599258423,0.545579195022583,0.6683147430419922,0.7669751644134521,0.46240668296813964,0.6187361399332683,0.6495899558067322,0.6306474685668946,0.6558592478434245,0.4884394109249115,0.5605335235595703,0.5993210474650065,0.44259142875671387
pushup,0.18635182380676268,0.6790609359741211,0.8736722469329834,0.20145466327667236,0.6590523401896159,0.9319126605987549,0.17934105396270753,0.6518819173177083,0.388322651386261,0.25681023597717284,0.6100332260131835,0.9045760631561279,0.18365607261657715,0.5929186503092448,0.03629329800605774,0.3461366891860962,0.6069161732991536,0.9857686161994934,0.23963594436645508,0.5278242429097494,0.866058886051178,0.4097799301147461,0.8667895634969075,0.9586588144302368,0.23218679428100586,0.6454462051391602,0.6742143034934998,0.3884399175643921,0.9971945444742839,0.8751018047332764,0.1968296766281128,0.7042208989461263,0.6471643447875977,0.5116805076599121,0.49843050638834635,0.9210930466651917,0.44093937873840333,0.46881589889526365,0.8573552966117859,0.5299696445465087,0.6705365498860677,0.8104223608970642,0.45146727561950684,0.6165191014607747,0.6791732907295227,0.6118534088134766,0.6523070017496745,0.5326194763183594,0.5453671455383301,0.5984464009602865,0.46461722254753113
pushup,0.18262760639190673,0.6925730387369792,0.9029690027236938,0.1929903507232666,0.6770236333211263,0.9415226578712463,0.17602941989898682,0.6678419748942057,0.4248814582824707,0.24277205467224122,0.6211688995361329,0.9161536693572998,0.1809656262397766,0.603771718343099,0.034553591161966324,0.33882389068603513,0.6053666432698568,0.9836128950119019,0.23407540321350098,0.524150021870931,0.9141799211502075,0.4072876930236816,0.8655446370442709,0.9494733810424805,0.18758316040039064,0.6385377883911133,0.7793923020362854,0.3864689826965332,1.0,0.8415108919143677,0.11976549625396729,0.7213211059570312,0.7014656662940979,0.5270220279693604,0.48641300201416016,0.9018783569335938,0.4619716167449951,0.4544340451558431,0.8663458228111267,0.5363349914550781,0.6968624114990234,0.774643063545227,0.4656726360321045,0.6306679407755534,0.6845366954803467,0.6011075973510742,0.7255555470784505,0.392937570810318,0.5512008190155029,0.6574135462443034,0.37785759568214417
pushup,0.18310873508453368,0.6958066940307617,0.8334959745407104,0.195725417137146,0.679981803894043,0.8561227917671204,0.17655560970306397,0.6692911148071289,0.37196987867355347,0.24166312217712402,0.6303188959757487,0.8136942386627197,0.17348963022232056,0.6087480545043945,0.04699919372797012,0.3306947946548462,0.614004643758138,0.976180374622345,0.20794553756713868,0.5474238713582357,0.9401693940162659,0.40350117683410647,0.8832317352294922,0.9277679920196533,0.15693749189376832,0.7082916895548502,0.8510428667068481,0.3816359519958496,1.0,0.752044677734375,0.07859261035919189,0.8685503005981445,0.6785845160484314,0.5124807357788086,0.47915960947672526,0.9128242135047913,0.43744683265686035,0.45834760665893554,0.9084609150886536,0.5322187900543213,0.6866186777750651,0.7767317295074463,0.4518547058105469,0.637614885965983,0.7389570474624634,0.6146541595458984,0.6911802927652995,0.42747172713279724,0.5654354572296143,0.6497568130493164,0.4459492564201355
pushup,0.180106258392334,0.7095248540242513,0.8842498064041138,0.1881110906600952,0.6958934783935546,0.8974052667617798,0.1744702935218811,0.6850533167521159,0.49390262365341187,0.22880973815917968,0.6367899576822916,0.8106551766395569,0.17182272672653198,0.6158123016357422,0.06971384584903717,0.3251444101333618,0.6164927164713542,0.9745377898216248,0.19941720962524415,0.5500052769978842,0.9457794427871704,0.3955416679382324,0.8922932306925456,0.9078130125999451,0.12676715850830078,0.7337437947591146,0.8398560881614685,0.3819882869720459,1.0,0.7222437262535095,0.07775192260742188,0.9134997685750326,0.6715782880783081,0.5053991794586181,0.4922406514485677,0.8735325336456299,0.43086795806884765,0.46880407333374025,0.8743714690208435,0.48252182006835936,0.731338373819987,0.7534125447273254,0.4178619384765625,0.6729559580485026,0.7121135592460632,0.538754940032959,0.7818778355916342,0.36732563376426697,0.5148730754852295,0.7147741317749023,0.38462895154953003
pushup,0.16787270307540894,0.7231242497762044,0.7653713822364807,0.168944251537323,0.7143534978230794,0.7847740054130554,0.16505327224731445,0.6992050806681315,0.2726989984512329,0.1957244634628296,0.6540379842122396,0.702126681804657,0.16229732036590577,0.6235732396443685,0.05177916958928108,0.2992198705673218,0.6262441635131836,0.9691731929779053,0.19965327978134156,0.5471677780151367,0.9050431847572327,0.38793795108795165,0.9029052734375,0.9029226303100586,0.15042589902877807,0.7300615946451823,0.7580682635307312,0.37129783630371094,1.0,0.7128236293792725,0.11165235042572022,0.9062581380208333,0.6043369770050049,0.5102807998657226,0.4839834213256836,0.8343490362167358,0.4561142921447754,0.45374507904052735,0.8116922974586487,0.4671806812286377,0.7170248667399088,0.742317259311676,0.44471397399902346,0.6449917475382487,0.6637958288192749,0.5032897472381592,0.7736718495686848,0.3744792938232422,0.5342979431152344,0.684050178527832,0.36834996938705444
pushup,0.146850061416626,0.7292945226033528,0.7557434439659119,0.1519989252090454,0.7092203140258789,0.7584601044654846,0.13927779197692872,0.7045270919799804,0.3002294898033142,0.1901206135749817,0.6421527226765951,0.5898340344429016,0.13682055473327637,0.6333547592163086,0.044011909514665604,0.2721225738525391,0.6243291219075521,0.9241139888763428,0.17932916879653932,0.5850471496582031,0.8268839716911316,0.34946374893188475,0.8745432535807292,0.8685308694839478,0.14522624015808105,0.7897071838378906,0.7313789129257202,0.3867799282073975,1.0,0.7826141119003296,0.13710896968841552,0.9375815073649089,0.6962058544158936,0.42306928634643554,0.554220708211263,0.7604984045028687,0.3701090097427368,0.5389435450236003,0.7301446199417114,0.35393335819244387,0.8219340006510417,0.5970627665519714,0.3347702741622925,0.7761739095052084,0.5097088813781738,0.37398595809936525,0.939291508992513,0.1576836109161377,0.3880840063095093,0.8692373911539714,0.14904269576072693
pushup,0.12806739807128906,0.7260117848714193,0.8734192848205566,0.13278110027313234,0.7083737691243489,0.83856201171875,0.11725916862487792,0.7021596272786458,0.6326077580451965,0.16108672618865966,0.6421267827351888,0.5673298835754395,0.0976109504699707,0.6295427958170573,0.1622191071510315,0.2560447931289673,0.6152492523193359,0.9666123390197754,0.12897851467132568,0.5458792368570964,0.9327211976051331,0.35642714500427247,0.8773457845052083,0.8758714199066162,0.09581501483917236,0.693760363260905,0.8139030337333679,0.35342161655426024,0.9957928975423177,0.6861326694488525,0.07252967357635498,0.8841211318969726,0.6787654757499695,0.45940608978271485,0.4800122578938802,0.8485801219940186,0.38403298854827883,0.46499017079671223,0.848828911781311,0.48292250633239747,0.6556870778401692,0.7015359997749329,0.43330860137939453,0.6097057342529297,0.6629180908203125,0.5891749858856201,0.6537957509358724,0.4323875904083252,0.5680882930755615,0.5933305104573567,0.4465166926383972
pushup,0.08451986312866211,0.6859599431355794,0.8555962443351746,0.09521148204803467,0.6642543792724609,0.8861750364303589,0.07696208953857422,0.66559263865153,0.39237385988235474,0.14990473985671998,0.6095696131388346,0.8515639901161194,0.08346757888793946,0.6118337631225585,0.052923593670129776,0.2488252639770508,0.5945134480794271,0.9834606051445007,0.14142581224441528,0.5607663472493489,0.948466420173645,0.3301889419555664,0.8436137517293294,0.9380164742469788,0.12724676132202148,0.7216533025105795,0.826771080493927,0.3339231491088867,0.9855574289957683,0.7416858077049255,0.08645501136779785,0.9136155446370443,0.5910168886184692,0.4712398052215576,0.4730610211690267,0.9329347610473633,0.40722126960754396,0.4745163599650065,0.9212124943733215,0.48615036010742185,0.6677066802978515,0.7850722074508667,0.4460947036743164,0.6557692209879558,0.7303045392036438,0.6085515022277832,0.6162133534749349,0.46969541907310486,0.6026774406433105,0.6062412897745768,0.474319189786911
pushup,0.08318746089935303,0.6578689575195312,0.8309041261672974,0.09706001281738282,0.6316795349121094,0.8737528324127197,0.0675891399383545,0.6329797744750977,0.3975062668323517,0.14767088890075683,0.5822991689046224,0.8259939551353455,0.05638332366943359,0.5857761383056641,0.06343724578619003,0.23737244606018065,0.578682009379069,0.9900380373001099,0.10273973941802979,0.5400470097859701,0.9206126928329468,0.3187838554382324,0.8371365865071615,0.9659304022789001,0.1040416955947876,0.704429562886556,0.73680180311203,0.3177509784698486,1.0,0.8165733218193054,0.0929497480392456,0.8989442189534506,0.510392427444458,0.415911340713501,0.46112499237060545,0.9642311930656433,0.33152065277099607,0.4593053817749023,0.9309712648391724,0.45523557662963865,0.6426639556884766,0.8933522701263428,0.3829166889190674,0.6246923446655274,0.7966188788414001,0.568181324005127,0.601996103922526,0.6980016827583313,0.5252872467041015,0.5792368570963542,0.6209853291511536
pushup,0.09043035507202149,0.6317621866861979,0.844640851020813,0.09745080471038818,0.6088491439819336,0.8267191648483276,0.07484090328216553,0.6105454126993816,0.5138733983039856,0.1287939190864563,0.5592075983683268,0.6646187901496887,0.052062487602233885,0.5631278991699219,0.1399850845336914,0.21866226196289062,0.5558664957682292,0.9904357194900513,0.07908458709716797,0.5314202626546224,0.9391772150993347,0.31411716938018797,0.8054991404215495,0.9681951999664307,0.08392534255981446,0.7038059870402018,0.7919490933418274,0.31198184490203856,0.9949307759602865,0.8196981549263,0.10472691059112549,0.8968250910441081,0.5878681540489197,0.4134065628051758,0.4688101768493652,0.972777783870697,0.32510292530059814,0.4795549392700195,0.9494997262954712,0.4725605010986328,0.6247732798258464,0.900957465171814,0.3793358564376831,0.6296578725179036,0.8188723921775818,0.581889009475708,0.5749982198079427,0.728863000869751,0.515171480178833,0.5733715057373047,0.6555232405662537
pushup,0.09430155754089356,0.5820035298665365,0.9352452158927917,0.09665346145629883,0.5510198593139648,0.9085598587989807,0.07898437976837158,0.56846129099528,0.7466912269592285,0.13432754278182985,0.48733863830566404,0.7208268642425537,0.07701587677001953,0.5261473973592122,0.19485794007778168,0.21548333168029785,0.5100525538126628,0.9792449474334717,0.1300010561943054,0.5147986729939779,0.9651642441749573,0.28971118927001954,0.7777899424235026,0.9248484969139099,0.11641987562179565,0.7075583140055338,0.8977924585342407,0.33700735569000245,0.9134251912434895,0.7774468660354614,0.10502746105194091,0.9173103332519531,0.7624827027320862,0.39797182083129884,0.5156146685282389,0.916418194770813,0.34394283294677735,0.5429539362589518,0.9206987619400024,0.4320367813110352,0.6364846547444661,0.6548460721969604,0.38009259700775144,0.6817148208618165,0.6498160362243652,0.5744123458862305,0.5616747538248698,0.36765992641448975,0.4946135520935059,0.6121377944946289,0.38934504985809326
pushup,0.10310065746307373,0.5655200322469075,0.9768011569976807,0.10343666076660156,0.5264646530151367,0.967491865158081,0.07907636165618896,0.5538229624430339,0.8864712119102478,0.140974223613739,0.46403706868489586,0.8287573456764221,0.06884233951568604,0.5267350832621257,0.29444292187690735,0.22630395889282226,0.505682627360026,0.9906651973724365,0.13386913537979125,0.5252627054850261,0.9752092957496643,0.2879277229309082,0.7845920562744141,0.9528501629829407,0.1129358172416687,0.7068464279174804,0.8849448561668396,0.30075042247772216,0.9790262858072917,0.8100858330726624,0.09972350597381592,0.90458189646403,0.7517859935760498,0.41614570617675783,0.5165773709615071,0.9211792349815369,0.3569178104400635,0.5502974192301432,0.9095075130462646,0.4504758358001709,0.6172407786051433,0.6941493153572083,0.4032785415649414,0.6727836608886719,0.6414586901664734,0.598569107055664,0.6008096694946289,0.3876672387123108,0.5161394596099853,0.6481805165608724,0.3756464123725891
pushup,0.09778530597686767,0.5522022883097331,0.9794679284095764,0.10526230335235595,0.51441650390625,0.9750100374221802,0.07352452278137207,0.5343208948771159,0.8898184895515442,0.1477319598197937,0.4662543614705404,0.891201913356781,0.05786938667297363,0.5111302057902019,0.31922075152397156,0.2257476806640625,0.514999802907308,0.9961656332015991,0.11307014226913452,0.5230841318766276,0.9841921329498291,0.2882846832275391,0.796487553914388,0.9725499749183655,0.09776215553283692,0.7179882685343425,0.8830169439315796,0.29652206897735595,0.9923234303792318,0.8388946056365967,0.09184765815734863,0.9239091237386068,0.701295793056488,0.40797057151794436,0.49318323135375974,0.96844881772995,0.3395278215408325,0.5215628941853842,0.953682005405426,0.4518169403076172,0.6262940088907878,0.8604936003684998,0.40948925018310545,0.6614891052246094,0.7966101169586182,0.5942174911499023,0.611621348063151,0.605685830116272,0.5522480010986328,0.6353646596272786,0.5661287307739258
pushup,0.09182603359222412,0.5606152852376302,0.9772230982780457,0.09959850311279297,0.5220757802327474,0.9737599492073059,0.06815686225891113,0.5388060887654622,0.8621944785118103,0.14578458070755004,0.47303619384765627,0.8986069560050964,0.05658578872680664,0.5117003440856933,0.26103004813194275,0.2254094123840332,0.5347161610921224,0.9958464503288269,0.12108777761459351,0.5197915395100912,0.9834174513816833,0.2827694177627563,0.8264334360758464,0.965530276298523,0.10459225177764893,0.7036818186442058,0.8756561279296875,0.2973376512527466,0.9988451639811198,0.8128868937492371,0.08920061588287354,0.9184469858805339,0.6903235912322998,0.41427435874938967,0.48676029841105145,0.9569911360740662,0.3554872512817383,0.5037739117940266,0.9415225386619568,0.45688424110412595,0.6158588409423829,0.836496889591217,0.44085159301757815,0.6289869944254557,0.7805759906768799,0.5924399375915528,0.5956317901611328,0.5770739912986755,0.5798074722290039,0.5982407887776693,0.5587362051010132
pushup,0.09307756423950195,0.5797454198201497,0.9804137349128723,0.09831111431121826,0.5399678548177084,0.9822449088096619,0.06709809303283691,0.5579391479492187,0.8274479508399963,0.14759539365768432,0.4878247261047363,0.9253439903259277,0.05840210914611817,0.5311381022135416,0.1601911187171936,0.23237476348876954,0.5437639872233073,0.995137631893158,0.14736766815185548,0.5181962013244629,0.9711222052574158,0.2798851490020752,0.8430740992228191,0.9684657454490662,0.11721755266189575,0.6904136657714843,0.8132475018501282,0.29805471897125246,1.0,0.8315483927726746,0.08657615184783936,0.9041411081949869,0.6430405378341675,0.4647047519683838,0.4781531016031901,0.92280513048172,0.4141848564147949,0.48979581197102867,0.8809389472007751,0.4964390754699707,0.6443636576334636,0.7711774706840515,0.48869752883911133,0.6447638829549154,0.6510774493217468,0.6360604763031006,0.6882630666097005,0.3834516704082489,0.6083345413208008,0.6652476628621419,0.3435240387916565
pushup,0.09846730232238769,0.5821718215942383,0.9786479473114014,0.10300304889678955,0.5415211995442708,0.9818587899208069,0.07101538181304931,0.562097676595052,0.8111275434494019,0.15006725788116454,0.48911736806233724,0.9264390468597412,0.06042897701263428,0.5381017684936523,0.1484566628932953,0.23239951133728026,0.5467952728271485,0.9953930377960205,0.14915462732315063,0.52560396194458,0.9596028327941895,0.2786823511123657,0.8365999221801758,0.9731467962265015,0.12122572660446167,0.6858599980672201,0.7509407997131348,0.29893717765808103,1.0,0.859552800655365,0.09203968048095704,0.8964047114054362,0.600233793258667,0.4475616455078125,0.5048380533854167,0.907399594783783,0.39919590950012207,0.5171558698018391,0.831333339214325,0.462675142288208,0.6500497817993164,0.7173126339912415,0.46677498817443847,0.6558947245279948,0.531578779220581,0.5967567443847657,0.6876630783081055,0.3224281072616577,0.5831353187561035,0.6694039662679037,0.25268176198005676
pushup,0.09876556396484375,0.5804214477539062,0.9779215455055237,0.10611875057220459,0.5410837809244792,0.9808229804039001,0.071484375,0.5588829676310222,0.8264287710189819,0.15397915840148926,0.49427868525187174,0.928089439868927,0.057331633567810056,0.5374608357747396,0.17854754626750946,0.23578991889953613,0.5476384480794271,0.9967741370201111,0.13366396427154542,0.5344008763631185,0.9685124754905701,0.2873647689819336,0.8307294209798177,0.9800628423690796,0.11537442207336426,0.7065078735351562,0.7871997952461243,0.30341520309448244,1.0,0.8685371279716492,0.09218356609344483,0.9050105412801107,0.5985767841339111,0.43934025764465334,0.5010311762491862,0.9574904441833496,0.3764039516448975,0.5167298634847005,0.9127853512763977,0.4875927448272705,0.6744167963663737,0.8153612017631531,0.4560659408569336,0.680355962117513,0.658155620098114,0.617841100692749,0.6800052007039388,0.4334675073623657,0.5701851844787598,0.6635859807332357,0.34664374589920044
pushup,0.10532209873199463,0.5831378936767578,0.9773045778274536,0.10958101749420165,0.54341615041097,0.9782803058624268,0.07840383052825928,0.5655808766682943,0.8358219861984253,0.15438356399536132,0.49106677373250324,0.919482409954071,0.06704168319702149,0.5438379923502604,0.20409224927425385,0.23770217895507811,0.547587776184082,0.9964398741722107,0.1439768433570862,0.537637201944987,0.9739089608192444,0.2866586446762085,0.8374855041503906,0.9759724140167236,0.12222588062286377,0.7062410354614258,0.8179693818092346,0.30428242683410645,1.0,0.8549286127090454,0.09370973110198974,0.9065620422363281,0.6321611404418945,0.42847914695739747,0.5150798797607422,0.9536010026931763,0.37320404052734374,0.5320151646931967,0.9178709387779236,0.457949161529541,0.6503149032592773,0.8074120879173279,0.4428238868713379,0.6663437525431315,0.6796479821205139,0.591432523727417,0.6270104090372721,0.48958292603492737,0.5571194171905518,0.6255301157633464,0.41683560609817505
pushup,0.1025364875793457,0.5878367106119792,0.9839124083518982,0.10654292106628419,0.5468006769816081,0.9834210276603699,0.07164431810379028,0.5693406422932943,0.8481401205062866,0.14923694133758544,0.4948160171508789,0.9429827928543091,0.05474005937576294,0.5508021036783854,0.20740196108818054,0.24184589385986327,0.5548194249471029,0.9979888200759888,0.13459973335266112,0.5417304992675781,0.984539806842804,0.2953264474868774,0.8516751607259114,0.9843340516090393,0.11411244869232177,0.7020857493082683,0.8646719455718994,0.2705534934997559,1.0,0.8777398467063904,0.08783613443374634,0.9036692937215169,0.6525612473487854,0.4519524097442627,0.5418301900227864,0.9696158170700073,0.3870779752731323,0.5559653600056966,0.9445120096206665,0.47908935546875,0.6551355361938477,0.8903278112411499,0.4485044002532959,0.666659418741862,0.7975454926490784,0.6193365097045899,0.6926855087280274,0.6033823490142822,0.5803579330444336,0.6867120107014973,0.5301526784896851
pushup,0.1013554573059082,0.5911641438802083,0.9845798015594482,0.10256937742233277,0.5482841491699219,0.9844266772270203,0.06915779113769531,0.5730879465738933,0.8344666361808777,0.14550716876983644,0.4894698143005371,0.9260516166687012,0.054896986484527587,0.5501346588134766,0.152845561504364,0.23769857883453369,0.5532745361328125,0.9954871535301208,0.15045658349990845,0.5313344319661458,0.9698328375816345,0.28330800533294676,0.8659872690836589,0.9716055393218994,0.11216384172439575,0.695741081237793,0.7961233854293823,0.3007178783416748,1.0,0.8617922067642212,0.07691445350646972,0.9021605173746745,0.6465564966201782,0.4677404880523682,0.5367069244384766,0.8737475275993347,0.4186351776123047,0.5471459706624349,0.8019739985466003,0.4492188453674316,0.6508558909098308,0.6683782339096069,0.45828423500061033,0.6554785410563151,0.4959758520126343,0.5852346420288086,0.7121011098225911,0.2780202329158783,0.5750093460083008,0.6888846079508464,0.22751465439796448
pushup,0.09197160005569457,0.5921605428059896,0.984060525894165,0.09617880582809449,0.5502357482910156,0.9843494296073914,0.0604418158531189,0.5715962092081706,0.8234580159187317,0.14065866470336913,0.4960113525390625,0.9396543502807617,0.043343210220336915,0.5496659596761068,0.15705950558185577,0.23752124309539796,0.5517419179280599,0.9975179433822632,0.12882020473480224,0.5388075510660807,0.9792141914367676,0.28204376697540284,0.856310780843099,0.9836469292640686,0.10561935901641846,0.7129649480183919,0.837161123752594,0.262938117980957,1.0,0.8798523545265198,0.08715665340423584,0.9033290863037109,0.6370489001274109,0.47829504013061525,0.5493669509887695,0.9501630663871765,0.4107123851776123,0.5643500645955404,0.9072822332382202,0.49892339706420896,0.6651142120361329,0.8422217965126038,0.46596274375915525,0.6693958282470703,0.7033752799034119,0.6394465446472168,0.7446238199869791,0.4622604548931122,0.6013777732849122,0.7216353098551432,0.3823000490665436
pushup,0.08097516298294068,0.5891217549641927,0.9781625866889954,0.08670459985733033,0.5490760167439779,0.9818480014801025,0.05156539678573609,0.565513547261556,0.7594924569129944,0.13290876150131226,0.500423812866211,0.9469000101089478,0.03748166561126709,0.5434606552124024,0.12630021572113037,0.2300434112548828,0.5566116333007812,0.9975442290306091,0.124473237991333,0.537825075785319,0.9726828932762146,0.28240749835968015,0.8521717071533204,0.9834182858467102,0.11106286048889161,0.7131549835205078,0.793155312538147,0.2728032350540161,0.9993034998575846,0.8764675855636597,0.08948922157287598,0.8944064458211263,0.5804682374000549,0.4692291259765625,0.5327810923258464,0.9495589733123779,0.4046590328216553,0.5433825174967448,0.8955240845680237,0.5024139404296875,0.6732348759969076,0.8326226472854614,0.47084627151489256,0.6656304041544596,0.6728193759918213,0.6256407260894775,0.7309094746907552,0.4303537607192993,0.5934337139129638,0.6972830454508464,0.3448050320148468
pushup,0.0724031686782837,0.5933400472005208,0.980967104434967,0.07956521511077881,0.5499703089396158,0.9821211695671082,0.04139664173126221,0.5697858174641927,0.8145812153816223,0.12608150243759156,0.49789587656656903,0.9378831386566162,0.023679471015930174,0.5474941889444987,0.15497641265392303,0.2229456424713135,0.5539340337117513,0.9974888563156128,0.1090574860572815,0.5490204493204752,0.9748069643974304,0.28968513011932373,0.844433848063151,0.9831708073616028,0.10957328081130982,0.7210181554158529,0.8145898580551147,0.27817933559417723,1.0,0.8810641169548035,0.08302842378616333,0.9022211074829102,0.6111747622489929,0.44975848197937013,0.5506261189778646,0.9555981159210205,0.37941646575927734,0.5682822545369466,0.9104975461959839,0.48847308158874514,0.6612166086832683,0.840011715888977,0.44232964515686035,0.6734378814697266,0.6966762542724609,0.6213595390319824,0.6963645299275716,0.4821816086769104,0.5711369514465332,0.6923800150553385,0.39355331659317017
pushup,0.056442105770111085,0.6157821655273438,0.9686277508735657,0.0526176929473877,0.5767669677734375,0.9649845957756042,0.031175661087036132,0.6020321528116862,0.7259605526924133,0.08936467170715331,0.5125446319580078,0.9075700044631958,0.02460634708404541,0.5746062596638998,0.15325811505317688,0.2064183235168457,0.5610646565755208,0.9975022673606873,0.11011600494384766,0.5631470998128255,0.978274941444397,0.29950904846191406,0.8508687337239583,0.9834787845611572,0.10984386205673217,0.7249055862426758,0.8515317440032959,0.2832831144332886,1.0,0.8670496344566345,0.0796150803565979,0.9004151662190755,0.6333104372024536,0.446085262298584,0.5754675547281901,0.9706524014472961,0.3892172336578369,0.5965154647827149,0.9451639652252197,0.4829071044921875,0.6769527435302735,0.8857473731040955,0.45558342933654783,0.6989042282104492,0.7909214496612549,0.6295054435729981,0.695828374226888,0.582038164138794,0.5883620262145997,0.6977670669555665,0.5081521272659302
pushup,0.03918676376342774,0.6727153778076171,0.8018091917037964,0.03999242782592773,0.6509228388468424,0.7563408613204956,0.029193902015686037,0.6528952916463217,0.41482746601104736,0.07006299495697021,0.6030344645182292,0.6422800421714783,0.02204287052154541,0.6077342987060547,0.11017537862062454,0.18101485967636108,0.6223984400431315,0.9833143949508667,0.08180763721466064,0.5771383921305339,0.9464228749275208,0.3130622148513794,0.8722730000813802,0.9281853437423706,0.10335364341735839,0.7071516672770183,0.8432161211967468,0.3196960687637329,1.0,0.7363795638084412,0.07785639762878419,0.8757282257080078,0.6912416815757751,0.42076797485351564,0.5174382209777832,0.9518137574195862,0.36552088260650634,0.5164140065511068,0.9448845982551575,0.48134984970092776,0.6672257741292318,0.8062214851379395,0.44962258338928224,0.6454345703125,0.7818071246147156,0.6039846420288086,0.5762769063313802,0.5641574859619141,0.5863266944885254,0.5452280680338542,0.5879987478256226
pushup,0.044683098793029785,0.74066162109375,0.49831295013427734,0.03638226985931396,0.720105234781901,0.47393277287483215,0.03536999225616455,0.7282707850138347,0.13800033926963806,0.052596116065979005,0.6612399419148763,0.5113136172294617,0.029390120506286622,0.683780288696289,0.05283678323030472,0.15830293893814087,0.644142214457194,0.9769673347473145,0.09518885612487793,0.6512397766113281,0.8461741209030151,0.3205967664718628,0.8580802917480469,0.9537653923034668,0.14599181413650514,0.7956597010294596,0.6998299360275269,0.31295502185821533,0.9754894892374675,0.8012300133705139,0.05861937999725342,0.9024285634358724,0.5399598479270935,0.38529016971588137,0.5403594334920248,0.9471500515937805,0.3527529716491699,0.5616908391316732,0.9021393656730652,0.489858341217041,0.6545621871948242,0.7739519476890564,0.46396698951721194,0.669262186686198,0.6483892798423767,0.5998979568481445,0.5561038970947265,0.4960254728794098,0.5808382034301758,0.5680702209472657,0.4327394664287567
pushup,0.22305188179016114,0.7293644587198893,0.06465885043144226,0.2220686674118042,0.7121131261189778,0.02075289376080036,0.2206033706665039,0.7181102752685546,0.04230140522122383,0.21314494609832763,0.6701016743977865,0.03841220960021019,0.1984741806983948,0.6900557200113933,0.05594966933131218,0.2164370059967041,0.6136188507080078,0.3303191661834717,0.21872687339782715,0.6869237899780274,0.28422003984451294,0.31242711544036866,0.6751791636149088,0.5031130909919739,0.3443975210189819,0.8168473561604818,0.49847176671028137,0.4130105972290039,0.7386757532755533,0.6790321469306946,0.48417978286743163,0.7356224060058594,0.6339670419692993,0.27458322048187256,0.6006608963012695,0.7531660199165344,0.2711676597595215,0.6437942504882812,0.7021815180778503,0.3535804748535156,0.7874512990315755,0.7515882253646851,0.3518331289291382,0.8388301213582356,0.7223429083824158,0.39843270778656004,0.9064165115356445,0.42446738481521606,0.3857601165771484,0.9467047373453776,0.394447922706604
pushup,0.05292985439300537,0.8278528213500976,0.4337390959262848,0.05699522495269775,0.8021996180216472,0.34654727578163147,0.04744067192077637,0.8207530975341797,0.31157079339027405,0.08483140468597412,0.7771425247192383,0.1904643177986145,0.0469341516494751,0.8197864532470703,0.09190241247415543,0.1242840051651001,0.7829385757446289,0.401111900806427,0.11338679790496826,0.8507372538248698,0.39536017179489136,0.2386077880859375,0.7677867889404297,0.3139580190181732,0.18641058206558228,0.849113655090332,0.34293830394744873,0.28834242820739747,0.8018261591593424,0.42949211597442627,0.22403788566589355,0.8006641387939453,0.4910772442817688,0.26282999515533445,0.7734741846720378,0.5662055015563965,0.2517084121704102,0.8278091430664063,0.5666309595108032,0.4010026454925537,0.7329137166341145,0.5367834568023682,0.4105721950531006,0.8312885920206706,0.5905480980873108,0.4974702835083008,0.673932139078776,0.5753814578056335,0.47626428604125975,0.7789943059285481,0.6102406978607178
pushup,0.039710474014282224,0.8936524709065755,0.41243138909339905,0.03041365146636963,0.8628053029378255,0.5530940294265747,0.02303452491760254,0.8915882746378581,0.18354609608650208,0.06063292026519775,0.8181678771972656,0.46561720967292786,0.030647134780883788,0.8903461456298828,0.04737396165728569,0.13794753551483155,0.8149950663248698,0.7389233112335205,0.1355427861213684,0.8983424504597982,0.31507331132888794,0.28362648487091063,0.7982894897460937,0.6116032004356384,0.21579809188842775,0.9183446248372396,0.17081601917743683,0.34753825664520266,0.7818882624308269,0.5827465653419495,0.2233497381210327,0.9294493357340495,0.25818687677383423,0.3104256629943848,0.7737378438313802,0.7672640681266785,0.312289834022522,0.8269828796386719,0.6115422248840332,0.41472678184509276,0.7702462514241536,0.7509537935256958,0.4380833148956299,0.8410285949707031,0.6343411803245544,0.4910086154937744,0.6646175384521484,0.7724580764770508,0.4780287265777588,0.7201627095540365,0.7145562767982483
pushup,0.09874746799468995,0.8326163609822591,0.03236176818609238,0.0813175916671753,0.8161460240681966,0.015097573399543762,0.09898924827575684,0.830303955078125,0.026498977094888687,0.04337742328643799,0.805465825398763,0.0890074223279953,0.08964259624481201,0.8445604324340821,0.12778274714946747,0.05782663822174072,0.8485103607177734,0.3738599717617035,0.15839715003967286,0.8884254455566406,0.24391107261180878,0.1792661190032959,0.8155140558878581,0.2959051728248596,0.2896068572998047,0.8397729873657227,0.18813647329807281,0.2777641773223877,0.8128856658935547,0.3470633924007416,0.3234839916229248,0.8111298243204753,0.27172356843948364,0.20383572578430176,0.7854461669921875,0.6705329418182373,0.272156810760498,0.820895767211914,0.58794105052948,0.34240221977233887,0.7660018920898437,0.7205576300621033,0.4080150604248047,0.7968240102132161,0.6780367493629456,0.49814281463623045,0.7013580322265625,0.7551570534706116,0.4730213642120361,0.7097071329752604,0.7317957878112793
pushup,0.030524015426635742,0.9117701848347982,0.22646038234233856,0.021029448509216307,0.8842149098714193,0.3144461214542389,0.018284988403320313,0.9081144332885742,0.11380758881568909,0.04743866920471192,0.8362026850382487,0.2508482038974762,0.026222968101501466,0.8949078877766927,0.036098841577768326,0.11311464309692383,0.8358585993448894,0.4713669419288635,0.11556954383850097,0.8689961115519206,0.17790590226650238,0.22172560691833496,0.7979037602742513,0.3657553493976593,0.1645354986190796,0.8059051513671875,0.12699981033802032,0.266511058807373,0.7567700703938802,0.3370235562324524,0.16773478984832763,0.8220418294270834,0.1980469822883606,0.27043495178222654,0.7807945251464844,0.6684678792953491,0.2763237953186035,0.81459166208903,0.5574588179588318,0.3855120182037354,0.78170166015625,0.6744912266731262,0.42186784744262695,0.8268201192220052,0.6126818060874939,0.4905858039855957,0.6462384541829427,0.7858564257621765,0.4756482601165771,0.6826396942138672,0.7646817564964294
pushup,0.023950648307800294,0.9466691335042318,0.56723552942276,0.010332512855529784,0.9176221211751302,0.8284941911697388,0.007591414451599121,0.9473414103190104,0.1981499195098877,0.04062740802764893,0.8624158223470052,0.8532000184059143,0.02397172451019287,0.9384342193603515,0.04496283829212189,0.1428646922111511,0.8534424463907878,0.939202070236206,0.13483401536941528,0.9021514892578125,0.3776060938835144,0.2536556959152222,0.8611022313435872,0.8696383237838745,0.18096092939376832,0.8640281041463216,0.12793287634849548,0.2359025478363037,0.8472080230712891,0.7611305117607117,0.12953590154647826,0.8474219004313152,0.20321665704250336,0.3132425308227539,0.7767216364542643,0.8915391564369202,0.31241157054901125,0.8061932881673177,0.6926502585411072,0.40195474624633787,0.7999913533528645,0.8478591442108154,0.4271193504333496,0.8271189371744792,0.6408060193061829,0.4833833694458008,0.6781829198201498,0.8169510960578918,0.4566314697265625,0.6782604217529297,0.7021064162254333
pushup,0.01613011360168457,0.9354138692220052,0.5387623310089111,0.003684067726135254,0.9026138305664062,0.8140701055526733,0.0,0.934550921122233,0.18109887838363647,0.03807797431945801,0.8481179555257161,0.8242014646530151,0.014795279502868653,0.9290927886962891,0.03488515689969063,0.1400485157966614,0.8525188446044922,0.9233951568603516,0.12975163459777833,0.9062123616536458,0.2896592915058136,0.26034281253814695,0.8456843694051107,0.8399157524108887,0.18295880556106567,0.8643357594807942,0.09160196036100388,0.26398043632507323,0.8057918548583984,0.7464998364448547,0.1604546546936035,0.8349581400553385,0.1677914708852768,0.3079673290252686,0.7893337885538737,0.887297511100769,0.3056164264678955,0.8215108871459961,0.6639853715896606,0.3920016288757324,0.8081549326578776,0.86140376329422,0.4199069023132324,0.838647206624349,0.6470345854759216,0.48197331428527834,0.6750566482543945,0.8540592193603516,0.45356097221374514,0.6726066589355468,0.7437300086021423
pushup,0.04620468616485596,0.9030606587727864,0.183390811085701,0.031572484970092775,0.8827112833658854,0.23714417219161987,0.03735525608062744,0.9062102635701498,0.09415539354085922,0.046335792541503905,0.8395970662434896,0.23259250819683075,0.04650948047637939,0.8985425313313802,0.04425613582134247,0.11684033870697022,0.8218926111857097,0.5181986689567566,0.11731199026107789,0.8593278884887695,0.2333994060754776,0.2059241771697998,0.7833032608032227,0.43196192383766174,0.13113549947738648,0.8058432261149089,0.16855810582637787,0.21735033988952637,0.7458084106445313,0.33389100432395935,0.11044273376464844,0.848279062906901,0.21318264305591583,0.2716545820236206,0.7848728815714519,0.7246081829071045,0.2747134447097778,0.8188482284545898,0.6341003775596619,0.39330368041992186,0.7748780568440755,0.7081374526023865,0.42080087661743165,0.8132754643758138,0.6529464721679688,0.4941075325012207,0.6762093861897787,0.7950090765953064,0.4691988468170166,0.6999457041422527,0.7781517505645752
pushup,0.1673369288444519,0.8340251286824544,0.015120094642043114,0.14979865550994872,0.8167018890380859,0.005568940192461014,0.17148268222808838,0.8327538808186848,0.013882429338991642,0.11139554977416992,0.8018450419108073,0.050402041524648666,0.1686469793319702,0.8455675760904948,0.13482248783111572,0.09788484573364258,0.8216760635375977,0.26483526825904846,0.21669788360595704,0.8903769175211589,0.2758381962776184,0.16414852142333985,0.7779118220011393,0.24910768866539001,0.28599984645843507,0.869598388671875,0.22138848900794983,0.18192782402038574,0.8204883575439453,0.2343807816505432,0.2235961675643921,0.8970860163370769,0.2434598058462143,0.19956085681915284,0.7595209121704102,0.6047754883766174,0.2798267126083374,0.808203379313151,0.5769948363304138,0.37677931785583496,0.7404364267985026,0.5905131101608276,0.44450745582580564,0.806211789449056,0.6021183729171753,0.5181541442871094,0.6610218048095703,0.626247763633728,0.49343419075012207,0.7267735163370769,0.6290658116340637
pushup,0.04189677238464355,0.8604794820149739,0.42125558853149414,0.03477628231048584,0.8380220413208008,0.5821096897125244,0.03356401920318604,0.8584182739257813,0.162151038646698,0.06153905391693115,0.8073715209960938,0.5064516067504883,0.04301261901855469,0.8595228830973307,0.03411667048931122,0.12791407108306885,0.8020679473876953,0.7344942092895508,0.12022604942321777,0.8845431645711263,0.2955249547958374,0.2241985321044922,0.7933162689208985,0.6412758827209473,0.15722123384475709,0.9168347676595052,0.14737947285175323,0.2274488925933838,0.805712890625,0.5746686458587646,0.15882768630981445,0.9171943028767904,0.2407446801662445,0.3173257112503052,0.7716569264729818,0.6987756490707397,0.31387035846710204,0.8309398015340169,0.5113570690155029,0.45008225440979005,0.7283905029296875,0.7011736035346985,0.4594857692718506,0.8221597035725912,0.5652111768722534,0.5039018630981446,0.6583413441975912,0.7215598225593567,0.4969527244567871,0.7596605936686198,0.6522207856178284
pushup,0.26896984577178956,0.7747042338053386,0.02370581030845642,0.2730529308319092,0.7541982014973958,0.004618047270923853,0.2696113586425781,0.7598733901977539,0.03222436457872391,0.2534866571426392,0.7323883056640625,0.009621085599064827,0.24459328651428222,0.7476617177327474,0.08144348859786987,0.20109958648681642,0.7330316543579102,0.11284198611974716,0.2449489116668701,0.7795192082722981,0.10784558206796646,0.30691378116607665,0.687528419494629,0.1895403265953064,0.3496427536010742,0.7542443593343099,0.23665736615657806,0.447275972366333,0.6729984919230143,0.32246097922325134,0.4822798728942871,0.695345942179362,0.3231390416622162,0.21007204055786133,0.771517562866211,0.5538318157196045,0.23444101810455323,0.8222956975301107,0.4968184232711792,0.3827902555465698,0.752076784769694,0.5777836441993713,0.393544340133667,0.8700944264729817,0.5837140083312988,0.4812413215637207,0.6573553721110026,0.6764828562736511,0.44816951751708983,0.8203440348307292,0.6378939151763916
pushup,0.33741021156311035,0.7717582702636718,0.060399338603019714,0.31889758110046384,0.7712554295857748,0.010387451387941837,0.3395312547683716,0.774333381652832,0.11868378520011902,0.2539306640625,0.7698353449503581,0.037934012711048126,0.31499676704406737,0.7878389994303385,0.5367479920387268,0.2160170316696167,0.7606452941894531,0.34537220001220703,0.32886006832122805,0.7959814707438151,0.539622962474823,0.3088892698287964,0.706120491027832,0.238999143242836,0.42556371688842776,0.7489678064982096,0.5561103224754333,0.4351926803588867,0.6852871576944987,0.3216356933116913,0.5199510097503662,0.6998100280761719,0.5513848662376404,0.2905482292175293,0.7239728927612304,0.5601438283920288,0.3666934251785278,0.7610360463460286,0.6186322569847107,0.45570859909057615,0.6641522725423177,0.5956423878669739,0.5096022605895996,0.7075237274169922,0.680316150188446,0.5438725471496582,0.6644283294677734,0.6133003830909729,0.5460615158081055,0.7103062947591146,0.6482896208763123
pushup,0.07389678955078124,0.6346652984619141,0.43280524015426636,0.0750931978225708,0.6124216079711914,0.3573668897151947,0.06688027381896973,0.6211894989013672,0.14970415830612183,0.1113656759262085,0.6002549489339193,0.3536683917045593,0.07623369693756103,0.6196525573730469,0.07418626546859741,0.20381054878234864,0.6496167500813802,0.8877943158149719,0.14946527481079103,0.6660167694091796,0.8106232285499573,0.3314612627029419,0.8581663767496744,0.7311475276947021,0.2178579330444336,0.8426380793253581,0.6669300198554993,0.31615581512451174,0.9919026692708334,0.4850628972053528,0.17472118139266968,0.9745439529418946,0.5208527445793152,0.4037476539611816,0.6402746200561523,0.8017101883888245,0.3679366111755371,0.6673778533935547,0.8025715351104736,0.5304007053375244,0.6577974955240885,0.6151851415634155,0.5001583576202393,0.6942184448242188,0.6623268723487854,0.6079708099365234,0.6332562764485677,0.47396907210350037,0.5867326736450196,0.6724266052246094,0.5438994765281677
pushup,0.05633245706558228,0.6198898951212565,0.9570586681365967,0.052504348754882815,0.5923433303833008,0.9566329121589661,0.04158334732055664,0.602647336324056,0.6124380826950073,0.08663314580917358,0.539723269144694,0.9305691123008728,0.04866757392883301,0.5687615712483723,0.1176145151257515,0.21978092193603516,0.5922169367472331,0.9970821738243103,0.1193005919456482,0.5638757069905599,0.9770585894584656,0.3281620979309082,0.8657243092854817,0.978880763053894,0.10599249601364136,0.7157118479410808,0.8674265146255493,0.295409107208252,1.0,0.8628625273704529,0.08280630111694336,0.907123311360677,0.6863663196563721,0.4673673152923584,0.6288756052652995,0.9613386988639832,0.40927681922912595,0.6318115234375,0.9377186894416809,0.5232177734375,0.7377075831095378,0.8356189131736755,0.47946987152099607,0.7202226638793945,0.7580003142356873,0.6208739280700684,0.7696566263834635,0.45630648732185364,0.5870627403259278,0.7365818659464518,0.4382631778717041
pushup,0.056225824356079104,0.5880936940511068,0.9623245596885681,0.06153759956359863,0.5491653442382812,0.9603061079978943,0.03581292629241943,0.5648298899332682,0.7516117691993713,0.10792729854583741,0.49958028793334963,0.8608482480049133,0.027263784408569337,0.5368568420410156,0.1422654390335083,0.22213482856750488,0.57975279490153,0.9933245778083801,0.09478938579559326,0.5694418589274088,0.9614664316177368,0.31171278953552245,0.8619168599446615,0.958712637424469,0.06936588287353515,0.7337882995605469,0.7882939577102661,0.31129481792449953,1.0,0.8276180028915405,0.048170733451843264,0.8688891092936198,0.6917885541915894,0.46285219192504884,0.6080713907877604,0.9273706078529358,0.3882116794586182,0.6284708658854167,0.8880417943000793,0.5372633457183837,0.660734494527181,0.6869994401931763,0.5031255722045899,0.6756242116292318,0.5773212313652039,0.6537474632263184,0.6030722935994466,0.3898634612560272,0.6290103435516358,0.5945679982503255,0.3593333065509796
pushup,0.0688440203666687,0.5692641576131184,0.9854906797409058,0.07822755575180054,0.5203046798706055,0.9863055944442749,0.033489537239074704,0.5456450780232748,0.8567418456077576,0.13182218074798585,0.4746718724568685,0.953033983707428,0.014481043815612793,0.5371477762858073,0.19666488468647003,0.22975497245788573,0.5523279825846354,0.9984756112098694,0.09491175413131714,0.558071517944336,0.9824761152267456,0.28323969841003416,0.8440834681193033,0.9875027537345886,0.08836673498153687,0.7327885309855143,0.8349916338920593,0.25025315284729005,0.9925917307535808,0.9001963138580322,0.07991522550582886,0.9035500208536784,0.6300556063652039,0.43404455184936525,0.5732240041097005,0.9747529625892639,0.34943332672119143,0.5961776733398437,0.9435506463050842,0.49503474235534667,0.689052963256836,0.8860109448432922,0.4372373580932617,0.705659548441569,0.7660257816314697,0.6320476531982422,0.7332248051961263,0.5303618907928467,0.5708777427673339,0.7283603032430013,0.4335764944553375
pushup,0.06849409341812134,0.5740303675333659,0.9849724173545837,0.07862938642501831,0.5257698059082031,0.986338198184967,0.03424701690673828,0.5499557495117188,0.8578377962112427,0.1332969546318054,0.4807937939961751,0.9572696089744568,0.01706516742706299,0.5403331756591797,0.2026391178369522,0.2300664186477661,0.5564961115519206,0.9984521865844727,0.09738966226577758,0.5590941111246744,0.9840450286865234,0.2892760753631592,0.8420295715332031,0.9858518242835999,0.09204810857772827,0.725408426920573,0.8415830135345459,0.264749813079834,1.0,0.8798897862434387,0.08125834465026856,0.901512336730957,0.61166912317276,0.4320241451263428,0.5554639816284179,0.9730464220046997,0.3510564088821411,0.5770541508992513,0.9433075785636902,0.49443655014038085,0.6724339803059896,0.8718239665031433,0.4443668842315674,0.6868650436401367,0.7553948760032654,0.6302404880523682,0.6970773696899414,0.5187907814979553,0.5832676410675048,0.6922074635823567,0.4341805577278137
pushup,0.0689244270324707,0.5838908513387044,0.9861684441566467,0.07802658081054688,0.5350249608357748,0.9865569472312927,0.03361988067626953,0.559661865234375,0.8617550730705261,0.13289806842803956,0.4859360059102376,0.9537842869758606,0.016214799880981446,0.5477112452189128,0.19521260261535645,0.23288984298706056,0.557913335164388,0.9981732368469238,0.10370885133743286,0.5603758494059244,0.9845780730247498,0.2860654592514038,0.8504281997680664,0.9839814305305481,0.09667507410049439,0.7306431452433269,0.8582980036735535,0.24486398696899414,1.0,0.8783842325210571,0.07708773612976075,0.9080126444498698,0.6550801396369934,0.44749765396118163,0.5655141830444336,0.967373788356781,0.3677182912826538,0.5862247467041015,0.9388960599899292,0.5077181339263916,0.6795696258544922,0.8703409433364868,0.4632389545440674,0.6920084635416667,0.7718662023544312,0.6360252857208252,0.7359862009684245,0.5035313963890076,0.5959619522094727,0.7289331436157227,0.44048020243644714
pushup,0.07852294445037841,0.5637940724690755,0.9693151116371155,0.08927354812622071,0.5212110837300619,0.9675685167312622,0.045142960548400876,0.5372896830240885,0.8266608715057373,0.13741774559020997,0.4876250267028809,0.8736518025398254,0.014723515510559082,0.5285003980000814,0.26452457904815674,0.23838191032409667,0.5732025782267253,0.9973691701889038,0.0750734567642212,0.5666144053141277,0.9709632396697998,0.30311739444732666,0.8497804005940756,0.9779049158096313,0.05948939323425293,0.742084248860677,0.7555534839630127,0.27627930641174314,0.9792298634847005,0.8689576983451843,0.037251853942871095,0.9030515034993489,0.6157873868942261,0.4379136562347412,0.5567863464355469,0.9689040780067444,0.3390817403793335,0.5765295028686523,0.9308680891990662,0.5298971176147461,0.6721057891845703,0.841654896736145,0.47612600326538085,0.6745884577433269,0.7044413089752197,0.627764081954956,0.6184584299723307,0.525171160697937,0.5948087215423584,0.5943044662475586,0.4354069232940674
pushup,0.0711432695388794,0.5751568476359049,0.975167453289032,0.08108913898468018,0.5304266611735026,0.9778434634208679,0.03876941204071045,0.5511187871297201,0.8316223621368408,0.13551490306854247,0.4875891367594401,0.9290198683738708,0.019262003898620605,0.5392016092936198,0.20594589412212372,0.23496718406677247,0.5659553527832031,0.9977658987045288,0.09065070152282714,0.5556447982788086,0.9724951386451721,0.3012773275375366,0.8447500228881836,0.9804943799972534,0.08253746032714844,0.71333433787028,0.7784389853477478,0.2973090648651123,0.9955197652180989,0.8639099597930908,0.0742426872253418,0.8912010192871094,0.5759311318397522,0.4207911968231201,0.5346445719401042,0.9712177515029907,0.3342682600021362,0.5498943964640299,0.935459554195404,0.4990391254425049,0.6844455083211263,0.8320887088775635,0.45421085357666013,0.6820531845092773,0.6850560903549194,0.6173199653625489,0.6459459940592448,0.47460681200027466,0.5765985488891602,0.6172583897908529,0.3843987286090851
pushup,0.07057191133499145,0.5806926091512045,0.9851458072662354,0.07990283966064453,0.5329413731892904,0.9865549802780151,0.03607146739959717,0.5581503550211588,0.8575617074966431,0.13371866941452026,0.4899786949157715,0.9580404758453369,0.019354414939880372,0.5524409612019857,0.19834475219249725,0.23063948154449462,0.5623778661092123,0.9983503818511963,0.10406759977340699,0.5688375473022461,0.9833886623382568,0.28695154190063477,0.8442987442016602,0.9862333536148071,0.09864983558654786,0.7354988733927409,0.847237765789032,0.2561349391937256,0.9960487365722657,0.8927242159843445,0.07886823415756225,0.910238774617513,0.6363049745559692,0.4309834957122803,0.568158213297526,0.9744370579719543,0.35102195739746095,0.5893729527791342,0.9468175172805786,0.4883906841278076,0.6902228037516276,0.8909138441085815,0.4327794075012207,0.7035930633544922,0.7871235609054565,0.6239061832427979,0.7344490051269531,0.5538319945335388,0.5609547615051269,0.726635233561198,0.4700484573841095
pushup,0.08193037509918213,0.5674315134684245,0.9505526423454285,0.08970530033111572,0.5246720314025879,0.9470690488815308,0.0496826171875,0.5421500523885091,0.7344868183135986,0.1351649284362793,0.48662004470825193,0.8359690308570862,0.021996688842773438,0.5311200777689616,0.2083856612443924,0.24004669189453126,0.5750370025634766,0.9965174198150635,0.08180410861968994,0.5674354553222656,0.9615398049354553,0.3043170928955078,0.8516765594482422,0.9745989441871643,0.06444816589355469,0.7408247629801432,0.7247525453567505,0.27535429000854494,0.9660349527994792,0.8681457042694092,0.043854713439941406,0.8959904352823893,0.6044849157333374,0.43230423927307127,0.5697868347167969,0.9649820327758789,0.3383626937866211,0.5868672053019206,0.9223784804344177,0.5088510513305664,0.6764774322509766,0.8409446477890015,0.467455530166626,0.6721181233723958,0.6997331976890564,0.6075743675231934,0.6183589935302735,0.5479095578193665,0.5858673572540283,0.581601333618164,0.45539581775665283
pushup,0.07319254875183105,0.5715783437093099,0.933050811290741,0.0821458101272583,0.5304261525472005,0.9313391447067261,0.04207308292388916,0.5473122278849284,0.6577382683753967,0.12788639068603516,0.4927133242289225,0.8029043078422546,0.012470483779907227,0.5351331075032552,0.15014402568340302,0.23193418979644775,0.5673012415568034,0.9961353540420532,0.0687023401260376,0.5678063710530599,0.9424149394035339,0.3047203779220581,0.8493953704833984,0.9805050492286682,0.0591397762298584,0.7565082550048828,0.6864748001098633,0.27832856178283694,0.9670079549153646,0.8969783782958984,0.046591877937316895,0.9009773254394531,0.588367760181427,0.4300260543823242,0.5615011850992838,0.9708923697471619,0.3289001941680908,0.5848560969034831,0.9226331114768982,0.5193526744842529,0.6736372629801433,0.8587238788604736,0.45763435363769533,0.6882149378458658,0.6918306350708008,0.619664478302002,0.6182073593139649,0.5531393885612488,0.5729796886444092,0.6084643046061198,0.4267944395542145
pushup,0.051589369773864746,0.5929896672566731,0.890238881111145,0.0577815055847168,0.555783208211263,0.8909017443656921,0.02767324447631836,0.5702248891194661,0.5158146023750305,0.10485131740570068,0.5096421877543131,0.7721441984176636,0.01072709560394287,0.5459597269694011,0.11321958154439926,0.22259716987609862,0.5753438313802083,0.993995726108551,0.06628682613372802,0.5587590535481771,0.9336869716644287,0.29763386249542234,0.8588109334309896,0.9707979559898376,0.054000329971313474,0.7389425913492839,0.67997145652771,0.26676154136657715,0.9710114796956381,0.8516656160354614,0.035283255577087405,0.8948614120483398,0.5495084524154663,0.42559065818786623,0.5673343022664388,0.9588907361030579,0.32958011627197265,0.578842035929362,0.9064813852310181,0.5101571559906006,0.6737211227416993,0.8195746541023254,0.4625485897064209,0.6580481847127279,0.6576040983200073,0.6184211730957031,0.6370209376017253,0.5060969591140747,0.5867707252502441,0.5823301951090495,0.4119567573070526
pushup,0.03505871295928955,0.6246917724609375,0.9521200656890869,0.03738150596618652,0.5858626047770182,0.9652800559997559,0.01683809757232666,0.6074494043986003,0.5453322529792786,0.09304184913635254,0.5203778584798177,0.9542402625083923,0.029443073272705077,0.5724015553792318,0.07479263842105865,0.21508221626281737,0.5672088623046875,0.997948944568634,0.10947924852371216,0.5593051274617513,0.9745769500732422,0.29740328788757325,0.8550287882486979,0.9866315722465515,0.11175071001052857,0.7270556131998698,0.8231406211853027,0.2611659288406372,1.0,0.8765251040458679,0.07899357080459594,0.9167217254638672,0.5494406819343567,0.42360663414001465,0.5817075729370117,0.9775305390357971,0.3599335432052612,0.5938270568847657,0.9509970545768738,0.48149805068969725,0.6758408864339193,0.9010655879974365,0.43572845458984377,0.6757584889729817,0.8037488460540771,0.6350081443786622,0.6796092351277669,0.6397128105163574,0.5872875213623047,0.6616575876871745,0.5644038915634155
pushup,0.02999756336212158,0.6190376281738281,0.8746214509010315,0.031335091590881346,0.5896663665771484,0.8688899874687195,0.018834018707275392,0.6018278121948242,0.4789159893989563,0.07124717235565185,0.5370690663655598,0.7714554071426392,0.01835310459136963,0.5657782236735026,0.10883837193250656,0.19607152938842773,0.5838274637858073,0.9927085041999817,0.07010478973388672,0.57406005859375,0.9470770359039307,0.3072154760360718,0.8480883280436198,0.9667593836784363,0.060695219039916995,0.7445460001627604,0.7590427994728088,0.28697547912597654,0.9943317413330078,0.8238500952720642,0.03725378513336182,0.9029420216878256,0.5907776355743408,0.41770205497741697,0.5888224283854167,0.9657500386238098,0.3412153959274292,0.6056730270385742,0.9342750310897827,0.5076709747314453,0.6667730967203777,0.8405894637107849,0.46688137054443357,0.6739595413208008,0.7336716651916504,0.6272995948791504,0.616649055480957,0.581886351108551,0.5947535037994385,0.5960991541544597,0.5185230374336243
pushup,0.05392985343933106,0.6614337921142578,0.5558721423149109,0.05557527542114258,0.6422213236490886,0.5101150274276733,0.04794402122497558,0.6409268061319987,0.17720437049865723,0.08430294990539551,0.6026004791259766,0.5025968551635742,0.04305076599121094,0.5989699045817057,0.06398540735244751,0.19278050661087037,0.6246571858723958,0.9727311730384827,0.09139018058776856,0.5800095240275065,0.8991461396217346,0.3206371307373047,0.8878943125406901,0.9150843024253845,0.11339261531829833,0.740217653910319,0.7488422989845276,0.30464911460876465,1.0,0.6899222135543823,0.07446680068969727,0.8956867853800455,0.5731241106987,0.42184910774230955,0.5433158874511719,0.944402813911438,0.3642688035964966,0.543882687886556,0.9247954487800598,0.5133877277374268,0.6652759552001953,0.7936776876449585,0.4816282272338867,0.6392652511596679,0.7432198524475098,0.6420339584350586,0.5872634887695313,0.5620689988136292,0.6335355758666992,0.5469523111979167,0.5651370882987976
pushup,0.03258237838745117,0.7036778767903645,0.7798975706100464,0.03437871932983398,0.6783555348714193,0.7491300106048584,0.020077276229858398,0.6853095372517903,0.43365171551704407,0.06841082572937011,0.6317040125528971,0.6555989980697632,0.009667277336120605,0.6505650838216146,0.12214652448892593,0.19354625940322875,0.6545359929402669,0.9820809960365295,0.06709272861480713,0.6323453267415364,0.942140519618988,0.33666808605194093,0.8853241602579752,0.9163962602615356,0.08174209594726563,0.7551556269327799,0.8077617883682251,0.30816733837127686,1.0,0.7246847152709961,0.02646944522857666,0.8863197962443033,0.6628994345664978,0.4104305744171143,0.5653180440266927,0.9498607516288757,0.3382883071899414,0.5707523981730144,0.9385454058647156,0.5028976440429688,0.6587674458821614,0.803002655506134,0.46554718017578123,0.6373861312866211,0.7733687162399292,0.6131174564361572,0.5614576975504557,0.6062803268432617,0.6026212692260742,0.5187924385070801,0.6235150694847107
pushup,0.0066624641418457035,0.7424297968546549,0.6220152378082275,0.01227867603302002,0.7177314758300781,0.6922504901885986,0.0,0.7256365458170573,0.18387064337730408,0.05537574291229248,0.676997184753418,0.6764939427375793,0.0,0.6976122538248698,0.028725657612085342,0.1785253882408142,0.6651705423990886,0.9678456783294678,0.05277330875396728,0.677762222290039,0.7701026201248169,0.3321923971176147,0.8691716512044271,0.940137505531311,0.08581333160400391,0.8186944325764974,0.5962042212486267,0.32807073593139646,1.0,0.8171482086181641,0.057225799560546874,0.8845677057902018,0.5387782454490662,0.4270392894744873,0.5517478307088216,0.9043093919754028,0.3462661266326904,0.5723344167073567,0.8223798274993896,0.49855518341064453,0.6877272288004558,0.7085530757904053,0.42516317367553713,0.7027364095052083,0.5393911004066467,0.5792438507080078,0.6506462097167969,0.36434024572372437,0.5404440879821777,0.6513905207316081,0.29758065938949585
pushup,0.007160862535238266,0.7897392272949219,0.3967130482196808,0.014412222802639008,0.767047119140625,0.5491088032722473,0.006200297921895981,0.7709753036499023,0.11014708131551743,0.05658620595932007,0.7273897806803385,0.5494475960731506,0.030551430583000184,0.7354199727376302,0.024167779833078384,0.10135121345520019,0.7718887329101562,0.5668238997459412,0.05133568644523621,0.755485471089681,0.23643538355827332,0.09011105895042419,0.9152337392171224,0.41523516178131104,0.04699718952178955,0.8732198079427084,0.1076069101691246,0.04603658616542816,0.9138926823933919,0.3991946578025818,0.04210922420024872,0.9179737091064453,0.1396699845790863,0.08923216462135315,0.9483975728352865,0.16340641677379608,0.05590481162071228,0.9314973831176758,0.09730692952871323,0.057051229476928714,0.9592353185017903,0.07078216969966888,0.030396494269371032,0.9261269251505534,0.04183594137430191,0.05578038692474365,0.9982601801554362,0.04299822822213173,0.03834795355796814,0.9537526448567708,0.03222481906414032
pushup,0.0,0.8343922932942708,0.34701254963874817,0.005770689249038697,0.8114389419555664,0.5299403667449951,0.0018443768844008447,0.8158202489217122,0.0975036770105362,0.052743202447891234,0.7812142690022786,0.5826969742774963,0.03593373894691467,0.7901649475097656,0.023724157363176346,0.10197842121124268,0.847367795308431,0.4180290102958679,0.059463322162628174,0.8350184758504232,0.1856766790151596,0.09750335812568664,0.9593368530273437,0.20908083021640778,0.05856280326843262,0.9315439860026041,0.06415732949972153,0.056120216846466064,0.9405841827392578,0.22791458666324615,0.054942977428436277,0.9462762196858724,0.08667660504579544,0.07816627025604247,1.0,0.05383514240384102,0.054124361276626586,0.9938157399495443,0.03542255610227585,0.03511912524700165,0.9923936208089192,0.026741134002804756,0.02749912440776825,0.9469686508178711,0.018287690356373787,0.024987682700157166,1.0,0.022030096501111984,0.03843474686145783,0.9470855712890625,0.01854199916124344
pushup,0.06318202018737792,0.8667768478393555,0.21510301530361176,0.048989057540893555,0.8408821105957032,0.16105280816555023,0.04014036655426025,0.8669570922851563,0.16725653409957886,0.04715209007263184,0.8114335378011067,0.09671270847320557,0.015333795547485351,0.880478032430013,0.14530915021896362,0.09675791263580322,0.8139790217081706,0.5540692806243896,0.09464764595031738,0.9018585840861003,0.3480554521083832,0.20255568027496337,0.7801478068033855,0.47155994176864624,0.18993451595306396,0.8995635986328125,0.24236109852790833,0.23881454467773439,0.7868899027506511,0.49212780594825745,0.26493747234344484,0.8709180196126302,0.3897252380847931,0.2895475149154663,0.7492862701416015,0.8233912587165833,0.29228713512420657,0.815693473815918,0.7501411437988281,0.43141908645629884,0.7284646987915039,0.8537552356719971,0.46360321044921876,0.8243614832560221,0.8205033540725708,0.49920063018798827,0.6326028188069661,0.8762032985687256,0.4965712547302246,0.7135979334513346,0.8563547730445862
pushup,0.04937260150909424,0.8120473225911459,0.10114609450101852,0.04402661323547363,0.7833231608072917,0.07158783823251724,0.0447918176651001,0.8052517573038737,0.07873205095529556,0.05130798816680908,0.7495363235473633,0.09434866905212402,0.04181067943572998,0.804126230875651,0.06116093695163727,0.09193184375762939,0.7715612411499023,0.2713558077812195,0.10403974056243896,0.8454187393188477,0.20025020837783813,0.19708937406539917,0.7858263651529948,0.1772453486919403,0.17123950719833375,0.8798266092936198,0.1392221748828888,0.2896413326263428,0.8243387858072917,0.21102957427501678,0.22212343215942382,0.8771555582682292,0.20497524738311768,0.2510814189910889,0.7324203491210938,0.565268337726593,0.26340181827545167,0.7901220957438151,0.5229180455207825,0.39646551609039304,0.7044954299926758,0.6500219106674194,0.43239893913269045,0.7850552876790364,0.6523736715316772,0.5245161533355713,0.594442621866862,0.8041397929191589,0.5107483863830566,0.6627839406331381,0.8076696991920471
pushup,0.025687026977539062,0.8782167434692383,0.1023249477148056,0.011909794807434083,0.8609078725179037,0.10604051500558853,0.023160719871520997,0.8765651067097981,0.05539650097489357,0.015678906440734865,0.8274401982625326,0.1398349404335022,0.028916025161743165,0.8661242802937825,0.054605405777692795,0.07333059310913086,0.8309275309244791,0.4504086375236511,0.08755872249603272,0.8642903645833333,0.2365744411945343,0.14883139133453369,0.8247584025065104,0.36766818165779114,0.1527937650680542,0.8399585723876953,0.16904598474502563,0.1449496030807495,0.8224440256754557,0.2901827096939087,0.1718705415725708,0.8226329803466796,0.22568869590759277,0.25203542709350585,0.749893061319987,0.6921464800834656,0.2652371883392334,0.7877105077107748,0.6144378781318665,0.4008337497711182,0.7435991923014323,0.6864122152328491,0.4273372173309326,0.7863855361938477,0.6586065292358398,0.5234271049499511,0.6433705647786458,0.7660623788833618,0.5022531509399414,0.6771409988403321,0.7644264101982117
pushup,0.03926527500152588,0.8852547327677409,0.21491846442222595,0.01681241989135742,0.8751890182495117,0.24743862450122833,0.03249518871307373,0.8981400807698567,0.10821191221475601,0.012777614593505859,0.8512805938720703,0.28548693656921387,0.038915252685546874,0.9098164876302083,0.09760978072881699,0.09155492782592774,0.8200513203938802,0.7232716083526611,0.10884913206100463,0.8714267094930013,0.40981531143188477,0.16536706686019897,0.81126283009847,0.6348777413368225,0.13586305379867553,0.8418484369913737,0.25155332684516907,0.10995383262634277,0.7891690572102864,0.42400962114334106,0.10965828895568848,0.826329231262207,0.2744747996330261,0.30603814125061035,0.7333051045735677,0.7914523482322693,0.31567983627319335,0.7788794835408529,0.6976895928382874,0.46312904357910156,0.7272466659545899,0.7093158960342407,0.48245739936828613,0.7855120340983073,0.6361638307571411,0.5712745189666748,0.673800277709961,0.6589681506156921,0.5301068782806396,0.7173784891764323,0.6275375485420227
pushup,0.017542552947998048,0.820803705851237,0.3984702527523041,0.0006881475448608399,0.8114231109619141,0.43547603487968445,0.011814355850219727,0.8296059926350912,0.21435846388339996,0.008200502395629883,0.8007213592529296,0.453008770942688,0.02678220272064209,0.845926030476888,0.17137081921100616,0.09427838325500489,0.8084207534790039,0.8552526831626892,0.10207512378692626,0.8234727223714192,0.6820354461669922,0.16122690439224244,0.8200141906738281,0.6592335104942322,0.12089297771453858,0.7796348571777344,0.4333861768245697,0.12671182155609131,0.7583850860595703,0.42813193798065186,0.09400866031646729,0.7420632044474283,0.40335795283317566,0.30103402137756347,0.7615299860636393,0.8842610716819763,0.3031877040863037,0.7875010808308919,0.8603997230529785,0.4378968238830566,0.752039082845052,0.816957414150238,0.4526956081390381,0.7755590438842773,0.8140599131584167,0.5377411842346191,0.6656447092692057,0.805389404296875,0.49780998229980467,0.6679806391398112,0.8229058980941772
pushup,0.031432366371154784,0.8729804992675781,0.11388835310935974,0.012161040306091308,0.8635850270589193,0.1466103047132492,0.02885723114013672,0.8776760101318359,0.04093027487397194,0.012946152687072754,0.8350991566975912,0.27437883615493774,0.04094245433807373,0.8720955530802409,0.056292202323675156,0.09287080764770508,0.8271764119466146,0.7857849597930908,0.1019408106803894,0.8455044428507487,0.40040379762649536,0.15700204372406007,0.8296934763590494,0.7239030003547668,0.1355798602104187,0.8152961730957031,0.2614170014858246,0.11581079959869385,0.7725842793782552,0.4795026481151581,0.09981470108032227,0.7911286036173503,0.2691967487335205,0.2968974351882935,0.7437966664632162,0.8739380240440369,0.3052541255950928,0.7706199010213216,0.7896789908409119,0.4376567840576172,0.7594496409098307,0.7790181636810303,0.4556468963623047,0.7796258290608724,0.6946064233779907,0.5459458351135253,0.643504015604655,0.7435892224311829,0.513061809539795,0.6475462595621745,0.7100870013237
pushup,0.24794647693634034,0.8276848475138346,0.01165734976530075,0.2459423065185547,0.8125148773193359,0.005180761683732271,0.26078245639801023,0.8197408676147461,0.01109966728836298,0.22803316116333008,0.7927602132161459,0.08633258193731308,0.2717509984970093,0.8119659423828125,0.1062655970454216,0.1749953269958496,0.798432731628418,0.260911226272583,0.29400832653045655,0.8172619501749675,0.19830332696437836,0.17458276748657225,0.7915313720703125,0.2053557187318802,0.3765897035598755,0.7747403462727864,0.15185865759849548,0.23331861495971679,0.8322106679280599,0.183489590883255,0.4295237064361572,0.7648275375366211,0.12931911647319794,0.19205217361450194,0.738900629679362,0.6321449875831604,0.2668310165405273,0.7663524627685547,0.5532521605491638,0.3710968494415283,0.7449358622233073,0.6587852835655212,0.4286924362182617,0.7926774978637695,0.6347338557243347,0.5093046188354492,0.652569325764974,0.7660706639289856,0.49637751579284667,0.7154486338297527,0.7444116473197937
pushup,0.0697098731994629,0.7903364817301433,0.32045963406562805,0.06420612335205078,0.7638275146484375,0.2917533218860626,0.04620437622070313,0.7864020665486654,0.25005704164505005,0.07261962890625,0.7524121602376302,0.1160118356347084,0.01402285099029541,0.8104830423990885,0.0935462936758995,0.11942145824432374,0.7865430831909179,0.4548502266407013,0.0973433256149292,0.854822285970052,0.25315624475479126,0.2280961036682129,0.7745844523111979,0.35669514536857605,0.1665656328201294,0.8444549560546875,0.15694625675678253,0.2384202003479004,0.7271252950032552,0.4085250794887543,0.19660998582839967,0.7726235071818034,0.3223218619823456,0.31748099327087403,0.7641297022501627,0.7507721185684204,0.3004098892211914,0.8234429041544596,0.6623020768165588,0.4557509422302246,0.7209444681803385,0.8014470338821411,0.4689434051513672,0.8217239379882812,0.7613231539726257,0.5352172374725341,0.5872819264729817,0.8665746450424194,0.512602424621582,0.6855698903401692,0.8469642996788025
pushup,0.12849276065826415,0.8246304829915364,0.1663697212934494,0.11159257888793946,0.8082664489746094,0.08797582238912582,0.11236095428466797,0.8297434488932292,0.21836544573307037,0.08762435913085938,0.7931746164957683,0.0608171783387661,0.08201849460601807,0.8506544748942058,0.2902105450630188,0.11733324527740478,0.7900737762451172,0.3070085644721985,0.1545017957687378,0.8522466023763021,0.3658856153488159,0.2069693088531494,0.7528809229532878,0.2177707552909851,0.24290308952331544,0.8154773076375326,0.2721957266330719,0.22185420989990234,0.7253194173177083,0.23139560222625732,0.27121891975402834,0.7734011332194011,0.3530873954296112,0.3019136667251587,0.7135735193888346,0.6501749753952026,0.323041296005249,0.7655156453450521,0.6606254577636719,0.45529894828796386,0.6753557840983073,0.7028908133506775,0.4915097713470459,0.7471487045288085,0.7407082319259644,0.556911849975586,0.6116189320882162,0.7906097769737244,0.5262103080749512,0.6640076955159505,0.8084304332733154
pushup,0.34704458713531494,0.7921656926472982,0.0638733059167862,0.33624341487884524,0.7828230539957682,0.014355923980474472,0.3442255973815918,0.7849491119384766,0.12134476006031036,0.28696694374084475,0.7557884216308594,0.015735004097223282,0.30125534534454346,0.7671832402547201,0.3734560012817383,0.24463956356048583,0.7174290974934896,0.28065773844718933,0.2662440538406372,0.7755921681722006,0.3798432946205139,0.2808642864227295,0.6738020579020182,0.2728957533836365,0.2982239961624146,0.8012737274169922,0.3087156116962433,0.3037606954574585,0.6465796152750651,0.2747620940208435,0.35204105377197265,0.7876809438069662,0.3269191086292267,0.30547893047332764,0.6806763331095378,0.5926220417022705,0.32565650939941404,0.7332114537556966,0.5711230635643005,0.476412296295166,0.6619993845621744,0.653141438961029,0.4893531799316406,0.7260661443074544,0.6517144441604614,0.5711932182312012,0.625433603922526,0.7051519751548767,0.5755880355834961,0.6971782048543295,0.6861176490783691
pushup,0.1649064302444458,0.707193120320638,0.047108884900808334,0.1631340742111206,0.6820562362670899,0.011656800284981728,0.16177897453308104,0.6943070729573567,0.03098844178020954,0.15479557514190673,0.6281833012898763,0.03174889460206032,0.14413900375366212,0.662187131245931,0.07650969177484512,0.15571091175079346,0.5768719991048177,0.33706530928611755,0.18961361646652222,0.67472718556722,0.3492611050605774,0.24402313232421874,0.6642627716064453,0.47591039538383484,0.34416263103485106,0.8624180475870769,0.5199012756347656,0.2967056751251221,0.742120361328125,0.6178228855133057,0.4170876979827881,0.8355429967244467,0.6303344368934631,0.2302182674407959,0.600605328877767,0.6570743322372437,0.2465891122817993,0.6530677795410156,0.6311725378036499,0.33850851058959963,0.752308209737142,0.5832957029342651,0.3820836305618286,0.8170074462890625,0.5944533944129944,0.3965177536010742,0.8641941706339519,0.25140225887298584,0.4294252872467041,0.9183203379313151,0.25293925404548645
pushup,0.041042113304138185,0.6643287022908528,0.8489783406257629,0.04320814609527588,0.6479956944783528,0.8288292288780212,0.034427976608276366,0.6498050689697266,0.4201720058917999,0.07689874172210694,0.6207138061523437,0.7761640548706055,0.035994672775268556,0.6258586883544922,0.09816472977399826,0.19672354459762573,0.6343788782755534,0.989449679851532,0.09771883487701416,0.623355484008789,0.9503471851348877,0.33998703956604004,0.8638955434163411,0.9589902758598328,0.11939570903778077,0.776530647277832,0.8442102074623108,0.31203370094299315,1.0,0.8027194738388062,0.0747032642364502,0.909869130452474,0.6780878901481628,0.4544248580932617,0.5886100769042969,0.9506688714027405,0.3907356262207031,0.6015763600667318,0.9311613440513611,0.5448771476745605,0.7008354187011718,0.7832961082458496,0.4826241970062256,0.7055505752563477,0.7233003973960876,0.634550142288208,0.6911595662434896,0.43443557620048523,0.6031764030456543,0.6901683807373047,0.4339752197265625
pushup,0.047483277320861814,0.62489013671875,0.9593200087547302,0.04465184211730957,0.593832270304362,0.9652674794197083,0.0310990571975708,0.6071815490722656,0.629045844078064,0.08665022850036622,0.5341027577718099,0.9464120268821716,0.04066824913024902,0.5703537623087566,0.10918169468641281,0.22523715496063232,0.5884035746256511,0.9970312118530273,0.11488451957702636,0.5546865463256836,0.9764533042907715,0.32684917449951173,0.8737188975016276,0.9744413495063782,0.09707144498825074,0.7068536122639973,0.8490335941314697,0.29395155906677245,0.9926112492879232,0.8439851999282837,0.08251019716262817,0.9073403676350912,0.6457766890525818,0.4600965976715088,0.5906003952026367,0.9551523327827454,0.39749343395233155,0.5894475301106771,0.9294711351394653,0.5081953048706055,0.7174588521321614,0.8070154786109924,0.46863565444946287,0.6902708689371745,0.7248353362083435,0.6141565799713135,0.7174228668212891,0.4315553903579712,0.5819704055786132,0.6706642150878906,0.41946685314178467
pushup,0.05680966377258301,0.5724659601847331,0.9706437587738037,0.06430599689483643,0.5324368794759115,0.970061182975769,0.03145942687988281,0.5469455718994141,0.803918719291687,0.11145343780517578,0.4901780128479004,0.8894654512405396,0.013949036598205566,0.5269431114196778,0.18022586405277252,0.22528598308563233,0.5755749384562174,0.9959968328475952,0.07942590713500977,0.5650466283162435,0.9694697856903076,0.31233830451965333,0.8557775497436524,0.969723641872406,0.05584111213684082,0.7307767232259115,0.7908456921577454,0.310414719581604,1.0,0.8512269854545593,0.03185245990753174,0.8718735376993815,0.6832689046859741,0.45811214447021487,0.5849592844645183,0.95374596118927,0.37285380363464354,0.6033762613932292,0.9178056716918945,0.5454647064208984,0.6711567560831706,0.7621267437934875,0.5029529571533203,0.6691736857096354,0.6383838653564453,0.6516351222991943,0.6111546198527018,0.4453492760658264,0.6276122570037842,0.5771533966064453,0.3987005352973938
pushup,0.05933868885040283,0.5591894149780273,0.9711645841598511,0.0734250783920288,0.5155694007873535,0.9772288799285889,0.029619288444519044,0.5322255452473958,0.7886717915534973,0.13077495098114014,0.4809810002644857,0.9472870826721191,0.012560868263244629,0.5221816380818685,0.16885049641132355,0.23131980895996093,0.5712580362955729,0.9983931183815002,0.0807344913482666,0.5642397562662761,0.9745883941650391,0.30987067222595216,0.8372787475585938,0.984898030757904,0.08396968841552735,0.7190964380900066,0.776215672492981,0.30478544235229493,0.9852323532104492,0.8880783915519714,0.07219886779785156,0.8915067036946615,0.5715369582176208,0.4170095443725586,0.548432731628418,0.9810659289360046,0.32959647178649903,0.566108767191569,0.9527758359909058,0.4940441131591797,0.6713980992635091,0.8670783638954163,0.4481671810150146,0.6827088038126627,0.7314286828041077,0.5977025985717773,0.5721511840820312,0.5766937136650085,0.5758756637573242,0.5755391438802083,0.4728482663631439
pushup,0.060224509239196776,0.5593486150105794,0.9571266174316406,0.07032597064971924,0.5164532979329427,0.9624322056770325,0.029326534271240233,0.5351613362630209,0.7261462211608887,0.1220996618270874,0.4797896067301432,0.8905770778656006,0.00678865909576416,0.5264269193013509,0.16476960480213165,0.23064215183258058,0.5707925160725912,0.9974724650382996,0.07300662994384766,0.5757247924804687,0.9581179022789001,0.30381336212158205,0.8537078857421875,0.9817236661911011,0.05974891185760498,0.7657903671264649,0.6805217862129211,0.2822216510772705,0.9825135548909505,0.8915237188339233,0.031906723976135254,0.913968849182129,0.5575920343399048,0.4270216941833496,0.5873579661051432,0.9697834253311157,0.3321674346923828,0.6108230590820313,0.9185588955879211,0.5025212287902832,0.6735029856363932,0.8515034914016724,0.4634575843811035,0.6898032506306966,0.6788280606269836,0.5882542610168457,0.5994743982950846,0.5738828182220459,0.5762947082519532,0.5900946935017903,0.44899895787239075
pushup,0.048401618003845216,0.5824862798055013,0.9663453102111816,0.055620002746582034,0.5372845331827799,0.9726606607437134,0.020698928833007814,0.5595907847086589,0.7486846446990967,0.11092064380645753,0.49195887247721354,0.9195055961608887,0.009608292579650879,0.5467292785644531,0.1297006607055664,0.22882065773010254,0.5812098185221354,0.9961779117584229,0.09085695743560791,0.5870091756184895,0.963297426700592,0.31037297248840334,0.8633412043253581,0.9711952805519104,0.07078695297241211,0.7560259501139323,0.736633837223053,0.2984570026397705,1.0,0.8546332120895386,0.027970099449157716,0.8894074757893881,0.6168007850646973,0.4537534713745117,0.5931119918823242,0.9565694332122803,0.37305402755737305,0.616599973042806,0.9145560264587402,0.5313297748565674,0.6715568542480469,0.7954939603805542,0.5002619743347168,0.678882344563802,0.6588097810745239,0.6502603530883789,0.6041617075602214,0.5114482045173645,0.6289859771728515,0.5770167668660482,0.44795605540275574
pushup,0.03562262058258057,0.6186630249023437,0.9160666465759277,0.040784478187561035,0.580795415242513,0.9234461784362793,0.017184352874755858,0.5960029602050781,0.5889446139335632,0.08920488357543946,0.5264086405436198,0.8439204692840576,0.011203980445861817,0.5635854085286458,0.1036093533039093,0.2168139934539795,0.5936147054036458,0.992747962474823,0.07461562156677246,0.5843615849812825,0.9486451148986816,0.3299377679824829,0.8706726710001628,0.9543910622596741,0.061206507682800296,0.7472113927205404,0.7392905354499817,0.30850973129272463,1.0,0.80370032787323,0.03569917678833008,0.8793354034423828,0.6114857196807861,0.43310093879699707,0.601066525777181,0.9530103802680969,0.35138888359069825,0.6161837895711263,0.9194278717041016,0.5111545562744141,0.6728993733723958,0.7873984575271606,0.47922616004943847,0.6738602956136067,0.6872631907463074,0.6155451774597168,0.5813663482666016,0.5570393800735474,0.6114368438720703,0.5554901123046875,0.5177810192108154
pushup,0.036442804336547854,0.6549581527709961,0.8353737592697144,0.04060077667236328,0.6276101430257162,0.8279935717582703,0.023145318031311035,0.6353405634562175,0.4193906784057617,0.07836344242095947,0.577134641011556,0.6941514611244202,0.010543322563171387,0.5971878051757813,0.06599454581737518,0.1980663776397705,0.5961547215779622,0.9839726686477661,0.06742072105407715,0.5988558451334636,0.9184839725494385,0.3233391761779785,0.8503161748250325,0.9542649388313293,0.06426334381103516,0.7670827865600586,0.7726261019706726,0.32118935585021974,1.0,0.8061091303825378,0.031824922561645506,0.8757375081380209,0.654754638671875,0.4672995567321777,0.565299924214681,0.9452638626098633,0.38641819953918455,0.5926338195800781,0.912688136100769,0.573293924331665,0.6523174285888672,0.7138528227806091,0.5108081817626953,0.6808567047119141,0.6039966344833374,0.671626091003418,0.5541184743245443,0.40631744265556335,0.633884334564209,0.5709082285563151,0.3696901202201843
pushup,0.02256505489349365,0.6925831476847331,0.6849163770675659,0.026418209075927734,0.6695624033610026,0.7201390266418457,0.010664844512939453,0.6750920613606771,0.2110225260257721,0.06364357471466064,0.6290439605712891,0.7231721878051758,0.0025713205337524413,0.6443910598754883,0.03572878614068031,0.18667850494384766,0.6385729471842448,0.9829460382461548,0.06395432949066163,0.6356005986531575,0.8550167083740234,0.336902379989624,0.8769461949666341,0.9575859308242798,0.08875198364257812,0.788206672668457,0.6815184950828552,0.3232987880706787,1.0,0.8289558291435242,0.04467384815216065,0.8849433263142904,0.5610191226005554,0.4301161766052246,0.5640817006429036,0.933864414691925,0.3550853252410889,0.5803568522135417,0.8751901984214783,0.5121716499328614,0.6942955652872721,0.7102621793746948,0.4446465492248535,0.70623779296875,0.5528128743171692,0.6038388252258301,0.6179856618245443,0.34754201769828796,0.5691390991210937,0.6285582860310872,0.28811371326446533
pushup,0.02304885387420654,0.7182519276936848,0.4463941156864166,0.022029471397399903,0.6977038065592448,0.5042977333068848,0.017414402961730958,0.7050894419352214,0.1014605164527893,0.055145645141601564,0.6564333597819011,0.5086286664009094,0.023525381088256837,0.6778128306070964,0.01881692372262478,0.1463336706161499,0.6366570154825847,0.8727014660835266,0.0962073802947998,0.681476084391276,0.5409613847732544,0.29347643852233884,0.7873921712239583,0.8676684498786926,0.13289350271224976,0.8466983795166015,0.4930999279022217,0.32758188247680664,0.8871616999308268,0.8294064998626709,0.07078409194946289,0.8914429346720377,0.5938407182693481,0.3365288972854614,0.6224761962890625,0.8488130569458008,0.3051412105560303,0.653020731608073,0.7515841722488403,0.41466655731201174,0.7835973103841146,0.7646427154541016,0.3904465675354004,0.8091363271077474,0.6540623307228088,0.45867671966552737,0.8835805257161459,0.3654734492301941,0.4413848876953125,0.899601936340332,0.3253629803657532
pushup,0.3191794157028198,0.7788074493408204,0.018683256581425667,0.3171999931335449,0.7700648625691732,0.0041018398478627205,0.31845970153808595,0.7695659637451172,0.029477786272764206,0.28451247215270997,0.7408733367919922,0.013248267583549023,0.2836268186569214,0.7435421625773112,0.14444734156131744,0.23606042861938475,0.7033767064412435,0.20771774649620056,0.26267380714416505,0.7105707804361979,0.23319266736507416,0.26778929233551024,0.7445716222127279,0.28892144560813904,0.3548892021179199,0.7360907872517903,0.3592236638069153,0.34852726459503175,0.7796623229980468,0.32424357533454895,0.49946961402893064,0.7276980717976888,0.3864763379096985,0.2661257743835449,0.671093495686849,0.7267177104949951,0.27985458374023436,0.7024845759073893,0.6980707049369812,0.4446399688720703,0.7157530466715495,0.7155478000640869,0.4534635543823242,0.7653109868367513,0.725128173828125,0.5512275695800781,0.6657938003540039,0.6834287643432617,0.5419586181640625,0.7361012776692708,0.6655574440956116
pushup,0.02520763874053955,0.820828628540039,0.39767932891845703,0.027260398864746092,0.7860019048055013,0.4900432825088501,0.013028097152709962,0.8156588236490886,0.1811288595199585,0.07681021690368653,0.7440014521280924,0.28760668635368347,0.0248898983001709,0.8141858418782552,0.02023966982960701,0.14343817234039308,0.7353101094563802,0.3988043963909149,0.1391847848892212,0.8348358154296875,0.16597521305084229,0.3122220516204834,0.7148872375488281,0.35611385107040405,0.2348341941833496,0.8847504297892252,0.1483878791332245,0.4081233024597168,0.7034414291381836,0.47092294692993164,0.26940479278564455,0.8691452026367188,0.30563342571258545,0.30753602981567385,0.7562220891316732,0.6050914525985718,0.2998775005340576,0.8211153666178386,0.49136897921562195,0.433807897567749,0.7262347539265951,0.6227231025695801,0.45305805206298827,0.843194325764974,0.584412693977356,0.5211108207702637,0.6273785273234049,0.7136988043785095,0.49674129486083984,0.7475458780924479,0.6944019198417664
pushup,0.041817426681518555,0.8473300933837891,0.2728700041770935,0.034429073333740234,0.8216477076212565,0.31541624665260315,0.03480885028839111,0.8430701573689778,0.13182389736175537,0.05896415710449219,0.7792140960693359,0.21628108620643616,0.04352822303771973,0.8321046829223633,0.03427347168326378,0.1171069860458374,0.7691878000895183,0.41172289848327637,0.1164043664932251,0.8471337636311849,0.2281457483768463,0.21115727424621583,0.7850587844848633,0.3461211025714874,0.1591824173927307,0.9119286219278971,0.18398013710975647,0.22587575912475585,0.7910163879394532,0.3686087727546692,0.1957891345024109,0.932426389058431,0.29706546664237976,0.2880363941192627,0.7747337341308593,0.5339298844337463,0.28661859035491943,0.8333382288614909,0.4677687883377075,0.4188547611236572,0.7405198415120443,0.5745372176170349,0.4317875862121582,0.8407184600830078,0.569363534450531,0.4804035186767578,0.669642448425293,0.6780257225036621,0.46634464263916015,0.7822216033935547,0.6823515892028809
pushup,0.07986111640930176,0.820859718322754,0.12303972244262695,0.0772719144821167,0.796435801188151,0.11498509347438812,0.07361893653869629,0.8137962341308593,0.06255657225847244,0.09039628505706787,0.7643878936767579,0.1340349018573761,0.06656315326690673,0.8083477656046549,0.02992931567132473,0.12229800224304199,0.7666114807128906,0.3252212107181549,0.11034862995147705,0.8422524770100911,0.20690596103668213,0.17440121173858641,0.8103542963663737,0.3309246301651001,0.12936792373657227,0.9233913421630859,0.17034310102462769,0.1980021119117737,0.8494564056396484,0.35270431637763977,0.1316704273223877,0.9354881922403971,0.27762332558631897,0.26712856292724607,0.7621729532877605,0.5269699096679688,0.2600111722946167,0.8215190251668294,0.4587312936782837,0.4021768569946289,0.7532302856445312,0.5112942457199097,0.412668514251709,0.8451258341471354,0.482499897480011,0.4899110794067383,0.6565887451171875,0.5616844892501831,0.4759002685546875,0.7594271977742513,0.5472542643547058
pushup,0.02870171070098877,0.9315134048461914,0.21725593507289886,0.016846942901611327,0.9095146179199218,0.4009567201137543,0.020680689811706544,0.9314336140950521,0.07187610864639282,0.044840645790100095,0.8573137919108073,0.42988768219947815,0.03592989444732666,0.9141155242919922,0.018893864005804062,0.13002138137817382,0.8230648676554362,0.5896024703979492,0.11950942277908325,0.8735797882080079,0.1728145033121109,0.21654367446899414,0.8030982971191406,0.5392577648162842,0.1456058144569397,0.8462093989054362,0.11480630189180374,0.20024547576904297,0.8013926823933919,0.4316515028476715,0.12162120342254638,0.8683523813883464,0.1761808693408966,0.3149132490158081,0.7566909790039062,0.6984489560127258,0.30990526676177976,0.7952402750651042,0.533428966999054,0.4438319683074951,0.7663561503092448,0.6913896203041077,0.45540833473205566,0.8126280466715495,0.5727072954177856,0.5202771186828613,0.6824272155761719,0.7415653467178345,0.4944544792175293,0.7196585337320963,0.6962298154830933
pushup,0.0871352195739746,0.8695098876953125,0.16803067922592163,0.07439424991607665,0.8584432601928711,0.11010698229074478,0.08449993133544922,0.8721063613891602,0.12097731977701187,0.06740443706512451,0.8380645116170248,0.17598183453083038,0.08462190628051758,0.8764169057210286,0.2059423327445984,0.09856741428375244,0.8238892237345378,0.6724443435668945,0.11307190656661988,0.8648174285888672,0.5682811737060547,0.09345803260803223,0.7641136805216472,0.5501955151557922,0.10291348695755005,0.8040129979451497,0.4200264513492584,0.057359051704406736,0.7660565694173177,0.37778958678245544,0.07672357559204102,0.7881044387817383,0.41291433572769165,0.23535616397857667,0.764149284362793,0.7649710774421692,0.2447903871536255,0.8003953297932943,0.7438448667526245,0.4039510726928711,0.7479965845743816,0.6425225138664246,0.4162012577056885,0.7777399063110352,0.6514841914176941,0.49263858795166016,0.6792350133260091,0.6610180139541626,0.4609050273895264,0.6919843037923177,0.6813379526138306
pushup,0.03789265155792236,0.9446608225504557,0.5061049461364746,0.02157745361328125,0.9252465565999349,0.5859013795852661,0.028064322471618653,0.9512309392293294,0.2618204653263092,0.03974208831787109,0.8803590138753256,0.5057422518730164,0.042919707298278806,0.9457010904947917,0.09361197799444199,0.11114299297332764,0.8479663848876953,0.7797285914421082,0.13316560983657838,0.893583615620931,0.602548360824585,0.17764244079589844,0.7990973154703777,0.6793113350868225,0.14877334833145142,0.8281606674194336,0.4777333736419678,0.18633856773376464,0.7660250981648763,0.5698359608650208,0.1225321650505066,0.8335137049357096,0.5203497409820557,0.3019141912460327,0.7797163645426433,0.8114371299743652,0.31577088832855227,0.8176949818929037,0.7851786017417908,0.41819286346435547,0.7540788014729818,0.7284600734710693,0.4469146251678467,0.7943675994873047,0.721868097782135,0.5217479705810547,0.6735459645589192,0.740190863609314,0.4909507751464844,0.6947499593098958,0.7560244798660278
pushup,0.04679393768310547,0.9476142883300781,0.6367992162704468,0.02302234172821045,0.9319595336914063,0.6993839144706726,0.040535783767700194,0.9599530537923177,0.4222259521484375,0.025511741638183594,0.8928048451741536,0.656204879283905,0.06474487781524658,0.9608695983886719,0.30074793100357056,0.09345123767852784,0.8603994369506835,0.9013848304748535,0.16527477502822877,0.9123842239379882,0.7450763583183289,0.1683087706565857,0.8203470865885417,0.7509220838546753,0.2543644428253174,0.8785360972086589,0.5076119303703308,0.17425954341888428,0.8350920995076497,0.557169497013092,0.2914831876754761,0.923057746887207,0.4629601836204529,0.2802534341812134,0.780507214864095,0.8009851574897766,0.32320966720581057,0.8182413736979167,0.7493041157722473,0.4045090198516846,0.719163195292155,0.6663288474082947,0.4457972526550293,0.7496768951416015,0.6450153589248657,0.5311715602874756,0.6573749542236328,0.7314230799674988,0.4919110298156738,0.6496772766113281,0.7394659519195557
pushup,0.032285881042480466,0.9431772232055664,0.5721603631973267,0.015851306915283202,0.9222583134969076,0.6812406778335571,0.02392256259918213,0.948335075378418,0.31413641571998596,0.03116481304168701,0.8711385726928711,0.6388706564903259,0.04025962352752686,0.9370890935262044,0.11773063242435455,0.09448087215423584,0.8442351023356119,0.8289822936058044,0.1272238850593567,0.8906609853108723,0.6398453712463379,0.13268144130706788,0.7972091674804688,0.6891294717788696,0.12978050708770753,0.8421117782592773,0.39873671531677246,0.13923680782318115,0.7561931610107422,0.5165490508079529,0.06908860206604003,0.8937971115112304,0.39406222105026245,0.2761231899261475,0.7889504114786784,0.8023157715797424,0.29771811962127687,0.8244851430257162,0.7557607889175415,0.38836193084716797,0.7597266515096028,0.7160771489143372,0.42223453521728516,0.782147471110026,0.6763278245925903,0.5175470352172852,0.6719515482584636,0.7543905973434448,0.4784203052520752,0.6675425211588542,0.7538136839866638
pushup,0.14091241359710693,0.8632863998413086,0.032742757350206375,0.123712158203125,0.844911766052246,0.01106259971857071,0.1389491081237793,0.8620871861775716,0.04032216593623161,0.08565499782562255,0.8155179977416992,0.04924539104104042,0.12318661212921142,0.8665074666341146,0.20985747873783112,0.08459537029266358,0.8002724965413411,0.30858540534973145,0.17161870002746582,0.8824106216430664,0.32280662655830383,0.13939735889434815,0.7572495778401692,0.24286574125289917,0.23099660873413086,0.8863032658894857,0.2544841468334198,0.18516409397125244,0.7987700780232747,0.21029455959796906,0.21296370029449463,0.9042617797851562,0.26158690452575684,0.2139657497406006,0.7479454040527344,0.5832433700561523,0.2718213558197021,0.8011319478352864,0.5651504397392273,0.3980093002319336,0.7349369684855144,0.5169039964675903,0.4521231174468994,0.785421625773112,0.5326508283615112,0.5086051940917968,0.6645134607950847,0.5925367474555969,0.48933773040771483,0.688699467976888,0.600938618183136
pushup,0.06417396068572997,0.8402976989746094,0.1348450481891632,0.05141608715057373,0.8186790466308593,0.10349790006875992,0.05862822532653809,0.8407976786295573,0.08851158618927002,0.05828857421875,0.7859044392903646,0.13042210042476654,0.0632739782333374,0.8426857630411784,0.09338873624801636,0.1222719430923462,0.7971872965494792,0.48678284883499146,0.11754040718078614,0.8535076777140299,0.36547261476516724,0.18767457008361815,0.7920007705688477,0.3438885509967804,0.14208226203918456,0.8538784662882487,0.24796536564826965,0.20037298202514647,0.8093255360921224,0.253828227519989,0.1197089433670044,0.8728822072347006,0.26745161414146423,0.2753812313079834,0.7685960133870443,0.6931450963020325,0.27491848468780516,0.8100749969482421,0.6637697219848633,0.42653679847717285,0.7569054921468099,0.6440213918685913,0.448530387878418,0.7908531824747721,0.6505353450775146,0.538393211364746,0.6757289250691731,0.7280469536781311,0.5065180778503418,0.6772261301676432,0.7482227683067322
pushup,0.1386781692504883,0.8426043192545573,0.05517161265015602,0.13663699626922607,0.8237385431925456,0.027487944811582565,0.14043960571289063,0.8324920654296875,0.039603494107723236,0.12667922973632811,0.7971717834472656,0.06147777661681175,0.12663068771362304,0.8218771616617838,0.06049931049346924,0.11626627445220947,0.791775639851888,0.31943047046661377,0.15176789760589598,0.8474218368530273,0.20647788047790527,0.18022098541259765,0.7908803304036458,0.3701253831386566,0.20050153732299805,0.8495450973510742,0.1954783946275711,0.2142345905303955,0.8652681986490885,0.37481895089149475,0.18566137552261353,0.8308264414469401,0.2793656885623932,0.2147205352783203,0.7609506607055664,0.6789247989654541,0.2383805751800537,0.8119412104288737,0.578977108001709,0.41208491325378416,0.7459056854248047,0.6346703171730042,0.43343548774719237,0.8309906641642253,0.5820361971855164,0.5258934974670411,0.6557961781819661,0.673142671585083,0.49926004409790037,0.7563787460327148,0.6343942880630493
pushup,0.03250186443328858,0.8841471354166667,0.20664426684379578,0.02497537136077881,0.857525380452474,0.41210559010505676,0.018906044960021972,0.8808235168457031,0.05331917107105255,0.056973052024841306,0.8180931091308594,0.43639782071113586,0.026198554039001464,0.877565066019694,0.011690067127346992,0.13193936347961427,0.8044430414835612,0.6597998142242432,0.1271341323852539,0.8693376541137695,0.09953229129314423,0.2473381757736206,0.7828683217366537,0.6858002543449402,0.18700608015060424,0.8541397094726563,0.0659848004579544,0.2535084247589111,0.7728968302408854,0.6524448990821838,0.18498560190200805,0.8454537073771159,0.1626075804233551,0.31616506576538084,0.7553173065185547,0.7535271048545837,0.31264007091522217,0.8023960749308269,0.47554293274879456,0.4295681953430176,0.7621927261352539,0.7444314956665039,0.4466117858886719,0.8401875178019206,0.5156234502792358,0.4876455307006836,0.6546435038248698,0.7422770261764526,0.4698033332824707,0.7334337870279948,0.6110484004020691
pushup,0.06325712203979492,0.8594105402628581,0.19275709986686707,0.06871860027313233,0.8268763860066731,0.1781252771615982,0.051170969009399415,0.8476359049479166,0.11708201467990875,0.10366981029510498,0.7807622909545898,0.07868863642215729,0.04182441234588623,0.8297131856282552,0.021903760731220245,0.13613514900207518,0.7567342758178711,0.15591327846050262,0.11762709617614746,0.8283863703409831,0.10112277418375015,0.24035840034484862,0.7422611236572265,0.22719183564186096,0.17326459884643555,0.8474855422973633,0.1484367847442627,0.2842338800430298,0.74174378712972,0.3664945960044861,0.17779006958007812,0.831887944539388,0.32666337490081787,0.2664611339569092,0.7558055877685547,0.4473561644554138,0.24700984954833985,0.8107843399047852,0.3983992636203766,0.39105877876281736,0.7715248743693034,0.4633248746395111,0.3895728588104248,0.8810608545939128,0.45958927273750305,0.47877230644226076,0.6726236979166667,0.5187032222747803,0.4302048683166504,0.8024225870768229,0.5064836740493774
pushup,0.14143288135528564,0.7301139831542969,0.023298563435673714,0.13047590255737304,0.7007410685221355,0.003994150087237358,0.13835253715515136,0.7139457702636719,0.03273532912135124,0.08213374614715577,0.6585127512613932,0.01588520035147667,0.10280811786651611,0.6947454452514649,0.23686251044273376,0.052999234199523924,0.6730810165405273,0.2490825206041336,0.14785552024841309,0.7695032119750976,0.3646221160888672,0.1475207567214966,0.6789587020874024,0.24998843669891357,0.30717968940734863,0.8525539398193359,0.32610905170440674,0.2066272735595703,0.6914899826049805,0.32558801770210266,0.342179536819458,0.8652970631917317,0.38196179270744324,0.19381970167160034,0.6792555491129557,0.7021471261978149,0.2570484161376953,0.7484687169392904,0.6884238123893738,0.3770684480667114,0.6628822962443034,0.7640380263328552,0.44022445678710936,0.7531460444132487,0.7841310501098633,0.5272566795349121,0.636326789855957,0.7479907274246216,0.5295523166656494,0.7290493647257487,0.7521306872367859
pushup,0.08460304737091065,0.6644166946411133,0.06950901448726654,0.07711474895477295,0.6382540384928386,0.02349744737148285,0.07688710689544678,0.6522100448608399,0.028470279648900032,0.0756265640258789,0.6055130004882813,0.04488881677389145,0.0628474235534668,0.6376384735107422,0.06700873374938965,0.12743401527404785,0.6260653813680013,0.7042502760887146,0.14268994331359863,0.6775137583414713,0.5233567357063293,0.2884806156158447,0.8231551488240559,0.7354161143302917,0.33531181812286376,0.8862144470214843,0.5431257486343384,0.3450807571411133,0.9317298889160156,0.5960398316383362,0.3536252498626709,0.9632633845011394,0.47660064697265625,0.3184398651123047,0.6054876963297526,0.800499677658081,0.3242811679840088,0.650689697265625,0.7262634038925171,0.47041683197021483,0.6317035675048828,0.5909091830253601,0.4859344959259033,0.6841843922932943,0.5370628833770752,0.6051589012145996,0.6345747629801433,0.39279231429100037,0.5865352153778076,0.6654825210571289,0.37315499782562256
pushup,0.058522915840148924,0.7044340133666992,0.8154170513153076,0.05977604389190674,0.682389767964681,0.8032715916633606,0.044201993942260744,0.6887234369913737,0.3943921625614166,0.09016220569610596,0.6444664001464844,0.7078502178192139,0.030463123321533205,0.6616447448730469,0.08960321545600891,0.20535812377929688,0.6543266296386718,0.9888637065887451,0.08379740715026855,0.6490451176961263,0.9171704649925232,0.33687891960144045,0.8719583511352539,0.963570773601532,0.09769711494445801,0.788430658976237,0.745689332485199,0.323212194442749,1.0,0.8265209197998047,0.08680329322814942,0.924816640218099,0.5871886014938354,0.44738163948059084,0.5863577524820963,0.9506986141204834,0.37280426025390623,0.6032245635986329,0.9085271954536438,0.52398681640625,0.6961859385172526,0.788357138633728,0.4643278121948242,0.7027299245198567,0.6549286842346191,0.6103361129760743,0.6550188700358073,0.48505887389183044,0.5860997200012207,0.6449239095052083,0.4182349443435669
pushup,0.05430259704589844,0.6156824747721354,0.9716420769691467,0.05338532924652099,0.5774251302083333,0.973327100276947,0.031164336204528808,0.6008948644002279,0.702312707901001,0.09809989929199218,0.5187939961751302,0.9468680620193481,0.033037781715393066,0.5774785995483398,0.10851922631263733,0.2272883176803589,0.5791416803995768,0.9977479577064514,0.11166543960571289,0.5777104695638021,0.9785021543502808,0.3165043115615845,0.8613288243611653,0.9850037097930908,0.09546514749526977,0.7316869735717774,0.8631331324577332,0.29507620334625245,1.0,0.8906639814376831,0.0720253348350525,0.9121260325113932,0.6672253608703613,0.46282014846801756,0.6404191970825195,0.9663696885108948,0.3930181980133057,0.6581841786702474,0.9379209876060486,0.5160478115081787,0.7065659205118815,0.8222793936729431,0.46289834976196287,0.7142907460530599,0.7035446763038635,0.6515719890594482,0.7172039031982422,0.4570106565952301,0.5957268714904785,0.7049452463785807,0.40162357687950134
pushup,0.057816934585571286,0.5871976216634115,0.9545078277587891,0.06614944934844971,0.5440094629923503,0.950391411781311,0.030266547203063966,0.5617937723795573,0.7561754584312439,0.11497604846954346,0.5006849606831868,0.8417483568191528,0.010468792915344239,0.5439385096232097,0.1846349537372589,0.22828564643859864,0.5913155873616537,0.9947182536125183,0.07720026969909669,0.583181635538737,0.9658403992652893,0.3150745153427124,0.8702487945556641,0.9590591192245483,0.06904683113098145,0.745291010538737,0.773294985294342,0.3040145397186279,1.0,0.8182761669158936,0.04794633388519287,0.8872207005818685,0.6542820334434509,0.4390420913696289,0.5996981938680013,0.9557763338088989,0.3515575170516968,0.6163124084472656,0.9259833097457886,0.5092099666595459,0.6690090815226237,0.806901216506958,0.4758009433746338,0.6633878072102865,0.7111534476280212,0.6246696472167969,0.5983482360839844,0.5841954350471497,0.6150863647460938,0.5563036600748698,0.5441814661026001
pushup,0.06686997413635254,0.5604435602823893,0.950666606426239,0.07939221858978271,0.5172165552775065,0.9463026523590088,0.03422150611877441,0.5330007870992025,0.7624322772026062,0.12856945991516114,0.48660993576049805,0.8321805000305176,0.003363156318664551,0.5260438601175944,0.24138572812080383,0.2297377109527588,0.5830547332763671,0.9969573020935059,0.059151649475097656,0.5827431996663411,0.9643629193305969,0.31197681427001955,0.8437657674153646,0.9729800820350647,0.056750941276550296,0.7533288319905599,0.6936564445495605,0.29081063270568847,0.968948491414388,0.842075765132904,0.025902295112609865,0.9099280039469401,0.5275595188140869,0.41458859443664553,0.5826016743977864,0.973463773727417,0.3150092363357544,0.6041155497233073,0.9365676641464233,0.5043947219848632,0.6770974477132161,0.8721585869789124,0.4632558822631836,0.679437255859375,0.7429289221763611,0.6066241264343262,0.5918580373128255,0.6484869122505188,0.6039484024047852,0.5658335367838542,0.5507702231407166
pushup,0.07612104415893554,0.5638031641642253,0.9333736300468445,0.0840226411819458,0.5207614898681641,0.931258499622345,0.04445643424987793,0.538162104288737,0.6538078188896179,0.12855050563812256,0.48085803985595704,0.8179256916046143,0.015435242652893066,0.5248371760050455,0.17132796347141266,0.23514385223388673,0.5708136876424154,0.9971543550491333,0.06931204795837402,0.5698501586914062,0.9524016380310059,0.30925736427307127,0.8551761627197265,0.9803493022918701,0.05926380157470703,0.7594949722290039,0.6538412570953369,0.27643914222717286,0.9774030685424805,0.8757121562957764,0.04113526344299316,0.9177029927571615,0.5098430514335632,0.42561187744140627,0.5798888524373372,0.9740402698516846,0.328067946434021,0.6011929829915365,0.9267978668212891,0.5093959331512451,0.6747329711914063,0.878174364566803,0.4688401222229004,0.6772247314453125,0.7167220115661621,0.609881591796875,0.6077083587646485,0.638302743434906,0.600863265991211,0.5774185180664062,0.5094699263572693
pushup,0.07783002853393554,0.5723608652750651,0.9461159110069275,0.08812580108642579,0.5284185409545898,0.9442766308784485,0.04448146820068359,0.5446034749348958,0.7213107347488403,0.13584442138671876,0.49054689407348634,0.8287454843521118,0.013423514366149903,0.5318932215372721,0.19741787016391754,0.24068975448608398,0.5781203587849935,0.9964970946311951,0.07161521911621094,0.5709703445434571,0.9549227952957153,0.31204724311828613,0.8518165588378906,0.974818766117096,0.06151583194732666,0.7463226954142252,0.6865381002426147,0.2832820415496826,0.9731042226155598,0.8728044033050537,0.046857452392578124,0.9028935750325521,0.5755694508552551,0.42670392990112305,0.5692964553833008,0.9640028476715088,0.3266605854034424,0.5857456843058269,0.9136015176773071,0.4998134136199951,0.6760028839111328,0.8370773196220398,0.4566678524017334,0.6708215077718099,0.6756619215011597,0.5903751373291015,0.6096230824788411,0.5520527958869934,0.5785373687744141,0.5720516204833984,0.4442331790924072
pushup,0.08230719566345215,0.5743627548217773,0.9545001983642578,0.09239768981933594,0.52884947458903,0.9566344618797302,0.04681296348571777,0.5488981246948242,0.7337840795516968,0.14169647693634033,0.4893062591552734,0.8655781745910645,0.014877557754516602,0.5404218673706055,0.17275449633598328,0.245353102684021,0.5669380187988281,0.9973655343055725,0.07577393054962159,0.5794085820515951,0.9577220678329468,0.3161454200744629,0.8441680908203125,0.9830901622772217,0.06105656623840332,0.7644159317016601,0.6960232853889465,0.28220701217651367,0.974340311686198,0.8934167623519897,0.040201234817504886,0.9090845108032226,0.5643805265426636,0.4452765464782715,0.5587286631266276,0.9731014966964722,0.3432532548904419,0.5885248819986979,0.9261659383773804,0.5443078994750976,0.6664227803548177,0.846829354763031,0.48912601470947265,0.6887366612752278,0.6676329970359802,0.6394087791442871,0.5927935282389323,0.5237131118774414,0.6107281684875489,0.5920791625976562,0.3964567184448242
pushup,0.08401956558227539,0.572362772623698,0.9557260274887085,0.0938608169555664,0.5260854403177897,0.9591320157051086,0.04893512725830078,0.5470691680908203,0.7254480123519897,0.14514756202697754,0.48752190272013346,0.874085009098053,0.020889091491699218,0.5408381779988607,0.15808358788490295,0.24553933143615722,0.568915049235026,0.9972789883613586,0.08667800426483155,0.5825259526570638,0.9559530019760132,0.31351499557495116,0.8445040384928385,0.9819353818893433,0.07508196830749511,0.7684642155965169,0.6810930967330933,0.29521424770355226,0.9796374003092448,0.8873250484466553,0.04963233470916748,0.9153318405151367,0.5434695482254028,0.4414344310760498,0.5618981679280599,0.9693529605865479,0.3472315788269043,0.5914801915486654,0.9161840677261353,0.5398467063903809,0.6563388188680013,0.8513213396072388,0.49556722640991213,0.673916753133138,0.6754474639892578,0.6383923530578614,0.6008379618326823,0.5561392903327942,0.618471908569336,0.5918349583943685,0.43055087327957153
pushup,0.07814593315124511,0.577838389078776,0.9290143847465515,0.08845343589782714,0.5343827565511068,0.9284737706184387,0.04617135524749756,0.5511472066243489,0.6506892442703247,0.13654921054840088,0.491894785563151,0.8050971031188965,0.01612539291381836,0.5338816960652669,0.15137000381946564,0.24183125495910646,0.5662839253743489,0.9958504438400269,0.07012875080108642,0.5649723052978516,0.942619264125824,0.31513519287109376,0.8481679280598958,0.9773247241973877,0.059023714065551756,0.7532400767008464,0.6724852323532104,0.2791700839996338,0.9678414662679037,0.8820115327835083,0.04317069053649902,0.9118597666422527,0.5568817257881165,0.429625415802002,0.5593293507893881,0.9651989936828613,0.3251782417297363,0.5799481709798177,0.9115613698959351,0.5096149921417237,0.6800104141235351,0.8268291354179382,0.45026302337646484,0.6865481694539388,0.6438838839530945,0.6110236644744873,0.6132395426432292,0.5019773840904236,0.5760111808776855,0.5935440063476562,0.3827087879180908
pushup,0.0731926679611206,0.5800793329874675,0.9442369937896729,0.08128447532653808,0.5381179809570312,0.9420130252838135,0.04035179615020752,0.5556944529215495,0.7000048756599426,0.1264631748199463,0.4989016850789388,0.8234031200408936,0.009270310401916504,0.5442230224609375,0.1723097264766693,0.23448054790496825,0.5749441782633463,0.9968372583389282,0.0693356990814209,0.5788829167683919,0.9540184736251831,0.3116194248199463,0.852029291788737,0.9806443452835083,0.058952164649963376,0.7616012573242188,0.6994143128395081,0.28481364250183105,0.9743783315022786,0.8844664692878723,0.037102770805358884,0.9086716969807943,0.5700743198394775,0.44354877471923826,0.563434092203776,0.9709951877593994,0.3439794063568115,0.5883984883626302,0.9245489239692688,0.535987138748169,0.667936134338379,0.8513045907020569,0.48436813354492186,0.6798593521118164,0.6830088496208191,0.6314549446105957,0.6013087590535482,0.548818051815033,0.6043604373931885,0.5853497823079427,0.42819905281066895
pushup,0.05548341274261474,0.6118598302205404,0.9667161703109741,0.0539994478225708,0.5709498723347982,0.9726548194885254,0.030222344398498534,0.5967952728271484,0.6713851094245911,0.10200811624526977,0.5025837898254395,0.9392673373222351,0.03176612854003906,0.5673571904500325,0.08843346685171127,0.22249250411987304,0.5573853810628255,0.9972135424613953,0.1131434440612793,0.5492761611938477,0.9632675647735596,0.2979089021682739,0.8659785588582357,0.9835794568061829,0.09713597297668457,0.7227818171183268,0.7902243733406067,0.2941951513290405,1.0,0.8860465884208679,0.08174536228179932,0.9057755788167318,0.5863674879074097,0.4322699546813965,0.5805984497070312,0.9523227214813232,0.3670812129974365,0.5946425755818685,0.8977007865905762,0.4853357315063477,0.6803259531656901,0.7751015424728394,0.44670810699462893,0.6800545374552409,0.5975036025047302,0.6240469932556152,0.6859055201212565,0.3959001302719116,0.5689243316650391,0.6582499821980794,0.3153954744338989
pushup,0.039415836334228516,0.660967763264974,0.8721625208854675,0.03978531360626221,0.6353216171264648,0.8459084033966064,0.029777216911315917,0.6408032099405925,0.5422301888465881,0.07388412952423096,0.5780517578125,0.6889938116073608,0.02396867275238037,0.5918690999348958,0.1262933909893036,0.2005610466003418,0.6065163930257161,0.9840750694274902,0.07452478408813476,0.5673692703247071,0.9515972137451172,0.31657991409301756,0.8769396464029948,0.9263244271278381,0.061202621459960936,0.7156243006388346,0.8253466486930847,0.30259807109832765,1.0,0.7252821922302246,0.044776105880737306,0.8710910161336263,0.6875193119049072,0.44811296463012695,0.5533480326334635,0.9386935830116272,0.37317941188812254,0.5558027903238932,0.9262842535972595,0.534665584564209,0.6559964497884114,0.7724725604057312,0.4918635845184326,0.6266808827718099,0.7333093881607056,0.6576939582824707,0.6231496810913086,0.5234514474868774,0.6269512176513672,0.5582181930541992,0.5437708497047424
pushup,0.09550251960754394,0.7292222340901693,0.6769853234291077,0.09305286407470703,0.7119683583577474,0.5580077171325684,0.08449373245239258,0.7124714533487956,0.3599587082862854,0.10761168003082275,0.6613173802693685,0.3948937654495239,0.06064162254333496,0.6650047938028971,0.14078333973884583,0.20849015712738037,0.6533638000488281,0.9785147309303284,0.07396059036254883,0.6219123840332031,0.9344676733016968,0.33102779388427733,0.88157164255778,0.9357542991638184,0.045287466049194335,0.7490978876749674,0.8281336426734924,0.3052337169647217,1.0,0.74915611743927,0.026102495193481446,0.8915931701660156,0.6928355097770691,0.4168450355529785,0.5592030207316081,0.9529105424880981,0.3418437004089355,0.57091859181722,0.9384207725524902,0.5265371322631835,0.6424195607503255,0.7970361113548279,0.4766683101654053,0.6375223159790039,0.7462291121482849,0.6293483734130859,0.5501595815022786,0.5923523306846619,0.6252586364746093,0.5350847880045573,0.578350305557251
pushup,0.2049846649169922,0.7461250940958659,0.1167915090918541,0.19474563598632813,0.7276218414306641,0.02743671089410782,0.20929970741271972,0.7332854588826497,0.05046193674206734,0.16951613426208495,0.6454690297444662,0.08808335661888123,0.2065368890762329,0.6636480967203776,0.1713542938232422,0.1518083930015564,0.5893996556599935,0.8043316602706909,0.22349898815155028,0.6272533416748047,0.6742085218429565,0.21323800086975098,0.787402852376302,0.8333866000175476,0.3218777418136597,0.8631270090738933,0.6791211366653442,0.24532935619354249,0.962922477722168,0.7372846603393555,0.3539107322692871,1.0,0.5716083645820618,0.1671316385269165,0.6158561070760091,0.686772346496582,0.21416075229644777,0.6406225840250651,0.5799822211265564,0.2620793104171753,0.7589464823404948,0.3686431050300598,0.3271052598953247,0.7870845794677734,0.28615909814834595,0.33363478183746337,0.8681737263997396,0.0964590311050415,0.3772477388381958,0.8856581370035808,0.07451457530260086
pushup,0.4389211654663086,0.7231992721557617,0.06770769506692886,0.44455366134643554,0.7115176518758138,0.019744187593460083,0.4497685432434082,0.7136706670125326,0.037127528339624405,0.4451253890991211,0.680750846862793,0.054990071803331375,0.45029048919677733,0.6876694361368815,0.0749458447098732,0.3884896755218506,0.6578109741210938,0.5205175280570984,0.3757298707962036,0.6878183364868165,0.3946661949157715,0.34693059921264646,0.7714611053466797,0.6714540123939514,0.3347811222076416,0.8514623006184896,0.42004290223121643,0.3599433183670044,0.8359822591145833,0.7073009610176086,0.3796809196472168,0.8420895258585612,0.46310120820999146,0.24071216583251953,0.6881903330485026,0.6205775737762451,0.23030803203582764,0.701882807413737,0.4784820079803467,0.32237091064453127,0.8440598805745443,0.4686134457588196,0.32766995429992674,0.8602242787679036,0.3401432931423187,0.3417550802230835,0.9924070358276367,0.1330432891845703,0.3547180414199829,1.0,0.09119816869497299
pushup,0.3739737272262573,0.8701986948649089,0.03326926380395889,0.36666548252105713,0.8580928802490234,0.007065842393785715,0.3731977462768555,0.8551717122395833,0.049563340842723846,0.316208553314209,0.8155240376790365,0.014265462756156921,0.32690205574035647,0.8128132502237956,0.2263926863670349,0.27005858421325685,0.7722314198811849,0.35831770300865173,0.28469464778900144,0.7924646377563477,0.36456233263015747,0.30414495468139646,0.8115214029947917,0.41768497228622437,0.349032998085022,0.8458885828653971,0.35570183396339417,0.37666079998016355,0.8754201889038086,0.4128829836845398,0.4469139099121094,0.8649783452351888,0.36528536677360535,0.3090851306915283,0.6681484858194987,0.6621837019920349,0.3294306039810181,0.7002836227416992,0.5938963890075684,0.42673506736755373,0.6808146158854167,0.7157660722732544,0.4435476779937744,0.7035167694091797,0.6503381133079529,0.5567494392395019,0.6385391235351563,0.7266976237297058,0.5688141822814942,0.6581817626953125,0.6680922508239746
pushup,0.09352321624755859,0.8991462707519531,0.4002741277217865,0.0723912239074707,0.8711875915527344,0.23360484838485718,0.056929945945739746,0.9086443583170573,0.44507259130477905,0.05734260082244873,0.8485272725423177,0.07958657294511795,0.013490128517150878,0.9465609868367513,0.43815943598747253,0.11196532249450683,0.8331390380859375,0.6034693717956543,0.11954716444015503,0.9422875086466471,0.4646790325641632,0.2665809392929077,0.7515815099080404,0.46773457527160645,0.28663604259490966,0.8912343978881836,0.3501090109348297,0.34836711883544924,0.7235728581746419,0.5594406127929688,0.3981646537780762,0.8135519663492838,0.5357681512832642,0.29665961265563967,0.7390673319498698,0.7907225489616394,0.30350604057312014,0.810780652364095,0.7259027361869812,0.4278388977050781,0.7414819081624349,0.794701099395752,0.4748984336853027,0.8322545369466146,0.7672761082649231,0.5081554412841797,0.6895933787027995,0.7521033883094788,0.4913778305053711,0.7397570927937825,0.7244729995727539
pushup,0.11226847171783447,0.8783791224161784,0.07034290581941605,0.11166515350341796,0.8592878977457682,0.0434868261218071,0.11068387031555176,0.8748706817626953,0.05466986075043678,0.11551845073699951,0.8316916147867839,0.05880654603242874,0.09953434467315674,0.8692747751871744,0.05052613094449043,0.12313799858093262,0.8080989201863606,0.2450343817472458,0.14499001502990722,0.8683593114217122,0.12338914722204208,0.22862143516540528,0.7704977671305339,0.3254932165145874,0.24243569374084473,0.8192955017089844,0.14730270206928253,0.2877065658569336,0.850030263264974,0.39675021171569824,0.2965370178222656,0.7743350982666015,0.251420795917511,0.2329425811767578,0.7464911142985026,0.6469029188156128,0.24394030570983888,0.8010293324788411,0.5150070786476135,0.41170740127563477,0.7142801920572917,0.6632619500160217,0.4344398021697998,0.8167608896891276,0.5870662331581116,0.5344754219055176,0.6536377588907878,0.7370702028274536,0.5139986991882324,0.7639868418375652,0.6835899353027344
pushup,0.18166775703430177,0.8491966247558593,0.02820025384426117,0.16465258598327637,0.8312142690022787,0.011534220539033413,0.18209702968597413,0.847216542561849,0.03164584934711456,0.13055117130279542,0.8067978541056315,0.0405750572681427,0.1714682936668396,0.8517225901285808,0.1508236527442932,0.12291219234466552,0.8026480992635091,0.24465236067771912,0.21635761260986328,0.8682024637858073,0.2151341736316681,0.17232072353363037,0.7727401733398438,0.20126508176326752,0.290573263168335,0.8549091339111328,0.1594850867986679,0.18867549896240235,0.8034937540690105,0.17783182859420776,0.28845198154449464,0.8346029917399088,0.18816255033016205,0.23351843357086183,0.7285878499348958,0.607781708240509,0.29534006118774414,0.777354367574056,0.5538003444671631,0.42396206855773927,0.7051352183024089,0.6577305197715759,0.4788942337036133,0.7646855036417644,0.6519084572792053,0.5474425315856933,0.6293446858723958,0.7860531806945801,0.5147514820098877,0.6748043696085612,0.781015157699585
pushup,0.09279434680938721,0.8855401357014974,0.020028889179229736,0.07556052207946777,0.8715417226155598,0.009966039098799229,0.09325313568115234,0.888230578104655,0.02086780220270157,0.05120851993560791,0.8498993555704752,0.0478227324783802,0.09316778182983398,0.8957239151000976,0.14351117610931396,0.06175134181976318,0.8284762700398763,0.22911971807479858,0.16081223487854004,0.8657412846883138,0.18879251182079315,0.09754722118377686,0.7756429672241211,0.1995057761669159,0.188055157661438,0.8037065505981446,0.15125489234924316,0.10069863796234131,0.7907555262247722,0.14528100192546844,0.13810161352157593,0.8702850341796875,0.157782644033432,0.20171747207641602,0.7600234985351563,0.6038213968276978,0.2607754707336426,0.7926343282063802,0.5614078044891357,0.37206015586853025,0.7559525807698567,0.5500328540802002,0.4307136535644531,0.7948920567830403,0.5408556461334229,0.48281149864196776,0.6749678293863932,0.6520348191261292,0.43592004776000975,0.686097780863444,0.6516086459159851
pushup,0.36318371295928953,0.8358550389607747,0.0060629649087786674,0.3508817434310913,0.8308993657430013,0.0021337170619517565,0.37328901290893557,0.8334104537963867,0.0054035549983382225,0.31065897941589354,0.8210172017415365,0.03172632306814194,0.37558536529541015,0.830593999226888,0.13515082001686096,0.23351263999938965,0.7973588943481446,0.33078262209892273,0.3754798412322998,0.8077720642089844,0.1964157670736313,0.17697327136993407,0.7284331639607747,0.36902034282684326,0.4220268249511719,0.7398476918538411,0.1687476933002472,0.1310185670852661,0.7230992635091146,0.23390056192874908,0.44310917854309084,0.7446041742960612,0.13621464371681213,0.20125191211700438,0.761395263671875,0.7446709275245667,0.29063878059387205,0.7789257049560547,0.6336175203323364,0.35485589504241943,0.7806356430053711,0.6499547362327576,0.44307384490966795,0.8112407684326172,0.5807775855064392,0.432112455368042,0.6508716583251953,0.722889244556427,0.4672581195831299,0.6918683369954427,0.6639954447746277
pushup,0.33584768772125245,0.8794974644978841,0.0010775888804346323,0.31085643768310545,0.8746366500854492,0.0004036321770399809,0.3475449562072754,0.8839185078938802,0.0013508287956938148,0.24885885715484618,0.8700633366902669,0.018675776198506355,0.3542515277862549,0.8986541748046875,0.1064530536532402,0.1903035283088684,0.8614964167277018,0.1264438033103943,0.36227049827575686,0.87842222849528,0.07705526053905487,0.16865501403808594,0.7874069849650065,0.15575990080833435,0.408274507522583,0.7955678939819336,0.07927855104207993,0.16902098655700684,0.7916790008544922,0.11494594812393188,0.4191157817840576,0.8258150100708008,0.0774516686797142,0.18542240858078002,0.7712594985961914,0.5571709275245667,0.298369312286377,0.7901175181070964,0.4538549482822418,0.3569345474243164,0.7904903411865234,0.6154286861419678,0.4434443473815918,0.8008427302042643,0.5620701313018799,0.48754053115844725,0.7040067036946615,0.725719690322876,0.4680152893066406,0.7046969095865886,0.684981107711792
pushup,0.25760340690612793,0.8364122390747071,0.026178959757089615,0.2397390365600586,0.8199792861938476,0.00757815595716238,0.25921628475189207,0.8354888280232747,0.04004521295428276,0.18851722478866578,0.8031728744506836,0.04133927449584007,0.24464454650878906,0.8477850596110026,0.27120861411094666,0.1460127830505371,0.8082398096720378,0.2665446400642395,0.2793837070465088,0.8763440450032552,0.2635761797428131,0.19105210304260253,0.7728877385457357,0.1872272491455078,0.37213664054870604,0.8562517166137695,0.1984197348356247,0.24827842712402343,0.8076358795166015,0.18735985457897186,0.4292460918426514,0.8196781794230144,0.20942313969135284,0.21187496185302734,0.7482590993245443,0.5775009989738464,0.30005636215209963,0.7999910354614258,0.5331240892410278,0.3948198318481445,0.695718256632487,0.676140308380127,0.46761307716369627,0.7715007781982421,0.6812273859977722,0.5102718353271485,0.6246814727783203,0.8308067917823792,0.5007644176483155,0.7009868621826172,0.8191067576408386
pushup,0.1386192560195923,0.8564838409423828,0.03191380575299263,0.13232996463775634,0.8295032501220703,0.016175568103790283,0.12960317134857177,0.8509719212849934,0.03201797604560852,0.12904572486877441,0.7987683614095052,0.020522430539131165,0.11062700748443603,0.8549794514973958,0.03960425779223442,0.13311145305633545,0.7904420216878255,0.08146300166845322,0.16247859001159667,0.8723366419474284,0.07349077612161636,0.1961621403694153,0.7586385091145833,0.13968047499656677,0.1997631311416626,0.8740128835042318,0.11762755364179611,0.22113401889801027,0.7830086390177409,0.21730934083461761,0.18907641172409057,0.8639472961425781,0.2355242222547531,0.23059649467468263,0.7577704111735026,0.45971012115478516,0.2428227424621582,0.8156838734944661,0.42636510729789734,0.38951089382171633,0.7629161834716797,0.5023832321166992,0.39834027290344237,0.8699476877848308,0.5108757019042969,0.47278423309326173,0.6482396443684896,0.6188898682594299,0.39716405868530275,0.7659571965535482,0.602878212928772
pushup,0.09905648231506348,0.9312668482462565,0.13892284035682678,0.09506371021270751,0.8997151056925455,0.06878185272216797,0.08230781555175781,0.9237847010294596,0.13259316980838776,0.09977147579193116,0.8548268000284831,0.029107609763741493,0.05480341911315918,0.9161067962646484,0.05997861921787262,0.11941251754760743,0.8201731999715169,0.15524518489837646,0.13514742851257325,0.9120469411214193,0.11568238586187363,0.2791934013366699,0.7391960779825847,0.26250743865966797,0.27364273071289064,0.8769545873006185,0.23459571599960327,0.37296648025512696,0.7269880930582683,0.4712221920490265,0.3164267063140869,0.7831644058227539,0.47642675042152405,0.22501678466796876,0.7590370178222656,0.5188446044921875,0.2296074867248535,0.82002747853597,0.4643644392490387,0.37770044803619385,0.7708495457967123,0.4963065981864929,0.3967461347579956,0.8791750590006511,0.5045647025108337,0.4667828559875488,0.666853396097819,0.5228787660598755,0.41620779037475586,0.7815752665201823,0.5030391812324524
pushup,0.33750429153442385,0.8325267155965169,0.12580126523971558,0.32436749935150144,0.8136951446533203,0.01838611252605915,0.3329472064971924,0.8210475285847981,0.26950985193252563,0.2582563877105713,0.7651210149129232,0.014400726184248924,0.2795417308807373,0.7907904942830404,0.6006902456283569,0.1935606360435486,0.7216537475585938,0.4034191071987152,0.24409520626068115,0.8069696426391602,0.3754599690437317,0.28493590354919435,0.6721218744913737,0.34700238704681396,0.329156231880188,0.8483866373697917,0.2454526126384735,0.38234946727752683,0.6598672231038412,0.39340007305145264,0.4167319297790527,0.8474464416503906,0.27231448888778687,0.2080059289932251,0.7030909856160482,0.4874134659767151,0.2507455348968506,0.766965103149414,0.35858890414237976,0.3949929714202881,0.6765650431315104,0.527669370174408,0.4371936321258545,0.7522806167602539,0.4140413701534271,0.5192060947418213,0.6619588216145833,0.5321148633956909,0.5278954029083252,0.733290163675944,0.42118629813194275
pushup,0.09338719844818115,0.8950571060180664,0.3442610204219818,0.08583593368530273,0.8564912796020507,0.3982299864292145,0.06484832763671874,0.8855799992879232,0.13416698575019836,0.11636347770690918,0.7960413614908854,0.3572485148906708,0.05182311534881592,0.8697048187255859,0.06283631175756454,0.2026270866394043,0.7765019734700521,0.849371075630188,0.17820050716400146,0.8364335378011067,0.5002532601356506,0.3394428491592407,0.8565041859944661,0.8008491396903992,0.33692474365234376,0.8952536265055339,0.38324618339538574,0.3466788291931152,0.9565501530965169,0.7078136205673218,0.3501549959182739,0.9814024607340495,0.42140519618988037,0.39410216808319093,0.6225744247436523,0.8400487899780273,0.38094463348388674,0.6621970494588216,0.7331199049949646,0.4879631042480469,0.6782131195068359,0.7247928380966187,0.5050925254821778,0.7216480255126954,0.6168994307518005,0.5784210205078125,0.5757633209228515,0.6393113732337952,0.5632713317871094,0.5951032002766927,0.5810267925262451
pushup,0.3421428680419922,0.7823889414469402,0.20528095960617065,0.3364870071411133,0.7703563690185546,0.02887146733701229,0.3458798885345459,0.7763278961181641,0.19633778929710388,0.3069880247116089,0.6978014628092448,0.031155407428741455,0.3334068775177002,0.7154770533243815,0.433949738740921,0.25866236686706545,0.6339759190877279,0.7366803884506226,0.2743609666824341,0.6790657043457031,0.6548895835876465,0.32105274200439454,0.7688887278238933,0.7171175479888916,0.3331855058670044,0.8710459391276042,0.605217456817627,0.3592993259429932,0.8973422368367513,0.5952895283699036,0.3577714443206787,0.9469503402709961,0.42601099610328674,0.08624563217163086,0.6781768798828125,0.5068284869194031,0.10050060749053955,0.6986900329589844,0.3915597200393677,0.1870583176612854,0.7639458338419597,0.192277729511261,0.22831151485443116,0.8051296869913737,0.14633171260356903,0.19083603620529174,0.783497683207194,0.06329288333654404,0.2444912910461426,0.8342322667439779,0.043245527893304825
pushup,0.08395240306854249,0.7289061228434245,0.6272426843643188,0.08077778816223144,0.7142047882080078,0.5789986252784729,0.07999196052551269,0.7139509836832683,0.27114033699035645,0.098097825050354,0.672191047668457,0.5650455355644226,0.07735307216644287,0.6720038096110026,0.11539958417415619,0.1888720750808716,0.6699416478474934,0.972706139087677,0.13291330337524415,0.6464272181193034,0.9355486035346985,0.30973639488220217,0.9015719095865885,0.9039451479911804,0.18719370365142823,0.8049285888671875,0.8271821737289429,0.3096726417541504,1.0,0.6610273718833923,0.15132594108581543,0.9387056986490886,0.6356465816497803,0.40880389213562013,0.5549288431803385,0.935272216796875,0.3794317007064819,0.5639905293782552,0.9293858408927917,0.4972445011138916,0.6481184641520182,0.7700933814048767,0.4792529582977295,0.6393938700358073,0.7660225629806519,0.6118659973144531,0.5254628499348958,0.6096470355987549,0.6104531288146973,0.5146107991536458,0.6432216167449951
pushup,0.09462037086486816,0.7365434646606446,0.4583396315574646,0.08929691314697266,0.7195133209228516,0.337679386138916,0.08806819915771484,0.7198821385701497,0.1828802078962326,0.10304508209228516,0.6634138107299805,0.3313080072402954,0.07665197849273682,0.6653992335001627,0.10753150284290314,0.20664677619934083,0.66048583984375,0.9627174735069275,0.1069957971572876,0.6117429733276367,0.92186039686203,0.3292372703552246,0.8887013117472331,0.896209716796875,0.11563632488250733,0.7247262318929036,0.8393402099609375,0.2901183605194092,1.0,0.6738836765289307,0.0867614507675171,0.8837589263916016,0.7003068923950195,0.39518418312072756,0.567846934000651,0.9505587816238403,0.3425696134567261,0.5627081553141277,0.9485640525817871,0.47493934631347656,0.6648647308349609,0.8197242617607117,0.4562813758850098,0.6291328430175781,0.8188960552215576,0.5826648712158203,0.5670246760050456,0.6754397749900818,0.5969460487365723,0.5143758138020833,0.7080285549163818
pushup,0.07194154262542725,0.756781260172526,0.41550877690315247,0.07680311203002929,0.7318137486775717,0.3177708089351654,0.05317974090576172,0.7352095286051432,0.16372697055339813,0.10289638042449951,0.6628042221069336,0.25651636719703674,0.01839401721954346,0.6712970733642578,0.07060439139604568,0.1984807252883911,0.6447438557942708,0.9745967984199524,0.033895230293273924,0.6012670516967773,0.8514478206634521,0.31803579330444337,0.8689801534016927,0.9578810930252075,0.05169577598571777,0.7079893747965494,0.7548108696937561,0.3053364038467407,0.9847083409627279,0.8133596777915955,0.07476072311401367,0.8906768798828125,0.5773048996925354,0.3757697582244873,0.5564357121785481,0.9774856567382812,0.2784263134002686,0.5619269053141276,0.9566777944564819,0.4579163551330566,0.6915688196818034,0.8589487075805664,0.3900593757629395,0.6911820729573568,0.7508237957954407,0.5855737209320069,0.549121602376302,0.6396301984786987,0.5592202186584473,0.548300043741862,0.5429276823997498
pushup,0.08660449981689453,0.7568765640258789,0.2814256548881531,0.09392857551574707,0.7311304728190104,0.17849352955818176,0.06464300155639649,0.7323801040649414,0.1153995543718338,0.11798136234283448,0.6687404632568359,0.1432308852672577,0.02036468982696533,0.6715365091959635,0.06764142960309982,0.19990886449813844,0.652606455485026,0.9553389549255371,0.0357860803604126,0.5996989568074544,0.8163006901741028,0.3080956697463989,0.8683540344238281,0.9390892386436462,0.05836048126220703,0.6932271321614584,0.7555538415908813,0.2979545831680298,0.9773537317911783,0.7817927002906799,0.07883965969085693,0.8927762985229493,0.5982581973075867,0.36890082359313964,0.548291269938151,0.972601592540741,0.27251126766204836,0.5503438949584961,0.9547101259231567,0.43468685150146485,0.6870534261067708,0.8356893658638,0.3758559226989746,0.685783576965332,0.7418434023857117,0.5578625679016114,0.512630844116211,0.6319540739059448,0.5447014331817627,0.517098871866862,0.5510715842247009
pushup,0.0869680404663086,0.7503738403320312,0.609203577041626,0.09078695774078369,0.7294744491577149,0.5012379288673401,0.06877720355987549,0.7308464050292969,0.30955594778060913,0.1140200138092041,0.6656216939290365,0.31201693415641785,0.033221983909606935,0.6692310333251953,0.10925944149494171,0.2044591188430786,0.6280422210693359,0.9691879749298096,0.05750300884246826,0.5862503051757812,0.8877907395362854,0.30942339897155763,0.8599580128987631,0.9437822103500366,0.06500806808471679,0.7060120900472006,0.7998799085617065,0.29746253490448,1.0,0.7466954588890076,0.0760345697402954,0.8969198226928711,0.6074122190475464,0.42339434623718264,0.5137575149536133,0.9579953551292419,0.33053836822509763,0.5221043904622396,0.9384855628013611,0.5058320045471192,0.6663411458333334,0.7773848176002502,0.4157410621643066,0.6703497568766276,0.6802058815956116,0.6360794067382812,0.5614732106526693,0.5001275539398193,0.5715386390686035,0.5637695948282878,0.441322386264801
pushup,0.056676697731018064,0.7600292205810547,0.49858221411705017,0.06658809185028076,0.7371426900227864,0.41407132148742676,0.03770356178283692,0.7388360341389973,0.22995468974113464,0.10177600383758545,0.6775516510009766,0.29607680439949036,0.0035286903381347655,0.6797438939412435,0.08005157113075256,0.1975143790245056,0.6394788106282552,0.9585413932800293,0.04148423671722412,0.5914875030517578,0.8677348494529724,0.3129988431930542,0.8640700022379557,0.9279935359954834,0.07320852279663086,0.695217514038086,0.7891253232955933,0.2948625564575195,1.0,0.7140052914619446,0.08335611820220948,0.8873498280843098,0.5841844081878662,0.4186164379119873,0.49555238087972003,0.9608321785926819,0.31950740814208983,0.4981834411621094,0.9463639855384827,0.48239855766296386,0.6582129160563152,0.8039975166320801,0.4064833641052246,0.6549839019775391,0.7280566692352295,0.622597599029541,0.5473670323689779,0.5562906265258789,0.5851906776428223,0.5410095850626627,0.5119608640670776
pushup,0.11606578826904297,0.7552754720052083,0.286828875541687,0.12285256385803223,0.7347900390625,0.20287765562534332,0.09754064083099365,0.7320494969685872,0.10523464530706406,0.14338972568511962,0.6795427322387695,0.14117148518562317,0.053873205184936525,0.6709744771321614,0.05354628339409828,0.22008590698242186,0.6314673741658529,0.9150160551071167,0.06024167537689209,0.5866144180297852,0.7626829743385315,0.30599608421325686,0.8461655934651693,0.9323737621307373,0.058728694915771484,0.7045021692911784,0.7589550018310547,0.2967804193496704,1.0,0.7591650485992432,0.08785572052001953,0.8876368840535481,0.6184483766555786,0.44073486328125,0.4936004638671875,0.9467476010322571,0.33465678691864015,0.5026084582010905,0.9239562749862671,0.5082680702209472,0.6742135365804036,0.7403330206871033,0.3670202732086182,0.6779698053995769,0.6179007291793823,0.6598882675170898,0.5843972524007162,0.4207599461078644,0.5313587665557862,0.5867389043172201,0.35133567452430725
pushup,0.12205750942230224,0.7735848108927409,0.6734260320663452,0.12853740453720092,0.7528402964274089,0.5693386197090149,0.10531827211380004,0.742208735148112,0.39875054359436035,0.1452833294868469,0.6937294642130534,0.19846658408641815,0.05852975845336914,0.6689170837402344,0.09972161054611206,0.2184685707092285,0.6380057017008464,0.8931841850280762,0.07514803409576416,0.5724242528279623,0.7806223630905151,0.30713915824890137,0.8820091247558594,0.8938711285591125,0.0698011875152588,0.7240636189778645,0.7769989371299744,0.2980560541152954,1.0,0.7582083344459534,0.10563647747039795,0.8768063227335612,0.7144242525100708,0.43836536407470705,0.44254283905029296,0.8837268948554993,0.3332205772399902,0.4319445292154948,0.8654555678367615,0.48133158683776855,0.6834330240885417,0.6964916586875916,0.28571860790252684,0.650907834370931,0.5986765623092651,0.6168787002563476,0.6967919667561849,0.33424440026283264,0.3737821102142334,0.6487367630004883,0.2947542369365692
pushup,0.10655252933502198,0.7845074335734049,0.6633924245834351,0.11473712921142579,0.7621478398640951,0.49569541215896606,0.08987867832183838,0.7493693033854166,0.3772525191307068,0.14146223068237304,0.692477798461914,0.12240096181631088,0.048123526573181155,0.6650931676228841,0.06879869848489761,0.21315855979919435,0.6448230743408203,0.8207568526268005,0.07120256423950196,0.574026616414388,0.7308493256568909,0.3070512294769287,0.8805297215779623,0.8786371350288391,0.05747013092041016,0.7427344004313151,0.8530766367912292,0.3205183744430542,1.0,0.8443495631217957,0.1035951852798462,0.8766382217407227,0.8626763820648193,0.3623385429382324,0.5012482007344564,0.930902898311615,0.25661320686340333,0.4716458002726237,0.9292724132537842,0.34005286693573,0.8397522608439127,0.8316442966461182,0.1583418369293213,0.7818976720174153,0.7916284203529358,0.3674346923828125,0.9945501963297526,0.30255869030952454,0.1360255479812622,0.9109718958536784,0.2824675142765045
pushup,0.1610630750656128,0.7701569239298502,0.4216614067554474,0.1630748987197876,0.7456068674723307,0.19418863952159882,0.15155638456344606,0.7448444366455078,0.22790780663490295,0.18337125778198243,0.6628615697224934,0.07631927728652954,0.1305941104888916,0.6671489079793295,0.07888951152563095,0.24394705295562744,0.5686974843343099,0.6146043539047241,0.16283373832702636,0.5843404769897461,0.6751598119735718,0.4418628215789795,0.6026645024617513,0.7306639552116394,0.20622673034667968,0.6883563359578451,0.8530369997024536,0.5355786800384521,0.6403856913248698,0.8356883525848389,0.19486483335494995,0.8147377014160156,0.8751912117004395,0.2888746500015259,0.49284079869588215,0.9248169660568237,0.2372753620147705,0.4920925776163737,0.9346184134483337,0.31032087802886965,0.8341623942057291,0.8772530555725098,0.2553552150726318,0.799899673461914,0.8942645192146301,0.3390532970428467,1.0,0.3784480392932892,0.24954123497009278,0.9657114028930665,0.42537829279899597
pushup,0.2040630578994751,0.7513832092285156,0.5812172293663025,0.20973024368286133,0.7350404739379883,0.4439019560813904,0.18812986612319946,0.7275772094726562,0.2922922968864441,0.22585554122924806,0.6691794077555339,0.2500476539134979,0.14617937803268433,0.6552411397298177,0.12020071595907211,0.2972137451171875,0.6139651616414388,0.951691210269928,0.13807134628295897,0.5716466267903646,0.909460186958313,0.3506402730941772,0.8493940989176433,0.9436149001121521,0.10982842445373535,0.7313835144042968,0.871496319770813,0.28451154232025144,1.0,0.7999093532562256,0.08733134269714356,0.9106978098551433,0.7350066304206848,0.45349559783935545,0.49171740214029946,0.9698675870895386,0.34766159057617185,0.48585755030314126,0.9649611711502075,0.4796109199523926,0.6842152913411458,0.9329861402511597,0.3342552423477173,0.6606808980305989,0.9040651321411133,0.5744189262390137,0.6740058263142904,0.8115516304969788,0.4475105285644531,0.6448163350423177,0.7853562235832214
pushup,0.22024648189544677,0.7418780008951823,0.663439154624939,0.2313206434249878,0.7240720748901367,0.5025959610939026,0.20564696788787842,0.7095569610595703,0.44156768918037415,0.24984731674194335,0.6677037556966146,0.18676601350307465,0.16047154664993285,0.6330731709798177,0.18064779043197632,0.30583343505859373,0.6200842539469401,0.9080635905265808,0.1387629747390747,0.5558750788370769,0.8979957103729248,0.35075294971466064,0.8504440943400066,0.9092480540275574,0.07854232788085938,0.7122520446777344,0.8998094797134399,0.30316283702850344,1.0,0.7875166535377502,0.07283203601837158,0.8820409774780273,0.8467631936073303,0.45088872909545896,0.47477823893229165,0.956081211566925,0.3305889844894409,0.4621688524881999,0.9618528485298157,0.49210443496704104,0.6868465423583985,0.8849719166755676,0.26453819274902346,0.6659446080525716,0.8757580518722534,0.578471040725708,0.7023479461669921,0.6815224289894104,0.3233742952346802,0.6878200531005859,0.6822465658187866
pushup,0.22923669815063477,0.7326761245727539,0.7270795106887817,0.2444063901901245,0.7082282384236653,0.6966102719306946,0.20887696743011475,0.6960956573486328,0.3603084087371826,0.27894752025604247,0.6437257130940756,0.38997000455856323,0.17469358444213867,0.6207831700642904,0.06503856182098389,0.3420072555541992,0.5974467595418295,0.8884385228157043,0.17654037475585938,0.5613980611165365,0.8299449682235718,0.35991973876953126,0.8736789703369141,0.9184858798980713,0.144974684715271,0.8286228815714518,0.8473207950592041,0.3089226484298706,1.0,0.8430019617080688,0.20059459209442138,0.994513193766276,0.7819154858589172,0.4565154552459717,0.4520072937011719,0.9163624048233032,0.3341682434082031,0.4355131467183431,0.9057518243789673,0.43242568969726564,0.7375250498453776,0.843250572681427,0.20158634185791016,0.694429079691569,0.7861402034759521,0.44116921424865724,0.8943751017252605,0.45481905341148376,0.1837794303894043,0.8321229298909505,0.41969799995422363
pushup,0.24396922588348388,0.7311272939046224,0.6687988042831421,0.2566317319869995,0.7120732625325521,0.6450529098510742,0.22850251197814941,0.6982660293579102,0.3172590434551239,0.28852746486663816,0.6477563222249348,0.36545923352241516,0.19779971837997437,0.6187681198120117,0.0756770446896553,0.3458822250366211,0.5995914459228515,0.9092129468917847,0.19257280826568604,0.5501386006673177,0.8285934329032898,0.3581895351409912,0.8749266306559245,0.9134917855262756,0.15889040231704712,0.810543441772461,0.7979288101196289,0.3169384956359863,1.0,0.8095324039459229,0.23159594535827638,1.0,0.7080608606338501,0.4660323619842529,0.4321364084879557,0.8990943431854248,0.35791151523590087,0.4165228843688965,0.8763308525085449,0.4487929821014404,0.6826178232828776,0.8218202590942383,0.2769647121429443,0.6415402730305989,0.7464273571968079,0.46628265380859374,0.7899328867594401,0.50930255651474,0.30323314666748047,0.732087771097819,0.46039608120918274
pushup,0.2529066801071167,0.7195585250854493,0.8093509674072266,0.2685012578964233,0.7001529693603515,0.8376129269599915,0.23578214645385742,0.6864972432454427,0.4502876102924347,0.3025012493133545,0.6423116048177083,0.6449066400527954,0.20549676418304444,0.6145215352376302,0.08697344362735748,0.3581949472427368,0.5989009221394856,0.9590127468109131,0.2101130485534668,0.5377179463704427,0.876217246055603,0.36732442378997804,0.8454629262288411,0.9535752534866333,0.1581910014152527,0.7234315236409505,0.8160477876663208,0.3215809345245361,1.0,0.8827080130577087,0.1747923731803894,0.8585962931315104,0.7717271447181702,0.47753057479858396,0.4541838963826497,0.9537785053253174,0.3719403028488159,0.4314678827921549,0.9337207674980164,0.46920266151428225,0.6814011891682943,0.9281427264213562,0.29725539684295654,0.6368319829305013,0.8772040009498596,0.4977265357971191,0.7660154342651367,0.7516870498657227,0.3188185214996338,0.71322021484375,0.6942132115364075
pushup,0.2596444129943848,0.7100828806559245,0.8631510138511658,0.2731838941574097,0.6917139689127604,0.847468376159668,0.24264214038848878,0.6806546529134114,0.46180492639541626,0.31350257396698,0.610949961344401,0.5724244713783264,0.22144103050231934,0.5938126881917317,0.05237356573343277,0.36700522899627686,0.5710099538167318,0.9392359852790833,0.2275535821914673,0.5183355013529459,0.8452813625335693,0.36914021968841554,0.8446266174316406,0.9427979588508606,0.16743489503860473,0.7481945673624675,0.806054949760437,0.3358491897583008,1.0,0.9161222577095032,0.15618453025817872,0.9110427856445312,0.822064995765686,0.4282987594604492,0.502228577931722,0.9236270189285278,0.337099289894104,0.4729456901550293,0.8900952935218811,0.3869149684906006,0.8093297958374024,0.8952239155769348,0.2820281505584717,0.7412986119588216,0.8262836933135986,0.3694307804107666,1.0,0.5462754368782043,0.2802121639251709,0.9123725891113281,0.4913645386695862
pushup,0.27588825225830077,0.6978628794352214,0.8142000436782837,0.2884649753570557,0.6810896555582683,0.808168888092041,0.2594331979751587,0.6660048166910807,0.44160589575767517,0.3185442924499512,0.623668098449707,0.5528683662414551,0.22912490367889404,0.5950515747070313,0.08478301763534546,0.3674473285675049,0.5877166112263997,0.9508812427520752,0.23642151355743407,0.5296618461608886,0.8641539216041565,0.3806727886199951,0.8328019460042317,0.948433518409729,0.18993725776672363,0.7381760279337565,0.8136487007141113,0.33598339557647705,1.0,0.8937186598777771,0.21506662368774415,0.8803298950195313,0.7919902801513672,0.46210556030273436,0.47791519165039065,0.9450962543487549,0.3707426071166992,0.4494274775187174,0.9200055599212646,0.4200259208679199,0.7541243235270182,0.9296637773513794,0.29799842834472656,0.6915401458740235,0.8766324520111084,0.4013573169708252,0.9478694279988606,0.6702752709388733,0.29726533889770507,0.8597801208496094,0.6024402976036072
pushup,0.28944878578186034,0.6957441965738932,0.2399563491344452,0.30479865074157714,0.6709140777587891,0.18890880048274994,0.27808728218078616,0.6651933034261067,0.05542994290590286,0.3586551666259766,0.6068760553995768,0.14547912776470184,0.2690819978713989,0.5970900217692058,0.013712771236896515,0.3965590000152588,0.5749483744303385,0.6492327451705933,0.27937638759613037,0.5430605570475261,0.657135009765625,0.3722736597061157,0.8530200958251953,0.800679087638855,0.26265223026275636,0.8199031829833985,0.7916736006736755,0.3436966180801392,0.9742247263590494,0.7623603940010071,0.28752238750457765,0.9178169250488282,0.7496703863143921,0.4204843044281006,0.5070768356323242,0.9089037179946899,0.33469717502593993,0.48276309967041015,0.9140642285346985,0.37196688652038573,0.840620485941569,0.8673269152641296,0.26525852680206297,0.7804629643758138,0.8585503697395325,0.3532107830047607,1.0,0.4255414605140686,0.246848201751709,0.9683769861857097,0.43948894739151
pushup,0.28087558746337893,0.746139399210612,0.19758419692516327,0.3072347640991211,0.7182640711466471,0.2011539340019226,0.27156891822814944,0.7130523045857747,0.05762633681297302,0.3854710817337036,0.6532025655110677,0.12174814939498901,0.26844148635864257,0.640640385945638,0.009525836445391178,0.41648340225219727,0.5846093495686849,0.39829587936401367,0.26183650493621824,0.5553199132283528,0.4098832309246063,0.41006197929382326,0.7484095255533855,0.6668439507484436,0.21175026893615723,0.7315295537312826,0.6697434186935425,0.4451419830322266,0.7211030324300131,0.7930063009262085,0.27746286392211916,0.6887139638264974,0.7554699778556824,0.3993467569351196,0.49993807474772134,0.9393635988235474,0.2904247045516968,0.4811651865641276,0.938443124294281,0.3712730407714844,0.8603841145833333,0.910132646560669,0.23965997695922853,0.8225006739298503,0.9011703133583069,0.3588027238845825,1.0,0.48520398139953613,0.2246922016143799,0.9973673502604167,0.48362237215042114
pushup,0.47653398513793943,0.5463196436564127,0.043221402913331985,0.47137179374694826,0.5305981000264486,0.00930287316441536,0.4860166072845459,0.5354756673177083,0.025912581011652946,0.45160903930664065,0.4762294133504232,0.11219002306461334,0.5029668807983398,0.4912705421447754,0.2660733163356781,0.4051360130310059,0.4578579266866048,0.6266201734542847,0.49904575347900393,0.47571690877278644,0.8230355381965637,0.41126651763916017,0.5877619425455729,0.5389671325683594,0.5032755374908447,0.6215034484863281,0.8327637314796448,0.49667606353759763,0.6520323435465495,0.5329890251159668,0.5200436592102051,0.6206738154093424,0.7016600966453552,0.30787458419799807,0.5481763203938802,0.9467516541481018,0.37111332416534426,0.5487108866373698,0.9627881050109863,0.2753812551498413,0.8213054656982421,0.8929061889648438,0.34452013969421386,0.8410865783691406,0.9247615337371826,0.2560983419418335,1.0,0.46082019805908203,0.2882720947265625,1.0,0.5010284781455994
pushup,0.43145127296447755,0.4660878817240397,0.004043681547045708,0.42217369079589845,0.4570127487182617,0.0010675458470359445,0.4505056381225586,0.45375747680664064,0.0017985394224524498,0.38293354511260985,0.4184635798136393,0.21747329831123352,0.48531246185302734,0.4172908147176107,0.24377086758613586,0.3273176193237305,0.4078169504801432,0.6634306311607361,0.5090372562408447,0.4207207679748535,0.8414445519447327,0.2738316059112549,0.50146484375,0.548646867275238,0.5095550537109375,0.5142558415730795,0.811038613319397,0.28159370422363283,0.638221804300944,0.4091116189956665,0.5185353279113769,0.5958358764648437,0.5574729442596436,0.3139745473861694,0.5169266700744629,0.9436485171318054,0.4381516456604004,0.5178595542907715,0.9605358242988586,0.27244009971618655,0.802219009399414,0.8803852200508118,0.407902193069458,0.8221319198608399,0.9091523885726929,0.2290846586227417,0.9689973195393881,0.37465551495552063,0.3556494951248169,1.0,0.4094114601612091
pushup,0.4054426670074463,0.6964590708414714,0.4669449031352997,0.4318214416503906,0.6666377385457357,0.27202704548835754,0.384675121307373,0.6610319137573242,0.31186118721961975,0.4823632717132568,0.6029992421468099,0.12850746512413025,0.358055567741394,0.5891667048136393,0.15485979616641998,0.5071581840515137,0.5964499791463216,0.5282613635063171,0.31141438484191897,0.5632568995157877,0.8773893117904663,0.4345540046691895,0.8765369415283203,0.4218999445438385,0.25178871154785154,0.8289414723714192,0.8436574935913086,0.34990754127502444,0.9688782374064128,0.3354789912700653,0.2510062694549561,0.9757373809814454,0.6911293864250183,0.46731066703796387,0.6775475819905599,0.37855884432792664,0.3454962015151978,0.6628193537394206,0.5917097926139832,0.4297485828399658,0.8629291534423829,0.10991218686103821,0.33824117183685304,0.8235878626505534,0.20675307512283325,0.4051399230957031,0.9632073720296224,0.023259814828634262,0.40898585319519043,0.9268739064534505,0.03927401453256607
pushup,0.4121713161468506,0.704770278930664,0.9255755543708801,0.43677387237548826,0.6766362508138021,0.8429035544395447,0.3877300024032593,0.6717650731404622,0.8353766798973083,0.47765517234802246,0.5910617192586263,0.433654248714447,0.35215439796447756,0.5841957092285156,0.3728175461292267,0.5189523696899414,0.5525354385375977,0.9158802628517151,0.3038187503814697,0.5532630284627279,0.9546499252319336,0.5068844318389892,0.7994579315185547,0.8546099066734314,0.2619107007980347,0.805978520711263,0.9118993878364563,0.4059018135070801,0.9843846638997396,0.7689615488052368,0.25380802154541016,0.9673464457194011,0.8399409055709839,0.4883876800537109,0.6762313842773438,0.788731575012207,0.35045628547668456,0.6761094411214192,0.8276262879371643,0.5080033779144287,0.8308963139851888,0.3855491876602173,0.3428790092468262,0.8161405563354492,0.43145981431007385,0.4869792938232422,0.9379047393798828,0.1079695075750351,0.4022976398468018,0.9281926472981771,0.12559497356414795
pushup,0.4237696170806885,0.7114292780558268,0.9489079117774963,0.449095630645752,0.6741769790649415,0.8630086183547974,0.397825813293457,0.6775508880615234,0.918056309223175,0.4905072212219238,0.5978640238444011,0.2867734730243683,0.3600273847579956,0.6065299987792969,0.5517305135726929,0.5311426639556884,0.5450729370117188,0.8523343205451965,0.3073230504989624,0.5948493957519532,0.9589520692825317,0.5895880699157715,0.7183832168579102,0.7934505343437195,0.24968235492706298,0.8561329523722331,0.9388691186904907,0.6155463218688965,0.8386452356974284,0.7992374897003174,0.24633355140686036,1.0,0.8863264918327332,0.49553637504577636,0.5733136494954427,0.8082191348075867,0.34492948055267336,0.6009436925252278,0.8677083849906921,0.5438733577728272,0.8065237045288086,0.4029536545276642,0.2930594921112061,0.8418455759684245,0.5164421200752258,0.5875365257263183,0.9162548065185547,0.07865908741950989,0.3090688228607178,0.9604292551676432,0.1073974072933197
pushup,0.44440641403198244,0.7243733723958333,0.8300552368164062,0.4687046527862549,0.6909257888793945,0.6038190126419067,0.4192556381225586,0.6892876942952474,0.7365818619728088,0.5060038089752197,0.6232744852701823,0.1731807440519333,0.37434442043304444,0.6176179250081381,0.3821620047092438,0.5698621273040771,0.5992759068806967,0.8186315298080444,0.2989132642745972,0.6063396453857421,0.8754027485847473,0.7044190406799317,0.7902587890625,0.7546924948692322,0.24420564174652098,0.8248827616373698,0.8419963717460632,0.7559941291809082,0.9506357828776042,0.7195356488227844,0.2695655822753906,1.0,0.771388053894043,0.5306493759155273,0.7030572891235352,0.40152281522750854,0.3600619792938232,0.7172179539998372,0.4405875504016876,0.5834908962249756,0.7553605397542318,0.08769183605909348,0.35620434284210206,0.7771862665812175,0.10327926278114319,0.5986436367034912,0.8692770004272461,0.019843855872750282,0.44311985969543455,0.9041879018147786,0.021650439128279686
pushup,0.442872142791748,0.736347516377767,0.729327917098999,0.46945948600769044,0.7098573684692383,0.5071830749511719,0.4228879451751709,0.7016337076822917,0.5494462251663208,0.5106495380401611,0.639647102355957,0.21935704350471497,0.3849151611328125,0.619152323404948,0.2017279863357544,0.586989164352417,0.6299921671549479,0.8100236058235168,0.3041489362716675,0.595565668741862,0.7943472266197205,0.7480030059814453,0.8814474741617838,0.7217182517051697,0.26222803592681887,0.8220703760782878,0.7568174600601196,0.7643084526062012,0.9901956558227539,0.669502854347229,0.3039052724838257,1.0,0.6477193236351013,0.5303678512573242,0.7799708684285481,0.2032100260257721,0.35517020225524903,0.775967534383138,0.2024388462305069,0.5838937282562255,0.7717755635579427,0.025324389338493347,0.38091459274291994,0.7857294718424479,0.02763621136546135,0.5875046730041504,0.8285822550455729,0.00630987249314785,0.5015851020812988,0.8810006459554036,0.006365835200995207
pushup,0.45615859031677247,0.7346581141153972,0.5245568156242371,0.4672406673431396,0.7136574427286784,0.3043712079524994,0.4455872535705566,0.7144674301147461,0.32817915081977844,0.48986244201660156,0.6379852294921875,0.11064706742763519,0.42162184715270995,0.639637311299642,0.1626615822315216,0.5232428550720215,0.5790638605753581,0.6927679777145386,0.3507741689682007,0.6055465698242187,0.764823317527771,0.5699404716491699,0.7252118428548177,0.7171730399131775,0.24908783435821533,0.8338436762491862,0.6773920655250549,0.6470287322998047,0.7811834971110027,0.6504575610160828,0.25227856636047363,0.9822835286458333,0.5348297953605652,0.5029664039611816,0.6255216598510742,0.36364057660102844,0.4011686325073242,0.6424641927083333,0.3350808322429657,0.47341156005859375,0.7369251887003581,0.11276944726705551,0.36801445484161377,0.7284856160481771,0.08562781661748886,0.5137634754180909,0.8505792617797852,0.026123980060219765,0.46682987213134763,0.8078489939371745,0.022726938128471375
pushup,0.5544405937194824,0.6965876897176106,0.21253950893878937,0.5500277996063232,0.6856030782063802,0.16367918252944946,0.5799961090087891,0.6762546539306641,0.046238288283348083,0.5684314250946045,0.6980670928955078,0.7135199308395386,0.6576489448547364,0.6721642812093099,0.21777211129665375,0.6045156478881836,0.8049079259236653,0.7800726294517517,0.7042580604553222,0.7620728174845378,0.8809282779693604,0.6697685718536377,0.8930427551269531,0.28504523634910583,0.7561285972595215,0.8550779342651367,0.6513198018074036,0.7551634788513184,0.9837013244628906,0.15192586183547974,0.7609766006469727,0.9977212905883789,0.3429807424545288,0.6477609634399414,0.9735142389933268,0.13535234332084656,0.7163812160491944,0.9495516459147135,0.23141489923000336,0.6784280776977539,0.9075370152791341,0.029882166534662247,0.7070087909698486,0.841579818725586,0.06393615156412125,0.7249337196350097,0.9606773376464843,0.016917958855628967,0.7299248218536377,0.8728799184163412,0.031253598630428314
pushup,0.637485122680664,0.7449994405110677,0.9555532336235046,0.6480525493621826,0.7207895914713541,0.7997146844863892,0.622768497467041,0.722353744506836,0.9550368189811707,0.6636573314666748,0.6474681218465169,0.13669386506080627,0.5846699714660645,0.6528228759765625,0.7711167335510254,0.6783761501312255,0.6115643183390299,0.884773850440979,0.5046021938323975,0.6233406702677409,0.9688239693641663,0.7450284481048584,0.7635470708211263,0.7955307960510254,0.3987973690032959,0.7970906575520833,0.9538290500640869,0.775327205657959,0.9778733571370443,0.6883665323257446,0.3264832258224487,1.0,0.8780313730239868,0.5521485805511475,0.6543841044108073,0.837211012840271,0.43718738555908204,0.6584930419921875,0.8892438411712646,0.6158668041229248,0.8520551681518554,0.3323028087615967,0.41868042945861816,0.8649219512939453,0.46660885214805603,0.6045477390289307,0.9580452601114909,0.05776825174689293,0.37102818489074707,0.9729859034220377,0.07928846776485443
pushup,0.662089729309082,0.7180503209431967,0.9376155138015747,0.6693278312683105,0.6995933532714844,0.48997732996940613,0.6574212074279785,0.6908320744832357,0.9585871696472168,0.6520772933959961,0.6239397684733073,0.04321298748254776,0.6182472229003906,0.6077271143595377,0.9103012681007385,0.6114916324615478,0.6205407460530599,0.8312087059020996,0.5269750118255615,0.6035596211751302,0.9649596214294434,0.6556554317474366,0.808346939086914,0.5830316543579102,0.4101816177368164,0.801742680867513,0.9288437366485596,0.7575096130371094,1.0,0.478273868560791,0.332126522064209,1.0,0.8187453746795654,0.45363078117370603,0.7905705769856771,0.428813099861145,0.40465655326843264,0.7849381764729818,0.5715194940567017,0.5017756938934326,0.9211172103881836,0.0642545148730278,0.44275269508361814,0.93045654296875,0.11540491878986359,0.44658050537109373,0.9880160013834636,0.011997178196907043,0.39000535011291504,1.0,0.01594121940433979
pushup,0.6670956134796142,0.6701240539550781,0.9761427640914917,0.6809560775756835,0.653481928507487,0.8036661148071289,0.6592236995697022,0.6416444142659505,0.9687166810035706,0.6859874725341797,0.5952335357666015,0.10235625505447388,0.6207789897918701,0.5678693771362304,0.8258762955665588,0.6721870422363281,0.6091382344563802,0.9401129484176636,0.5213572025299072,0.5768583297729493,0.9720327854156494,0.7390972137451172,0.8011478424072266,0.873624861240387,0.42852296829223635,0.7758597056070964,0.9501122832298279,0.7604726314544678,0.9724215189615886,0.7976802587509155,0.38343353271484376,1.0,0.8895926475524902,0.5107722282409668,0.807862663269043,0.7556182742118835,0.4105087757110596,0.7967573165893554,0.7864883542060852,0.5799215793609619,0.9109467188517253,0.14156830310821533,0.4301802635192871,0.9251955668131511,0.18317070603370667,0.5298501014709472,0.9728302637736003,0.022428065538406372,0.38884673118591306,1.0,0.024144265800714493
pushup,0.6667533874511719,0.6430253346761068,0.9919750094413757,0.690282678604126,0.6156364440917969,0.9562594294548035,0.6490063190460205,0.6088747024536133,0.9894704818725586,0.7150211334228516,0.5630481084187825,0.33844539523124695,0.6060036182403564,0.5461326599121094,0.8803626894950867,0.7005308151245118,0.5814927419026693,0.9634256958961487,0.5249122142791748,0.55247802734375,0.984022319316864,0.7442995548248291,0.7775607426961263,0.8710272908210754,0.4383364677429199,0.7485961278279623,0.9475334286689758,0.7582426071166992,0.9807699839274089,0.7771379947662354,0.4137850761413574,0.9963616689046224,0.8664918541908264,0.5366791725158692,0.673904546101888,0.7929937839508057,0.42171850204467776,0.6618475596110026,0.8226051330566406,0.5776210308074952,0.8649144490559896,0.20878866314888,0.41917033195495607,0.8711839040120443,0.2582503855228424,0.5526283740997314,0.9460395812988281,0.028837502002716064,0.39244134426116944,0.9724894205729167,0.03147214651107788
pushup,0.6665153503417969,0.6251164118448893,0.9926251769065857,0.6961496353149415,0.5927694956461589,0.9685037136077881,0.6453873157501221,0.5829884847005208,0.9899660348892212,0.7274345397949219,0.5500930150349935,0.3980329930782318,0.5999581336975097,0.5266334215799967,0.869917094707489,0.7066133499145508,0.575714111328125,0.959865152835846,0.5216587543487549,0.564935302734375,0.9805542230606079,0.740140724182129,0.7826896667480469,0.8682625889778137,0.44092617034912107,0.8083061218261719,0.9294707179069519,0.7576715469360351,0.9870184580485026,0.7642942667007446,0.43897371292114257,1.0,0.8370215892791748,0.5761771202087402,0.6967182159423828,0.7319988012313843,0.4486978530883789,0.7000119527180989,0.7454555630683899,0.6709540843963623,0.8469451904296875,0.1447473168373108,0.46298632621765134,0.8736039479573567,0.17160990834236145,0.6395419597625732,0.919842783610026,0.022876054048538208,0.4245035171508789,0.9689755121866862,0.023910043761134148
pushup,0.6679128646850586,0.6247494379679362,0.9918210506439209,0.6974143028259278,0.5883174896240234,0.9704787731170654,0.6433675289154053,0.5822751998901368,0.9861069917678833,0.7302317142486572,0.5435043970743815,0.4282165467739105,0.5948229312896729,0.5317405700683594,0.7973090410232544,0.7107492923736572,0.5701777140299479,0.9590497016906738,0.5243101119995117,0.577683957417806,0.9663034677505493,0.7479485511779785,0.7704520543416341,0.88832026720047,0.44676008224487307,0.8274225234985352,0.8775842189788818,0.7648220062255859,0.9652170181274414,0.8480554223060608,0.4295464515686035,1.0,0.8132960796356201,0.5684975624084473,0.6918175379435222,0.6629495024681091,0.4437090396881104,0.6993089040120443,0.610317051410675,0.6512210845947266,0.811551030476888,0.16835151612758636,0.47121362686157225,0.8381645202636718,0.14991818368434906,0.6111069202423096,0.9114384969075521,0.030644383281469345,0.43557353019714357,0.9533394495646159,0.02565518394112587
pushup,0.6613543510437012,0.6228242874145508,0.991216778755188,0.6911832809448242,0.5907755533854167,0.967520534992218,0.6401325225830078,0.5797702153523763,0.9879310131072998,0.7209516525268554,0.5569763819376627,0.4249108135700226,0.5939058780670166,0.5308739344278971,0.8648852705955505,0.6975360870361328,0.5900200525919597,0.9629372954368591,0.5162195682525634,0.5865785598754882,0.972844123840332,0.7377324104309082,0.7927061080932617,0.861501932144165,0.4437891483306885,0.8397926330566406,0.8724257946014404,0.7609741687774658,0.9839204788208008,0.7392114996910095,0.4474226951599121,1.0,0.7534350752830505,0.5776207923889161,0.7207018534342448,0.630551278591156,0.4540579795837402,0.729412587483724,0.5901047587394714,0.693126106262207,0.8447470982869466,0.10167212039232254,0.5001704216003418,0.8723753611246745,0.10214169323444366,0.6517824172973633,0.9066467920939127,0.01820259913802147,0.469346809387207,0.9509471893310547,0.016973068937659264
pushup,0.6521076679229736,0.6113022486368815,0.9925233721733093,0.6792343139648438,0.5818403244018555,0.966950535774231,0.6316230773925782,0.5715740203857422,0.9896138310432434,0.7047242164611817,0.5486139933268229,0.39527627825737,0.5861913681030273,0.5235255241394043,0.8876119256019592,0.6870044231414795,0.5927343368530273,0.9676142334938049,0.5080410003662109,0.5863609313964844,0.9791867733001709,0.7258942604064942,0.7989992141723633,0.8707377314567566,0.4458495616912842,0.8310807545979818,0.8975910544395447,0.7603553771972656,0.980911127726237,0.7307935357093811,0.43944411277770995,1.0,0.7814409732818604,0.5918639183044434,0.7965909322102864,0.6505305171012878,0.4689626216888428,0.8068030039469402,0.6319597959518433,0.7177894592285157,0.882090950012207,0.08742111921310425,0.5208145618438721,0.9039969126383464,0.09405800700187683,0.704209566116333,0.9470138549804688,0.01673370786011219,0.5189032554626465,0.9813980102539063,0.016523154452443123
pushup,0.6441978931427002,0.6089557011922201,0.9915294647216797,0.6726059913635254,0.5773122151692708,0.965469479560852,0.6231129169464111,0.5685806274414062,0.9886158108711243,0.7007384300231934,0.5442351659138998,0.4079277217388153,0.5788774013519287,0.5232213020324707,0.8775321245193481,0.6752224922180176,0.581170654296875,0.9668348431587219,0.4979642391204834,0.5832513809204102,0.9726134538650513,0.7151913642883301,0.7909584045410156,0.8689245581626892,0.4416905403137207,0.8456414540608724,0.8600165843963623,0.7571186542510986,0.9705705006917318,0.727459728717804,0.44455833435058595,1.0,0.7202281355857849,0.5552987098693848,0.7333338419596355,0.6342331767082214,0.43329291343688964,0.7473531723022461,0.5764325857162476,0.7059988021850586,0.8334419886271159,0.11350563913583755,0.5079287052154541,0.860114860534668,0.10955331474542618,0.6927790641784668,0.9072030385335287,0.023204324766993523,0.4965034484863281,0.9479034423828125,0.021105263382196426
pushup,0.6374118804931641,0.6111170450846354,0.9914661645889282,0.6676974773406983,0.5810851414998373,0.961554229259491,0.6173035144805908,0.5684473673502605,0.9890292882919312,0.6942756175994873,0.5534945170084635,0.3879058361053467,0.5703537940979004,0.5226495424906413,0.8970323801040649,0.6669495582580567,0.5898242314656575,0.9697167873382568,0.48707876205444334,0.5871116638183593,0.9771910905838013,0.717857837677002,0.7825132369995117,0.8667513728141785,0.4405773162841797,0.8386466979980469,0.8754022121429443,0.7601786136627198,0.9668269475301107,0.7271238565444946,0.44808025360107423,1.0,0.7417289018630981,0.5503792762756348,0.735820198059082,0.6255311369895935,0.429248046875,0.7472272872924804,0.5803843140602112,0.6931992053985596,0.8194937388102214,0.11473208665847778,0.5090587139129639,0.838017463684082,0.11582763493061066,0.6754521369934082,0.8896389007568359,0.026093274354934692,0.5169718265533447,0.9204580307006835,0.024673964828252792
pushup,0.6280787467956543,0.6047313690185547,0.9909325838088989,0.6571686744689942,0.5744705200195312,0.9623032212257385,0.6078013420104981,0.564216423034668,0.9853823184967041,0.6846479892730712,0.5420288721720378,0.46995624899864197,0.5635265827178955,0.5172672907511393,0.8685355186462402,0.6649603843688965,0.5753512064615885,0.9800891876220703,0.48175621032714844,0.572439448038737,0.9795213341712952,0.7143622875213623,0.7767961502075196,0.906456708908081,0.4371455669403076,0.8316228866577149,0.8779350519180298,0.7605915069580078,0.9723459879557291,0.7881598472595215,0.4436197280883789,1.0,0.7308309078216553,0.5224981307983398,0.6896570205688477,0.7569581270217896,0.4043585300445557,0.6936759948730469,0.6954431533813477,0.6095826148986816,0.8368323644002279,0.2196156084537506,0.45532736778259275,0.843030039469401,0.19410492479801178,0.5785795211791992,0.9276438395182292,0.04018906131386757,0.45551190376281736,0.9424942016601563,0.034224916249513626
pushup,0.6221403121948242,0.5965050379435222,0.9921017289161682,0.6522144794464111,0.5678216934204101,0.9649999141693115,0.6030960559844971,0.5546246846516927,0.9878923892974854,0.6785236835479737,0.5400864919026692,0.430035799741745,0.55835862159729,0.5083384195963542,0.8749493360519409,0.6525737762451171,0.5797998428344726,0.9762243628501892,0.47859487533569334,0.5797057469685872,0.9756790995597839,0.7156518459320068,0.7743551890055339,0.898960530757904,0.4400829315185547,0.8374486287434896,0.8713284134864807,0.761779499053955,0.9565474192301432,0.7851271629333496,0.4495272159576416,1.0,0.7438690662384033,0.5319952011108399,0.7555464426676433,0.6708782911300659,0.41460018157958983,0.7676958719889323,0.5974164009094238,0.6650131225585938,0.839635721842448,0.11171252280473709,0.4911926746368408,0.8692284266153971,0.10195393860340118,0.6314315795898438,0.8861348470052083,0.022848384454846382,0.4874638557434082,0.9360549290974934,0.019547270610928535
pushup,0.6233397483825683,0.5876461029052734,0.9926829934120178,0.6519325256347657,0.5583725611368815,0.9639792442321777,0.603936767578125,0.5465920130411784,0.9892945289611816,0.675749397277832,0.5317568778991699,0.3860408663749695,0.5572950363159179,0.5039151509602865,0.8851632475852966,0.6478641033172607,0.5730587005615234,0.9763051271438599,0.4762228488922119,0.5754849751790364,0.9731091856956482,0.7172679424285888,0.7607486724853516,0.9037097692489624,0.4400749206542969,0.8290218989054362,0.8651809692382812,0.7734224319458007,0.9356817881266276,0.7922767996788025,0.4436161041259766,1.0,0.7291455268859863,0.5164874076843262,0.751475715637207,0.6839414238929749,0.3981417417526245,0.7636959075927734,0.5973479151725769,0.6618109703063965,0.8476285934448242,0.10556727647781372,0.4767399787902832,0.8743111292521158,0.09123759716749191,0.6382646083831787,0.8945438385009765,0.019763624295592308,0.46418423652648927,0.9372142791748047,0.016091009601950645
pushup,0.6320279121398926,0.5842846552530925,0.992716908454895,0.6579803466796875,0.5531471888224284,0.964970052242279,0.609931755065918,0.5458932240804036,0.9881862998008728,0.6816890239715576,0.5208075841267904,0.40251418948173523,0.5617618083953857,0.5039193471272786,0.8826410174369812,0.6662655830383301,0.5626728693644206,0.9821212291717529,0.4820717334747314,0.5722096125284831,0.9773050546646118,0.7255255222320557,0.7524389902750651,0.9295505285263062,0.444667911529541,0.8222578048706055,0.8784529566764832,0.776211166381836,0.9290533701578776,0.836919903755188,0.44477272033691406,1.0,0.7569471597671509,0.5489565849304199,0.7594273249308269,0.7568506002426147,0.4240161418914795,0.7740717569986979,0.6673963665962219,0.6828686714172363,0.8566524505615234,0.13932298123836517,0.49408707618713377,0.8764849344889323,0.11103719472885132,0.676628303527832,0.9217357635498047,0.024057717993855476,0.49788241386413573,0.9462838490804036,0.018880570307374
pushup,0.6458271503448486,0.5949357350667318,0.99225252866745,0.6684455394744873,0.5649112065633138,0.9475538730621338,0.6252948760986328,0.5599660237630208,0.989881694316864,0.6844544410705566,0.5198522567749023,0.24071770906448364,0.5727279186248779,0.5077813784281413,0.9103504419326782,0.6608993530273437,0.5463328043619792,0.9737057089805603,0.48896102905273436,0.5675017038981119,0.9780310988426208,0.7272067070007324,0.7424546559651692,0.8928331732749939,0.4469767570495605,0.8323688507080078,0.8801615834236145,0.7756452560424805,0.9175114949544271,0.8096163272857666,0.4413869857788086,1.0,0.7813016772270203,0.5303593635559082,0.7329919179280598,0.6951104402542114,0.41797337532043455,0.7522902806599935,0.6355006694793701,0.6249030113220215,0.8505357106526693,0.1475542187690735,0.48276686668395996,0.8902382532755534,0.1314496248960495,0.6061423301696778,0.9116202036539713,0.026146570220589638,0.4932991981506348,0.9619529088338216,0.021512271836400032
pushup,0.6572002410888672,0.6117870330810546,0.9792084097862244,0.6738977909088135,0.5888844807942708,0.7967686057090759,0.6450417041778564,0.5824920654296875,0.9832226634025574,0.67286057472229,0.5344563802083333,0.09016571193933487,0.5950663089752197,0.519195556640625,0.934098482131958,0.637946605682373,0.5372666676839193,0.9332451820373535,0.4949635028839111,0.5600676854451497,0.9750992059707642,0.699114465713501,0.7346843083699545,0.7750235199928284,0.451657772064209,0.8322228749593099,0.9041717648506165,0.7879677772521972,0.9339241027832031,0.6568403840065002,0.44631195068359375,1.0,0.7791770696640015,0.5103474140167237,0.687489382425944,0.6312344074249268,0.4166098594665527,0.7100320180257161,0.6596198081970215,0.6190592765808105,0.8352334340413411,0.18624989688396454,0.47826099395751953,0.8767775217692058,0.22338831424713135,0.6303799629211426,0.938906733194987,0.0387059785425663,0.5012627601623535,0.9958991368611654,0.04005353897809982
pushup,0.6761885643005371,0.6357138315836589,0.9833261370658875,0.6946057319641114,0.6109798431396485,0.8814789056777954,0.6619133949279785,0.607696533203125,0.9839110374450684,0.7031454563140869,0.5539454142252604,0.17174223065376282,0.6154966354370117,0.5444365819295247,0.9216674566268921,0.6770246505737305,0.5548973719278971,0.9534301161766052,0.5154223442077637,0.575448481241862,0.9784997701644897,0.7352125167846679,0.7583961486816406,0.8043800592422485,0.44914751052856444,0.8445674260457356,0.8814449906349182,0.7925759315490722,0.9565620422363281,0.6768556833267212,0.44080915451049807,1.0,0.7422611117362976,0.5266582489013671,0.6691941579182943,0.6212722659111023,0.42789230346679685,0.6868924458821615,0.6191043853759766,0.5906764030456543,0.8329543431599935,0.1880338042974472,0.4854288101196289,0.87037353515625,0.20354336500167847,0.5792523860931397,0.9314263661702474,0.034712664783000946,0.5182581424713135,0.9794474283854167,0.03387361764907837
pushup,0.7037303924560547,0.663104502360026,0.9797419905662537,0.7206572532653809,0.6334648132324219,0.8462302088737488,0.6854047775268555,0.6329605738321941,0.9841062426567078,0.7290472030639649,0.5760153452555339,0.09376639872789383,0.6309209346771241,0.5719610850016276,0.927028238773346,0.7051804065704346,0.5829534530639648,0.9262891411781311,0.5304344654083252,0.5905527114868164,0.9713894128799438,0.7474707126617431,0.7921295166015625,0.7735986113548279,0.45459952354431155,0.8398155212402344,0.8847111463546753,0.7991092681884766,0.9607095082600912,0.647576630115509,0.4395244598388672,1.0,0.7598042488098145,0.5721147537231446,0.681865374247233,0.5920469164848328,0.45766620635986327,0.696008046468099,0.6087129712104797,0.6614940166473389,0.8546001434326171,0.1468193531036377,0.4988595962524414,0.8756423950195312,0.1647791713476181,0.700825309753418,0.9638725280761719,0.025016730651259422,0.5323941230773925,0.9820393244425456,0.025729868561029434
pushup,0.7239455699920654,0.6840292612711588,0.9384145736694336,0.7352066040039062,0.659808095296224,0.6216769814491272,0.7128565788269043,0.6577046076456706,0.9527297019958496,0.7349615573883057,0.6020645141601563,0.055625975131988525,0.665559196472168,0.5953582763671875,0.8705553412437439,0.7165559291839599,0.6004748026529948,0.8719062209129333,0.5618358135223389,0.6027043024698894,0.9586166739463806,0.7703090667724609,0.8025493621826172,0.713314950466156,0.47373208999633787,0.8370986938476562,0.8943145871162415,0.8120238304138183,0.9914089202880859,0.5877886414527893,0.44482054710388186,1.0,0.7693785429000854,0.5674127101898193,0.6628400166829427,0.6228897571563721,0.46713986396789553,0.6668409983317057,0.671482264995575,0.6290619850158692,0.8499385197957356,0.20149345695972443,0.4796582221984863,0.8600732167561849,0.25136780738830566,0.6396040439605712,0.9797954559326172,0.03485548496246338,0.4801179885864258,0.9867083231608073,0.03925171121954918
pushup,0.7367938995361328,0.6938473383585612,0.9678055047988892,0.7575272560119629,0.6687292734781901,0.8315550088882446,0.7261008262634278,0.6603943506876627,0.9731022119522095,0.7772988319396973,0.6189148585001628,0.15821458399295807,0.6898477077484131,0.5976579666137696,0.8618895411491394,0.7556630134582519,0.6360133488972982,0.8788443803787231,0.5952651977539063,0.5958657582600911,0.9752119183540344,0.7798256874084473,0.868968391418457,0.642632246017456,0.4941267967224121,0.8294486999511719,0.9315230250358582,0.8239151000976562,0.9681749979654948,0.5444163084030151,0.4560760498046875,1.0,0.8161153197288513,0.5838282108306885,0.6677070617675781,0.6254643797874451,0.4771933078765869,0.6489451090494792,0.738667368888855,0.6459017276763916,0.8935120900472006,0.16741937398910522,0.4806808948516846,0.8689572016398112,0.27759602665901184,0.653161096572876,0.9992633819580078,0.023442158475518227,0.45887956619262693,0.9852848052978516,0.03461882099509239
pushup,0.7529987335205078,0.6991286595662435,0.9480053186416626,0.7713171958923339,0.6765232086181641,0.7018135786056519,0.7455615997314453,0.6658792495727539,0.9614912271499634,0.7816440105438233,0.620198122660319,0.09688402712345123,0.7062907218933105,0.5957513809204101,0.8712717890739441,0.7467625141143799,0.6022357940673828,0.8729340434074402,0.6078568458557129,0.592251205444336,0.9799824953079224,0.772821044921875,0.7969716389973959,0.7069148421287537,0.5065123081207276,0.8282126108805339,0.9591585397720337,0.8211774826049805,0.9857900619506836,0.6073312759399414,0.4619640350341797,1.0,0.8802035450935364,0.5829862594604492,0.5921977996826172,0.8007558584213257,0.4896723747253418,0.5875975290934244,0.8786714673042297,0.6663615226745605,0.8163188934326172,0.35708510875701904,0.4975801944732666,0.8191246032714844,0.5378892421722412,0.6329846382141113,0.9149304707845052,0.06783287972211838,0.4391047477722168,0.9346399943033854,0.10102590173482895
pushup,0.7518394947052002,0.682607905069987,0.9640451669692993,0.7666459083557129,0.6703197479248046,0.6843674778938293,0.7490531921386718,0.6560671488444011,0.9640299677848816,0.7681140899658203,0.6067790985107422,0.06536610424518585,0.7146544456481934,0.5733763376871744,0.8562802672386169,0.7393404006958008,0.5825698852539063,0.9188827276229858,0.5907583713531495,0.5677995681762695,0.9760042428970337,0.7777920722961426,0.7878678003946941,0.867957353591919,0.5221104145050048,0.8150414784749349,0.966571033000946,0.8070083618164062,0.9622247060139973,0.8002569079399109,0.5032320976257324,1.0,0.9211391806602478,0.5862985134124756,0.7145880381266276,0.8299957513809204,0.4809323787689209,0.7194871266682943,0.8711532354354858,0.7542126178741455,0.7680900573730469,0.4829423427581787,0.5397640228271484,0.7876495361328125,0.603979229927063,0.761255407333374,0.9133373896280924,0.18543948233127594,0.5372645854949951,0.9652264912923177,0.22380082309246063
pushup,0.7440561294555664,0.6699713389078776,0.960491955280304,0.7601491928100585,0.6621095657348632,0.7101464867591858,0.7423430442810058,0.6440969467163086,0.9431242346763611,0.7689851760864258,0.6032222747802735,0.11371682584285736,0.7148663997650146,0.5627611796061198,0.7577477097511292,0.749838399887085,0.5845188140869141,0.9394476413726807,0.6004256248474121,0.5494319915771484,0.9757895469665527,0.7977141857147216,0.7851254781087239,0.8871371150016785,0.5363398551940918,0.7703488032023112,0.9642153382301331,0.8013838768005371,0.965368906656901,0.8385668992996216,0.5119364261627197,0.9788595199584961,0.9280036091804504,0.5976167678833008,0.7059577306111654,0.8593723177909851,0.5016100883483887,0.6996614456176757,0.8904002904891968,0.7465369224548339,0.7389232635498046,0.6984235048294067,0.602687931060791,0.7419520696004231,0.7850929498672485,0.7225137710571289,0.9433374404907227,0.38763391971588135,0.6252662658691406,0.9867725372314453,0.44593578577041626
pushup,0.7377559185028076,0.6704972585042318,0.9590429663658142,0.7504480838775635,0.6586229960123698,0.8045215606689453,0.7362272262573242,0.6488248825073242,0.949602484703064,0.7642666339874268,0.5948479334513347,0.20057052373886108,0.7135178089141846,0.5718512217203776,0.7706888318061829,0.7521714210510254,0.5642616271972656,0.9313592314720154,0.6244873523712158,0.5414283752441407,0.9838941693305969,0.787484073638916,0.7614658355712891,0.8440804481506348,0.5412655830383301,0.7671560923258464,0.9704842567443848,0.8001104354858398,0.973933219909668,0.7567320466041565,0.5378844738006592,1.0,0.9040166139602661,0.5958630084991455,0.5338924407958985,0.9163271188735962,0.5130120754241944,0.5206942876180013,0.9462072849273682,0.6223563194274903,0.7368783950805664,0.7252799272537231,0.4867408275604248,0.735394032796224,0.8228694200515747,0.591707420349121,0.8672748565673828,0.3148173391819,0.4556880474090576,0.8842056274414063,0.38889166712760925
pushup,0.7436738014221191,0.6876220067342123,0.8936103582382202,0.7521466255187989,0.6772886276245117,0.44709092378616333,0.7449259757995605,0.6704976399739583,0.8961061239242554,0.7502189636230469,0.6058899561564127,0.05455499887466431,0.7221125602722168,0.5892663319905599,0.7560944557189941,0.7308394908905029,0.5587548573811849,0.8455930948257446,0.6132483005523681,0.5596883773803711,0.9626542925834656,0.7752243041992187,0.7555141448974609,0.8085584044456482,0.5490665912628174,0.798298708597819,0.9633591771125793,0.8075156211853027,0.9503626505533854,0.7663692235946655,0.5651387214660645,0.9938889821370442,0.9181637763977051,0.6001517295837402,0.61666259765625,0.8276926875114441,0.5171714782714844,0.6286465326944987,0.8859109878540039,0.7244723320007325,0.7200586954752605,0.6151894330978394,0.5558794975280762,0.7572282155354818,0.7440053820610046,0.7590323925018311,0.8843364079793294,0.2914469838142395,0.5703056812286377,0.9491747538248698,0.3610730767250061
pushup,0.7485777854919433,0.7255399068196614,0.7686882615089417,0.7571231842041015,0.7077891031901041,0.33312392234802246,0.7441816806793213,0.7101667404174805,0.7783633470535278,0.7717068672180176,0.6226748148600261,0.06569284945726395,0.7227226257324219,0.6277094523111979,0.6061846017837524,0.7687202453613281,0.5636294682820638,0.787253201007843,0.626319169998169,0.566616948445638,0.9657296538352966,0.7889479637145996,0.7944569905598958,0.6747298240661621,0.5398248672485352,0.8212355931599935,0.9573398232460022,0.7745034217834472,0.9591051737467448,0.6258934736251831,0.5625076293945312,0.9765188852945964,0.8904777765274048,0.6112175941467285,0.5284814834594727,0.8584408164024353,0.5212797164916992,0.5295896848042806,0.9277634620666504,0.6425720691680908,0.7220374425252278,0.7804183959960938,0.534695053100586,0.7288111368815104,0.8869816064834595,0.6460841178894043,0.8547382990519206,0.4778042137622833,0.5648198127746582,0.8638239542643229,0.602267324924469
pushup,0.74034423828125,0.7569492340087891,0.8271381258964539,0.749966049194336,0.7342046101888021,0.5501116514205933,0.7346439361572266,0.7404336293538412,0.8300576210021973,0.7805059909820556,0.6486574172973633,0.1363317221403122,0.7189051628112793,0.6640926361083984,0.5762390494346619,0.7922621250152588,0.5715217590332031,0.809813916683197,0.6459921360015869,0.6040577570597331,0.9758031368255615,0.8122141838073731,0.742172368367513,0.6850142478942871,0.5576817989349365,0.8233894348144531,0.970018208026886,0.7788500785827637,0.958290163675944,0.6305288672447205,0.5714753627777099,0.9966653188069662,0.910033643245697,0.6457185745239258,0.4773190180460612,0.9372443556785583,0.5502388000488281,0.485595703125,0.9718306660652161,0.6760362148284912,0.6853495279947917,0.8813784122467041,0.5294046878814698,0.7079998016357422,0.9521909356117249,0.6321436882019043,0.7715875625610351,0.6650292873382568,0.4897475719451904,0.7977280934651693,0.7930940389633179
pushup,0.7409528732299805,0.7841254552205403,0.8526848554611206,0.7562948226928711,0.7611300786336263,0.5924381017684937,0.7312016010284423,0.7614220937093099,0.8681497573852539,0.7861252784729004,0.6732932408650716,0.10992302000522614,0.7042322635650635,0.6738314946492513,0.6202729344367981,0.7821274280548096,0.5877062479654948,0.7921791672706604,0.6217189788818359,0.6086634953816732,0.9702787399291992,0.792177391052246,0.7785730361938477,0.7142064571380615,0.5472115039825439,0.855967648824056,0.9662277698516846,0.7881113529205322,0.9550785064697266,0.6637262105941772,0.5607283592224122,1.0,0.9079666137695312,0.6452462673187256,0.46839043299357097,0.9210758209228516,0.5367238044738769,0.4778144836425781,0.9605720043182373,0.7072933197021485,0.6917786280314128,0.8001769781112671,0.5153319358825683,0.711117172241211,0.9043056964874268,0.6979012966156006,0.7340070088704427,0.5194002389907837,0.49182891845703125,0.7632096608479818,0.6551501154899597
pushup,0.7352457046508789,0.7981562296549479,0.8170027136802673,0.7484081745147705,0.7662178675333658,0.5396556854248047,0.719765567779541,0.777029546101888,0.8453302979469299,0.7858411788940429,0.6657581965128581,0.10323726385831833,0.6920595169067383,0.693301773071289,0.5671843886375427,0.790789270401001,0.5660274505615235,0.7839403748512268,0.625237226486206,0.6193620681762695,0.9745954275131226,0.8065394401550293,0.7313905080159505,0.6859722137451172,0.5531553745269775,0.8491388320922851,0.9743210673332214,0.781243085861206,0.9720376332600912,0.6300187110900879,0.5747511386871338,0.9782124201456706,0.9224609732627869,0.6184042930603028,0.42854334513346354,0.9712037444114685,0.5093589782714844,0.44323838551839195,0.9876749515533447,0.6514002323150635,0.6665056228637696,0.9502561688423157,0.48000097274780273,0.6999817530314127,0.9821096658706665,0.5784148693084716,0.7265819549560547,0.8391059041023254,0.40304203033447267,0.7626909891764323,0.9102045297622681
pushup,0.7310098648071289,0.8044404983520508,0.8317866325378418,0.7462310791015625,0.779760233561198,0.5884769558906555,0.7203102111816406,0.7797850290934245,0.8511404395103455,0.7767821788787842,0.6928014119466146,0.12276965379714966,0.6906618595123291,0.6943377812703451,0.6034269332885742,0.7770374298095704,0.6012516657511393,0.8008918166160583,0.612790298461914,0.6423774719238281,0.9766720533370972,0.7954744338989258,0.7555543263753255,0.6968284249305725,0.5400292873382568,0.8745704650878906,0.9718356132507324,0.7591934680938721,0.9750880559285482,0.6450842022895813,0.543623399734497,0.9887367248535156,0.9188029170036316,0.6127767086029052,0.45307130813598634,0.9509956240653992,0.5079017639160156,0.46113112767537434,0.9776200652122498,0.6255934238433838,0.6782050450642904,0.8587321043014526,0.4581141948699951,0.7063655217488607,0.9424415230751038,0.5200063705444335,0.7018969853719076,0.5919156074523926,0.3725090742111206,0.7450644175211588,0.7294493317604065
pushup,0.7314400196075439,0.8009088516235352,0.8257277011871338,0.7498640060424805,0.7681333541870117,0.5573318004608154,0.7121270179748536,0.7734533309936523,0.8769005537033081,0.7820971488952637,0.6766741434733073,0.09742364287376404,0.6721726417541504,0.6902641932169596,0.7044930458068848,0.7760455131530761,0.5872612635294596,0.780494213104248,0.587865161895752,0.642068354288737,0.9775614142417908,0.7823095321655273,0.7581509908040365,0.6457938551902771,0.5155115604400635,0.8950029373168945,0.9685419797897339,0.752031660079956,0.9811890920003256,0.605168879032135,0.5420855522155762,1.0,0.9154921770095825,0.5976525783538819,0.4554510434468587,0.9369756579399109,0.4783820629119873,0.47497164408365883,0.9720410108566284,0.6267895221710205,0.6578202565511068,0.8199526071548462,0.45433826446533204,0.7034640630086263,0.9284049868583679,0.5240772247314454,0.6458020528157552,0.5861453413963318,0.3801079750061035,0.7053213755289713,0.7269404530525208
pushup,0.7118749618530273,0.786370595296224,0.6750320196151733,0.7251406192779541,0.7615706125895182,0.25705844163894653,0.701551103591919,0.7642265955607096,0.7575104832649231,0.7456409931182861,0.6704204559326172,0.040968507528305054,0.6691596984863282,0.6770409901936849,0.6326137185096741,0.7306437969207764,0.5757393519083659,0.7133535742759705,0.5746731758117676,0.6246496836344401,0.9720332622528076,0.7487360000610351,0.7584758758544922,0.6778667569160461,0.5090971469879151,0.8957556406656901,0.9770649671554565,0.7695888996124267,0.9740193684895834,0.6066927313804626,0.5327849864959717,1.0,0.9191654324531555,0.5574886322021484,0.44926335016886393,0.9503083229064941,0.45335659980773924,0.46894563039143883,0.9788210391998291,0.6123642921447754,0.6777320226033529,0.8393058180809021,0.4178421974182129,0.7234731038411458,0.9372567534446716,0.5481522083282471,0.6936021169026693,0.5445917248725891,0.3444819450378418,0.7564765930175781,0.687872052192688
pushup,0.6997778415679932,0.7669705708821615,0.6308614611625671,0.709738826751709,0.749258550008138,0.1623021811246872,0.6963414192199707,0.7478933334350586,0.7111005783081055,0.7156126022338867,0.6693546930948894,0.027339844033122063,0.6664514541625977,0.6679372151692708,0.6185912489891052,0.6836206436157226,0.5856677373250325,0.6729423403739929,0.5742055892944335,0.6192255655924479,0.961617648601532,0.6949397087097168,0.7522071838378906,0.7141985893249512,0.5130283832550049,0.8683127085367839,0.9779688715934753,0.7527404308319092,0.9446383158365885,0.672576367855072,0.5169795989990235,1.0,0.9209247827529907,0.5295522689819336,0.4755029360453288,0.9409407377243042,0.4488117218017578,0.4900965690612793,0.973293662071228,0.603549861907959,0.7297061920166016,0.7826404571533203,0.4106912612915039,0.7585501988728841,0.8952335715293884,0.6097547531127929,0.7826642354329427,0.4010846018791199,0.35996451377868655,0.8246269226074219,0.519096851348877
pushup,0.6889460563659668,0.7361857732137044,0.6479673981666565,0.6970019340515137,0.7190580368041992,0.16782380640506744,0.6890073776245117,0.7195825576782227,0.7529252171516418,0.694853687286377,0.638487434387207,0.040678802877664566,0.6636526584625244,0.6444524129231771,0.73307204246521,0.6421519756317139,0.5591298421223958,0.6865534782409668,0.5745845794677734,0.6264122645060222,0.9789830446243286,0.5900177001953125,0.721864382425944,0.5783506035804749,0.5020371913909912,0.9037696838378906,0.9755903482437134,0.6025477409362793,0.8978015899658203,0.6031621694564819,0.5193093299865723,1.0,0.9188560247421265,0.47339730262756347,0.4929002443949381,0.9181726574897766,0.42821693420410156,0.5174430847167969,0.9692429900169373,0.48178849220275877,0.6909371058146159,0.8050717711448669,0.3929987907409668,0.7402075449625651,0.9168165922164917,0.4046196937561035,0.7040331522623698,0.5495721101760864,0.3215364694595337,0.769731076558431,0.6722871661186218
pushup,0.7072150230407714,0.7316216786702474,0.7813141942024231,0.7140773296356201,0.7097721735636393,0.21506278216838837,0.7016173362731933,0.7145344416300455,0.8434997797012329,0.7094374656677246,0.6259092966715495,0.02518305554986,0.6645659923553466,0.6392420450846354,0.7725925445556641,0.6736998558044434,0.5524197260538737,0.8035354018211365,0.557544469833374,0.6101025263468425,0.9710279107093811,0.7026535987854003,0.7324488957722982,0.7753358483314514,0.508913803100586,0.8921972910563151,0.9723396897315979,0.7630640983581543,0.9259611765543619,0.7257546782493591,0.5295175075531006,1.0,0.9019556641578674,0.47221884727478025,0.4852473576863607,0.9386431574821472,0.38837580680847167,0.5065470377604167,0.9644176363945007,0.536552906036377,0.7253456115722656,0.7722700834274292,0.3531522035598755,0.7627816518147786,0.8608164191246033,0.5384098052978515,0.7831661860148112,0.3685181438922882,0.301253080368042,0.823443603515625,0.42881765961647034
pushup,0.6981066703796387,0.7165049870808919,0.819331169128418,0.7039417266845703,0.6965489705403646,0.2773604691028595,0.6938129901885987,0.7018642425537109,0.83969646692276,0.6985279560089112,0.6150650024414063,0.035767365247011185,0.6585891723632813,0.6297077814737956,0.7353114485740662,0.6713269233703614,0.5430596669514974,0.8619440793991089,0.5538241386413574,0.6105079650878906,0.9681719541549683,0.7262993812561035,0.7122531255086263,0.8325411677360535,0.5138012409210205,0.8914986292521159,0.9628622531890869,0.7779421806335449,0.9427550633748373,0.7860555052757263,0.5243624687194824,1.0,0.883727490901947,0.4606203079223633,0.4891633987426758,0.9352086186408997,0.3804485321044922,0.5115152676900228,0.9522764682769775,0.5003522872924805,0.7431420644124349,0.7749228477478027,0.34724581241607666,0.7876576741536458,0.8326919674873352,0.486614465713501,0.8350919087727865,0.3135751783847809,0.3015664339065552,0.8835667928059896,0.3340423107147217
pushup,0.7145526885986329,0.69848206837972,0.8157531023025513,0.722222089767456,0.6768538157145182,0.2215329110622406,0.7093904495239258,0.6804485956827799,0.872340738773346,0.7120052814483643,0.6043351491292318,0.02023754082620144,0.6647229194641113,0.6125408172607422,0.8249024748802185,0.6752610206604004,0.5455499013264974,0.8433110117912292,0.5446415424346924,0.6026641845703125,0.9674715399742126,0.7377887725830078,0.7388898213704427,0.8175560832023621,0.5036283016204834,0.8921061197916667,0.9628669023513794,0.7952109336853027,0.9798100789388021,0.7394616007804871,0.5205533981323243,1.0,0.8802430629730225,0.4764861106872559,0.5003643671671549,0.9185145497322083,0.38106136322021483,0.5265990893046061,0.940763533115387,0.575929594039917,0.7604068756103516,0.6563987731933594,0.3683255672454834,0.8147115707397461,0.7429341673851013,0.6102952480316162,0.8369524637858073,0.19291751086711884,0.3428570508956909,0.9002866744995117,0.21022380888462067
pushup,0.7004823684692383,0.7183205922444661,0.7604215145111084,0.710851526260376,0.6958864212036133,0.1750650852918625,0.6955866813659668,0.6983892440795898,0.8371704816818237,0.7074526786804199,0.6169085184733073,0.022469429299235344,0.6579153060913085,0.6213932673136393,0.798571765422821,0.6672951221466065,0.5570378621419271,0.7923387289047241,0.5441197395324707,0.6032095591227213,0.9699949026107788,0.7134123325347901,0.7651038487752279,0.7185075879096985,0.5100009918212891,0.9021188100179036,0.9658623337745667,0.785090160369873,0.9905677159627279,0.5938965082168579,0.5338949203491211,1.0,0.8562046885490417,0.45168051719665525,0.5200502395629882,0.8910810947418213,0.36508979797363283,0.5374073028564453,0.936573326587677,0.5096649646759033,0.780218760172526,0.6215788125991821,0.3393749713897705,0.8195831298828125,0.7654983401298523,0.502552604675293,0.855143928527832,0.17629589140415192,0.3003086090087891,0.9059157689412435,0.22565972805023193
pushup,0.7015843868255616,0.7314116160074869,0.8102946877479553,0.71104736328125,0.7080312093098958,0.23219738900661469,0.6927509307861328,0.7108829498291016,0.878513753414154,0.7103217124938965,0.6260653177897135,0.022480377927422523,0.6508227348327636,0.6322714487711588,0.8280833959579468,0.682929515838623,0.5655680974324544,0.8201075792312622,0.5420038223266601,0.6084479014078776,0.9760273694992065,0.7308518409729003,0.7671581904093424,0.7093359231948853,0.5090901851654053,0.8945151011149088,0.9695451259613037,0.7789950370788574,0.9802372614542644,0.5941792726516724,0.5315076828002929,1.0,0.8807795643806458,0.4659935474395752,0.5290603637695312,0.9211279153823853,0.3713590145111084,0.5410842895507812,0.9575939178466797,0.5044594764709472,0.7570405960083008,0.753269374370575,0.34137954711914065,0.7856714884440105,0.8698223829269409,0.4614712715148926,0.81280517578125,0.35803207755088806,0.28887128829956055,0.8476951599121094,0.449751079082489
pushup,0.7010074138641358,0.7345372517903646,0.9028666615486145,0.717070484161377,0.7142548243204753,0.4805765450000763,0.6968106746673584,0.7093271255493164,0.9299448132514954,0.7250686168670655,0.6370951970418294,0.06971563398838043,0.6635824203491211,0.6241497039794922,0.8473873734474182,0.6892961025238037,0.5847894032796224,0.8693730235099792,0.5515327453613281,0.608470090230306,0.9840112328529358,0.7108045101165772,0.7928115844726562,0.6986032128334045,0.5046749591827393,0.9006718317667644,0.9688000679016113,0.7454378128051757,1.0,0.553219199180603,0.5452970027923584,1.0,0.8571472764015198,0.46592960357666013,0.5511245727539062,0.8903012275695801,0.37638273239135744,0.5536053975423177,0.9417782425880432,0.4730057716369629,0.7818992614746094,0.6544654369354248,0.33025708198547366,0.8023068745930989,0.8050307631492615,0.4021590709686279,0.8391236623128255,0.24434445798397064,0.2807147979736328,0.8762046813964843,0.3215710520744324
pushup,0.7413846969604492,0.7066133499145508,0.7886462807655334,0.7518803596496582,0.6879457473754883,0.19548963010311127,0.7404404640197754,0.6770638783772787,0.8829202055931091,0.7360323429107666,0.6192519505818684,0.03230023756623268,0.696728515625,0.5985368092854818,0.8982826471328735,0.6697853565216064,0.5889442443847657,0.856205403804779,0.5793626785278321,0.598996098836263,0.9876563549041748,0.6340177536010743,0.8082028071085612,0.6173885464668274,0.49801087379455566,0.8850894927978515,0.9733744263648987,0.6575942516326905,1.0,0.4644063413143158,0.5272932052612305,1.0,0.8656005263328552,0.45363826751708985,0.5493598302205404,0.8875164985656738,0.39583964347839357,0.5434916178385417,0.9484752416610718,0.4532878875732422,0.7401787439982096,0.6327495574951172,0.36675801277160647,0.7379662195841471,0.8023533821105957,0.34196374416351316,0.741189702351888,0.2963239848613739,0.2778786659240723,0.7436207453409831,0.3911616802215576
pushup,0.7190968036651612,0.6619429270426432,0.9807877540588379,0.7405290603637695,0.6457563400268554,0.8556332588195801,0.7137003898620605,0.6254485448201498,0.986674964427948,0.7476815700531005,0.5950887680053711,0.1807958334684372,0.6702201843261719,0.5484180450439453,0.9541444182395935,0.7142848491668701,0.5862557729085286,0.962539553642273,0.5650137901306153,0.5680484771728516,0.9966365098953247,0.7515684127807617,0.7809671401977539,0.7571781873703003,0.5071683883666992,0.8441012064615886,0.9839833974838257,0.7891115188598633,0.9411819458007813,0.668479859828949,0.5181991577148437,1.0,0.9252836108207703,0.5000701904296875,0.555165163675944,0.9476043581962585,0.41272706985473634,0.5323679288228352,0.9760233163833618,0.461771297454834,0.7412254333496093,0.8047338724136353,0.3685554265975952,0.7125185648600261,0.9131279587745667,0.32901599407196047,0.736844253540039,0.537969708442688,0.3095297574996948,0.7230955759684244,0.6630663871765137
pushup,0.7148253917694092,0.628390375773112,0.9887726902961731,0.7474071025848389,0.6090674082438151,0.9314279556274414,0.7088125228881836,0.5820246378580729,0.9892550706863403,0.7672760009765625,0.5794127146402995,0.3241545855998993,0.6666532993316651,0.5151796340942383,0.9292061924934387,0.7213752269744873,0.5967483520507812,0.9650135636329651,0.5585414409637451,0.5566207885742187,0.9940900206565857,0.7592562675476074,0.8036183675130208,0.7818431854248047,0.4956411361694336,0.8338843027750651,0.9670243263244629,0.789242172241211,0.9908287684122722,0.650123655796051,0.4830610275268555,1.0,0.8604720830917358,0.4946898937225342,0.5749838511149089,0.8745611906051636,0.39435131549835206,0.543557612101237,0.9230628609657288,0.48754353523254396,0.7518124262491862,0.5748055577278137,0.3563709020614624,0.7113637288411458,0.7166861295700073,0.37779037952423095,0.7824929555257162,0.2575555443763733,0.3132218360900879,0.7649051030476888,0.3222515881061554
pushup,0.7088134765625,0.620532735188802,0.991452693939209,0.7426118373870849,0.5987070083618165,0.9455417394638062,0.700589656829834,0.5730115890502929,0.9915274977684021,0.7644692897796631,0.5689336776733398,0.28794652223587036,0.6564913272857666,0.5077118873596191,0.9189457297325134,0.7142107963562012,0.5998467763264974,0.9523090720176697,0.5506577491760254,0.5585669199625651,0.9894309043884277,0.7686253547668457,0.8209328333536784,0.7616372108459473,0.4828819751739502,0.8391199747721354,0.9502643942832947,0.797756576538086,0.9865810394287109,0.6720916032791138,0.4614278316497803,1.0,0.8485704660415649,0.48604421615600585,0.6481632232666016,0.6906866431236267,0.3799140453338623,0.62260316212972,0.7729865312576294,0.5206140041351318,0.7443328857421875,0.23944221436977386,0.3712494373321533,0.7293359756469726,0.35445454716682434,0.41688785552978513,0.7385956446329752,0.09373409301042557,0.32427899837493895,0.7590250651041667,0.11532673239707947
pushup,0.7091798305511474,0.626904551188151,0.9901672601699829,0.7437057495117188,0.6062168121337891,0.9346547722816467,0.7006024360656739,0.5752372741699219,0.9916079044342041,0.7666745185852051,0.5852074305216471,0.29236167669296265,0.656940507888794,0.5118855476379395,0.945214569568634,0.7184875965118408,0.6263745625813802,0.9682697653770447,0.549470043182373,0.5619044621785482,0.9934400916099548,0.7488739013671875,0.8730737050374349,0.6919971108436584,0.48836841583251955,0.8563730239868164,0.952251672744751,0.7720300197601319,0.9561257680257161,0.5613802671432495,0.4892092227935791,0.9854211171468099,0.8430131673812866,0.4843914985656738,0.6037189483642578,0.7321267127990723,0.38243680000305175,0.5651071548461915,0.8211385011672974,0.5189659118652343,0.7086559295654297,0.48770391941070557,0.39808120727539065,0.6635094324747721,0.6752012372016907,0.3605480432510376,0.7721443812052409,0.2102707177400589,0.31879844665527346,0.7635138193766277,0.2935507297515869
pushup,0.7123978614807129,0.6544961929321289,0.9827836751937866,0.7456273078918457,0.6269847869873046,0.877064049243927,0.7024102210998535,0.601771354675293,0.9886109232902527,0.763207483291626,0.5940595626831054,0.23127049207687378,0.6558192729949951,0.5364777247111002,0.9544474482536316,0.6913725852966308,0.6311703364054362,0.9526277184486389,0.5524681091308594,0.5859055836995443,0.994575023651123,0.6591489791870118,0.8720805486043294,0.6350302696228027,0.472902774810791,0.8778417587280274,0.9625996947288513,0.7172355651855469,0.9836682637532552,0.4971778988838196,0.48030753135681153,0.9992291132609049,0.8514999747276306,0.47282047271728517,0.5923286437988281,0.7966467142105103,0.3872528553009033,0.563679059346517,0.8879327774047852,0.502265453338623,0.7458339691162109,0.4838944375514984,0.38313567638397217,0.7019317626953125,0.6825063228607178,0.3803755760192871,0.7470706303914388,0.2093254178762436,0.3018181562423706,0.7232739130655924,0.2954868674278259
pushup,0.7082816600799561,0.6695636113484701,0.9855121970176697,0.7367051124572754,0.6382469177246094,0.8769540190696716,0.6934309959411621,0.6250183741251628,0.9904736876487732,0.7524557113647461,0.5949752807617188,0.18315954506397247,0.6424567222595214,0.5633643468221029,0.9614760279655457,0.6981321811676026,0.6182879130045573,0.9571768641471863,0.540254783630371,0.6054297765096028,0.9946991205215454,0.7109447479248047,0.8232680638631185,0.6853440999984741,0.45515832901000974,0.8769455591837565,0.964187741279602,0.7672253131866456,0.9354203542073568,0.5856237411499023,0.458709716796875,1.0,0.8697144389152527,0.46351141929626466,0.6187819798787435,0.8531107306480408,0.36922531127929686,0.6028789520263672,0.916175901889801,0.44920687675476073,0.8134621302286784,0.5346187949180603,0.353654670715332,0.7996960957845052,0.7102422118186951,0.3286875247955322,0.8392510732014974,0.16243822872638702,0.28244876861572266,0.8397415161132813,0.22251076996326447
pushup,0.6844340801239014,0.6695950826009115,0.9857712984085083,0.717377758026123,0.6381963094075521,0.9186403751373291,0.6706817626953125,0.6228744506835937,0.9898983836174011,0.7457143783569335,0.6061766306559245,0.2789961099624634,0.6291468620300293,0.5696222305297851,0.9474167823791504,0.6865575790405274,0.6313704172770183,0.9492059946060181,0.5353447437286377,0.6302091598510742,0.9926708936691284,0.7119368553161621,0.8181290944417318,0.6071844696998596,0.45156025886535645,0.9166734059651692,0.9385178089141846,0.7656088829040527,0.8571019490559896,0.5903595089912415,0.4552578926086426,1.0,0.845808207988739,0.4455540657043457,0.5890448252360027,0.7240030765533447,0.35917770862579346,0.582769266764323,0.8204581141471863,0.46318511962890624,0.7088882446289062,0.438465416431427,0.39260268211364746,0.7222527821858724,0.6361768841743469,0.3005072116851807,0.6653760274251302,0.2035859227180481,0.3043734788894653,0.7136694590250651,0.2812733054161072
pushup,0.6706305503845215,0.6688900629679362,0.9825886487960815,0.7082555294036865,0.6342639287312826,0.8944340348243713,0.6575289726257324,0.616383679707845,0.9882120490074158,0.7360136032104492,0.6023344039916992,0.24214398860931396,0.6144979953765869,0.5603253682454427,0.9417778849601746,0.6566884040832519,0.6210721969604492,0.9200901389122009,0.5169880867004395,0.6307828903198243,0.9844251871109009,0.6732472896575927,0.8061541239420573,0.5188279151916504,0.44407997131347654,0.9475186665852865,0.8709831833839417,0.7612490653991699,0.8034125010172526,0.5599818229675293,0.4545778274536133,0.9945217132568359,0.7616068124771118,0.41259255409240725,0.5904716491699219,0.4248884618282318,0.3314476013183594,0.5910016377766927,0.5118624567985535,0.4618067741394043,0.7334923426310221,0.19116823375225067,0.39090561866760254,0.7450417836507162,0.29681628942489624,0.31761415004730226,0.7272000630696615,0.05565204471349716,0.313425874710083,0.7706600189208984,0.07221660763025284
pushup,0.6715728759765625,0.6630276997884115,0.9856792092323303,0.7073654174804688,0.6280170440673828,0.9040156602859497,0.6559576034545899,0.6135264078776042,0.9897423982620239,0.7322773456573486,0.5946655909220377,0.2532815933227539,0.6100971698760986,0.5596372604370117,0.9521864056587219,0.6609119415283203,0.6144041697184245,0.9447876811027527,0.5143933773040772,0.6305174509684245,0.9902774691581726,0.6840976238250732,0.7858357747395833,0.6322951316833496,0.43741207122802733,0.9302542368570964,0.9189834594726562,0.7666393280029297,0.8018424352010091,0.6348786354064941,0.44443812370300295,0.9976933161417644,0.8193340301513672,0.4234453201293945,0.6162604649861654,0.6248297095298767,0.338120436668396,0.6193110148111979,0.7109944224357605,0.4426454544067383,0.7807120641072591,0.26664167642593384,0.3721974611282349,0.8016553243001302,0.3943790793418884,0.30145926475524903,0.7664013544718424,0.06276872754096985,0.29640185832977295,0.8173458735148112,0.080323226749897
pushup,0.677911376953125,0.6725829442342123,0.9883041381835938,0.7169680595397949,0.6372954686482747,0.928115963935852,0.6616672515869141,0.6208112716674805,0.9907416105270386,0.7467117309570312,0.6049530665079753,0.29794999957084656,0.6138358116149902,0.5619152704874675,0.9480112195014954,0.6853924751281738,0.6335381825764974,0.9571530222892761,0.5087401866912842,0.6252053578694662,0.9915332198143005,0.712708854675293,0.8488906860351563,0.6761196255683899,0.43549232482910155,0.9191724777221679,0.9258773326873779,0.7742403984069824,0.9722204208374023,0.55295330286026,0.43427448272705077,1.0,0.7960166931152344,0.44397811889648436,0.650140126546224,0.6715174317359924,0.33826704025268556,0.6422835032145182,0.7506365180015564,0.4650733947753906,0.8383035659790039,0.22746694087982178,0.3609712362289429,0.8482170740763346,0.3532852232456207,0.34407768249511717,0.8290182749430338,0.044107697904109955,0.3077065944671631,0.8719167073567708,0.058260392397642136
pushup,0.6909724235534668,0.6869260152180989,0.9887442588806152,0.729069995880127,0.6520391464233398,0.9331532120704651,0.6740792274475098,0.6339728037516276,0.9911435842514038,0.7564916133880615,0.6200238545735677,0.25164350867271423,0.6212640285491944,0.5737681070963542,0.9403443336486816,0.6992717266082764,0.6644866943359375,0.9486807584762573,0.5030890464782715,0.6390807469685872,0.9833906888961792,0.7300387382507324,0.8884972254435222,0.6376717686653137,0.4225616931915283,0.9203042348225912,0.8612561225891113,0.759288215637207,0.9856674194335937,0.5336835384368896,0.4296968936920166,0.9933094024658203,0.721574604511261,0.43738155364990233,0.7172972997029622,0.5338529944419861,0.31827602386474607,0.7011259078979493,0.5771116018295288,0.470185661315918,0.875729497273763,0.138957679271698,0.35019454956054685,0.8774466832478841,0.19861683249473572,0.3412229061126709,0.878237787882487,0.0263192318379879,0.2937681436538696,0.9146659851074219,0.03047901764512062
pushup,0.6962122917175293,0.7136432647705078,0.9894306659698486,0.7333126068115234,0.6882641474405925,0.9262499809265137,0.6849798202514649,0.6578422546386719,0.9928271174430847,0.7508800506591797,0.6644179026285807,0.21692296862602234,0.6333338260650635,0.5907093048095703,0.9598766565322876,0.6929019927978516,0.7308454513549805,0.9374790787696838,0.49615001678466797,0.6653740564982097,0.9821679592132568,0.7189786911010743,0.9674048105875651,0.4618806540966034,0.3931720733642578,0.9453883488972982,0.8249797821044922,0.7716113090515136,0.9978886286417643,0.3903129994869232,0.4149409294128418,0.9939762115478515,0.6928586363792419,0.44160189628601076,0.8107212066650391,0.28290024399757385,0.3277024030685425,0.7804300944010417,0.3607363700866699,0.48728084564208984,0.8830694198608399,0.09694352000951767,0.37914655208587644,0.857012939453125,0.16349662840366364,0.3331744909286499,0.9144671122233073,0.03041362389922142,0.33161163330078125,0.9264758427937826,0.03925270959734917
pushup,0.7057187557220459,0.7442335764567057,0.9844713807106018,0.7399577140808106,0.7206339518229167,0.8938825130462646,0.6963497161865234,0.6937876383463542,0.9906272888183594,0.7556357860565186,0.693704350789388,0.1816161572933197,0.6498298645019531,0.6287219365437825,0.9561567306518555,0.6871779441833497,0.7478240331013998,0.9031556248664856,0.5145531177520752,0.6864166895548502,0.973646342754364,0.7113885879516602,0.9741092681884765,0.38679027557373047,0.3956022262573242,0.9559318542480468,0.7839339971542358,0.7848423004150391,1.0,0.32608845829963684,0.4162145137786865,0.9974377314249675,0.6351725459098816,0.41919775009155275,0.809834098815918,0.2454940378665924,0.3197848081588745,0.7820924758911133,0.31558457016944885,0.46993584632873536,0.9084267934163411,0.08318090438842773,0.38348960876464844,0.8949515024820963,0.14079159498214722,0.31094965934753416,0.9238381703694661,0.025379234924912453,0.3194191217422485,0.9504361470540365,0.031709663569927216
pushup,0.7269427299499511,0.8010363260904948,0.9824296236038208,0.7608267784118652,0.7816192626953125,0.8901681303977966,0.7199872970581055,0.747804323832194,0.9892336130142212,0.7716032505035401,0.7474541982014974,0.13431234657764435,0.6717210292816163,0.6671758015950521,0.931458055973053,0.7005982875823975,0.8059746424357096,0.818962574005127,0.5298242092132568,0.7114421844482421,0.9285055994987488,0.7164936065673828,1.0,0.2639072835445404,0.3965961456298828,0.9583561579386394,0.627973198890686,0.7753548145294189,0.9802988688151042,0.3038869798183441,0.423598575592041,0.9971391677856445,0.5697537660598755,0.4444131851196289,0.8832462946573894,0.07661337405443192,0.3468125581741333,0.8470110575358073,0.1013869047164917,0.5018805980682373,0.878167724609375,0.03856945410370827,0.41469926834106446,0.8655337015787761,0.061878420412540436,0.35460891723632815,0.8811234792073568,0.020743418484926224,0.3624161958694458,0.9272010167439778,0.02383236773312092
pushup,0.7410282135009766,0.8507432301839193,0.9730126857757568,0.7713247299194336,0.8309102376302083,0.8283557295799255,0.7352916717529296,0.7990472793579102,0.988080620765686,0.7704561710357666,0.7930882136027019,0.09936431050300598,0.6803092002868653,0.7164384206136067,0.9534808397293091,0.6962647438049316,0.8345602671305339,0.8013435006141663,0.5337321281433105,0.7576292673746745,0.9330214262008667,0.7044553756713867,1.0,0.23458699882030487,0.3993192195892334,0.9738100687662761,0.6229513883590698,0.7498879432678223,0.9846102396647135,0.2432226687669754,0.4437229156494141,0.9895211537679036,0.5225538611412048,0.45043010711669923,0.8738976160685221,0.13047662377357483,0.3587654113769531,0.8426059087117513,0.17690922319889069,0.46827068328857424,0.89070618947347,0.06814166158437729,0.3764517784118652,0.8850605010986328,0.10437110811471939,0.3166938304901123,0.8487107594807942,0.0402655191719532,0.31727468967437744,0.8924673080444336,0.044012803584337234
pushup,0.7371156215667725,0.8960447311401367,0.8673624396324158,0.7641353607177734,0.8922976175944011,0.5004497170448303,0.7477372646331787,0.8469074885050456,0.9618475437164307,0.7377913951873779,0.8602608998616537,0.08632103353738785,0.7043139934539795,0.7560844421386719,0.9504146575927734,0.627686882019043,0.8865368525187175,0.4946579933166504,0.5361120700836182,0.7849433898925782,0.7098535895347595,0.5902462005615234,1.0,0.05625499039888382,0.3892667770385742,0.9699663798014323,0.19975855946540833,0.6505885124206543,0.9793060302734375,0.054785553365945816,0.4644476413726807,0.9630301157633464,0.14622396230697632,0.40353822708129883,0.8890874862670899,0.01974397525191307,0.35664167404174807,0.8559509913126627,0.025319445878267288,0.5094653129577636,0.8431954701741536,0.025997219607234,0.44374856948852537,0.8270502090454102,0.036133524030447006,0.3825939655303955,0.8160137176513672,0.04079233109951019,0.4165480613708496,0.8629362106323242,0.04003213718533516
pushup,0.7474255561828613,0.9483557383219401,0.8247163891792297,0.7804507255554199,0.9267594655354817,0.4863598942756653,0.7490764617919922,0.8876808802286784,0.956866979598999,0.7754134654998779,0.8895254135131836,0.03064381703734398,0.6927765369415283,0.7992578506469726,0.8903397917747498,0.6601966381072998,0.8903765360514323,0.21710708737373352,0.570333194732666,0.8433798472086589,0.7468582391738892,0.62239990234375,0.9406476974487304,0.03700292855501175,0.4361772060394287,0.9576499938964844,0.4025130867958069,0.6308841705322266,0.9435083389282226,0.08740556240081787,0.4274589538574219,0.8878442764282226,0.4271620213985443,0.4481931209564209,0.7718785603841146,0.13798345625400543,0.4017788410186768,0.7469757715861003,0.2576528787612915,0.46596298217773435,0.7556804021199545,0.2264518439769745,0.39197406768798826,0.7516631444295248,0.40166139602661133,0.29037137031555177,0.6325501759847005,0.48591747879981995,0.29381182193756106,0.6809664408365885,0.57573002576828
pushup,0.7449751853942871,0.9988153457641602,0.8793293833732605,0.7804714202880859,0.9774323145548502,0.7166234850883484,0.7460136890411377,0.9438326517740886,0.9583913683891296,0.7947374820709229,0.9352884292602539,0.07815578579902649,0.7002014636993408,0.8513289133707682,0.8083184957504272,0.7215198993682861,0.9337286631266276,0.26408377289772034,0.5748136043548584,0.8769308725992838,0.7618293166160583,0.7168138027191162,0.9729332605997721,0.047359321266412735,0.4505317687988281,0.9480915069580078,0.39909884333610535,0.7070524215698242,0.9697774887084961,0.09208780527114868,0.3983476638793945,0.8812485376993815,0.3869566023349762,0.500928258895874,0.8078289667765299,0.1309010088443756,0.4245439529418945,0.7737173080444336,0.25005042552948,0.4648727893829346,0.7770207087198894,0.22466380894184113,0.36987910270690916,0.7525853474934896,0.3969050943851471,0.3460956573486328,0.6693356196085612,0.47765687108039856,0.3473891496658325,0.6972784678141276,0.5821762084960938
pushup,0.751205587387085,1.0,0.7332019209861755,0.7806005001068115,1.0,0.460883766412735,0.7548672676086425,0.9793949127197266,0.8961561918258667,0.7813730239868164,0.957830301920573,0.06679600477218628,0.7116550445556641,0.8879890441894531,0.7782198786735535,0.7044462203979492,0.9216816584269206,0.2356739491224289,0.5798808097839355,0.8993331909179687,0.7464843988418579,0.6596464157104492,0.9093020121256511,0.06155911087989807,0.4469598770141602,0.942663828531901,0.4150293469429016,0.6465356826782227,0.8853155136108398,0.08457262814044952,0.3627892255783081,0.8068414688110351,0.3346647620201111,0.5042724132537841,0.8141789754231771,0.15578733384609222,0.4393266201019287,0.7933178583780924,0.2928055226802826,0.4535958766937256,0.8079032897949219,0.23735365271568298,0.35655319690704346,0.7798868815104166,0.3748239576816559,0.3716339349746704,0.6996527353922526,0.44273602962493896,0.3612771511077881,0.7026493072509765,0.5231178402900696
pushup,0.7359830856323242,0.9709947586059571,0.09247146546840668,0.7476177215576172,0.9688240051269531,0.0313592329621315,0.7457518577575684,0.9543773015340169,0.1052205041050911,0.7368222236633301,0.9862663269042968,0.0338631346821785,0.7333203792572022,0.9515801111857096,0.23024596273899078,0.6345129013061523,0.9920626322428385,0.17787766456604004,0.678789472579956,0.9525110244750976,0.43873465061187744,0.5033698081970215,0.9143053690592448,0.16561275720596313,0.5467278957366943,0.8628620147705078,0.4229745864868164,0.4485025405883789,0.7812439600626627,0.35667306184768677,0.4369222164154053,0.774216906229655,0.54313063621521,0.4864043235778809,0.8913803100585938,0.4668685495853424,0.5133936405181885,0.8631617863972981,0.5808456540107727,0.42550034523010255,0.8404375712076823,0.5547316074371338,0.45424609184265136,0.8267389933268229,0.6336686611175537,0.382780122756958,0.7680684407552083,0.5758547782897949,0.39026460647583006,0.7868336359659831,0.6112870573997498
pushup,0.7418335437774658,0.9341390609741211,0.001507737790234387,0.720278263092041,0.9250621795654297,0.0011049911845475435,0.7511818408966064,0.9284965515136718,0.0007305538165383041,0.6772325038909912,0.9364336013793946,0.021234961226582527,0.7655293464660644,0.9539944330851237,0.025048578158020973,0.5810986518859863,0.9829317092895508,0.03444896638393402,0.77102632522583,0.9759538014729817,0.037526536732912064,0.47709026336669924,0.8760241826375326,0.05412362888455391,0.612948989868164,0.8417200088500977,0.04180632159113884,0.4404491424560547,0.7867571512858073,0.10588912665843964,0.42592177391052244,0.7729696909586589,0.09622006118297577,0.49719510078430174,0.9301352183024089,0.22667081654071808,0.6231611728668213,0.918980598449707,0.22719593346118927,0.44217557907104493,0.8587142944335937,0.41534680128097534,0.5747126579284668,0.8675041198730469,0.3979494571685791,0.39498629570007326,0.7955979665120443,0.5642915964126587,0.41037535667419434,0.8013304392496745,0.5484404563903809
pushup,0.6914291381835938,0.938403828938802,0.0007825199281796813,0.6628515720367432,0.9392691294352213,0.00037330080522224307,0.7020249366760254,0.9439773559570312,0.0005860491655766964,0.5880626201629638,0.9667523701985677,0.03857472166419029,0.712342643737793,0.9886114756266277,0.11213373392820358,0.4783778667449951,1.0,0.1269678920507431,0.7484591484069825,1.0,0.08763793110847473,0.39347455501556394,0.873544438680013,0.11083202064037323,0.7186095714569092,0.876606305440267,0.0640273317694664,0.39966616630554197,0.777302360534668,0.14448246359825134,0.6740260124206543,0.8463419596354167,0.09034475684165955,0.44501476287841796,0.9218919118245442,0.49061810970306396,0.6231208801269531,0.9255287170410156,0.41082629561424255,0.4083273410797119,0.8201517740885417,0.7263280153274536,0.6058930397033692,0.8515347162882487,0.6492098569869995,0.38357744216918943,0.7734188715616862,0.7953699827194214,0.4792837142944336,0.8074357350667317,0.737775444984436
pushup,0.5630321502685547,0.9003333409627279,0.00012178574252175167,0.5276548862457275,0.8961947758992513,4.118878496228717e-05,0.5704288959503174,0.9049539566040039,7.850598922232166e-05,0.4517143726348877,0.9279767990112304,0.01855936273932457,0.5905344963073731,0.9598379770914713,0.06811439990997314,0.38166213035583496,1.0,0.08986571431159973,0.6755293846130371,1.0,0.12661117315292358,0.349053955078125,0.931424077351888,0.05895709618926048,0.7242981910705566,0.9039401372273763,0.1050400361418724,0.38753576278686525,0.7815291086832682,0.0768938958644867,0.7352059841156006,0.8661771774291992,0.11378328502178192,0.44199209213256835,0.9490768432617187,0.49115872383117676,0.6538142204284668,0.9565760294596354,0.521993100643158,0.40595645904541017,0.8684850692749023,0.7471808195114136,0.6982076168060303,0.8967898050944011,0.7749768495559692,0.399429988861084,0.7863335291544596,0.7859833240509033,0.6333258628845215,0.8181267420450846,0.7914975881576538
pushup,0.6341933250427246,0.9116069793701171,0.00030731793958693743,0.6033219337463379,0.9029802958170573,0.00016489349945914,0.6344979286193848,0.9137201309204102,0.00017807117546908557,0.5420540809631348,0.9267375946044922,0.013144847936928272,0.639411735534668,0.9632912953694661,0.03315981477499008,0.4723952293395996,0.9877059936523438,0.05030946433544159,0.6975399017333984,1.0,0.04075326770544052,0.43428792953491213,0.882420539855957,0.06165524944663048,0.6894121170043945,0.8935159683227539,0.04189092665910721,0.42114734649658203,0.7806046803792318,0.09942520409822464,0.6027303218841553,0.8326277414957682,0.08263558894395828,0.471925163269043,0.9253384908040364,0.45283278822898865,0.6279053688049316,0.9330748240152995,0.40619930624961853,0.43484950065612793,0.8609317779541016,0.7589689493179321,0.6339165687561035,0.8884690602620443,0.7255914211273193,0.40010995864868165,0.7997477849324545,0.8312637209892273,0.5110868453979492,0.8198016484578451,0.8092859983444214
pushup,0.636533546447754,0.9077864329020182,0.0008301039924845099,0.6023603916168213,0.9008363087972006,0.000521348207257688,0.6432149887084961,0.9099971771240234,0.0003749346360564232,0.5337570190429688,0.9249539057413737,0.0364965982735157,0.6588356971740723,0.9592716217041015,0.0449448823928833,0.45932350158691404,0.9915220260620117,0.08838855475187302,0.7110713958740235,1.0,0.05600341409444809,0.4289371490478516,0.8857592900594076,0.08651939779520035,0.6329307079315185,0.8748229344685873,0.03999925032258034,0.44272937774658205,0.7955370585123698,0.13408738374710083,0.48317632675170896,0.8069079717000326,0.08721807599067688,0.4508945941925049,0.9242531458536783,0.3745947778224945,0.6254247665405274,0.9270524342854818,0.30862417817115784,0.42530517578125,0.859111213684082,0.6511136293411255,0.6155201435089112,0.8802522659301758,0.5777572393417358,0.39830784797668456,0.8145181655883789,0.7025259733200073,0.46188740730285643,0.8231367746988932,0.6549599766731262
pushup,0.7614385604858398,0.996316401163737,0.09457528591156006,0.7696518898010254,0.9839437484741211,0.031985893845558167,0.7665615081787109,0.9746716817220052,0.1414363533258438,0.7569518089294434,0.981463368733724,0.01918836496770382,0.7496876239776611,0.9606777191162109,0.2671043872833252,0.650815486907959,0.9904390970865885,0.0714532658457756,0.7065614223480224,0.9568341573079427,0.2827913761138916,0.518315315246582,0.910306739807129,0.05290079861879349,0.555863904953003,0.8505095799763998,0.24396106600761414,0.44983973503112795,0.7969095865885417,0.13846972584724426,0.4164279460906982,0.7712432861328125,0.34222114086151123,0.499084997177124,0.9084402084350586,0.22827334702014923,0.5343084812164307,0.882405153910319,0.3571299910545349,0.4365912914276123,0.8660096486409505,0.34900379180908203,0.48132171630859377,0.8587769826253255,0.46454253792762756,0.3846117496490479,0.7655972798665365,0.5111256241798401,0.3900526285171509,0.7835648218790691,0.5696015954017639
pushup,0.7480728149414062,1.0,0.7747756242752075,0.7818886756896972,0.9961174011230469,0.5564600229263306,0.7498043060302735,0.9675926208496094,0.9003679156303406,0.7936262130737305,0.9520939509073894,0.0744490996003151,0.7055749893188477,0.8804827372233073,0.7381719350814819,0.7028892993927002,0.9306268692016602,0.2570846676826477,0.5884032726287842,0.906753412882487,0.7579351663589478,0.6070143222808838,0.8846972147623698,0.08633282035589218,0.4598278522491455,0.9265688578287761,0.4552716612815857,0.4622625827789307,0.7875292460123698,0.16088086366653442,0.3763468265533447,0.786134147644043,0.4900728762149811,0.5017348766326905,0.8256350835164388,0.22108399868011475,0.43712615966796875,0.8030640920003255,0.38214802742004395,0.45633530616760254,0.7987054189046224,0.29888975620269775,0.3732272148132324,0.7892760594685873,0.46348240971565247,0.35585205554962157,0.6566113789876302,0.5136718153953552,0.35978658199310304,0.6996815999348959,0.6011282801628113
pushup,0.7493247985839844,0.977897834777832,0.7300249934196472,0.777860164642334,0.9657423655192058,0.37784430384635925,0.7599967956542969,0.9270373026529948,0.9182082414627075,0.7626147270202637,0.9200380325317383,0.05042944476008415,0.7173981666564941,0.8313353220621745,0.8702875971794128,0.6317163467407226,0.8832571665445964,0.19695574045181274,0.585664176940918,0.8458747227986654,0.664425790309906,0.5142979145050048,0.8730982462565104,0.049942608922719955,0.43513145446777346,0.9227023442586263,0.3296407163143158,0.4677256107330322,0.8081899642944336,0.0857764482498169,0.3825669765472412,0.852564811706543,0.3208465576171875,0.43180999755859373,0.7883374532063802,0.08787807822227478,0.40863285064697263,0.7666841506958008,0.15825428068637848,0.46138577461242675,0.7739604949951172,0.1669429987668991,0.3984363555908203,0.760499636332194,0.2648414969444275,0.330104398727417,0.7161852518717448,0.3361695408821106,0.33325538635253904,0.7565378824869792,0.3902421295642853
pushup,0.7432628631591797,1.0,0.732113778591156,0.7642657279968261,0.9944122950236003,0.5055318474769592,0.7555325031280518,0.9712305068969727,0.8637874722480774,0.757471752166748,0.9149268468221029,0.10445579886436462,0.7280799388885498,0.862882932027181,0.690030574798584,0.6582192420959473,0.8077895482381184,0.2924501895904541,0.5997450828552247,0.8226856867472331,0.5844600200653076,0.5597154140472412,0.8074621836344401,0.14348174631595612,0.4201638698577881,0.9409501393636067,0.2913537621498108,0.5095659255981445,0.8493793487548829,0.19673000276088715,0.3901997089385986,0.932857894897461,0.2836481034755707,0.4527904510498047,0.7312403996785481,0.16432534158229828,0.42093963623046876,0.7299917221069336,0.19087296724319458,0.43752222061157225,0.8238533020019532,0.15569575130939484,0.37834630012512205,0.8487621307373047,0.15710827708244324,0.3209200382232666,0.7728516896565755,0.1561994105577469,0.3200279951095581,0.8324803034464519,0.13579770922660828
pushup,0.7465403079986572,0.8422948201497396,0.8862143158912659,0.769912576675415,0.8283271789550781,0.5634399652481079,0.7508898258209229,0.8007561365763346,0.956039309501648,0.7578980445861816,0.7996770858764648,0.0948859378695488,0.7093210697174073,0.733650271097819,0.9219520092010498,0.6843072414398194,0.824420674641927,0.6820579171180725,0.5714572429656982,0.7758998870849609,0.9310801029205322,0.6728865146636963,1.0,0.12923140823841095,0.4227138519287109,0.9924314498901368,0.5892224311828613,0.7394659042358398,0.9673970540364584,0.1169051006436348,0.4145702362060547,0.9549090067545573,0.3747197985649109,0.45986785888671877,0.779513422648112,0.16498710215091705,0.40117497444152833,0.7513139724731446,0.26505500078201294,0.4273380279541016,0.8056006749471029,0.13780425488948822,0.35642859935760496,0.7873009999593099,0.22711439430713654,0.2976602792739868,0.7372417449951172,0.12164895236492157,0.2939800500869751,0.7525616327921549,0.14924421906471252
pushup,0.7455379486083984,0.7732086181640625,0.9739630222320557,0.771993350982666,0.7530718485514323,0.8323213458061218,0.7356187343597412,0.7257805506388346,0.9871386885643005,0.7732492923736572,0.7348008473714193,0.09774025529623032,0.6829939842224121,0.671492067972819,0.9531003832817078,0.7074473381042481,0.8054437637329102,0.8146761655807495,0.5400717735290528,0.7261119842529297,0.9335193037986755,0.6998480796813965,1.0,0.21849088370800018,0.386168384552002,0.9757254918416342,0.5705088973045349,0.7474704265594483,0.96483154296875,0.21570941805839539,0.4246213436126709,0.9769767761230469,0.4830194115638733,0.46452670097351073,0.8840672810872395,0.07059493660926819,0.3670809745788574,0.8523427963256835,0.09318795055150986,0.5274144649505615,0.863760503133138,0.03658284246921539,0.43587532043457033,0.8348191579182943,0.05491173267364502,0.3767081737518311,0.8884382883707682,0.02134498953819275,0.37022202014923095,0.8831138610839844,0.023757638409733772
pushup,0.7409496307373047,0.7173246383666992,0.9845333099365234,0.7699217796325684,0.6901440302530925,0.8895655274391174,0.7272109031677246,0.6704811731974284,0.9901267290115356,0.779672908782959,0.668890380859375,0.15173575282096863,0.6704792499542236,0.6208674748738606,0.9570838212966919,0.7254866123199463,0.7267255783081055,0.9334778189659119,0.5393557071685791,0.6848974863688151,0.9783128499984741,0.7509067535400391,0.923914909362793,0.5707455277442932,0.4266511917114258,0.9185031255086263,0.8234509229660034,0.7714549541473389,0.9958686828613281,0.47177359461784363,0.40964174270629883,0.9967100779215495,0.6939187049865723,0.4816884517669678,0.7742730458577474,0.4536884129047394,0.37079834938049316,0.7519176483154297,0.5028038024902344,0.5288584232330322,0.8810600916544596,0.16659308969974518,0.4112232685089111,0.8613972981770833,0.22127383947372437,0.4174815654754639,0.9229832331339518,0.0466609001159668,0.36533925533294676,0.9251546859741211,0.051754385232925415
pushup,0.7276953220367431,0.663906987508138,0.9885743856430054,0.7583645343780517,0.6341945648193359,0.9089561104774475,0.7115142822265625,0.6148779551188152,0.9927674531936646,0.7724075317382812,0.6157234827677409,0.15822623670101166,0.656954002380371,0.5683481852213542,0.9674940705299377,0.717216682434082,0.7010127385457356,0.9482856392860413,0.522489070892334,0.655292256673177,0.9841984510421753,0.7371430397033691,0.956776491800944,0.5447026491165161,0.42426605224609376,0.9524019877115886,0.839439868927002,0.7700087547302246,0.9605621337890625,0.4539845585823059,0.4902097225189209,0.9816886901855468,0.7154123187065125,0.4687310218811035,0.8293263753255208,0.3455503582954407,0.3470797300338745,0.8121328989664713,0.39912036061286926,0.5519999980926513,0.8526775360107421,0.0819513350725174,0.41754775047302245,0.8457592010498047,0.1273118108510971,0.4213853359222412,0.829780387878418,0.029274076223373413,0.3634357452392578,0.8436341603597005,0.03430633619427681
pushup,0.7170758247375488,0.6375558217366536,0.9922571182250977,0.7511724472045899,0.6037579218546549,0.9324650764465332,0.6996041297912597,0.586642328898112,0.9941044449806213,0.7672309398651123,0.5849461873372396,0.194893941283226,0.6419535636901855,0.5415492375691732,0.9662595987319946,0.7006332874298096,0.6571566263834635,0.970134437084198,0.5137064933776856,0.6409544626871745,0.9862238168716431,0.7381790161132813,0.8669095357259115,0.7874414324760437,0.4446770191192627,0.9150765736897787,0.8811612129211426,0.7779936790466309,0.9828121185302734,0.6427105665206909,0.46633338928222656,0.9984765370686849,0.7582576274871826,0.4638698577880859,0.8019652048746745,0.5916718244552612,0.3418248414993286,0.8010540644327799,0.5767836570739746,0.5982592105865479,0.8725495020548503,0.10534452646970749,0.4281184196472168,0.8899706522623698,0.12864579260349274,0.5117454051971435,0.8623699188232422,0.023683689534664154,0.3873740196228027,0.9068026224772135,0.02333989180624485
pushup,0.709472370147705,0.6286743799845378,0.9925363063812256,0.7445943832397461,0.5931907653808594,0.9407165050506592,0.6908791542053223,0.5774985631306966,0.9942680597305298,0.7656913757324219,0.5767030080159505,0.23110289871692657,0.6359496116638184,0.5366742451985677,0.9638863801956177,0.7022364616394043,0.6419659932454427,0.9680147767066956,0.5193342208862305,0.6351168314615886,0.989512026309967,0.7317053318023682,0.8525817235310872,0.8005529046058655,0.45930027961730957,0.9153359731038412,0.9226375818252563,0.7655725479125977,0.9944374084472656,0.6558263897895813,0.4772367000579834,1.0,0.8174166083335876,0.48853015899658203,0.7543551762898763,0.6533485054969788,0.3645045757293701,0.7582310994466146,0.6775757670402527,0.6381081581115723,0.8340887705485026,0.13351136445999146,0.43694043159484863,0.8555352528889973,0.18503056466579437,0.566642951965332,0.8318503697713217,0.031028643250465393,0.38703165054321287,0.8800411224365234,0.03466375917196274
pushup,0.7030607700347901,0.632658576965332,0.9875432252883911,0.7382382392883301,0.5947410583496093,0.9064729809761047,0.6845974445343017,0.5810200373331705,0.9913839101791382,0.7593743324279785,0.5728614171346028,0.23565438389778137,0.6312475204467773,0.5392602920532227,0.963768720626831,0.688015365600586,0.6375441869099935,0.9572452306747437,0.5266011238098145,0.642686398824056,0.9929636120796204,0.7019693374633789,0.8389135360717773,0.6380049586296082,0.448885440826416,0.9411264419555664,0.9259452819824219,0.7633585929870605,0.8955413818359375,0.5930741429328918,0.47452621459960936,0.9924920399983724,0.8230440616607666,0.4397896766662598,0.6684903462727865,0.6380674839019775,0.3444355964660645,0.666227658589681,0.7282736301422119,0.45305862426757815,0.7867928822835286,0.22773011028766632,0.36653568744659426,0.8040854771931966,0.3522110879421234,0.3047247648239136,0.7307189305623373,0.061582598835229874,0.28630805015563965,0.7743156433105469,0.07771878689527512
pushup,0.6994489192962646,0.6361424763997395,0.9887962341308594,0.7348775863647461,0.5994867960611979,0.9235529899597168,0.6815215110778808,0.5851818720499674,0.9918316006660461,0.7590609550476074,0.5811098098754883,0.2707260251045227,0.6301305294036865,0.5457481384277344,0.9602054357528687,0.6926325798034668,0.6454015096028646,0.9627225399017334,0.5264085292816162,0.6440315246582031,0.9929513335227966,0.7171368598937988,0.8530248641967774,0.6833156943321228,0.44849252700805664,0.93447265625,0.9314850568771362,0.7723567485809326,0.955716069539388,0.5937408208847046,0.46739888191223145,1.0,0.8244549632072449,0.4490682601928711,0.6691018422444661,0.6595146059989929,0.3474434375762939,0.6658899943033855,0.7383950352668762,0.4941245079040527,0.7703161875406901,0.21499139070510864,0.38114514350891116,0.7892985026041667,0.3388839662075043,0.35475246906280516,0.707721201578776,0.06483079493045807,0.30010693073272704,0.755317497253418,0.08301740139722824
pushup,0.7001950740814209,0.6334300994873047,0.9881585240364075,0.7354286193847657,0.5966729482014974,0.9190326929092407,0.682527494430542,0.5839377085367838,0.9908438920974731,0.758700942993164,0.576362419128418,0.29318851232528687,0.6311217784881592,0.5435909271240235,0.9600510001182556,0.6927340507507325,0.6350324630737305,0.966416597366333,0.5295977115631103,0.6441231409708659,0.9945953488349915,0.7157193183898926,0.8250713348388672,0.7036709785461426,0.449727725982666,0.9255631764729818,0.9428254961967468,0.76885986328125,0.9665723164876302,0.5913213491439819,0.46762514114379883,1.0,0.8304202556610107,0.44793148040771485,0.6549435297648112,0.7329557538032532,0.35247747898101806,0.6530445734659831,0.8093891739845276,0.43959932327270507,0.7932975133260091,0.2509799897670746,0.35500173568725585,0.8175275802612305,0.38456806540489197,0.2862940073013306,0.7269515991210938,0.06191404536366463,0.27830541133880615,0.7769538243611653,0.07817281037569046
pushup,0.7089303016662598,0.6448893229166667,0.986461341381073,0.7435234069824219,0.6087530136108399,0.8944913744926453,0.6911843299865723,0.5932666778564453,0.9910978078842163,0.7610766410827636,0.5848011652628581,0.21933244168758392,0.6349580764770508,0.54658629099528,0.9667029976844788,0.690414571762085,0.644438107808431,0.9607822299003601,0.5303361415863037,0.6417166392008463,0.9941480159759521,0.7123641014099121,0.8405706405639648,0.6574034094810486,0.4484273910522461,0.9233243306477864,0.9420080184936523,0.7744265556335449,0.9413458506266276,0.5704668760299683,0.4667253017425537,1.0,0.8340075612068176,0.44709062576293945,0.6572518030802409,0.7100159525871277,0.3539033651351929,0.651107915242513,0.800422191619873,0.44111156463623047,0.7836406071980794,0.2564643323421478,0.35901799201965334,0.8011138916015625,0.40339621901512146,0.2896164894104004,0.7000978469848633,0.0751677006483078,0.280219578742981,0.7459993362426758,0.09700711816549301
pushup,0.7222103118896485,0.6742893854777018,0.9762910604476929,0.7541998863220215,0.6399249394734701,0.7978469133377075,0.7058866500854493,0.623475456237793,0.9871308207511902,0.7640691757202148,0.6083313624064127,0.10946155339479446,0.646809196472168,0.56927064259847,0.9627848863601685,0.6890889167785644,0.658567237854004,0.9245566725730896,0.5282061576843262,0.6457373936971028,0.9875098466873169,0.6844361305236817,0.8525476455688477,0.5382454991340637,0.43459296226501465,0.9297255198160808,0.9025481343269348,0.7407118797302246,0.8090739568074544,0.5566695332527161,0.45941009521484377,0.9980666478474934,0.7905111908912659,0.44095420837402344,0.6976210912068684,0.6043064594268799,0.3446060657501221,0.6875869750976562,0.7048463225364685,0.4455110549926758,0.8193975448608398,0.2587251663208008,0.3549477577209473,0.81849365234375,0.37835976481437683,0.3244206428527832,0.7791805267333984,0.07554372400045395,0.28906702995300293,0.8034670511881511,0.09228166192770004
pushup,0.7320037364959717,0.7204278310139974,0.9122892022132874,0.7545476913452148,0.6946268081665039,0.49420279264450073,0.723543357849121,0.6831087112426758,0.9415754675865173,0.7535010814666748,0.6456314086914062,0.050805527716875076,0.66904616355896,0.6139792760213216,0.9096850752830505,0.7105858802795411,0.6456700642903646,0.9251438975334167,0.5080508232116699,0.6521212895711263,0.9659883379936218,0.7489959239959717,0.8619899749755859,0.7483017444610596,0.4233704566955566,0.9377533594767252,0.8353683948516846,0.7640689849853516,0.9870415369669596,0.5718585252761841,0.4429948806762695,0.9808822631835937,0.6712424159049988,0.4897885322570801,0.7572621027628581,0.7140058875083923,0.36206579208374023,0.7639774322509766,0.694112241268158,0.5964154243469239,0.9127820332845052,0.24478644132614136,0.42748265266418456,0.9167378743489584,0.2578651010990143,0.5727945327758789,0.9740089416503906,0.047849178314208984,0.465299654006958,0.9796112696329753,0.045328009873628616
pushup,0.7879549026489258,0.7772558212280274,0.8031359314918518,0.7999279975891114,0.7511226018269856,0.16736291348934174,0.7788595676422119,0.7434141159057617,0.9359738826751709,0.7688817024230957,0.7043057759602864,0.011727627366781235,0.7082213878631591,0.6870218912760416,0.963696300983429,0.6872600555419922,0.699661382039388,0.7773406505584717,0.5469320774078369,0.7051036198933919,0.9455161690711975,0.7006123542785645,0.9009455998738607,0.38129422068595886,0.4013051509857178,0.9685936609903971,0.7617962956428528,0.763139009475708,0.9762110392252604,0.32264623045921326,0.4226983070373535,1.0,0.5982100367546082,0.43743171691894533,0.6692970275878907,0.47188282012939453,0.35381302833557127,0.67219664255778,0.5372738838195801,0.48250608444213866,0.8632788976033529,0.28205975890159607,0.39394845962524416,0.8744650522867838,0.3380434811115265,0.41338000297546384,0.9348368326822917,0.07272163033485413,0.3520942211151123,0.9400245666503906,0.07265408337116241
pushup,0.7800707340240478,0.8671653747558594,0.6980191469192505,0.7844475746154785,0.8449247360229493,0.1768845021724701,0.7741470336914062,0.8412041982014974,0.8869966864585876,0.7515788078308105,0.7897577921549479,0.01814567670226097,0.7209802150726319,0.7884840647379557,0.8974940180778503,0.6916041374206543,0.783932622273763,0.43825337290763855,0.5777794361114502,0.7773801167805989,0.830862820148468,0.6703224182128906,0.9376529693603516,0.140236034989357,0.39052748680114746,0.9456968943277995,0.5556131601333618,0.6465228080749512,0.9816261927286783,0.1916687935590744,0.40929107666015624,0.976556905110677,0.47833898663520813,0.4667853832244873,0.776437250773112,0.1727510541677475,0.40532512664794923,0.7698860168457031,0.2553689777851105,0.4917513370513916,0.8783166885375977,0.12875187397003174,0.4595973968505859,0.867041015625,0.17298714816570282,0.4477543830871582,0.9545984903971354,0.07504916936159134,0.4400205135345459,0.9265886942545573,0.07939498871564865
pushup,0.6853291511535644,0.838615608215332,0.2583906948566437,0.6914120674133301,0.8196666717529297,0.12263189256191254,0.7058154106140136,0.8149724324544271,0.16916440427303314,0.6793691158294678,0.7750937779744466,0.20048099756240845,0.7171217441558838,0.7682869593302409,0.18681617081165314,0.5745271682739258,0.7985687255859375,0.6580315828323364,0.6576790809631348,0.8071196873982748,0.6148015260696411,0.41588988304138186,0.920336659749349,0.5023919343948364,0.5091658115386963,0.9462381998697916,0.31865206360816956,0.4109088897705078,0.8579491933186849,0.6150322556495667,0.4749900817871094,0.8224232355753581,0.39532896876335144,0.4101235389709473,0.772387440999349,0.5228233337402344,0.4650057315826416,0.7675821940104167,0.419152170419693,0.3904995918273926,0.6994555155436198,0.5789039134979248,0.4305603504180908,0.7269901275634766,0.4461856186389923,0.3259274482727051,0.6060574849446615,0.6240759491920471,0.3297989845275879,0.6630560557047526,0.5021340250968933
pushup,0.678850507736206,0.8730815887451172,0.0634288340806961,0.6663630485534668,0.8773036321004232,0.06583335250616074,0.6948652744293213,0.8748379389444987,0.021376898512244225,0.6551855564117431,0.8864935557047526,0.27626579999923706,0.7323057174682617,0.8815987269083659,0.14611630141735077,0.6041348457336426,0.8562334696451823,0.39200034737586975,0.7519645690917969,0.8616100311279297,0.4656944274902344,0.5654813766479492,0.7137170791625976,0.3460714817047119,0.6646405220031738,0.7505674997965495,0.3624219000339508,0.48815121650695803,0.7174751281738281,0.435636430978775,0.5103962421417236,0.7265537261962891,0.4506729543209076,0.5190056800842285,0.8033313115437826,0.5846712589263916,0.6101382732391357,0.7866343816121419,0.6147529482841492,0.44451441764831545,0.7265920639038086,0.5028544664382935,0.5086769580841064,0.7299154917399089,0.5387169122695923,0.3486576795578003,0.6621025085449219,0.5419564247131348,0.3649370431900024,0.6637252807617188,0.5725744962692261
pushup,0.5668089389801025,0.7899656295776367,0.0032999874092638493,0.5406580448150635,0.7684398651123047,0.0031200291123241186,0.567078685760498,0.7797707239786784,0.000994334346614778,0.5150408267974853,0.7743459701538086,0.03918392211198807,0.5955101013183594,0.8088841756184896,0.01924511045217514,0.5164774417877197,0.8780035654703776,0.05284979194402695,0.6648820400238037,0.8862621307373046,0.0424673818051815,0.5038148880004882,0.8554597854614258,0.059285279363393784,0.601647138595581,0.8493374506632487,0.04285357519984245,0.47243223190307615,0.7670501073201498,0.11054304987192154,0.47604689598083494,0.7739137013753256,0.11902346462011337,0.5614924430847168,0.9023532867431641,0.09754897654056549,0.6649161815643311,0.8971840540568033,0.10223941504955292,0.5000794887542724,0.8347712834676106,0.22242684662342072,0.5977915763854981,0.8372774759928385,0.22798952460289001,0.44620485305786134,0.7933427174886067,0.3771902322769165,0.439249849319458,0.7729970296223958,0.38937610387802124
pushup,0.5942418098449707,0.8566698710123698,0.0004207097226753831,0.5609623908996582,0.8311083475748698,0.00020764319924637675,0.5900229930877685,0.8439610163370769,0.0001989456795854494,0.4987985134124756,0.8268575032552083,0.007101376075297594,0.5854913234710694,0.8686139424641927,0.012312106788158417,0.4722939968109131,0.935874875386556,0.035290807485580444,0.6520649909973144,0.9555416742960612,0.013289684429764748,0.48437070846557617,0.8808623631795247,0.07169105112552643,0.6847569942474365,0.8874916712443034,0.021506700664758682,0.4881692886352539,0.8070121765136719,0.14565716683864594,0.693049955368042,0.8900841395060222,0.07105711102485657,0.534820556640625,0.9290600458780924,0.22654764354228973,0.664948558807373,0.9404619216918946,0.1477200835943222,0.5036147594451904,0.9065596262613932,0.4775087237358093,0.6625643730163574,0.9312244415283203,0.3457598388195038,0.5063787460327148,0.84979248046875,0.5863254070281982,0.5519374370574951,0.8584551493326823,0.4824214279651642
pushup,0.6322174072265625,0.8785192489624023,5.038256858824752e-05,0.594675874710083,0.8524810791015625,2.1808276869705878e-05,0.6271462440490723,0.8654139836629232,2.4689896235940978e-05,0.5249590873718262,0.8519245147705078,0.004484504461288452,0.6327502727508545,0.8953567504882812,0.016541529446840286,0.47068357467651367,0.9676246643066406,0.025274500250816345,0.7175850391387939,0.9817295074462891,0.018000323325395584,0.47235584259033203,0.9302696863810221,0.035075753927230835,0.7286291599273682,0.9251569747924805,0.019898705184459686,0.49125137329101565,0.8319915771484375,0.048266373574733734,0.6331487655639648,0.9087882359822591,0.04091905057430267,0.5283639907836915,0.9550217310587565,0.17101214826107025,0.713817548751831,0.9663185119628906,0.13927878439426422,0.5135141372680664,0.9128309885660807,0.3813827335834503,0.7655744075775146,0.9347338994344075,0.33102408051490784,0.4835373878479004,0.8356806437174479,0.4757140874862671,0.6595598220825195,0.842680549621582,0.4316641092300415
pushup,0.6559594154357911,0.9232839584350586,0.00015383074060082436,0.6175718307495117,0.9001543680826823,6.609145930269733e-05,0.6520322799682617,0.9134639739990235,0.00010015192674472928,0.542855167388916,0.8961720784505208,0.008354028686881065,0.6568535327911377,0.9399854024251302,0.06757887452840805,0.462587308883667,0.9844373067220052,0.04588781297206879,0.7368990898132324,0.9986811955769856,0.040080901235342026,0.44568629264831544,0.889262835184733,0.03280521184206009,0.7418852806091308,0.8916672388712565,0.025046203285455704,0.463422966003418,0.7843981424967448,0.04050794243812561,0.6518287181854248,0.8575455983479817,0.04101209715008736,0.48792381286621095,0.9455041885375977,0.24486669898033142,0.6862605571746826,0.9527411142985026,0.2193192094564438,0.44462080001831056,0.8866901397705078,0.5277067422866821,0.7143090724945068,0.8997261047363281,0.4904091954231262,0.4168865203857422,0.7989164988199869,0.699782133102417,0.5990883350372315,0.7807570139567057,0.6726986169815063
pushup,0.6463191986083985,0.8951016743977864,0.00031049089739099145,0.6143612384796142,0.8815832138061523,0.0001131480312324129,0.6447379112243652,0.8925918579101563,0.0002391118905507028,0.5505753517150879,0.8920590082804362,0.010444183833897114,0.6506550788879395,0.9284008026123047,0.10153240710496902,0.47989349365234374,0.9563628514607747,0.11321208626031876,0.7150417327880859,0.9802735010782878,0.09511072188615799,0.45314512252807615,0.8636154810587565,0.09048274904489517,0.750908613204956,0.9094043731689453,0.0664421021938324,0.4344642639160156,0.7541845957438151,0.08098039776086807,0.7235376358032226,0.8712199529012045,0.07550766319036484,0.48095126152038575,0.9359212239583333,0.475974977016449,0.647512149810791,0.9460786183675131,0.4129500091075897,0.45949583053588866,0.8727336247762044,0.6644684672355652,0.6941729545593261,0.894868278503418,0.6144732236862183,0.403288745880127,0.7799613952636719,0.7784954309463501,0.5968462944030761,0.7809148152669271,0.7372328042984009
pushup,0.6295482158660889,0.8865273157755534,9.578530443832278e-05,0.5928042888641357,0.8571756998697917,5.234358832240105e-05,0.6190972328186035,0.8744436899820963,3.9031852793414146e-05,0.5329405784606933,0.8613167444864909,0.005194397177547216,0.6229154109954834,0.9140795389811198,0.014064512215554714,0.4905834674835205,0.9806713104248047,0.02277211844921112,0.7158292293548584,1.0,0.014901252463459969,0.4976250648498535,0.9114116668701172,0.0371062271296978,0.6944324493408203,0.9029662450154622,0.01640533283352852,0.4970445156097412,0.8481213251749674,0.05971980094909668,0.5251860618591309,0.8581639607747396,0.04909609258174896,0.5469060897827148,0.9573443094889323,0.1570570170879364,0.7176790237426758,0.9665076573689778,0.12848018109798431,0.5217626571655274,0.8995669682820638,0.3950691819190979,0.7462847709655762,0.9157857259114583,0.34410569071769714,0.48467316627502444,0.8399361292521159,0.5235205292701721,0.6246960639953614,0.8291694641113281,0.4889974296092987
pushup,0.5553736209869384,0.8431658426920573,0.00021172378910705447,0.5167281627655029,0.8118572870890299,0.00013092414883431047,0.541487169265747,0.8340015411376953,0.00012272571620997041,0.4615589141845703,0.8177730560302734,0.005412308033555746,0.5457554817199707,0.8829553604125977,0.022161701694130898,0.4512917518615723,0.9589677174886068,0.022560246288776398,0.631689977645874,0.9827259699503581,0.010326378978788853,0.4848151206970215,0.8730950037638346,0.02382667548954487,0.6131353855133057,0.861964225769043,0.009032336995005608,0.4720789432525635,0.7930278142293294,0.04297146946191788,0.4725149631500244,0.8000993092854818,0.033963579684495926,0.4912966251373291,0.9218408584594726,0.17941279709339142,0.6318240165710449,0.9293396631876628,0.13567233085632324,0.5030177593231201,0.8929596583048502,0.564788818359375,0.6849442005157471,0.9029129028320313,0.5154456496238708,0.46448602676391604,0.8308999379475911,0.7518250942230225,0.5365535736083984,0.8074836095174154,0.7287532091140747
pushup,0.6619119644165039,0.7821650187174479,0.0026389833074063063,0.6429721355438233,0.758115577697754,0.0020430213771760464,0.6653997421264648,0.7680932362874349,0.0006603911169804633,0.6162060260772705,0.7663678487141927,0.02149421162903309,0.6744425773620606,0.7983493804931641,0.004628399852663279,0.5904387950897216,0.8926586786905925,0.043690722435712814,0.6872557640075684,0.9151662826538086,0.022293750196695328,0.5110519409179688,0.8541257858276368,0.12976962327957153,0.5802216529846191,0.8744741439819336,0.03721955046057701,0.4734152317047119,0.7795967102050781,0.25763973593711853,0.48833088874816893,0.7844807942708333,0.1299172192811966,0.5846682071685791,0.9301411310831705,0.12020055204629898,0.6577507495880127,0.9328255971272786,0.0865931585431099,0.5028963088989258,0.8470738728841146,0.17868439853191376,0.5828593730926513,0.8595465977986654,0.1156463623046875,0.47824678421020506,0.8372710545857748,0.19576464593410492,0.4580676555633545,0.8351868311564128,0.14310264587402344
pushup,0.6940086841583252,0.8698935190836589,0.007611702661961317,0.6885605812072754,0.8645731608072916,0.007087832782417536,0.7117196559906006,0.8671866099039713,0.0015148628735914826,0.6888777732849121,0.8811286926269531,0.10589829087257385,0.7486143112182617,0.8908237457275391,0.007701351772993803,0.6294966697692871,0.9216200510660807,0.2236614227294922,0.744658088684082,0.915321159362793,0.10938204824924469,0.4918981552124023,0.8182675679524739,0.5164255499839783,0.580049467086792,0.8085617701212565,0.16894754767417908,0.4710872173309326,0.740176773071289,0.6550865173339844,0.46790194511413574,0.7474223454793294,0.3270912170410156,0.5415587425231934,0.8665048599243164,0.5487070679664612,0.6171206474304199,0.8517309824625651,0.4203752875328064,0.4765103816986084,0.8051533381144206,0.49107328057289124,0.5412188529968261,0.8069825490315755,0.3294222950935364,0.43916730880737304,0.7302576700846354,0.4388042986392975,0.4340097904205322,0.7373045603434245,0.3216046690940857
pushup,0.711244773864746,0.9157498041788737,0.1439145803451538,0.7122055530548096,0.9042328516642253,0.20331507921218872,0.7370911598205566,0.909280268351237,0.0294830109924078,0.7351964950561524,0.9032868067423503,0.7039818167686462,0.8041580200195313,0.9142246882120768,0.05555851012468338,0.6618832111358642,0.9122824350992839,0.48160773515701294,0.8245176315307617,0.9127346674601237,0.43400174379348755,0.4996638298034668,0.7814537684122721,0.40683960914611816,0.6489417076110839,0.7997569402058919,0.2181064933538437,0.46423892974853515,0.7334204355875651,0.45613324642181396,0.47481846809387207,0.7476013819376628,0.25775855779647827,0.5302154541015625,0.8316158930460612,0.2865566909313202,0.6364645957946777,0.808621597290039,0.2534409463405609,0.44258551597595214,0.7577438990275065,0.3608969748020172,0.508300495147705,0.7420476277669271,0.28586772084236145,0.41699786186218263,0.7957500457763672,0.34671691060066223,0.4036871910095215,0.7797294616699219,0.29736804962158203
pushup,0.7870193481445312,0.9848834991455078,0.5846776962280273,0.7940476417541504,0.9604581197102865,0.22813604772090912,0.789338207244873,0.9591902414957683,0.8321058750152588,0.7682029247283936,0.8909734090169271,0.031099215149879456,0.7497427940368653,0.8871719360351562,0.7516726851463318,0.7082491874694824,0.84508851369222,0.20446139574050903,0.6324833869934082,0.8788476308186849,0.4624020755290985,0.7354557037353515,0.8519810994466146,0.057292647659778595,0.5082876205444335,0.9473003387451172,0.17253650724887848,0.7687821865081788,0.931097412109375,0.0801883116364479,0.477667236328125,0.9379048665364583,0.1428542584180832,0.48461523056030276,0.7513503392537435,0.14213436841964722,0.45390887260437013,0.7555328369140625,0.17669133841991425,0.4295005798339844,0.7860010147094727,0.40155109763145447,0.39467344284057615,0.8112227757771809,0.43078839778900146,0.38937499523162844,0.8257743835449218,0.5419394373893738,0.3729292869567871,0.8615608215332031,0.5156322717666626
pushup,0.7609428882598877,0.8918507893880209,0.4660908877849579,0.7679852962493896,0.8727068583170573,0.10746884346008301,0.7664170265197754,0.8675546010335287,0.7055627703666687,0.7460695743560791,0.8076134999593099,0.03224310651421547,0.7368570327758789,0.796787707010905,0.8163151741027832,0.6931140422821045,0.7623954772949219,0.48545804619789124,0.5793932914733887,0.7750811258951823,0.8420953154563904,0.6427391052246094,0.9022042592366536,0.17696240544319153,0.3943290710449219,0.9699704488118489,0.5858921408653259,0.590868330001831,0.976795768737793,0.14869888126850128,0.43735103607177733,0.9640209197998046,0.39108017086982727,0.43302669525146487,0.7103616714477539,0.3425942361354828,0.37010147571563723,0.705673090616862,0.4658535420894623,0.41357107162475587,0.8403292338053385,0.30442938208580017,0.35299580097198485,0.8512093861897786,0.403450071811676,0.3028679132461548,0.8566285451253255,0.17022402584552765,0.28649239540100097,0.869196065266927,0.18535052239894867
pushup,0.804622745513916,0.8409956614176433,0.5532936453819275,0.8027385711669922,0.8214331309000651,0.039331454783678055,0.8078172683715821,0.8150192260742187,0.8491286039352417,0.7452569007873535,0.7686187108357747,0.0032280718442052603,0.7552816867828369,0.7517502466837566,0.9550428986549377,0.6896521091461182,0.7862592697143554,0.5536372661590576,0.5627022743225097,0.7471398671468099,0.7808818817138672,0.7412049770355225,0.9913966496785481,0.12548144161701202,0.3939399242401123,0.9462930043538411,0.3376958966255188,0.8059188842773437,0.9758618672688802,0.0712270587682724,0.4378380298614502,0.9919456481933594,0.1539638489484787,0.434326171875,0.8436774571736654,0.06651028990745544,0.3749220609664917,0.833933703104655,0.07366933673620224,0.4962879180908203,0.8669017791748047,0.04306837171316147,0.4885312557220459,0.8457960764567057,0.04345402866601944,0.5292094230651856,0.9212642033894857,0.02842429280281067,0.5607104778289795,0.8773550033569336,0.023230183869600296
pushup,0.7820388317108155,0.780512809753418,0.7594473361968994,0.7855767726898193,0.7611591339111328,0.10653962939977646,0.7818159580230712,0.754480489095052,0.8880663514137268,0.7410019874572754,0.699339230855306,0.007349248975515366,0.7295443058013916,0.6776664098103841,0.9622288346290588,0.6981009006500244,0.6977306365966797,0.8640096783638,0.5203012466430664,0.6978961944580078,0.9314115047454834,0.7428556442260742,0.9369927724202474,0.5024085640907288,0.3744624853134155,0.9912234624226888,0.6094651818275452,0.7826207637786865,0.9856661478678386,0.30548372864723206,0.5159145355224609,0.9973087946573893,0.4205954372882843,0.4952367305755615,0.8919890721638998,0.21694481372833252,0.398924732208252,0.914755376180013,0.1902359575033188,0.5951906204223633,0.8752069473266602,0.06014014407992363,0.538734245300293,0.9080232620239258,0.0516919381916523,0.6071506023406983,0.9152774810791016,0.024317357689142227,0.6563526630401612,0.9259158452351888,0.01793379709124565
pushup,0.7496051788330078,0.7702658335367839,0.7817814946174622,0.7601560115814209,0.7507670084635417,0.14608971774578094,0.7520004272460937,0.7422801971435546,0.9128771424293518,0.7253208637237549,0.6842145284016927,0.014506960287690163,0.6999295711517334,0.6600395838419596,0.9481556415557861,0.663631534576416,0.6564104715983073,0.8285198211669922,0.5259477615356445,0.6597394307454427,0.9459916353225708,0.690498161315918,0.875518798828125,0.5478654503822327,0.4309265613555908,0.9242561340332032,0.8077556490898132,0.7323565006256103,0.9667324701944987,0.3782656490802765,0.4700122833251953,0.9873650868733724,0.5675138235092163,0.45074968338012694,0.7291881561279296,0.4964694380760193,0.3634622097015381,0.739036496480306,0.5305135846138,0.5484696388244629,0.8916013717651368,0.13908356428146362,0.4183708667755127,0.9077807108561198,0.15817475318908691,0.6005356788635254,0.9203020095825195,0.029584169387817383,0.4811901569366455,0.9388856252034505,0.027941012755036354
pushup,0.7371664047241211,0.7603726069132487,0.8331384658813477,0.754631233215332,0.7356904347737631,0.19979660212993622,0.7334382057189941,0.7269746780395507,0.9434508085250854,0.7324514389038086,0.671929677327474,0.015944212675094604,0.6752809047698974,0.6480604807535807,0.957935631275177,0.6566976547241211,0.637895139058431,0.8118599653244019,0.5117989540100097,0.6633430480957031,0.9586324095726013,0.6721633911132813,0.8452637354532878,0.5198053121566772,0.4390734672546387,0.9476422627766927,0.844601571559906,0.7091546535491944,0.9509877522786458,0.3803309202194214,0.4748412609100342,0.9828943888346354,0.6519458293914795,0.45404653549194335,0.6919928868611653,0.5618084669113159,0.3595590591430664,0.71573912302653,0.6238080859184265,0.6071146965026856,0.8598669687906901,0.2105393409729004,0.45392799377441406,0.8931845982869466,0.2740561068058014,0.6406407833099366,0.900738016764323,0.05166164040565491,0.5092978477478027,0.9444277445475261,0.05596967041492462
pushup,0.7282991409301758,0.7586349487304688,0.8963772058486938,0.7478371620178222,0.734211285909017,0.4063991606235504,0.7198348045349121,0.7279565175374348,0.9457985758781433,0.7470563411712646,0.6664100011189779,0.03661556914448738,0.6714611053466797,0.6498411814371745,0.9188200831413269,0.6898500919342041,0.6290290832519532,0.8253119587898254,0.5352817058563233,0.6461957295735677,0.9653483629226685,0.7037910938262939,0.8006116231282552,0.602729856967926,0.44866204261779785,0.9215980529785156,0.8973367214202881,0.7456493854522706,0.7969715118408203,0.6209287047386169,0.4723188877105713,1.0,0.7967903017997742,0.45653414726257324,0.6313612620035808,0.6882950067520142,0.3600005149841309,0.6394929885864258,0.7599536180496216,0.5036669254302979,0.8653413772583007,0.3612367510795593,0.3874207973480225,0.8847763697306316,0.45712044835090637,0.4799787521362305,0.894972292582194,0.07628488540649414,0.3907888412475586,0.9321832021077474,0.08619208633899689
pushup,0.7238349914550781,0.7681270599365234,0.8334649205207825,0.740139102935791,0.745489756266276,0.2398848682641983,0.7204927444458008,0.7379443486531575,0.927158772945404,0.7246962547302246,0.680356788635254,0.025175249204039574,0.6699192523956299,0.6589267094930013,0.9350548386573792,0.6643619060516357,0.6409903208414713,0.8386206030845642,0.5206734657287597,0.6561642964680989,0.967358410358429,0.6822306632995605,0.8381016413370769,0.619019091129303,0.4399765968322754,0.9185756047566732,0.9095778465270996,0.7326043605804443,0.9711196899414063,0.47111934423446655,0.47212510108947753,0.9976366678873698,0.7494277358055115,0.458847713470459,0.6617542266845703,0.7442393898963928,0.3633619785308838,0.6746156692504883,0.8100976943969727,0.5537545680999756,0.8553170522054037,0.35620325803756714,0.38858637809753416,0.8818923314412435,0.4638669490814209,0.5659909725189209,0.873098882039388,0.0945034846663475,0.40410027503967283,0.9114519755045573,0.108184814453125
pushup,0.7356193542480469,0.7800116221110026,0.8252106308937073,0.7493280887603759,0.7587947209676107,0.2575322389602661,0.7347256183624268,0.7517329533894856,0.9136255383491516,0.7302243709564209,0.6880440394083659,0.030208174139261246,0.6856289863586426,0.6678726832071941,0.9200249314308167,0.6836359977722168,0.641879145304362,0.8527300953865051,0.5303669452667237,0.6658074696858723,0.9624575972557068,0.7127192497253418,0.8280391693115234,0.6353176832199097,0.43286991119384766,0.9197563171386719,0.8809497356414795,0.7359677314758301,0.9823900858561198,0.48713454604148865,0.45488600730895995,0.9961222966512044,0.7076477408409119,0.48108682632446287,0.6842491785685222,0.7454938292503357,0.3840071201324463,0.6974309921264649,0.7928113341331482,0.5367855072021485,0.888139279683431,0.34991875290870667,0.39020791053771975,0.9172104517618815,0.41998928785324097,0.5359032154083252,0.9171186447143554,0.08274450153112411,0.4124181270599365,0.9541693369547526,0.08723832666873932
pushup,0.7358677864074707,0.8035415649414063,0.43132394552230835,0.7377399921417236,0.779495112101237,0.04624177888035774,0.7416911125183105,0.7837718963623047,0.6844975352287292,0.6976735115051269,0.6968315760294597,0.0198908019810915,0.7110189437866211,0.7098276138305664,0.8739444017410278,0.62432861328125,0.6470341364542643,0.6585617661476135,0.5607520580291748,0.690387217203776,0.9049728512763977,0.5667932033538818,0.8524829228719075,0.4253150522708893,0.41433258056640626,0.9460315704345703,0.7876630425453186,0.5981316089630127,0.9694061279296875,0.31347885727882385,0.45998320579528806,0.9953533172607422,0.5491774678230286,0.4138336658477783,0.693475087483724,0.5710824728012085,0.3699012756347656,0.717204221089681,0.6490544080734253,0.5033176422119141,0.880481465657552,0.2892211377620697,0.40532212257385253,0.9213279088338217,0.3436872363090515,0.5232216835021972,0.923233159383138,0.08202219754457474,0.37875101566314695,0.9600806554158529,0.08137622475624084
pushup,0.7078798294067383,0.8317840576171875,0.2845897376537323,0.713960075378418,0.8190621693929037,0.0613255649805069,0.7249937057495117,0.8114180246988932,0.3669723570346832,0.69945068359375,0.7612075169881185,0.05193721875548363,0.7247346401214599,0.7455621719360351,0.5299457907676697,0.6430587291717529,0.7354437510172526,0.5499591827392578,0.5762581348419189,0.7137737274169922,0.7410582900047302,0.5999051570892334,0.9486883163452149,0.2765548527240753,0.3978091239929199,0.9481508255004882,0.4987129867076874,0.6162232875823974,1.0,0.21029303967952728,0.43111481666564944,0.9922307968139649,0.29319900274276733,0.37388513088226316,0.6837495803833008,0.22157427668571472,0.339712119102478,0.6676994959513346,0.23988257348537445,0.42775115966796873,0.829135513305664,0.15479989349842072,0.40306243896484373,0.81434326171875,0.1744316816329956,0.3738696098327637,0.8878250122070312,0.056996218860149384,0.3603811502456665,0.877892812093099,0.0554339624941349
pushup,0.6954397201538086,0.831619135538737,0.06625249981880188,0.6923222541809082,0.8062999725341797,0.01737804152071476,0.7132930755615234,0.8241540273030599,0.06830000877380371,0.6563116073608398,0.7252079010009765,0.1440889835357666,0.7236579895019531,0.7712944030761719,0.3201734721660614,0.5608059883117675,0.6503238677978516,0.6424458622932434,0.6578709602355957,0.7638163248697917,0.5447377562522888,0.4618395805358887,0.772122573852539,0.4927217662334442,0.5498814582824707,0.9695715586344401,0.23721617460250854,0.46045331954956054,0.8993441263834635,0.386663019657135,0.5512747287750244,0.9389701843261719,0.15236344933509827,0.37949471473693847,0.6797615051269531,0.5799523591995239,0.4424372673034668,0.7251379013061523,0.4255317449569702,0.39110584259033204,0.7519570668538411,0.6502452492713928,0.4482402324676514,0.8611851374308268,0.48662176728248596,0.356447696685791,0.7955357869466145,0.446964293718338,0.3795349359512329,0.9258806864420573,0.2976028025150299
pushup,0.6947462081909179,0.8918647130330404,0.12354039400815964,0.6969641208648681,0.8813279469807943,0.1161656528711319,0.7223745822906494,0.8843745549519857,0.06409250944852829,0.7079978942871094,0.854876963297526,0.3854720890522003,0.7688939571380615,0.865450922648112,0.07235804200172424,0.6436478614807128,0.8056943893432618,0.34635359048843384,0.7430355548858643,0.8546333312988281,0.17321622371673584,0.5894647598266601,0.7468711853027343,0.21171455085277557,0.6719975471496582,0.8860000610351563,0.0758984386920929,0.6652115821838379,0.7732671737670899,0.26377493143081665,0.7042642593383789,0.7919473648071289,0.07814821600914001,0.4531565189361572,0.729055658976237,0.2908594608306885,0.5183104515075684,0.7279819488525391,0.17155985534191132,0.42832241058349607,0.739358393351237,0.6005321741104126,0.46061344146728517,0.7447869618733723,0.4341754913330078,0.35248422622680664,0.8959799448649088,0.5770519971847534,0.3480233907699585,0.8936456680297852,0.44434496760368347
pushup,0.5327659606933594,0.8007291158040365,0.007239913567900658,0.5097913265228271,0.7870709101359049,0.006855760235339403,0.5409673690795899,0.7910863240559896,0.0019511693390086293,0.48561711311340333,0.7984464645385743,0.1103532686829567,0.5846291065216065,0.8112503051757812,0.040624283254146576,0.48360862731933596,0.886553955078125,0.10788880288600922,0.6664305686950683,0.8628480275472005,0.12536466121673584,0.4672884464263916,0.8288656870524088,0.09915584325790405,0.5924884796142578,0.7746511459350586,0.11297757923603058,0.4661975860595703,0.7663918813069661,0.15544764697551727,0.4718151092529297,0.7682238260904948,0.21596796810626984,0.5615001678466797,0.8984322230021159,0.13890308141708374,0.6865405082702637,0.8810049057006836,0.1760876178741455,0.48155412673950193,0.8262866973876953,0.23271462321281433,0.580564308166504,0.8183850606282552,0.2702927589416504,0.43952159881591796,0.7881990432739258,0.35636141896247864,0.43584203720092773,0.7670974095662435,0.3959027826786041
pushup,0.5524087905883789,0.842461903889974,0.00016510163550265133,0.5147996425628663,0.8143857955932617,9.651356958784163e-05,0.5506508827209473,0.8311501820882161,8.122833241941407e-05,0.45274863243103025,0.8123270034790039,0.009473749436438084,0.5669672012329101,0.8645257949829102,0.016667719930410385,0.42098183631896974,0.9375060399373373,0.024747909978032112,0.647950267791748,0.9531610488891602,0.011658289469778538,0.4408754348754883,0.8618909835815429,0.03072749450802803,0.6331884384155273,0.8465911229451497,0.01224690955132246,0.47913169860839844,0.8111214955647786,0.05300550162792206,0.5611483097076416,0.8489173889160156,0.034056149423122406,0.47177734375,0.919944699605306,0.11757561564445496,0.6406589984893799,0.9288455963134765,0.08442302793264389,0.4694715976715088,0.8757492701212565,0.3521791100502014,0.6723598003387451,0.891641108194987,0.2780342400074005,0.4627232074737549,0.8242279688517252,0.5470118522644043,0.5471364498138428,0.8129138946533203,0.48460474610328674
pushup,0.5666864395141602,0.877312978108724,4.260535934008658e-05,0.5278797149658203,0.8503350575764974,1.8228707631351426e-05,0.5589456558227539,0.8695327123006185,2.9643810194102116e-05,0.46287240982055666,0.8480395634969076,0.0019998489879071712,0.5602486610412598,0.9061047871907552,0.010584186762571335,0.42981834411621095,0.9588287353515625,0.008935417048633099,0.6439419746398926,0.9775206883748372,0.006441556382924318,0.46011934280395506,0.9006018320719401,0.014131173491477966,0.6766603946685791,0.8881418228149414,0.011037681251764297,0.5154651641845703,0.8494252522786458,0.02781600132584572,0.6584288120269776,0.9023866653442383,0.027151377871632576,0.48697772026062014,0.9414757410685222,0.11755387485027313,0.6479466915130615,0.95367005666097,0.10007776319980621,0.4617936611175537,0.8782446543375652,0.4167598783969879,0.6988515377044677,0.8944375356038411,0.37859851121902466,0.44839868545532224,0.8223341623942058,0.682615339756012,0.601740550994873,0.8038005193074544,0.6515475511550903
pushup,0.5766351699829102,0.8771152496337891,3.9051879866747186e-05,0.5340293884277344,0.8552563349405925,1.5686018741689622e-05,0.571831750869751,0.874334208170573,2.741160824371036e-05,0.4628847599029541,0.8551033655802409,0.0030766157433390617,0.5810893535614013,0.9122920989990234,0.021770283579826355,0.42534608840942384,0.9537406921386719,0.01957007497549057,0.6708914279937744,0.9691059748331706,0.018258532509207726,0.4520403385162354,0.9013118743896484,0.0190851129591465,0.703121566772461,0.883732795715332,0.01994221843779087,0.4979241847991943,0.8371583302815755,0.023630771785974503,0.6831530570983887,0.8888161977132162,0.029398491606116295,0.4875174999237061,0.9344915390014649,0.2265126258134842,0.6726643562316894,0.9458648681640625,0.2142341285943985,0.4483199119567871,0.880563227335612,0.5495451092720032,0.7337791919708252,0.8971271514892578,0.5376811623573303,0.42422709465026853,0.7980873107910156,0.7662969827651978,0.648497486114502,0.7767317454020183,0.7536733746528625
pushup,0.5649778842926025,0.8741188685099284,7.294220267795026e-05,0.5197206974029541,0.8365726470947266,3.843231388600543e-05,0.5498757839202881,0.8598765055338542,3.13243581331335e-05,0.46075072288513186,0.8203413009643554,0.0019516745815053582,0.5562468051910401,0.8871823628743489,0.011716838926076889,0.4628596782684326,0.9503125508626302,0.014512081630527973,0.6534653663635254,0.9665328979492187,0.007527220528572798,0.5245007991790771,0.9235477447509766,0.023347636684775352,0.6378783226013184,0.8961599349975586,0.009675816632807255,0.4660809516906738,0.8118349075317383,0.0399593710899353,0.46697311401367186,0.817340087890625,0.03721384331583977,0.5146860122680664,0.9511721293131511,0.09014759212732315,0.6643651962280274,0.9540064493815105,0.07217332720756531,0.4997684478759766,0.8881624221801758,0.2959519922733307,0.7148478984832763,0.8949702580769857,0.2689666450023651,0.44060397148132324,0.8240978240966796,0.49408215284347534,0.5639419555664062,0.7883443196614583,0.4770912230014801
pushup,0.6253747940063477,0.8389348983764648,0.0013941718498244882,0.5960457801818848,0.8132603963216146,0.0015143969794735312,0.6280681610107421,0.8245852788289388,0.0003560835320968181,0.5632646560668946,0.8098706563313802,0.034368354827165604,0.6570692539215088,0.8468524932861328,0.01125419232994318,0.5332478046417236,0.9236323038736979,0.037181224673986435,0.7154136657714844,0.9271181742350261,0.02196378819644451,0.5017363548278808,0.8748568852742513,0.050639040768146515,0.6197473526000976,0.8520334879557292,0.02231883443892002,0.4690275192260742,0.7880491892496745,0.1055082380771637,0.46787500381469727,0.7897336959838868,0.07837282866239548,0.5423038959503174,0.9320896148681641,0.10447888821363449,0.6697454929351807,0.9266368865966796,0.09136422723531723,0.4945547580718994,0.8699769973754883,0.24979275465011597,0.6218585968017578,0.8771190643310547,0.22457419335842133,0.4481801986694336,0.8236207962036133,0.38673555850982666,0.4397584915161133,0.8110964457194011,0.37407800555229187
pushup,0.8118285179138184,0.9066861470540365,0.02625405602157116,0.8066291809082031,0.8987816492716472,0.022955328226089478,0.8271950721740723,0.895347785949707,0.007663401775062084,0.8006109237670899,0.8950325647989908,0.09809275716543198,0.8527689933776855,0.8920974095662435,0.027833569794893265,0.7077861785888672,0.9215306599934896,0.15880897641181946,0.829433536529541,0.8866461435953776,0.14392070472240448,0.5390292644500733,0.8610640207926432,0.24191059172153473,0.6305476188659668,0.7948155721028646,0.13976342976093292,0.47388734817504885,0.767749277750651,0.4019332826137543,0.4648874759674072,0.7643827438354492,0.2713882029056549,0.5759565353393554,0.883952776590983,0.3347533345222473,0.6520136833190918,0.8557995478312175,0.3073674738407135,0.5007211208343506,0.8139923095703125,0.37984976172447205,0.5791852951049805,0.8031211217244466,0.3196338415145874,0.441557502746582,0.7810916264851888,0.39447319507598877,0.4292920112609863,0.7823127110799154,0.3506362736225128
pushup,0.6755441665649414,0.8579734166463217,0.5785970091819763,0.6874968051910401,0.8321223576863607,0.2938113510608673,0.6727190017700195,0.8402606964111328,0.6517956256866455,0.7119091033935547,0.7502610524495442,0.0910148173570633,0.6607779502868653,0.7708253224690755,0.4878232181072235,0.6969117164611817,0.6542658487955729,0.5473438501358032,0.5722391128540039,0.7341753005981445,0.8795601725578308,0.6984655380249023,0.7196529388427735,0.35522815585136414,0.4564225673675537,0.9255933125813802,0.7802132368087769,0.7273691177368165,0.8389939626057943,0.36716973781585693,0.4424372673034668,0.973573366800944,0.6105260848999023,0.49352097511291504,0.6091847101847331,0.8067553043365479,0.4224857807159424,0.6317843119303386,0.8723383545875549,0.4862320899963379,0.8519781112670899,0.7435742616653442,0.41457242965698243,0.8845113118489584,0.8392130732536316,0.38463780879974363,0.9190536499023437,0.40873709321022034,0.3482032299041748,0.9481985727945964,0.49113526940345764
pushup,0.6970633029937744,0.8601783752441406,0.7153457999229431,0.7103830814361572,0.8335282643636067,0.3435841202735901,0.6939141273498535,0.8405900319417318,0.8007409572601318,0.7257399559020996,0.7417074839274088,0.08320760726928711,0.6739706993103027,0.7584582010904948,0.6726180911064148,0.6983638763427734,0.6427649815877279,0.6399036049842834,0.5586440563201904,0.7149620056152344,0.8952745795249939,0.718336820602417,0.7620992660522461,0.40272191166877747,0.4520463466644287,0.9503700256347656,0.7571831941604614,0.7782081604003906,0.8952604293823242,0.3714403510093689,0.4587646484375,0.9879348754882813,0.568381667137146,0.47992472648620604,0.6073658625284831,0.6464575529098511,0.3976384162902832,0.6343827565511068,0.7233224511146545,0.5258120059967041,0.8488666534423828,0.5102431774139404,0.4336853504180908,0.8801017761230469,0.6172273755073547,0.48723907470703126,0.9164734522501627,0.19443602859973907,0.4272261619567871,0.9406171162923177,0.2307957112789154
pushup,0.6902092933654785,0.8564095815022786,0.8038333654403687,0.7101320743560791,0.8338092803955078,0.4604748785495758,0.6862035274505616,0.8313027699788411,0.8580368161201477,0.731786060333252,0.7511029561360677,0.09458641707897186,0.6586498737335205,0.7410956700642903,0.7285997867584229,0.7094882011413575,0.6620194753011067,0.7399694919586182,0.5259243488311768,0.6908997853597005,0.9365443587303162,0.7450675964355469,0.8236159006754558,0.5459892153739929,0.42451906204223633,0.9349879582722982,0.8660231828689575,0.7888071060180664,0.9831305185953776,0.4677811861038208,0.46438183784484866,0.9775253295898437,0.7317924499511719,0.5028017997741699,0.6013568242390951,0.6929500102996826,0.3881880760192871,0.61558837890625,0.7785771489143372,0.5672420024871826,0.8472164789835612,0.4276473820209503,0.4107499599456787,0.8723288218180338,0.5658443570137024,0.5453929901123047,0.8948371887207032,0.12171627581119537,0.43267321586608887,0.9270212173461914,0.15631085634231567
pushup,0.683997106552124,0.8523416519165039,0.6762039065361023,0.7035698413848877,0.8262132008870443,0.2593398094177246,0.6830529689788818,0.82618408203125,0.8006545901298523,0.7160793781280518,0.7397714614868164,0.06925713270902634,0.6564312934875488,0.7392465591430664,0.738469660282135,0.6502067565917968,0.6363218307495118,0.6257028579711914,0.5380298137664795,0.6948269526163737,0.933338463306427,0.5946117401123047,0.7820796966552734,0.46279534697532654,0.43473339080810547,0.9477183659871419,0.8751505017280579,0.5981333732604981,0.9497989654541016,0.4154698848724365,0.45750994682312013,1.0,0.7183698415756226,0.4406651496887207,0.5514071146647136,0.7725348472595215,0.36472277641296386,0.5760516484578451,0.8588279485702515,0.5086819171905518,0.8224501927693685,0.6311267018318176,0.37647507190704343,0.8635013580322266,0.7564992904663086,0.4801297187805176,0.8777393341064453,0.2567414939403534,0.354550838470459,0.930288569132487,0.31761449575424194
pushup,0.6784140586853027,0.8355402628580729,0.7947505712509155,0.702176570892334,0.8122743606567383,0.3414040803909302,0.6750168323516845,0.803554089864095,0.8794317245483398,0.7125211715698242,0.7371729532877604,0.06593839824199677,0.6372727870941162,0.7157915751139323,0.8158184885978699,0.6463440895080567,0.6373347600301107,0.7448602318763733,0.5234747886657715,0.6718954722086589,0.960719645023346,0.6451444149017334,0.7502912521362305,0.590474009513855,0.4323429107666016,0.8946196238199869,0.9319559335708618,0.6980780124664306,0.8765635172526042,0.5970723032951355,0.43524880409240724,0.9839070638020834,0.8420751094818115,0.44849085807800293,0.5304210980733236,0.8662629723548889,0.3706665515899658,0.5453632354736329,0.9224191308021545,0.49803934097290037,0.8076038360595703,0.7600246071815491,0.38250184059143066,0.8335119883219401,0.8555883169174194,0.468613338470459,0.8771241505940756,0.35010743141174316,0.37566628456115725,0.920904541015625,0.42930909991264343
pushup,0.6381449699401855,0.8059094111124675,0.828890323638916,0.6563034057617188,0.7823099136352539,0.5148414969444275,0.6320676803588867,0.7829596201578776,0.8491310477256775,0.6875136375427247,0.7083524068196615,0.09101568162441254,0.6069555759429932,0.7096909840901693,0.5790367722511292,0.6674734592437744,0.6273781458536783,0.678124725818634,0.5151241779327392,0.6648241678873698,0.9524029493331909,0.6685941219329834,0.770840835571289,0.6160221099853516,0.42855191230773926,0.888670285542806,0.9475818872451782,0.6356391906738281,0.9338120778401693,0.6401475667953491,0.4186145305633545,1.0,0.8847878575325012,0.4885692596435547,0.519761594136556,0.8441422581672668,0.38472723960876465,0.5302122751871745,0.9181274175643921,0.5448213577270508,0.796877924601237,0.6108054518699646,0.3667311668395996,0.8148059209187826,0.7706300020217896,0.5349455833435058,0.889697774251302,0.1911301463842392,0.34601900577545164,0.9146012624104818,0.27440088987350464
pushup,0.6482626914978027,0.8014080047607421,0.8607021570205688,0.6671586036682129,0.7766369501749675,0.5262792110443115,0.6409150123596191,0.7752917607625326,0.9107438325881958,0.6879335403442383,0.7031522115071615,0.0967390388250351,0.6095440864562989,0.6997001012166341,0.7921600937843323,0.6498198986053467,0.624497667948405,0.7727438807487488,0.517002534866333,0.6548811594645182,0.9682925343513489,0.6624348163604736,0.7700108846028646,0.5904321074485779,0.42847261428833006,0.8803297678629557,0.9442358016967773,0.6948660850524903,0.9264979044596354,0.5736067891120911,0.43105230331420896,0.991575813293457,0.8632632493972778,0.4692657947540283,0.5066068013509114,0.8673854470252991,0.3819602012634277,0.5182500203450521,0.9281821846961975,0.5329513072967529,0.7567530314127604,0.7786109447479248,0.39494526386260986,0.7758209228515625,0.8859594464302063,0.5094244003295898,0.8444374084472657,0.4369701147079468,0.37225980758666993,0.8691247304280599,0.5600371360778809
pushup,0.6380627155303955,0.7909823735555013,0.7533661723136902,0.6496418476104736,0.7677832285563151,0.287081778049469,0.6328751087188721,0.7727064768473307,0.8483643531799316,0.6562944412231445,0.6820778528849284,0.06958797574043274,0.606373405456543,0.6972021738688151,0.8073509931564331,0.5977245330810547,0.599057388305664,0.7305858731269836,0.511910343170166,0.6452260335286458,0.9620427489280701,0.5414147853851319,0.7643730799357097,0.5692206621170044,0.4169137954711914,0.8891388575236002,0.9340885281562805,0.5367283344268798,0.9129840850830078,0.5612848997116089,0.4351665496826172,0.9856459299723307,0.8539519906044006,0.4123865604400635,0.5162607192993164,0.8201273083686829,0.35388822555541993,0.5368033091227213,0.8993360996246338,0.5006282806396485,0.753433354695638,0.7736152410507202,0.4120303153991699,0.7781181335449219,0.8732866048812866,0.4841182231903076,0.8630263010660807,0.45803821086883545,0.3985575199127197,0.8848602294921875,0.5619503855705261
pushup,0.631566047668457,0.7674850463867188,0.7474473714828491,0.6422387599945069,0.7499584833780925,0.25922784209251404,0.6302378654479981,0.750424575805664,0.7645021080970764,0.6554832935333252,0.6708517074584961,0.06849593669176102,0.6143086910247803,0.6722002665201823,0.6491492390632629,0.6210739135742187,0.6296507517496744,0.7643278241157532,0.5208988189697266,0.5944688161214192,0.9472959637641907,0.6212808132171631,0.8331379572550456,0.6016771197319031,0.42817325592041017,0.7804700851440429,0.9358571767807007,0.6329559803009033,1.0,0.5395333170890808,0.4393902778625488,0.9801461537679036,0.8363370895385742,0.39859509468078613,0.5778258641560873,0.7615854740142822,0.338398814201355,0.5589971542358398,0.8633773326873779,0.43858885765075684,0.8134044647216797,0.6064507961273193,0.4022676944732666,0.7993729273478191,0.7658567428588867,0.4399862289428711,0.9334934870402019,0.2404186874628067,0.4209052562713623,0.9312600453694662,0.3259863257408142
pushup,0.6455143928527832,0.7502745946248373,0.863921582698822,0.6545852661132813,0.738484001159668,0.43800824880599976,0.6501023769378662,0.7314708709716797,0.9102427363395691,0.652635145187378,0.6660418192545573,0.09726274758577347,0.6306178569793701,0.6547938028971354,0.8421816825866699,0.5835588932037353,0.6118982315063477,0.8169307112693787,0.5444097518920898,0.5962066650390625,0.9782530665397644,0.5155188560485839,0.7749967575073242,0.6416094899177551,0.4319630146026611,0.7759613037109375,0.9666133522987366,0.5024716854095459,0.9359604517618815,0.6540873050689697,0.42447938919067385,0.9372667948404948,0.9209012389183044,0.3916147708892822,0.5125096956888835,0.8812859058380127,0.3645820379257202,0.5014232953389486,0.9440591931343079,0.44545788764953614,0.7148424784342448,0.7787546515464783,0.3991408348083496,0.7148151397705078,0.8885879516601562,0.4067317008972168,0.7482888539632161,0.5477963089942932,0.3474448204040527,0.7665112177530925,0.6549294590950012
pushup,0.6630707740783691,0.7005900065104167,0.7935275435447693,0.6727331638336181,0.6844581604003906,0.2061651051044464,0.6626450538635253,0.67786070505778,0.8931262493133545,0.6614316463470459,0.6113809585571289,0.042445108294487,0.6292701721191406,0.6057319641113281,0.8968464732170105,0.5681060314178467,0.555673090616862,0.7867626547813416,0.5483955860137939,0.5560504913330078,0.9820644855499268,0.4865825653076172,0.7120415369669596,0.5758829116821289,0.4488998889923096,0.7486948649088542,0.9736858010292053,0.4741034507751465,0.908590825398763,0.6350693702697754,0.43585453033447263,0.9363103230794271,0.9384616017341614,0.37334623336791994,0.47428773244222006,0.9109330773353577,0.3610865116119385,0.4703632354736328,0.9630605578422546,0.45890145301818847,0.6830425262451172,0.9366246461868286,0.46451373100280763,0.6748759587605794,0.9743792414665222,0.4030017852783203,0.8681195576985677,0.8260357975959778,0.42772884368896485,0.8658972422281901,0.8931089639663696
pushup,0.648444652557373,0.6239079793294271,0.8503594398498535,0.6598113059997559,0.6077773412068684,0.25774601101875305,0.6455687046051025,0.6009726206461589,0.9131957292556763,0.6524957656860352,0.5288918177286784,0.04352075606584549,0.6112593173980713,0.5229482014973958,0.8976606130599976,0.5631404876708984,0.4816520055135091,0.8325365781784058,0.5241578102111817,0.4876927693684896,0.9890897870063782,0.48247652053833007,0.6921080271402995,0.6221776008605957,0.4407397747039795,0.7454169591267904,0.9815641045570374,0.4658287525177002,0.9033672332763671,0.6791624426841736,0.4494729995727539,0.922671890258789,0.9554134011268616,0.3621387004852295,0.4348934491475423,0.9235320687294006,0.3424837589263916,0.4361576080322266,0.9708129167556763,0.43845434188842775,0.6103875478108723,0.9552545547485352,0.46013836860656737,0.617433230082194,0.9836311340332031,0.3586230754852295,0.8081393559773763,0.8898943662643433,0.43935279846191405,0.8325782140096029,0.9360139966011047
pushup,0.6382254123687744,0.5602134704589844,0.5727572441101074,0.6454373359680176,0.5409865061442057,0.13677044212818146,0.6422161102294922,0.5436920801798503,0.6678551435470581,0.6278520107269288,0.459912363688151,0.09742332994937897,0.6194736003875733,0.4762925465901693,0.7335522174835205,0.5481691837310791,0.4020539919535319,0.7642346024513245,0.5437215805053711,0.4623028119405111,0.9493598341941833,0.4650856018066406,0.5928355534871419,0.5333830714225769,0.4586041450500488,0.7317516962687175,0.8645704388618469,0.45675344467163087,0.8162127176920573,0.5116767883300781,0.4590064525604248,0.8700806935628255,0.6912811398506165,0.384775972366333,0.3990258534749349,0.8742580413818359,0.3820160150527954,0.4172644297281901,0.910785436630249,0.4103533744812012,0.6999890009562174,0.907066285610199,0.4171482563018799,0.7139850616455078,0.9235028624534607,0.4084596633911133,0.9135807673136394,0.6687042117118835,0.4278611183166504,0.915686289469401,0.6845656037330627
pushup,0.6624237060546875,0.4361248016357422,0.4669961929321289,0.6659584522247315,0.4129338582356771,0.10843031108379364,0.6568468093872071,0.40649210611979164,0.5855247974395752,0.6044482231140137,0.4131115595499674,0.06770939379930496,0.5939440250396728,0.4100821495056152,0.7847868800163269,0.4853814601898193,0.48112834294637047,0.6312260627746582,0.5170218467712402,0.5078972816467285,0.5717607736587524,0.40935401916503905,0.5953518549601237,0.3649621903896332,0.43474926948547366,0.658836555480957,0.19857515394687653,0.3950399398803711,0.7370335261027018,0.4465698301792145,0.46915311813354493,0.7104476928710938,0.29128584265708923,0.3657634735107422,0.5112994511922201,0.4179147183895111,0.39045019149780275,0.5265826543172201,0.29430297017097473,0.4145622253417969,0.6241051355997721,0.7779659032821655,0.44174017906188967,0.6559223810831706,0.6336937546730042,0.41030378341674806,0.9112661361694336,0.6388183236122131,0.40755596160888674,0.9438462575276693,0.48696720600128174
pushup,0.632174301147461,0.38581549326578773,0.8385210037231445,0.6532663822174072,0.3663879076639811,0.5154891014099121,0.626291036605835,0.3481629689534505,0.8889392018318176,0.6594034194946289,0.35230353673299153,0.08120007067918777,0.5861167907714844,0.31314754486083984,0.7240834832191467,0.58157377243042,0.40139424006144203,0.648536741733551,0.5004955291748047,0.33493296305338544,0.8050745725631714,0.5603131771087646,0.6360082626342773,0.2961913049221039,0.41866602897644045,0.5648029327392579,0.5246832966804504,0.5681005477905273,0.6804550170898438,0.36374664306640625,0.48572516441345215,0.5956311543782552,0.5073635578155518,0.38785371780395506,0.38742713928222655,0.6967581510543823,0.3323373794555664,0.3541035334269206,0.7004160284996033,0.4506874084472656,0.6339035034179688,0.8937926888465881,0.40615549087524416,0.5836454391479492,0.9008383750915527,0.39269657135009767,0.9400395711263021,0.7371079325675964,0.36777143478393554,0.8875452677408854,0.7367895245552063
pushup,0.6257689476013184,0.30943447748819985,0.3949471116065979,0.6431533336639405,0.2960406621297201,0.10540924966335297,0.6246987342834472,0.28177318572998045,0.24108046293258667,0.6535367012023926,0.24264825185139974,0.036564141511917114,0.5893795013427734,0.21228256225585937,0.14318181574344635,0.6145641326904296,0.21787974039713542,0.816333532333374,0.5018275260925293,0.2074202537536621,0.8208143711090088,0.6270702362060547,0.37780844370524086,0.9183008074760437,0.5077320575714112,0.4141156514485677,0.9103617072105408,0.5938104629516602,0.5660548528035482,0.948393702507019,0.5830689907073975,0.5632363637288411,0.9223304986953735,0.4335390567779541,0.31114441553751626,0.9949348568916321,0.353776741027832,0.2983125368754069,0.9927965998649597,0.45468707084655763,0.6423021952311198,0.9939343333244324,0.3722168207168579,0.6382951736450195,0.9922009110450745,0.4131880760192871,0.8852640787760416,0.9388911128044128,0.34994163513183596,0.9043185551961263,0.9225085377693176
pushup,0.6238334655761719,0.20325242678324382,0.30824437737464905,0.6499577522277832,0.1870022455851237,0.16637255251407623,0.6186262607574463,0.16682872772216797,0.13617725670337677,0.6719295501708984,0.16031217575073242,0.06570906192064285,0.5772868633270264,0.11329116821289062,0.04993752762675285,0.6317034244537354,0.17311782836914064,0.7784128189086914,0.4802537441253662,0.12584079106648763,0.42473354935646057,0.6317632675170899,0.3148586908976237,0.9026623964309692,0.452485466003418,0.2797558784484863,0.4673324525356293,0.5805353164672852,0.5147416750590007,0.920598030090332,0.5220693111419678,0.4729004859924316,0.5991413593292236,0.44256033897399905,0.29899489084879555,0.9937997460365295,0.3390076160430908,0.2695074399312337,0.9807246923446655,0.4573091506958008,0.6401069005330403,0.9940075874328613,0.34734344482421875,0.6060094833374023,0.9829115867614746,0.4104899883270264,0.8981268564860027,0.9530229568481445,0.3318182468414307,0.8786062876383464,0.904922604560852
pushup,0.61270170211792,0.08932062784830729,0.46414655447006226,0.6298151016235352,0.07240603764851888,0.2070583701133728,0.6013144016265869,0.05866022109985351,0.2710292935371399,0.6333414077758789,0.06970707575480144,0.04647233337163925,0.544892692565918,0.037880929311116536,0.15305112302303314,0.6104314804077149,0.13826370239257812,0.8722114562988281,0.4228359222412109,0.10027758280436198,0.58950275182724,0.6287896633148193,0.2841552098592122,0.9213974475860596,0.31013224124908445,0.25626425743103026,0.4419107139110565,0.5771060466766358,0.4544803619384766,0.9064280986785889,0.31412906646728517,0.4462884902954102,0.5642098188400269,0.43825812339782716,0.34316291809082033,0.9943373799324036,0.31791205406188966,0.32172711690266925,0.9820187091827393,0.44941134452819825,0.6718097686767578,0.991736114025116,0.3208200216293335,0.648526128133138,0.9727194309234619,0.40470571517944337,0.9190640767415365,0.9199932813644409,0.30392799377441404,0.8947444915771484,0.822799801826477
pushup,0.5767419815063477,0.08571618398030599,0.3275223970413208,0.5904441356658936,0.07374804814656576,0.09772128611803055,0.5705101966857911,0.05507574081420898,0.14025112986564636,0.5937799930572509,0.05049905776977539,0.034758131951093674,0.5275625228881836,0.0115907351175944,0.09453881531953812,0.5989775657653809,0.09969657262166341,0.8697764873504639,0.41144394874572754,0.07537590662638347,0.7856106758117676,0.619728946685791,0.2550035953521729,0.9346214532852173,0.3238083839416504,0.2872023582458496,0.7900742888450623,0.5784433364868165,0.42529818216959636,0.9169209599494934,0.28606672286987306,0.5159942944844563,0.7821947336196899,0.4582615852355957,0.38189239501953126,0.9974120259284973,0.3391991853713989,0.35777514775594077,0.9952417612075806,0.45961837768554686,0.6493820826212565,0.9965838193893433,0.319517183303833,0.588228416442871,0.9933820962905884,0.397133469581604,0.9180432637532552,0.9746871590614319,0.3065959453582764,0.8459519704182943,0.9601417779922485
pushup,0.5719250202178955,0.02565142313639323,0.059292539954185486,0.5873425006866455,0.009456062316894531,0.007207422982901335,0.5625337600708008,0.0,0.019250808283686638,0.5939031600952148,0.0011967976888020834,0.006584385875612497,0.5167469501495361,0.0,0.037406474351882935,0.5905918121337891,0.08290704091389973,0.7043496370315552,0.3903200626373291,0.0822961171468099,0.8476569652557373,0.6018810749053956,0.25613044102986654,0.9471454620361328,0.2630129814147949,0.3614616394042969,0.9629769921302795,0.5811184883117676,0.38730525970458984,0.9651176929473877,0.24281187057495118,0.7121287027994792,0.9707654118537903,0.4764390468597412,0.40739641189575193,0.9973369240760803,0.35237128734588624,0.41027386983235675,0.9976195693016052,0.4707152843475342,0.6608445485432942,0.993485152721405,0.3685610771179199,0.6832982381184896,0.9942396879196167,0.4072400093078613,0.888613764444987,0.9053356051445007,0.3520515441894531,0.9518798828125,0.9036256670951843
pushup,0.570173978805542,0.000806427001953125,0.019148899242281914,0.5937199592590332,0.0,0.0020607176702469587,0.5566133499145508,0.0,0.005120256915688515,0.6110506534576416,0.0,0.004547861870378256,0.5076067447662354,0.0,0.03195490315556526,0.6040499687194825,0.039501221974690755,0.7721495032310486,0.35378298759460447,0.058420817057291664,0.898219645023346,0.5863529682159424,0.21081418991088868,0.9689217805862427,0.21081790924072266,0.36490313212076825,0.9721060991287231,0.5645837306976318,0.36870028177897135,0.9712738990783691,0.21968350410461426,0.7805240631103516,0.9623019099235535,0.4680463790893555,0.4202773412068685,0.9990122318267822,0.31850671768188477,0.4412229537963867,0.9990034699440002,0.48122429847717285,0.7007270812988281,0.9917717576026917,0.37277305126190186,0.7483052571614583,0.9915836453437805,0.3959144115447998,0.844836680094401,0.8328177332878113,0.4034780502319336,0.9349343617757161,0.8129890561103821
pushup,0.5303921222686767,0.017878246307373048,0.005417793523520231,0.5483327865600586,0.0,0.0005872546462342143,0.5205872535705567,0.0,0.0011658763978630304,0.5643023014068603,0.0,0.002053619362413883,0.4813797950744629,0.0,0.01074330322444439,0.5827505111694335,0.008009815216064453,0.6093091368675232,0.3212455749511719,0.034658018747965494,0.7337688207626343,0.576442813873291,0.19184613227844238,0.9650352001190186,0.1791748046875,0.3528996785481771,0.9502062797546387,0.5514492988586426,0.3579139709472656,0.9673560857772827,0.22732300758361818,0.7638990402221679,0.9368276596069336,0.4637418746948242,0.4528781572977702,0.9975868463516235,0.30724406242370605,0.47857964833577477,0.9970864653587341,0.4675744533538818,0.7692253112792968,0.9344462156295776,0.35390210151672363,0.8144919713338216,0.9170677661895752,0.4005729675292969,0.8995350519816081,0.2805473208427429,0.4103656768798828,0.9663002014160156,0.22567780315876007
pushup,0.5596518516540527,0.015746180216471353,0.04520991072058678,0.5761614799499511,0.0,0.0035765382926911116,0.5480771541595459,0.0,0.021036412566900253,0.5816116333007812,0.0,0.003280866192653775,0.5038936614990235,0.0,0.10262090712785721,0.5801454067230225,0.01962423324584961,0.600680410861969,0.33199753761291506,0.02736345926920573,0.8778035640716553,0.5549796104431153,0.23282670974731445,0.8965903520584106,0.1682286500930786,0.36602551142374673,0.9511815309524536,0.5497926712036133,0.349334716796875,0.8906484246253967,0.26569011211395266,0.8070046742757161,0.9028820991516113,0.42540178298950193,0.5476535797119141,0.978438675403595,0.27787232398986816,0.5624165852864583,0.9824292659759521,0.3707215070724487,0.9021105448404948,0.31142672896385193,0.2954665184020996,0.9265706380208333,0.3225420415401459,0.3311560392379761,0.990878168741862,0.009145855903625488,0.36431939601898194,1.0,0.007888058200478554
pushup,0.540793514251709,0.000644842783610026,0.0179078821092844,0.5577511310577392,0.0,0.0014034650521352887,0.5212174415588379,0.0,0.009198842570185661,0.5741594791412353,0.0,0.0015858595725148916,0.47611279487609864,0.0,0.06956619769334793,0.5847679615020752,0.02681741714477539,0.4080464243888855,0.3213961124420166,0.02831103006998698,0.815741240978241,0.5707104206085205,0.2456346352895101,0.7704008221626282,0.1699864983558655,0.3521666208902995,0.9321601390838623,0.6333898544311524,0.33730894724527993,0.7808583378791809,0.2842547416687012,0.759694226582845,0.8681350350379944,0.4460698127746582,0.5319675127665202,0.9815489649772644,0.28798322677612304,0.5463699340820313,0.9875296354293823,0.42032480239868164,0.7864850997924805,0.6804732084274292,0.32314324378967285,0.7907025655110677,0.7502536177635193,0.395320200920105,0.911390749613444,0.11593910306692123,0.3986732721328735,0.8965354919433594,0.1284532994031906
pushup,0.5509914875030517,0.011968549092610676,0.02524326927959919,0.5742578506469727,0.0,0.0020796291064471006,0.5369894981384278,0.0,0.02328287810087204,0.5792609214782715,0.0,0.001472664880566299,0.4819727897644043,0.0,0.10105589032173157,0.5280167102813721,0.012234338124593099,0.148618683218956,0.3309077262878418,0.0057037353515625,0.7028661370277405,0.4258162498474121,0.22798077265421549,0.3987656831741333,0.17429649829864502,0.30780878067016604,0.8778838515281677,0.5021791458129883,0.342375373840332,0.5173753499984741,0.2431029796600342,0.612478764851888,0.8313727378845215,0.4207059383392334,0.4360786437988281,0.9564194679260254,0.2964479446411133,0.4491430282592773,0.9794663190841675,0.4204361915588379,0.6516862869262695,0.85831218957901,0.3076267957687378,0.6556958516438802,0.9195442795753479,0.4160610675811768,0.8455967585245768,0.4894757568836212,0.35308525562286375,0.8545688629150391,0.5697839260101318
pushup,0.50517258644104,0.013510036468505859,0.008082815445959568,0.5209410667419434,0.0,0.0007805441855452955,0.49365649223327634,0.0,0.00421906029805541,0.5293585777282714,0.0,0.0013489453122019768,0.4527118682861328,0.0,0.025385618209838867,0.5100224494934082,0.030445321400960287,0.189529150724411,0.3188386201858521,0.039214833577473955,0.5870660543441772,0.4621281147003174,0.1614813168843587,0.6461728811264038,0.18227843046188355,0.32548796335856117,0.8765712380409241,0.5155921936035156,0.1332074483235677,0.6740334630012512,0.2371504783630371,0.6125740051269531,0.8373779058456421,0.42502121925354003,0.45842062632242836,0.9658348560333252,0.3051739692687988,0.4720263163248698,0.9785187244415283,0.411436653137207,0.6943224589029948,0.781006395816803,0.3283042907714844,0.6991844177246094,0.840651273727417,0.4076370716094971,0.8072408676147461,0.2435304820537567,0.3796775102615356,0.8187048594156902,0.2720057964324951
