label,0_x,0_y,0_z,1_x,1_y,1_z,2_x,2_y,2_z,3_x,3_y,3_z,4_x,4_y,4_z,5_x,5_y,5_z,6_x,6_y,6_z,7_x,7_y,7_z,8_x,8_y,8_z,9_x,9_y,9_z,10_x,10_y,10_z,11_x,11_y,11_z,12_x,12_y,12_z,13_x,13_y,13_z,14_x,14_y,14_z,15_x,15_y,15_z,16_x,16_y,16_z
squat,0.5007104873657227,0.02270930608113607,5.181293818168342e-05,0.5213276863098144,0.0,1.101064117392525e-05,0.4821012496948242,0.0,1.1121322131657507e-05,0.5848221778869629,0.0,0.0001076285625458695,0.4565603256225586,0.0,0.00014466898574028164,0.680715274810791,0.0,0.006463713012635708,0.34723219871520994,0.0,0.028339680284261703,0.7034747123718261,0.09739230473836263,0.3362729847431183,0.2292640447616577,0.1832758108774821,0.6433106660842896,0.7136309623718262,0.3685723940531413,0.5569435358047485,0.33021817207336424,0.5769349416097005,0.7548186779022217,0.6623414993286133,0.5351816813151041,0.9454392194747925,0.45011115074157715,0.5537919998168945,0.9683987498283386,0.6267683982849122,0.9943185806274414,0.11944533884525299,0.48506994247436525,1.0,0.19029808044433594,0.5793968677520752,1.0,0.0034919956233352423,0.5694082736968994,1.0,0.004901929758489132
squat,0.5093609809875488,0.0,0.00011138191621284932,0.5234678268432618,0.0,1.2777649317285977e-05,0.48760037422180175,0.0,2.6801517378771678e-05,0.5529801368713378,0.0,7.397268200293183e-05,0.4407978057861328,0.0,0.0002893870114348829,0.6394139289855957,0.0,0.015774371102452278,0.3483224153518677,0.0,0.04196890816092491,0.6845204353332519,0.1281801223754883,0.6392285823822021,0.29996726512908933,0.24241466522216798,0.7965862154960632,0.7095495223999023,0.377729860941569,0.7728027105331421,0.3142220497131348,0.5266139030456543,0.8818309903144836,0.6389457702636718,0.4933523495992025,0.9435042142868042,0.44850969314575195,0.5084049224853515,0.9595110416412354,0.6224393367767334,0.9574769973754883,0.11960610747337341,0.4449889659881592,0.9527182261149089,0.15649893879890442,0.5723203182220459,0.9810221989949545,0.0023284247145056725,0.462282133102417,0.956069819132487,0.0026373357977718115
squat,0.5098851680755615,0.0,0.00014318256580736488,0.5362707138061523,0.0,2.0764287910424173e-05,0.4783674716949463,0.0,3.4263721317984164e-05,0.5868875503540039,0.0,9.462516754865646e-05,0.42462806701660155,0.0,0.0002287335810251534,0.6584300518035888,0.0,0.009234090335667133,0.3379256010055542,0.0,0.03515571355819702,0.6114063739776612,0.3808102607727051,0.36220797896385193,0.2581003665924072,0.2066041628519694,0.7080389261245728,0.4681285858154297,0.4150362014770508,0.6667218208312988,0.32918634414672854,0.4916768391927083,0.8732432723045349,0.6287559986114502,0.5669733683268229,0.7060922980308533,0.4138648986816406,0.5359231948852539,0.8229140639305115,0.6223425388336181,0.8916226704915364,0.03774149343371391,0.4493722915649414,0.8523909250895182,0.07036090642213821,0.5757782936096192,0.8028493245442708,0.0017776924651116133,0.4950549602508545,0.782246462504069,0.002566905692219734
squat,0.5032914638519287,0.02474492390950521,2.079651312669739e-05,0.5346973896026611,0.0,3.901556283381069e-06,0.4776804447174072,0.0,5.323580353433499e-06,0.629103422164917,0.0,2.5539464331814088e-05,0.45149965286254884,0.0,6.370581832015887e-05,0.7086894035339355,0.0,0.0009973400738090277,0.349184250831604,0.0,0.015244812704622746,0.7164499759674072,0.1391839027404785,0.1259065568447113,0.20912859439849854,0.1774043083190918,0.7377663254737854,0.7534652709960937,0.4845903396606445,0.43135467171669006,0.4322649955749512,0.629626210530599,0.86292964220047,0.6757361412048339,0.5252648035685221,0.9204937815666199,0.4348465919494629,0.5500081380208334,0.9731130599975586,0.6655802249908447,0.9697854359944661,0.0723189115524292,0.47556519508361816,1.0,0.21377350389957428,0.5875161647796631,0.9383595784505209,0.0032180333510041237,0.5126320838928222,0.9805164337158203,0.006770805921405554
squat,0.510236120223999,0.023442713419596355,4.494491804507561e-05,0.5326600074768066,0.0,4.143151727475924e-06,0.4720212459564209,0.0,1.654233710723929e-05,0.5855792045593262,0.0,1.1084928701166064e-05,0.4044955730438232,0.0,0.00022247404558584094,0.6635380744934082,0.0,0.003294317750260234,0.32295067310333253,0.0,0.016786860302090645,0.716402530670166,0.07844460805257161,0.39425477385520935,0.2288114309310913,0.13711233139038087,0.7728044390678406,0.7672771453857422,0.374787712097168,0.7504091858863831,0.3364124059677124,0.5280619939168294,0.9280574321746826,0.6617478847503662,0.4756081899007161,0.9692552089691162,0.4335721492767334,0.497808043162028,0.9836903214454651,0.6233061790466309,0.923675537109375,0.29294776916503906,0.43804082870483396,0.969972292582194,0.43113747239112854,0.5545429706573486,0.9531536102294922,0.011471159756183624,0.43477158546447753,0.9778786341349284,0.014758176170289516
squat,0.5396972179412842,0.05083932876586914,7.452424324583262e-05,0.5567253112792969,0.006448809305826823,5.147651336301351e-06,0.5085024833679199,0.019686412811279298,5.781847357866354e-05,0.600085973739624,0.0,1.1996152352367062e-05,0.4510050296783447,0.0,0.0007277437835000455,0.6839981555938721,0.0,0.0016297494294121861,0.383247447013855,0.0,0.02993856556713581,0.7759602546691895,0.09321381251017252,0.08124317973852158,0.29578652381896975,0.12429386774698893,0.7779828906059265,0.8238580703735352,0.3522971153259277,0.3097447156906128,0.30874898433685305,0.46567583084106445,0.8831407427787781,0.6623405456542969,0.438523006439209,0.9626545310020447,0.4672297477722168,0.4556171417236328,0.9904561638832092,0.623441743850708,0.8835165659586589,0.6167080402374268,0.4985673904418945,0.9229813893636067,0.8637030720710754,0.5877309322357178,0.9959752400716145,0.08985699713230133,0.5115884780883789,1.0,0.18045461177825928
squat,0.5490644454956055,0.05640360514322917,6.833829684183002e-05,0.5567240715026855,0.01657692591349284,7.079790066200076e-06,0.5230199337005615,0.029102261861165366,9.758369742485229e-06,0.5901078701019287,0.0,4.620007530320436e-05,0.4735106945037842,0.0,0.0001227941975230351,0.6801645755767822,0.0,0.040590714663267136,0.4004978656768799,0.0,0.03590495139360428,0.782331132888794,0.09963951110839844,0.8663848042488098,0.32288451194763185,0.1339352289835612,0.8127453327178955,0.8498276710510254,0.4018686294555664,0.9500312805175781,0.3082231044769287,0.4834393819173177,0.9313346743583679,0.639497184753418,0.4163729985555013,0.9971256852149963,0.4665963649749756,0.4303131421407064,0.9966799020767212,0.5754958152770996,0.8237805684407552,0.9186315536499023,0.4851675987243652,0.8501426060994466,0.9090146422386169,0.5276981830596924,1.0,0.1849183589220047,0.4918225288391113,1.0,0.16356895864009857
squat,0.5263449668884277,0.02325439453125,0.00014860306691844016,0.5354507446289063,0.0,1.6496493117301725e-05,0.5163819313049316,9.91503397623698e-05,1.994928788917605e-05,0.5758596420288086,0.0,0.00016349104407709092,0.4995258808135986,0.0,0.00018176976300310344,0.6763439178466797,0.0,0.04029311239719391,0.426754093170166,0.0,0.13975003361701965,0.7729889392852783,0.09558321634928385,0.8326583504676819,0.3483437538146973,0.11839431126912435,0.956653356552124,0.8157861709594727,0.3356748580932617,0.9441757798194885,0.3095881938934326,0.4305009206136068,0.980991780757904,0.6395899772644043,0.4139671961466471,0.9955673813819885,0.4825900554656982,0.41057488123575847,0.9976772665977478,0.5794665336608886,0.8557507832845052,0.8808434009552002,0.4571359157562256,0.8588756561279297,0.9399423003196716,0.5468972682952881,1.0,0.11198145896196365,0.46262149810791015,1.0,0.1687355488538742
squat,0.5417552471160889,0.0,3.180385465384461e-05,0.5469479084014892,0.0,3.393779024918331e-06,0.5299707889556885,0.0,5.554138624574989e-06,0.576593542098999,0.0,6.046712587703951e-05,0.506001091003418,0.0,0.00010962047963403165,0.6792326927185058,0.0,0.020057322457432747,0.4261207580566406,0.0,0.04590284824371338,0.7942161560058594,0.08057193756103516,0.7257495522499084,0.3714648723602295,0.110883363087972,0.8773382306098938,0.8427248954772949,0.3150653839111328,0.8731643557548523,0.31630103588104247,0.3650574048360189,0.933526337146759,0.6231431007385254,0.3980806032816569,0.9968233108520508,0.46152896881103517,0.39778315226236977,0.9979333877563477,0.5804938316345215,0.8247052510579427,0.9469158053398132,0.44233360290527346,0.8207466125488281,0.9672795534133911,0.5638162612915039,1.0,0.29650041460990906,0.4523143291473389,1.0,0.36248278617858887
squat,0.5369622230529785,0.010124492645263671,8.365655230591074e-05,0.545460557937622,0.0,1.2731026799883693e-05,0.5256656646728516,0.0,1.2046262781950645e-05,0.5768954277038574,0.0,0.00016988423885777593,0.5012753963470459,0.0,0.00011774953600252047,0.6721909999847412,0.0,0.039732810109853745,0.4261275291442871,0.0,0.04205450043082237,0.787553358078003,0.0816035270690918,0.8305281400680542,0.371702241897583,0.0931459108988444,0.8242509365081787,0.8319004058837891,0.3290393829345703,0.9126209020614624,0.31965036392211915,0.32924187978108727,0.9091101884841919,0.6155863761901855,0.395720100402832,0.9963249564170837,0.4576000690460205,0.39375101725260414,0.9964136481285095,0.5703967094421387,0.8276676177978516,0.9337684512138367,0.4239938735961914,0.832437260945638,0.9400043487548828,0.5471489429473877,1.0,0.21973329782485962,0.42058629989624025,1.0,0.22233076393604279
squat,0.5177151679992675,0.0,0.00023994134971871972,0.5256828308105469,0.0,3.809485860983841e-05,0.507011604309082,0.0,3.995796214439906e-05,0.5518815994262696,0.0,0.00033302660449407995,0.4822214126586914,0.0,0.00028478880994953215,0.6416957378387451,0.0,0.06134983152151108,0.4051350593566895,0.0,0.06157912686467171,0.7358049392700196,0.07433996200561524,0.8168418407440186,0.35103750228881836,0.09455709457397461,0.7964990139007568,0.7722485542297364,0.31862719853719074,0.8841774463653564,0.2983846664428711,0.31033782958984374,0.8764645457267761,0.590427017211914,0.38431981404622395,0.9955073595046997,0.43732547760009766,0.3803853034973145,0.9954873919487,0.5587679386138916,0.8272061665852865,0.9352395534515381,0.4057618618011475,0.8091118494669597,0.935698926448822,0.5405281066894532,1.0,0.24113954603672028,0.40139451026916506,1.0,0.23668888211250305
squat,0.4672117233276367,0.021439743041992188,0.0003356178058311343,0.4736292839050293,0.0010697364807128907,6.388333713402972e-05,0.45657691955566404,0.00565633773803711,8.386078116018325e-05,0.5005319118499756,0.0,0.0005584775353781879,0.4341238498687744,0.0,0.0006112931296229362,0.6036696910858155,0.004615974426269531,0.06115225329995155,0.3636713743209839,0.021160348256429037,0.095531165599823,0.7070306777954102,0.08794387181599934,0.673913836479187,0.31539263725280764,0.11005236307779948,0.7999239563941956,0.7224060535430908,0.31961310704549156,0.7648018002510071,0.2616600275039673,0.30967582066853844,0.8442360758781433,0.5712162971496582,0.3843383471171061,0.9964126944541931,0.4138465881347656,0.38146661122639974,0.9972917437553406,0.5610743522644043,0.7468708674112956,0.9739068150520325,0.3805518627166748,0.7202764511108398,0.9812836050987244,0.5520296096801758,0.9724571228027343,0.6699991822242737,0.38684563636779784,0.9281941731770833,0.7211076617240906
squat,0.42476229667663573,0.0,0.00018494320102036,0.4260075569152832,0.0,2.770241735561285e-05,0.419246768951416,0.0,2.2070496925152838e-05,0.4471557140350342,0.0,0.0005787817062810063,0.40831217765808103,0.0,0.00029833990265615284,0.5520787239074707,0.0,0.21002696454524994,0.3400707244873047,0.0,0.21739909052848816,0.6516026496887207,0.11358029047648112,0.9426357746124268,0.29180326461791994,0.12904129028320313,0.9418773055076599,0.6869359970092773,0.3411539077758789,0.9580003023147583,0.2432018995285034,0.3286083857218424,0.960338294506073,0.5354286193847656,0.3819308280944824,0.9994353652000427,0.39928083419799804,0.3788595199584961,0.999457061290741,0.531449270248413,0.7294801712036133,0.9960220456123352,0.3869553804397583,0.6999614715576172,0.9965783953666687,0.5213606834411622,0.9542009989420573,0.8951067328453064,0.39036808013916013,0.9063727696736653,0.9085318446159363
squat,0.3757986783981323,0.0,0.0002980209537781775,0.37617228031158445,0.0,4.272798832971603e-05,0.3700932502746582,0.0,3.094815110671334e-05,0.39747717380523684,0.0,0.0008976943208836019,0.36229443550109863,0.0,0.00038876410690136254,0.5048667430877686,0.0,0.29040196537971497,0.3042616605758667,0.0,0.32413938641548157,0.607823657989502,0.11256885528564453,0.9545973539352417,0.2641767978668213,0.15287361145019532,0.9601957201957703,0.6310159206390381,0.3468109766642253,0.9737499952316284,0.2241060972213745,0.36127103169759117,0.9779223203659058,0.49986681938171384,0.3678545316060384,0.9993659853935242,0.37470622062683107,0.3716581662495931,0.9994379878044128,0.4932263851165771,0.6857836405436198,0.9969297051429749,0.38327536582946775,0.6708784739176432,0.9976404905319214,0.4783088207244873,0.9221599578857422,0.9242285490036011,0.4015335559844971,0.894986343383789,0.9396308660507202
squat,0.3810838222503662,0.0,0.0001869202678790316,0.3814229488372803,0.0,2.351267175981775e-05,0.37501599788665774,0.0,2.1038678823970258e-05,0.4008355140686035,0.0,0.0004854324506595731,0.3638035297393799,0.0,0.0003286306164227426,0.4946484088897705,0.0,0.21725527942180634,0.3024906635284424,0.0,0.27126365900039673,0.5816002368927002,0.11871713002522787,0.9493349194526672,0.2568383693695068,0.16369021733601888,0.9587625861167908,0.6201436042785644,0.3314413070678711,0.9716892838478088,0.22258286476135253,0.37599051793416344,0.9781555533409119,0.4953113555908203,0.3571848233540853,0.9994408488273621,0.37265625,0.3620185852050781,0.9995182752609253,0.49850974082946775,0.678471565246582,0.9978991746902466,0.3841881513595581,0.663348388671875,0.9983733892440796,0.49618120193481446,0.9300058364868165,0.9507925510406494,0.4018137454986572,0.9013945261637369,0.9605615735054016
squat,0.3727362394332886,0.0,0.00017539251712150872,0.3724109649658203,0.0,1.9574079487938434e-05,0.3666631460189819,0.0,2.2670492398901843e-05,0.38889124393463137,0.0,0.0003544114879332483,0.35302119255065917,0.0,0.00038985893479548395,0.47930355072021485,0.0,0.18908384442329407,0.2948737382888794,0.001176611582438151,0.2691514790058136,0.5676959037780762,0.11087671915690105,0.9424446225166321,0.2599335670471191,0.16752347946166993,0.962504506111145,0.611384916305542,0.3231229146321615,0.9677846431732178,0.23446388244628907,0.3768125216166178,0.9796965718269348,0.49512367248535155,0.3486668904622396,0.9994600415229797,0.37537972927093505,0.3581854502360026,0.9995720982551575,0.5044956207275391,0.6636655807495118,0.998113751411438,0.3831068277359009,0.661169687906901,0.9986580610275269,0.5053631782531738,0.9061779022216797,0.9590211510658264,0.3974647045135498,0.8954706192016602,0.9683994054794312
squat,0.39038519859313964,0.0,0.00018288429419044405,0.393258261680603,0.0,1.4509218999592122e-05,0.3855541944503784,0.0,4.607301525538787e-05,0.40673055648803713,0.0,0.00016931661230046302,0.3678023338317871,0.0,0.000904003856703639,0.47599568367004397,0.0,0.07555870711803436,0.30442354679107664,0.004270807902018229,0.31515103578567505,0.5711152076721191,0.11629657745361328,0.8119845986366272,0.27387294769287107,0.17092631657918295,0.9732645750045776,0.6204115867614746,0.30752156575520834,0.9067726135253906,0.2546513319015503,0.3789668083190918,0.98235023021698,0.48930912017822265,0.34050000508626305,0.9989482760429382,0.37668068408966066,0.36054903666178384,0.9995513558387756,0.5089608192443847,0.6035893758138021,0.9975107908248901,0.3842956781387329,0.6628498077392578,0.99910968542099,0.5051552295684815,0.7807057698567709,0.9682884216308594,0.391953182220459,0.8828259785970052,0.9828290343284607
squat,0.41522669792175293,0.0,0.0002491999766789377,0.41846704483032227,0.0,2.0001714801765047e-05,0.41073102951049806,0.0,6.776559894206002e-05,0.42908873558044436,0.0,0.00019939157937187701,0.3908207416534424,0.0,0.0012403475120663643,0.4908273696899414,0.0,0.09969019144773483,0.3237018585205078,0.0,0.3691422939300537,0.584085750579834,0.11154877344767253,0.8285738229751587,0.2944295406341553,0.1664791742960612,0.9730862975120544,0.6344126701354981,0.28411842981974283,0.9042110443115234,0.27223005294799807,0.37694463729858396,0.9802209138870239,0.49373340606689453,0.33381640116373695,0.9993556141853333,0.38434157371520994,0.3505573272705078,0.9997079968452454,0.5107709407806397,0.6015668869018554,0.9988176226615906,0.3883999824523926,0.6571985880533854,0.9995599389076233,0.507884931564331,0.7659133275349935,0.9872675538063049,0.39630303382873533,0.868689219156901,0.99293053150177
squat,0.4337454319000244,0.0,0.0013860566541552544,0.43941946029663087,0.0,0.00013979461800772697,0.43111705780029297,0.0,0.0003410228237044066,0.45314536094665525,0.0,0.0009603661601431668,0.4177189826965332,0.0,0.003041864139959216,0.5070049285888671,0.0,0.27795854210853577,0.3524779319763184,0.009881401062011718,0.6485482454299927,0.5928936004638672,0.12434571584065755,0.8929057717323303,0.3101639270782471,0.1862895647684733,0.9814106822013855,0.6395054340362549,0.260050106048584,0.9290676712989807,0.28408401012420653,0.3732629140218099,0.9831406474113464,0.4984301567077637,0.3407846450805664,0.9996606111526489,0.3975414037704468,0.35685685475667317,0.9998369216918945,0.5082766056060791,0.5928869247436523,0.9994773268699646,0.39322237968444823,0.6539602915445963,0.9997969269752502,0.508939790725708,0.758697509765625,0.9947656393051147,0.3991425037384033,0.874645487467448,0.9970194697380066
squat,0.4526331424713135,0.0,0.0007470612181350589,0.45632114410400393,0.0,9.727723227115348e-05,0.449953556060791,0.0,0.00012133726704632863,0.4694077968597412,0.0,0.0012147987727075815,0.4387220859527588,0.0,0.0011957369279116392,0.5286778450012207,0.0028081258138020833,0.345664918422699,0.3786045551300049,0.02231775919596354,0.48240721225738525,0.601687240600586,0.11906623840332031,0.9434248208999634,0.3359513759613037,0.16793381373087565,0.9664994478225708,0.6268692016601562,0.27279917399088544,0.956451952457428,0.2973175048828125,0.33649444580078125,0.9723820686340332,0.5157073974609375,0.34179118474324544,0.9997101426124573,0.41749267578125,0.35296300252278645,0.9997768998146057,0.5112964630126953,0.5985052108764648,0.9993948936462402,0.40096678733825686,0.6357128779093425,0.9995852112770081,0.5081796169281005,0.7806055068969726,0.9916406869888306,0.39984290599822997,0.8494550704956054,0.993240237236023
squat,0.46341938972473146,0.0,0.004191210027784109,0.4661353588104248,0.0,0.0005768756382167339,0.4580090045928955,0.0,0.0006667391862720251,0.48093953132629397,0.0,0.003977202344685793,0.4482534408569336,0.0,0.00330437533557415,0.5485552787780762,0.011020755767822266,0.6185751557350159,0.3966602087020874,0.03657261530558268,0.6888070702552795,0.6215059280395507,0.1114362080891927,0.9599323868751526,0.3421958923339844,0.16414833068847656,0.9722073078155518,0.6340087413787842,0.2426390329996745,0.9651054739952087,0.2964048385620117,0.30631977717081704,0.9748319387435913,0.52755765914917,0.3409802754720052,0.999718964099884,0.4299232006072998,0.3501941680908203,0.9997699856758118,0.5179188251495361,0.5844087600708008,0.9992470741271973,0.41765718460083007,0.6067710876464844,0.9994250535964966,0.5038296699523925,0.7792826334635417,0.989129900932312,0.40764126777648924,0.8161107381184896,0.9907377362251282
squat,0.4478429317474365,0.0,0.009575285948812962,0.4519069671630859,0.0,0.002147009363397956,0.4437049388885498,0.0,0.001062380732037127,0.47658162117004393,0.0,0.017130812630057335,0.4448131561279297,0.0,0.003099277149885893,0.5480570793151855,0.007869974772135416,0.7942566275596619,0.40316028594970704,0.033719317118326826,0.8044686913490295,0.6160615921020508,0.1039086659749349,0.9765673279762268,0.33498058319091795,0.14458770751953126,0.9764180779457092,0.6442289829254151,0.23507208824157716,0.9767639636993408,0.2753180742263794,0.25891714096069335,0.9770005941390991,0.5264496803283691,0.3307095209757487,0.999842643737793,0.43529744148254396,0.3389615058898926,0.9998525381088257,0.5153697013854981,0.5722320556640625,0.9996346235275269,0.42346487045288084,0.5921374003092448,0.9997034668922424,0.5007167339324952,0.7650083541870117,0.9948221445083618,0.41031737327575685,0.7997422536214193,0.9956042766571045
squat,0.44753413200378417,0.0,0.019639335572719574,0.4520297050476074,0.0,0.004913894925266504,0.4416965484619141,0.0,0.0021545537747442722,0.47634296417236327,0.0,0.02838379330933094,0.4398552417755127,0.0,0.004453510046005249,0.5478583812713623,0.01332095464070638,0.8655604124069214,0.4020627498626709,0.03195352554321289,0.8290010094642639,0.6275862693786621,0.11605037053426107,0.9813520312309265,0.33524720668792723,0.1347200393676758,0.972091019153595,0.6673876285552979,0.2302535851796468,0.9790964722633362,0.26585049629211427,0.22804338137308758,0.9722638726234436,0.526776933670044,0.3239435831705729,0.9998339414596558,0.4358647346496582,0.32925275166829426,0.9998158812522888,0.5150638580322265,0.5669232050577799,0.9996471405029297,0.4259927272796631,0.581495984395345,0.9996652603149414,0.506013298034668,0.7548569361368815,0.9952077269554138,0.41832547187805175,0.7820536295572916,0.9955535531044006
squat,0.4467177867889404,0.0008354504903157552,0.027042679488658905,0.4513405799865723,0.0,0.007172924466431141,0.44044647216796873,0.0,0.0029375371523201466,0.47623562812805176,0.0,0.03647502511739731,0.4386375904083252,0.0,0.005286077968776226,0.548029899597168,0.016199111938476562,0.8920356035232544,0.40117721557617186,0.030089378356933594,0.8441376090049744,0.6287417888641358,0.1175856908162435,0.982832133769989,0.3300610542297363,0.13351567586263022,0.9697259068489075,0.6771982192993165,0.22145074208577473,0.9794002175331116,0.25988454818725587,0.2278650442759196,0.9695103764533997,0.5264414787292481,0.3186101277669271,0.999828577041626,0.43535633087158204,0.32082595825195315,0.9997959733009338,0.5173254013061523,0.5534730275472005,0.9996911287307739,0.42871780395507814,0.5559820175170899,0.999686598777771,0.5088545322418213,0.7461016337076823,0.9962444305419922,0.42240591049194337,0.7546677907307943,0.9964247345924377
squat,0.4445477485656738,0.0,0.02512213960289955,0.44864907264709475,0.0,0.0064358762465417385,0.43721461296081543,0.0,0.003168128663673997,0.47098393440246583,0.0,0.02896408922970295,0.4323225975036621,0.0,0.006016830913722515,0.5406205654144287,0.013108158111572265,0.8593164682388306,0.39393982887268064,0.02785069147745768,0.8130837082862854,0.6162055969238281,0.10402075449625652,0.976545512676239,0.3249249219894409,0.12899141311645507,0.9623704552650452,0.6656374931335449,0.20781734784444172,0.971441388130188,0.26079592704772947,0.23082361221313477,0.9618476629257202,0.5231203556060791,0.31779505411783854,0.9997568726539612,0.4314444065093994,0.320295524597168,0.9997205138206482,0.5150173664093017,0.5571135838826498,0.9995562434196472,0.42313528060913086,0.5553426742553711,0.9995554089546204,0.5065553665161133,0.7500739415486654,0.9949501752853394,0.4146388530731201,0.749571418762207,0.9951969981193542
squat,0.4461245536804199,0.005493195851643881,0.011874272488057613,0.44919552803039553,0.0,0.0024262722581624985,0.43703651428222656,0.0,0.001721444888971746,0.4671624660491943,0.0,0.012034476734697819,0.42543683052062986,0.0,0.004942215979099274,0.5323518753051758,0.013162358601888021,0.7817666530609131,0.3828382968902588,0.029734388987223307,0.7528990507125854,0.6013317108154297,0.09153881072998046,0.9716702699661255,0.3182304859161377,0.12551533381144206,0.9620792865753174,0.6489395141601563,0.18535448710123698,0.9674537777900696,0.25691852569580076,0.22841461499532065,0.9634081721305847,0.5184660434722901,0.32292378743489586,0.9997627139091492,0.4240564346313477,0.32738847732543946,0.9997453093528748,0.5129803657531739,0.5682822545369466,0.9995506405830383,0.41791648864746095,0.5675877253214519,0.9995679259300232,0.5054295063018799,0.757130495707194,0.9948813915252686,0.411255407333374,0.7566670735677083,0.9951759576797485
squat,0.44408445358276366,0.00503390630086263,0.030494285747408867,0.4466440677642822,0.0,0.005718622822314501,0.43498406410217283,0.0,0.007093267049640417,0.4587977409362793,0.0,0.013528183102607727,0.4198028087615967,0.0,0.01542647834867239,0.517493724822998,0.02066812515258789,0.7489551305770874,0.3766083955764771,0.03341878255208333,0.7933030128479004,0.5859968185424804,0.08210236231486003,0.9380708932876587,0.31441235542297363,0.10971736907958984,0.9529938101768494,0.624009084701538,0.15451393127441407,0.9273090958595276,0.2605368852615356,0.19303391774495443,0.948228657245636,0.5093139171600342,0.321883487701416,0.9994843006134033,0.4189633369445801,0.3257572174072266,0.9995505213737488,0.5134244918823242,0.5568482716878255,0.9992890357971191,0.4159071922302246,0.5531349817911784,0.999434769153595,0.5130634784698487,0.7528281529744466,0.9943740367889404,0.41100101470947265,0.746302604675293,0.995305597782135
squat,0.43763227462768556,0.0,0.03392350301146507,0.44319615364074705,0.0,0.00780918775126338,0.43055334091186526,0.0,0.007252120412886143,0.46137213706970215,0.0,0.019246108829975128,0.42124643325805666,0.0,0.01265865471214056,0.5206783771514892,0.014971733093261719,0.6785544157028198,0.3765444278717041,0.02188250223795573,0.7704786658287048,0.5930382251739502,0.07772464752197265,0.9172649383544922,0.3225419521331787,0.09275569915771484,0.9484164714813232,0.6272893428802491,0.11891228357950846,0.915812611579895,0.27797913551330566,0.14692843755086263,0.9440234899520874,0.5081542015075684,0.3181330680847168,0.9990191459655762,0.41365299224853513,0.3206573168436686,0.9992127418518066,0.5200075626373291,0.5575808207194011,0.9986410737037659,0.41243958473205566,0.5604841868082683,0.9990804195404053,0.5256483554840088,0.74510072072347,0.9896327257156372,0.4149515151977539,0.7584185282389323,0.9923529028892517
squat,0.4436457633972168,0.0,0.03476770222187042,0.4506096363067627,0.0,0.0102695282548666,0.43781042098999023,0.0,0.005866878665983677,0.4726718902587891,0.0,0.030080730095505714,0.4323065757751465,0.0,0.008457918651401997,0.5312227725982666,0.00976126988728841,0.7246497273445129,0.38535103797912595,0.023504924774169923,0.7277196645736694,0.5961768150329589,0.06478586196899414,0.9379211068153381,0.3256688117980957,0.09185310999552408,0.9290772676467896,0.6296501636505127,0.10358854929606119,0.9322735071182251,0.27464733123779295,0.12480551401774088,0.9259388446807861,0.5097232818603515,0.3149993896484375,0.9990503191947937,0.41439285278320315,0.31958802541097003,0.9990267753601074,0.5246450424194335,0.5569067001342773,0.9986091256141663,0.41307506561279295,0.5611806233723958,0.9988011121749878,0.5283175945281983,0.7387793223063152,0.9884893298149109,0.41517791748046873,0.7529445648193359,0.9901049733161926
squat,0.4509465217590332,0.0,0.04428643733263016,0.45695695877075193,0.0,0.012767178937792778,0.44527368545532225,0.0,0.008658576756715775,0.4792379379272461,0.0,0.03170721232891083,0.4429190158843994,0.0,0.011276318691670895,0.5393246650695801,0.012339210510253907,0.6863301992416382,0.3988188743591309,0.02580127716064453,0.7571491599082947,0.5978481769561768,0.06620175043741862,0.9093838930130005,0.3339205503463745,0.09165687561035156,0.9319540858268738,0.6205185413360595,0.07671616872151693,0.9013402462005615,0.2833592176437378,0.11256831487019857,0.9215251803398132,0.514989185333252,0.32085304260253905,0.9987820982933044,0.42272286415100097,0.3240560531616211,0.9989539384841919,0.5251641273498535,0.5626110712687175,0.9984169006347656,0.4153910160064697,0.565807596842448,0.9988499879837036,0.5327574729919433,0.741221809387207,0.9885879755020142,0.41315860748291017,0.7546135584513346,0.9911978840827942
squat,0.4701411724090576,0.0019445101420084636,0.08095814287662506,0.4756794452667236,0.0,0.02012057974934578,0.46307125091552737,0.0,0.01927202008664608,0.4895535945892334,0.0,0.03330354019999504,0.45178966522216796,0.0,0.025498682633042336,0.5411546230316162,0.03028891881306966,0.7560680508613586,0.4056462287902832,0.03647747039794922,0.8405274152755737,0.6017755985260009,0.08704652786254882,0.9231122136116028,0.35258471965789795,0.088465150197347,0.9518616199493408,0.6320502281188964,0.13902870814005533,0.9154365062713623,0.30040898323059084,0.11893730163574219,0.9402276873588562,0.5196670532226563,0.3294153849283854,0.9987673759460449,0.42929720878601074,0.32994747161865234,0.9989908337593079,0.528769588470459,0.5583564758300781,0.998017430305481,0.41314849853515623,0.5544938405354818,0.9985951781272888,0.5344077110290527,0.7404069264729818,0.9853099584579468,0.40734477043151857,0.7405471165974935,0.9888492822647095
squat,0.4697134971618652,0.0,0.3576171398162842,0.47870655059814454,0.0,0.13738225400447845,0.46155853271484376,0.0,0.11035041511058807,0.49719533920288084,0.0,0.13378280401229858,0.45110483169555665,0.0,0.07371891289949417,0.5503734588623047,0.057540512084960936,0.9052077531814575,0.40206589698791506,0.07377036412556966,0.9420908689498901,0.5985628604888916,0.179885196685791,0.9430228471755981,0.34285774230957033,0.16382122039794922,0.9644179940223694,0.6056277275085449,0.27056169509887695,0.9301281571388245,0.30923943519592284,0.12922061284383138,0.9485255479812622,0.5205230712890625,0.3516735076904297,0.9986795783042908,0.4220149517059326,0.3593019803365072,0.9988952875137329,0.5395752429962158,0.5615910847981771,0.9981814622879028,0.41298727989196776,0.5742149353027344,0.998687207698822,0.5364601135253906,0.7392215728759766,0.9871413707733154,0.41244330406188967,0.7551424662272136,0.9901462197303772
squat,0.4742717266082764,0.027560075124104817,0.8672242164611816,0.48695068359375,0.010135300954182943,0.6662647128105164,0.46370902061462405,0.010508505503336589,0.6579414010047913,0.5062397956848145,0.018779977162679037,0.4049864709377289,0.4478608131408691,0.020599969228108726,0.3780587613582611,0.5499857902526856,0.10837259292602539,0.9653477072715759,0.3954315662384033,0.12267799377441406,0.9858075380325317,0.5831339836120606,0.24121874173482258,0.9405542016029358,0.33380875587463377,0.22678766250610352,0.9762093424797058,0.5801324367523193,0.3488739013671875,0.9217204451560974,0.3365429639816284,0.17466837565104168,0.9595553874969482,0.5279925346374512,0.37465744018554686,0.9980522394180298,0.42431159019470216,0.38370889027913413,0.9986258745193481,0.5523706912994385,0.5602693557739258,0.9968850016593933,0.408387279510498,0.5726772944132487,0.9980375170707703,0.5374129295349122,0.7440040588378907,0.9800542593002319,0.40719308853149416,0.7543128331502279,0.9860354661941528
squat,0.4792183399200439,0.0895991325378418,0.9906989932060242,0.4977381706237793,0.07117973963419597,0.9689173102378845,0.4647207260131836,0.06708755493164062,0.979459822177887,0.5199675559997559,0.08413254419962565,0.7320125699043274,0.44074034690856934,0.07451229095458985,0.8587636947631836,0.5510138034820556,0.17853597005208333,0.988937497138977,0.3915764331817627,0.18506412506103515,0.9967570900917053,0.6001495838165283,0.2805736541748047,0.9308702349662781,0.32848594188690183,0.3037331263224284,0.9821780323982239,0.624328899383545,0.32246971130371094,0.8973996043205261,0.3379195690155029,0.2657497723897298,0.9643325209617615,0.5302876472473145,0.41104148228963217,0.997114896774292,0.424936580657959,0.4161379814147949,0.9982503056526184,0.5581501007080079,0.5576178868611653,0.9959665536880493,0.4041694164276123,0.5624086380004882,0.9978675842285156,0.5384996891021728,0.7398661931355794,0.9810662269592285,0.40552716255187987,0.7488232294718424,0.9880288243293762
squat,0.47730340957641604,0.18490498860677082,0.9879921078681946,0.49589004516601565,0.1678169886271159,0.9666857719421387,0.4633501052856445,0.16410001118977866,0.976869523525238,0.5187816619873047,0.17683728535970053,0.7361292243003845,0.4403845310211182,0.1680243174235026,0.8214659094810486,0.5464081764221191,0.25437971750895183,0.9834607839584351,0.4069389343261719,0.2535701274871826,0.9938561320304871,0.6029383659362793,0.3316381772359212,0.8884336948394775,0.35617072582244874,0.3440183957417806,0.963706374168396,0.6326050758361816,0.37669731775919596,0.8297976851463318,0.3205408573150635,0.373345947265625,0.9251065254211426,0.5238765239715576,0.4601897239685059,0.9958359003067017,0.43038330078125,0.457485294342041,0.9972773194313049,0.5473922252655029,0.5839810689290365,0.9952465891838074,0.40129384994506834,0.5743996938069661,0.9972823858261108,0.5503976821899415,0.7431483586629232,0.986190676689148,0.4068914890289307,0.742215347290039,0.9909228682518005
squat,0.47581167221069337,0.26935319900512694,0.9922177791595459,0.495703125,0.2516691525777181,0.9722363948822021,0.46201362609863283,0.2468295415242513,0.9820115566253662,0.5211651802062989,0.2488592783610026,0.782575786113739,0.4381286144256592,0.23690900802612305,0.8421558141708374,0.5463933944702148,0.3042694091796875,0.994698166847229,0.4070724964141846,0.3084143320719401,0.9973301887512207,0.607790470123291,0.3785360018412272,0.9664493203163147,0.355289363861084,0.4006262461344401,0.9879733324050903,0.6371006965637207,0.46332597732543945,0.9401103854179382,0.3192326068878174,0.4728228251139323,0.9731637239456177,0.5265514373779296,0.4932313283284505,0.9988340735435486,0.4351541042327881,0.49546562830607094,0.9992040991783142,0.5554629325866699,0.5786350886027019,0.9980447292327881,0.4050445556640625,0.5823708216349284,0.998789370059967,0.5463860034942627,0.7348439534505208,0.9925204515457153,0.4048098087310791,0.7539344787597656,0.9946722388267517
squat,0.4747678279876709,0.32740020751953125,0.9927875399589539,0.49433274269104005,0.310735289255778,0.9747220277786255,0.4619296073913574,0.30430758794148766,0.9754594564437866,0.5202267169952393,0.3061098416646322,0.8451313972473145,0.44048147201538085,0.291484006245931,0.8106605410575867,0.5472912311553955,0.3594417889912923,0.9976668357849121,0.4095778465270996,0.3553431193033854,0.9985392093658447,0.6065913200378418,0.43381916681925453,0.9881929755210876,0.3581186532974243,0.444989013671875,0.9934695959091187,0.6400078773498535,0.5190033594767253,0.9781489968299866,0.31401073932647705,0.5336867650349935,0.9855599403381348,0.5258396148681641,0.5421347935994466,0.9993791580200195,0.43579254150390623,0.5376757303873698,0.9994932413101196,0.5516024112701416,0.5799445470174154,0.9986370205879211,0.4004538059234619,0.5656021118164063,0.9990062117576599,0.5426219940185547,0.737745984395345,0.9943353533744812,0.40378828048706056,0.7333206176757813,0.9956448078155518
squat,0.4758491039276123,0.3610966364542643,0.9934998750686646,0.49358577728271485,0.34273433685302734,0.9769485592842102,0.4614861011505127,0.33953469594319663,0.9778226017951965,0.5199200630187988,0.34015413920084636,0.8527401089668274,0.4398228645324707,0.3336792310078939,0.8159549236297607,0.5490128040313721,0.39907563527425133,0.9981916546821594,0.4109976768493652,0.4004654884338379,0.9982877373695374,0.6108062744140625,0.4850255012512207,0.9895093441009521,0.35346386432647703,0.49429066975911456,0.9917959570884705,0.6385539054870606,0.5756436665852864,0.9778438210487366,0.3143528699874878,0.5788180033365885,0.9817319512367249,0.5203117370605469,0.5670458475748698,0.9993472695350647,0.42969474792480467,0.5663678487141927,0.9993844032287598,0.558752965927124,0.579533576965332,0.9985833168029785,0.404417896270752,0.5737323760986328,0.9987945556640625,0.5400306224822998,0.7446071624755859,0.9943042397499084,0.3960563182830811,0.7463231404622396,0.99506014585495
squat,0.47553081512451173,0.3644277572631836,0.9934158325195312,0.493442964553833,0.3453293164571126,0.977717399597168,0.4604696750640869,0.34311952590942385,0.9764902591705322,0.5203013896942139,0.34490489959716797,0.8602961301803589,0.4383871078491211,0.3407330830891927,0.8070275187492371,0.5473799705505371,0.4034533182779948,0.9983375072479248,0.40954060554504396,0.4099350611368815,0.9981932044029236,0.6051358222961426,0.481032657623291,0.9909964799880981,0.3508345603942871,0.5007692654927571,0.9912369251251221,0.636219072341919,0.572699228922526,0.980286180973053,0.31685452461242675,0.5766602834065755,0.9810059070587158,0.5187585830688477,0.5647628784179688,0.9993988275527954,0.42767648696899413,0.5669343948364258,0.9993828535079956,0.5594602584838867,0.5794646581013997,0.9985936284065247,0.4013127326965332,0.577168337504069,0.9986866116523743,0.5436304092407227,0.742991320292155,0.9939451813697815,0.3916574001312256,0.745619265238444,0.9943870306015015
squat,0.4771881580352783,0.33759768803914386,0.991468071937561,0.49631476402282715,0.3202503204345703,0.9729946255683899,0.4632419586181641,0.31496283213297527,0.9721295833587646,0.5226483345031738,0.31819337209065757,0.8352031111717224,0.4409014701843262,0.3064108848571777,0.7772027850151062,0.5480314254760742,0.3713435173034668,0.997309684753418,0.4136664390563965,0.3694110552469889,0.9973011612892151,0.6033693790435791,0.4438847859700521,0.9859490990638733,0.36006762981414797,0.45498342514038087,0.9875015020370483,0.6357541084289551,0.5195432345072428,0.9711410999298096,0.3155508041381836,0.5335395177205403,0.9740358591079712,0.5267199516296387,0.5423784255981445,0.99915611743927,0.43831634521484375,0.5397179921468099,0.9991760849952698,0.5565815448760987,0.5867982864379883,0.9982995390892029,0.4086024761199951,0.5733513514200846,0.9984661340713501,0.546236228942871,0.7440700531005859,0.9932397603988647,0.40742764472961424,0.7361679712931315,0.9939674139022827
squat,0.4772037982940674,0.24787864685058594,0.9922770261764526,0.4964554786682129,0.23103987375895182,0.9697937369346619,0.46315178871154783,0.22631406784057617,0.9831599593162537,0.5195670604705811,0.24155489603678384,0.7644749879837036,0.4394700050354004,0.23028907775878907,0.8847893476486206,0.5429793357849121,0.31621856689453126,0.9938600063323975,0.4063152313232422,0.31221090952555336,0.9982258677482605,0.6014557838439941,0.38412357966105143,0.9567260146141052,0.35729715824127195,0.3962223688761393,0.9903332591056824,0.6403456687927246,0.44585418701171875,0.9298503994941711,0.3074350833892822,0.4594105084737142,0.9766247868537903,0.5134236335754394,0.4977121671040853,0.9983488321304321,0.4230504035949707,0.4927456219991048,0.9990384578704834,0.541844654083252,0.6013553619384766,0.9965590834617615,0.4004997730255127,0.5838241577148438,0.9982606768608093,0.5459063053131104,0.7450711568196614,0.9861046671867371,0.4073348522186279,0.7353846232096354,0.9916456341743469
squat,0.47407960891723633,0.16711514790852863,0.991007387638092,0.49158926010131837,0.149893315633138,0.971238911151886,0.45990824699401855,0.1476361592610677,0.981773316860199,0.5144110679626465,0.15832684834798177,0.7707977294921875,0.43658270835876467,0.15357125600179036,0.8578299283981323,0.54505615234375,0.24242110252380372,0.9894959330558777,0.40045971870422364,0.24069663683573406,0.9969430565834045,0.5963856697082519,0.3345807075500488,0.9248300194740295,0.33738183975219727,0.32371075948079425,0.9822630286216736,0.6008915424346923,0.4270205815633138,0.888919472694397,0.2920795202255249,0.38493417104085287,0.9617113471031189,0.5167731285095215,0.4472257932027181,0.9976523518562317,0.4214695930480957,0.4443729082743327,0.998653769493103,0.5436823844909668,0.5859260559082031,0.9964063763618469,0.4003898620605469,0.5796714782714844,0.9981619715690613,0.5436687469482422,0.7406832377115885,0.9862667322158813,0.4031503200531006,0.7444014231363932,0.9916126728057861
squat,0.46845378875732424,0.09189430872599284,0.972074031829834,0.4847422122955322,0.07650464375813802,0.9425346255302429,0.45683751106262205,0.07386646270751954,0.9279728531837463,0.5082298755645752,0.08557783762613932,0.7085734009742737,0.437923526763916,0.07895304361979166,0.5527244210243225,0.5359959125518798,0.1713586489359538,0.9833832383155823,0.4045759677886963,0.1690040906270345,0.978246808052063,0.5761417388916016,0.2914630889892578,0.93348228931427,0.35406854152679446,0.2704840342203776,0.9153236150741577,0.5859845161437989,0.3995333671569824,0.8759310841560364,0.33670454025268554,0.32535006205240885,0.8617534637451172,0.514214563369751,0.3965967496236165,0.9975366592407227,0.4249258518218994,0.3973305384318034,0.9972979426383972,0.5428351402282715,0.5800405502319336,0.9971981048583984,0.40224289894104004,0.5824161529541015,0.997133731842041,0.5465139389038086,0.7418745040893555,0.9885776042938232,0.39774422645568847,0.7502295176188151,0.9887914657592773
squat,0.47804970741271974,0.015993722279866538,0.7001951336860657,0.4895323276519775,0.0016857147216796874,0.4091729521751404,0.4683277130126953,0.0,0.4945235550403595,0.5035923957824707,0.013186899820963542,0.18873757123947144,0.44674091339111327,0.0056820869445800785,0.2568613886833191,0.5385066986083984,0.10711596806844076,0.9136924147605896,0.3956878185272217,0.09787747065226236,0.9316163659095764,0.5846816062927246,0.24228795369466147,0.863138735294342,0.3316842794418335,0.19780762990315756,0.9016329646110535,0.5973604679107666,0.33853893280029296,0.7873512506484985,0.2963754653930664,0.23680275281270344,0.8459238409996033,0.5158049106597901,0.3734029134114583,0.9968644976615906,0.4204263687133789,0.37210489908854166,0.9972937703132629,0.5389467716217041,0.5837672551472982,0.9960980415344238,0.3997220993041992,0.5830580393473307,0.9967589974403381,0.5448148250579834,0.7507187525431315,0.9810973405838013,0.3979015827178955,0.7550843556722006,0.9836583733558655
squat,0.46461057662963867,0.0,0.21499313414096832,0.4729631423950195,0.0,0.07342378795146942,0.4560715675354004,0.0,0.08399683237075806,0.4891520500183105,0.0,0.07393588125705719,0.44371685981750486,0.0,0.0702238380908966,0.5385299682617187,0.06231339772542318,0.7585210800170898,0.39800050258636477,0.07077086766560872,0.8765812516212463,0.6015316486358643,0.1321729342142741,0.8293561935424805,0.3372340679168701,0.12592865626017252,0.9240949749946594,0.635707950592041,0.18824947675069173,0.7871533036231995,0.2749281167984009,0.1269385019938151,0.8812124133110046,0.5101601123809815,0.3508302688598633,0.9974732995033264,0.41633024215698244,0.35268230438232423,0.9982035160064697,0.5309147357940673,0.5685055414835612,0.996762752532959,0.3988765239715576,0.5651419321695964,0.9980067610740662,0.5459417819976806,0.7504281361897787,0.9835224151611328,0.39780590534210203,0.7494486490885417,0.9885431528091431
squat,0.45984959602355957,0.0,0.009297987446188927,0.4629221439361572,0.0,0.002016978105530143,0.45354485511779785,0.0,0.0022897731978446245,0.4754836082458496,0.0,0.008063055574893951,0.44367032051086425,0.0,0.006710120942443609,0.5387578010559082,0.03037853240966797,0.5126965045928955,0.3960773229598999,0.03685925801595052,0.5410005450248718,0.6264878273010254,0.07241703669230143,0.88161700963974,0.34141030311584475,0.08180481592814128,0.8976681232452393,0.6509229183197022,0.06352415084838867,0.8603790402412415,0.2745389461517334,0.09142096837361653,0.8810979127883911,0.5115919589996338,0.3262877146402995,0.9988705515861511,0.4176158428192139,0.32534236907958985,0.9989426732063293,0.52243971824646,0.5581735610961914,0.9978981018066406,0.4012471675872803,0.5544315973917643,0.9982742071151733,0.5376556396484375,0.7519775390625,0.9837122559547424,0.39752044677734377,0.7547227223714192,0.9858236312866211
squat,0.4492824554443359,0.0,0.0059386142529547215,0.4525193691253662,0.0,0.0018972631078213453,0.44243149757385253,0.0,0.0009627710096538067,0.4711902141571045,0.0,0.011928041465580463,0.4374260902404785,0.0,0.0023217438720166683,0.538350248336792,0.019647598266601562,0.570500910282135,0.3954100847244263,0.019718170166015625,0.3751471936702728,0.612852144241333,0.07394644419352213,0.9289094805717468,0.33190741539001467,0.05488144556681315,0.8241487741470337,0.616619873046875,0.03904247283935547,0.9085047841072083,0.28287816047668457,0.06394055684407553,0.8251818418502808,0.5120912551879883,0.3140616734822591,0.9992221593856812,0.4175394058227539,0.3116235097249349,0.9988759160041809,0.5208371639251709,0.5585938135782877,0.9990905523300171,0.4074550628662109,0.5573683420817057,0.9988526105880737,0.5384617805480957,0.7383579889933268,0.9928481578826904,0.40343871116638186,0.7448520660400391,0.9919243454933167
squat,0.44787936210632323,0.0,0.009758016094565392,0.4524197578430176,0.0,0.002934163436293602,0.44129080772399903,0.0,0.002032950986176729,0.47244982719421386,0.0,0.011341593228280544,0.4360854148864746,0.0,0.004232068080455065,0.5353831291198731,0.009863853454589844,0.42001545429229736,0.39245574474334716,0.017056051890055338,0.44157007336616516,0.6076670169830323,0.05165926615397135,0.8448488116264343,0.3334815263748169,0.051294708251953126,0.8477928638458252,0.6329330444335938,0.03966531753540039,0.8373070359230042,0.28438854217529297,0.04478858311971028,0.8409716486930847,0.5100234031677247,0.30913848876953126,0.9981499910354614,0.4149956226348877,0.31034520467122395,0.9981812238693237,0.521901273727417,0.5545343399047852,0.9983025789260864,0.4070088863372803,0.5562397638956705,0.9986097812652588,0.5363157272338868,0.741876220703125,0.98996502161026,0.40705204010009766,0.7513655344645183,0.9916141033172607
squat,0.4494581699371338,0.0,0.016469063237309456,0.4552740573883057,0.0,0.0045248218812048435,0.44318528175354005,0.0,0.004337515216320753,0.4736621856689453,0.0,0.013667624443769455,0.436827278137207,0.0,0.008724839426577091,0.5335221290588379,0.018606535593668618,0.4236658811569214,0.39012081623077394,0.029370657602945962,0.5783318281173706,0.6016069412231445,0.05782047907511393,0.7982975244522095,0.33394386768341067,0.06502625147501627,0.8889278173446655,0.6345767021179199,0.07208840052286784,0.7887389659881592,0.2815115928649902,0.05679098765055338,0.8639553189277649,0.5090438842773437,0.3243155797322591,0.9977428913116455,0.4137378215789795,0.3272765795389811,0.9982724189758301,0.5266521453857422,0.5587188720703125,0.9976679682731628,0.40299692153930666,0.5593985875447591,0.9985112547874451,0.5344448089599609,0.740182622273763,0.987437903881073,0.4015520095825195,0.748150380452474,0.9910661578178406
squat,0.452219295501709,0.0,0.03855595737695694,0.4600275993347168,0.0,0.013254459947347641,0.44524474143981935,0.0,0.010089367628097534,0.47916083335876464,0.0,0.030898917466402054,0.43557000160217285,0.0,0.014661284163594246,0.5331135749816894,0.05254093805948893,0.5555561780929565,0.3881673336029053,0.05174951553344727,0.673816978931427,0.5828674793243408,0.1668008804321289,0.8110520839691162,0.3320086240768433,0.10749715169270833,0.8761382699012756,0.6124916076660156,0.2831843376159668,0.7899529933929443,0.2767998218536377,0.10245958964029948,0.8411914706230164,0.5098662376403809,0.34304173787434894,0.9974983334541321,0.4124629974365234,0.34296693801879885,0.9979262351989746,0.5286367416381836,0.5599952697753906,0.9973973035812378,0.3935332536697388,0.5535401662190755,0.9981107711791992,0.5425820827484131,0.7503410339355469,0.9874650239944458,0.39810404777526853,0.7420384724934895,0.9905499815940857
squat,0.46106905937194825,0.013815720876057943,0.6603525876998901,0.4729307651519775,0.0,0.3986416757106781,0.4502279758453369,0.0,0.4785875678062439,0.48906497955322265,0.009294414520263672,0.1662488579750061,0.4288888454437256,0.0028012275695800783,0.224871426820755,0.5226053237915039,0.0899245262145996,0.8601844906806946,0.38463046550750735,0.09729681015014649,0.876477837562561,0.5659493446350098,0.18125203450520833,0.7936817407608032,0.3431013345718384,0.21774390538533528,0.840949296951294,0.5834988117218017,0.213782533009847,0.6983615159988403,0.33881230354309083,0.2684420267740885,0.7774747610092163,0.5154803276062012,0.3710070927937826,0.9945857524871826,0.4203029632568359,0.3760178565979004,0.9952355027198792,0.5468104362487793,0.5620435078938802,0.9948527216911316,0.3938018798828125,0.567019271850586,0.995766282081604,0.5517227172851562,0.7380079905192057,0.9819320440292358,0.38745546340942383,0.7502751032511393,0.9844679236412048
squat,0.45296201705932615,0.0679295539855957,0.9713402390480042,0.4693502426147461,0.05251757303873698,0.9154348373413086,0.44059414863586427,0.05112590789794922,0.9354448318481445,0.4928860664367676,0.07233435312906901,0.6611748337745667,0.4234865665435791,0.06929486592610677,0.6905022263526917,0.5324504852294922,0.17481536865234376,0.980006217956543,0.3865557432174683,0.17669350306193035,0.9935131669044495,0.5889742374420166,0.25606656074523926,0.9068004488945007,0.3270425796508789,0.25876359939575194,0.9753534197807312,0.6150270462036133,0.3021863301595052,0.8483138084411621,0.27785344123840333,0.2855019251505534,0.942722499370575,0.512362289428711,0.4308515866597494,0.9979065656661987,0.41487345695495603,0.42931108474731444,0.9987792372703552,0.537759256362915,0.5850436528523763,0.9970189332962036,0.38464763164520266,0.5761770248413086,0.9984709620475769,0.5484923362731934,0.742016347249349,0.9878455996513367,0.3899801731109619,0.7417150497436523,0.9925727844238281
squat,0.45906796455383303,0.16111456553141276,0.9887756109237671,0.4783684253692627,0.1457048734029134,0.9755166172981262,0.4461508750915527,0.14199581146240234,0.9684768915176392,0.5046980857849122,0.1646837552388509,0.8434159159660339,0.42746696472167967,0.1554423967997233,0.7445939779281616,0.5332918643951416,0.2576302528381348,0.9921700358390808,0.39117767810821535,0.2530957221984863,0.9937684535980225,0.5801735401153565,0.3250697135925293,0.9519051313400269,0.3254847049713135,0.3321871121724447,0.9569137096405029,0.6221593856811524,0.3677183151245117,0.9011158347129822,0.28133325576782225,0.38089942932128906,0.9117853045463562,0.5150093078613281,0.4813009897867839,0.998021125793457,0.4194676876068115,0.4778148651123047,0.9981111288070679,0.5402675628662109,0.5979925155639648,0.9968727231025696,0.3795475959777832,0.5827744801839193,0.9973016977310181,0.5621332645416259,0.7466592152913412,0.9887973666191101,0.39159746170043946,0.7361824035644531,0.9904140830039978
squat,0.46048679351806643,0.26220258076985675,0.9926912188529968,0.4792289733886719,0.24658597310384114,0.9734921455383301,0.4486371040344238,0.24194825490315755,0.9800230264663696,0.503901195526123,0.2545109430948893,0.8122559785842896,0.42907514572143557,0.24287357330322265,0.840822160243988,0.5379015445709229,0.3281453450520833,0.9939957857131958,0.39580450057983396,0.325571346282959,0.9982019662857056,0.6006736755371094,0.38262726465861,0.9643732905387878,0.3382829189300537,0.39646581013997395,0.9912824630737305,0.6312933921813965,0.4479579289754232,0.9454259276390076,0.28533229827880857,0.47502479553222654,0.9803623557090759,0.5254199981689454,0.5351079305013021,0.9980415105819702,0.43106603622436523,0.5300693829854329,0.9988821148872375,0.5408124923706055,0.5931915918986003,0.9961994290351868,0.3828200578689575,0.5768383026123047,0.9980303645133972,0.5497646331787109,0.7429740269978841,0.986055850982666,0.39787285327911376,0.7363271713256836,0.991534948348999
squat,0.46502838134765623,0.2944790522257487,0.9938808679580688,0.48279342651367185,0.2786818822224935,0.9742590188980103,0.45115113258361816,0.27498175303141276,0.9845800399780273,0.5062947273254395,0.28805872599283855,0.8279170393943787,0.42865695953369143,0.2790997505187988,0.893618643283844,0.540398359298706,0.36283257802327473,0.9969507455825806,0.39337658882141113,0.3640058199564616,0.9990453124046326,0.6032003402709961,0.4315189361572266,0.9781529903411865,0.3303797245025635,0.44651069641113283,0.9951761960983276,0.634718656539917,0.5107595761617024,0.9599186182022095,0.29023966789245603,0.5245796203613281,0.987133800983429,0.5245775699615478,0.5631713231404623,0.9991000890731812,0.4287254333496094,0.5619237263997395,0.9994907379150391,0.5490155696868897,0.583865737915039,0.997821569442749,0.3863129854202271,0.5729210535685222,0.9988765120506287,0.5404349327087402,0.7394655863444011,0.9915733933448792,0.39267873764038086,0.7341814676920573,0.9947959780693054
squat,0.4663984298706055,0.2916184107462565,0.9936944842338562,0.48345398902893066,0.27464895248413085,0.972483217716217,0.45157394409179685,0.27344589233398436,0.9845719337463379,0.5061994075775147,0.284524408976237,0.7877981066703796,0.4281779289245605,0.2813063621520996,0.8930794596672058,0.5407016754150391,0.3607947031656901,0.9952971339225769,0.39300100803375243,0.3630316734313965,0.9988541603088379,0.6039390563964844,0.42526540756225584,0.9697890281677246,0.33186657428741456,0.4353370030721029,0.9944730401039124,0.6340519905090332,0.5059648195902506,0.9546086192131042,0.2880315542221069,0.508138910929362,0.9870633482933044,0.5202071666717529,0.5504302342732748,0.9984220266342163,0.42233595848083494,0.5489589691162109,0.9991727471351624,0.5440096378326416,0.5920886357625326,0.996435284614563,0.38217012882232665,0.582159678141276,0.9983168840408325,0.5515344619750977,0.7385329564412435,0.9864024519920349,0.39382622241973875,0.7337525685628256,0.9921535849571228
squat,0.4647079944610596,0.22245022455851238,0.9871531128883362,0.48250765800476075,0.20993673006693522,0.961804211139679,0.45264496803283694,0.20470348993937174,0.9700642228126526,0.5038148403167725,0.2298325220743815,0.7793518304824829,0.4316197395324707,0.21696252822875978,0.8198518753051758,0.5354877471923828,0.31722180048624676,0.9922939538955688,0.39104018211364744,0.3099694569905599,0.996346652507782,0.5977954387664794,0.3767930348714193,0.9477498531341553,0.33234944343566897,0.38128217061360675,0.9775068759918213,0.6273541927337647,0.42726017634073893,0.9069747924804688,0.2891724109649658,0.44878244400024414,0.9502500891685486,0.5129043579101562,0.524223804473877,0.9982485771179199,0.41830716133117674,0.5188777287801106,0.9987188577651978,0.5360508918762207,0.5979363123575846,0.9972792267799377,0.38305552005767823,0.5829796473185221,0.9982481002807617,0.5430153846740723,0.7432848612467448,0.99173903465271,0.40003352165222167,0.738885243733724,0.9941588640213013
squat,0.4584766387939453,0.14383681615193686,0.9862368106842041,0.47751388549804685,0.13085867563883463,0.9672624468803406,0.44609909057617186,0.12540092468261718,0.9684163928031921,0.5025560855865479,0.15176029205322267,0.7878395318984985,0.426625919342041,0.13781700134277344,0.7356250882148743,0.5281693935394287,0.23738800684611003,0.9901185631752014,0.3930211067199707,0.2337423324584961,0.9897704124450684,0.5822672843933105,0.30563389460245766,0.9402005076408386,0.34244232177734374,0.33257052103678386,0.9474799036979675,0.61129150390625,0.3225287119547526,0.8739057183265686,0.33677775859832765,0.39136358896891277,0.8963719606399536,0.5128623962402343,0.4524427096048991,0.9978888630867004,0.4206997871398926,0.4519462585449219,0.998005211353302,0.5439058303833008,0.5938771565755209,0.9972770810127258,0.389844274520874,0.5909929275512695,0.9976771473884583,0.5448607921600341,0.7481342315673828,0.9898505210876465,0.3883584260940552,0.756695048014323,0.9911080598831177
squat,0.45594396591186526,0.05294475555419922,0.880836009979248,0.4713902950286865,0.03603432973225911,0.7465373873710632,0.4434643268585205,0.036567974090576175,0.7232285737991333,0.49546375274658205,0.05228484471638997,0.496567964553833,0.42611355781555177,0.053988170623779294,0.3724607527256012,0.5367465019226074,0.15169649124145507,0.958092987537384,0.3878055810928345,0.15634953180948893,0.9776483178138733,0.584428071975708,0.2628233273824056,0.8969735503196716,0.3308504581451416,0.23224811553955077,0.9477624893188477,0.6019832611083984,0.36191787719726565,0.843143880367279,0.2822298049926758,0.2352185090382894,0.9017634987831116,0.5110842227935791,0.41042585372924806,0.9977594614028931,0.4115884304046631,0.41242764790852865,0.9982975125312805,0.5364875793457031,0.5846623738606771,0.9972361922264099,0.38892374038696287,0.587578010559082,0.9981613755226135,0.5400886535644531,0.7416273752848307,0.9884627461433411,0.3911555528640747,0.7523724873860677,0.9916371703147888
squat,0.4485346794128418,0.01456906000773112,0.4672447741031647,0.46157131195068357,0.0,0.24228309094905853,0.43961267471313475,0.0,0.21912117302417755,0.48265562057495115,0.006486701965332031,0.1545409858226776,0.42394146919250486,0.0008084615071614583,0.09434320777654648,0.522227144241333,0.09077507654825846,0.8623136878013611,0.38469419479370115,0.08977839152018229,0.8471990823745728,0.568567943572998,0.231148624420166,0.8661717176437378,0.34392261505126953,0.20125786463419595,0.8638989329338074,0.5917380332946778,0.34860108693440756,0.8094856142997742,0.3205444812774658,0.23983279863993326,0.8191897869110107,0.5113279342651367,0.3611986478169759,0.9964889287948608,0.4165900707244873,0.36416937510172526,0.9964966177940369,0.537895679473877,0.5620389302571615,0.9959065914154053,0.3915205478668213,0.5704882303873698,0.9962013363838196,0.5416784286499023,0.7403714497884114,0.9797675609588623,0.38667984008789064,0.7588575998942058,0.9812389612197876
squat,0.4537325859069824,0.0,0.007060350850224495,0.4611676216125488,0.0,0.001960255205631256,0.4473099708557129,0.0,0.002166098915040493,0.48075666427612307,0.0,0.007462394889444113,0.43822083473205564,0.0,0.005977249704301357,0.5313742637634278,0.03157491683959961,0.21575362980365753,0.3889811038970947,0.040172545115152995,0.4343082308769226,0.5762380123138428,0.08254880905151367,0.6450671553611755,0.3374242544174194,0.07956921259562175,0.8506166338920593,0.6103506088256836,0.14356635411580404,0.6600866317749023,0.28357529640197754,0.08692388534545899,0.8186748027801514,0.5081083297729492,0.3316347122192383,0.9961740374565125,0.4113194465637207,0.3343359629313151,0.9975382089614868,0.5273638725280761,0.5635631561279297,0.9964491128921509,0.3934193134307861,0.5588480631510416,0.9980108141899109,0.5358613967895508,0.7498893737792969,0.9841554164886475,0.3941614627838135,0.749588139851888,0.9896657466888428
squat,0.44834628105163576,0.0,0.0006673068273812532,0.45000481605529785,0.0,0.00016045781376305968,0.4453528881072998,0.0,0.00014660369197372347,0.4689911365509033,0.0,0.0016309735365211964,0.4438024044036865,0.0,0.0009638016927056015,0.5329625129699707,0.0050275166829427086,0.10676942765712738,0.39464190006256106,0.00927263895670573,0.18281927704811096,0.592740249633789,0.04757067362467448,0.7176194190979004,0.34753406047821045,0.039705149332682294,0.8407991528511047,0.612393569946289,0.07025381724039713,0.7734586000442505,0.30298829078674316,0.048892815907796226,0.8535142540931702,0.5057560920715332,0.303117561340332,0.9977845549583435,0.4105539798736572,0.30214068094889324,0.9983345866203308,0.5201287269592285,0.5544603347778321,0.9971812963485718,0.39937686920166016,0.5489812215169271,0.9982168078422546,0.5316969871520996,0.7620489756266277,0.9822867512702942,0.3950428247451782,0.7610756556193033,0.9874694347381592
squat,0.44506125450134276,0.0,0.0008305739611387253,0.44649810791015626,0.0,0.00020430693984963,0.44063382148742675,0.0,0.00015794223872944713,0.46373348236083983,0.0,0.00219554640352726,0.4368619441986084,0.0,0.0009771669283509254,0.5294101715087891,0.004947980244954427,0.17979276180267334,0.3864508390426636,0.011553700764973958,0.22202765941619873,0.5848729610443115,0.04940668741861979,0.8260565996170044,0.3335352897644043,0.03883810043334961,0.8561834692955017,0.5888984680175782,0.04504998524983724,0.8524262309074402,0.29598135948181153,0.01750981012980143,0.8725427985191345,0.5057374477386475,0.30597311655680337,0.9986823201179504,0.4083992958068848,0.30706043243408204,0.9988073110580444,0.5184474945068359,0.5515541076660156,0.9983032941818237,0.4005391597747803,0.5503435770670573,0.998683750629425,0.5278349876403808,0.7549055099487305,0.9880861043930054,0.39965190887451174,0.7572563807169597,0.9903545379638672
squat,0.44605388641357424,0.0,0.004364687949419022,0.4477048873901367,0.0,0.0011912515619769692,0.43643717765808104,0.0,0.0011635132832452655,0.46106810569763185,0.0,0.00478721596300602,0.4229841709136963,0.0,0.0032844548113644123,0.5307900428771972,0.0030188878377278646,0.2896319031715393,0.37548675537109377,0.01584946314493815,0.259045273065567,0.6008318901062012,0.04324639638264974,0.7794856429100037,0.30893559455871583,0.03296232223510742,0.7449179887771606,0.5972754478454589,0.0411099116007487,0.7527417540550232,0.2645893573760986,0.019385306040445964,0.739851713180542,0.513707160949707,0.3061979611714681,0.9979246854782104,0.41030492782592776,0.3108903249104818,0.9977920055389404,0.5203478813171387,0.55653870900472,0.9982321858406067,0.3979236364364624,0.5626003265380859,0.9982724189758301,0.5354314804077148,0.7453994750976562,0.9903122186660767,0.3978908061981201,0.7498110453287761,0.990670919418335
squat,0.44916019439697263,0.0,0.03240787982940674,0.45692906379699705,0.0,0.010167723521590233,0.44318580627441406,0.0,0.011759520508348942,0.477937650680542,0.0,0.016694853082299232,0.4378251075744629,0.0,0.015733852982521057,0.5304518699645996,0.021602725982666014,0.22036828100681305,0.38833348751068114,0.03245264689127604,0.5382066965103149,0.5608511924743652,0.07720254262288412,0.4885990619659424,0.324957013130188,0.07678314844767252,0.8260838985443115,0.5722146034240723,0.10305678049723307,0.5205326676368713,0.27888965606689453,0.05362059275309245,0.7793858647346497,0.5075117111206054,0.3300710042317708,0.9855829477310181,0.40990514755249025,0.33280296325683595,0.9922193288803101,0.5214493751525879,0.5683218638102213,0.9870609045028687,0.3932314395904541,0.5623073577880859,0.9938849806785583,0.5344884395599365,0.750486183166504,0.9512783288955688,0.3982854843139648,0.7456398646036784,0.9719213247299194
squat,0.45606632232666017,0.0,0.48668545484542847,0.4671347141265869,0.0,0.21753735840320587,0.4448407649993896,0.0,0.31242993474006653,0.48453221321105955,0.0,0.09535863995552063,0.4249159812927246,0.0,0.16007845103740692,0.5219651699066162,0.06515509287516276,0.7720220685005188,0.3870964288711548,0.07547334035237631,0.8406273126602173,0.5627593517303466,0.19229135513305665,0.7384083867073059,0.3686645269393921,0.215137513478597,0.8578395843505859,0.5823222160339355,0.2928101857503255,0.6774726510047913,0.3749086856842041,0.2879541079203288,0.8059172630310059,0.5111771106719971,0.3533140182495117,0.9937973022460938,0.4167470455169678,0.3590028127034505,0.995307981967926,0.5422004222869873,0.5553970336914062,0.9941018223762512,0.394084095954895,0.5604511260986328,0.9958912134170532,0.5454643726348877,0.7418900807698567,0.9783754944801331,0.38460116386413573,0.7514795939127604,0.9831892251968384
squat,0.4509891510009766,0.052407360076904295,0.8744345307350159,0.4666590213775635,0.03795906702677409,0.8009688854217529,0.4393191337585449,0.03571647008260091,0.7439528107643127,0.4890603065490723,0.05477628707885742,0.5193851590156555,0.42084264755249023,0.048604583740234374,0.3132307529449463,0.5290691375732421,0.14530674616495767,0.9425589442253113,0.38401973247528076,0.14469916025797527,0.9123812913894653,0.5774855613708496,0.24980808893839518,0.8292373418807983,0.3344057321548462,0.209494145711263,0.7699670195579529,0.5937451839447021,0.3484824498494466,0.6860690116882324,0.31025145053863523,0.20458329518636068,0.6481639742851257,0.5167394638061523,0.4081372896830241,0.9955702424049377,0.41841731071472166,0.41046781539916993,0.9948717951774597,0.5451083183288574,0.5871592203776042,0.9957230091094971,0.38748459815979003,0.5899375279744467,0.9954838752746582,0.5446825504302979,0.7454845428466796,0.9866260886192322,0.38669209480285643,0.7516323089599609,0.9867280125617981
squat,0.45497961044311525,0.1216588020324707,0.9895402789115906,0.47278337478637694,0.1071163813273112,0.9674109220504761,0.4425438404083252,0.10417359670003255,0.9755821824073792,0.49652552604675293,0.12418642044067382,0.8001958727836609,0.42366538047790525,0.11746101379394532,0.8152573704719543,0.5363369941711426,0.21690322558085123,0.9908125996589661,0.3898263692855835,0.21650784810384113,0.9968264102935791,0.6053133964538574,0.28534297943115233,0.9392768144607544,0.3377080917358398,0.2880794207255046,0.9835488200187683,0.6227306365966797,0.34191824595133463,0.8966777920722961,0.2833107948303223,0.3400530497233073,0.9597051739692688,0.515041732788086,0.45684041976928713,0.9981638789176941,0.4174381732940674,0.45235958099365237,0.9989038705825806,0.5395286083221436,0.5960563659667969,0.9962480664253235,0.38181755542755125,0.5844332377115885,0.998042106628418,0.5492413997650146,0.7450951894124349,0.9828529953956604,0.3890676736831665,0.745742670694987,0.9893860816955566
squat,0.45473384857177734,0.21145626703898113,0.9927546381950378,0.4734974384307861,0.19308516184488933,0.9742509126663208,0.4404660701751709,0.19059521357218426,0.9788132905960083,0.5000458717346191,0.19806429545084636,0.8279258012771606,0.4206230640411377,0.19238433837890626,0.8275697827339172,0.5348586559295654,0.2751807530721029,0.995400607585907,0.3936617374420166,0.27381598154703773,0.9982499480247498,0.5889438152313232,0.3366322199503581,0.9738476872444153,0.3437370777130127,0.34704437255859377,0.9917895793914795,0.6160308837890625,0.3796575864156087,0.9546931385993958,0.2913955211639404,0.41190306345621747,0.980374276638031,0.5208351135253906,0.4964668909708659,0.9988495111465454,0.4256159782409668,0.49103679656982424,0.9992713332176208,0.5393064498901368,0.6056046803792318,0.9965866804122925,0.38127167224884034,0.5854212443033854,0.9980403780937195,0.555519437789917,0.7468953450520833,0.981964647769928,0.38865511417388915,0.7328881581624349,0.9882440567016602
squat,0.4557380199432373,0.26350199381510414,0.9927777647972107,0.4740152835845947,0.247782834370931,0.9724626541137695,0.44344162940979004,0.24391781489054362,0.9784318804740906,0.4999527454376221,0.25648746490478513,0.8235535621643066,0.42478008270263673,0.2479050318400065,0.8337795734405518,0.5367915153503418,0.3292524337768555,0.9953540563583374,0.3960226535797119,0.33120206197102864,0.9986257553100586,0.5970820903778076,0.39075412750244143,0.97313392162323,0.3426517009735107,0.4112419128417969,0.9938229322433472,0.6261998176574707,0.4624099413553874,0.9575045108795166,0.2828059196472168,0.48869024912516273,0.9851868748664856,0.5243210792541504,0.5321045875549316,0.9986518025398254,0.4301599025726318,0.5271626790364583,0.99924635887146,0.5423099517822265,0.5976858139038086,0.9970353841781616,0.38350653648376465,0.5768489201863607,0.9984979629516602,0.5468873977661133,0.7455295562744141,0.9876947402954102,0.3921684265136719,0.7305651982625325,0.992712140083313
squat,0.4585615634918213,0.3062185287475586,0.9938596487045288,0.4764559745788574,0.28958021799723305,0.9743544459342957,0.4443037986755371,0.2865559260050456,0.9833247661590576,0.5016282558441162,0.29735965728759767,0.843046247959137,0.42281808853149416,0.2904815673828125,0.8807684779167175,0.5372296333312988,0.36742229461669923,0.9972617626190186,0.3946686744689941,0.37065372467041013,0.999165415763855,0.5982946872711181,0.43702828089396156,0.9817746877670288,0.3332846641540527,0.4558382987976074,0.9961757659912109,0.624383020401001,0.5120129267374675,0.9662767648696899,0.2851482629776001,0.5449015299479166,0.9891864657402039,0.5276996612548828,0.5521264394124349,0.9992524981498718,0.4337137699127197,0.5505276997884114,0.9995893836021423,0.5472989559173584,0.5865296681722005,0.9979683756828308,0.3835787296295166,0.5738425572713216,0.998960018157959,0.5432577133178711,0.7402097066243489,0.991051971912384,0.3865350723266602,0.7327599207560221,0.9945464134216309
squat,0.45846128463745117,0.3215189933776855,0.9935264587402344,0.475876522064209,0.3058375040690104,0.9768244624137878,0.4448380470275879,0.30206975936889646,0.9793475270271301,0.5005059242248535,0.31452465057373047,0.8687388300895691,0.4239327430725098,0.30671014785766604,0.8542657494544983,0.5364037036895752,0.38260278701782224,0.9980190992355347,0.3919788599014282,0.39102064768473305,0.9989621639251709,0.5966011047363281,0.4524660110473633,0.9875673055648804,0.3292683601379395,0.48417870203653973,0.9946165680885315,0.6301828861236572,0.5442864100138346,0.9725110530853271,0.2837051868438721,0.5637596130371094,0.9851725101470947,0.5238632678985595,0.5624255498250326,0.9993463158607483,0.42917909622192385,0.5630498250325521,0.9995192289352417,0.5490109920501709,0.5966859817504883,0.9979947805404663,0.38164796829223635,0.5842582702636718,0.998636782169342,0.5370766162872315,0.7468295415242513,0.9904990792274475,0.37914218902587893,0.7348609924316406,0.993008017539978
squat,0.4584554672241211,0.30823246637980145,0.9938236474990845,0.4770155429840088,0.29189357757568357,0.9738355875015259,0.4439380645751953,0.2898722648620605,0.9833225607872009,0.5015407562255859,0.304857063293457,0.807728111743927,0.42160782814025877,0.29935169219970703,0.8770979642868042,0.5325469970703125,0.37457249959309896,0.9955874681472778,0.39272394180297854,0.37895596822102867,0.9989078044891357,0.5908091545104981,0.42892847061157224,0.9744098782539368,0.3340569257736206,0.4500575065612793,0.9951112866401672,0.6229120254516601,0.49485429128011066,0.9619033336639404,0.28557643890380857,0.5207667032877604,0.9885945320129395,0.5246571063995361,0.5524653752644857,0.9986265897750854,0.43027801513671876,0.552426274617513,0.9992801547050476,0.5424933433532715,0.5837348302205404,0.9970746040344238,0.37865653038024905,0.5775896072387695,0.9985823631286621,0.5554088592529297,0.7363072077433268,0.9887584447860718,0.39236974716186523,0.7390487035115559,0.9934318661689758
squat,0.45701098442077637,0.25722967783610023,0.9927144646644592,0.47591309547424315,0.24303690592447916,0.968752384185791,0.4439687728881836,0.23838310241699218,0.9820796251296997,0.5005147933959961,0.26068283716837565,0.7861717343330383,0.4235948085784912,0.24984060923258464,0.863442063331604,0.5360268115997314,0.34045193990071615,0.99309241771698,0.3964653253555298,0.3353570938110352,0.998616099357605,0.6009997367858887,0.39706236521402993,0.9571961760520935,0.34764599800109863,0.40101763407389324,0.9943116903305054,0.6205559730529785,0.43429126739501955,0.9413118362426758,0.2879774570465088,0.45247055689493815,0.9864308834075928,0.5243499279022217,0.5388704935709635,0.997962236404419,0.4300559043884277,0.5312206268310546,0.999077320098877,0.5441209316253662,0.5845313390096029,0.9962804913520813,0.38329181671142576,0.5642872492472331,0.9984857439994812,0.5467839717864991,0.7420770645141601,0.986584484577179,0.3927624225616455,0.7341357549031575,0.9930835962295532
squat,0.4600841522216797,0.19487727483113607,0.990405261516571,0.4783036231994629,0.17714991569519042,0.9723420739173889,0.4455400466918945,0.17546531359354656,0.9778713583946228,0.5022365570068359,0.18892561594645182,0.7990148663520813,0.4237689018249512,0.18409136136372883,0.8173050880432129,0.535266923904419,0.2743791262308756,0.9913607239723206,0.393328857421875,0.26875569025675455,0.9958867430686951,0.5889668941497803,0.33671671549479165,0.9411296844482422,0.3390478610992432,0.33681392669677734,0.9749711751937866,0.6090139389038086,0.33870569864908856,0.8973549008369446,0.289044189453125,0.3786457061767578,0.9439342617988586,0.5195489883422851,0.49368031819661456,0.9977611303329468,0.42359533309936526,0.4874935468037923,0.9984051585197449,0.5324074268341065,0.5946502685546875,0.9952085614204407,0.3718621253967285,0.5746449152628581,0.996828019618988,0.5658923149108886,0.7507982889811198,0.9826372265815735,0.39371840953826903,0.7365412394205729,0.9874805808067322
squat,0.45490212440490724,0.10573244094848633,0.9897817373275757,0.4730655670166016,0.09278615315755208,0.9587754011154175,0.44261937141418456,0.08905172348022461,0.9780756831169128,0.49648332595825195,0.11573359171549479,0.7454432845115662,0.4243142127990723,0.10689744949340821,0.848889172077179,0.5292120933532715,0.2103373368581136,0.98977130651474,0.3939727544784546,0.2049720287322998,0.9981130361557007,0.5849850177764893,0.2843714396158854,0.9376804232597351,0.3470286846160889,0.270301087697347,0.9924567937850952,0.6119268894195556,0.33194675445556643,0.8991332054138184,0.28285775184631345,0.29547319412231443,0.9779893755912781,0.5099982738494873,0.4468002955118815,0.9985679388046265,0.4172549247741699,0.440853214263916,0.9993711113929749,0.5380952835083008,0.5893375396728515,0.9969701766967773,0.3804168224334717,0.5733132680257161,0.9988229870796204,0.5507521629333496,0.7390536626180013,0.9852188229560852,0.3836230993270874,0.735079828898112,0.9925165772438049
squat,0.45355777740478515,0.0520392100016276,0.9480395913124084,0.47005538940429686,0.03565972646077474,0.8517507910728455,0.44037413597106934,0.034609413146972655,0.885866641998291,0.49382529258728025,0.05111834208170573,0.5440242886543274,0.42073607444763184,0.048264503479003906,0.5874295830726624,0.5331650257110596,0.14536515871683756,0.9662749767303467,0.3871423006057739,0.14155742327372234,0.9903573393821716,0.5882878780364991,0.2376862366994222,0.8867267370223999,0.3323215484619141,0.19271562894185384,0.9748128652572632,0.6127361297607422,0.3497472763061523,0.8404081463813782,0.27211604118347166,0.22159894307454428,0.9452704787254333,0.5160789012908935,0.3973370552062988,0.9980525970458984,0.4181924343109131,0.3949528376261393,0.9989423155784607,0.5366327285766601,0.5758758544921875,0.996551513671875,0.3829520225524902,0.5715637842814127,0.9983319640159607,0.54779953956604,0.7461039861043294,0.9840344190597534,0.3846216917037964,0.7517201741536458,0.9906498789787292
squat,0.45034003257751465,0.0,0.2700047194957733,0.46137728691101076,0.0,0.06967935711145401,0.4410069465637207,0.0,0.13691936433315277,0.4795494556427002,0.0,0.05738655477762222,0.4258569717407227,0.0,0.11944589763879776,0.5245041847229004,0.06892811457316081,0.7338565587997437,0.384484076499939,0.08170185089111329,0.9332548379898071,0.5922810554504394,0.0909846305847168,0.7916675209999084,0.342529296875,0.13290691375732422,0.9671653509140015,0.6223038673400879,0.09252853393554687,0.7636213302612305,0.28241562843322754,0.14214960734049478,0.93980473279953,0.5054372310638428,0.35545736948649087,0.9977012276649475,0.41030306816101075,0.3578700383504232,0.9989460110664368,0.536722993850708,0.5683249155680339,0.9965596795082092,0.3933491468429565,0.5648217519124349,0.9986603260040283,0.5438737869262695,0.7446663538614909,0.9815340638160706,0.3912322759628296,0.7554391225179037,0.9903074502944946
squat,0.4447221279144287,0.0,0.018890690058469772,0.45150094032287597,0.0,0.004760341253131628,0.43932342529296875,0.0,0.00554842222481966,0.47168455123901365,0.0,0.0144844064489007,0.43436522483825685,0.0,0.011321719735860825,0.5296135425567627,0.03855578104654948,0.4108584225177765,0.3876015663146973,0.0460227648417155,0.6591108441352844,0.5994839668273926,0.07053413391113281,0.765340268611908,0.32901527881622317,0.08589843114217123,0.9177241325378418,0.6273089408874511,0.07948573430379231,0.7646252512931824,0.27919979095458985,0.1076788584391276,0.8918885588645935,0.5043067932128906,0.33159770965576174,0.9976140260696411,0.4093619346618652,0.3323378880818685,0.9985247254371643,0.5221733570098877,0.5552445729573567,0.9973756074905396,0.3945406198501587,0.553848139444987,0.9986361861228943,0.5345636367797851,0.7401258468627929,0.985996663570404,0.3951239585876465,0.7503774007161458,0.991231381893158
squat,0.4397230625152588,0.0,0.01196269877254963,0.44308133125305177,0.0,0.002623835578560829,0.4353770732879639,0.0,0.0027213292196393013,0.46019706726074217,0.0,0.011180265806615353,0.4329090595245361,0.0,0.007268503773957491,0.5185706138610839,0.02235279083251953,0.5517578125,0.3896328926086426,0.027024300893147786,0.6556203961372375,0.580289077758789,0.05654064814249674,0.8989238142967224,0.32707462310791013,0.058651034037272134,0.9403855800628662,0.6044090747833252,0.08469632466634115,0.8896194696426392,0.27500123977661134,0.09756536483764648,0.9296410083770752,0.49880218505859375,0.31245377858479817,0.9991714954376221,0.4128695011138916,0.31242990493774414,0.9993507266044617,0.5161753177642823,0.5459523518880208,0.9983818531036377,0.40375404357910155,0.5415833791097006,0.9988688826560974,0.5290737628936768,0.7459462483723959,0.9867580533027649,0.39468774795532224,0.745791498819987,0.9898355603218079
squat,0.44240474700927734,0.0,0.004075073637068272,0.44431414604187014,0.0,0.0009085260098800063,0.43825359344482423,0.0,0.000828925461973995,0.4605254650115967,0.0,0.005994982551783323,0.4361602306365967,0.0,0.0032923282124102116,0.5181947708129883,0.01524651845296224,0.4290696084499359,0.39417052268981934,0.021884441375732422,0.48660483956336975,0.5750031471252441,0.059313456217447914,0.896060049533844,0.3370940923690796,0.05820004145304362,0.9185236096382141,0.6034708499908448,0.09430761337280273,0.8901707530021667,0.28567774295806886,0.08618494669596354,0.9120092391967773,0.4983041763305664,0.29947729110717775,0.9991924166679382,0.41466054916381834,0.30047429402669273,0.9992855191230774,0.5126689910888672,0.5408386866251628,0.9986329674720764,0.40530972480773925,0.5367810567220052,0.9989101886749268,0.528789758682251,0.7441166559855144,0.9888389706611633,0.3973757982254028,0.7401437759399414,0.9906806349754333
squat,0.4388178825378418,0.0,0.00471862917765975,0.44034576416015625,0.0,0.0011365272803232074,0.434312629699707,0.0,0.0007784694898873568,0.4562207221984863,0.0,0.007746764458715916,0.4318561553955078,0.0,0.0030647406820207834,0.515386962890625,0.01705490748087565,0.5228921175003052,0.38911890983581543,0.02274662653605143,0.526370644569397,0.5790293693542481,0.05796902974446615,0.932007908821106,0.3379866361618042,0.05805056889851888,0.9256111979484558,0.6090953826904297,0.08266480763753255,0.9317730069160461,0.2944350719451904,0.07850812276204427,0.9288262724876404,0.4947682857513428,0.30719795227050783,0.9993909597396851,0.4096961975097656,0.3079774220784505,0.999377429485321,0.5124582767486572,0.5471405665079753,0.9989546537399292,0.4083205223083496,0.5432987848917643,0.9990988969802856,0.5256527423858642,0.7526981989542644,0.9908782839775085,0.4011558532714844,0.7498161315917968,0.9921215772628784
squat,0.4418893814086914,0.0,0.0054826741106808186,0.44362835884094237,0.0,0.0012061289744451642,0.43749074935913085,0.0,0.001158474711701274,0.4593533515930176,0.0,0.006708580069243908,0.43565545082092283,0.0,0.0044678752310574055,0.5180788993835449,0.017611217498779298,0.41308456659317017,0.392498254776001,0.023167832692464193,0.5537959337234497,0.5850563049316406,0.05364971160888672,0.8756254315376282,0.3393899202346802,0.0539889653523763,0.9309805631637573,0.6223062038421631,0.0750099500020345,0.8817712068557739,0.2949015378952026,0.07056188583374023,0.9258830547332764,0.49627022743225097,0.3090266545613607,0.9989965558052063,0.41149473190307617,0.31005462010701496,0.9992232322692871,0.5161087989807129,0.5466543833414713,0.9984229803085327,0.40924777984619143,0.5439371109008789,0.9989790916442871,0.5312292575836182,0.7535673777262369,0.9882086515426636,0.40132989883422854,0.753696886698405,0.9915217161178589
squat,0.4411750316619873,0.0,0.008430888876318932,0.4443689823150635,0.0,0.002096699783578515,0.43614907264709474,0.0,0.0017458036309108138,0.46349225044250486,0.0,0.010349703952670097,0.4343292236328125,0.0,0.004578488413244486,0.5266658782958984,0.016772365570068358,0.5057363510131836,0.39363486766815187,0.024947738647460936,0.5364821553230286,0.5902124404907226,0.05225693384806315,0.8973724246025085,0.3374798059463501,0.05224885940551758,0.9130326509475708,0.6035064220428467,0.0690553347269694,0.8878779411315918,0.2871231555938721,0.0723574956258138,0.9036389589309692,0.5036325454711914,0.31052141189575194,0.9990744590759277,0.41398305892944337,0.3110514005025228,0.9991554021835327,0.5195846080780029,0.5475032170613606,0.9982725381851196,0.4025376319885254,0.5446814219156901,0.9986019730567932,0.5363767623901368,0.7478087743123373,0.9859833121299744,0.3960165023803711,0.7478530883789063,0.9881615042686462
squat,0.4436171531677246,0.0,0.009958452545106411,0.44921321868896485,0.0,0.002767769619822502,0.43759894371032715,0.0,0.002354144351556897,0.47093768119812013,0.0,0.010891925543546677,0.4339430809020996,0.0,0.005317011848092079,0.534855842590332,0.015522321065266928,0.35863998532295227,0.3886723518371582,0.026096026102701824,0.5196889638900757,0.5976737976074219,0.05591259002685547,0.7931284308433533,0.33034117221832277,0.0644328753153483,0.8907051682472229,0.6226351261138916,0.0629217783610026,0.7967008352279663,0.2820372343063354,0.06486508051554361,0.8725802898406982,0.5127547264099122,0.3216894467671712,0.9978320002555847,0.41501832008361816,0.3238000233968099,0.9984009861946106,0.5256414890289307,0.5599269866943359,0.9977375268936157,0.40044560432434084,0.5586546579996745,0.9985938668251038,0.5342226982116699,0.7443552017211914,0.9871701598167419,0.3990770816802979,0.7502847035725911,0.9910944104194641
squat,0.4465238094329834,0.0,0.02545112743973732,0.4553633213043213,0.0,0.006882942747324705,0.4412060737609863,0.0,0.007866347208619118,0.4787293434143066,0.0,0.01766936667263508,0.4364180564880371,0.0,0.012927066534757614,0.5321895599365234,0.03887481689453125,0.3806906044483185,0.39313971996307373,0.04419279098510742,0.6770741939544678,0.5878963470458984,0.07455177307128906,0.717448353767395,0.342995810508728,0.08025989532470704,0.9181774854660034,0.6126331806182861,0.09126640955607096,0.7223904728889465,0.28627958297729494,0.09791577657063802,0.8854898810386658,0.5106185913085938,0.3378687540690104,0.9972182512283325,0.4158698558807373,0.33769334157307945,0.9984517097473145,0.5288913726806641,0.5627331415812175,0.9970434308052063,0.3943530559539795,0.5590351104736329,0.9986037611961365,0.5405424118041993,0.7400678634643555,0.9859107732772827,0.39651029109954833,0.7511114120483399,0.9918009638786316
squat,0.45961952209472656,0.006248188018798828,0.38903898000717163,0.4702611923217773,0.0,0.11726824939250946,0.4513270378112793,0.0,0.1605428159236908,0.48813252449035643,0.0,0.09190365672111511,0.4374227523803711,0.0,0.12175590544939041,0.5292335033416748,0.07387523651123047,0.8799768090248108,0.39308743476867675,0.07502212524414062,0.9596171975135803,0.592194652557373,0.12931108474731445,0.9219591021537781,0.34096684455871584,0.11647526423136394,0.9793574810028076,0.6319941997528076,0.1822388490041097,0.907915472984314,0.2907863140106201,0.13051624298095704,0.9652509689331055,0.508548355102539,0.3573925971984863,0.9989564418792725,0.416489315032959,0.3591789245605469,0.999381422996521,0.5336891651153565,0.5561427434285482,0.997978150844574,0.3975158452987671,0.5626396814982096,0.9989808201789856,0.5413666248321534,0.735441780090332,0.9855587482452393,0.3919827461242676,0.7573297500610352,0.9910813570022583
squat,0.45399160385131837,0.0009262402852376302,0.5008237957954407,0.46787090301513673,0.0,0.19620780646800995,0.44524531364440917,0.0,0.20363308489322662,0.4896845817565918,0.011241277058919271,0.17473936080932617,0.4313525199890137,0.005434830983479817,0.13543282449245453,0.532625150680542,0.10118675231933594,0.9378745555877686,0.3877671480178833,0.10097929636637369,0.9693936109542847,0.6052998542785645,0.14382836023966472,0.9532045722007751,0.3423557996749878,0.14082756042480468,0.9793060421943665,0.6487010955810547,0.19557906786600748,0.937298595905304,0.2874645709991455,0.17197189331054688,0.9654581546783447,0.5082947254180908,0.3855770111083984,0.9992451667785645,0.4109781742095947,0.3851325988769531,0.9994533658027649,0.5372247695922852,0.5736761728922526,0.9979109168052673,0.3900168418884277,0.5761572519938151,0.9987460374832153,0.5439704895019531,0.7328035354614257,0.9827577471733093,0.3904120922088623,0.7545222600301107,0.9880424737930298
squat,0.45172295570373533,0.04673557281494141,0.9733244180679321,0.469649600982666,0.03138128916422526,0.9095340371131897,0.4403785228729248,0.02839206059773763,0.9199614524841309,0.49533514976501464,0.04797566731770833,0.6721376180648804,0.42455191612243653,0.0404516855875651,0.6318996548652649,0.5332365512847901,0.14292624791463215,0.987975537776947,0.3925982713699341,0.13979352315266927,0.9955769777297974,0.5991028308868408,0.2048919677734375,0.9604828953742981,0.3486316680908203,0.18670905431111653,0.988453209400177,0.630550765991211,0.25457631746927895,0.9364782571792603,0.29502091407775877,0.20156968434651693,0.9730013012886047,0.5112650871276856,0.408447265625,0.9989463686943054,0.41655335426330564,0.4049950917561849,0.999346911907196,0.5344298362731934,0.585978889465332,0.9975492358207703,0.38787689208984377,0.5807582855224609,0.9987109899520874,0.5399655818939209,0.7390928268432617,0.9830174446105957,0.387742280960083,0.7487842559814453,0.9894640445709229
squat,0.45588030815124514,0.0952839215596517,0.9915628433227539,0.4737705230712891,0.08173160552978516,0.9666383266448975,0.4447964668273926,0.07669655481974284,0.9765119552612305,0.4971774578094482,0.0978578249613444,0.7829989194869995,0.4279510498046875,0.0857576052347819,0.8257787227630615,0.5282930374145508,0.188873291015625,0.9941746592521667,0.3943631172180176,0.18150011698404947,0.9982307553291321,0.5911412715911866,0.24059958457946778,0.9693534970283508,0.3402243614196777,0.23700777689615884,0.9928532242774963,0.6327783584594726,0.2744960149129232,0.9454985857009888,0.28338088989257815,0.26943696339925133,0.9815568923950195,0.5083570957183838,0.43783095677693684,0.9990760087966919,0.418338680267334,0.4321435292561849,0.9994726777076721,0.5364432811737061,0.5904662450154622,0.9976218342781067,0.38953680992126466,0.577346928914388,0.9988313317298889,0.5420563697814942,0.7434521357218424,0.9845790863037109,0.3866052865982056,0.7438124338785808,0.9908308982849121
squat,0.4574746608734131,0.14399789174397787,0.9933589100837708,0.47562541961669924,0.12952493031819662,0.9740232825279236,0.4451889991760254,0.1252062479654948,0.9791994690895081,0.4987234115600586,0.14301681518554688,0.8221707344055176,0.42619948387145995,0.13278258641560872,0.8302783966064453,0.5287278652191162,0.22662100791931153,0.996364414691925,0.39571175575256345,0.22081287701924643,0.9984316229820251,0.5949284076690674,0.2755034764607747,0.9818134307861328,0.34859380722045896,0.2746214548746745,0.9933932423591614,0.6345890998840332,0.3071777661641439,0.9662670493125916,0.29074807167053224,0.3094093958536784,0.9839942455291748,0.5074334144592285,0.46418097813924153,0.9992201328277588,0.4170693397521973,0.4583869934082031,0.9994673132896423,0.536883020401001,0.5905540466308594,0.9975142478942871,0.384234094619751,0.5767967224121093,0.9985278844833374,0.5490056037902832,0.7412127176920573,0.9829436540603638,0.3841853141784668,0.7397008895874023,0.988484799861908
squat,0.4600130558013916,0.19434645970662434,0.9927238821983337,0.479096794128418,0.17874180475870768,0.9719159007072449,0.44657020568847655,0.1739758809407552,0.9831534028053284,0.5036909103393554,0.1913939158121745,0.8231006264686584,0.42653794288635255,0.1798563003540039,0.8739633560180664,0.5344484329223633,0.27375383377075196,0.9957551956176758,0.39738974571228025,0.26794792811075846,0.9985878467559814,0.5945226192474365,0.32742719650268554,0.9693143367767334,0.34765870571136476,0.32794539133707684,0.9932019114494324,0.6318771362304687,0.3604703903198242,0.9359654188156128,0.2950915336608887,0.3663121223449707,0.979379415512085,0.5159502983093261,0.496773370107015,0.9991974234580994,0.42503700256347654,0.49082587560017904,0.9995439648628235,0.5422564029693604,0.6040031433105468,0.9974623918533325,0.3856393337249756,0.5843722025553385,0.9987179040908813,0.544588565826416,0.7427960713704427,0.9865027666091919,0.3842325210571289,0.7318857192993165,0.9917423725128174
squat,0.45947632789611814,0.24583199818929036,0.9927297234535217,0.47940797805786134,0.2322771708170573,0.9717601537704468,0.44755983352661133,0.22516946792602538,0.9837591648101807,0.5040589332580566,0.24717346827189127,0.8151310086250305,0.42798519134521484,0.22968285878499348,0.8800478577613831,0.532076644897461,0.3217464447021484,0.9948444366455078,0.39579105377197266,0.3165959040323893,0.9986743927001953,0.5917407035827636,0.3696251551310221,0.9636083841323853,0.33987841606140134,0.3819088617960612,0.9938840270042419,0.6325098514556885,0.41896851857503253,0.9319919347763062,0.29167354106903076,0.4306836764017741,0.9823664426803589,0.5202369213104248,0.5265655517578125,0.998910665512085,0.4298135280609131,0.5221777280171712,0.9994502663612366,0.547792911529541,0.594490114847819,0.9975690245628357,0.3865864038467407,0.5786081314086914,0.9988998174667358,0.5412404060363769,0.7415075937906901,0.9902294278144836,0.3868853569030762,0.7369266510009765,0.9944697618484497
squat,0.4606161594390869,0.30101318359375,0.9930908679962158,0.47998580932617185,0.2856564203898112,0.973019003868103,0.44748740196228026,0.2789313316345215,0.9796373248100281,0.505000114440918,0.29399468104044596,0.8433820009231567,0.426408052444458,0.278040091196696,0.8597770929336548,0.5353544235229493,0.3619588216145833,0.997442364692688,0.3965331792831421,0.35589853922526044,0.9989914298057556,0.5945620536804199,0.42233730951944987,0.9845608472824097,0.3413448095321655,0.4284060796101888,0.9954882264137268,0.6376433849334717,0.49438807169596355,0.9692872166633606,0.2946373462677002,0.49358425140380857,0.9879037737846375,0.524884557723999,0.556733767191569,0.9993860721588135,0.4333981513977051,0.5510241190592448,0.9996121525764465,0.5484207153320313,0.5962053298950195,0.998331606388092,0.3868788003921509,0.5737326939900717,0.999046266078949,0.5375749111175537,0.7492745717366537,0.9925081133842468,0.3861044645309448,0.7307631174723307,0.9951262474060059
squat,0.4624192237854004,0.33665262858072914,0.9943418502807617,0.48057308197021487,0.3195627212524414,0.9754204154014587,0.4482559680938721,0.31639575958251953,0.9846335053443909,0.5046955585479737,0.32581844329833987,0.8288735151290894,0.4256893157958984,0.3174523671468099,0.8879947662353516,0.5347904205322266,0.3936687151590983,0.9973249435424805,0.39554481506347655,0.3954637845357259,0.9991438388824463,0.596241569519043,0.46362969080607097,0.9824704527854919,0.33339338302612304,0.4765787442525228,0.9959830045700073,0.6358925342559815,0.5442129770914713,0.967278778553009,0.28916244506835936,0.552854347229004,0.9890361428260803,0.5247375011444092,0.5799083709716797,0.9992013573646545,0.4329998016357422,0.5801191965738932,0.9995403289794922,0.5440799713134765,0.5765096028645833,0.9980838298797607,0.3804072618484497,0.571945063273112,0.9989774227142334,0.5408408164978027,0.7383464813232422,0.9927935600280762,0.3855395555496216,0.7421661376953125,0.9954251646995544
squat,0.4644345283508301,0.3451918284098307,0.9941549897193909,0.4819242000579834,0.3291413942972819,0.9766898155212402,0.45070643424987794,0.32542692820231117,0.9826385974884033,0.5054972648620606,0.33608665466308596,0.8503684401512146,0.42837934494018554,0.32758388519287107,0.8752521872520447,0.5380632400512695,0.40259132385253904,0.997901201248169,0.3953157663345337,0.4065007527669271,0.9990837574005127,0.6025031089782715,0.47393786112467445,0.986277163028717,0.3305166721343994,0.49097703297932943,0.9953405857086182,0.6382289409637452,0.5675935745239258,0.9715608358383179,0.28287205696105955,0.5666996002197265,0.987346887588501,0.5224601745605468,0.5816994984944661,0.9993059635162354,0.4289078235626221,0.581719716389974,0.9995306730270386,0.549647331237793,0.5803895314534505,0.9982352256774902,0.38238141536712644,0.5727516174316406,0.998908519744873,0.5383508205413818,0.7398666381835938,0.9931110143661499,0.3826646566390991,0.7375731786092122,0.9952006340026855
squat,0.4619729042053223,0.32160717646280923,0.9935966730117798,0.47950105667114257,0.3058516502380371,0.9697632193565369,0.448024845123291,0.3012706438700358,0.9835740327835083,0.5029106140136719,0.3139616330464681,0.7986270785331726,0.4255058765411377,0.3029478073120117,0.8893448114395142,0.5344701766967773,0.38247753779093424,0.9966817498207092,0.39802505970001223,0.3777095158894857,0.9991600513458252,0.594404935836792,0.44607137044270834,0.9788042902946472,0.33939623832702637,0.4489500681559245,0.9965193271636963,0.6348548889160156,0.5146139780680339,0.9624118804931641,0.2866889238357544,0.5182430267333984,0.990250289440155,0.5271015167236328,0.5694352467854817,0.9990915060043335,0.4367213726043701,0.5642317454020183,0.9995415210723877,0.5454564571380616,0.5877370198567708,0.9976602792739868,0.38496856689453124,0.5662300745646159,0.9988983869552612,0.5395961761474609,0.7502503712972005,0.9904782772064209,0.3862378835678101,0.7307262420654297,0.994533896446228
squat,0.45694766044616697,0.2486321767171224,0.9918596148490906,0.47604618072509763,0.23444398244222006,0.961274266242981,0.44465160369873047,0.22932847340901694,0.9833374619483948,0.5009203910827636,0.25058860778808595,0.7485193610191345,0.42456583976745604,0.23889919916788738,0.8867501020431519,0.535184907913208,0.3298598607381185,0.9907699227333069,0.3939576387405396,0.32479845682779945,0.9989023208618164,0.5920209407806396,0.39972101847330727,0.9378851652145386,0.34144833087921145,0.398843256632487,0.995740532875061,0.5947987079620362,0.4498159726460775,0.9194322228431702,0.2764580249786377,0.4585717519124349,0.9884986281394958,0.5194466590881348,0.5231054941813151,0.9978594183921814,0.4243583679199219,0.5158213615417481,0.9992559552192688,0.5460646629333497,0.5920099894205729,0.9958621263504028,0.3860896110534668,0.5741207758585612,0.9986990690231323,0.5449719429016113,0.7337626139322917,0.9849382638931274,0.3937804698944092,0.7327034632364909,0.9934222102165222
squat,0.453262996673584,0.16354058583577474,0.9918459057807922,0.4716176986694336,0.147787602742513,0.9664331674575806,0.4392512321472168,0.1452435811360677,0.9871820211410522,0.49700751304626467,0.16420342127482096,0.7664843797683716,0.41990070343017577,0.1583574930826823,0.9003371596336365,0.5310816764831543,0.2568538506825765,0.9880574941635132,0.39401233196258545,0.25303490956624347,0.9984126091003418,0.5800108909606934,0.34125277201334636,0.8932837843894958,0.33710594177246095,0.32606210708618166,0.9926705360412598,0.5897076606750489,0.3890237808227539,0.829045295715332,0.27089524269104004,0.37161095937093097,0.9755204916000366,0.5166951179504394,0.47568108240763346,0.9980146884918213,0.4250824451446533,0.4708922704060872,0.9993152618408203,0.5434529304504394,0.5948038736979167,0.9957791566848755,0.38627498149871825,0.5805586496988933,0.9986549615859985,0.5487136363983154,0.740313720703125,0.9832810759544373,0.3846695899963379,0.7395140329996744,0.9924830794334412
squat,0.4550148010253906,0.0848253885904948,0.986207127571106,0.47193021774291993,0.07023735046386718,0.9494675993919373,0.4408773899078369,0.0682275136311849,0.9829626083374023,0.4920823097229004,0.09037437438964843,0.6313251256942749,0.41815786361694335,0.08591683705647786,0.8901160955429077,0.5273160934448242,0.1851749579111735,0.9639289379119873,0.3832761287689209,0.19020776748657225,0.9962601661682129,0.577744722366333,0.2664849917093913,0.7222905158996582,0.3285120725631714,0.2637289524078369,0.9805774688720703,0.5982209205627441,0.3539325714111328,0.6271548867225647,0.2669367790222168,0.2923422813415527,0.9421836733818054,0.5153909683227539,0.42938083012898765,0.996198832988739,0.4188252925872803,0.4298092524210612,0.9987645149230957,0.542762565612793,0.5850334803263346,0.9949081540107727,0.38285126686096194,0.5777938842773438,0.9984989166259766,0.5524755477905273,0.7480703353881836,0.9858842492103577,0.38870854377746583,0.7507793426513671,0.9939822554588318
squat,0.45175886154174805,0.022338676452636718,0.8400495648384094,0.4654234886169434,0.007727686564127604,0.6305907368659973,0.4398629665374756,0.006304454803466797,0.7358808517456055,0.4859638690948486,0.018475786844889323,0.28175297379493713,0.41974678039550783,0.01532589594523112,0.39979907870292664,0.5190487384796143,0.09708118438720703,0.8999672532081604,0.38524632453918456,0.11313680013020834,0.9497307538986206,0.5566981315612793,0.1929754575093587,0.7868586778640747,0.35368943214416504,0.2300107955932617,0.9220630526542664,0.5768978118896484,0.28949909210205077,0.7069491147994995,0.35302321910858153,0.2900965372721354,0.8669942617416382,0.5143759727478028,0.3604377428690592,0.9947432279586792,0.4216301918029785,0.368974240620931,0.9966088533401489,0.5441991806030273,0.5642651240030925,0.9936345815658569,0.39502749443054197,0.5737882614135742,0.9961736798286438,0.5405326843261719,0.744668706258138,0.9745253324508667,0.38356568813323977,0.7589773813883464,0.9823071360588074
squat,0.44390063285827636,0.0,0.08776532113552094,0.4531718254089355,0.0,0.02912837080657482,0.43828606605529785,0.0,0.022436879575252533,0.47542123794555663,0.0,0.051336463540792465,0.4324501037597656,0.0,0.022425293922424316,0.5287184238433837,0.05204006830851237,0.6957159042358398,0.3855742454528809,0.06224524180094401,0.8137617111206055,0.583011245727539,0.1492259661356608,0.8672424554824829,0.31668407917022706,0.13185014724731445,0.9284558892250061,0.617088794708252,0.2359312375386556,0.8456948399543762,0.2573859691619873,0.1248503049214681,0.9002937078475952,0.5056999683380127,0.3441871960957845,0.9980025887489319,0.4102116584777832,0.34944705963134765,0.9984682202339172,0.527678394317627,0.5562811533610026,0.998106837272644,0.39527771472930906,0.5635770161946615,0.9987485408782959,0.5347053050994873,0.7390875498453776,0.9898583292961121,0.39486079216003417,0.7538154602050782,0.9927064776420593
squat,0.44325814247131345,0.0,0.009099270217120647,0.44548859596252444,0.0,0.0019214693456888199,0.43843584060668944,0.0,0.002019792329519987,0.45772533416748046,0.0,0.009566440246999264,0.43182950019836425,0.0,0.006427663844078779,0.5240321159362793,0.025361315409342448,0.5923579931259155,0.384184741973877,0.033093961079915364,0.6214045882225037,0.6079378604888916,0.06163104375203451,0.916956901550293,0.32277536392211914,0.07011426289876302,0.9316743016242981,0.6130772590637207,0.07532450358072916,0.9057327508926392,0.2630744695663452,0.09871586163838704,0.9241300821304321,0.5020618438720703,0.3135753949483236,0.9993122816085815,0.41059603691101076,0.313692569732666,0.9993763566017151,0.5209473609924317,0.5438789367675781,0.9986762404441833,0.4058078765869141,0.5429340998331705,0.9989481568336487,0.5267612934112549,0.7422245025634766,0.9884900450706482,0.3971210718154907,0.7489791870117187,0.9903016090393066
squat,0.4372547626495361,0.0,0.008243259973824024,0.44054784774780276,0.0,0.002205517841503024,0.4323574542999268,0.0,0.0014919277746230364,0.46124954223632814,0.0,0.012265767902135849,0.4321160793304443,0.0,0.0037267617881298065,0.5264632701873779,0.01739362080891927,0.5655009150505066,0.3931531190872192,0.02390769322713216,0.5122042298316956,0.600368881225586,0.06173543930053711,0.917808473110199,0.3359979629516602,0.062004470825195314,0.9006490111351013,0.6143844127655029,0.06353642145792643,0.9084292054176331,0.2835381507873535,0.08535133997599284,0.8979347348213196,0.49843945503234866,0.3059897740681966,0.9991698265075684,0.4100478649139404,0.30568501154581706,0.9991200566291809,0.5148258686065674,0.5398048400878906,0.9985449314117432,0.4059237003326416,0.540960947672526,0.9986733198165894,0.5274584770202637,0.7370750427246093,0.9875901937484741,0.39714736938476564,0.7468159993489584,0.988631546497345
squat,0.4419093132019043,0.0,0.016767699271440506,0.4462698459625244,0.0,0.0044680130667984486,0.43660879135131836,0.0,0.0035588580649346113,0.4644757270812988,0.0,0.016439614817500114,0.43256096839904784,0.0,0.0069548385217785835,0.5226192474365234,0.020513534545898438,0.6131670475006104,0.390499210357666,0.023294830322265626,0.5943816304206848,0.5896440505981445,0.053732077280680336,0.9109357595443726,0.32903666496276857,0.049976317087809245,0.9049795269966125,0.6062162399291993,0.05648523966471354,0.8955235481262207,0.27805519104003906,0.0729104995727539,0.8958724141120911,0.49897074699401855,0.3103904724121094,0.9990737438201904,0.4114524841308594,0.3098452885945638,0.9990668892860413,0.5159848690032959,0.5472278594970703,0.9983317255973816,0.4048774242401123,0.546914800008138,0.9985238909721375,0.5268124580383301,0.7414463043212891,0.9866097569465637,0.3963942527770996,0.7498036702473958,0.987930178642273
squat,0.4397091865539551,0.0,0.012523850426077843,0.443906831741333,0.0,0.0028261863626539707,0.43541297912597654,0.0,0.0031056422740221024,0.4612821102142334,0.0,0.010760822333395481,0.4326336860656738,0.0,0.008225646801292896,0.520201301574707,0.01572895050048828,0.4537604749202728,0.3889843225479126,0.024152183532714845,0.6594952344894409,0.5919169902801513,0.03809693654378255,0.845074474811554,0.3392392873764038,0.051570733388264976,0.9399692416191101,0.6273934841156006,0.057271480560302734,0.8468954563140869,0.2853656768798828,0.06705547968546549,0.9261063933372498,0.4987921714782715,0.3195184071858724,0.9988269209861755,0.4111646175384521,0.3210832913716634,0.999221682548523,0.5208748817443848,0.5528167088826498,0.9980831146240234,0.40497803688049316,0.5531883875528971,0.9989572763442993,0.5256736278533936,0.7465691884358724,0.9872084259986877,0.39620237350463866,0.7586110432942709,0.9917380213737488
squat,0.44817562103271485,0.0,0.028556399047374725,0.45416626930236814,0.0,0.006293721031397581,0.4405209541320801,0.0,0.01109778881072998,0.46984033584594725,0.0,0.012663894332945347,0.42837724685668943,0.0,0.022001195698976517,0.5262744426727295,0.03948777516682943,0.4246150255203247,0.38418447971343994,0.0451576550801595,0.6964073181152344,0.5888847827911377,0.09834272066752116,0.7125272154808044,0.3323242664337158,0.08847201665242513,0.9180969595909119,0.6089984893798828,0.1638161023457845,0.7085429430007935,0.27048678398132325,0.12142276763916016,0.8884211182594299,0.5101512908935547,0.3329400698343913,0.9976001381874084,0.4163306713104248,0.3334121068318685,0.9986668825149536,0.5221423625946044,0.5537007013956706,0.9964229464530945,0.39374699592590334,0.5503529866536458,0.9981911778450012,0.5296096324920654,0.7511388142903646,0.9816092848777771,0.39043459892272947,0.7536192576090495,0.9885773658752441
squat,0.4515229225158691,0.026375420888264976,0.6539955735206604,0.4651759147644043,0.010720507303873698,0.4005662202835083,0.4401803970336914,0.009524917602539063,0.5166719555854797,0.48532395362854003,0.019769605000813803,0.19284413754940033,0.42157692909240724,0.017017269134521486,0.27614593505859375,0.5254262924194336,0.10467894872029622,0.8192914724349976,0.3867749452590942,0.11686951319376628,0.9129274487495422,0.5852095603942871,0.19051733016967773,0.6888255476951599,0.3812825918197632,0.2554961363474528,0.8709125518798828,0.6002882957458496,0.2401951789855957,0.6262731552124023,0.3953571081161499,0.35667187372843423,0.802757978439331,0.5092674255371094,0.3879608472188314,0.9944678544998169,0.41280574798583985,0.39082504908243815,0.9962608218193054,0.540902853012085,0.5637945810953776,0.9960959553718567,0.3925260066986084,0.5662450154622396,0.9978312849998474,0.5432998180389405,0.7321711858113606,0.9904692769050598,0.3914588451385498,0.7518135070800781,0.9935560822486877
squat,0.4547694683074951,0.11748177210489909,0.9521405696868896,0.47167463302612306,0.1027967135111491,0.9137322902679443,0.4423675537109375,0.10009206136067708,0.9208722114562988,0.49579925537109376,0.12004966735839843,0.6466080546379089,0.4243957996368408,0.11305249532063802,0.6342461705207825,0.5292766571044922,0.21222709019978842,0.950241208076477,0.3940234422683716,0.21390376091003419,0.9668540954589844,0.5807065010070801,0.302537473042806,0.7442633509635925,0.3834249973297119,0.33493064244588217,0.8400478959083557,0.6116949081420898,0.3792575836181641,0.6245433688163757,0.41639175415039065,0.4353094736735026,0.7214154601097107,0.512094783782959,0.4514039357503255,0.9929861426353455,0.418443489074707,0.450258731842041,0.9940701127052307,0.5387269973754882,0.5838186899820964,0.9945423603057861,0.38681509494781496,0.5751826604207356,0.9961438179016113,0.5432756423950196,0.7409214019775391,0.9900349974632263,0.3894038677215576,0.7388488133748372,0.9923183917999268
squat,0.45484127998352053,0.21338014602661132,0.9918598532676697,0.4735424041748047,0.1978118896484375,0.9747843146324158,0.44092741012573244,0.19332850774129232,0.9809699058532715,0.4972521305084229,0.2134626865386963,0.8197471499443054,0.41913771629333496,0.20334726969401043,0.8500156402587891,0.533397102355957,0.3022451082865397,0.9925715327262878,0.38668527603149416,0.29963067372639973,0.9972922205924988,0.5965110301971436,0.3777284304300944,0.939902663230896,0.33003902435302734,0.3853767395019531,0.9820835590362549,0.6341124057769776,0.4534273147583008,0.8932022452354431,0.2666243314743042,0.4649299303690592,0.9554263353347778,0.5189115524291992,0.5201847394307454,0.9975292086601257,0.4225429058074951,0.5147507349650066,0.9984608888626099,0.5394925117492676,0.591687266031901,0.9958025813102722,0.38171000480651857,0.5690266291300455,0.997645914554596,0.5460857391357422,0.746939214070638,0.9870955944061279,0.3947249412536621,0.7290986378987631,0.991801917552948
squat,0.45194282531738283,0.3029363950093587,0.9938530921936035,0.46927928924560547,0.28722960154215493,0.9789690971374512,0.4388935089111328,0.2836000442504883,0.977318286895752,0.4947136402130127,0.2943163553873698,0.8815922737121582,0.41972908973693845,0.28619343439737954,0.8238043785095215,0.5301921367645264,0.3643881479899089,0.9982750415802002,0.39193143844604494,0.36793409983317055,0.998879611492157,0.5934109210968017,0.4318918546040853,0.9902594685554504,0.32628378868103025,0.44892457326253254,0.9945112466812134,0.6388216495513916,0.5214022000630697,0.9789661169052124,0.27415313720703127,0.5271762212117513,0.9865038394927979,0.5240187644958496,0.5563167572021485,0.999476969242096,0.4335113525390625,0.5558590571085612,0.9995802044868469,0.5453072547912597,0.5853683471679687,0.9985628724098206,0.38557579517364504,0.5743838628133138,0.9989405274391174,0.5388398170471191,0.7451166152954102,0.9930198788642883,0.383989953994751,0.7366321563720704,0.9946222305297852
squat,0.4523312091827393,0.31064974466959633,0.9942454695701599,0.4694394588470459,0.29525973002115885,0.9806531667709351,0.4389048099517822,0.2915288289388021,0.9776805639266968,0.49449901580810546,0.3047268231709798,0.8883991837501526,0.41918001174926756,0.29687678019205727,0.8229478001594543,0.5288989543914795,0.37817252477010094,0.9985660910606384,0.3896289587020874,0.3816156069437663,0.998839795589447,0.5940558910369873,0.442566712697347,0.9918930530548096,0.32044410705566406,0.45941502253214517,0.9940016865730286,0.641395092010498,0.5308541933695475,0.9820325970649719,0.2679892063140869,0.5351957321166992,0.9861006140708923,0.518398666381836,0.5676390329996744,0.9995245933532715,0.4278080463409424,0.5678349177042643,0.9995718598365784,0.548026704788208,0.5790948867797852,0.9987661838531494,0.3879392623901367,0.5704356511433919,0.9989956021308899,0.5358500957489014,0.744677480061849,0.9942010045051575,0.3819530487060547,0.7395059585571289,0.9952110648155212
squat,0.453230094909668,0.27195491790771487,0.9930925369262695,0.4705969333648682,0.25630531311035154,0.9743108749389648,0.43981547355651857,0.25190347035725913,0.978452742099762,0.4930261611938477,0.26679420471191406,0.8291457295417786,0.4183496475219727,0.2571756362915039,0.8445788621902466,0.5227702617645263,0.3434384981791178,0.9969413876533508,0.38837082386016847,0.3404275894165039,0.9984594583511353,0.5824565887451172,0.4028920809427897,0.9820501804351807,0.33435235023498533,0.4080407460530599,0.9919916987419128,0.6279398441314697,0.47836780548095703,0.9653655886650085,0.2677785873413086,0.4790326118469238,0.9810349345207214,0.5070811748504639,0.5386969248453776,0.9989467263221741,0.4180454254150391,0.5340509414672852,0.999213695526123,0.538386344909668,0.5968769709269206,0.9970249533653259,0.3860800743103027,0.5743708292643229,0.9980113506317139,0.5469711303710938,0.7496662775675456,0.9863495230674744,0.3922197580337524,0.7292354583740235,0.9902563095092773
squat,0.45132155418395997,0.18253033955891926,0.9855713844299316,0.469910717010498,0.16664737065633137,0.9687120914459229,0.43662114143371583,0.16334336598714191,0.9705119132995605,0.49655857086181643,0.1818884531656901,0.7775967717170715,0.4158486843109131,0.17358843485514322,0.7317752242088318,0.5246034145355225,0.26822789510091144,0.9851762056350708,0.3884153127670288,0.2636824607849121,0.9842454791069031,0.5664132118225098,0.35052642822265623,0.9025842547416687,0.3424554347991943,0.3604356129964193,0.917378306388855,0.577063512802124,0.3604231516520182,0.8179545402526855,0.3414203643798828,0.4149007797241211,0.8524019718170166,0.5116814613342285,0.4800826708475749,0.995272696018219,0.4184379577636719,0.4791622797648112,0.9955984354019165,0.5434515953063965,0.5971462249755859,0.994360625743866,0.39163105487823485,0.5935723622639973,0.9952111840248108,0.5413557529449463,0.7448955535888672,0.9836363196372986,0.3864161252975464,0.751300048828125,0.9857531189918518
squat,0.4497648239135742,0.07901557286580403,0.9567499756813049,0.46727499961853025,0.06474428176879883,0.9270003437995911,0.4369945049285889,0.06208060582478841,0.9138916730880737,0.49207358360290526,0.08424021402994791,0.6980596780776978,0.41808390617370605,0.07770729064941406,0.5300988554954529,0.5294938087463379,0.17738685607910157,0.9690789580345154,0.3873579502105713,0.1832265853881836,0.9547183513641357,0.5883397102355957,0.2749409039815267,0.8359682559967041,0.3524088621139526,0.28776594797770183,0.8068929314613342,0.6130992889404296,0.3550272305806478,0.6898623704910278,0.3426393508911133,0.3448127428690592,0.6766019463539124,0.5131118774414063,0.4251070022583008,0.9955475330352783,0.4168693065643311,0.42773297627766926,0.9951163530349731,0.5411870002746582,0.5890032450358073,0.9956563711166382,0.3872481346130371,0.5901978810628256,0.9957895874977112,0.5392086982727051,0.7471393585205078,0.9878771305084229,0.38480117321014407,0.7562989552815755,0.9884926676750183
squat,0.4563743114471436,0.0182679812113444,0.6077136993408203,0.4698314189910889,0.00308535893758138,0.3604651987552643,0.4462390899658203,0.0003569602966308594,0.40967294573783875,0.48848614692687986,0.011565844217936197,0.1732569932937622,0.4263948440551758,0.004956976572672526,0.18430210649967194,0.5246328353881836,0.09448362986246744,0.8405945301055908,0.3806812286376953,0.1030906359354655,0.8709213137626648,0.5679238319396973,0.20823014577229818,0.7695349454879761,0.32873728275299074,0.22057647705078126,0.8354248404502869,0.5874320030212402,0.3116142272949219,0.6717422604560852,0.29653780460357665,0.2753007888793945,0.7636555433273315,0.5119686603546143,0.37564754486083984,0.9941983222961426,0.41496667861938474,0.3816805521647135,0.9951319694519043,0.541978406906128,0.5711659749348958,0.9941900968551636,0.3922332048416138,0.579731559753418,0.9953963160514832,0.54017653465271,0.7422585169474284,0.9787576794624329,0.38880529403686526,0.7605327606201172,0.9821402430534363
squat,0.44421725273132323,0.0,0.1262216418981552,0.4536725997924805,0.0,0.03984140232205391,0.43868584632873536,0.0,0.03754140064120293,0.4753093719482422,0.0,0.05869597941637039,0.432628870010376,0.0,0.03465184196829796,0.5272875785827636,0.05166298548380534,0.7006451487541199,0.3832155704498291,0.06171394983927409,0.867281973361969,0.5745248794555664,0.14827295939127605,0.8461737632751465,0.3054912567138672,0.1363037109375,0.945296049118042,0.5966343879699707,0.22962160110473634,0.8287808299064636,0.24767374992370605,0.14069706598917645,0.9188432693481445,0.5055435180664063,0.3428516387939453,0.9976204037666321,0.40966405868530276,0.34796320597330727,0.9984886646270752,0.5266607284545899,0.5569690704345703,0.9975975155830383,0.39451122283935547,0.5635254542032878,0.9986439347267151,0.5324557304382325,0.7404194513956706,0.9868713617324829,0.39451045989990235,0.7552149454752605,0.991463840007782
squat,0.4468214988708496,0.0,0.006567483767867088,0.4502737998962402,0.0,0.0014667600626125932,0.4434654712677002,0.0,0.001502085942775011,0.4661366939544678,0.0,0.00782667938619852,0.4410043716430664,0.0,0.005289248190820217,0.5267179012298584,0.02133207321166992,0.4280907213687897,0.3881901741027832,0.028866100311279296,0.6013830304145813,0.6027804851531983,0.05467926661173503,0.859894871711731,0.3165288925170898,0.08879652023315429,0.9308534860610962,0.6417279243469238,0.04907766977945963,0.8577920198440552,0.2616273880004883,0.12241271336873373,0.9209965467453003,0.5019672393798829,0.31559874216715494,0.9989950060844421,0.4107950210571289,0.3161910057067871,0.9992706179618835,0.5191012382507324,0.54776611328125,0.9985255599021912,0.4040189266204834,0.5455183664957682,0.9991030693054199,0.5271165370941162,0.7488143285115559,0.989764928817749,0.39740254878997805,0.7574853897094727,0.9928538203239441
squat,0.44559717178344727,0.0,0.007179882377386093,0.447896671295166,0.0,0.0016526442486792803,0.44005517959594725,0.0,0.0012031719088554382,0.46498723030090333,0.0,0.009871765971183777,0.43674120903015134,0.0,0.0036895370576530695,0.5267159938812256,0.02047700881958008,0.6424930691719055,0.3951740264892578,0.023487281799316407,0.5671775341033936,0.6031918048858642,0.06131315231323242,0.9482558369636536,0.33252246379852296,0.06556094487508138,0.9255768060684204,0.630274772644043,0.051835187276204425,0.9384108781814575,0.27537968158721926,0.1000903606414795,0.9244433641433716,0.49896855354309083,0.30826702117919924,0.9995384216308594,0.4119869232177734,0.3066968599955241,0.9994760155677795,0.5127676486968994,0.543218994140625,0.9991042017936707,0.4087099552154541,0.5413033803304036,0.9991199374198914,0.5249296188354492,0.7404035568237305,0.9911273121833801,0.39564831256866456,0.7456029256184896,0.9914040565490723
squat,0.4495997428894043,0.0,0.0085363844409585,0.4529834270477295,0.0,0.0016710819909349084,0.4446770668029785,0.0,0.001578649040311575,0.4682096004486084,0.0,0.00881006009876728,0.4388278484344482,0.0,0.005136054940521717,0.5244683742523193,0.02251091003417969,0.6506701111793518,0.39452080726623534,0.02286221186319987,0.6561816334724426,0.6011420249938965,0.054184945424397786,0.9489353895187378,0.33821654319763184,0.06429707209269206,0.9504452347755432,0.6400949478149414,0.04420026143391927,0.9378455281257629,0.2752490282058716,0.09672797520955403,0.943440318107605,0.4993882656097412,0.3108591715494792,0.9995670914649963,0.412841272354126,0.3082081476847331,0.9995785355567932,0.5154243469238281,0.5476582845052084,0.9989963173866272,0.40421457290649415,0.541540018717448,0.9991538524627686,0.5244923114776612,0.7387414296468099,0.9893738627433777,0.39232327938079836,0.7419749577840169,0.9906508922576904
squat,0.45311384201049804,0.0007139841715494791,0.010704311542212963,0.45588531494140627,0.0,0.0021470217034220695,0.4472505569458008,0.0,0.0021583521738648415,0.46919779777526854,0.0,0.008785920217633247,0.439284610748291,0.0,0.006203561555594206,0.5251630783081055,0.02102069854736328,0.6439239382743835,0.3922851085662842,0.02141294479370117,0.640612006187439,0.6002097129821777,0.06943194071451823,0.939675509929657,0.3298595905303955,0.06992241541544596,0.9379470348358154,0.6431424140930175,0.05707887013753255,0.9242479801177979,0.2725074291229248,0.0856997807820638,0.9288724660873413,0.5025633811950684,0.3163423538208008,0.9995176792144775,0.4148237705230713,0.3159716288248698,0.9995150566101074,0.5173338413238525,0.5517822265625,0.9990542531013489,0.4060678005218506,0.5517462412516276,0.9991708993911743,0.5293181419372559,0.7442131042480469,0.9912700653076172,0.3952533721923828,0.7532140731811523,0.992081880569458
squat,0.44924240112304686,0.0,0.016410404816269875,0.4551701068878174,0.0,0.0035420001950114965,0.44269866943359376,0.0,0.004775104578584433,0.47306027412414553,0.0,0.010325058363378048,0.43337092399597166,0.0,0.010487275198101997,0.5305949687957764,0.02761980692545573,0.4621093273162842,0.3875080108642578,0.03313156763712565,0.6411600112915039,0.5954702854156494,0.07588075002034506,0.8241770267486572,0.3326730489730835,0.07899227142333984,0.9244064092636108,0.6137993812561036,0.11406324704488119,0.8224604725837708,0.2678255081176758,0.12166056632995606,0.908970296382904,0.5074844360351562,0.3284339269002279,0.9985895752906799,0.4129783153533936,0.32816460927327473,0.9990409016609192,0.5227793216705322,0.5529738744099935,0.9976444840431213,0.39736883640289306,0.5493854522705078,0.9985643029212952,0.5326072216033936,0.7509757995605468,0.9848245978355408,0.395766019821167,0.757902463277181,0.9892458319664001
squat,0.45089969635009763,0.006392256418863932,0.3265898525714874,0.4631189823150635,0.0,0.1615988165140152,0.4405829429626465,0.0,0.16550227999687195,0.4840715408325195,0.0,0.10103698819875717,0.4240453243255615,0.0,0.07861396670341492,0.5218420028686523,0.07816279729207357,0.7151799201965332,0.38996291160583496,0.08977845509847006,0.7009329795837402,0.5648735523223877,0.18293997446695964,0.7245997190475464,0.37759909629821775,0.22428032557169597,0.7485024333000183,0.5841117858886719,0.24851075808207193,0.6530908942222595,0.3829838275909424,0.2922628402709961,0.6979630589485168,0.5120672702789306,0.36393013000488283,0.992317795753479,0.4193436145782471,0.3686014175415039,0.9926801919937134,0.5426801204681396,0.5593651453653972,0.9935563206672668,0.39513161182403567,0.5619093577067057,0.994462788105011,0.5443092823028565,0.7437163670857747,0.9787911176681519,0.3868547916412354,0.7537930170694987,0.9812867045402527
squat,0.4567988872528076,0.07368739446004231,0.8673198819160461,0.47327489852905275,0.058603795369466145,0.7494303584098816,0.4448850631713867,0.05550867716471354,0.7775618433952332,0.49584269523620605,0.07406454086303711,0.44455277919769287,0.4259404182434082,0.06624005635579427,0.4498569369316101,0.5304733276367187,0.16907021204630535,0.9280997514724731,0.3904542922973633,0.17184251149495441,0.9532824158668518,0.581539249420166,0.27456747690836586,0.7710644006729126,0.38235580921173096,0.30983753204345704,0.8601614832878113,0.6107273578643799,0.34816322326660154,0.6602060198783875,0.39920778274536134,0.4047341028849284,0.7573462724685669,0.5096843719482422,0.4379911740620931,0.9958472847938538,0.4127323627471924,0.43721850713094074,0.9965417981147766,0.5395100593566895,0.5918932596842448,0.996601939201355,0.3849496603012085,0.5848866144816081,0.9976649284362793,0.5440642356872558,0.7431129455566406,0.9927063584327698,0.3882229566574097,0.7473865509033203,0.9944281578063965
squat,0.45641651153564455,0.18308607737223306,0.9823498725891113,0.47439041137695315,0.16713720957438152,0.9635756015777588,0.4429340839385986,0.16411380767822265,0.9638087749481201,0.5004380226135254,0.18027642567952473,0.7954322695732117,0.4244397163391113,0.1726580301920573,0.7215829491615295,0.5337073326110839,0.2716631571451823,0.9884116053581238,0.3974759101867676,0.2678959846496582,0.9848949313163757,0.5825413703918457,0.35738728841145834,0.9049475789070129,0.36547417640686036,0.37598447799682616,0.90180903673172,0.5980811595916748,0.3707256317138672,0.793799638748169,0.3624091625213623,0.4613572438557943,0.7967918515205383,0.5151337146759033,0.4977878570556641,0.9973043203353882,0.423384428024292,0.494059689839681,0.9972250461578369,0.5372286796569824,0.6156999588012695,0.9966623783111572,0.3902459144592285,0.6012843449910482,0.9969202280044556,0.5437444686889649,0.7508860270182292,0.9915392994880676,0.39615108966827395,0.7437355041503906,0.9922492504119873
squat,0.461358642578125,0.28694451649983727,0.9936957955360413,0.4802814483642578,0.2722714106241862,0.9745866060256958,0.4493857383728027,0.26557025909423826,0.9803860783576965,0.5044416904449462,0.2790692329406738,0.8474054336547852,0.4292471885681152,0.2633975346883138,0.8545965552330017,0.5346837043762207,0.34943523406982424,0.9978086352348328,0.3976275444030762,0.3463875452677409,0.9990041851997375,0.6019453048706055,0.4149279276529948,0.9871031641960144,0.3411093711853027,0.4286206563313802,0.9955321550369263,0.651371431350708,0.4995531400044759,0.9730739593505859,0.27719836235046386,0.5248889923095703,0.9878103733062744,0.5190756320953369,0.5592897415161133,0.9994394183158875,0.42939143180847167,0.5556582132975261,0.9996218681335449,0.5499594211578369,0.597115961710612,0.9982655644416809,0.3904879570007324,0.5841939290364583,0.9989643096923828,0.5402143478393555,0.7393730799357097,0.9916845560073853,0.3852283477783203,0.739290428161621,0.9943477511405945
squat,0.46280813217163086,0.31115697224934896,0.9944688081741333,0.48024301528930663,0.29500513076782225,0.9778546094894409,0.4491074562072754,0.29212592442830404,0.982414186000824,0.5038567543029785,0.30381520589192706,0.8514725565910339,0.4274507999420166,0.29653472900390626,0.871107816696167,0.5339894771575928,0.37689291636149086,0.9981482028961182,0.39290173053741456,0.3832516352335612,0.9990406632423401,0.6017577171325683,0.4374921480814616,0.9888132214546204,0.3229633331298828,0.46710287729899086,0.9950546026229858,0.6612780570983887,0.5212629636128744,0.9756895303726196,0.27257957458496096,0.5558172861735026,0.9869760870933533,0.5187201976776123,0.5677663803100585,0.9994035959243774,0.4272910118103027,0.5710369745890299,0.9995569586753845,0.543992567062378,0.5878377278645833,0.9982265830039978,0.38407201766967775,0.5886432647705078,0.9988032579421997,0.5418967247009278,0.7362445195515951,0.9916003942489624,0.38408122062683103,0.7454901377360026,0.993722140789032
squat,0.4627671241760254,0.2831136703491211,0.9937288761138916,0.4799639701843262,0.26562801996866864,0.968795120716095,0.44788541793823244,0.2633694966634115,0.9869478940963745,0.5012229919433594,0.2733250300089518,0.7474680542945862,0.42320942878723145,0.26820557912190757,0.9086183309555054,0.5381225109100342,0.34970115025838217,0.9939079284667969,0.39199974536895754,0.3526083628336589,0.9988582134246826,0.6022443771362305,0.39868427912394205,0.9535024166107178,0.3438856840133667,0.41566397349039713,0.9944135546684265,0.617624568939209,0.43851617177327473,0.9320902228355408,0.2817197799682617,0.4719843864440918,0.9854662418365479,0.5200526237487793,0.5636661529541016,0.9979889392852783,0.4234574317932129,0.5590131123860677,0.9991033673286438,0.5369955062866211,0.5973599751790365,0.995111882686615,0.3775091886520386,0.5766557057698568,0.9980176687240601,0.542775011062622,0.7477315266927084,0.9829120635986328,0.39341135025024415,0.7333930969238281,0.991104006767273
squat,0.4561225414276123,0.1758459726969401,0.9796863198280334,0.4737424850463867,0.15827191670735677,0.9513633251190186,0.44162979125976565,0.15768197377522786,0.9743355512619019,0.49808707237243655,0.168856684366862,0.6963698863983154,0.42105565071105955,0.1670055389404297,0.8327041268348694,0.5293707847595215,0.25737223625183103,0.9569579362869263,0.3928645372390747,0.2597135702768962,0.9888627529144287,0.5564463615417481,0.36311480204264324,0.6909400820732117,0.3849697828292847,0.3719638188680013,0.9337550401687622,0.5495280265808106,0.45659898122151693,0.5882641077041626,0.4123603343963623,0.4729036649068197,0.8433738350868225,0.5109767913818359,0.4924062410990397,0.9916656613349915,0.4148280143737793,0.4909126917521159,0.9956591129302979,0.5401174068450928,0.6035097757975261,0.9913575649261475,0.3788975477218628,0.58990052541097,0.9959981441497803,0.5561019897460937,0.7474423726399739,0.9855491518974304,0.3921942949295044,0.737730344136556,0.9916296601295471
squat,0.4526569366455078,0.07656358083089193,0.9409493803977966,0.47023673057556153,0.062299219767252605,0.8687403202056885,0.4412072658538818,0.058860460917154946,0.9274951219558716,0.49312028884887693,0.07868188222249349,0.5140525102615356,0.4229529857635498,0.0700638771057129,0.68995201587677,0.5289283752441406,0.168576176961263,0.9086399674415588,0.3894030094146729,0.17872142791748047,0.9713886380195618,0.5892155170440674,0.24694155057271322,0.5808067917823792,0.38315753936767577,0.30827242533365884,0.8821181058883667,0.6109790802001953,0.31093578338623046,0.4667069911956787,0.3987837791442871,0.40501152674357094,0.760226309299469,0.5086722373962402,0.43594805399576825,0.9917598366737366,0.41261906623840333,0.4370888074239095,0.9954261183738708,0.5412757873535157,0.5878234227498372,0.9942359328269958,0.38609888553619387,0.5845670064290365,0.9973983764648438,0.5414859771728515,0.7430290222167969,0.9901750087738037,0.3908318758010864,0.7561498006184896,0.9942702054977417
squat,0.45429649353027346,0.0,0.0989503264427185,0.4663508892059326,0.0,0.02366354502737522,0.44417519569396974,0.0,0.042849741876125336,0.48633518218994143,0.0,0.02957245521247387,0.4259770393371582,0.0,0.054494984447956085,0.52545166015625,0.08750352859497071,0.5227922797203064,0.3829908847808838,0.08263842264811198,0.8700283765792847,0.5594472885131836,0.20983832677205402,0.6890686750411987,0.3369010925292969,0.16002699534098308,0.9517849683761597,0.5800309181213379,0.3150348663330078,0.7010025382041931,0.2628587007522583,0.18446826934814453,0.9231153130531311,0.5098261833190918,0.3667774200439453,0.9965770840644836,0.4131310939788818,0.3655904769897461,0.9985395669937134,0.5330668449401855,0.5714008967081706,0.9958702921867371,0.39124717712402346,0.5671554565429687,0.9983940720558167,0.5417232036590576,0.746285883585612,0.9815811514854431,0.3935819387435913,0.7562974294026693,0.9905507564544678
squat,0.4506513595581055,0.0,0.006983161438256502,0.4568061351776123,0.0,0.0016182932304218411,0.44466428756713866,0.0,0.0016156252240762115,0.47408580780029297,0.0,0.007216614205390215,0.43395142555236815,0.0,0.00493964646011591,0.524363899230957,0.03381627400716146,0.47071170806884766,0.38770370483398436,0.037587547302246095,0.49291887879371643,0.596599817276001,0.0678487777709961,0.8841729760169983,0.3388208866119385,0.08337068557739258,0.8929224610328674,0.6468958854675293,0.09607547124226888,0.8697001338005066,0.2809881687164307,0.12081740697224935,0.8857238292694092,0.5032320976257324,0.3192929267883301,0.9991281628608704,0.41220693588256835,0.3201065381368001,0.9991612434387207,0.5220941066741943,0.5466670989990234,0.9986439347267151,0.4015625,0.5458883921305339,0.9988676309585571,0.5314144134521485,0.7447058359781901,0.9904013276100159,0.39805328845977783,0.7544230779012044,0.9915726184844971
squat,0.4510503768920898,0.0,0.002794187981635332,0.45245747566223143,0.0,0.0005832184688188136,0.4463978290557861,0.0,0.0005022558034397662,0.46574835777282714,0.0,0.004495267290621996,0.44162559509277344,0.0,0.002421944634988904,0.5212077617645263,0.0031476656595865885,0.47804906964302063,0.3967668771743774,0.005629285176595052,0.46253734827041626,0.5835934638977051,0.06303968429565429,0.925654411315918,0.3304998159408569,0.06084740956624349,0.9149789214134216,0.6230340957641601,0.08043171564737955,0.9103591442108154,0.2718162536621094,0.10076169967651367,0.908033549785614,0.5022063732147217,0.2984376271565755,0.9995676875114441,0.4186407089233398,0.299021848042806,0.9995517134666443,0.5122839450836182,0.5509694417317709,0.9995031356811523,0.41192283630371096,0.5516887664794922,0.9995418787002563,0.5251457691192627,0.7395509084065756,0.9958484172821045,0.39713349342346194,0.7454767227172852,0.9961589574813843
squat,0.4429502487182617,0.0,0.0037126708775758743,0.444977855682373,0.0,0.0008842414245009422,0.43739991188049315,0.0,0.0005129986675456166,0.46387710571289065,0.0,0.007031906861811876,0.4350226879119873,0.0,0.001900882227346301,0.5199937343597412,0.010938072204589843,0.6035370826721191,0.39543197154998777,0.013415145874023437,0.47759807109832764,0.580944013595581,0.060301049550374346,0.9598640203475952,0.33238251209259034,0.05829836527506511,0.9220414757728577,0.6309236526489258,0.06679064432779948,0.9514822363853455,0.27573888301849364,0.08755877812703451,0.9255468845367432,0.49819140434265136,0.30063648223876954,0.9996792078018188,0.4147649765014648,0.30097119013468426,0.9995889067649841,0.5150704383850098,0.5415334701538086,0.9994090795516968,0.4127956390380859,0.5392114639282226,0.9993391633033752,0.5286706924438477,0.7432656606038411,0.9938311576843262,0.3963212490081787,0.7439404805501302,0.9935500025749207
squat,0.4430692195892334,0.0,0.005025082267820835,0.44597301483154295,0.0,0.0012850030325353146,0.4392500877380371,0.0,0.000774426618590951,0.4648590564727783,0.0,0.009496946819126606,0.43935551643371584,0.0,0.0025827570352703333,0.5232554912567139,0.01720889409383138,0.5951536297798157,0.3955435514450073,0.02041482925415039,0.5191248655319214,0.5877515792846679,0.06520888010660807,0.9458206295967102,0.3285027503967285,0.060683822631835936,0.91856849193573,0.635484266281128,0.08738632202148437,0.932084321975708,0.2682773590087891,0.08539819717407227,0.9128377437591553,0.4980842113494873,0.3113431930541992,0.9995823502540588,0.4132530212402344,0.31159661610921224,0.9995172023773193,0.514767837524414,0.5493958791097006,0.9992152452468872,0.4067296028137207,0.5467703501383464,0.9992107152938843,0.5306691646575927,0.7464937845865885,0.9926572442054749,0.3961592674255371,0.7477451960245768,0.9928663969039917
squat,0.4463486194610596,0.0,0.010203380137681961,0.4530555248260498,0.0,0.0028216370847076178,0.44164724349975587,0.0,0.002156596863642335,0.4735088348388672,0.0,0.012774345465004444,0.4359856605529785,0.0,0.005438379943370819,0.531308364868164,0.03804340362548828,0.451006144285202,0.38719925880432127,0.03221085866292318,0.5829746723175049,0.5920880794525146,0.13320271174112955,0.8519254326820374,0.33287644386291504,0.08434321085611979,0.9102500677108765,0.6153346061706543,0.21722009976704915,0.8555838465690613,0.27274551391601565,0.11760892868041992,0.8970322608947754,0.5046083450317382,0.3348848342895508,0.9984961748123169,0.4084142208099365,0.33177814483642576,0.9988033771514893,0.5243648529052735,0.5606982549031575,0.9981428384780884,0.3963125944137573,0.5564725875854493,0.9987488985061646,0.533262062072754,0.745199457804362,0.9884400367736816,0.3958427429199219,0.7519963582356771,0.9916091561317444
squat,0.4502875804901123,0.0045388539632161455,0.4159608781337738,0.46204261779785155,0.0,0.19240212440490723,0.4407482147216797,0.0,0.1919868141412735,0.48175888061523436,0.0,0.12833385169506073,0.4242836952209473,0.0,0.09789944440126419,0.5230757713317871,0.08031562169392904,0.8496415019035339,0.3849855661392212,0.0875844955444336,0.8398208618164062,0.5688742637634278,0.21891616185506185,0.8604273200035095,0.35648255348205565,0.2199445088704427,0.8679373860359192,0.5817692756652832,0.33649412790934247,0.8147443532943726,0.3470027923583984,0.2858788808186849,0.8334123492240906,0.5081425666809082,0.36034421920776366,0.9959849119186401,0.4131072998046875,0.36492818196614585,0.9960867166519165,0.5373886585235595,0.5629329045613607,0.9950758814811707,0.39548325538635254,0.5695546468098959,0.9955476522445679,0.5392489910125733,0.7478548049926758,0.9755163788795471,0.3903076171875,0.7602013270060222,0.9777101278305054
squat,0.449312162399292,0.07223641077677409,0.8772737979888916,0.4658707618713379,0.05676209131876628,0.7806490063667297,0.43682003021240234,0.054616292317708336,0.6767619848251343,0.49042716026306155,0.07363980611165365,0.5567318797111511,0.41753435134887695,0.06825145085652669,0.2672078013420105,0.5274951934814454,0.1651585896809896,0.9793104529380798,0.38647947311401365,0.1721472104390462,0.9408549070358276,0.5824435234069825,0.27050482432047523,0.949314296245575,0.3651573657989502,0.29897613525390626,0.8493369221687317,0.604190444946289,0.34641984303792317,0.8917755484580994,0.3625109910964966,0.38408632278442384,0.7836120128631592,0.5106523036956787,0.4246947924296061,0.9985535740852356,0.41406998634338377,0.4272395769755046,0.9977145195007324,0.5367393970489502,0.5913242975870768,0.9980664849281311,0.3871480941772461,0.5909541447957357,0.9972836971282959,0.5416886806488037,0.7461886088053385,0.9917758703231812,0.39037089347839354,0.7527545928955078,0.9899441003799438
squat,0.4547769069671631,0.17713467280069986,0.9878589510917664,0.47389774322509765,0.1597532272338867,0.9747210144996643,0.44051804542541506,0.15682659149169922,0.9722281098365784,0.500312328338623,0.17285470962524413,0.821511447429657,0.4206704616546631,0.16611029307047526,0.7563871741294861,0.5294195175170898,0.2624371369679769,0.9884257316589355,0.3912009000778198,0.26086928049723307,0.9906840324401855,0.5792925834655762,0.33381859461466473,0.9175664186477661,0.3430142641067505,0.36072425842285155,0.9321979880332947,0.6164530754089356,0.3614628791809082,0.8408847451210022,0.3106980800628662,0.44371210734049477,0.8617298007011414,0.5090970993041992,0.48849385579427085,0.9968745708465576,0.41574606895446775,0.4845963795979818,0.9970635771751404,0.5343742370605469,0.5999093373616536,0.99614018201828,0.3794318675994873,0.5829718907674154,0.9967873096466064,0.552592134475708,0.7487100601196289,0.989806592464447,0.3864213705062866,0.7382152557373047,0.991393506526947
squat,0.4617591857910156,0.28460489908854164,0.9941692352294922,0.4796298027038574,0.26876519521077474,0.9752084016799927,0.44884800910949707,0.26481698354085287,0.9828599095344543,0.5026243686676025,0.27483444213867186,0.8242501616477966,0.42647500038146974,0.2646514892578125,0.862930953502655,0.5316319465637207,0.3480517069498698,0.9974204301834106,0.3939409017562866,0.34601411819458006,0.9988358616828918,0.599853229522705,0.419849427541097,0.9851085543632507,0.3319180727005005,0.42763843536376955,0.994690477848053,0.6457849979400635,0.5014253934224446,0.9713241457939148,0.27018561363220217,0.5284742673238119,0.9866873621940613,0.5150251388549805,0.5596447626749674,0.9992252588272095,0.42453417778015134,0.5579795837402344,0.9994755387306213,0.5394633293151856,0.5826189041137695,0.9979220032691956,0.3809196472167969,0.5771254221598308,0.9987099170684814,0.5444854259490967,0.7403861363728841,0.990726113319397,0.3858520984649658,0.7472766876220703,0.9934536218643188
squat,0.4595060348510742,0.3262787183125814,0.9944877028465271,0.47723636627197263,0.3097405751546224,0.9783325791358948,0.44559173583984374,0.3066462198893229,0.9824268817901611,0.5013149738311767,0.3175721486409505,0.8548174500465393,0.42373127937316896,0.31033503214518227,0.8674154281616211,0.5322112560272216,0.3881352106730143,0.9981346130371094,0.38980712890625,0.3971051851908366,0.9989890456199646,0.6000004768371582,0.45308914184570315,0.9886206984519958,0.32307279109954834,0.4854777654012044,0.9948307871818542,0.6554335117340088,0.5493604660034179,0.9749215245246887,0.2699620246887207,0.5772417068481446,0.9861683249473572,0.5156067848205567,0.5783884684244792,0.9993360638618469,0.42293686866760255,0.5824939092000325,0.9994978904724121,0.5476069450378418,0.5838553746541341,0.9980314373970032,0.38169054985046386,0.5853171666463216,0.9986572265625,0.5404270172119141,0.7361197789510091,0.9912740588188171,0.37830281257629395,0.7464911142985026,0.9934315085411072
squat,0.4589982509613037,0.3195728937784831,0.9936867356300354,0.47626376152038574,0.3042329788208008,0.9714453220367432,0.445034122467041,0.3006466865539551,0.9829036593437195,0.49998884201049804,0.31410290400187174,0.8137892484664917,0.4242556095123291,0.30538387298583985,0.8838194608688354,0.5306521415710449,0.3860390027364095,0.9971745014190674,0.3954348564147949,0.38558982213338217,0.9991294741630554,0.5901231288909912,0.44235722223917645,0.9819469451904297,0.33233280181884767,0.458990478515625,0.9961844086647034,0.6416916847229004,0.49342320760091146,0.9654750227928162,0.2810427188873291,0.5246741930643718,0.9893884062767029,0.5213438510894776,0.5858394622802734,0.999268114566803,0.4321445465087891,0.5842425028483073,0.999592125415802,0.5445215225219726,0.5850591023763021,0.9982036352157593,0.3846621036529541,0.5732133865356446,0.9990860223770142,0.5364704608917237,0.7420365651448567,0.9931008815765381,0.3825467586517334,0.7370026906331381,0.9957759976387024
squat,0.4563297271728516,0.25527087847391766,0.9901066422462463,0.4741502285003662,0.2389564832051595,0.9667429327964783,0.44291257858276367,0.2353346824645996,0.9746567010879517,0.4995523452758789,0.2479827880859375,0.8227515816688538,0.4241685390472412,0.2399740219116211,0.8283520936965942,0.531558609008789,0.3273274103800456,0.9958034157752991,0.39474334716796877,0.323907725016276,0.9979069232940674,0.592601203918457,0.3845891316731771,0.9708648324012756,0.33612277507781985,0.39033711751302086,0.9891058802604675,0.6440260410308838,0.43530661265055337,0.9348205924034119,0.2702770233154297,0.4537272771199544,0.9688012599945068,0.5087761402130127,0.5332220077514649,0.9990336894989014,0.4196330070495605,0.52809632619222,0.9993225336074829,0.5407125949859619,0.601599375406901,0.9974678754806519,0.3871243715286255,0.5776411692301432,0.9984159469604492,0.545546293258667,0.7441410064697266,0.9897090792655945,0.38855915069580077,0.7234907786051432,0.9928432703018188
squat,0.4533836364746094,0.1505733013153076,0.9919089674949646,0.4716203689575195,0.13449230194091796,0.9724721312522888,0.4393134117126465,0.1323889414469401,0.9814273715019226,0.49713845252990724,0.15277160008748372,0.8020470142364502,0.4203654766082764,0.14790606498718262,0.845964789390564,0.5308661460876465,0.2506704012552897,0.9919037222862244,0.3918477535247803,0.2456528663635254,0.9976007342338562,0.5847954750061035,0.3216580708821615,0.9410261511802673,0.332747483253479,0.3209808031717936,0.9867691993713379,0.6120165824890137,0.3439824422200521,0.9012744426727295,0.26455011367797854,0.38577114741007484,0.9664714932441711,0.515088701248169,0.4772107760111491,0.9983119964599609,0.42212233543395994,0.47201283772786456,0.9990742206573486,0.5367303371429444,0.5976757685343425,0.9956854581832886,0.3817608118057251,0.584379514058431,0.997849702835083,0.5589717388153076,0.7435953776041667,0.9810163378715515,0.38817286491394043,0.7454763412475586,0.9885784387588501
squat,0.45355706214904784,0.06373268763224284,0.9682101011276245,0.4708428859710693,0.049458758036295576,0.8966511487960815,0.44071054458618164,0.04710226058959961,0.9391525983810425,0.49477548599243165,0.07075672149658203,0.638023316860199,0.42167816162109373,0.06507937113444011,0.7304104566574097,0.533674955368042,0.17126580874125164,0.981667160987854,0.3872718811035156,0.17067516644795735,0.9949061870574951,0.5946228981018067,0.26119879086812336,0.9019147157669067,0.32920212745666505,0.24637184143066407,0.9825198650360107,0.6162825584411621,0.3362394332885742,0.8350733518600464,0.2665423393249512,0.29089927673339844,0.9536765813827515,0.5131343364715576,0.4227685292561849,0.9988148212432861,0.417553186416626,0.4214082400004069,0.9994052648544312,0.5372501373291015,0.5823002497355143,0.9975408315658569,0.3871816396713257,0.580656369527181,0.9989056587219238,0.5365190982818604,0.7372112274169922,0.9884763956069946,0.3860042095184326,0.752938715616862,0.993452787399292
squat,0.46233015060424804,0.00797421137491862,0.23707103729248047,0.4738743782043457,0.0,0.052534013986587524,0.4522969722747803,0.0,0.0941450223326683,0.4874099254608154,0.007079569498697916,0.04479548707604408,0.42911367416381835,0.0011146863301595051,0.09732027351856232,0.5205077171325684,0.0885817527770996,0.8231049180030823,0.3791493892669678,0.1003787358601888,0.9398463368415833,0.5849170684814453,0.1465139389038086,0.9051550626754761,0.32880144119262694,0.18628098169962565,0.9734938144683838,0.6344226837158203,0.19103822708129883,0.8877745866775513,0.2631345272064209,0.21497297286987305,0.9592339992523193,0.5049422740936279,0.3676278114318848,0.9986648559570312,0.40990099906921384,0.37440147399902346,0.9992043375968933,0.5355188369750976,0.557909901936849,0.998216450214386,0.3973375797271729,0.5696513493855794,0.9990742206573486,0.5342659473419189,0.7284746805826823,0.9887851476669312,0.3924996376037598,0.7600974400838216,0.9927734732627869
squat,0.4409783840179443,0.0,0.08650235831737518,0.4500737190246582,0.0,0.02533772960305214,0.4346475601196289,0.0,0.02083546109497547,0.4711014270782471,0.0,0.047260768711566925,0.42626729011535647,0.0,0.02247239276766777,0.5276974201202392,0.047417100270589194,0.7525128126144409,0.38133351802825927,0.05549949010213216,0.8331881761550903,0.6019690036773682,0.12228129704793295,0.9080103039741516,0.3257340908050537,0.12722654342651368,0.944532573223114,0.6300818443298339,0.18820912043253582,0.8955216407775879,0.26815409660339357,0.162473996480306,0.9281253814697266,0.504330825805664,0.3405479431152344,0.9985083937644958,0.40709991455078126,0.34236494700113934,0.9987998008728027,0.5273411750793457,0.5592610677083333,0.9982095956802368,0.3970329761505127,0.5609708150227865,0.9987930059432983,0.5309370517730713,0.7434773127237956,0.9881017208099365,0.39636950492858886,0.7566006978352865,0.9912705421447754
squat,0.43349409103393555,0.0,0.02702510729432106,0.4377468109130859,0.0,0.007561244070529938,0.42809100151062013,0.0,0.004555051680654287,0.4581154823303223,0.0,0.026888474822044373,0.42604265213012693,0.0,0.00786117184907198,0.5247056961059571,0.018449815114339192,0.7426318526268005,0.38468499183654786,0.019027233123779297,0.7310563325881958,0.6063061714172363,0.0863457997639974,0.9430632591247559,0.3243908643722534,0.07564824422200521,0.9367642998695374,0.6345896244049072,0.13246148427327473,0.935732901096344,0.27251482009887695,0.14021921157836914,0.93169766664505,0.49978790283203123,0.3182882308959961,0.999371349811554,0.40823988914489745,0.315838877360026,0.9993563294410706,0.5163800716400146,0.5524059295654297,0.9991413354873657,0.4054206371307373,0.5489725112915039,0.9992830157279968,0.5272637844085694,0.7436361312866211,0.9932054281234741,0.3979750871658325,0.7487263997395833,0.9943128824234009
squat,0.43793649673461915,0.0,0.01852557063102722,0.44165945053100586,0.0,0.00528474198654294,0.4318251609802246,0.0,0.0032591004855930805,0.46143550872802735,0.0,0.019183402881026268,0.4290201187133789,0.0,0.006355944089591503,0.5207338809967041,0.018129253387451173,0.653262734413147,0.3896902322769165,0.023532835642496745,0.6245200037956238,0.592929744720459,0.07487173080444336,0.9257518649101257,0.3327580690383911,0.0777714729309082,0.9072953462600708,0.6358056545257569,0.10968542098999023,0.9164603352546692,0.2848149299621582,0.12262713114420573,0.9046533703804016,0.494871711730957,0.3138379414876302,0.9990807771682739,0.40804529190063477,0.3142752965291341,0.9990010857582092,0.5130743026733399,0.5465827941894531,0.9989294409751892,0.4076542854309082,0.5439130147298177,0.999041736125946,0.5289622783660889,0.7438024520874024,0.9923720359802246,0.40001659393310546,0.7440100351969401,0.9932684302330017
squat,0.4430102348327637,0.0,0.006991413421928883,0.44509029388427734,0.0,0.0015271548181772232,0.4378868579864502,0.0,0.0010047503747045994,0.46007776260375977,0.0,0.009454818442463875,0.4325722217559814,0.0,0.00364504661411047,0.5183771133422852,0.016909313201904298,0.673503041267395,0.387405252456665,0.018876361846923827,0.6377638578414917,0.5907322406768799,0.06367905934651692,0.9645578265190125,0.3351238489151001,0.06400473912556966,0.9510636925697327,0.6345568180084229,0.10164558092753093,0.9626457691192627,0.27967369556427,0.10921371777852376,0.9540165066719055,0.49381313323974607,0.31440664927164713,0.9996187686920166,0.40664067268371584,0.31294676462809246,0.999572217464447,0.5122097492218017,0.5514298756917317,0.9990866184234619,0.4044343948364258,0.5438013712565104,0.9991424083709717,0.5224460601806641,0.7553922017415364,0.9897958636283875,0.39395461082458494,0.7502307256062826,0.9906405210494995
squat,0.4439990997314453,0.0,0.009954833425581455,0.4470235347747803,0.0,0.0023898568470031023,0.439093017578125,0.0,0.0016497562173753977,0.464443302154541,0.0,0.012612259946763515,0.4366748332977295,0.0,0.004409468732774258,0.522014045715332,0.021813392639160156,0.6701332330703735,0.39400205612182615,0.024265384674072264,0.6021692752838135,0.5938928604125977,0.07011934916178385,0.9493516683578491,0.32890317440032957,0.06902252833048503,0.9260574579238892,0.6362550735473633,0.08183104197184245,0.9365773797035217,0.2631397724151611,0.10221335093180338,0.9209522604942322,0.49423894882202146,0.31268641153971355,0.9994955062866211,0.40973172187805174,0.31175285975138345,0.9994254112243652,0.5109096050262452,0.5501911799112956,0.9989703893661499,0.4033993721008301,0.5456000010172526,0.9989708662033081,0.5332794666290284,0.7510806401570638,0.989847719669342,0.3959188938140869,0.7507124582926432,0.9901317358016968
squat,0.44714746475219724,0.0,0.01757895015180111,0.4505787372589111,0.0,0.0037395216058939695,0.4431154727935791,0.0,0.003309838706627488,0.4678067684173584,0.0,0.014516214840114117,0.44141554832458496,0.0,0.007816458120942116,0.5222930908203125,0.0142851988474528,0.6724978685379028,0.3951961755752563,0.019445387522379558,0.7123573422431946,0.5845722198486328,0.050016291936238605,0.9426875710487366,0.31982760429382323,0.05854867299397786,0.9518581628799438,0.6294657707214355,0.06230775515238444,0.9372507333755493,0.25511670112609863,0.08299070994059245,0.9486433267593384,0.49739713668823243,0.30956961313883463,0.9992220401763916,0.4140148162841797,0.3106095314025879,0.999297022819519,0.5119209289550781,0.5411017735799154,0.9972430467605591,0.4063561916351318,0.5388686498006184,0.9977403879165649,0.5288830280303956,0.7493874867757161,0.9685045480728149,0.39782569408416746,0.7510684967041016,0.9728084206581116
squat,0.44883022308349607,0.002277119954427083,0.015106219798326492,0.4529179573059082,0.0,0.0033495635725557804,0.44287619590759275,0.0,0.0032233146484941244,0.46869778633117676,0.0,0.011454884894192219,0.4350878238677979,0.0,0.007243965286761522,0.5267343044281005,0.02066644032796224,0.6110100150108337,0.38724048137664796,0.02744744618733724,0.6282450556755066,0.5986183166503907,0.05913238525390625,0.9208565354347229,0.32221484184265137,0.07012786865234374,0.9253052473068237,0.633704948425293,0.07825676600138347,0.9064207077026367,0.26006505489349363,0.10156521797180176,0.9169166088104248,0.5041666507720948,0.32473862965901695,0.9992156028747559,0.4121989727020264,0.32612412770589194,0.9992488026618958,0.5204696655273438,0.5564021428426107,0.9983536005020142,0.3994114398956299,0.5553888956705729,0.9985931515693665,0.5365587711334229,0.7582349141438802,0.9856637716293335,0.39392805099487305,0.7633546193440756,0.9872548580169678
squat,0.45579237937927247,0.0010343551635742187,0.023589232936501503,0.4617649555206299,0.0,0.004891199991106987,0.4499635696411133,0.0,0.006203323137015104,0.47653970718383787,0.0,0.013404314406216145,0.4396066188812256,0.0,0.013455546461045742,0.5212483406066895,0.04868151346842448,0.6225157976150513,0.3921683311462402,0.05191170374552409,0.7238422632217407,0.5855278015136719,0.06765050888061523,0.9036386609077454,0.3280113697052002,0.08247830073038737,0.9403434991836548,0.6272745132446289,0.08491923014322916,0.8864406943321228,0.2674532651901245,0.128963836034139,0.9271292686462402,0.5026054859161377,0.33328943252563475,0.999239444732666,0.4161733627319336,0.33509804407755533,0.9993896484375,0.521796703338623,0.5423475901285807,0.9985804557800293,0.3980363368988037,0.547092882792155,0.9989743232727051,0.5401816844940186,0.7391167958577474,0.9895601272583008,0.3914219856262207,0.7575525919596354,0.9915728569030762
squat,0.45421061515808103,0.01116650899251302,0.40915894508361816,0.4662174224853516,0.0,0.1281755566596985,0.4460322380065918,0.0,0.16381284594535828,0.48592424392700195,0.0016981760660807292,0.10190378874540329,0.43192052841186523,0.0,0.11672499775886536,0.5263867378234863,0.0745822270711263,0.8998556137084961,0.38906130790710447,0.07543764114379883,0.961010217666626,0.598191213607788,0.11325985590616862,0.9341009855270386,0.3396862030029297,0.11933285395304362,0.9791337251663208,0.6469573020935059,0.14344975153605144,0.9180493354797363,0.2828592538833618,0.14357703526814777,0.965278148651123,0.5063261032104492,0.35784419377644855,0.9991497993469238,0.4143587589263916,0.35839004516601564,0.9994602799415588,0.5302841186523437,0.559811528523763,0.9983713030815125,0.39601712226867675,0.5636011123657226,0.9991350769996643,0.5375933170318603,0.7356011708577473,0.9880721569061279,0.39365239143371583,0.7585002263387044,0.9923784732818604
squat,0.45787820816040037,0.007301108042399088,0.6574558019638062,0.4717868328094482,0.0,0.2750359773635864,0.4483809947967529,0.0,0.35807785391807556,0.4895637035369873,0.01977688471476237,0.17583441734313965,0.43034839630126953,0.009243043263753255,0.2424880415201187,0.5195889472961426,0.10881557464599609,0.9569977521896362,0.38620882034301757,0.10638840993245442,0.9823623299598694,0.5857975959777832,0.13189382553100587,0.9612644910812378,0.3380195140838623,0.15316737492879232,0.9855660796165466,0.6441738605499268,0.14501285552978516,0.9445151090621948,0.2861112117767334,0.1896187941233317,0.9750205874443054,0.5016285419464112,0.3831153869628906,0.9994137287139893,0.41187052726745604,0.38330427805582684,0.9996023774147034,0.530958604812622,0.5687573750813802,0.9985023736953735,0.39482893943786623,0.5711008707682291,0.9991415739059448,0.5398890495300293,0.7312053680419922,0.9876115918159485,0.39390063285827637,0.7543340047200521,0.9915397763252258
squat,0.4547450065612793,0.056115945180257164,0.9825765490531921,0.47165665626525877,0.039829953511555986,0.9387632608413696,0.441496753692627,0.03674093882242838,0.9499608874320984,0.4956575870513916,0.05261545181274414,0.7152864336967468,0.4227621555328369,0.04507236480712891,0.7099857330322266,0.524211835861206,0.1461183230082194,0.9938971400260925,0.3919936180114746,0.13920950889587402,0.995998740196228,0.5890993595123291,0.18129588762919108,0.9750564098358154,0.33282716274261476,0.18576157887776693,0.986513078212738,0.6469103813171386,0.19308056831359863,0.9467311501502991,0.28062238693237307,0.2297199249267578,0.9691739082336426,0.5038307189941407,0.40736433664957683,0.9995229244232178,0.4164992332458496,0.40383014678955076,0.9996206760406494,0.5362571239471435,0.5764193216959635,0.9986514449119568,0.3958261013031006,0.5663337707519531,0.9990757703781128,0.5441744804382325,0.7454636255900066,0.9900826811790466,0.3844343662261963,0.746928342183431,0.9924731254577637
squat,0.453658390045166,0.0891204833984375,0.9919257760047913,0.4716920852661133,0.07614860534667969,0.9734662771224976,0.4429032802581787,0.07058238983154297,0.9774461388587952,0.49593005180358884,0.09264195760091146,0.837941586971283,0.42699079513549804,0.07940956751505533,0.8127443194389343,0.5275406837463379,0.18315471013387044,0.9956017732620239,0.39298334121704104,0.17737147013346355,0.9978007674217224,0.5869377136230469,0.237935209274292,0.9737251400947571,0.33162431716918944,0.2366196314493815,0.9898377656936646,0.6244195461273193,0.28023961385091145,0.941719651222229,0.28080735206604,0.273054567972819,0.9725112915039062,0.5094040393829345,0.43759361902872723,0.9992886781692505,0.4195551872253418,0.4334413528442383,0.9995065927505493,0.5416983604431153,0.5872146606445312,0.998034656047821,0.38848745822906494,0.5748083750406902,0.9988002777099609,0.5400708675384521,0.7456433614095052,0.9868102073669434,0.37968580722808837,0.7435220082600912,0.9908714890480042
squat,0.45779027938842776,0.1255950927734375,0.9931210875511169,0.47551803588867186,0.11138725280761719,0.9750639796257019,0.44502992630004884,0.10704962412516277,0.9805702567100525,0.4996360778808594,0.12697909673055013,0.8284750580787659,0.4268656253814697,0.11675306955973307,0.836297869682312,0.5234490871429444,0.21428586641947428,0.996415376663208,0.39630377292633057,0.20943768819173178,0.9981325268745422,0.5788592338562012,0.2566509246826172,0.980079710483551,0.33297367095947267,0.26910400390625,0.9915509223937988,0.6364058494567871,0.2862712860107422,0.9550212621688843,0.28066158294677734,0.3192634582519531,0.9780699610710144,0.504924201965332,0.44933837254842124,0.9993690848350525,0.4195061206817627,0.4466358820597331,0.9995431900024414,0.5424424171447754,0.5840209325154623,0.9980745315551758,0.3930058479309082,0.572749137878418,0.9987673759460449,0.5463061809539795,0.7407204945882161,0.9866553544998169,0.3782139778137207,0.7385009765625,0.990356981754303
squat,0.45999579429626464,0.1785580317179362,0.9935178756713867,0.4783793449401855,0.1633328119913737,0.9758811593055725,0.4471759796142578,0.15890092849731446,0.9830583333969116,0.5021659851074218,0.1747312863667806,0.8320739269256592,0.4271223545074463,0.1636568069458008,0.8613572120666504,0.5294686317443847,0.2543657620747884,0.99666827917099,0.39382433891296387,0.25076549847920737,0.9983482360839844,0.5994368553161621,0.2964789390563965,0.9786938428878784,0.3315033197402954,0.31124674479166664,0.9917954802513123,0.6547232627868652,0.33167543411254885,0.9529170393943787,0.27980546951293944,0.3663617134094238,0.9781267642974854,0.5081609725952149,0.4761143366495768,0.9993138313293457,0.41852192878723143,0.47365550994873046,0.999515175819397,0.5429506778717041,0.5844814300537109,0.9979276657104492,0.38753840923309324,0.5759695053100586,0.998719334602356,0.5484136581420899,0.7356146494547526,0.9876723885536194,0.3820854902267456,0.7388153711954752,0.9912618398666382
squat,0.4584644794464111,0.21407540639241537,0.9930739402770996,0.47743949890136717,0.20033588409423828,0.9752829074859619,0.44616312980651857,0.19431215922037762,0.9802098870277405,0.5021387100219726,0.21358973185221355,0.8371657133102417,0.4268686294555664,0.19952128728230795,0.8356937170028687,0.5281516075134277,0.28729702631632487,0.9964542388916016,0.3958195686340332,0.2848705291748047,0.9983047246932983,0.5877874374389649,0.32290960947672526,0.9804776310920715,0.3369931697845459,0.34396254221598305,0.9925559163093567,0.637670373916626,0.3727434158325195,0.960303008556366,0.28607826232910155,0.4007633845011393,0.9816727042198181,0.512016773223877,0.504905637105306,0.9992423057556152,0.42342677116394045,0.5016916275024415,0.999474823474884,0.5472790241241455,0.5865974426269531,0.998184859752655,0.389424467086792,0.5708319346110026,0.9988810420036316,0.5436922073364258,0.7463600158691406,0.990919828414917,0.38319504261016846,0.7378842671712239,0.99368816614151
squat,0.4600849628448486,0.2548009236653646,0.9935234785079956,0.47895069122314454,0.23847732543945313,0.9781633019447327,0.4465974807739258,0.2338158925374349,0.979602575302124,0.5047082901000977,0.24541632334391275,0.8562520742416382,0.42625837326049804,0.2349037806193034,0.8260598182678223,0.5320845127105713,0.3151608149210612,0.9973115921020508,0.39601707458496094,0.31640281677246096,0.9983249306678772,0.5926683425903321,0.35997358957926434,0.9853573441505432,0.3354783058166504,0.3844433784484863,0.9921419620513916,0.6418982028961182,0.4219053268432617,0.9700600504875183,0.2888908386230469,0.4481589953104655,0.9819467663764954,0.5138960361480713,0.5231465657552083,0.9993402361869812,0.42367730140686033,0.5216952959696451,0.9994730353355408,0.5492969512939453,0.580851682027181,0.9984536170959473,0.38999786376953127,0.5681561787923177,0.9989027976989746,0.54396653175354,0.7454415639241536,0.9926711320877075,0.383242130279541,0.7382078170776367,0.9944087862968445
squat,0.46395015716552734,0.2827472686767578,0.9937618374824524,0.48167858123779295,0.2669340133666992,0.9756356477737427,0.45018782615661623,0.26274833679199217,0.9817273616790771,0.504932165145874,0.2736660639444987,0.8308266401290894,0.42794079780578614,0.2643607139587402,0.8611335754394531,0.5324321269989014,0.33872607549031575,0.9973682761192322,0.39592366218566893,0.34533004760742186,0.9987552165985107,0.5895167350769043,0.3809138615926107,0.9851507544517517,0.3362539291381836,0.41546513239542643,0.9942489862442017,0.6384371280670166,0.45478843053181967,0.9703890681266785,0.2917023181915283,0.47509552637736,0.9860410094261169,0.5178143978118896,0.5447253545125326,0.9993688464164734,0.4272898197174072,0.5455677032470703,0.9995532631874084,0.5494936466217041,0.5803840637207032,0.9985076785087585,0.3879841804504395,0.5679829279581706,0.9990412592887878,0.5419657230377197,0.7473491668701172,0.9935100674629211,0.3845670700073242,0.7360191345214844,0.9953567385673523
squat,0.4674342632293701,0.30942274729410807,0.9942814111709595,0.48479571342468264,0.2927549680074056,0.975841760635376,0.4531590938568115,0.2890660603841146,0.9826943278312683,0.5079904079437256,0.2968149503072103,0.8232890963554382,0.430751895904541,0.2887601852416992,0.8708851337432861,0.532795000076294,0.35999431610107424,0.9975953698158264,0.3993247032165527,0.36717507044474285,0.9989795088768005,0.58450345993042,0.40704533259073894,0.9869349002838135,0.3360219717025757,0.4401839256286621,0.9954975843429565,0.6408942222595215,0.4853106180826823,0.9747111797332764,0.28941752910614016,0.49501946767171223,0.989141583442688,0.518244743347168,0.5627349853515625,0.999365508556366,0.4299287796020508,0.5647177378336589,0.9995686411857605,0.5504158496856689,0.572460683186849,0.9984605312347412,0.3911157131195068,0.5624111811319987,0.9990448355674744,0.5385622024536133,0.7441325505574544,0.9934936165809631,0.38378543853759767,0.7348716100056966,0.9954381585121155
squat,0.4682450771331787,0.3287364959716797,0.9945428371429443,0.4853520393371582,0.3120266596476237,0.9760184288024902,0.45444836616516116,0.30924310684204104,0.9833068251609802,0.5076086044311523,0.31621405283610027,0.8172083497047424,0.43109745979309083,0.30900472005208335,0.873659074306488,0.5322187900543213,0.37911090850830076,0.9978083968162537,0.3980372905731201,0.3855878512064616,0.99899822473526,0.5906534671783448,0.4320269902547201,0.9883240461349487,0.334470272064209,0.4599320411682129,0.995484471321106,0.6428738594055176,0.5118197441101074,0.9774420261383057,0.28941514492034914,0.5284213383992513,0.9891436696052551,0.517863655090332,0.5757288614908854,0.9993689656257629,0.4287532329559326,0.5786680221557617,0.9995520710945129,0.544122838973999,0.5669001897176107,0.998472273349762,0.3811213970184326,0.5647891998291016,0.9989929795265198,0.5448942184448242,0.7386686325073242,0.9938058853149414,0.3839162111282349,0.7414712270100912,0.9954311847686768
squat,0.46898641586303713,0.33940003712972006,0.99446702003479,0.4855863094329834,0.3234654108683268,0.9757365584373474,0.4558096885681152,0.32026570638020835,0.9833170771598816,0.5071495532989502,0.32819623947143556,0.8183274865150452,0.4329704284667969,0.3203228632609049,0.8762078285217285,0.5339040279388427,0.390950075785319,0.9978328347206116,0.3987861156463623,0.39837169647216797,0.9990147352218628,0.5964619636535644,0.4487515131632487,0.987743616104126,0.3364439010620117,0.47959232330322266,0.995392918586731,0.6460877418518066,0.5333817799886068,0.9757131338119507,0.2912284851074219,0.5491696039835612,0.9884563684463501,0.5179203510284424,0.5835716247558593,0.9993368983268738,0.428448486328125,0.5862375259399414,0.9995309114456177,0.5451828956604003,0.5672782897949219,0.9984435439109802,0.3805149793624878,0.5644539515177409,0.998986542224884,0.5405442714691162,0.7401314417521159,0.9940458536148071,0.3814857959747314,0.742215347290039,0.9956488013267517
squat,0.4688166618347168,0.3395984649658203,0.9944230914115906,0.4857442855834961,0.32357635498046877,0.9753322005271912,0.45572595596313475,0.32058369318644203,0.9836071729660034,0.5072429656982422,0.3289674758911133,0.8119004368782043,0.43253312110900877,0.3212196985880534,0.8789329528808594,0.5321243286132813,0.390436045328776,0.9976747632026672,0.3973224401473999,0.40033435821533203,0.9989896416664124,0.5939332962036132,0.44693724314371747,0.9870791435241699,0.33461613655090333,0.4839191436767578,0.99529629945755,0.6429869651794433,0.5327660242716471,0.9749186038970947,0.2905569076538086,0.5531898498535156,0.9883155822753906,0.5159185886383056,0.5793249766031902,0.9992625117301941,0.42651000022888186,0.5837602615356445,0.9994858503341675,0.5426307678222656,0.5618517557779948,0.9982854723930359,0.37761974334716797,0.5632912953694661,0.9988896250724792,0.5413730621337891,0.7353583017985026,0.9934765696525574,0.3820174694061279,0.7429450988769531,0.995220959186554
squat,0.4677772521972656,0.3291870752970378,0.9944051504135132,0.48500924110412597,0.3139795303344727,0.9757986068725586,0.4547705173492432,0.3103078206380208,0.9829502105712891,0.5068704605102539,0.32194156646728517,0.8193336725234985,0.43238115310668945,0.312569268544515,0.8740950226783752,0.5297198295593262,0.385969607035319,0.9977743029594421,0.39733457565307617,0.39169267018636067,0.9989527463912964,0.5875136852264404,0.4372798601786296,0.9881008863449097,0.3349174737930298,0.4682050069173177,0.995201826095581,0.6415317535400391,0.5143653233846028,0.9768856763839722,0.29388535022735596,0.5308853467305501,0.9885562062263489,0.5129226207733154,0.5813477834065756,0.9993189573287964,0.4247275829315186,0.5840813954671223,0.9995062351226807,0.542302942276001,0.5629019419352214,0.9984263181686401,0.37914013862609863,0.5597696304321289,0.9989468455314636,0.5404279232025146,0.7396910349527995,0.9939119815826416,0.3826888561248779,0.7412370681762696,0.9954612851142883
squat,0.4683535575866699,0.3070443789164225,0.994769275188446,0.4853238105773926,0.29171616236368814,0.9709238409996033,0.45450172424316404,0.2879569371541341,0.9878221154212952,0.5067057609558105,0.3005242665608724,0.7457912564277649,0.43069968223571775,0.29088802337646485,0.9147363305091858,0.5274538516998291,0.3666278839111328,0.9963763356208801,0.39877264499664306,0.3681182861328125,0.9992076754570007,0.5807205200195312,0.4155814488728841,0.9783095121383667,0.33954310417175293,0.43726542790730794,0.9968848824501038,0.6368430614471435,0.48437341054280597,0.9639254808425903,0.29492478370666503,0.4953418731689453,0.9918904304504395,0.5134939193725586,0.5651449203491211,0.999091386795044,0.42707114219665526,0.5658157348632813,0.9995576739311218,0.5445672988891601,0.5660734176635742,0.9979255199432373,0.38599190711975095,0.55791015625,0.9990680813789368,0.5403492450714111,0.7419373830159505,0.9920514822006226,0.3835302352905273,0.7384329477945963,0.9954485297203064
squat,0.46468420028686525,0.2615872542063395,0.9931608438491821,0.4818748950958252,0.24782522519429526,0.972072422504425,0.4513711929321289,0.24271939595540365,0.9814864993095398,0.5038014888763428,0.26087787946065266,0.81094890832901,0.4299300670623779,0.24905888239542642,0.874457061290741,0.5297280311584472,0.33291215896606446,0.9969193935394287,0.3988331317901611,0.3331611633300781,0.9987168312072754,0.5831071853637695,0.37472766240437827,0.9805825352668762,0.3411898374557495,0.39888877868652345,0.9936479926109314,0.6375301361083985,0.4328580856323242,0.9598169326782227,0.29156856536865233,0.4568169911702474,0.9831050038337708,0.5168070793151855,0.5354190190633138,0.9992000460624695,0.43085503578186035,0.5332751274108887,0.9994675517082214,0.5388214111328125,0.5837177276611328,0.9977060556411743,0.38869714736938477,0.5652875900268555,0.9985920786857605,0.5324007987976074,0.7456761678059896,0.9893553853034973,0.38695192337036133,0.7280184427897135,0.9926122426986694
squat,0.4608165264129639,0.21946600278218586,0.9925960898399353,0.4780893325805664,0.20596885681152344,0.9743271470069885,0.4479926109313965,0.20134366353352864,0.9781548380851746,0.5017544269561768,0.22019421259562175,0.8419695496559143,0.42892160415649416,0.20962074597676594,0.8387942910194397,0.527409029006958,0.2958589871724447,0.9971320629119873,0.39866108894348146,0.29169883728027346,0.9982682466506958,0.5839594841003418,0.3366966883341471,0.9833911657333374,0.3362301826477051,0.3484553654988607,0.9914946556091309,0.6338549137115479,0.37838662465413414,0.9643222093582153,0.2910341262817383,0.39694658915201825,0.9794585704803467,0.5090769290924072,0.4957326889038086,0.9993665814399719,0.4241493701934814,0.49231300354003904,0.9994997978210449,0.5388103485107422,0.5884357452392578,0.9981681108474731,0.39365229606628416,0.5732494354248047,0.9987024068832397,0.5353968620300293,0.748420524597168,0.9894455075263977,0.3856956481933594,0.7373620351155599,0.9919357299804688
squat,0.46464037895202637,0.16949040095011395,0.9930926561355591,0.4822552680969238,0.1558542251586914,0.97282874584198,0.45218772888183595,0.15120038986206055,0.9809689521789551,0.5026574611663819,0.17129561106363933,0.7909594774246216,0.4303945541381836,0.16028951009114584,0.8509846925735474,0.5284821510314941,0.2491043249766032,0.9954745173454285,0.397167444229126,0.24824225107828776,0.9980798959732056,0.5939826488494873,0.279313596089681,0.9760377407073975,0.3472887992858887,0.30123551686604816,0.9910355806350708,0.6319585323333741,0.30667819976806643,0.9575127959251404,0.29663758277893065,0.33592967987060546,0.980068564414978,0.5085875511169433,0.46977640787760416,0.9989498257637024,0.4199120044708252,0.46649971008300783,0.9992706179618835,0.5356527328491211,0.5826283772786458,0.9974199533462524,0.3871269702911377,0.5720394770304362,0.998421311378479,0.5455557346343994,0.7435480753580729,0.9854422807693481,0.3908872365951538,0.743605359395345,0.9898673295974731
squat,0.4622045516967773,0.1067837397257487,0.9893015027046204,0.4799308776855469,0.09412918090820313,0.9645528197288513,0.4509157657623291,0.08983799616495768,0.9825588464736938,0.5008673191070556,0.11327695846557617,0.7256762385368347,0.4322009563446045,0.10286273956298828,0.8653679490089417,0.5338448524475098,0.19939225514729816,0.9788444638252258,0.39627585411071775,0.2009824752807617,0.9959763884544373,0.6028769969940185,0.24998987515767415,0.8434034585952759,0.34567182064056395,0.25800657272338867,0.9789103865623474,0.6358954429626464,0.3013623555501302,0.7638600468635559,0.29480125904083254,0.2736305872599284,0.9424986243247986,0.5114952087402344,0.43730379740397135,0.9958863854408264,0.4194648742675781,0.4355368932088216,0.9981383085250854,0.5402624130249023,0.5793272018432617,0.9943943023681641,0.38905701637268064,0.5734733581542969,0.9978271126747131,0.5418339252471924,0.7365463892618815,0.981456995010376,0.3921454668045044,0.744726053873698,0.9904736876487732
squat,0.4592601776123047,0.04482812881469726,0.9593484401702881,0.47523818016052244,0.029422918955485027,0.9111655950546265,0.447164249420166,0.026813252766927084,0.9324015378952026,0.49677047729492185,0.04170045852661133,0.5749304890632629,0.4271864891052246,0.03493804931640625,0.6223184466362,0.528455400466919,0.13456125259399415,0.9485491514205933,0.3906301736831665,0.139571475982666,0.9677969813346863,0.5653172969818115,0.25246901512145997,0.7609501481056213,0.3458834648132324,0.24955078760782878,0.8805665373802185,0.5751045703887939,0.3460490862528483,0.6180489659309387,0.3287205219268799,0.27928196589152016,0.7750920653343201,0.5152736186981202,0.399026362101237,0.9930672645568848,0.42137560844421384,0.4027801831563314,0.9949730634689331,0.5432393074035644,0.5774365107218424,0.9928939938545227,0.3903620719909668,0.58062318166097,0.9952175617218018,0.542885684967041,0.7459658304850261,0.97881680727005,0.387013578414917,0.7551371256510416,0.9842031002044678
squat,0.4589869976043701,0.005704085032145183,0.6262357234954834,0.47168655395507814,0.0,0.3287399113178253,0.44824724197387694,0.0,0.3212966024875641,0.49276437759399416,0.0,0.20186395943164825,0.43208742141723633,0.0,0.1553477644920349,0.5325684547424316,0.08769753774007162,0.9094924330711365,0.3929189443588257,0.08740971883138021,0.956305980682373,0.5792952060699463,0.18860994974772136,0.9169921875,0.34119162559509275,0.14056116739908855,0.96220463514328,0.6080852508544922,0.28662401835123696,0.8946601152420044,0.2876257419586182,0.13445399602254232,0.9379447102546692,0.5102334022521973,0.36485201517740884,0.9977830052375793,0.4152835845947266,0.3657799402872721,0.9983763694763184,0.5352409362792969,0.5665810267130534,0.9966539144515991,0.39442498683929444,0.5666048685709636,0.997826874256134,0.5429789543151855,0.7463720321655274,0.9788490533828735,0.38941240310668945,0.7511305491129557,0.9849159717559814
squat,0.4622807025909424,0.00279388427734375,0.035219691693782806,0.4684664249420166,0.0,0.007775178644806147,0.4557309627532959,0.0,0.008506427519023418,0.4810821056365967,0.0,0.018517831340432167,0.4421408176422119,0.0,0.016510745510458946,0.5260318756103516,0.06281687418619791,0.7480000257492065,0.39345464706420896,0.06587781906127929,0.7301661968231201,0.6129145145416259,0.07595828374226889,0.9365074038505554,0.33847670555114745,0.09496582349141439,0.925692081451416,0.6774840354919434,0.08841514587402344,0.9143560528755188,0.2822105407714844,0.12577489217122395,0.9126526117324829,0.5026360988616944,0.34298070271809894,0.9993081092834473,0.41526570320129397,0.34494291941324867,0.9992578625679016,0.5225787162780762,0.5528888702392578,0.9984330534934998,0.4005261421203613,0.5580774943033854,0.9985508322715759,0.541237211227417,0.746836535135905,0.9866328239440918,0.39580445289611815,0.7634967803955078,0.9872029423713684
squat,0.4548603057861328,0.009981950124104818,0.02164771594107151,0.45918688774108884,0.0,0.004888009745627642,0.4484203815460205,0.0,0.004360580816864967,0.47307658195495605,0.0,0.015115954913198948,0.43825712203979494,0.0,0.009041761979460716,0.523343849182129,0.03659884134928385,0.7387023568153381,0.3887291431427002,0.038371340433756514,0.6828415989875793,0.6005063533782959,0.06680838267008464,0.9492768049240112,0.3146237373352051,0.07996142705281575,0.9253209233283997,0.6527670860290528,0.05722242991129557,0.9312811493873596,0.25159268379211425,0.1121098518371582,0.9183934926986694,0.4993138790130615,0.32493518193562826,0.9995180368423462,0.41188549995422363,0.3262224833170573,0.9994423985481262,0.5181307315826416,0.5469477971394857,0.9991053938865662,0.40637497901916503,0.5504225413004558,0.9990910291671753,0.5339282035827637,0.7435658137003581,0.9921815395355225,0.3978712558746338,0.7579950968424479,0.9921278953552246
squat,0.4507326126098633,0.0027841885884602865,0.0117490841075778,0.45386590957641604,0.0,0.002593985293060541,0.4453730583190918,0.0,0.002048689406365156,0.46950621604919435,0.0,0.011489748023450375,0.4399461269378662,0.0,0.005337184760719538,0.5231179237365723,0.02319164276123047,0.6909011602401733,0.39417219161987305,0.01933113733927409,0.6295825242996216,0.5957609176635742,0.06203254063924154,0.9529948830604553,0.32677497863769533,0.058863290150960285,0.9327223300933838,0.6446911811828613,0.056444708506266275,0.9405883550643921,0.2678934812545776,0.09732656478881836,0.9287964105606079,0.4962006092071533,0.3130411783854167,0.9995297193527222,0.41187191009521484,0.31038010915120445,0.9994636178016663,0.5140615940093994,0.5492181142171224,0.9990116357803345,0.40917139053344725,0.5435911178588867,0.9990217685699463,0.5276507377624512,0.7443162282307942,0.9901179671287537,0.3958414077758789,0.7460859298706055,0.990372896194458
squat,0.44549245834350587,0.0,0.008991456590592861,0.4492020606994629,0.0,0.002093224786221981,0.4405941963195801,0.0,0.0014504146529361606,0.46825757026672366,0.0,0.011427326127886772,0.43784184455871583,0.0,0.003927329555153847,0.5238837242126465,0.02148122787475586,0.6657965183258057,0.39516773223876955,0.020217164357503255,0.6037523746490479,0.5932171821594239,0.06013444264729818,0.9527112245559692,0.3304396390914917,0.06026782989501953,0.9334092736244202,0.6335813522338867,0.052567481994628906,0.9431129693984985,0.27213563919067385,0.09465417861938477,0.9312387704849243,0.49678478240966795,0.30932172139485675,0.9995662569999695,0.4117139339447021,0.3069723129272461,0.9995130300521851,0.514159870147705,0.5486532211303711,0.9991331696510315,0.40915231704711913,0.5431636810302735,0.9991562366485596,0.5289277076721192,0.7483037312825521,0.9911743402481079,0.39890155792236326,0.7503167470296224,0.9915603995323181
squat,0.4468635082244873,0.0,0.01402428187429905,0.450593900680542,0.0,0.0032033631578087807,0.4415901184082031,0.0,0.0024577921722084284,0.46728835105895994,0.0,0.013539769686758518,0.4367794990539551,0.0,0.005841192789375782,0.5227966785430909,0.021129926045735676,0.7070521712303162,0.39323251247406005,0.020751508076985677,0.651522696018219,0.6004039764404296,0.0645228385925293,0.9525073170661926,0.3294690608978271,0.06416556040445963,0.9351692199707031,0.6481653213500976,0.062412134806315106,0.9398751854896545,0.27052969932556153,0.09254220326741537,0.929560124874115,0.4974644184112549,0.3083158810933431,0.9995213747024536,0.41231536865234375,0.30737759272257487,0.9994638562202454,0.5137807846069335,0.5441790262858073,0.9990090131759644,0.40664281845092776,0.5447294235229492,0.9990448355674744,0.5269057750701904,0.7393545786539714,0.990022599697113,0.39449424743652345,0.7500370025634766,0.9904301762580872
squat,0.44886555671691897,0.0,0.009072558023035526,0.4514512062072754,0.0,0.002015843987464905,0.4439526081085205,0.0,0.0015347572043538094,0.46636762619018557,0.0,0.010352644138038158,0.4389962673187256,0.0,0.004238257184624672,0.5264625072479248,0.018680095672607422,0.6760494709014893,0.3948789596557617,0.01485748291015625,0.5839462280273438,0.6116384506225586,0.062216567993164065,0.954098641872406,0.33331975936889646,0.05265509287516276,0.927544116973877,0.638629674911499,0.03740501403808594,0.942405641078949,0.26805160045623777,0.08197224934895833,0.92403644323349,0.4988080024719238,0.30869369506835936,0.9995526671409607,0.41192970275878904,0.30499992370605467,0.9994707703590393,0.515234375,0.5478101094563802,0.9990646243095398,0.4057870388031006,0.5466616948445638,0.9990490078926086,0.5318967819213867,0.7387661616007487,0.9903296232223511,0.3941138505935669,0.7507411321004231,0.9903823733329773
squat,0.4466977119445801,5.070368448893229e-05,0.007603789679706097,0.4508462905883789,0.0,0.0016337297856807709,0.4410089015960693,0.0,0.0013799635926261544,0.4719370365142822,0.0,0.008591591380536556,0.43736944198608396,0.0,0.003999630454927683,0.5347729682922363,0.017583703994750975,0.552050769329071,0.3973703384399414,0.015731382369995116,0.5578535795211792,0.6126153945922852,0.05433972676595052,0.9271650314331055,0.33799517154693604,0.045529445012410484,0.9324789047241211,0.6344985961914062,0.03361185391743978,0.9291145205497742,0.2692191362380981,0.06713792483011881,0.9359405636787415,0.5045700073242188,0.31334444681803386,0.9991328120231628,0.41391720771789553,0.3085257212320964,0.9991820454597473,0.5141940116882324,0.5503503163655599,0.9972242116928101,0.4078089237213135,0.5435166041056315,0.9977123737335205,0.5259154319763184,0.7556128184000651,0.9691104888916016,0.4018999099731445,0.7579767227172851,0.9733222723007202
squat,0.45178794860839844,0.0020171483357747395,0.021921420469880104,0.4554315090179443,0.0,0.004892007447779179,0.44630727767944334,0.0,0.005078330636024475,0.4676220893859863,0.0,0.014428962022066116,0.43725290298461916,0.0,0.009838320314884186,0.531248664855957,0.023473072052001952,0.678184986114502,0.3879281520843506,0.02489582697550456,0.6533597707748413,0.6259903907775879,0.05927495956420899,0.9223582148551941,0.3226882219314575,0.06264044443766276,0.9157231450080872,0.643429183959961,0.03701794942220052,0.9006289839744568,0.2555508852005005,0.08888409932454427,0.902107298374176,0.5062860012054443,0.32781267166137695,0.9992523789405823,0.4127224922180176,0.32594095865885414,0.9992357492446899,0.5211657047271728,0.5497074762980143,0.9986170530319214,0.39880516529083254,0.5512825012207031,0.9987712502479553,0.5377002716064453,0.7435375213623047,0.9890486001968384,0.39414000511169434,0.7598946889241537,0.9899270534515381
squat,0.45438666343688966,0.0,0.022705670446157455,0.4592555522918701,0.0,0.005458277650177479,0.44840083122253416,0.0,0.004931614268571138,0.47438979148864746,0.0,0.01625113934278488,0.4394707202911377,0.0,0.009435776621103287,0.5332175731658936,0.03789393107096354,0.6933239102363586,0.3927195072174072,0.036761029561360674,0.6362037658691406,0.6259883880615235,0.07385854721069336,0.927353024482727,0.3326655387878418,0.07433745066324869,0.9048787355422974,0.6643833160400391,0.07341143290201822,0.9059403538703918,0.26647558212280276,0.11035561561584473,0.8934512138366699,0.5044707298278809,0.3341767946879069,0.9992411136627197,0.4124927520751953,0.33133227030436196,0.9991538524627686,0.5224244594573975,0.5570074717203776,0.9984807372093201,0.4002519130706787,0.5548577626546224,0.9985544085502625,0.5384527206420898,0.7540648778279623,0.9874613881111145,0.3922282695770264,0.7636421203613282,0.9879754185676575
squat,0.45491924285888674,0.0,0.05290521681308746,0.4635061264038086,0.0,0.012615305371582508,0.4496185302734375,0.0,0.014613253995776176,0.4823305130004883,0.0,0.02686707302927971,0.4408406734466553,0.0,0.022170456126332283,0.5372264385223389,0.053107134501139325,0.6452059149742126,0.39058449268341067,0.05745391845703125,0.8301726579666138,0.6151017189025879,0.10196536382039388,0.867012083530426,0.3354267358779907,0.10084091822306315,0.9552581310272217,0.6460669040679932,0.1429766337076823,0.8602246642112732,0.2763725757598877,0.12309064865112304,0.9360463619232178,0.5105920791625976,0.3487476030985514,0.9986593723297119,0.4132091522216797,0.3492355982462565,0.9991509914398193,0.5271327018737793,0.5592746734619141,0.9980069994926453,0.39266366958618165,0.56365540822347,0.9989481568336487,0.5352966785430908,0.7401169459025065,0.9872159361839294,0.3941651344299316,0.7623908996582032,0.9918993711471558
squat,0.45495901107788084,0.0006622314453125,0.5834043025970459,0.46776161193847654,0.0,0.24973680078983307,0.44615936279296875,0.0,0.26132911443710327,0.487610387802124,0.0012929598490397135,0.1922193020582199,0.431325626373291,0.0,0.1515866369009018,0.5238537311553955,0.08797925313313802,0.9616707563400269,0.39205102920532225,0.08681612014770508,0.9707844853401184,0.5976131439208985,0.13271786371866862,0.9678184390068054,0.34168448448181155,0.13678337732950846,0.9774703979492188,0.6601245880126954,0.1701735496520996,0.944974422454834,0.2875197887420654,0.1705020268758138,0.960196852684021,0.5047761917114257,0.3675670305887858,0.999559223651886,0.41683192253112794,0.36833311716715494,0.9996153116226196,0.5308209419250488,0.5615933100382487,0.9989256262779236,0.39626350402832033,0.5654867808024089,0.9991981387138367,0.5404078483581543,0.7365796407063802,0.9904730916023254,0.3897806167602539,0.7566792170206705,0.9922434687614441
squat,0.45302181243896483,0.02753747304280599,0.7701545357704163,0.46773295402526854,0.014129352569580079,0.4588569104671478,0.445434045791626,0.011183993021647135,0.46856987476348877,0.4897306442260742,0.030424149831136067,0.3209531307220459,0.43187928199768066,0.022988669077555337,0.2578100264072418,0.534552812576294,0.1178408940633138,0.9669014811515808,0.3858825922012329,0.1253424644470215,0.985906720161438,0.609349536895752,0.1865862528483073,0.9594280123710632,0.33587324619293213,0.19501632054646809,0.9849143624305725,0.638928747177124,0.2745753606160482,0.9434453845024109,0.2862464189529419,0.22447710037231444,0.97230464220047,0.5103879451751709,0.3902659098307292,0.9991093277931213,0.411946964263916,0.39294541676839195,0.9993951320648193,0.5381671905517578,0.5686127344767252,0.998077392578125,0.3920332431793213,0.5768709182739258,0.9989116191864014,0.534435510635376,0.7310860951741537,0.9852612614631653,0.3940053701400757,0.7579254786173503,0.9902470111846924
squat,0.45780625343322756,0.07672875722249349,0.9900709986686707,0.4748371601104736,0.06334168116251628,0.9535314440727234,0.4459370136260986,0.05879529317220052,0.978036105632782,0.496816349029541,0.08049662907918294,0.6918660998344421,0.42725505828857424,0.06956526438395182,0.8562442660331726,0.5278162002563477,0.17365172704060872,0.9900652766227722,0.39264843463897703,0.1672025998433431,0.9982510209083557,0.5915705680847168,0.23008907636006673,0.9462297558784485,0.33566951751708984,0.2394915262858073,0.9937278032302856,0.6339531421661377,0.2739998499552409,0.918201208114624,0.2805744409561157,0.3084856669108073,0.9838929176330566,0.5090435028076172,0.42643375396728517,0.9986042380332947,0.41849594116210936,0.4212122599283854,0.9993979930877686,0.5371413230895996,0.5803391138712565,0.9967744946479797,0.39332516193389894,0.5685272216796875,0.9987971782684326,0.5387427330017089,0.7412083943684896,0.980991005897522,0.3866692066192627,0.7448636372884114,0.9904597997665405
squat,0.4564061164855957,0.1352076530456543,0.9915013313293457,0.4746213436126709,0.12063013712565104,0.9729064106941223,0.4441546440124512,0.11585642496744791,0.9758406281471252,0.4998012065887451,0.13261362711588542,0.8398047685623169,0.42585153579711915,0.1211395263671875,0.8083813190460205,0.5324809551239014,0.21666293144226073,0.9961340427398682,0.39484782218933107,0.2127909501393636,0.9976747632026672,0.6012215614318848,0.2722080866495768,0.9770505428314209,0.3367481708526611,0.2837631861368815,0.9888399243354797,0.6462912082672119,0.33171412150065105,0.9503163695335388,0.2908531665802002,0.3624203046162923,0.9723383784294128,0.5155715942382812,0.4520397186279297,0.9993283748626709,0.42486395835876467,0.44856154123942055,0.9994879961013794,0.5448041915893554,0.5882204691569011,0.9980417490005493,0.39307708740234376,0.5789574305216472,0.9987050294876099,0.5420114517211914,0.7400170644124349,0.9875146150588989,0.3828449249267578,0.7428691228230794,0.9908232688903809
squat,0.46071624755859375,0.1904669761657715,0.9933804273605347,0.4798318862915039,0.1739816665649414,0.9740185141563416,0.44690675735473634,0.1690688133239746,0.9827035665512085,0.5044910430908203,0.1821676254272461,0.8245679140090942,0.4250368118286133,0.17059879302978515,0.8668478727340698,0.5336743354797363,0.2576499780019124,0.9967760443687439,0.3945562124252319,0.25819284121195474,0.9986560344696045,0.5984146118164062,0.3116625150044759,0.9793034791946411,0.34086363315582274,0.33609676361083984,0.9936491847038269,0.6425081253051758,0.3746678352355957,0.9578829407691956,0.2935299873352051,0.41578187942504885,0.9830135703086853,0.516412353515625,0.4795199394226074,0.9993962049484253,0.4250380516052246,0.47756226857503253,0.9996100068092346,0.54438157081604,0.5877237955729167,0.9981095790863037,0.3911890506744385,0.5773171106974284,0.9989209175109863,0.5397770881652832,0.7417671839396159,0.9887171983718872,0.38453996181488037,0.7417825063069662,0.9924579858779907
squat,0.4618677616119385,0.237007999420166,0.9934030175209045,0.4807262420654297,0.22125813166300456,0.9771537780761719,0.44891815185546874,0.2162216822306315,0.9794551134109497,0.5061450481414795,0.22751547495524088,0.8490177989006042,0.4283154010772705,0.2160361925760905,0.8296816945075989,0.534423542022705,0.29669272104899086,0.997291624546051,0.39584789276123045,0.299513053894043,0.9984098672866821,0.5987313270568848,0.3523291905721029,0.9855244755744934,0.3368173599243164,0.37843214670817055,0.9928103685379028,0.6461573123931885,0.44048067728678386,0.9714240431785583,0.2929686069488525,0.4626039822896322,0.9835772514343262,0.5148317337036132,0.5050386428833008,0.9993882179260254,0.4234372615814209,0.505089791615804,0.9995250701904297,0.5515426635742188,0.5791233698527019,0.9984459280967712,0.3927818536758423,0.5734905242919922,0.9989421963691711,0.541902494430542,0.7383623758951823,0.9919313788414001,0.382781457901001,0.742569096883138,0.9939650893211365
squat,0.4649247169494629,0.2762684504191081,0.9939413070678711,0.4821645736694336,0.2600961685180664,0.9747817516326904,0.45108976364135744,0.25612208048502605,0.983130931854248,0.5055521488189697,0.26310323079427084,0.8227710127830505,0.42868599891662595,0.2545827865600586,0.8729079365730286,0.5369393348693847,0.3280980428059896,0.9973425269126892,0.3977279424667358,0.3333476384480794,0.9989309906959534,0.6003336906433105,0.3851879119873047,0.9839444756507874,0.3408566951751709,0.4142446200052897,0.9952227473258972,0.64231858253479,0.4743909200032552,0.9695298671722412,0.296193790435791,0.5011518160502116,0.98795086145401,0.5205425262451172,0.5319506963094075,0.9994035959243774,0.42897558212280273,0.5317734400431315,0.9996176958084106,0.552214241027832,0.5824584325154623,0.9984946250915527,0.3934261083602905,0.5724269866943359,0.9991415739059448,0.538693618774414,0.7408439636230468,0.9931377172470093,0.3841965675354004,0.736330795288086,0.9954531192779541
squat,0.4627837657928467,0.3097797393798828,0.9934266805648804,0.4800513744354248,0.29232972462972007,0.9776595234870911,0.4483220100402832,0.28927637736002604,0.9749776124954224,0.5063504695892334,0.2952049891153971,0.8557189702987671,0.42769317626953124,0.2887190500895182,0.7831907868385315,0.5367554187774658,0.36106608708699545,0.9981274008750916,0.40292906761169434,0.363313102722168,0.9978746175765991,0.593203067779541,0.4261177062988281,0.9907110333442688,0.3444343090057373,0.4428280830383301,0.9906066656112671,0.6392862319946289,0.5052786827087402,0.9800552129745483,0.3018921136856079,0.5244416236877442,0.9808669686317444,0.5221039295196533,0.5586844126383463,0.9992871880531311,0.4334123611450195,0.5581644694010417,0.999276340007782,0.5522051811218261,0.582107416788737,0.9980958104133606,0.3981102466583252,0.5695659637451171,0.9982045888900757,0.5396090030670166,0.7487144470214844,0.9907951951026917,0.38822760581970217,0.7361272176106771,0.9915227890014648
squat,0.4660348415374756,0.34169241587320964,0.9942254424095154,0.4825120449066162,0.3233867009480794,0.9759796857833862,0.4507441520690918,0.32125110626220704,0.9809883832931519,0.5068807125091552,0.32463099161783854,0.814340353012085,0.42649059295654296,0.31995995839436847,0.8375776410102844,0.5384652137756347,0.3872520128885905,0.9979451298713684,0.39987850189208984,0.39268547693888345,0.998358428478241,0.6015231609344482,0.45828634897867837,0.9887781739234924,0.3417819023132324,0.4766800880432129,0.9929319620132446,0.6382816314697266,0.5462275822957356,0.9779323935508728,0.3033775568008423,0.5641499837239583,0.9849756360054016,0.525515365600586,0.5772275924682617,0.9992040991783142,0.4334280490875244,0.579220708211263,0.9993185997009277,0.556367301940918,0.5685019175211589,0.998084306716919,0.3932681083679199,0.5654549280802409,0.9984667301177979,0.5412089347839355,0.7440706888834635,0.9920089244842529,0.3843976020812988,0.744992192586263,0.9932931661605835
squat,0.4646932601928711,0.36742267608642576,0.9943172335624695,0.4810597896575928,0.34938983917236327,0.9777745008468628,0.4504372596740723,0.3475284258524577,0.9813605546951294,0.5051978588104248,0.3472002347310384,0.8412628769874573,0.428912878036499,0.34309698740641276,0.848827064037323,0.5363070011138916,0.40939480463663735,0.9978381991386414,0.400020694732666,0.4140512466430664,0.9987910389900208,0.5995159149169922,0.49059486389160156,0.9877210259437561,0.3386063575744629,0.5042435010274251,0.994397759437561,0.6396274089813232,0.588209597269694,0.9762720465660095,0.297771954536438,0.5858726501464844,0.9868699908256531,0.5198588371276855,0.5947657903035481,0.9991378784179688,0.43016777038574217,0.596452267964681,0.9993419051170349,0.5490244388580322,0.559933853149414,0.9981027245521545,0.3875025749206543,0.5603893280029297,0.9986944794654846,0.5358183860778809,0.7369020462036133,0.9933856129646301,0.38221747875213624,0.7453889846801758,0.9950055480003357
squat,0.4650634765625,0.38117446899414065,0.9945936799049377,0.48212437629699706,0.3634892781575521,0.9785581827163696,0.45117940902709963,0.3607553799947103,0.9830126166343689,0.5071824550628662,0.3607891718546549,0.8307437896728516,0.4295056819915771,0.3551438967386881,0.8450456261634827,0.5389173030853271,0.42056172688802085,0.9970955848693848,0.39859397411346437,0.4258861223856608,0.9986947178840637,0.6025698184967041,0.5091574668884278,0.9851093292236328,0.3360011577606201,0.5285312016805013,0.9947810769081116,0.6366952896118164,0.6066925048828125,0.9770191311836243,0.2920441389083862,0.6156057993570964,0.9893631339073181,0.5205740451812744,0.6013865152994792,0.9986820816993713,0.4277529239654541,0.6029499053955079,0.9991074204444885,0.5569394111633301,0.5550313313802083,0.9974070191383362,0.3880887985229492,0.5542453130086263,0.9984044432640076,0.5420440196990967,0.7387304941813151,0.9919948577880859,0.38255560398101807,0.747752571105957,0.9943992495536804
squat,0.46525182723999026,0.3811255137125651,0.9944376945495605,0.48124094009399415,0.3605389912923177,0.9803841710090637,0.45041189193725584,0.3603334426879883,0.9804919958114624,0.5061701774597168,0.3538514773050944,0.8466096520423889,0.4291982650756836,0.3536724090576172,0.8186790347099304,0.5384883403778076,0.4182986577351888,0.9977449178695679,0.3998807430267334,0.42643483479817706,0.9981544613838196,0.602263355255127,0.49532690048217776,0.9872506856918335,0.3361536979675293,0.5101213773091634,0.9906098246574402,0.6390029907226562,0.5879082997639974,0.973972499370575,0.29304301738739014,0.5950692494710287,0.9793349504470825,0.5200103759765625,0.6094976425170898,0.9986627101898193,0.42924022674560547,0.6140267054239908,0.998764157295227,0.5545955657958984,0.5463410059611002,0.9968750476837158,0.3889312744140625,0.5545540491739909,0.9974182844161987,0.5454825401306153,0.7284538269042968,0.990011990070343,0.38291614055633544,0.7473875681559244,0.991425633430481
squat,0.4619699478149414,0.3643658955891927,0.9939976930618286,0.47915196418762207,0.3472671826680501,0.9784931540489197,0.4482723712921143,0.3438786824544271,0.9792985916137695,0.503716230392456,0.34792652130126955,0.8594310879707336,0.4275543212890625,0.34066088994344074,0.8328965306282043,0.5352109909057617,0.4096877415974935,0.9979130625724792,0.3977948188781738,0.4145801544189453,0.998646080493927,0.5953007221221924,0.476763916015625,0.9884158372879028,0.3361860513687134,0.49549570083618166,0.9935498833656311,0.6309217929840087,0.5608777364095052,0.977423369884491,0.29260878562927245,0.5631486256917317,0.9856014847755432,0.5205542087554932,0.6009260177612304,0.9991494417190552,0.4301795482635498,0.6018287658691406,0.9993031024932861,0.5521964073181153,0.5630176544189454,0.9980954527854919,0.3878123998641968,0.5586519877115885,0.9985907673835754,0.5343461990356445,0.7378700256347657,0.9933114051818848,0.38226115703582764,0.7407592137654623,0.9947369694709778
squat,0.46101717948913573,0.331094233194987,0.9938428401947021,0.4781832218170166,0.3144331614176432,0.9726237058639526,0.4468893527984619,0.3117763837178548,0.9826917052268982,0.5014379978179931,0.32009846369425454,0.7880933284759521,0.42490673065185547,0.31390244166056314,0.8688392043113708,0.5327771663665771,0.38345397313435875,0.9952248334884644,0.3994500398635864,0.3852980613708496,0.9988415837287903,0.5880583763122559,0.43956209818522135,0.973554253578186,0.3416703701019287,0.4580669085184733,0.9951879978179932,0.6182435035705567,0.499528694152832,0.9635251760482788,0.2883481025695801,0.52707945505778,0.989571213722229,0.528024959564209,0.5655471801757812,0.9982505440711975,0.43808927536010744,0.5628374735514323,0.9991008043289185,0.5420519828796386,0.5752382278442383,0.9967702627182007,0.3883446216583252,0.5610366821289062,0.9984581470489502,0.5439098358154297,0.7438358942667643,0.9888110160827637,0.3963279962539673,0.7348869323730469,0.9936072826385498
squat,0.4589549541473389,0.2784364064534505,0.9939137101173401,0.4762289047241211,0.26210613250732423,0.975283682346344,0.4442850112915039,0.26006008783976237,0.9821515083312988,0.5009798049926758,0.2725639343261719,0.8121141195297241,0.42329559326171873,0.26884307861328127,0.8515649437904358,0.5349008560180664,0.3439975102742513,0.9951841235160828,0.3994095802307129,0.3472224235534668,0.998591959476471,0.595087718963623,0.3998594284057617,0.9738311767578125,0.34425902366638184,0.4157859802246094,0.9941710829734802,0.6307164192199707,0.4733870506286621,0.9627217054367065,0.2857951641082764,0.4861220677693685,0.987575888633728,0.5227066040039062,0.5368958791097005,0.9982632994651794,0.43111042976379393,0.5337284723917644,0.9990301132202148,0.5470284461975098,0.5781476338704427,0.9963303208351135,0.390692925453186,0.5623490651448567,0.9981505274772644,0.5463181972503662,0.745066769917806,0.9849517941474915,0.3881094217300415,0.7335233688354492,0.9910563230514526
squat,0.4551867961883545,0.25209204355875653,0.9931128621101379,0.47270998954772947,0.2375398635864258,0.9748415350914001,0.44426398277282714,0.2323874791463216,0.9780139923095703,0.49853038787841797,0.23709618250528972,0.8385081887245178,0.4281052589416504,0.22572708129882812,0.8003398180007935,0.5272589683532715,0.2973624229431152,0.9967610239982605,0.4027248859405518,0.2949723561604818,0.9984311461448669,0.5855892181396485,0.35115496317545575,0.9842752814292908,0.3456676483154297,0.36517903010050456,0.9942037463188171,0.6211032390594482,0.39561614990234373,0.9702557325363159,0.28856215476989744,0.42663873036702477,0.9860876202583313,0.5142751693725586,0.5030003229777018,0.9993489384651184,0.43023681640625,0.499225648244222,0.999555766582489,0.5475446701049804,0.5773867925008138,0.998455286026001,0.39335079193115235,0.5665173212687175,0.9990583062171936,0.543494176864624,0.7375118255615234,0.9920969009399414,0.3810105323791504,0.7402043024698893,0.9945520758628845
squat,0.45508270263671874,0.18231245676676433,0.9930742979049683,0.4726449966430664,0.16633478800455728,0.9735857844352722,0.44205365180969236,0.1634632428487142,0.9819172024726868,0.4966094970703125,0.17508455912272136,0.8007685542106628,0.42265820503234863,0.16872421900431314,0.8476896286010742,0.5288477420806885,0.2498146375020345,0.9941112399101257,0.3936596870422363,0.25221060117085775,0.9981039762496948,0.5944911003112793,0.29457674026489256,0.9657865166664124,0.33773317337036135,0.3216569900512695,0.9914148449897766,0.6297324180603028,0.32875919342041016,0.943467378616333,0.28201937675476074,0.37909784317016604,0.9799787402153015,0.5136813163757324,0.47006845474243164,0.9985313415527344,0.42229228019714354,0.46751505533854165,0.9991402626037598,0.5428096771240234,0.5777124404907227,0.996566891670227,0.3887366771697998,0.5668406168619792,0.99822598695755,0.5530415058135987,0.7409347534179688,0.9825615286827087,0.38948397636413573,0.7409550348917643,0.9892435073852539
squat,0.45438332557678224,0.10998538335164389,0.9920545816421509,0.47179474830627444,0.096269957224528,0.9703912138938904,0.44178204536437987,0.09236984252929688,0.9816300868988037,0.4944316864013672,0.11331634521484375,0.7794495820999146,0.4230079174041748,0.10461060206095378,0.8514746427536011,0.5253721237182617,0.2012492815653483,0.9917717576026917,0.39340777397155763,0.19868570963541668,0.9978132247924805,0.5865270614624023,0.2551010290781657,0.9476891756057739,0.3386038064956665,0.2638862133026123,0.9898098707199097,0.6243833541870117,0.29371341069539386,0.9118767976760864,0.2817214488983154,0.30819994608561196,0.974180281162262,0.5100553512573243,0.43787097930908203,0.9985313415527344,0.4208845615386963,0.4340301831563314,0.9992243051528931,0.5397480010986329,0.5817405700683593,0.9971670508384705,0.39306113719940183,0.5704448699951172,0.9986968636512756,0.5442296028137207,0.7403914133707682,0.9859865307807922,0.38794755935668945,0.7415726343790691,0.9920095205307007
squat,0.45293421745300294,0.05649073918660482,0.9825413823127747,0.4697736740112305,0.0413331667582194,0.9218650460243225,0.44007172584533694,0.03978910446166992,0.9738908410072327,0.4911498546600342,0.05640627543131511,0.5641387104988098,0.42018904685974123,0.0531680425008138,0.8512904644012451,0.5272970199584961,0.1419695536295573,0.9672576785087585,0.38820862770080566,0.15571212768554688,0.9969168901443481,0.5972433090209961,0.184075133005778,0.8180562257766724,0.33814895153045654,0.21550188064575196,0.9901021718978882,0.6331601142883301,0.24781332015991211,0.7612572908401489,0.2721369504928589,0.24954431851704914,0.9707762002944946,0.5099072933197022,0.397453244527181,0.9969679713249207,0.41724534034729005,0.40108766555786135,0.9990634322166443,0.5394912719726562,0.5714052836100261,0.995570719242096,0.3944850444793701,0.5743513107299805,0.9988279938697815,0.5397330760955811,0.7301432291666666,0.9816872477531433,0.3917365312576294,0.750482686360677,0.992620050907135
squat,0.45413990020751954,0.0032648722330729167,0.5625897645950317,0.4667851448059082,0.0,0.23301000893115997,0.44344501495361327,0.0,0.29596155881881714,0.4849095344543457,0.006953080495198567,0.15718141198158264,0.42466259002685547,0.004559898376464843,0.18762513995170593,0.5263935565948487,0.09496065775553385,0.9183341860771179,0.3814573287963867,0.10221583048502604,0.9649919271469116,0.6030823230743408,0.1286656697591146,0.9195024371147156,0.32500901222229006,0.15728867848714193,0.969663679599762,0.6493339538574219,0.16021223068237306,0.8913723230361938,0.25620365142822266,0.19798328081766764,0.9493722915649414,0.505979347229004,0.36965497334798175,0.9986873269081116,0.4101247310638428,0.37126677831014,0.9991208910942078,0.5315542697906495,0.5625264485677083,0.9974912405014038,0.3906264781951904,0.5625980377197266,0.9985522627830505,0.5424954891204834,0.7372638702392578,0.9832512736320496,0.3917060375213623,0.7521927515665691,0.9886132478713989
squat,0.44990081787109376,0.013406880696614583,0.12337150424718857,0.45840606689453123,0.0,0.028099337592720985,0.4416675567626953,0.0,0.04676148295402527,0.47655696868896485,0.0,0.034576237201690674,0.4287980556488037,0.004082711537679037,0.05285485088825226,0.5260615348815918,0.06122535069783529,0.7218818664550781,0.385555362701416,0.07180035909016927,0.8725230097770691,0.5995189189910889,0.07545738220214844,0.8547694087028503,0.32451980113983153,0.10406277974446615,0.9548707008361816,0.6294055938720703,0.09892535209655762,0.839374303817749,0.2606582880020142,0.1474928379058838,0.936967670917511,0.506451940536499,0.3446774164835612,0.9986718893051147,0.4145772933959961,0.34766454696655275,0.9992002844810486,0.5239249229431152,0.5558994293212891,0.9973406195640564,0.3959632158279419,0.560498046875,0.9985722303390503,0.5355010509490967,0.7512765248616536,0.9824487566947937,0.393644118309021,0.7698966979980468,0.9884387850761414
squat,0.45137410163879393,0.0010903676350911458,0.01514405757188797,0.455816650390625,0.0,0.003172530559822917,0.4443982601165771,0.0,0.0038490910083055496,0.47078790664672854,0.0,0.00968986377120018,0.4334742546081543,0.0,0.00918362196534872,0.5266530990600586,0.036941909790039064,0.5651983022689819,0.38585672378540037,0.03744716644287109,0.6190475821495056,0.6081151485443115,0.06786559422810873,0.8898589015007019,0.31784934997558595,0.07216243743896485,0.915494978427887,0.648065710067749,0.073258908589681,0.8737332224845886,0.2537264347076416,0.11381985346476237,0.9058794975280762,0.5029691219329834,0.324807612101237,0.9990946054458618,0.41084914207458495,0.32382437388102214,0.9991989731788635,0.5206247806549072,0.5498088200887045,0.9985036849975586,0.40147032737731936,0.5480139414469402,0.9988356232643127,0.5355552673339844,0.7531236012776693,0.9889422655105591,0.3944499969482422,0.7607205708821615,0.9907141923904419
squat,0.4458587169647217,0.0015696843465169271,0.007939199917018414,0.44900050163269045,0.0,0.0017826256807893515,0.440428352355957,0.0,0.0013338373973965645,0.46505155563354494,0.0,0.00952399242669344,0.4344940185546875,0.0,0.0038979314267635345,0.5243982791900634,0.023655192057291666,0.6542171835899353,0.3888004064559937,0.023140525817871092,0.5715808272361755,0.6051271438598633,0.058259805043538414,0.9507473111152649,0.32176914215087893,0.05432405471801758,0.9246909618377686,0.6458036422729492,0.056779098510742185,0.9398665428161621,0.2540153980255127,0.0865250587463379,0.9237180948257446,0.49921631813049316,0.3170875231424967,0.9995655417442322,0.4109395980834961,0.3154711405436198,0.9994924068450928,0.5165660381317139,0.5482626597086588,0.9991714954376221,0.408965015411377,0.5454331080118815,0.9991649389266968,0.5289704322814941,0.7466212590535481,0.9920359253883362,0.3997204780578613,0.7525283177693685,0.9921841025352478
squat,0.4431318759918213,0.0,0.006540720816701651,0.4451598167419434,0.0,0.0014188726199790835,0.43807477951049806,0.0,0.001106124371290207,0.46103758811950685,0.0,0.008530034683644772,0.43494443893432616,0.0,0.0036563219036906958,0.5215546131134033,0.021323744455973306,0.6144480109214783,0.39272594451904297,0.021003595987955728,0.5707094073295593,0.6005887985229492,0.05482063293457031,0.9451487064361572,0.32539126873016355,0.05248880386352539,0.9324097633361816,0.6485134124755859,0.04451939264933268,0.93265700340271,0.2565419912338257,0.07785638173421223,0.9274626970291138,0.49886040687561034,0.31197328567504884,0.9994831085205078,0.4143768310546875,0.3097806930541992,0.9994482398033142,0.5144585609436035,0.5488988240559896,0.9989068508148193,0.4101736068725586,0.5425382614135742,0.9989905953407288,0.5267880916595459,0.7458359400431315,0.9887856245040894,0.3949028730392456,0.7447223663330078,0.9896466135978699
squat,0.44403805732727053,0.0,0.005724946036934853,0.44594721794128417,0.0,0.0011552040232345462,0.4379532814025879,0.0,0.0010650408221408725,0.46051726341247556,0.0,0.006294660270214081,0.43126516342163085,0.0,0.0038278335705399513,0.5189509391784668,0.019356377919514976,0.5615153908729553,0.38836944103240967,0.021286900838216147,0.5463055968284607,0.5933775901794434,0.05742241541544597,0.9348675012588501,0.3239992618560791,0.058089860280354816,0.9296636581420898,0.6399109363555908,0.05123205184936523,0.924098014831543,0.261784029006958,0.07797110875447591,0.9268317818641663,0.5013303756713867,0.305555534362793,0.9994413256645203,0.41558499336242677,0.30562076568603513,0.9994317889213562,0.51566162109375,0.5426585515340169,0.9989606142044067,0.4105712413787842,0.5409258524576823,0.9990733861923218,0.5259790897369385,0.7385387420654297,0.9901210069656372,0.3965994119644165,0.7424029032389323,0.9910278916358948
squat,0.4428885459899902,0.00013777414957682292,0.004372353199869394,0.44569973945617675,0.0,0.00107842986471951,0.4375814437866211,0.0,0.0007002201164141297,0.4643343448638916,0.0,0.00774034159258008,0.4347731590270996,0.0,0.0023738988675177097,0.5270347595214844,0.024668757120768228,0.552354633808136,0.39174690246582033,0.023778502146402994,0.4528002440929413,0.6056716442108154,0.06317113240559896,0.9371231198310852,0.3244504928588867,0.055870787302653,0.9004752039909363,0.64452223777771,0.04266923268636068,0.9262601137161255,0.2617704629898071,0.07204529444376627,0.9028045535087585,0.5014688968658447,0.3129753112792969,0.9994046688079834,0.41323146820068357,0.3108541488647461,0.9992939233779907,0.5163384914398194,0.5489107767740885,0.9989302754402161,0.4115468978881836,0.5452864329020183,0.9989125728607178,0.5282228469848633,0.745207150777181,0.9898899793624878,0.40137643814086915,0.7493033727010091,0.9900698065757751
squat,0.4421849250793457,0.0,0.00412235502153635,0.4447020530700684,0.0,0.0009238819475285709,0.4360798358917236,0.0,0.0006744080455973744,0.4644075870513916,0.0,0.006817378103733063,0.4335803031921387,0.0,0.002446610713377595,0.5308351039886474,0.024675496419270835,0.5410399436950684,0.39391136169433594,0.024930731455485026,0.48731911182403564,0.6143736839294434,0.05834477742513021,0.9367849826812744,0.3328433036804199,0.05148471196492513,0.9228507280349731,0.6523779392242431,0.030464871724446615,0.9287868738174438,0.2736178398132324,0.06723677317301432,0.9215564727783203,0.505007553100586,0.31614729563395183,0.99944669008255,0.41481618881225585,0.31370703379313153,0.9994091987609863,0.51852388381958,0.5522720336914062,0.9988424181938171,0.410040283203125,0.5491418838500977,0.9989551305770874,0.5302799224853516,0.7449692408243815,0.9881600141525269,0.3964489698410034,0.7497792561848958,0.9892038702964783
squat,0.4504375457763672,0.0014192581176757813,0.008782806806266308,0.45391087532043456,0.0,0.0018564386991783977,0.44446377754211425,0.0,0.001722550019621849,0.47089948654174807,0.0,0.00836835615336895,0.438067102432251,0.0,0.004750905092805624,0.5311723232269288,0.018887805938720702,0.5794588327407837,0.3945057153701782,0.015389060974121094,0.5822480320930481,0.6071256160736084,0.06074326833089193,0.9256585240364075,0.3348592758178711,0.049567794799804686,0.9291795492172241,0.6356336593627929,0.03369967142740885,0.9131723046302795,0.26923413276672364,0.06345669428507487,0.9213644862174988,0.506602668762207,0.3168837547302246,0.9993658661842346,0.4163362503051758,0.31289485295613606,0.999387264251709,0.5215037345886231,0.5574045181274414,0.9987518787384033,0.408839750289917,0.5503492991129557,0.9989553689956665,0.5329720497131347,0.7469116846720377,0.9886304140090942,0.3989399909973145,0.7496791839599609,0.9901339411735535
squat,0.4490872859954834,0.0,0.00973760336637497,0.45259699821472166,0.0,0.002356761833652854,0.4446545124053955,0.0,0.0018907514167949557,0.46921424865722655,0.0,0.011232389137148857,0.44144134521484374,0.0,0.004921461921185255,0.5341711521148682,0.02496786117553711,0.6083483695983887,0.39484386444091796,0.02216488520304362,0.5681735873222351,0.6251353263854981,0.06527080535888671,0.9221199154853821,0.32900161743164064,0.05623416900634766,0.9105420112609863,0.6643071174621582,0.04930448532104492,0.9021961688995361,0.26631946563720704,0.07502870559692383,0.8980500102043152,0.5072317600250245,0.32413291931152344,0.9993463158607483,0.4165170669555664,0.3208563486735026,0.9993126392364502,0.5219727516174316,0.5506365458170573,0.9988439083099365,0.4077319622039795,0.5479768753051758,0.9989792704582214,0.5341943740844727,0.743501345316569,0.9906340837478638,0.3988797664642334,0.7524944941202799,0.9915697574615479
squat,0.453867244720459,0.006708463033040364,0.017070677131414413,0.4578604221343994,0.0,0.003895956790074706,0.4483778476715088,0.0,0.0038934205658733845,0.47290821075439454,0.0,0.012400919571518898,0.4414960861206055,0.0,0.008362679742276669,0.5285793304443359,0.034988021850585936,0.6173813343048096,0.3977034568786621,0.033035024007161455,0.6312195062637329,0.6122639656066895,0.07184673945109049,0.9096972942352295,0.3351747035980225,0.06885073979695638,0.9171560406684875,0.6610233306884765,0.06401920318603516,0.8863133788108826,0.2697407007217407,0.09755220413208007,0.9010127782821655,0.5074579238891601,0.3273765563964844,0.9992488026618958,0.42111754417419434,0.3257173538208008,0.9992803931236267,0.5225025653839112,0.5481826782226562,0.9987273812294006,0.4059757232666016,0.5485144297281901,0.9989498257637024,0.5412938594818115,0.7454596201578776,0.9905780553817749,0.3961441993713379,0.7583530426025391,0.9917964935302734
squat,0.4555047988891602,0.013170115152994792,0.06761026382446289,0.46194143295288087,0.0,0.0166808869689703,0.44990105628967286,0.0,0.01671771891415119,0.47721271514892577,0.0,0.03474612161517143,0.4417392730712891,0.0,0.02295791544020176,0.5293641567230225,0.0563511848449707,0.8054152727127075,0.3962212085723877,0.059312661488850914,0.8416028022766113,0.6114836692810058,0.08641722997029623,0.9370774626731873,0.33008339405059817,0.09243119557698568,0.9532585740089417,0.6635407447814942,0.11023273468017578,0.908964216709137,0.2719419002532959,0.1271535555521647,0.9307817220687866,0.510958194732666,0.34405349095662435,0.9994435906410217,0.4231093883514404,0.34559090932210285,0.9995073080062866,0.5289794445037842,0.5488694508870443,0.9991133809089661,0.40287208557128906,0.5548362096150716,0.9993278980255127,0.5382107257843017,0.7311939239501953,0.9934874773025513,0.39023499488830565,0.7510107676188151,0.9946563243865967
squat,0.45699219703674315,0.04201847712198893,0.49506452679634094,0.46642217636108396,0.0271392822265625,0.16807425022125244,0.44899730682373046,0.026048882802327474,0.2045997530221939,0.48328251838684083,0.018293190002441406,0.10887433588504791,0.43507537841796873,0.015369256337483725,0.1260344386100769,0.5268948554992676,0.07319072087605795,0.9202540516853333,0.3918688535690308,0.07109686533610025,0.9629022479057312,0.6074074745178223,0.10128596623738607,0.9502582550048828,0.3293344497680664,0.105757204691569,0.9799542427062988,0.6596972942352295,0.12840636571248373,0.9386386275291443,0.2742744445800781,0.15382811228434246,0.9699091911315918,0.5107401847839356,0.3514644304911296,0.9991497993469238,0.4211451053619385,0.35115029017130533,0.9994065761566162,0.5311103343963623,0.5528633117675781,0.998271107673645,0.40252275466918946,0.5585217793782552,0.9989849925041199,0.5385551452636719,0.7363689422607422,0.9862716197967529,0.39195125102996825,0.760679562886556,0.9906022548675537
squat,0.4526835918426514,0.0015345573425292968,0.7100900411605835,0.46494483947753906,0.0,0.38300806283950806,0.44329080581665037,0.0,0.39962977170944214,0.48647708892822267,0.0025271097819010418,0.2614592909812927,0.4310125827789307,0.0,0.2046118974685669,0.5257489204406738,0.09103091557820638,0.964809238910675,0.39669008255004884,0.08737993240356445,0.9759224653244019,0.6024511337280274,0.12223456700642904,0.9604443907737732,0.33611011505126953,0.12912689844767253,0.9768061637878418,0.6713963031768799,0.14726343154907226,0.931622326374054,0.27936468124389646,0.18293169339497883,0.9574187397956848,0.5082103729248046,0.36835336685180664,0.9994195699691772,0.422444486618042,0.36658926010131837,0.9995306730270386,0.5335802555084228,0.5575415293375651,0.9986542463302612,0.4011749267578125,0.5546986897786458,0.999076247215271,0.541956090927124,0.7388130187988281,0.9890584349632263,0.3862238168716431,0.7492783864339193,0.9916386008262634
squat,0.45592575073242186,0.02074575424194336,0.8922008275985718,0.4696469306945801,0.00660088857014974,0.6621248722076416,0.44359416961669923,0.00503390630086263,0.6906436681747437,0.49109454154968263,0.02398850123087565,0.4229675829410553,0.42547168731689455,0.01996746063232422,0.3949051797389984,0.5279482841491699,0.11447102228800456,0.9878780841827393,0.39164533615112307,0.1135133425394694,0.9910506010055542,0.6057195663452148,0.14308010737101237,0.9796708226203918,0.33438448905944823,0.15901381174723309,0.9868980646133423,0.6770673751831054,0.17603789965311686,0.9607110619544983,0.2857664108276367,0.2155955950419108,0.9745795726776123,0.5123105525970459,0.3865707715352376,0.9996918439865112,0.42244181632995603,0.38654855092366536,0.9997385144233704,0.5401190280914306,0.5688130060831705,0.999030590057373,0.4017502784729004,0.5684906005859375,0.9993077516555786,0.5406983375549317,0.7388435999552408,0.9907792806625366,0.3853909492492676,0.7511277516682943,0.9927264451980591
squat,0.45210723876953124,0.04746449788411458,0.9901871681213379,0.4705902099609375,0.03181641896565755,0.9663048982620239,0.4396446704864502,0.027507464090983074,0.9704836010932922,0.4956178665161133,0.046158250172932944,0.7780457735061646,0.421541166305542,0.03605864842732747,0.7594982981681824,0.5307776451110839,0.1393135706583659,0.9923014640808105,0.3917262554168701,0.1357118288675944,0.9966173768043518,0.6067774772644043,0.17823756535847982,0.9644619226455688,0.33969917297363283,0.18769378662109376,0.9870036244392395,0.6502551555633544,0.21274423599243164,0.9410419464111328,0.28593285083770753,0.241447114944458,0.9723085165023804,0.5129657745361328,0.404487673441569,0.9985895752906799,0.42054047584533694,0.4002766927083333,0.9990527033805847,0.5372805595397949,0.5760265986124674,0.996703565120697,0.3953614950180054,0.5694744110107421,0.9981332421302795,0.5381907939910888,0.740606180826823,0.9770060181617737,0.38716075420379636,0.7507007598876954,0.9848559498786926
squat,0.4539799213409424,0.08126913706461589,0.9922398328781128,0.4713390827178955,0.06520620981852214,0.9754913449287415,0.44088001251220704,0.06284685134887695,0.9798861145973206,0.49638657569885253,0.07565635045369466,0.8254644870758057,0.42312469482421877,0.07004359563191732,0.8122866749763489,0.5312343597412109,0.16295836766560873,0.9942322373390198,0.39484491348266604,0.16585152943929035,0.997097373008728,0.5986932754516602,0.2052880605061849,0.9640534520149231,0.3325494289398193,0.22237192789713542,0.9862732291221619,0.6412252426147461,0.2519707679748535,0.926048755645752,0.28807902336120605,0.2746489842732747,0.9660164713859558,0.5170808792114258,0.42159856160481773,0.9990398287773132,0.42682275772094724,0.42166852951049805,0.9993399977684021,0.5431346893310547,0.5759479522705078,0.9977537989616394,0.3956329107284546,0.5747154871622722,0.9986578226089478,0.5394152641296387,0.7407894134521484,0.9860529899597168,0.38153269290924074,0.7513795216878255,0.9903355836868286
squat,0.4536503791809082,0.11711107889811198,0.9931854009628296,0.4706558704376221,0.10077797571818034,0.9750410914421082,0.43983187675476076,0.09826196034749349,0.9837477803230286,0.49573216438293455,0.10976003011067709,0.812271237373352,0.4217519760131836,0.10393101374308268,0.8562291264533997,0.5277767181396484,0.19484259287516276,0.9945238828659058,0.3945775985717773,0.19408547083536784,0.9980300068855286,0.5896990776062012,0.2378792444864909,0.9636679291725159,0.3315492868423462,0.25376647313435874,0.9910377264022827,0.643033504486084,0.2746182759602865,0.9263662099838257,0.2865018367767334,0.3067766825358073,0.9757980704307556,0.5142477512359619,0.439958127339681,0.9990222454071045,0.4258273124694824,0.4381450653076172,0.9994283318519592,0.5446419239044189,0.5808018366495769,0.9974005222320557,0.3963838815689087,0.5705794016520183,0.9986718893051147,0.5408933162689209,0.7427649180094401,0.9841710925102234,0.3794376373291016,0.7399450937906901,0.9901654124259949
squat,0.4562180519104004,0.13999691009521484,0.9929063320159912,0.47325859069824217,0.1239987055460612,0.9759536981582642,0.4422922134399414,0.12160847981770834,0.9812830686569214,0.49726228713989257,0.13327719370524088,0.8276848793029785,0.42239789962768554,0.12776288986206055,0.8394380807876587,0.5282402515411377,0.21316905021667482,0.9956373572349548,0.3938759803771973,0.21664613087972004,0.9977327585220337,0.5906771659851074,0.25574965476989747,0.9733505845069885,0.33371748924255373,0.2759625752766927,0.9891530275344849,0.6379648208618164,0.31435763041178383,0.945727527141571,0.2933748722076416,0.33409296671549477,0.9741442203521729,0.5135520935058594,0.45310049057006835,0.9991328120231628,0.42468605041503904,0.4536364237467448,0.999381422996521,0.542731523513794,0.5756163914998372,0.9976741671562195,0.39486372470855713,0.5712196985880534,0.998540997505188,0.5378013610839844,0.7403931935628255,0.9860910177230835,0.38177335262298584,0.7430020650227864,0.9900555610656738
squat,0.45607633590698243,0.16762479146321616,0.9934764504432678,0.4723080635070801,0.15081666310628256,0.9747563600540161,0.4417872905731201,0.14942213694254558,0.9829015731811523,0.49578237533569336,0.15656903584798176,0.820137083530426,0.42135796546936033,0.15362364451090496,0.8637689352035522,0.5286865711212159,0.23268718719482423,0.9964578747749329,0.3923580408096313,0.23989189465840657,0.9985160231590271,0.5882959365844727,0.27582356135050456,0.9778828620910645,0.33209226131439207,0.3025714238484701,0.9931333661079407,0.6343379974365234,0.3378506342569987,0.9544133543968201,0.29050559997558595,0.35837688446044924,0.9821312427520752,0.5150818347930908,0.4679637273152669,0.9993581175804138,0.42503905296325684,0.46919110616048176,0.9995868802070618,0.5413315773010254,0.5833231608072916,0.9980489015579224,0.3900919437408447,0.5749600728352865,0.998873770236969,0.5401485919952392,0.7450977325439453,0.9879606366157532,0.38101849555969236,0.7386531829833984,0.9918912649154663
squat,0.45508294105529784,0.19260311126708984,0.9934096336364746,0.47270565032958983,0.17478729883829752,0.9757516384124756,0.44011502265930175,0.17294123967488606,0.9814407825469971,0.4977421283721924,0.1813041051228841,0.8323830366134644,0.4188238143920898,0.17705440521240234,0.8490844368934631,0.5276527881622315,0.25747259457906085,0.996853768825531,0.3923895835876465,0.2623432477315267,0.9983789920806885,0.5851100444793701,0.3043985684712728,0.9814245700836182,0.33760638236999513,0.32611014048258463,0.9924604296684265,0.6319687843322754,0.36783905029296876,0.9622052311897278,0.29706635475158694,0.3871688524881999,0.9815860390663147,0.5135102272033691,0.48141136169433596,0.9993545413017273,0.42409796714782716,0.48185752232869467,0.9995377063751221,0.5390867710113525,0.5828723907470703,0.9980083107948303,0.38913540840148925,0.5736323674519856,0.9987162351608276,0.54104585647583,0.7425493240356446,0.9880924820899963,0.38316500186920166,0.7360876719156901,0.9913939833641052
squat,0.4554743766784668,0.21511316299438477,0.9936953186988831,0.4720149993896484,0.19830055236816407,0.9751389026641846,0.4410818099975586,0.19717992146809896,0.9824737906455994,0.49646916389465334,0.20427633921305338,0.824494481086731,0.42068967819213865,0.2019116719563802,0.8555042743682861,0.5285998344421386,0.2772112528483073,0.9967494010925293,0.3936277151107788,0.28339347839355467,0.9986252784729004,0.5898616790771485,0.3232320785522461,0.9817509055137634,0.3367140293121338,0.345151424407959,0.9942968487739563,0.6329675674438476,0.3905656178792318,0.9655115008354187,0.29908061027526855,0.40428377787272135,0.9861800074577332,0.5131799221038819,0.49480021794637047,0.9993405938148499,0.42318382263183596,0.49566338857014974,0.9995750784873962,0.5431045055389404,0.5835012435913086,0.9982927441596985,0.38966553211212157,0.5758333841959635,0.9990183115005493,0.5422032833099365,0.7446771621704101,0.9906615614891052,0.3821588039398193,0.7394577662150065,0.993760883808136
squat,0.45666041374206545,0.2370794932047526,0.9937509894371033,0.4733410835266113,0.2202838897705078,0.9761307239532471,0.4424466133117676,0.2187551498413086,0.9810623526573181,0.4975403308868408,0.22491337458292643,0.8410308957099915,0.4215986251831055,0.22182544072469076,0.8504762649536133,0.531091833114624,0.29389909108479817,0.9973994493484497,0.3932624340057373,0.30446999867757163,0.9987609386444092,0.5913395881652832,0.3393887837727865,0.9856056571006775,0.33699755668640136,0.3708841641743978,0.994572103023529,0.6358818531036377,0.4274314880371094,0.9718808531761169,0.29788875579833984,0.4347972869873047,0.986966609954834,0.5181609630584717,0.5104435920715332,0.999452531337738,0.426961612701416,0.5125906308492024,0.9996212720870972,0.5443295001983642,0.5854049682617187,0.9985511898994446,0.38852975368499754,0.5757178624471029,0.99909508228302,0.5422833442687989,0.7481980005900065,0.9922900795936584,0.3858174324035645,0.7370289484659831,0.9946016073226929
squat,0.4575493812561035,0.2560400644938151,0.9939140677452087,0.47414841651916506,0.23860626220703124,0.9755166172981262,0.4429462432861328,0.23716888427734376,0.9823192954063416,0.49809751510620115,0.24249216715494792,0.8270562291145325,0.4208532333374023,0.23955246607462566,0.8594104051589966,0.5309262752532959,0.3118949254353841,0.9973863959312439,0.39425134658813477,0.32089986801147463,0.9987707734107971,0.5963564872741699,0.365690803527832,0.9848936200141907,0.34130172729492186,0.3933928807576497,0.9946013689041138,0.6406733512878418,0.4502166430155436,0.9714282155036926,0.30056560039520264,0.4627231597900391,0.9871461391448975,0.5171387672424317,0.5175856908162435,0.9994233846664429,0.42689971923828124,0.5193880399068197,0.9996052384376526,0.544926929473877,0.5813325881958008,0.9985814094543457,0.3912339210510254,0.5743193944295247,0.9991317391395569,0.5427135944366455,0.7442618052164713,0.9929925203323364,0.38722844123840333,0.7391038258870443,0.9951378703117371
squat,0.45949296951293944,0.272635014851888,0.9938321113586426,0.4754810333251953,0.2555914560953776,0.9765620827674866,0.44497041702270507,0.253857421875,0.9798632264137268,0.4987812042236328,0.25888506571451825,0.8443043828010559,0.4226850032806396,0.2560009002685547,0.8450188636779785,0.5328079700469971,0.3252503712972005,0.9979361295700073,0.39453260898590087,0.3370234807332357,0.9987418055534363,0.5947052955627441,0.37632017135620116,0.9887863397598267,0.3393697261810303,0.41415208180745444,0.9941755533218384,0.6393757820129394,0.46907882690429686,0.9773335456848145,0.29902067184448244,0.4898158709208171,0.9865071773529053,0.5195230007171631,0.5284448623657226,0.9994708895683289,0.428402042388916,0.5303236643473307,0.9995819926261902,0.5460009574890137,0.5841418584187825,0.9985787868499756,0.38986682891845703,0.5713114420572917,0.9989792704582214,0.541170072555542,0.7490289052327473,0.9927603006362915,0.3858060121536255,0.7314690907796224,0.9944570064544678
squat,0.4608649253845215,0.28894259134928385,0.994044840335846,0.47649517059326174,0.27213344573974607,0.9743838310241699,0.4464390277862549,0.270417308807373,0.9823671579360962,0.498981237411499,0.27565717697143555,0.8197306394577026,0.42378435134887693,0.272502072652181,0.8708634376525879,0.53219575881958,0.3426687240600586,0.9977197051048279,0.395478630065918,0.3528752326965332,0.9989646673202515,0.5946211814880371,0.39874397913614906,0.986555814743042,0.3416164398193359,0.43195438385009766,0.995318591594696,0.6396335601806641,0.48948491414388023,0.9742217063903809,0.3004440784454346,0.5053674379984537,0.9885744452476501,0.518763542175293,0.5448202768961589,0.9994307160377502,0.4287376880645752,0.5463694890340169,0.9996119141578674,0.5450514793395996,0.5799624760945638,0.9986131191253662,0.3904510259628296,0.5676986694335937,0.9991422891616821,0.5386686801910401,0.7479127248128256,0.99382084608078,0.38824527263641356,0.7324878692626953,0.9957083463668823
squat,0.46179790496826173,0.3127272605895996,0.9940376281738281,0.4782891273498535,0.2954361915588379,0.9770920872688293,0.4475897789001465,0.2932613690694173,0.9800843000411987,0.5017545700073243,0.29719200134277346,0.8401674032211304,0.4254049301147461,0.2923870086669922,0.8424481749534607,0.5321069717407226,0.3607916514078776,0.9978639483451843,0.3980696678161621,0.36880242029825844,0.9986979961395264,0.5945931911468506,0.4215905507405599,0.9888076186180115,0.34181525707244875,0.4499473571777344,0.9941074848175049,0.6415311336517334,0.5118930816650391,0.9785312414169312,0.3025592088699341,0.5282164891560872,0.9868883490562439,0.5210018157958984,0.5548104604085287,0.9993357062339783,0.43254928588867186,0.5570528666178386,0.9994702935218811,0.5452531814575196,0.5715618769327799,0.998379111289978,0.39010703563690186,0.566752815246582,0.9988210797309875,0.5401038646697998,0.744613520304362,0.992789089679718,0.38749470710754397,0.7419193903605144,0.9943882822990417
squat,0.46172218322753905,0.3351418177286784,0.9941396713256836,0.4780712604522705,0.31803929011027016,0.9768675565719604,0.4478328227996826,0.31586122512817383,0.980129599571228,0.5009530067443848,0.31940345764160155,0.8379985094070435,0.4254483699798584,0.3142578125,0.8434740304946899,0.5303879737854004,0.38106616338094074,0.9980408549308777,0.39800271987915037,0.3877033869425456,0.9987132549285889,0.5958547592163086,0.446150271097819,0.9899388551712036,0.3456139087677002,0.46959629058837893,0.9942770600318909,0.6393206596374512,0.535400390625,0.9807361364364624,0.30892329216003417,0.5473986307779948,0.9873981475830078,0.5174028396606445,0.5707260767618815,0.9993290901184082,0.4294672966003418,0.5728099822998047,0.9994440674781799,0.544317102432251,0.5651924133300781,0.998369038105011,0.38642158508300783,0.5631034215291341,0.9987744688987732,0.5406383037567138,0.740734354654948,0.9931667447090149,0.38582944869995117,0.7432017008463542,0.9945359230041504
squat,0.46088237762451173,0.36058549880981444,0.9942037463188171,0.4784557819366455,0.3415706952412923,0.9797108769416809,0.44619336128234866,0.34141133626302084,0.9798433184623718,0.504298210144043,0.34022776285807294,0.8147667646408081,0.4233569622039795,0.3399591128031413,0.7712829113006592,0.5361448764801026,0.39692490895589194,0.9954707622528076,0.39888901710510255,0.41277726491292316,0.9973142743110657,0.6007879257202149,0.47210610707600914,0.9838272333145142,0.3478914737701416,0.5051995913187662,0.9913654327392578,0.6340375423431397,0.582318369547526,0.9806937575340271,0.3089750289916992,0.586182975769043,0.9875907897949219,0.5240403652191162,0.5753184636433919,0.9973167777061462,0.43236374855041504,0.5819831848144531,0.9979498982429504,0.546840238571167,0.5500821431477865,0.994780957698822,0.38575568199157717,0.5610987345377604,0.9962378740310669,0.547879695892334,0.7301069259643554,0.9832338690757751,0.3876086711883545,0.7503914515177409,0.9868139028549194
squat,0.4641915798187256,0.3864086786905924,0.9944226145744324,0.4797238349914551,0.36636578241984047,0.979243278503418,0.4494150161743164,0.3673925717671712,0.9801868796348572,0.502959156036377,0.362954584757487,0.8307433724403381,0.4274006366729736,0.36462087631225587,0.8188124895095825,0.5294630050659179,0.4247465451558431,0.9978113770484924,0.40238232612609864,0.4364420255025228,0.9980085492134094,0.5943723678588867,0.5005809148152669,0.988652765750885,0.3534530162811279,0.524864133199056,0.9901883006095886,0.6417417526245117,0.5916858673095703,0.9773184657096863,0.31717758178710936,0.612188212076823,0.9790371060371399,0.5126395225524902,0.6136283874511719,0.9986129999160767,0.4276556968688965,0.620434315999349,0.9986273050308228,0.5426863670349121,0.5310898780822754,0.9972278475761414,0.3844443798065186,0.5424864451090495,0.9975270628929138,0.5465153694152832,0.7314538319905599,0.9918292164802551,0.38862056732177735,0.7510175704956055,0.9926002621650696
squat,0.46428699493408204,0.399243418375651,0.9943684935569763,0.4810504913330078,0.3822020530700684,0.9768853187561035,0.4508880615234375,0.37922261555989584,0.9824449419975281,0.5042363166809082,0.380979061126709,0.812648594379425,0.42821469306945803,0.3740736325581869,0.8420571088790894,0.5316658973693847,0.4397821108500163,0.9971604347229004,0.3998189210891724,0.44306720097859703,0.9984710812568665,0.5990824699401855,0.5278774579366048,0.9860759377479553,0.35017666816711424,0.5471460342407226,0.9939559102058411,0.6326448440551757,0.6163654327392578,0.9786655306816101,0.31222708225250245,0.6482943852742513,0.9879686832427979,0.5131674766540527,0.6137874603271485,0.9986034035682678,0.42490806579589846,0.6150504430135091,0.9989607334136963,0.5481626987457275,0.5502025604248046,0.9974786639213562,0.3843513011932373,0.5519964853922527,0.9982964396476746,0.5409821510314942,0.7369331995646159,0.992962658405304,0.38413090705871583,0.7512492497762044,0.9947212934494019
squat,0.4635459899902344,0.3982491175333659,0.9941285848617554,0.4804478645324707,0.3818114598592122,0.9776416420936584,0.4508350372314453,0.3792019526163737,0.9809269905090332,0.5040069103240967,0.3830809275309245,0.8335920572280884,0.4299023151397705,0.3765570640563965,0.8328978419303894,0.5311369895935059,0.4413719813028971,0.9973827004432678,0.4012450695037842,0.4472008387247721,0.9984617233276367,0.5987272262573242,0.5245855331420899,0.9874228239059448,0.3493873357772827,0.5476174672444661,0.993796706199646,0.6323637962341309,0.6105520884195964,0.9799088835716248,0.31780850887298584,0.6356014251708985,0.9876799583435059,0.5144383907318115,0.6099406560262044,0.9988101720809937,0.4272914409637451,0.6133792877197266,0.9990730285644531,0.5483058452606201,0.554507064819336,0.9977133274078369,0.3843322038650513,0.5644654591878255,0.9983934760093689,0.5409730911254883,0.7339248657226562,0.993061363697052,0.38234591484069824,0.7596721649169922,0.9946168065071106
squat,0.46506590843200685,0.38373549779256183,0.9944380521774292,0.4816868782043457,0.36672112147013347,0.9762082099914551,0.451082181930542,0.3644020398457845,0.982944667339325,0.5049057483673096,0.3680395762125651,0.7960360646247864,0.4287526607513428,0.36275615692138674,0.8445168733596802,0.5288400650024414,0.4256481170654297,0.99662846326828,0.4060253620147705,0.43196061452229817,0.9984862208366394,0.5889981746673584,0.49874267578125,0.98471999168396,0.3620919704437256,0.5207602183024088,0.9947333335876465,0.6360260009765625,0.5974266688028972,0.9783034920692444,0.3236843585968018,0.599834950764974,0.990084171295166,0.5152210235595703,0.6044580459594726,0.9985920786857605,0.43162875175476073,0.6068280537923177,0.9990437626838684,0.5507868766784668,0.5400506337483724,0.9975711703300476,0.3901808500289917,0.5403113047281901,0.9985066056251526,0.5426120758056641,0.7356667836507161,0.9932771325111389,0.38311967849731443,0.7441317240397135,0.9952704310417175
squat,0.46359877586364745,0.35184303919474286,0.9935498833656311,0.47969627380371094,0.3358616828918457,0.9731242060661316,0.4506800651550293,0.3326009750366211,0.9797032475471497,0.501692247390747,0.3369208653767904,0.8088698983192444,0.4287055015563965,0.32871325810750324,0.8449361324310303,0.5295901298522949,0.39627513885498045,0.9974687099456787,0.4043916702270508,0.39679365158081054,0.9986482262611389,0.5978930950164795,0.47482833862304685,0.9866322875022888,0.35936641693115234,0.48581552505493164,0.994356095790863,0.64248628616333,0.5708148956298829,0.9758568406105042,0.3225627660751343,0.5727445602416992,0.9871447682380676,0.5199446201324462,0.577456283569336,0.9991496801376343,0.435941743850708,0.5767547607421875,0.9993687272071838,0.5426627159118652,0.5586146036783854,0.9983097314834595,0.3893438816070557,0.5539770126342773,0.9988654851913452,0.5395214080810546,0.7418649673461915,0.9941524863243103,0.39101946353912354,0.7437222798665365,0.9956861734390259
squat,0.4567206859588623,0.2942676544189453,0.990825355052948,0.474413537979126,0.278305721282959,0.9683065414428711,0.44372758865356443,0.2728425979614258,0.9665221571922302,0.5005219936370849,0.28200658162434894,0.8208882808685303,0.42355690002441404,0.26991316477457683,0.7472457885742188,0.529192590713501,0.3453777949015299,0.9976475834846497,0.3996718406677246,0.3423905372619629,0.9974289536476135,0.586845874786377,0.4205753326416016,0.989345371723175,0.3568910837173462,0.4351025581359863,0.9901716113090515,0.6310450553894043,0.5044510523478191,0.9775535464286804,0.31838440895080566,0.5244546254475911,0.9794849753379822,0.5150322914123535,0.5323519070943197,0.9993552565574646,0.4275183200836182,0.528169059753418,0.999363362789154,0.5510212421417237,0.5779979705810547,0.9985623955726624,0.3957828044891357,0.5535767873128256,0.9986957907676697,0.5433427810668945,0.7518398920694987,0.9934744238853455,0.3910318613052368,0.7245953877766927,0.9942427277565002
squat,0.45221858024597167,0.2335792859395345,0.991897702217102,0.47118706703186036,0.21614160537719726,0.9709567427635193,0.43821039199829104,0.2116398016611735,0.9795411229133606,0.49702744483947753,0.218540891011556,0.8126853704452515,0.41719880104064944,0.2079124609629313,0.8397660851478577,0.5267227172851563,0.28371575673421223,0.9957647323608398,0.3949770212173462,0.2807003657023112,0.998114824295044,0.5916806697845459,0.35410435994466144,0.973248302936554,0.35298197269439696,0.3613052686055501,0.991723358631134,0.636588191986084,0.4304934501647949,0.9474623203277588,0.3076061487197876,0.4399545669555664,0.977813720703125,0.5131827831268311,0.4834327697753906,0.9992103576660156,0.4252192974090576,0.4791712443033854,0.999481737613678,0.5399168968200684,0.5828028361002604,0.9980443716049194,0.3879377841949463,0.5660515467325846,0.9988653659820557,0.5412653923034668,0.7458212534586589,0.9907371401786804,0.3831082582473755,0.7352757136027018,0.9938526153564453
squat,0.4498570442199707,0.17376111348470052,0.9919276237487793,0.46709213256835935,0.15749295552571616,0.9717080593109131,0.43698973655700685,0.15314725240071614,0.9791240096092224,0.4895185470581055,0.15585549672444662,0.7795213460922241,0.4153998374938965,0.1465267499287923,0.8233519792556763,0.5191745758056641,0.22050296465555827,0.9942883253097534,0.3847064971923828,0.22253383000691732,0.9973645806312561,0.5872206211090087,0.28114852905273435,0.9683382511138916,0.33200716972351074,0.31164592107137046,0.9877009987831116,0.626095199584961,0.3374470074971517,0.9428901672363281,0.2803725957870483,0.3906269391377767,0.9726759195327759,0.5038350582122803,0.44122625986735026,0.9989846348762512,0.4136816501617432,0.4398138364156087,0.9992844462394714,0.538853931427002,0.5756066004435222,0.9980461597442627,0.3887672424316406,0.5692935307820638,0.9988083839416504,0.5432490825653076,0.7375178654988607,0.990509033203125,0.38266539573669434,0.7449050903320312,0.9934259653091431
squat,0.4391988754272461,0.08747193018595377,0.9760639667510986,0.45466885566711424,0.07258599599202474,0.9227904081344604,0.42766504287719725,0.0707432746887207,0.9443279504776001,0.4776498794555664,0.08304068247477213,0.6646241545677185,0.41080942153930666,0.07923994064331055,0.7015587687492371,0.5165486812591553,0.16589069366455078,0.9837852716445923,0.3807729482650757,0.1698023478190104,0.9945483803749084,0.5901459693908692,0.225798495610555,0.9285895824432373,0.3186250448226929,0.24335697491963704,0.9819611310958862,0.6235287666320801,0.2796014149983724,0.8864483833312988,0.25798332691192627,0.3082482655843099,0.9602075219154358,0.503783893585205,0.40554415384928383,0.9983993172645569,0.4133897304534912,0.40545495351155597,0.9990781545639038,0.5348344802856445,0.5722038269042968,0.997574508190155,0.39255144596099856,0.5728715896606446,0.9988032579421997,0.5388781070709229,0.7362518310546875,0.988342821598053,0.38514509201049807,0.7536961237589518,0.9929897785186768
squat,0.4431875228881836,0.016265328725179037,0.4646895229816437,0.4538753509521484,0.0023169517517089844,0.11543314903974533,0.4349480152130127,0.0006283442179361979,0.19804997742176056,0.4708054542541504,0.013621679941813151,0.08846647292375565,0.4193453788757324,0.00944827397664388,0.16929394006729126,0.5112998008728027,0.09326171875,0.9333240985870361,0.3722853660583496,0.10067818959554037,0.9823007583618164,0.5865521430969238,0.14356775283813478,0.9587901830673218,0.3052112579345703,0.1889126459757487,0.9916341304779053,0.6434937000274659,0.18597647349039714,0.9498848915100098,0.24116387367248535,0.2617380460103353,0.9863373637199402,0.4969214916229248,0.36714035669962564,0.9992877840995789,0.40503907203674316,0.37103258768717445,0.9996242523193359,0.5289397239685059,0.5612213134765625,0.9984176158905029,0.39875614643096924,0.566813596089681,0.9992839694023132,0.5329660892486572,0.7367078145345052,0.9849811792373657,0.39269218444824217,0.7602241516113282,0.9912459254264832
squat,0.42798662185668945,0.049710687001546225,0.3504158556461334,0.4355026721954346,0.03167565663655599,0.09414014220237732,0.4177999973297119,0.03506151835123698,0.11778240650892258,0.45570850372314453,0.013826592763264974,0.08434411883354187,0.4039414405822754,0.022451273600260415,0.0831875279545784,0.508219575881958,0.06617755889892578,0.9317348003387451,0.3681380271911621,0.07525723775227865,0.9567441344261169,0.5853289604187012,0.12851540247599283,0.9633395671844482,0.30270705223083494,0.1554234822591146,0.981244683265686,0.6300185203552247,0.1847456455230713,0.9515408277511597,0.24274637699127197,0.254996379216512,0.9736276268959045,0.4992110252380371,0.3344916025797526,0.9995198249816895,0.40807714462280276,0.3383541425069173,0.9996410608291626,0.5195829391479492,0.5564567565917968,0.9989258646965027,0.39829847812652586,0.5608693440755208,0.9992805123329163,0.5353413105010987,0.740296999613444,0.9896959066390991,0.3940954923629761,0.7555192947387696,0.9922791719436646
squat,0.42052621841430665,0.0,0.021407993510365486,0.42396321296691897,0.0,0.003366524586454034,0.4152084827423096,0.0,0.004182640928775072,0.437276554107666,0.0,0.012914454564452171,0.4064671516418457,0.0,0.013377879746258259,0.49811244010925293,0.03471444447835286,0.7859190106391907,0.3570107460021973,0.045771090189615886,0.8845459818840027,0.5780924797058106,0.11932249069213867,0.96185702085495,0.2952483892440796,0.162382443745931,0.9830694198608398,0.6232069969177246,0.1897364616394043,0.9588775634765625,0.24588894844055176,0.27096071243286135,0.9799011945724487,0.4937483310699463,0.3253676732381185,0.9997135996818542,0.4012789249420166,0.33010002772013347,0.9997994303703308,0.5131067752838134,0.55277099609375,0.9994326233863831,0.39503796100616456,0.5570569356282552,0.9996572732925415,0.5251618385314941,0.7421742121378581,0.9940687417984009,0.39135901927947997,0.7567468007405599,0.9958863854408264
squat,0.41234288215637205,0.0,0.019206106662750244,0.41533217430114744,0.0,0.0029392442665994167,0.4066013813018799,0.0,0.00400126026943326,0.4287508487701416,0.0,0.010784563608467579,0.3965641498565674,0.0,0.01351416576653719,0.48810567855834963,0.026674207051595053,0.7519925832748413,0.3479296684265137,0.045969676971435544,0.8703672289848328,0.5607730865478515,0.12276604970296225,0.9567194581031799,0.2995902061462402,0.17853142420450846,0.9819902181625366,0.60526442527771,0.24457791646321614,0.9570000767707825,0.26250371932983396,0.31784693400065106,0.9795178174972534,0.4847261428833008,0.3180798848470052,0.9996596574783325,0.39212942123413086,0.3270802815755208,0.9997664093971252,0.5082985877990722,0.5505999247233073,0.9992890357971191,0.38985936641693114,0.5579598108927409,0.9995736479759216,0.5236532688140869,0.7423428853352865,0.9927605390548706,0.3912342071533203,0.7554955164591471,0.9949831962585449
squat,0.39427001476287843,0.0,0.05513834208250046,0.39992518424987794,0.0,0.011040721088647842,0.3881502389907837,0.0,0.008913705125451088,0.41994218826293944,0.0,0.031901098787784576,0.38079161643981935,0.0,0.01640881784260273,0.4778223991394043,0.033196449279785156,0.8959076404571533,0.34222803115844724,0.049759292602539064,0.909950315952301,0.5437534332275391,0.15006523132324218,0.9803571105003357,0.30706076622009276,0.1935489018758138,0.9823015928268433,0.578346061706543,0.2935287157694499,0.9787970781326294,0.28432464599609375,0.34963897069295247,0.981884241104126,0.4777351379394531,0.32926050821940106,0.9997596144676208,0.3866670846939087,0.3374553044637044,0.9997792840003967,0.503247880935669,0.5520044962565104,0.9995506405830383,0.3861171007156372,0.5599229176839192,0.9996438026428223,0.5248489856719971,0.7385857264200847,0.995219886302948,0.39528512954711914,0.7520551045735677,0.9960774779319763
squat,0.3807432413101196,0.0,0.14506839215755463,0.38761076927185056,0.0,0.04042170196771622,0.37401719093322755,0.0,0.023779917508363724,0.4114112377166748,0.0,0.07215695083141327,0.36900668144226073,0.0,0.0246783085167408,0.4690986156463623,0.032886314392089847,0.910376787185669,0.3350327491760254,0.049796772003173825,0.9086242318153381,0.5295053958892822,0.15988852183024088,0.9745235443115234,0.3055320501327515,0.20298258463541666,0.9703265428543091,0.5568342685699463,0.2984188397725423,0.9749841094017029,0.2919130325317383,0.35060644149780273,0.9737111330032349,0.4665543556213379,0.33356167475382487,0.9992976188659668,0.3773169040679932,0.34152266184488933,0.9992861151695251,0.4943355083465576,0.548092778523763,0.9987805485725403,0.38800740242004395,0.55692138671875,0.9989739656448364,0.5092869281768799,0.7363980611165365,0.9886081218719482,0.39642655849456787,0.7525416056315104,0.9904254078865051
squat,0.3764267206192017,0.0,0.12250639498233795,0.3838554859161377,0.0,0.030257288366556168,0.3698986291885376,0.0,0.021948397159576416,0.4089498519897461,0.0,0.05614970624446869,0.3651823282241821,0.0,0.02582312561571598,0.46568999290466306,0.031445948282877605,0.8686321973800659,0.33252992630004885,0.04569574991861979,0.9169108271598816,0.5162431716918945,0.15916325251261393,0.9599370956420898,0.3014350175857544,0.19842716852823894,0.9768223166465759,0.5378812789916992,0.3003159205118815,0.9665609002113342,0.2916663408279419,0.34754123687744143,0.979391872882843,0.4664478778839111,0.3313166936238607,0.9990276098251343,0.37957348823547366,0.33809585571289064,0.9992583394050598,0.481890869140625,0.5494422912597656,0.9983349442481995,0.3924860000610352,0.5600564320882161,0.9989446997642517,0.4707303047180176,0.729682731628418,0.9846591949462891,0.39201338291168214,0.7533488591512044,0.9892526268959045
squat,0.39998607635498046,0.0,0.04762200638651848,0.4048309803009033,0.0,0.007930750027298927,0.39290833473205566,0.0,0.00796025525778532,0.4212628364562988,0.0,0.02501530572772026,0.38197693824768064,0.0,0.021199706941843033,0.47309603691101076,0.03143726984659831,0.9054768085479736,0.3378121376037598,0.03986078898111979,0.9353659749031067,0.5145106315612793,0.16961776415507,0.9802692532539368,0.30018205642700196,0.199612553914388,0.9868883490562439,0.5492192268371582,0.3210577646891276,0.981076717376709,0.2969614028930664,0.35476497014363606,0.986979603767395,0.4685351848602295,0.33399804433186847,0.9997990727424622,0.3836083889007568,0.33836711247762047,0.9998342990875244,0.4690802574157715,0.5643866856892904,0.9995360374450684,0.39277095794677735,0.5614525477091471,0.9996587038040161,0.44929990768432615,0.7594618479410807,0.9943344593048096,0.3940779209136963,0.7568322499593099,0.9955768585205078
squat,0.4111207962036133,0.0,0.041814230382442474,0.4155681610107422,0.0,0.005649990402162075,0.4051616668701172,0.0,0.008812570944428444,0.4273202419281006,0.0,0.017252881079912186,0.3934504747390747,0.0,0.02735498733818531,0.4737579822540283,0.03626610438028972,0.8712563514709473,0.3495631217956543,0.03788321812947591,0.9191038012504578,0.5166125297546387,0.17890904744466146,0.9674938321113586,0.3146056175231934,0.19297285079956056,0.9837875366210938,0.563455057144165,0.32328713734944664,0.9679179191589355,0.32046284675598147,0.347814146677653,0.9820338487625122,0.4676553726196289,0.33465331395467124,0.9996656179428101,0.3894039630889893,0.33660704294840493,0.9997491240501404,0.4643308162689209,0.5682047526041667,0.9992280006408691,0.3952485084533691,0.5635461171468099,0.9994648098945618,0.44294085502624514,0.7577759424845377,0.9909917116165161,0.3918806552886963,0.7533049901326497,0.9931012392044067
squat,0.4207300186157227,0.0,0.00726432865485549,0.4223635196685791,0.0,0.0011152926599606872,0.41140041351318357,0.0,0.0012862165458500385,0.43117613792419435,0.0,0.005234658718109131,0.3931358098983765,0.0,0.007203115150332451,0.4752812385559082,0.018740717569986978,0.723450779914856,0.34793672561645506,0.02396542231241862,0.7120851874351501,0.5147930145263672,0.1738945484161377,0.9650875926017761,0.3308445453643799,0.19115502039591473,0.9586976170539856,0.5824257373809815,0.3058887799580892,0.9695681929588318,0.37602710723876953,0.2987177530924479,0.9686852693557739,0.4723616123199463,0.32533852259318036,0.9996663331985474,0.39065940380096437,0.33202590942382815,0.9996340274810791,0.4648097038269043,0.5514759063720703,0.9994725584983826,0.3949681997299194,0.5598990122477213,0.999498724937439,0.4354745388031006,0.7503901163736979,0.994756817817688,0.3807063102722168,0.7565161387125651,0.9949435591697693
squat,0.41201038360595704,0.0,0.0031403349712491035,0.4073758125305176,0.0,0.0004234372463542968,0.4082940578460693,0.0,0.0009268417488783598,0.39680140018463134,0.0,0.002951129339635372,0.3935410976409912,0.0,0.009733029641211033,0.4445322513580322,0.005378150939941406,0.4945807456970215,0.354953932762146,0.013532447814941406,0.4848446249961853,0.5071650505065918,0.156468931833903,0.8847657442092896,0.4036263942718506,0.1799201806386312,0.9077072143554688,0.5816393375396729,0.28149458567301433,0.8980445265769958,0.5503263473510742,0.2858361562093099,0.9133046269416809,0.4641026496887207,0.3198728561401367,0.998975396156311,0.40242390632629393,0.32965628306070965,0.9989049434661865,0.461474609375,0.5490462621053059,0.9987037181854248,0.4010598182678223,0.5667892456054687,0.9988246560096741,0.428740119934082,0.7640238444010417,0.9903231859207153,0.3601573705673218,0.7812558492024739,0.9905459880828857
squat,0.41645216941833496,0.0,0.003782168496400118,0.4098500728607178,0.0,0.0002709659456741065,0.41431188583374023,0.0,0.0016776754055172205,0.3869924783706665,0.0,0.0017807666445150971,0.3952174186706543,0.0,0.024314824491739273,0.4215524673461914,0.009002272288004558,0.4626370370388031,0.37338621616363527,0.029047489166259766,0.6118752956390381,0.5119163036346436,0.14780445098876954,0.8272311687469482,0.478269100189209,0.19768741925557454,0.953275740146637,0.6003281593322753,0.21362913449605306,0.8394075632095337,0.6020327091217041,0.22181687355041504,0.9360142946243286,0.44162888526916505,0.3177109400431315,0.9988131523132324,0.40234861373901365,0.32994823455810546,0.9991505146026611,0.4613638877868652,0.5608915328979492,0.9982415437698364,0.4004176139831543,0.5837361653645833,0.9989677667617798,0.42588119506835936,0.7627676645914714,0.9850569367408752,0.34937338829040526,0.7957892100016276,0.9886416792869568
squat,0.40839557647705077,0.0,0.011135946027934551,0.4008622646331787,0.0,0.000873143901117146,0.407488489151001,0.0,0.005652428604662418,0.37895095348358154,0.0,0.003279030090197921,0.39634952545166013,0.0,0.04576708748936653,0.40571088790893556,0.00529022216796875,0.41193681955337524,0.38760592937469485,0.01617263158162435,0.6474058032035828,0.4959415435791016,0.09821952184041341,0.7366623282432556,0.4737518310546875,0.12115201950073243,0.9506999850273132,0.5968003273010254,0.15162785847981772,0.7744598388671875,0.5966087818145752,0.17083415985107422,0.9299178123474121,0.4269092559814453,0.30630467732747396,0.9977205395698547,0.40509600639343263,0.3162534713745117,0.9986359477043152,0.4530813694000244,0.5623989105224609,0.9976626634597778,0.39362483024597167,0.5894546508789062,0.9988617897033691,0.43957910537719724,0.7857889811197917,0.9823845028877258,0.32692780494689944,0.8250665028889974,0.9882752895355225
squat,0.4294539451599121,0.0,0.011661037802696228,0.42083077430725097,0.0,0.0006525437347590923,0.4297369956970215,0.0,0.006412203889340162,0.38520925045013427,0.0,0.0029701341409236193,0.4126695156097412,0.0,0.06430282443761826,0.392190146446228,0.0,0.47143033146858215,0.39978458881378176,0.006766319274902344,0.687722384929657,0.489284610748291,0.0720775286356608,0.789972722530365,0.49378089904785155,0.10326741536458334,0.9607276916503906,0.6163203239440918,0.09387569427490235,0.8183592557907104,0.6163643360137939,0.13282384872436523,0.939017653465271,0.4022511005401611,0.31198902130126954,0.9980314373970032,0.39523515701293943,0.3256829261779785,0.9987301230430603,0.445995569229126,0.5645001729329427,0.9974955916404724,0.39299640655517576,0.6042123158772786,0.9986866116523743,0.439650297164917,0.7823480606079102,0.9766318202018738,0.3165858030319214,0.8447736104329427,0.9828437566757202
squat,0.42843012809753417,0.012644513448079427,0.0017700730822980404,0.4214919090270996,0.0016496976216634114,0.00011131969949929044,0.4319190502166748,0.0004467328389485677,0.0008628313080407679,0.39270753860473634,0.0,0.0008071401389315724,0.4181520462036133,0.0,0.010638418607413769,0.40381765365600586,0.0,0.15528245270252228,0.3845351696014404,0.0,0.2764956057071686,0.5058688163757324,0.050158119201660155,0.6815531253814697,0.47120208740234376,0.06483376820882161,0.9113031029701233,0.64270920753479,0.0766632080078125,0.7794627547264099,0.6214356422424316,0.1141572634379069,0.9013736844062805,0.3901542663574219,0.3177294413248698,0.99623703956604,0.36727864742279054,0.32919845581054685,0.9972718358039856,0.42655625343322756,0.5756415049235026,0.9937845468521118,0.3723573923110962,0.6202091217041016,0.9963895678520203,0.4283616542816162,0.7904219309488932,0.9435372948646545,0.31713500022888186,0.8679300944010416,0.9543249607086182
squat,0.4249607563018799,0.0021150906880696616,0.0004034367448184639,0.41758074760437014,0.0,2.2089870981290005e-05,0.4280879497528076,0.0,0.00024015763483475894,0.38143534660339357,0.0,0.0002888778690248728,0.40543689727783205,0.0,0.006156506482511759,0.38371322154998777,0.0,0.06043726205825806,0.3665851354598999,0.0,0.17534926533699036,0.4800931453704834,0.025550429026285806,0.5510976314544678,0.47423610687255857,0.056215763092041016,0.9062920212745667,0.617503547668457,0.05889336268107096,0.6765485405921936,0.6132561683654785,0.09958623250325521,0.8769139647483826,0.3878562211990356,0.31512263615926106,0.9954653382301331,0.3616267204284668,0.3376338958740234,0.9972677230834961,0.40997796058654784,0.5595571517944335,0.9921952486038208,0.3396196126937866,0.6305288950602214,0.9959694147109985,0.43928303718566897,0.7650691350301106,0.9353569149971008,0.30105342864990237,0.881695556640625,0.9497768878936768
squat,0.43860249519348143,0.0,0.0005841480451636016,0.42927327156066897,0.0,2.7382267944631167e-05,0.4397084712982178,0.0,0.00041144349961541593,0.38125314712524416,0.0,0.0002987025072798133,0.4074195384979248,0.0,0.010379352606832981,0.36679251194000245,0.0,0.07572821527719498,0.36680450439453127,0.0,0.1797698438167572,0.45544018745422366,0.023383617401123047,0.5635718703269958,0.4561427593231201,0.046774705251057945,0.8821324706077576,0.5929162502288818,0.07165091832478841,0.7024815678596497,0.5861746788024902,0.10220295588175456,0.8665821552276611,0.3640907287597656,0.3109795888264974,0.995466947555542,0.35190763473510744,0.3388470331827799,0.9968956708908081,0.39500012397766116,0.5491134643554687,0.9936866164207458,0.3466773509979248,0.6393226623535156,0.9962446093559265,0.42134652137756345,0.7407398859659831,0.9523687958717346,0.30081279277801515,0.8839998881022135,0.958207368850708
squat,0.4490746021270752,0.00033137003580729164,0.00031754965311847627,0.44185237884521483,0.0,1.3550558833230752e-05,0.45169677734375,0.0,0.00026215409161522985,0.39692656993865966,0.0,0.00018289947183802724,0.4213165283203125,0.0,0.008910671807825565,0.3810407638549805,0.0,0.043511588126420975,0.37340726852416994,0.0,0.16594696044921875,0.4683830261230469,0.020817025502522787,0.41987329721450806,0.460263729095459,0.04803873697916667,0.8924870491027832,0.6060749053955078,0.040565903981526694,0.5920293927192688,0.594337797164917,0.08891703287760416,0.8674412369728088,0.36445610523223876,0.31080506642659506,0.9948086142539978,0.3482407569885254,0.3342739741007487,0.9972265362739563,0.3893949270248413,0.5547967274983724,0.9944932460784912,0.35143260955810546,0.6384346008300781,0.9975173473358154,0.39283018112182616,0.7534660975138346,0.9636139273643494,0.30531086921691897,0.8957767486572266,0.9733768105506897
squat,0.4475571632385254,0.016666475931803384,0.0006075432756915689,0.4407356739044189,0.005007680257161458,2.5063991415663622e-05,0.44530954360961916,0.0030089378356933593,0.00040967174572870135,0.40662736892700196,0.0,0.00014421928790397942,0.411699914932251,0.0,0.00918636005371809,0.4075563907623291,0.0006969134012858073,0.046611543744802475,0.36609349250793455,0.0,0.12634190917015076,0.501371955871582,0.061976051330566405,0.45896631479263306,0.46214890480041504,0.04641634623209635,0.8574690818786621,0.6325361251831054,0.07674477895100912,0.6869710087776184,0.6286750316619873,0.06097634633382162,0.8837429881095886,0.3682577610015869,0.3214758555094401,0.9849658012390137,0.33542847633361816,0.32641900380452477,0.990354061126709,0.36179380416870116,0.617496109008789,0.9622183442115784,0.34532942771911623,0.6495633443196615,0.97856205701828,0.33649163246154784,0.8381000518798828,0.6742427349090576,0.3042353630065918,0.8911892573038737,0.7194446325302124
squat,0.4478762149810791,0.01920321782430013,0.0007717752014286816,0.4398187160491943,0.007315572102864583,2.7989928639726713e-05,0.446765661239624,0.005382378896077474,0.000657613854855299,0.4006677150726318,0.0,0.0001503876264905557,0.41426987648010255,0.0,0.015432730317115784,0.39673810005187987,0.0,0.03554369509220123,0.36874985694885254,0.0,0.15978403389453888,0.48225107192993166,0.05924514134724935,0.3170003890991211,0.4574445247650146,0.0388981819152832,0.874893307685852,0.6130644798278808,0.08624957402547201,0.5797946453094482,0.6247819900512696,0.059924952189127606,0.8898979425430298,0.35256495475769045,0.32449970245361326,0.9762181043624878,0.3310610294342041,0.32821880976359047,0.9884079098701477,0.3370063304901123,0.6199104944864909,0.9474160075187683,0.338515567779541,0.6491106669108073,0.9766563773155212,0.30393071174621583,0.8453601837158203,0.628740668296814,0.2918346405029297,0.8942125320434571,0.7139307856559753
squat,0.43515863418579104,0.005547523498535156,0.0002106147730955854,0.4287141799926758,0.0,9.727586984809022e-06,0.43786420822143557,0.0,0.00016624013369437307,0.39114334583282473,0.0,0.00012489405344240367,0.4106583118438721,0.0,0.006312549114227295,0.3836524963378906,0.0,0.025659115985035896,0.3662732601165771,0.0,0.11184081435203552,0.4753252506256104,0.013995997111002604,0.3054109215736389,0.4687169551849365,0.028289031982421876,0.8589196801185608,0.6000494480133056,0.024414602915445963,0.5042169094085693,0.6086503982543945,0.05392157236735026,0.8442294001579285,0.35728092193603517,0.31162942250569664,0.9902702569961548,0.3374922513961792,0.32691704432169594,0.9951667785644531,0.35686192512512205,0.5808511098225911,0.99031001329422,0.3479970216751099,0.6459122975667317,0.9960242509841919,0.33530077934265134,0.7834898630777994,0.9375936388969421,0.30672335624694824,0.8986143747965495,0.9580594897270203
squat,0.4296720027923584,0.006833108266194662,0.00027049335767515004,0.42302618026733396,0.0,1.1839434591820464e-05,0.4322351455688477,0.0,0.00021678616758435965,0.38428258895874023,0.0,0.00014919058594387025,0.40516200065612795,0.0,0.0077231223694980145,0.37698969841003416,0.0,0.032183434814214706,0.3589784622192383,0.0,0.1346195787191391,0.46063995361328125,0.015349547068277994,0.3379625380039215,0.45255489349365235,0.02655064264933268,0.8718647956848145,0.5857025146484375,0.029691473642985026,0.5410834550857544,0.6000252723693847,0.056973870595296225,0.858331024646759,0.35336990356445314,0.3118291854858398,0.9906249642372131,0.3334394931793213,0.32757568359375,0.995297372341156,0.35911056995391843,0.5725430170694987,0.9908738136291504,0.347382926940918,0.6340651194254557,0.9961341619491577,0.3430929660797119,0.7783167521158855,0.9424166679382324,0.31063504219055177,0.8855087280273437,0.9607276916503906
squat,0.42090721130371095,0.0012444496154785157,0.0002681873447727412,0.41434707641601565,0.0,1.2343858543317765e-05,0.42406597137451174,0.0,0.00019284836889710277,0.37980070114135744,0.0,0.00017155632667709142,0.40217247009277346,0.0,0.00682045565918088,0.37966725826263426,0.0,0.03915569931268692,0.3546168088912964,0.0,0.15904118120670319,0.46132521629333495,0.026626110076904297,0.38953134417533875,0.43671674728393556,0.0322474479675293,0.893602728843689,0.5818952083587646,0.04496339162190755,0.5922636389732361,0.5899814128875732,0.06740169525146485,0.8828825354576111,0.3542424201965332,0.31092023849487305,0.9930813908576965,0.33089642524719237,0.3251563390096029,0.9965652823448181,0.36104621887207033,0.5690245310465495,0.9933421015739441,0.3493016242980957,0.6270097096761068,0.9972500205039978,0.3417412519454956,0.7793896993001302,0.9560834169387817,0.3120466709136963,0.880508295694987,0.9710068702697754
squat,0.4269111633300781,0.013265609741210938,0.0006194678135216236,0.4210204124450684,0.004486179351806641,2.7418875106377527e-05,0.4328287124633789,0.00034885406494140626,0.0005080468254163861,0.3840490818023682,0.0,0.0003412859223317355,0.4150246620178223,0.0,0.016717584803700447,0.37930572032928467,0.0,0.0606832355260849,0.36372976303100585,0.0,0.3101840019226074,0.4561051845550537,0.04553794860839844,0.38263019919395447,0.4435420036315918,0.04218772252400716,0.9321365356445312,0.574729061126709,0.06870756149291993,0.568778932094574,0.5961420059204101,0.07103516260782877,0.9067039489746094,0.34834115505218505,0.32425079345703123,0.9924382567405701,0.3319701671600342,0.3349836031595866,0.9968917965888977,0.36133832931518556,0.5752370198567708,0.9918596148490906,0.3467522144317627,0.6212625503540039,0.9971897006034851,0.3479978322982788,0.7874148050944011,0.9492432475090027,0.31490073204040525,0.8728654225667317,0.9707302451133728
squat,0.4099114418029785,0.016829268137613932,0.0010557621717453003,0.40291414260864256,0.005599212646484375,4.846251613344066e-05,0.4136260986328125,0.005972862243652344,0.0007362169562838972,0.3691762924194336,0.0,0.0005148641066625714,0.39783282279968263,0.0,0.01844540610909462,0.37124295234680177,0.0,0.10609354823827744,0.35650219917297366,0.0,0.38486045598983765,0.4575796127319336,0.045832061767578126,0.5138498544692993,0.43175172805786133,0.05511738459269206,0.9433032274246216,0.5843969821929932,0.07382618586222331,0.6796164512634277,0.5709119319915772,0.09486891428629557,0.9271560907363892,0.34458348751068113,0.3131519317626953,0.9947583079338074,0.32891221046447755,0.32661596934000653,0.9976038336753845,0.36283025741577146,0.5553115208943685,0.9944686889648438,0.35190300941467284,0.6030272165934245,0.9979220032691956,0.36165766716003417,0.7688485463460286,0.962744414806366,0.3227428913116455,0.8509600321451823,0.9775384068489075
squat,0.40908241271972656,0.018690872192382812,0.0018472211668267846,0.4057168483734131,0.00815111796061198,0.00010463812941452488,0.4115105152130127,0.005901050567626953,0.001262716599740088,0.37954633235931395,0.0,0.0007682432187721133,0.3937138319015503,0.0,0.02032674103975296,0.37792928218841554,0.0,0.11835519224405289,0.3515737056732178,0.0019145647684733072,0.3718988299369812,0.4621284484863281,0.05315456390380859,0.5073989629745483,0.4311716556549072,0.06400680541992188,0.9271119236946106,0.5877561092376709,0.0855036735534668,0.6712053418159485,0.56857328414917,0.10475145975748698,0.9131506085395813,0.344572639465332,0.306422487894694,0.9931807518005371,0.32126357555389407,0.31822999318440753,0.996569037437439,0.37366161346435545,0.5488953908284505,0.993156373500824,0.3532339334487915,0.5931992848714193,0.9972636699676514,0.36240062713623045,0.758655039469401,0.9569554328918457,0.32515146732330324,0.8403956731160481,0.9731746912002563
squat,0.40791888236999513,0.008949820200602214,0.00689403060823679,0.40333003997802735,0.0,0.00031078289612196386,0.41324992179870607,0.0,0.005664418917149305,0.3653753995895386,0.0,0.0030704629607498646,0.40116286277770996,0.0,0.11407408863306046,0.34505476951599123,0.0,0.29220300912857056,0.3742086172103882,0.0053018887837727865,0.7290405035018921,0.41840925216674807,0.06850659052530925,0.5384679436683655,0.4635762691497803,0.09181845982869466,0.9629067778587341,0.5532476902008057,0.06980756123860678,0.6447850465774536,0.5808599948883056,0.11771615346272786,0.9308655261993408,0.3142986536026001,0.30067383448282875,0.9902927875518799,0.325674843788147,0.30978546142578123,0.9960088729858398,0.3634444236755371,0.5566384633382161,0.9897311329841614,0.3566183090209961,0.5820748011271158,0.9964988231658936,0.36980161666870115,0.7607904434204101,0.9271573424339294,0.32614181041717527,0.8142070770263672,0.9594370126724243
squat,0.4035492897033691,0.012779490152994791,0.015561389736831188,0.40137205123901365,0.0021869977315266925,0.0007638169336132705,0.4081475257873535,0.0,0.011750335805118084,0.36836857795715333,0.0,0.004416463430970907,0.39359095096588137,0.0,0.1253264844417572,0.3481374979019165,0.009518877665201823,0.39696455001831055,0.363035774230957,0.017030620574951173,0.762627899646759,0.42452569007873536,0.07202943166097005,0.6461149454116821,0.4493247032165527,0.09414300918579102,0.9646273851394653,0.5510660648345947,0.07946058909098307,0.7485965490341187,0.578007698059082,0.12224159240722657,0.9427799582481384,0.31325883865356446,0.301272710164388,0.9922966361045837,0.3153669834136963,0.3130883534749349,0.9963111281394958,0.3646540641784668,0.5486098607381185,0.991844117641449,0.35370824337005613,0.5881148020426432,0.9968047142028809,0.36882715225219725,0.7526859283447266,0.9382295608520508,0.32709836959838867,0.8287574132283528,0.9619724750518799
squat,0.4022181510925293,0.025040912628173827,0.03280886262655258,0.40342421531677247,0.014784399668375652,0.0024158258456736803,0.4027866363525391,0.010933558146158854,0.02268243581056595,0.3773825645446777,0.0057888031005859375,0.00793538149446249,0.3827098608016968,0.0,0.13067087531089783,0.359454607963562,0.04458071390787761,0.5293675661087036,0.3510096788406372,0.05082845687866211,0.6477386355400085,0.4560140609741211,0.09213148752848307,0.7100870609283447,0.4580503463745117,0.11422859827677409,0.9034926891326904,0.5866178035736084,0.11024751663208007,0.7637581825256348,0.6037356376647949,0.14124972025553387,0.8696404099464417,0.30529420375823973,0.3214832623799642,0.9913120865821838,0.29189357757568357,0.3337244987487793,0.9927850961685181,0.368791389465332,0.5600456873575846,0.9918377995491028,0.3496652126312256,0.6037991841634115,0.9948261380195618,0.36621429920196535,0.7586949666341146,0.9466151595115662,0.3252993106842041,0.8391852696736654,0.9549282193183899
squat,0.4045538902282715,0.0,0.19803161919116974,0.40975089073181153,0.0,0.016319477930665016,0.3977849245071411,0.0,0.1711263209581375,0.3923534154891968,0.0,0.019966846331954002,0.3719259977340698,0.0,0.4089386761188507,0.36579041481018065,0.06243432362874349,0.7209113240242004,0.3516073703765869,0.07121779123942057,0.8664351105690002,0.45359506607055666,0.13663148880004883,0.7097532749176025,0.4663856029510498,0.14815600713094076,0.9438656568527222,0.5647524356842041,0.18595561981201172,0.7675415277481079,0.5846610546112061,0.20020637512207032,0.9171400666236877,0.29488136768341067,0.3409275054931641,0.9923548698425293,0.2766245126724243,0.3551101048787435,0.9950762391090393,0.3777331829071045,0.5547540664672852,0.9928718209266663,0.35490918159484863,0.6101027170817057,0.9966039657592773,0.37373995780944824,0.7472747166951498,0.9586216807365417,0.3226178169250488,0.8471200307210286,0.9706814885139465
squat,0.40752549171447755,0.007596715291341146,0.7537373900413513,0.4210700035095215,0.0,0.18654988706111908,0.39594810009002684,0.0,0.7653089761734009,0.4199203014373779,0.0,0.10287880152463913,0.3734589576721191,0.002682367960611979,0.7944582104682922,0.3798990249633789,0.09556283950805664,0.8674777746200562,0.3627662658691406,0.09943141937255859,0.9669153094291687,0.4486079692840576,0.17443567911783855,0.6624941229820251,0.4797201156616211,0.17374258041381835,0.9692947268486023,0.5697500705718994,0.2010518709818522,0.725316047668457,0.6045443058013916,0.2168564796447754,0.940020740032196,0.27763073444366454,0.35820029576619467,0.9904734492301941,0.2564094066619873,0.37077576319376626,0.9954608082771301,0.37873239517211915,0.5563107808430989,0.9915711879730225,0.36032662391662595,0.6123552322387695,0.9971745014190674,0.37447965145111084,0.7391605377197266,0.9587864875793457,0.3260875463485718,0.8482475280761719,0.976655125617981
squat,0.4236872673034668,0.05307426452636719,0.9734694361686707,0.4352455139160156,0.02852185567220052,0.6306372284889221,0.40697832107543946,0.03220965067545573,0.9840102791786194,0.42386832237243655,0.025363032023111978,0.14633066952228546,0.36530017852783203,0.03877213795979818,0.9738202095031738,0.3719496250152588,0.12834688822428386,0.9553629159927368,0.34624495506286623,0.14509979883829752,0.9927071928977966,0.43995323181152346,0.21751654942830403,0.7213733792304993,0.4706674098968506,0.22857842445373536,0.9844487905502319,0.5740060806274414,0.27205994923909504,0.7834866046905518,0.614542818069458,0.268872324625651,0.9669370055198669,0.2628610134124756,0.3960117340087891,0.9894177317619324,0.23750777244567872,0.4177618344624837,0.9951979517936707,0.38326683044433596,0.5415421803792317,0.9903154969215393,0.37024798393249514,0.6125606536865235,0.9968642592430115,0.37362236976623536,0.7322474797566731,0.9601625800132751,0.326827073097229,0.8531163533528646,0.9768463969230652
squat,0.4308666706085205,0.10582955678304036,0.9815919399261475,0.44513516426086425,0.08561108907063802,0.6616809368133545,0.41750550270080566,0.08279533386230468,0.9918569326400757,0.4302703857421875,0.08520399729410807,0.14320914447307587,0.37473430633544924,0.08388290405273438,0.9851206541061401,0.36853833198547364,0.1698251724243164,0.9518215656280518,0.3493992328643799,0.17410014470418295,0.9938896894454956,0.4356257438659668,0.26001569430033367,0.6206539869308472,0.46722822189331054,0.27333189646402994,0.9854361414909363,0.571249532699585,0.29837576548258465,0.7001134157180786,0.6082121372222901,0.3214627583821615,0.9664701223373413,0.25551552772521974,0.41600367228190105,0.9851747155189514,0.23352627754211425,0.4292769432067871,0.9945132732391357,0.39407365322113036,0.5580293655395507,0.9877800941467285,0.3752457857131958,0.6051202774047851,0.9967868328094482,0.37493114471435546,0.7587979634602865,0.9588397741317749,0.335773229598999,0.8542465209960938,0.9794064164161682
squat,0.43961138725280763,0.1445135752360026,0.9792701005935669,0.44901399612426757,0.12514270146687825,0.5817542672157288,0.42528362274169923,0.12501004536946614,0.9916183352470398,0.42858023643493653,0.12359863917032878,0.0968448594212532,0.3789266586303711,0.1315172831217448,0.9881057739257812,0.3602893829345703,0.19847901662190756,0.9509956240653992,0.35639090538024903,0.21534059842427572,0.9944658875465393,0.3858224630355835,0.26388341585795083,0.6297577619552612,0.47945308685302734,0.30515874226888023,0.9871345162391663,0.46452832221984863,0.27889741261800133,0.7095022201538086,0.6155447959899902,0.34359766642252604,0.9719032645225525,0.2469639301300049,0.44314276377360023,0.9866998195648193,0.23191266059875487,0.4586184819539388,0.9953201413154602,0.39563918113708496,0.5637428283691406,0.9898395538330078,0.38685171604156493,0.6034916559855144,0.9973046779632568,0.3699354887008667,0.7699331919352214,0.9697911143302917,0.33951897621154786,0.8472840627034505,0.9847626686096191
squat,0.4449918270111084,0.17934958140055338,0.9828187823295593,0.45650520324707033,0.15953505833943685,0.6444543600082397,0.4303696632385254,0.159818967183431,0.9918443560600281,0.44080252647399903,0.15723212560017905,0.12973594665527344,0.3869748115539551,0.16596431732177735,0.985798180103302,0.3746129035949707,0.22996053695678711,0.9589001536369324,0.3620913505554199,0.2482119878133138,0.9953736662864685,0.4195009708404541,0.29274237950642906,0.7064962983131409,0.47946877479553224,0.3352350870768229,0.9907288551330566,0.5305139541625976,0.32513672510782876,0.7939953207969666,0.6211374759674072,0.3782719294230143,0.980272114276886,0.24790921211242675,0.4566721598307292,0.9834331274032593,0.22964015007019042,0.4738900820414225,0.9939980506896973,0.3979243993759155,0.5561129252115885,0.9867992997169495,0.3906374216079712,0.6029178619384765,0.9965102076530457,0.36646785736083987,0.762365214029948,0.9569697380065918,0.3430004596710205,0.850261942545573,0.9782909154891968
squat,0.45244460105895995,0.21277701059977214,0.9767460823059082,0.46219520568847655,0.1953111966451009,0.5966323614120483,0.43874316215515136,0.19638322194417318,0.9895271062850952,0.44518537521362306,0.19774729410807293,0.13946335017681122,0.39873433113098145,0.21007035573323568,0.9851049780845642,0.3775142192840576,0.2679695765177409,0.9525769352912903,0.3775864362716675,0.2921261469523112,0.9941366910934448,0.41207542419433596,0.3306830406188965,0.6673691272735596,0.5026712894439698,0.3833971659342448,0.9879063367843628,0.5020422458648681,0.3612284024556478,0.7579914331436157,0.639256477355957,0.42355130513509115,0.9739559888839722,0.24347267150878907,0.4751827875773112,0.9790159463882446,0.23094277381896972,0.4932256698608398,0.992038369178772,0.40725255012512207,0.561491330464681,0.9832422733306885,0.3982182264328003,0.6101932525634766,0.9953372478485107,0.3675954341888428,0.75726318359375,0.9510692954063416,0.33615946769714355,0.8490692774454752,0.9741113781929016
squat,0.4606259822845459,0.2480337142944336,0.9705410003662109,0.4689905643463135,0.23095378875732422,0.5891094207763672,0.4446727752685547,0.2298015276590983,0.9893733859062195,0.4530895233154297,0.23909791310628256,0.12313514202833176,0.4042938232421875,0.2465230941772461,0.9894221425056458,0.39070901870727537,0.3249151547749837,0.9362698197364807,0.3774300813674927,0.3316925048828125,0.9928072690963745,0.44236207008361816,0.39486872355143227,0.49671390652656555,0.4951034069061279,0.4185338973999023,0.9783005118370056,0.5718238353729248,0.4246840476989746,0.5575577616691589,0.630484676361084,0.4445194244384766,0.9453681707382202,0.24200835227966308,0.5075398445129394,0.9615964889526367,0.22463350296020507,0.5174257596333821,0.9844663143157959,0.41953001022338865,0.5908690134684245,0.9700750708580017,0.41118946075439455,0.6140560150146485,0.9919530749320984,0.35705296993255614,0.782211176554362,0.9299973845481873,0.33262627124786376,0.8341448465983073,0.9648037552833557
squat,0.4662612438201904,0.2988396644592285,0.9738094806671143,0.4753845691680908,0.281838862101237,0.583591878414154,0.4516995906829834,0.2790071169535319,0.9899331331253052,0.45827813148498536,0.28484382629394533,0.11512501537799835,0.4082070827484131,0.2878864606221517,0.9872000217437744,0.3932739496231079,0.36193663279215493,0.9473609328269958,0.38358519077301023,0.35785299936930337,0.9915522933006287,0.44116673469543455,0.4496059735616048,0.5543088316917419,0.48888111114501953,0.4534934361775716,0.9759131669998169,0.5794238090515137,0.47509069442749025,0.6268909573554993,0.6312901496887207,0.49932041168212893,0.9481548070907593,0.25861377716064454,0.5411738713582357,0.9611032605171204,0.24359748363494874,0.5459115346272786,0.9828229546546936,0.4177396774291992,0.6054689407348632,0.9671186208724976,0.4148878574371338,0.625662104288737,0.9898500442504883,0.34867405891418457,0.7855792999267578,0.9266479015350342,0.33359384536743164,0.8372472127278646,0.9590311646461487
squat,0.47254319190979005,0.34437910715738934,0.9527938961982727,0.47917962074279785,0.3281557083129883,0.4286923110485077,0.46015167236328125,0.3232240676879883,0.9850624799728394,0.4574623107910156,0.3250417709350586,0.05394719913601875,0.4152714729309082,0.32252318064371743,0.9836837649345398,0.3921980381011963,0.3946470578511556,0.8773440718650818,0.3875805616378784,0.3875205675760905,0.9766097664833069,0.45936193466186526,0.48891083399454754,0.33347681164741516,0.5058125495910645,0.49351657231648766,0.9396795630455017,0.6055428981781006,0.5257979075113932,0.41172319650650024,0.6442818641662598,0.5462968826293946,0.8871092796325684,0.25325665473937986,0.5837624231974284,0.8921767473220825,0.2409961700439453,0.5875887552897135,0.9476179480552673,0.4259041786193848,0.6042210261027018,0.9291384220123291,0.4196784019470215,0.6275478363037109,0.9774856567382812,0.34495246410369873,0.7790557861328125,0.9025171399116516,0.326908016204834,0.8384995778401693,0.9439423680305481
squat,0.4843277931213379,0.3753426233927409,0.9651776552200317,0.488267707824707,0.358403746287028,0.4533577859401703,0.4700479984283447,0.3537956555684408,0.9890187978744507,0.4641700267791748,0.35609779357910154,0.035422783344984055,0.41919660568237305,0.35538816452026367,0.9874113202095032,0.397306489944458,0.4263162612915039,0.9007028937339783,0.38876564502716066,0.42021970748901366,0.9788249135017395,0.4599133014678955,0.505920124053955,0.3785904347896576,0.49988622665405275,0.5232902844746907,0.9377919435501099,0.5961441993713379,0.5351242701212565,0.4583877623081207,0.6214365005493164,0.5727326075236002,0.8961182832717896,0.2475973844528198,0.6160208384195963,0.8919175863265991,0.2345897674560547,0.6164819717407226,0.9424716830253601,0.4190723419189453,0.6263969421386719,0.9235147833824158,0.42279739379882814,0.6312915166219075,0.9727939963340759,0.3236284971237183,0.8118255615234375,0.8916819095611572,0.32231574058532714,0.8360355377197266,0.9334070086479187
squat,0.4896232604980469,0.37750892639160155,0.9752166867256165,0.4938509941101074,0.3634832700093587,0.5280214548110962,0.47553038597106934,0.357442569732666,0.9894341826438904,0.4767139434814453,0.368129030863444,0.03307049721479416,0.4266992092132568,0.36180159250895183,0.9853479266166687,0.4227689266204834,0.43891067504882814,0.9421893954277039,0.384535026550293,0.42934417724609375,0.9872647523880005,0.5033204555511475,0.5044916470845541,0.5980486869812012,0.5082410335540771,0.5331185658772787,0.9685152769088745,0.614503002166748,0.5327385266621908,0.6698617935180664,0.6321287155151367,0.5866371154785156,0.9492414593696594,0.25237607955932617,0.6223840077718099,0.9406262040138245,0.22127776145935057,0.6191233952840169,0.9672351479530334,0.42328786849975586,0.6318281173706055,0.939086377620697,0.41767144203186035,0.6262290318806966,0.978287398815155,0.3248265743255615,0.8256300608317058,0.8804311752319336,0.3280624866485596,0.8353570302327474,0.9270258545875549
squat,0.4889110565185547,0.3369752883911133,0.9109925627708435,0.4897896766662598,0.322930908203125,0.3458493649959564,0.4789365291595459,0.3236532211303711,0.9684973955154419,0.45717811584472656,0.32929458618164065,0.10055717080831528,0.4447494029998779,0.3416675885518392,0.98249751329422,0.39906232357025145,0.4009590148925781,0.8726056218147278,0.4248189449310303,0.41791648864746095,0.9821152687072754,0.4589261054992676,0.48306957880655926,0.3410126864910126,0.5128422260284424,0.5159696578979492,0.9471747875213623,0.5829326152801514,0.5325214385986328,0.40269210934638977,0.6124378204345703,0.5367586771647136,0.8826075792312622,0.27405490875244143,0.5419816335042318,0.9084634780883789,0.28500306606292725,0.5531108856201172,0.9612133502960205,0.41179046630859373,0.6038658777872722,0.9543396234512329,0.42011299133300783,0.6341089248657227,0.9858508706092834,0.35433192253112794,0.7807404200236002,0.9346897006034851,0.3352043628692627,0.8340736389160156,0.9638134241104126
squat,0.4797072887420654,0.3105984369913737,0.07184439897537231,0.478864049911499,0.2979289690653483,0.007446740288287401,0.47632589340209963,0.2999775250752767,0.06822400540113449,0.46283588409423826,0.2950226465861003,0.01970519684255123,0.46279177665710447,0.3062741279602051,0.3747173249721527,0.42692413330078127,0.3477381070454915,0.7399376630783081,0.4188218116760254,0.3521178881327311,0.8453892469406128,0.47980289459228515,0.4152042388916016,0.7339098453521729,0.4780089855194092,0.4331926027933756,0.9236738085746765,0.5947010517120361,0.4476031303405762,0.7634475827217102,0.5899687767028808,0.45478366216023763,0.8890810012817383,0.27542786598205565,0.497170893351237,0.9906989932060242,0.26435439586639403,0.503597640991211,0.9917029738426208,0.4062685012817383,0.6128312428792317,0.9927022457122803,0.40455474853515627,0.635112190246582,0.9957349300384521,0.35748958587646484,0.781566047668457,0.9767856597900391,0.3279538631439209,0.8242600123087566,0.9817749261856079
squat,0.47763991355895996,0.1684228261311849,0.8516026735305786,0.4823417663574219,0.15682417551676434,0.32549595832824707,0.4673353672027588,0.15317325592041015,0.8665955662727356,0.46176967620849607,0.17115179697672525,0.09899915009737015,0.43054938316345215,0.1706374486287435,0.8810197710990906,0.4126442432403564,0.2588263193766276,0.9592080116271973,0.38868088722229005,0.25434293746948244,0.9380480051040649,0.4828064441680908,0.32227306365966796,0.8188607692718506,0.4772655010223389,0.32486871083577473,0.8460972905158997,0.5862846374511719,0.3641313870747884,0.7966242432594299,0.5930942535400391,0.3579662322998047,0.8003088235855103,0.26487667560577394,0.45619589487711587,0.9922143816947937,0.24464201927185059,0.45997645060221354,0.9889145493507385,0.41037697792053224,0.5922215779622396,0.9950336217880249,0.40826640129089353,0.6171118418375651,0.9952266216278076,0.3527792453765869,0.7821255366007487,0.9849709868431091,0.3364558696746826,0.8339480082194011,0.982848048210144
squat,0.43740482330322267,0.07264369328816732,0.02284463308751583,0.4338825702667236,0.05560735066731771,0.00630906829610467,0.44037461280822754,0.06046781539916992,0.01129593700170517,0.42076616287231444,0.041142845153808595,0.04256688058376312,0.45228052139282227,0.05816802978515625,0.11248966306447983,0.39422030448913575,0.09744637807210287,0.6414762735366821,0.41933040618896483,0.12176891962687174,0.4787544310092926,0.4206853866577148,0.1332073211669922,0.7055246829986572,0.440611743927002,0.167470121383667,0.576602041721344,0.455824089050293,0.19669477144877115,0.6560199856758118,0.46639480590820315,0.17871925036112468,0.5439746379852295,0.2594326972961426,0.38174079259236654,0.990546464920044,0.27552380561828616,0.3981693903605143,0.9841167330741882,0.3945725440979004,0.5636920928955078,0.9921979308128357,0.41637887954711916,0.6166778564453125,0.9914520978927612,0.35178959369659424,0.7709744771321615,0.9692793488502502,0.335162353515625,0.8551277160644531,0.9637930393218994
squat,0.45669918060302733,0.01093727747599284,0.2835097312927246,0.4621973991394043,0.0,0.03462894260883331,0.44724216461181643,0.0,0.3098566234111786,0.44172072410583496,0.011759058634440104,0.029535531997680664,0.41408534049987794,0.012365182240804037,0.5633120536804199,0.40236573219299315,0.09749628702799479,0.7410350441932678,0.38155136108398435,0.0984068234761556,0.7644349336624146,0.487092113494873,0.15463356971740722,0.5935772657394409,0.49304828643798826,0.16319583257039388,0.7849898338317871,0.6075226306915283,0.18417545954386394,0.6121683716773987,0.6212502479553222,0.20899106661478678,0.7149174213409424,0.28612329959869387,0.35018590291341145,0.9859902858734131,0.2646219730377197,0.3588060061136881,0.9855703115463257,0.3928626537322998,0.5701892217000325,0.9882242679595947,0.3820317029953003,0.6134752909342448,0.9914202690124512,0.3613236904144287,0.7657277425130208,0.9493346810340881,0.3242440462112427,0.8485891977945964,0.9510051608085632
squat,0.4275522708892822,0.01069021224975586,0.009869584813714027,0.42893390655517577,0.0,0.0008260238100774586,0.4304644584655762,0.0,0.006332842633128166,0.4113021373748779,0.0,0.005524111911654472,0.42258219718933104,0.0,0.06753131747245789,0.398530101776123,0.035121885935465495,0.3501494824886322,0.3898212432861328,0.0422951062520345,0.6145133376121521,0.48193655014038084,0.12039909362792969,0.6023147702217102,0.4896679401397705,0.13016173044840496,0.9215461611747742,0.5946825027465821,0.15706844329833985,0.674053966999054,0.6177695751190185,0.15777095158894858,0.874367892742157,0.3285919189453125,0.31842950185139973,0.9933619499206543,0.3148269414901733,0.33125117619832356,0.9958999752998352,0.3782978057861328,0.5585946400960287,0.9946275353431702,0.36068081855773926,0.6177199045817058,0.9975277781486511,0.37277984619140625,0.7417826334635417,0.9682132005691528,0.3308839797973633,0.8519818623860677,0.9780839085578918
squat,0.39847278594970703,0.008683141072591145,0.0006437524571083486,0.39192445278167726,0.0,4.2004809074569494e-05,0.4004682540893555,0.0,0.00031457020668312907,0.36726434230804444,0.0,0.0005468907183967531,0.38650414943695066,0.0,0.008593468926846981,0.3779611110687256,0.0047842661539713545,0.11265351623296738,0.35104947090148925,0.0,0.2403203248977661,0.46391725540161133,0.07974481582641602,0.6031551361083984,0.4314736843109131,0.04705177942911784,0.896213948726654,0.5908524036407471,0.12132991154988607,0.7608583569526672,0.5763478755950928,0.11124924023946127,0.9044650197029114,0.3548353910446167,0.3137431780497233,0.9944489002227783,0.3332382678985596,0.31569271087646483,0.9963433146476746,0.35927295684814453,0.5674003601074219,0.9915676712989807,0.35921788215637207,0.5869976679484049,0.9954113364219666,0.35200915336608884,0.8079208374023438,0.9312911629676819,0.33480124473571776,0.8459744135538737,0.9489313364028931
squat,0.39558188915252684,0.016106923421223957,0.0007799321901984513,0.3897098064422607,0.006997299194335937,3.7482539482880384e-05,0.3969435691833496,0.0035128275553385417,0.0004904252709820867,0.36000356674194334,0.0,0.0003733919293154031,0.3743895053863525,0.0,0.013086337596178055,0.36585693359375,0.013905207316080729,0.09617538750171661,0.3367785453796387,0.0,0.3174552023410797,0.446684741973877,0.08416134516398112,0.5587282776832581,0.4181802749633789,0.028905359903971355,0.9374959468841553,0.5759606838226319,0.11804771423339844,0.7492491006851196,0.5721242904663086,0.08355909983317057,0.9379672408103943,0.36253311634063723,0.31699679692586263,0.9944394826889038,0.3382983684539795,0.31857706705729166,0.997208297252655,0.36106512546539304,0.5643053690592448,0.990790605545044,0.3491134405136108,0.5869070688883463,0.9959893822669983,0.3535881519317627,0.7941057840983073,0.9251688718795776,0.32812697887420655,0.840768305460612,0.9510527849197388
squat,0.4167222499847412,0.011559041341145833,0.00037698616506531835,0.41132206916809083,0.0019927342732747396,1.8527933207224123e-05,0.41901087760925293,0.0,0.0002317969046998769,0.37997922897338865,0.0,0.0002532413345761597,0.3955108404159546,0.0,0.007906924933195114,0.3803797960281372,0.0,0.06827904284000397,0.3465489387512207,0.0,0.22184716165065765,0.4502298831939697,0.07425565719604492,0.5418593883514404,0.4157436370849609,0.03385785420735677,0.9161155223846436,0.5728775978088378,0.1118356704711914,0.7377350330352783,0.5668165683746338,0.08751878738403321,0.9205535054206848,0.3623109102249146,0.310520871480306,0.9944990277290344,0.3351193904876709,0.3147059440612793,0.9969788789749146,0.35830748081207275,0.5687307993570964,0.9912956953048706,0.3462745904922485,0.5986116409301758,0.9957801103591919,0.3508110761642456,0.7968870798746744,0.9278352856636047,0.32860736846923827,0.8545811335245769,0.9485660791397095
squat,0.4158823490142822,0.0,0.003832955379039049,0.4142443180084229,0.0,0.0002744748198892921,0.42114553451538084,0.0,0.0022091118153184652,0.38732428550720216,0.0,0.0029946051072329283,0.41246399879455564,0.0,0.03717593848705292,0.37340526580810546,0.0,0.252217173576355,0.3792203187942505,0.0007455825805664062,0.498895525932312,0.44343996047973633,0.08188050587972005,0.5919423699378967,0.455781364440918,0.09858999252319336,0.9073653221130371,0.5599219322204589,0.09753627777099609,0.6789011359214783,0.5690539836883545,0.12590475082397462,0.8667925596237183,0.32869844436645507,0.3021125793457031,0.9917377829551697,0.32567105293273924,0.31193726857503257,0.994861900806427,0.3552365779876709,0.5675674438476562,0.9924781322479248,0.345357346534729,0.6069220225016276,0.9961099028587341,0.36391520500183105,0.7652807871500651,0.9458165764808655,0.3260968685150146,0.8397958755493165,0.9602993726730347
squat,0.3795264005661011,0.0,0.007033155765384436,0.3850703239440918,0.0,0.0009970227256417274,0.38201193809509276,0.0,0.00357623933814466,0.3894366264343262,0.0,0.00778380548581481,0.38769533634185793,0.0,0.029944896697998047,0.3909165859222412,0.040581035614013675,0.23663973808288574,0.3661367893218994,0.05689926147460937,0.3306727409362793,0.4958907127380371,0.06826273600260417,0.4607299566268921,0.49314446449279786,0.11633551915486653,0.7786595225334167,0.6120036602020263,0.12680040995279948,0.5507161021232605,0.6181954383850098,0.16593820254007977,0.7320578098297119,0.2967855453491211,0.3264211018880208,0.9854204058647156,0.2723717212677002,0.3396097183227539,0.9888739585876465,0.37296237945556643,0.5676137288411458,0.9861648082733154,0.3533314228057861,0.6200267155965169,0.9930664300918579,0.36512935161590576,0.7659300486246745,0.9292364716529846,0.332653284072876,0.8658091227213541,0.9491187930107117
squat,0.4281503677368164,0.018495941162109376,0.6401489973068237,0.4362372875213623,0.003697109222412109,0.18357963860034943,0.42083353996276857,0.0018373807271321616,0.6164407134056091,0.4229720592498779,0.013604068756103515,0.12483572214841843,0.3989386796951294,0.011549854278564453,0.6820587515830994,0.38983232975006105,0.10669479370117188,0.88414466381073,0.37483510971069334,0.0997331937154134,0.8852444291114807,0.4731890201568604,0.1895373026529948,0.6947756409645081,0.47628030776977537,0.1740457852681478,0.8306503295898438,0.5950372219085693,0.20275980631510418,0.6545169949531555,0.6109860420227051,0.1952528953552246,0.723475456237793,0.2879027366638184,0.3655345916748047,0.9869691133499146,0.2700586557388306,0.37130533854166664,0.9863852858543396,0.37428979873657225,0.5856456120808919,0.9890889525413513,0.35927205085754393,0.625735855102539,0.9918121099472046,0.36083920001983644,0.7613477071126302,0.9518030881881714,0.3153273582458496,0.8382885615030925,0.9542129039764404
squat,0.43502197265625,0.0762742042541504,0.6785452365875244,0.44341092109680175,0.061014620463053386,0.27119868993759155,0.4267416000366211,0.06353025436401367,0.5355116128921509,0.438216495513916,0.0774981180826823,0.29676511883735657,0.4137873649597168,0.08739191691080729,0.6855124831199646,0.4011259078979492,0.17600186665852866,0.9718911051750183,0.38647847175598143,0.1896999994913737,0.9418312907218933,0.4818112850189209,0.2520518620808919,0.9218318462371826,0.48799982070922854,0.28310998280843097,0.8836497068405151,0.5952245235443115,0.3134617805480957,0.8933242559432983,0.5964033126831054,0.3243334452311198,0.8268014192581177,0.25322375297546384,0.39907636642456057,0.996391236782074,0.23689675331115723,0.4139398574829102,0.9938145875930786,0.389094614982605,0.5634267171223958,0.9965100884437561,0.3757791996002197,0.6210528055826823,0.9961657524108887,0.3725459575653076,0.7438665390014648,0.9818096160888672,0.3260986328125,0.8431653340657552,0.9777141213417053
squat,0.4580493450164795,0.1807531674702962,0.16875900328159332,0.46135654449462893,0.16712458928426108,0.019997669383883476,0.45071702003479003,0.17012659708658853,0.09094972908496857,0.44841413497924804,0.17583856582641602,0.0409327857196331,0.429538631439209,0.1906030019124349,0.29142090678215027,0.4074127197265625,0.24572327931722004,0.9331961870193481,0.3838601589202881,0.2642616907755534,0.8616007566452026,0.46817355155944823,0.29820295969645183,0.95236736536026,0.46155600547790526,0.33875188827514646,0.9231858849525452,0.5735166072845459,0.3561611811319987,0.9547474980354309,0.5716007232666016,0.37106278737386067,0.921444296836853,0.24631204605102539,0.44170061747233075,0.9979063272476196,0.22487173080444336,0.45780372619628906,0.9961299896240234,0.4032263278961182,0.5726167678833007,0.9974367022514343,0.396698522567749,0.6224993387858073,0.9969655871391296,0.3620466709136963,0.7635814666748046,0.9835679531097412,0.3297406196594238,0.8477530161539714,0.9786728024482727
squat,0.46556997299194336,0.23248777389526368,0.9747104048728943,0.4743091106414795,0.22177054087320963,0.7637670040130615,0.4515372276306152,0.21882343292236328,0.9782404899597168,0.46904630661010743,0.2424891789754232,0.2309054136276245,0.4196969985961914,0.24261690775553385,0.9574308395385742,0.4246357440948486,0.3331982930501302,0.9756287336349487,0.3884770631790161,0.3263084411621094,0.9851753115653992,0.494126558303833,0.40817206700642905,0.8269163370132446,0.4831557273864746,0.4241709391276042,0.9512429237365723,0.5873668193817139,0.4496702829996745,0.8291154503822327,0.5801719665527344,0.48268585205078124,0.9269220232963562,0.26624882221221924,0.4977557182312012,0.9847530722618103,0.23746259212493898,0.4983063697814941,0.9868196845054626,0.4195583343505859,0.6009944279988607,0.9859695434570312,0.4094515800476074,0.6180323282877604,0.992097020149231,0.35532047748565676,0.783384641011556,0.9549725651741028,0.336411452293396,0.8306089401245117,0.9644797444343567
squat,0.4713934898376465,0.31016836166381834,0.9672666192054749,0.47896718978881836,0.293159548441569,0.6776320338249207,0.45673704147338867,0.2917542775472005,0.9795998930931091,0.46782121658325193,0.2965922673543294,0.23280173540115356,0.423751974105835,0.30250161488850913,0.978557288646698,0.4175668716430664,0.38259105682373046,0.9734978675842285,0.3968971729278564,0.3899190902709961,0.9918816685676575,0.49091382026672364,0.4666529973347982,0.7595186829566956,0.5078012943267822,0.5024491628011067,0.9719921350479126,0.6407890796661377,0.5400779724121094,0.7613726854324341,0.6385210514068603,0.5646950403849283,0.9405190348625183,0.2644516468048096,0.556547482808431,0.9793548583984375,0.2460392713546753,0.5659267425537109,0.9860005974769592,0.4327273368835449,0.6110034942626953,0.980487048625946,0.42648067474365237,0.6369791666666667,0.9917646050453186,0.35481226444244385,0.7854001363118489,0.9504532217979431,0.33642988204956054,0.8389289855957032,0.9673044085502625
squat,0.4759363174438477,0.34142360687255857,0.988980770111084,0.48810806274414065,0.3263773600260417,0.7956370115280151,0.46151366233825686,0.31855977376302086,0.9928833246231079,0.4859615802764893,0.33052845001220704,0.12752823531627655,0.4207585334777832,0.31889979044596356,0.9812559485435486,0.4336246967315674,0.4056058883666992,0.9734372496604919,0.38443312644958494,0.39700501759847007,0.9949500560760498,0.5023704528808594,0.4765986124674479,0.8048128485679626,0.49805264472961425,0.5120691617329916,0.9884868860244751,0.6044732093811035,0.5151447296142578,0.8569896221160889,0.618102741241455,0.5892628987630208,0.9813665151596069,0.27424705028533936,0.5866886774698893,0.9764387607574463,0.23590054512023925,0.587339210510254,0.9883493185043335,0.43672928810119627,0.6207513809204102,0.969241201877594,0.41969947814941405,0.6399524052937825,0.9902944564819336,0.3383403539657593,0.7849881490071614,0.9135686159133911,0.33060879707336427,0.8457150141398112,0.9511468410491943
squat,0.4860062122344971,0.30856345494588217,0.858055830001831,0.4875017166137695,0.2924309730529785,0.30277708172798157,0.4744086265563965,0.2930572509765625,0.9166586995124817,0.4628745079040527,0.2971775054931641,0.14585208892822266,0.44710068702697753,0.3080341339111328,0.9722840189933777,0.41075758934020995,0.380296516418457,0.9576425552368164,0.4200417995452881,0.38844677607218425,0.9835144281387329,0.49397573471069334,0.46646639506022136,0.6867551207542419,0.5187442779541016,0.49226579666137693,0.9476330876350403,0.6468691825866699,0.5294030825297038,0.6511572003364563,0.6329059600830078,0.5321654319763184,0.8854743838310242,0.25419137477874754,0.5441620508829753,0.9805768132209778,0.25551438331604004,0.5543661753336588,0.9851168394088745,0.43317265510559083,0.6088008244832357,0.9864296913146973,0.4358504772186279,0.639642842610677,0.9936745166778564,0.36146500110626223,0.7768390655517579,0.9703006148338318,0.33545920848846433,0.8320412953694661,0.9790858626365662
squat,0.47641768455505373,0.23142550786336263,0.9469583630561829,0.4843902587890625,0.2178611119588216,0.7430282831192017,0.4609530448913574,0.21729214986165366,0.9403397440910339,0.4832736968994141,0.2376290003458659,0.4088335931301117,0.43711004257202146,0.2446666717529297,0.9282683730125427,0.44579181671142576,0.3356215794881185,0.9809982180595398,0.413969087600708,0.3376590728759766,0.9811854958534241,0.5111256599426269,0.41809037526448567,0.8643824458122253,0.5061687469482422,0.4431624412536621,0.9222210049629211,0.6144295692443847,0.4544579823811849,0.834118664264679,0.6090761184692383,0.4657314618428548,0.8740519881248474,0.2851730823516846,0.49352919260660805,0.9880471229553223,0.26025798320770266,0.4968722661336263,0.9852592945098877,0.4302186965942383,0.5995552698771159,0.9890718460083008,0.4215445041656494,0.6154094696044922,0.9915315508842468,0.35074596405029296,0.7822526295979818,0.9617730975151062,0.3334635019302368,0.818100102742513,0.9643169045448303
squat,0.48732242584228513,0.1601268768310547,0.3879144787788391,0.49155211448669434,0.14646323521931967,0.05282265692949295,0.48039851188659666,0.14660507837931316,0.30048587918281555,0.47484636306762695,0.14943644205729167,0.06194346398115158,0.4555386543273926,0.15856793721516926,0.5659122467041016,0.43074603080749513,0.22019869486490887,0.9419564008712769,0.40865154266357423,0.23909982045491537,0.9416679739952087,0.47774105072021483,0.28875144322713214,0.931411862373352,0.4714502334594727,0.33706515630086265,0.9554782509803772,0.5840582847595215,0.3429539362589518,0.9350063800811768,0.5806261539459229,0.3643540064493815,0.9410389065742493,0.2795403957366943,0.4243584950764974,0.996146559715271,0.2604333162307739,0.43869043986002604,0.9949721097946167,0.412506103515625,0.5815303166707356,0.9954409599304199,0.4076106071472168,0.6238510767618816,0.9959225654602051,0.3570981979370117,0.7692286809285481,0.9696266651153564,0.33410632610321045,0.8415349324544271,0.967139720916748
squat,0.45514688491821287,0.0798595110575358,0.22704178094863892,0.4583117485046387,0.06736189524332682,0.031268369406461716,0.44992990493774415,0.06599880854288737,0.2136511504650116,0.43998470306396487,0.07375265757242838,0.043747689574956894,0.4323249816894531,0.07636257807413736,0.5136693120002747,0.4106575965881348,0.1507733980814616,0.8073294758796692,0.3968199253082275,0.15873864491780598,0.834052324295044,0.48641767501831057,0.23034127553304037,0.6702320575714111,0.48428735733032224,0.26420234044392904,0.8373391032218933,0.5810135841369629,0.2629754702250163,0.6402812004089355,0.5864562034606934,0.2973871866861979,0.7535242438316345,0.28504152297973634,0.39627272288004556,0.9914692044258118,0.2708397388458252,0.40420576731363933,0.9916070699691772,0.3973734378814697,0.5924275716145834,0.9943403005599976,0.3936034679412842,0.6285635630289713,0.9961971044540405,0.3545377254486084,0.7730766296386719,0.9797990322113037,0.33222713470458987,0.843931770324707,0.9820359349250793
squat,0.4506680011749268,0.018720626831054688,0.5993872880935669,0.459456205368042,0.0015137036641438802,0.11435630917549133,0.4407014846801758,0.003969224294026693,0.6446941494941711,0.447905445098877,0.008233992258707683,0.09630189090967178,0.4170516490936279,0.01821908950805664,0.7983121871948242,0.4095485687255859,0.09615885416666667,0.8605421781539917,0.3958555221557617,0.10740184783935547,0.9585216641426086,0.47301607131958007,0.17675333023071288,0.6333428621292114,0.49904909133911135,0.1802530288696289,0.9522984027862549,0.5892617225646972,0.23601698875427246,0.6429948806762695,0.6268368721008301,0.21754404703776042,0.8893736004829407,0.2972898006439209,0.3487236022949219,0.9924843907356262,0.27930774688720705,0.3620274225870768,0.9957907795906067,0.38930387496948243,0.5706045150756835,0.9937044978141785,0.3756552219390869,0.6244160970052083,0.9974446296691895,0.3671287775039673,0.745770263671875,0.9713687896728516,0.3248624801635742,0.8410266876220703,0.9815446138381958
squat,0.43982601165771484,0.004892762502034505,0.006271474529057741,0.44060325622558594,0.0,0.0003707324212882668,0.4377255439758301,0.0,0.0072611793875694275,0.42087545394897463,0.0,0.0021081184968352318,0.42214069366455076,0.0,0.11107280105352402,0.4062334537506104,0.028899765014648436,0.14853821694850922,0.3843820810317993,0.04480390548706055,0.5774037837982178,0.4846850872039795,0.09685821533203125,0.29155319929122925,0.48132548332214353,0.12879788080851237,0.9220585823059082,0.6049713134765625,0.16890605290730795,0.43262654542922974,0.6123411178588867,0.2013258139292399,0.8754661679267883,0.31839580535888673,0.323857847849528,0.986772358417511,0.29727585315704347,0.3386948267618815,0.9949447512626648,0.3829731225967407,0.5544185638427734,0.9895944595336914,0.3699864625930786,0.6070321400960287,0.9970537424087524,0.3668524742126465,0.7685640335083008,0.9551253318786621,0.33448865413665774,0.864178466796875,0.9768760800361633
squat,0.399692440032959,0.003018474578857422,0.00796684343367815,0.39647023677825927,0.0,0.0006178433541208506,0.4039007186889648,0.0,0.004088692832738161,0.3710517883300781,0.0,0.006501247175037861,0.4014413356781006,0.0,0.07191452383995056,0.3672036647796631,0.018949540456136067,0.4461511969566345,0.38548595905303956,0.027412954966227213,0.6899970769882202,0.46190366744995115,0.09536752700805665,0.7037251591682434,0.49583587646484373,0.10706847508748372,0.9430416226387024,0.5742415428161621,0.13859434127807618,0.7399287819862366,0.6064376831054688,0.15512393315633138,0.902026355266571,0.3339108467102051,0.3269075393676758,0.995302677154541,0.3372331619262695,0.33831857045491537,0.9971616268157959,0.3610055446624756,0.5586039225260416,0.9948798418045044,0.3466361045837402,0.6078765869140625,0.9975503087043762,0.3765729427337646,0.746889877319336,0.963434636592865,0.32124578952789307,0.8350650151570638,0.9747569561004639
squat,0.3900185823440552,0.0,0.006764408200979233,0.3879519462585449,0.0,0.0005414033657871187,0.39339919090270997,0.0,0.003079758957028389,0.3690371513366699,0.0,0.004862894769757986,0.39001920223236086,0.0,0.04392285645008087,0.3722448110580444,0.002017943064371745,0.39019230008125305,0.3774766206741333,0.009349600474039713,0.641791045665741,0.46768898963928224,0.07789567311604818,0.7114405632019043,0.49146289825439454,0.0903472900390625,0.9459490180015564,0.5811278343200683,0.10676231384277343,0.7623699307441711,0.6096949577331543,0.1322466214497884,0.9134136438369751,0.3514559268951416,0.31713409423828126,0.9957115650177002,0.3452461242675781,0.3280242919921875,0.9974538683891296,0.3578855037689209,0.5539464314778646,0.9954456090927124,0.3414584159851074,0.6028332392374675,0.9978284239768982,0.3724989891052246,0.7493963241577148,0.9653793573379517,0.3215362787246704,0.8359622319539388,0.9763869643211365
squat,0.4053188800811768,0.0032274564107259113,0.0030075209215283394,0.4009846210479736,0.0,0.00018796688527800143,0.40995426177978517,0.0,0.002091418718919158,0.369507360458374,0.0,0.0025263747666031122,0.4022247791290283,0.0,0.05446325242519379,0.35778653621673584,0.0,0.20110458135604858,0.38572349548339846,0.006057516733805338,0.5596431493759155,0.43797807693481444,0.0714141845703125,0.48427334427833557,0.49639892578125,0.07814400990804037,0.9365085959434509,0.5554131507873535,0.11828502019246419,0.5892309546470642,0.6129638195037842,0.11453704833984375,0.8889093399047852,0.3338183879852295,0.30652186075846355,0.9926425814628601,0.34233546257019043,0.3205865859985352,0.9966417551040649,0.3559758424758911,0.5498158772786458,0.9943037033081055,0.3424121379852295,0.6035925547281901,0.9978439807891846,0.37202227115631104,0.7475893020629882,0.9669368863105774,0.31611948013305663,0.8416006724039714,0.9803460240364075
squat,0.42287731170654297,0.0,0.008036673069000244,0.4191926956176758,0.0,0.00046287066652439535,0.4275968551635742,0.0,0.005770203657448292,0.384438157081604,0.0,0.005289225373417139,0.42012271881103513,0.0,0.12002094835042953,0.3667527437210083,0.0015035311381022135,0.3817831575870514,0.3983794689178467,0.013153298695882162,0.7565733790397644,0.43432841300964353,0.07645276387532553,0.5905132293701172,0.49445643424987795,0.0967077891031901,0.9552963376045227,0.5499237537384033,0.0852258046468099,0.6432206034660339,0.606153917312622,0.1192307154337565,0.9056732058525085,0.33260383605957033,0.320616340637207,0.9941800832748413,0.3445595264434814,0.33153486251831055,0.9972971081733704,0.3537158012390137,0.5661596934000651,0.994611382484436,0.347489595413208,0.6047542572021485,0.997852087020874,0.37015566825866697,0.7636617024739584,0.964499294757843,0.32365448474884034,0.8354419072469076,0.978080153465271
squat,0.4221839427947998,0.0,0.005095392465591431,0.42022337913513186,0.0,0.0002828321885317564,0.426556396484375,0.0,0.0035662685986608267,0.3935312032699585,0.0,0.0033192774280905724,0.42226529121398926,0.0,0.0768788680434227,0.37857789993286134,0.0,0.2769833207130432,0.39433956146240234,0.01598014831542969,0.6883434653282166,0.4501045703887939,0.08056227366129558,0.5424667596817017,0.49187407493591306,0.11392828623453775,0.9551571011543274,0.5614793777465821,0.0911478042602539,0.6351267695426941,0.6090726375579834,0.14690411885579427,0.9146868586540222,0.3221951246261597,0.32181164423624675,0.9929351210594177,0.3241452217102051,0.3362744331359863,0.9969443678855896,0.3611301898956299,0.555367914835612,0.9938073754310608,0.3542837858200073,0.6093491236368815,0.9978451728820801,0.3700430870056152,0.7474335352579753,0.960948646068573,0.3292445421218872,0.8475355784098307,0.9773958325386047
squat,0.44425153732299805,0.003412628173828125,0.2137201726436615,0.44908971786499025,0.0,0.020832572132349014,0.4384335517883301,0.0,0.19750766456127167,0.43088541030883787,0.0,0.03222065418958664,0.41718645095825196,0.0,0.519275963306427,0.40200629234313967,0.06605250040690104,0.7861698269844055,0.3903541326522827,0.0761349360148112,0.9018794298171997,0.48579931259155273,0.13569199244181315,0.7096647620201111,0.4992258071899414,0.15802154541015626,0.9410847425460815,0.5936944484710693,0.17463242212931315,0.7146402597427368,0.6187928199768067,0.19373099009195963,0.8862078785896301,0.30324640274047854,0.3357118288675944,0.9945372939109802,0.287004280090332,0.34755236307779946,0.9962755441665649,0.38715248107910155,0.5666879653930664,0.995118260383606,0.3720542430877686,0.6175151824951172,0.9976019263267517,0.3628938913345337,0.7508645375569661,0.9723817706108093,0.3217758655548096,0.8437703450520834,0.9798120260238647
squat,0.44887514114379884,0.0461208979288737,0.6716652512550354,0.45354738235473635,0.03449929555257161,0.1695978194475174,0.4411588191986084,0.03043788274129232,0.6243144273757935,0.4360022068023682,0.04804808298746745,0.07024289667606354,0.4139772891998291,0.04379762013753255,0.678543210029602,0.4013334274291992,0.13658987681070964,0.9164028763771057,0.3779372453689575,0.1317186673482259,0.8990709781646729,0.46048483848571775,0.20252447128295897,0.8187620639801025,0.4565843105316162,0.20470339457194012,0.8625312447547913,0.5191443920135498,0.1557459831237793,0.788461446762085,0.5595917701721191,0.17264785766601562,0.8115087151527405,0.292725658416748,0.3940303802490234,0.9911063313484192,0.2703701019287109,0.39840710957845055,0.9893277287483215,0.3982544898986816,0.5952011744181315,0.9922163486480713,0.3893979787826538,0.6276556650797526,0.9931690692901611,0.3572965145111084,0.7748184204101562,0.9630499482154846,0.3311791896820068,0.8382680257161458,0.9612403512001038
squat,0.42893047332763673,0.09157657623291016,0.2335004359483719,0.4332115173339844,0.07601038614908855,0.03491644188761711,0.4242689609527588,0.07346916198730469,0.15554483234882355,0.4233091831207275,0.06789798736572265,0.053447216749191284,0.4117377281188965,0.06824076970418294,0.3420770764350891,0.39795494079589844,0.14768393834431967,0.8589686751365662,0.3812035799026489,0.14666016896565756,0.80250483751297,0.4771875858306885,0.2547563711802165,0.8127720952033997,0.4827565670013428,0.26769142150878905,0.8569992780685425,0.5961015701293946,0.32335634231567384,0.8188614845275879,0.6029044628143311,0.33494253158569337,0.8314685225486755,0.2708944797515869,0.4104305903116862,0.9927346706390381,0.25532243251800535,0.4167412439982096,0.9907494187355042,0.4110414505004883,0.5842737833658854,0.9937114715576172,0.40490117073059084,0.6171033223470052,0.9950076341629028,0.3570262908935547,0.774481201171875,0.9721782207489014,0.32983837127685545,0.846145502726237,0.9728993773460388
squat,0.4872739315032959,0.1903193791707357,0.960884153842926,0.4923074245452881,0.17765773137410482,0.6896113157272339,0.47381277084350587,0.17503814697265624,0.9571653604507446,0.4751730918884277,0.19125232696533204,0.2137266844511032,0.43459458351135255,0.1945386568705241,0.9240381717681885,0.42818284034729004,0.2808133443196615,0.9849641919136047,0.3970852613449097,0.27682422002156576,0.9771256446838379,0.48220229148864746,0.3481202443440755,0.9197595119476318,0.45650200843811034,0.35264066060384114,0.923102080821991,0.58658766746521,0.3705223719278971,0.9045884609222412,0.5689675331115722,0.3764057159423828,0.8974503874778748,0.2923245429992676,0.46848430633544924,0.993598222732544,0.26853644847869873,0.4719027201334635,0.9907207489013672,0.42075457572937014,0.6049933115641276,0.9952548742294312,0.4211482048034668,0.6228476206461588,0.9950971007347107,0.35210671424865725,0.7871198654174805,0.9821341633796692,0.33906097412109376,0.8195956548055013,0.979031503200531
squat,0.49144597053527833,0.2706494649251302,0.8637126684188843,0.4933061122894287,0.25752245585123695,0.35639622807502747,0.47751898765563966,0.2552555720011393,0.9126824140548706,0.47609567642211914,0.2664621353149414,0.0687837153673172,0.43891634941101076,0.2704782485961914,0.9233781695365906,0.4379995346069336,0.3531099637349447,0.9301220774650574,0.39844162464141847,0.3435888926188151,0.9520004391670227,0.49576845169067385,0.43649059931437173,0.6535923480987549,0.4682914733886719,0.42329371770222984,0.8714358806610107,0.6059825897216797,0.45931822458902993,0.6182923913002014,0.5829655647277832,0.43840262095133464,0.7991880774497986,0.29383695125579834,0.5471182505289713,0.9812455177307129,0.2642056465148926,0.5480137507120768,0.9807984232902527,0.4428127288818359,0.6312999725341797,0.9880901575088501,0.4362537384033203,0.6410565694173177,0.9921312928199768,0.3495941638946533,0.802850087483724,0.9757970571517944,0.33524236679077146,0.8260225931803385,0.9790462255477905
squat,0.4935218334197998,0.3223199208577474,0.9493098855018616,0.49456305503845216,0.3081531524658203,0.3342028558254242,0.4819336891174316,0.3060400644938151,0.9846240282058716,0.4633970260620117,0.30999263127644855,0.043740008026361465,0.43810205459594725,0.3169786771138509,0.9900454878807068,0.4030304908752441,0.38251206080118816,0.923185408115387,0.40590896606445315,0.39522562026977537,0.988969087600708,0.4724071502685547,0.4485852877298991,0.43879279494285583,0.5156538009643554,0.49063698450724286,0.970873236656189,0.6096566677093506,0.4850835164388021,0.4995388984680176,0.6475847721099853,0.5203615188598633,0.935716450214386,0.25742449760437014,0.5891073862711589,0.9564282298088074,0.2514040946960449,0.5996000289916992,0.9813624620437622,0.4400497913360596,0.6207187016805013,0.9636907577514648,0.44144978523254397,0.6512397130330404,0.989962637424469,0.3407586097717285,0.7780661265055339,0.936437726020813,0.32730469703674314,0.8385948181152344,0.9660254716873169
squat,0.4910841464996338,0.33810221354166664,0.9441006183624268,0.49019222259521483,0.3254461924235026,0.2732878625392914,0.48136425018310547,0.321171506245931,0.9792359471321106,0.45931377410888674,0.3268872896830241,0.024870147928595543,0.43804025650024414,0.326570733388265,0.987101674079895,0.40644116401672364,0.3953449249267578,0.9343503713607788,0.39868931770324706,0.40174996058146156,0.9898055791854858,0.4964310646057129,0.4573879877726237,0.567986786365509,0.5207216262817382,0.49875354766845703,0.9800463914871216,0.6217656135559082,0.4940546671549479,0.6324331164360046,0.6529426574707031,0.5293715794881185,0.9603001475334167,0.2562246799468994,0.6037695566813152,0.9686793088912964,0.24403467178344726,0.6112836201985677,0.9860033392906189,0.43930444717407224,0.6179293314615886,0.969231903553009,0.4392289161682129,0.6441305160522461,0.991414487361908,0.3372535705566406,0.7854534149169922,0.938275933265686,0.32756805419921875,0.8404688517252604,0.9669879674911499
squat,0.49079432487487795,0.2774837493896484,0.8289371132850647,0.48918447494506834,0.26447334289550783,0.20664621889591217,0.47858033180236814,0.2655169486999512,0.9116433262825012,0.4631970405578613,0.27412179311116536,0.03606614097952843,0.4409327030181885,0.2863592783610026,0.9468818306922913,0.42192564010620115,0.3515061696370443,0.8788572549819946,0.40546417236328125,0.3634531021118164,0.950573742389679,0.4893649101257324,0.41602191925048826,0.48275911808013916,0.49137310981750487,0.4515096664428711,0.885974645614624,0.5890571594238281,0.43140735626220705,0.48916417360305786,0.5887197494506836,0.4491212526957194,0.8187308311462402,0.27691402435302737,0.5397526423136393,0.9595233798027039,0.26201324462890624,0.5474574406941731,0.9711711406707764,0.42727270126342776,0.6220823923746744,0.9749326109886169,0.43175172805786133,0.6441890716552734,0.9880246520042419,0.343953537940979,0.7860277175903321,0.9524956345558167,0.33423519134521484,0.8252464294433594,0.9652109742164612
squat,0.4661816120147705,0.19223082860310872,0.4006873667240143,0.46700325012207033,0.17837931315104166,0.04255111142992973,0.46117501258850097,0.17793782552083334,0.360451877117157,0.4388759613037109,0.1823446273803711,0.07151475548744202,0.44121150970458983,0.19108638763427735,0.7329971194267273,0.39958555698394777,0.25633970896402997,0.948549211025238,0.403995943069458,0.26910508473714195,0.956978976726532,0.46184091567993163,0.3426308314005534,0.891808807849884,0.47725496292114256,0.3734734853108724,0.9562744498252869,0.5716993331909179,0.37519814173380533,0.8821312785148621,0.5874712944030762,0.3858198165893555,0.9255484938621521,0.2683187246322632,0.4651826858520508,0.9943268895149231,0.26657862663269044,0.47485106786092124,0.9942185878753662,0.4075831413269043,0.5931246439615886,0.993671178817749,0.4151791572570801,0.6216185887654623,0.9954681396484375,0.35335636138916016,0.7738599141438802,0.9683440923690796,0.3383347511291504,0.8255910237630208,0.9705257415771484
squat,0.45825786590576173,0.19154129028320313,0.18080191314220428,0.45939207077026367,0.18135484059651694,0.021110357716679573,0.4542086124420166,0.18062362670898438,0.19307681918144226,0.44458885192871095,0.17986640930175782,0.021769268438220024,0.4400468349456787,0.1842721939086914,0.4464600682258606,0.4091060638427734,0.2237359364827474,0.614635705947876,0.40642895698547366,0.21951605478922526,0.7805734276771545,0.4547060489654541,0.22389586766560873,0.5535383224487305,0.4598301887512207,0.2266445795694987,0.8674708604812622,0.5249536037445068,0.22456194559733073,0.6034480333328247,0.5421312332153321,0.25006148020426433,0.8233187794685364,0.2797341823577881,0.4191921234130859,0.9803820848464966,0.273069953918457,0.4208244323730469,0.9854682087898254,0.4080990791320801,0.5919289271036784,0.9898337125778198,0.4099264144897461,0.610871950785319,0.9947896003723145,0.35987234115600586,0.780895741780599,0.9721841812133789,0.33947155475616453,0.8267011642456055,0.9799802303314209
squat,0.4255941390991211,0.07791226704915365,0.08785610646009445,0.4238883495330811,0.06104695002237956,0.02551349811255932,0.42026143074035643,0.06648197174072265,0.05136869475245476,0.413695240020752,0.05008996327718099,0.05188450962305069,0.41770410537719727,0.06828047434488932,0.2003607153892517,0.3922605276107788,0.10611438751220703,0.7153204083442688,0.39461028575897217,0.13015562693277996,0.5524917840957642,0.4327577590942383,0.13940245310465496,0.7144819498062134,0.43665685653686526,0.17171770731608074,0.5683761835098267,0.4458936214447021,0.13743988672892252,0.6501779556274414,0.45061550140380857,0.12464265823364258,0.5391868352890015,0.2704760074615479,0.3843412399291992,0.9883257150650024,0.27014694213867185,0.40099163055419923,0.9802045226097107,0.3989673852920532,0.5651194254557291,0.9909815192222595,0.4107025146484375,0.6216586430867513,0.9898744821548462,0.349820876121521,0.7647766749064128,0.9663653373718262,0.33904290199279785,0.8544677734375,0.959526002407074
squat,0.42186264991760253,0.011156241099039713,0.08409187197685242,0.4258864402770996,9.215672810872396e-05,0.011435991153120995,0.4190948963165283,0.0,0.07100836932659149,0.41301326751708983,0.009041277567545573,0.023862501606345177,0.4082125186920166,0.005316448211669922,0.25487858057022095,0.39381229877471924,0.08053407669067383,0.5554814338684082,0.38135366439819335,0.07396233876546224,0.63728928565979,0.478999662399292,0.12533197402954102,0.5241603255271912,0.48599886894226074,0.10869471232096355,0.787867546081543,0.5746695518493652,0.14693301518758137,0.5411214232444763,0.6039626121520996,0.12584199905395507,0.7060834765434265,0.2951330661773682,0.3531998634338379,0.9855816960334778,0.27952382564544676,0.3583470344543457,0.9875921607017517,0.39167802333831786,0.5753335952758789,0.9875432252883911,0.3820055961608887,0.6146717071533203,0.9926930665969849,0.36229567527770995,0.7686845779418945,0.9490405321121216,0.3303446054458618,0.8486064275105795,0.9592775702476501
squat,0.47368435859680175,0.04262075424194336,0.0036949939094483852,0.4742678165435791,0.03312222162882487,0.00022165992413647473,0.47943596839904784,0.02939573923746745,0.0027344131376594305,0.4499551296234131,0.009913094838460286,0.002021936932578683,0.46848602294921876,0.0035699844360351563,0.050234969705343246,0.41729035377502444,0.028531837463378906,0.19801169633865356,0.41980433464050293,0.025046157836914062,0.5082380175590515,0.47642078399658205,0.08363367716471354,0.5363541841506958,0.49712438583374025,0.0748650868733724,0.9262709617614746,0.5872587203979492,0.08895645141601563,0.6523331999778748,0.618346881866455,0.0850762685139974,0.8814314603805542,0.31981871128082273,0.29155470530192057,0.9906229376792908,0.3122684478759766,0.2982203801472982,0.9947201013565063,0.36901652812957764,0.5612438837687175,0.9920103549957275,0.36091482639312744,0.6070021947224935,0.9964407086372375,0.3638604164123535,0.7523657480875651,0.9445887207984924,0.32898669242858886,0.8461847941080729,0.9618562459945679
squat,0.4599720001220703,0.02653497060139974,0.0006612054421566427,0.46050090789794923,0.017099698384602863,4.340451050666161e-05,0.4606775760650635,0.015095329284667969,0.00047972117317840457,0.44074392318725586,0.0,0.0003376589738763869,0.43579602241516113,0.0,0.008874471299350262,0.42954239845275877,0.01257031758626302,0.04832446947693825,0.37844223976135255,0.008773549397786459,0.1548360139131546,0.4943998336791992,0.04875160853068034,0.3934692442417145,0.45813817977905275,0.04173847834269206,0.8437635898590088,0.6180845260620117,0.055502732594807945,0.5965797305107117,0.6183292388916015,0.05780213673909505,0.8383983969688416,0.36946127414703367,0.31207558314005535,0.9898792505264282,0.3271953582763672,0.3211413065592448,0.9939259886741638,0.36374821662902834,0.5548884709676106,0.9890308976173401,0.3397970199584961,0.600489616394043,0.9943991303443909,0.3599556446075439,0.783746083577474,0.9355474710464478,0.33055887222290037,0.8666557312011719,0.9513471126556396
squat,0.5099266052246094,0.01072864532470703,0.0006236447370611131,0.5089481353759766,1.71661376953125e-05,3.4669148590182886e-05,0.5088974952697753,0.0,0.0003308872110210359,0.4864941120147705,0.0,0.00018405041191726923,0.4793556213378906,0.0,0.005998910870403051,0.47793946266174314,0.016529369354248046,0.06229155883193016,0.4016123294830322,0.0,0.09128589928150177,0.5450312614440918,0.06439078648885091,0.5801032781600952,0.4507309913635254,0.02458813985188802,0.7570132613182068,0.6393800258636475,0.03877271016438802,0.7576954364776611,0.625709342956543,0.021705214182535806,0.8135727643966675,0.3734764099121094,0.31165555318196614,0.9849832653999329,0.31906423568725584,0.3079570134480794,0.9853236675262451,0.35076241493225097,0.5857927958170573,0.9712339639663696,0.33153228759765624,0.6120970408121745,0.974709153175354,0.3296699047088623,0.8115132649739584,0.7481731176376343,0.31266210079193113,0.8594589233398438,0.7297763228416443
squat,0.48828730583190916,0.002350298563639323,0.0007152910111472011,0.4872748374938965,0.0,4.2681807826738805e-05,0.4915173530578613,0.0,0.000478929840028286,0.4572033405303955,0.0,0.0003723418922163546,0.4650861740112305,0.0,0.010922832414507866,0.43506722450256347,0.0,0.07932120561599731,0.4027702808380127,0.0,0.18094554543495178,0.515320873260498,0.023869132995605467,0.5126405954360962,0.49015960693359373,0.026361433664957683,0.8445550203323364,0.6300362586975098,0.01741313934326172,0.6440575122833252,0.6184489250183105,0.034666188557942706,0.8134791254997253,0.3581383228302002,0.29390179316202797,0.9932947754859924,0.3277981042861938,0.3033150672912598,0.9950873255729675,0.36541070938110354,0.5450815836588542,0.9944302439689636,0.3432119846343994,0.6017635981241862,0.9966687560081482,0.35720410346984866,0.7431835174560547,0.9651636481285095,0.3200136661529541,0.851078987121582,0.9704030156135559
squat,0.4768542289733887,0.04686120351155599,0.0022504357621073723,0.4855461597442627,0.0368188222249349,0.0002731499553192407,0.47924108505249025,0.034050242106119795,0.0015780945541337132,0.48083996772766113,0.02543179194132487,0.001957044005393982,0.4653116226196289,0.018609905242919923,0.014125242829322815,0.4491077423095703,0.04246724446614583,0.0843893513083458,0.4151005268096924,0.044030348459879555,0.15591081976890564,0.4986147880554199,0.050589561462402344,0.3481910228729248,0.5031907081604003,0.05163170496622722,0.6873666644096375,0.6096361637115478,0.07273178100585938,0.48801618814468384,0.6361565589904785,0.05643269220987956,0.6421316862106323,0.33056700229644775,0.30571969350179035,0.9872859120368958,0.2990657091140747,0.31453831990559894,0.9896067976951599,0.36499083042144775,0.5594989776611328,0.9934718608856201,0.3494964838027954,0.6142345428466797,0.9959625601768494,0.35238664150238036,0.7554375330607096,0.9739830493927002,0.3345280647277832,0.8655452728271484,0.9778611063957214
squat,0.422486400604248,0.03876282374064128,0.20141418278217316,0.4282662391662598,0.026328595479329427,0.043453339487314224,0.4192661762237549,0.024403158823649088,0.18695761263370514,0.4215892791748047,0.02919947306315104,0.05613362416625023,0.4130551338195801,0.02598231633504232,0.3742504119873047,0.39910173416137695,0.09182828267415365,0.6009584069252014,0.39413177967071533,0.08489023844401042,0.6785764098167419,0.4694193363189697,0.11547009150187175,0.4207415282726288,0.48380136489868164,0.10506264368693034,0.6994736194610596,0.5555715084075927,0.07896264394124348,0.37545594573020935,0.5818622589111329,0.0727148691813151,0.5487706661224365,0.2977166175842285,0.3500056266784668,0.9786900877952576,0.2884372711181641,0.352093760172526,0.9814783334732056,0.3834723949432373,0.5989701588948567,0.9892914891242981,0.37621326446533204,0.6266106923421224,0.9936323761940002,0.3605763912200928,0.7769902547200521,0.9677900671958923,0.3318964958190918,0.8377273559570313,0.9750550389289856
squat,0.4246819019317627,0.0975441296895345,0.16001437604427338,0.4276420116424561,0.0870266596476237,0.02048799954354763,0.42183237075805663,0.0835651715596517,0.13603141903877258,0.4124626159667969,0.0912062644958496,0.02559598535299301,0.409609317779541,0.08797918955485026,0.33981460332870483,0.38393545150756836,0.15192893346150715,0.6725919246673584,0.37892067432403564,0.1515302022298177,0.7102463841438293,0.4503065586090088,0.17554798126220703,0.6191737055778503,0.4631159782409668,0.1883723258972168,0.8075904846191406,0.5182682991027832,0.11798508961995442,0.6092332601547241,0.5471858978271484,0.13272186915079753,0.7420957088470459,0.27465252876281737,0.39954795837402346,0.9848153591156006,0.2646773099899292,0.40524641672770184,0.9856734275817871,0.40021867752075196,0.5948722839355469,0.9902021884918213,0.39328362941741946,0.6278076171875,0.9937660694122314,0.36012022495269774,0.774050521850586,0.965461254119873,0.335923957824707,0.8450981140136719,0.9711617827415466
squat,0.44304628372192384,0.1552634874979655,0.3541239798069,0.4441864013671875,0.14744749069213867,0.05381608009338379,0.4378262996673584,0.1442447344462077,0.3298260271549225,0.4265836238861084,0.16332794825236002,0.029874583706259727,0.420118522644043,0.1598806381225586,0.5186006426811218,0.39518578052520753,0.23439591725667316,0.7779179215431213,0.38434696197509766,0.21393534342447917,0.8257758617401123,0.44025354385375975,0.2549978892008464,0.6882702112197876,0.42357988357543946,0.1982876777648926,0.8521291613578796,0.4740304946899414,0.19587685267130533,0.6738223433494568,0.46731343269348147,0.13020394643147787,0.8112266659736633,0.2843155384063721,0.4613838195800781,0.9871841073036194,0.2727867841720581,0.4597393353780111,0.9884331822395325,0.41134986877441404,0.6050187428792317,0.9937200546264648,0.4102147102355957,0.6290203094482422,0.9960893392562866,0.36279704570770266,0.779853884379069,0.983532190322876,0.34573936462402344,0.8358566284179687,0.9868056774139404
squat,0.4616832733154297,0.1971586227416992,0.9767981767654419,0.472777271270752,0.1846994400024414,0.8898951411247253,0.4476496696472168,0.18106002807617189,0.9670637845993042,0.4784512996673584,0.20097115834554036,0.39764222502708435,0.4213560104370117,0.19736890792846679,0.8536939024925232,0.45035581588745116,0.29575039545694987,0.9788678884506226,0.385487961769104,0.2714027086893717,0.9685413241386414,0.502842903137207,0.37206268310546875,0.8891099095344543,0.4049973964691162,0.3384910901387533,0.8830628395080566,0.584369421005249,0.3580058733622233,0.8628320693969727,0.4843715190887451,0.33809153238932294,0.8546926975250244,0.31856741905212405,0.479753049214681,0.9881126284599304,0.2755098342895508,0.4744746526082357,0.9839321374893188,0.426706600189209,0.6101950963338216,0.9915466904640198,0.4123999118804932,0.6205499013264973,0.992139995098114,0.35367779731750487,0.7896706899007161,0.9731550216674805,0.3417746782302856,0.8208513259887695,0.9721189737319946
squat,0.4627796173095703,0.2632907867431641,0.9704909920692444,0.47441825866699217,0.2502497355143229,0.8449169993400574,0.4463244915008545,0.24910252888997395,0.968137800693512,0.4805351734161377,0.2671696980794271,0.3973454535007477,0.42081503868103026,0.2714853286743164,0.9049171209335327,0.4456118106842041,0.3568532943725586,0.9738553762435913,0.3985386848449707,0.34868017832438153,0.9683660268783569,0.5078091144561767,0.4212749481201172,0.8146575093269348,0.4925518035888672,0.42318973541259763,0.8839865326881409,0.6206377506256103,0.43134568532307943,0.7806962132453918,0.6091601848602295,0.4420572598775228,0.8253118991851807,0.28946514129638673,0.5384525934855143,0.9825317859649658,0.25381808280944823,0.539013671875,0.978809654712677,0.4288049221038818,0.6271636327107747,0.9847036600112915,0.4194180488586426,0.6440547307332357,0.9883900880813599,0.3514855146408081,0.7879922231038411,0.9610368609428406,0.3381462335586548,0.8332749048868815,0.9634173512458801
squat,0.47638325691223143,0.3250759442647298,0.975548267364502,0.4884756088256836,0.3083745320638021,0.6624965071678162,0.4596228122711182,0.30322704315185545,0.9908566474914551,0.47899637222290037,0.3124905268351237,0.11843887716531754,0.41713438034057615,0.31176395416259767,0.983022153377533,0.41010394096374514,0.38242435455322266,0.9163371920585632,0.3954717397689819,0.38456271489461263,0.9886295795440674,0.4206860065460205,0.4463691711425781,0.4617686867713928,0.5119825839996338,0.46935415267944336,0.9708254933357239,0.5069216251373291,0.45569368998209636,0.5485301613807678,0.6499444961547851,0.4916049957275391,0.9398662447929382,0.268921947479248,0.5917811711629232,0.9505863785743713,0.24705660343170166,0.5978066762288411,0.979525089263916,0.443440580368042,0.6285418192545573,0.9562795162200928,0.4293889045715332,0.6466603597005208,0.9873664379119873,0.34464054107666015,0.7840658823649088,0.9274733662605286,0.32847013473510744,0.8367754618326823,0.9614232182502747
squat,0.4776027202606201,0.3341697057088216,0.9806532859802246,0.4890787124633789,0.3176908810933431,0.7016973495483398,0.4603936195373535,0.31326980590820314,0.9916979074478149,0.4825311183929443,0.32185131708780923,0.10250382870435715,0.41701154708862304,0.3209425926208496,0.9817532300949097,0.4188039302825928,0.38989041646321615,0.93410325050354,0.39340572357177733,0.3896713892618815,0.9906827211380005,0.44224047660827637,0.44442679087320963,0.5707687139511108,0.511237096786499,0.4640558878580729,0.9788188934326172,0.5241178035736084,0.4563010215759277,0.6557170748710632,0.647214126586914,0.4915342648824056,0.9590181112289429,0.27516205310821534,0.5932042439778645,0.9674627184867859,0.2464627742767334,0.5989596684773763,0.9862123727798462,0.44394793510437014,0.6313213348388672,0.9661300778388977,0.4250627517700195,0.6539005279541016,0.990153968334198,0.3509366989135742,0.7810136159261067,0.9353665709495544,0.3272549152374268,0.8394344329833985,0.9654393792152405
squat,0.47041831016540525,0.29657065073649086,0.874474287033081,0.4767632961273193,0.2847890535990397,0.3673526644706726,0.4589969635009766,0.28526579538981117,0.8900476098060608,0.46743030548095704,0.295711612701416,0.165739506483078,0.43608641624450684,0.30508314768473305,0.9101279377937317,0.42450728416442873,0.3681518872578939,0.96253502368927,0.405686092376709,0.3731942812601725,0.9750394821166992,0.5056536674499512,0.4174341201782227,0.8149120807647705,0.5099784374237061,0.4444355646769206,0.9515095353126526,0.6477188110351563,0.4427273114522298,0.8016662001609802,0.6412465572357178,0.46503140131632487,0.9108002781867981,0.25615715980529785,0.5398149490356445,0.9892545938491821,0.23771095275878906,0.5478690465291342,0.9901935458183289,0.425309944152832,0.6172357559204101,0.9892126321792603,0.42328758239746095,0.6506593068440755,0.9941422343254089,0.3511975288391113,0.7746402740478515,0.9681747555732727,0.33412971496582033,0.8434044520060221,0.975014328956604
squat,0.4635623455047607,0.2203715960184733,0.9748681783676147,0.47345619201660155,0.20712560017903645,0.8139883279800415,0.4485058307647705,0.20824734369913736,0.9682334661483765,0.47357769012451173,0.22300999959309895,0.40638628602027893,0.4222590446472168,0.23307456970214843,0.9284414649009705,0.43649964332580565,0.308241335550944,0.9876062273979187,0.3964528560638428,0.3150984764099121,0.98409503698349,0.5243642807006836,0.36265157063802084,0.9201338291168213,0.5105034828186035,0.395728333791097,0.9510709047317505,0.6636904716491699,0.3985459645589193,0.9073212742805481,0.650370740890503,0.4210527737935384,0.92073655128479,0.2682856559753418,0.4821038564046224,0.9901816248893738,0.23628158569335939,0.48984670639038086,0.9874372482299805,0.4157064437866211,0.5937246958414714,0.9875848293304443,0.41028428077697754,0.623040771484375,0.9902063012123108,0.3544920921325684,0.7740825017293295,0.9441585540771484,0.33629004955291747,0.8299484888712565,0.9451255202293396
squat,0.46668453216552735,0.15238304138183595,0.8381764888763428,0.4728710174560547,0.13725566864013672,0.26873278617858887,0.4567117691040039,0.14067659378051758,0.8640778660774231,0.4543590545654297,0.1478421211242676,0.18574391305446625,0.43297295570373534,0.16450672149658202,0.936554491519928,0.4052303314208984,0.22965691884358724,0.9676156044006348,0.4031391143798828,0.26215842564900715,0.986707329750061,0.48203291893005373,0.26300573348999023,0.8497276306152344,0.49963154792785647,0.32957000732421876,0.9743208289146423,0.6270312309265137,0.3149495442708333,0.837374210357666,0.6160159111022949,0.33743626276652017,0.9413920640945435,0.2531519889831543,0.4401020367940267,0.9939249157905579,0.24643464088439943,0.462388547261556,0.9952095150947571,0.409521484375,0.5689740498860677,0.9940650463104248,0.40792007446289064,0.6292537689208985,0.9970225691795349,0.3618469715118408,0.7458988825480143,0.973347544670105,0.33694119453430177,0.8448870340983073,0.9797152280807495
squat,0.45507230758666994,0.07756487528483073,0.9577677845954895,0.4636927604675293,0.06272627512613932,0.5492513179779053,0.4437127113342285,0.0632960319519043,0.9830461144447327,0.44313368797302244,0.07506821950276693,0.1868937760591507,0.41125335693359377,0.08420677185058593,0.9840403199195862,0.39106724262237547,0.16851603190104167,0.9406667351722717,0.3865706443786621,0.18394673665364583,0.9904214143753052,0.46136927604675293,0.24374507268269857,0.4796096086502075,0.49033432006835936,0.2713233311971029,0.9664631485939026,0.5921236515045166,0.2858270009358724,0.48250117897987366,0.6179059982299805,0.30056228637695315,0.9041576981544495,0.26162023544311525,0.40805136362711586,0.9871999025344849,0.25094308853149416,0.4225416819254557,0.9946526288986206,0.40061583518981936,0.5717171986897787,0.9926222562789917,0.3947509527206421,0.6220646540323893,0.9979193806648254,0.3577834129333496,0.7536919911702474,0.9810218811035156,0.3291936874389648,0.8479070663452148,0.9900980591773987
squat,0.4413771152496338,0.038786061604817706,0.82106614112854,0.44821581840515134,0.022718365987141928,0.20723813772201538,0.43372526168823244,0.023951117197672525,0.8895300030708313,0.4258283615112305,0.027175394694010417,0.1301865130662918,0.4092554569244385,0.035442320505777995,0.9451983571052551,0.37938363552093507,0.11499805450439453,0.9162020087242126,0.38616979122161865,0.12154115041097005,0.9839179515838623,0.4520775318145752,0.1955275535583496,0.5937244296073914,0.48241825103759767,0.19311895370483398,0.9712618589401245,0.581949520111084,0.2552465915679932,0.6045932769775391,0.6126965045928955,0.24725106557210286,0.9205241799354553,0.26546339988708495,0.3635826110839844,0.9915591478347778,0.26193814277648925,0.37486661275227867,0.9962518811225891,0.3783461809158325,0.5678946177164713,0.9934903383255005,0.3767193078994751,0.6152618408203125,0.9979351758956909,0.3600193738937378,0.7549567540486654,0.9740589261054993,0.32426183223724364,0.8427663167317708,0.9856749176979065
squat,0.4459545135498047,0.0039653778076171875,0.04353657737374306,0.4492909908294678,0.0,0.0019373178947716951,0.4407971858978271,0.0,0.06720729917287827,0.4242861747741699,0.0,0.0042179725132882595,0.412230110168457,0.0,0.40079739689826965,0.39258537292480467,0.045927906036376955,0.3246435821056366,0.3720467329025269,0.056841341654459636,0.8285706043243408,0.46123948097229006,0.12419045766194661,0.3482443690299988,0.4655324459075928,0.14192574818929035,0.9556431770324707,0.5806095123291015,0.19145763715108235,0.49755698442459106,0.5979054927825928,0.21572004954020182,0.9217125177383423,0.3049076318740845,0.33258158365885415,0.988707423210144,0.2843306541442871,0.3472539265950521,0.9961420893669128,0.3832512378692627,0.5542323430379231,0.9904769659042358,0.36756510734558107,0.608831787109375,0.9975019097328186,0.3673194646835327,0.7618293762207031,0.9581558108329773,0.33192195892333987,0.8637703577677409,0.9790343642234802
squat,0.4027709484100342,0.0,0.018746430054306984,0.4021289825439453,0.0,0.0013590811286121607,0.4060359954833984,0.0,0.012302761897444725,0.37869060039520264,0.0,0.009667454287409782,0.4008138656616211,0.0,0.13417692482471466,0.36761863231658937,0.02376079559326172,0.48693928122520447,0.3809612035751343,0.030594762166341147,0.7781206965446472,0.45421390533447265,0.11181068420410156,0.6352946162223816,0.4788985729217529,0.1286042849222819,0.9496870040893555,0.5817006587982178,0.14573945999145507,0.6876553893089294,0.5981019973754883,0.17074365615844728,0.9062330722808838,0.3199768543243408,0.3153591791788737,0.9935623407363892,0.3212404251098633,0.3249233245849609,0.9965881109237671,0.36234359741210936,0.5642332712809245,0.9937558174133301,0.3509282112121582,0.6038343429565429,0.9974157810211182,0.36671743392944334,0.7627482096354167,0.9570649266242981,0.32152280807495115,0.8391079584757487,0.9729708433151245
squat,0.3849016189575195,0.0,0.004804307594895363,0.38218090534210203,0.0,0.0003779797407332808,0.3879342317581177,0.0,0.002196455607190728,0.3596517562866211,0.0,0.0037832229863852262,0.38133580684661866,0.0,0.03491300344467163,0.36111495494842527,0.001464970906575521,0.35425296425819397,0.3663382291793823,0.01129763921101888,0.550024688243866,0.45944790840148925,0.08659124374389648,0.7122446298599243,0.4747936248779297,0.1045559565226237,0.9272199273109436,0.5737336158752442,0.12106781005859375,0.7664453387260437,0.5867591381072998,0.14822835922241212,0.8972340226173401,0.3405293941497803,0.3117815653483073,0.9950602650642395,0.33497209548950196,0.3242115656534831,0.9966965913772583,0.3564417362213135,0.5516837437947592,0.9949313998222351,0.3382915496826172,0.6027817408243815,0.997272789478302,0.37224760055541994,0.7480089823404948,0.9608819484710693,0.31907119750976565,0.836657460530599,0.9708940386772156
squat,0.3837864398956299,0.0,0.011868159286677837,0.3807986736297607,0.0,0.0009461292065680027,0.3846967458724976,0.0,0.005840783007442951,0.3554492950439453,0.0,0.006221380550414324,0.37330212593078616,0.0,0.06923647969961166,0.35489344596862793,0.011186440785725912,0.49303895235061646,0.3625534772872925,0.020174630482991538,0.654455840587616,0.45876188278198243,0.09324178695678711,0.7466328144073486,0.48094921112060546,0.10130151112874348,0.9305518865585327,0.5748569965362549,0.1394951820373535,0.7838659286499023,0.598158311843872,0.14347947438557943,0.8982376456260681,0.3382291793823242,0.31636587778727215,0.9955227375030518,0.33462560176849365,0.32893877029418944,0.9968089461326599,0.3561952829360962,0.553013292948405,0.9953845143318176,0.3413324117660522,0.6036137262980144,0.9973662495613098,0.36882522106170657,0.7472103118896485,0.9657807350158691,0.318951940536499,0.8318957646687826,0.9737614393234253
squat,0.40776801109313965,0.0,0.0032794491853564978,0.4046372890472412,0.0,0.00020426447736099362,0.41065540313720705,0.0,0.0018222755752503872,0.373381233215332,0.0,0.0027475461829453707,0.39815096855163573,0.0,0.047109976410865784,0.3621327877044678,0.007526969909667969,0.31735649704933167,0.3782428979873657,0.015567938486735025,0.5695667862892151,0.4557982921600342,0.08801205952962239,0.6596514582633972,0.4936950206756592,0.10598077774047851,0.9337387681007385,0.5793009281158448,0.10692068735758463,0.7249419093132019,0.6081942081451416,0.13755858739217122,0.8965827226638794,0.3358725070953369,0.3183548927307129,0.9946904182434082,0.33750152587890625,0.32994667689005536,0.996773898601532,0.3604160785675049,0.560144551595052,0.9947410821914673,0.3507229804992676,0.6066121419270833,0.9974073767662048,0.36570353507995607,0.7558536529541016,0.9599957466125488,0.3255481243133545,0.8413073221842448,0.9716014862060547
squat,0.40619492530822754,0.004168128967285157,0.007577008102089167,0.4056552886962891,0.0,0.0004409314424265176,0.40853466987609866,0.0,0.006586207542568445,0.3831787586212158,0.0,0.003997161518782377,0.4039318561553955,0.0,0.11466340720653534,0.36780400276184083,0.022842915852864583,0.2392442375421524,0.3832451581954956,0.03756437301635742,0.6776711940765381,0.44652137756347654,0.10230900446573893,0.40938010811805725,0.49329433441162107,0.1232129732767741,0.9452419281005859,0.5656316757202149,0.13121439615885416,0.5213615894317627,0.6127311706542968,0.1565320332845052,0.8970608711242676,0.3040657043457031,0.32910410563151044,0.98760986328125,0.3055199861526489,0.34387594858805337,0.9951194524765015,0.36599178314208985,0.5653725941975911,0.9897189140319824,0.3569648742675781,0.6196454366048177,0.9969323873519897,0.371486234664917,0.752989133199056,0.9446195363998413,0.3288311004638672,0.854352060953776,0.9708870649337769
squat,0.4362278938293457,0.003934510548909505,0.25376662611961365,0.4419222831726074,0.0,0.028811674565076828,0.4277984142303467,0.0,0.19882731139659882,0.42865791320800783,0.0,0.04568899795413017,0.40680699348449706,0.005801804860432943,0.4594475328922272,0.4003612995147705,0.08163512547810872,0.8535406589508057,0.3853635549545288,0.09178860982259114,0.9020243287086487,0.481859016418457,0.1575887362162272,0.8080382347106934,0.49501686096191405,0.1629335403442383,0.9398560523986816,0.6001349925994873,0.1856502850850423,0.8080440759658813,0.6265444755554199,0.18257274627685546,0.8934603333473206,0.29719440937042235,0.34609222412109375,0.9961101412773132,0.27814545631408694,0.3601838747660319,0.9966974258422852,0.3824167728424072,0.5634251276652018,0.9963776469230652,0.3707175970077515,0.6224421819051107,0.9978164434432983,0.3664478063583374,0.740948740641276,0.9776651859283447,0.32291626930236816,0.8421876271565755,0.9813267588615417
squat,0.43386311531066896,0.08867864608764649,0.08583203703165054,0.43784332275390625,0.07785952885945638,0.009959181770682335,0.43241109848022463,0.0750697135925293,0.06733966618776321,0.4243027687072754,0.08248567581176758,0.024881703779101372,0.42347259521484376,0.08040962219238282,0.25722941756248474,0.40032734870910647,0.15154566764831542,0.6976998448371887,0.3809940814971924,0.14495169321695964,0.6703392863273621,0.4848219871520996,0.19970178604125977,0.6793779730796814,0.4764257907867432,0.2021865685780843,0.8132179975509644,0.6111950874328613,0.21434178352355956,0.6905679702758789,0.6156901359558106,0.23367915153503419,0.7553294897079468,0.2646188259124756,0.4114034652709961,0.9892592430114746,0.2466557264328003,0.41586030324300133,0.9880316257476807,0.3971568584442139,0.5889415105183919,0.9881023168563843,0.3937357187271118,0.6209430694580078,0.9916526675224304,0.3526484727859497,0.7742301940917968,0.9505208730697632,0.32984161376953125,0.846360460917155,0.9547145366668701
squat,0.4502431869506836,0.10702832539876302,0.8773120045661926,0.45413956642150877,0.09636421203613281,0.3356069326400757,0.4400649070739746,0.09466330210367839,0.9054092764854431,0.43309483528137205,0.11678555806477865,0.10622280836105347,0.4110878467559814,0.11791229248046875,0.9329979419708252,0.3920485019683838,0.21374117533365886,0.9494644999504089,0.38281433582305907,0.20711129506429035,0.9604295492172241,0.4908315181732178,0.2725483258565267,0.7213305234909058,0.5089181900024414,0.2590863545735677,0.9067555665969849,0.6083540439605712,0.28299134572347007,0.6817524433135986,0.6363607406616211,0.26929607391357424,0.8330765962600708,0.25232758522033694,0.4533656120300293,0.9898899793624878,0.23902630805969238,0.45938075383504234,0.9905621409416199,0.3982340097427368,0.5893608729044596,0.9928051829338074,0.39870357513427734,0.6300317764282226,0.9957898259162903,0.35370922088623047,0.7647545496622722,0.9786927103996277,0.3292191505432129,0.8444800059000651,0.982300341129303
squat,0.4710826873779297,0.18997783660888673,0.9145815968513489,0.47141237258911134,0.17957703272501627,0.30060768127441406,0.460714054107666,0.17690499623616537,0.9548373222351074,0.44374847412109375,0.19210325876871745,0.03639303147792816,0.4172630786895752,0.19264977773030598,0.9644197821617126,0.39892456531524656,0.2703322728474935,0.9419244527816772,0.3777662515640259,0.2683354059855143,0.9740290641784668,0.48190946578979493,0.3247980117797852,0.6479648351669312,0.4773871421813965,0.3326311747233073,0.9317488074302673,0.5875391483306884,0.3261662801106771,0.6201146245002747,0.5885849952697754,0.33348166147867836,0.8747079968452454,0.26970582008361815,0.4948016484578451,0.989080011844635,0.24995572566986085,0.49981520970662435,0.9919923543930054,0.40848474502563475,0.6078650156656901,0.992350161075592,0.4078555107116699,0.6333399454752604,0.9961806535720825,0.3493672847747803,0.7725896835327148,0.9821614027023315,0.3376088380813599,0.8217217763264973,0.9864785075187683
squat,0.4780473232269287,0.24186286926269532,0.9408645629882812,0.479335355758667,0.2285305658976237,0.375336617231369,0.4644585609436035,0.2291889190673828,0.9832912683486938,0.4491864204406738,0.23969249725341796,0.06726129353046417,0.4238433837890625,0.2529518763224284,0.9887374639511108,0.39475040435791015,0.3262221336364746,0.8809430003166199,0.3990286588668823,0.33142738342285155,0.982920229434967,0.44333696365356445,0.3998940785725911,0.27451837062835693,0.5030283451080322,0.3985184987386068,0.9418883323669434,0.5700007915496826,0.39154287974039714,0.29102665185928345,0.6319922924041748,0.3768573443094889,0.8475052118301392,0.26323962211608887,0.537159283955892,0.9285656213760376,0.2584240198135376,0.5440357208251954,0.9704241156578064,0.4180013656616211,0.6209928512573242,0.958589494228363,0.4265584468841553,0.6371253967285156,0.9880039691925049,0.3469047784805298,0.7924935022989908,0.9333587884902954,0.33936409950256347,0.8265280405680339,0.9645726680755615
squat,0.4721179485321045,0.2936927159627279,0.9371870756149292,0.4703455924987793,0.28074801762898766,0.28355035185813904,0.46258997917175293,0.27934894561767576,0.9795563220977783,0.4333683490753174,0.28259954452514646,0.04173333942890167,0.42187652587890623,0.2914960543314616,0.9872999787330627,0.37333567142486573,0.35522810618082684,0.9099341034889221,0.3934568166732788,0.3640071551005046,0.9874102473258972,0.4047128200531006,0.42371463775634766,0.4472903311252594,0.5080406188964843,0.42546259562174477,0.9721829295158386,0.48049225807189944,0.43231706619262694,0.5106679201126099,0.6514302253723144,0.42204271952311195,0.9362162351608276,0.25259060859680177,0.5922473271687826,0.9618020057678223,0.25438776016235354,0.6028154373168946,0.9846048951148987,0.42665867805480956,0.627011235555013,0.9690449237823486,0.4318707942962646,0.6566102345784505,0.9909003973007202,0.35093576908111573,0.7883665720621745,0.9465281963348389,0.3311129093170166,0.844100824991862,0.9706389307975769
squat,0.4744852542877197,0.26810503005981445,0.9166675209999084,0.47326297760009767,0.254814084370931,0.24774546921253204,0.46364192962646483,0.2562839508056641,0.9693672060966492,0.43809876441955564,0.2639637311299642,0.046314358711242676,0.42577385902404785,0.27678000132242836,0.9854145050048828,0.38939895629882815,0.3446550687154134,0.9273478984832764,0.396612548828125,0.35408992767333985,0.9830838441848755,0.4897940635681152,0.39232231775919596,0.4772949814796448,0.5105647087097168,0.41004711786905923,0.9563552737236023,0.6545642852783203,0.38415552775065104,0.4835001528263092,0.6496657371520996,0.39673748016357424,0.8948872685432434,0.2510582447052002,0.5626489003499349,0.9670783877372742,0.24949088096618652,0.5744551340738933,0.9828450679779053,0.413665771484375,0.6178612391153971,0.9762927293777466,0.42523016929626467,0.6582328160603841,0.9921592473983765,0.3485814332962036,0.7776275634765625,0.9537029266357422,0.3321129083633423,0.8480911254882812,0.9722747802734375
squat,0.4510223865509033,0.1839190165201823,0.53057861328125,0.4496323108673096,0.1724344253540039,0.06074175983667374,0.4419239521026611,0.1702245076497396,0.6685365438461304,0.4211629867553711,0.18652035395304362,0.027672894299030304,0.4110113620758057,0.18701562881469727,0.8863330483436584,0.3944080352783203,0.2762322743733724,0.8358756303787231,0.3842684507369995,0.26889839172363283,0.9208357334136963,0.5024767875671386,0.35444876352945964,0.4676441252231598,0.5176791667938232,0.3397313435872396,0.8857852816581726,0.6464131355285645,0.3648386001586914,0.441649854183197,0.662095308303833,0.33244202931722006,0.781499445438385,0.28292934894561766,0.5064043680826823,0.975953221321106,0.2710856914520264,0.5099807421366374,0.9830170273780823,0.4078197479248047,0.6154741287231446,0.9812445640563965,0.41109113693237304,0.636773681640625,0.9914735555648804,0.34741640090942383,0.7783934275309244,0.9583833813667297,0.33442983627319334,0.8215011596679688,0.9710587859153748
squat,0.45120925903320314,0.124314816792806,0.8771181702613831,0.4530970096588135,0.11162986755371093,0.2879975140094757,0.4392534732818604,0.11265808741251628,0.9124243855476379,0.4280373573303223,0.12731812795003256,0.10300224274396896,0.405882740020752,0.13777786890665691,0.9470164179801941,0.38973591327667234,0.2216628074645996,0.9602575302124023,0.3789496898651123,0.2270940621693929,0.9712913036346436,0.49130964279174805,0.27653160095214846,0.7510223984718323,0.5057618141174316,0.2918605168660482,0.9323923587799072,0.6426477432250977,0.2974902470906576,0.723695695400238,0.6598004341125489,0.320159912109375,0.8712725043296814,0.255215048789978,0.44923763275146483,0.9903125762939453,0.24246935844421386,0.45906505584716795,0.9912168979644775,0.4004685401916504,0.5918015797932943,0.9913622736930847,0.4090557098388672,0.625724728902181,0.9950201511383057,0.35329861640930177,0.7686784108479817,0.9695141911506653,0.33520410060882566,0.8290808359781902,0.9748035073280334
squat,0.4390364646911621,0.06367146174112956,0.9091005325317383,0.4440598011016846,0.047425270080566406,0.33631935715675354,0.4306051731109619,0.05005585352579753,0.9400105476379395,0.41890707015991213,0.049849414825439455,0.17272722721099854,0.40453319549560546,0.0622982660929362,0.9621308445930481,0.37798261642456055,0.13453105290730794,0.9577574729919434,0.3874551057815552,0.15469713211059571,0.9919805526733398,0.45545592308044436,0.20588877995808919,0.7369649410247803,0.4858565330505371,0.23108113606770833,0.9842573404312134,0.5881000995635987,0.24527804056803384,0.7332662343978882,0.6186229705810546,0.25943775177001954,0.9540929198265076,0.2843595504760742,0.3907551447550456,0.9938952326774597,0.28284392356872556,0.40883204142252605,0.9972687363624573,0.3897234439849854,0.5742761611938476,0.9946029782295227,0.3886709690093994,0.6335386912027995,0.9982524514198303,0.36650521755218507,0.7448567708333333,0.9757202863693237,0.33011670112609864,0.8441986083984375,0.9863046407699585
squat,0.42137870788574217,0.021303335825602215,0.19005517661571503,0.4257960796356201,0.006980864206949869,0.01450361404567957,0.41680431365966797,0.007218678792317708,0.23587065935134888,0.40653624534606936,0.011304187774658202,0.025613319128751755,0.3984095335006714,0.014977486928304036,0.5985116958618164,0.3807768583297729,0.09464184443155925,0.6366220116615295,0.37521421909332275,0.09426167805989584,0.915507972240448,0.46222553253173826,0.18430719375610352,0.4658770263195038,0.47371540069580076,0.17403891881306965,0.9563983082771301,0.598300552368164,0.2353134314219157,0.5423643589019775,0.6177092552185058,0.24332410494486492,0.9063894152641296,0.2997135162353516,0.3584021250406901,0.9875340461730957,0.28856587409973145,0.367936642964681,0.9948439598083496,0.38187994956970217,0.5711663564046224,0.9891082048416138,0.3739511013031006,0.6176551183064779,0.9967312812805176,0.3617878437042236,0.7522384643554687,0.951073408126831,0.32457695007324217,0.8426757176717122,0.9740886688232422
squat,0.4002352237701416,0.0,0.0031331805512309074,0.3967996835708618,0.0,0.00013559665239881724,0.3998579502105713,0.0,0.004148090723901987,0.3687572479248047,0.0,0.0010636126389726996,0.38444342613220217,0.0,0.0945560559630394,0.3614062309265137,0.006219387054443359,0.08825114369392395,0.3557559013366699,0.027202256520589194,0.6122609376907349,0.43154468536376955,0.0938939094543457,0.21962381899356842,0.4468661308288574,0.12891356150309244,0.9570724368095398,0.5396746635437012,0.18264177640279133,0.39949747920036316,0.5761600971221924,0.22195520401000976,0.933072030544281,0.3213459014892578,0.3183653195699056,0.9877798557281494,0.31174187660217284,0.33684558868408204,0.9969605803489685,0.3848526954650879,0.5500860850016276,0.9902036190032959,0.3718176126480103,0.6053640365600585,0.9981093406677246,0.368022084236145,0.7615102132161459,0.9576278328895569,0.3312631368637085,0.8610677083333333,0.9832522869110107
squat,0.3669391870498657,0.0,0.004070775583386421,0.36105995178222655,0.0,0.0002666628861334175,0.3701130151748657,0.0,0.0031788507476449013,0.3322847843170166,0.0,0.0030149309895932674,0.3663126707077026,0.0,0.07064606249332428,0.3410433053970337,0.002523994445800781,0.20049415528774261,0.3560941219329834,0.013274256388346355,0.6291078925132751,0.44206528663635253,0.09284098943074544,0.39357563853263855,0.4569225311279297,0.1116755485534668,0.9431876540184021,0.5668782234191895,0.15764570236206055,0.5156388282775879,0.5743824005126953,0.18760716120402018,0.9069340825080872,0.3350650787353516,0.3137335777282715,0.9911865592002869,0.34031484127044676,0.32540505727132163,0.9967844486236572,0.35797872543334963,0.5552577336629232,0.9913002848625183,0.35444376468658445,0.595409901936849,0.9974862337112427,0.3611166477203369,0.7676411946614583,0.9514175653457642,0.32528388500213623,0.8406720479329427,0.9761335849761963
squat,0.3559563159942627,0.0,0.01261840108782053,0.35336225032806395,0.0,0.0011647541541606188,0.35678579807281496,0.0,0.005881079938262701,0.3323110818862915,0.0,0.006646667141467333,0.3464458227157593,0.0,0.04947413131594658,0.3424353122711182,0.009180863698323568,0.4459514915943146,0.344908332824707,0.01884613037109375,0.5916246175765991,0.4484048366546631,0.10052518844604492,0.7220423221588135,0.46098780632019043,0.10626408259073893,0.9162204265594482,0.5714608192443847,0.15349451700846353,0.7724929451942444,0.5858632564544678,0.1543688138326009,0.8888604640960693,0.3556816577911377,0.3184768040974935,0.9947656393051147,0.3484785079956055,0.3325630187988281,0.9962091445922852,0.3622967004776001,0.5515145619710287,0.9948374629020691,0.3400580883026123,0.604759152730306,0.9969528913497925,0.3771810531616211,0.7518375396728516,0.9630847573280334,0.3196857452392578,0.8380602518717448,0.9713174104690552
squat,0.3844230890274048,0.0022027015686035155,0.006104675587266684,0.37941014766693115,0.0,0.00036308850394561887,0.38487606048583983,0.0,0.004014607518911362,0.3454315662384033,0.0,0.0026640603318810463,0.36641297340393064,0.0,0.06005964055657387,0.3421325206756592,0.0,0.283539354801178,0.3581089973449707,0.015131568908691407,0.5752764940261841,0.4339198112487793,0.08811607360839843,0.5949126482009888,0.46753368377685545,0.10874827702840169,0.9311053156852722,0.5558349132537842,0.11979955037434896,0.6903747320175171,0.5856142520904541,0.14834880828857422,0.8998501300811768,0.35364830493927,0.31292730967203775,0.9925386309623718,0.3549158811569214,0.3302530924479167,0.9959301352500916,0.35881729125976564,0.5500144958496094,0.9931894540786743,0.3444025993347168,0.607305399576823,0.9967549443244934,0.3756147623062134,0.7481307983398438,0.953724205493927,0.32236077785491946,0.8411701202392579,0.9675337672233582
squat,0.38435022830963134,0.0,0.0036942148581147194,0.3779273509979248,0.0,0.00021500515867955983,0.3852303266525269,0.0,0.002344755921512842,0.34392287731170657,0.0,0.002117819618433714,0.3710566759109497,0.0,0.05286883935332298,0.343799352645874,0.0,0.2422783225774765,0.3653627872467041,0.007420984903971354,0.5380292534828186,0.4443965435028076,0.08469947179158528,0.5545153617858887,0.48463988304138184,0.10600287119547526,0.9284075498580933,0.5726567268371582,0.10631074905395507,0.6442007422447205,0.5971698760986328,0.14334923426310223,0.8907083868980408,0.3486414194107056,0.3152679443359375,0.9913095235824585,0.3539551019668579,0.32960872650146483,0.9954631924629211,0.3565299272537231,0.5579575220743815,0.9916845560073853,0.34641666412353517,0.606194814046224,0.9963260293006897,0.3722556114196777,0.7564527511596679,0.9427550435066223,0.32164433002471926,0.8368242899576823,0.9620139002799988
squat,0.3891999959945679,0.003995164235432943,0.001012709573842585,0.38320600986480713,0.0,5.908727689529769e-05,0.39383506774902344,0.0,0.0006862921291030943,0.3518766641616821,0.0,0.0009121004259213805,0.3848423480987549,0.0,0.020491663366556168,0.35767273902893065,0.0,0.10486194491386414,0.36136603355407715,0.008438841501871745,0.3658472001552582,0.460985803604126,0.059217103322347,0.4145793318748474,0.46805877685546876,0.08204100926717123,0.9179659485816956,0.5955474853515625,0.06779912312825521,0.5553377866744995,0.605061149597168,0.11281566619873047,0.881374716758728,0.34463422298431395,0.32352237701416015,0.9916706085205078,0.34078052043914797,0.3356955846150716,0.996211051940918,0.3522181987762451,0.5584073384602865,0.9922615885734558,0.3494828224182129,0.6026921590169271,0.9971537590026855,0.35307726860046384,0.7711300532023112,0.954465925693512,0.32671098709106444,0.8520085016886393,0.9731439352035522
squat,0.43304920196533203,0.0,0.0019366503693163395,0.42935819625854493,0.0,9.87336243269965e-05,0.43860793113708496,0.0,0.0012469105422496796,0.39304542541503906,0.0,0.0018165878718718886,0.42654876708984374,0.0,0.04110010713338852,0.3720642805099487,0.0,0.23261359333992004,0.394154691696167,0.0,0.5611162781715393,0.4411129951477051,0.07970040639241537,0.6012628078460693,0.48724026679992677,0.08886747360229492,0.9461588859558105,0.5649782657623291,0.08338623046875,0.6957662105560303,0.6116912841796875,0.11005179087320964,0.9085965156555176,0.33417863845825196,0.31329514185587565,0.9945002794265747,0.33969674110412595,0.32541790008544924,0.997134804725647,0.35927298069000246,0.5639496485392252,0.9947132468223572,0.3554829597473145,0.6119838714599609,0.9976786971092224,0.36704790592193604,0.7591560363769532,0.9592335820198059,0.32842040061950684,0.8492933909098307,0.9726463556289673
squat,0.4393628597259521,0.05462338129679362,0.021099166944622993,0.4439213752746582,0.041658178965250654,0.003164170775562525,0.4398507118225098,0.04079917271931966,0.01223667524755001,0.4378838062286377,0.03086570103963216,0.01424056850373745,0.43662238121032715,0.028825950622558594,0.08311965316534042,0.4178868293762207,0.07269805272420247,0.4213075041770935,0.41041259765625,0.07904656728108723,0.500291645526886,0.5035957336425781,0.12778361638387045,0.5790878534317017,0.5209609985351562,0.14398132960001628,0.7935290932655334,0.5974907875061035,0.1613032341003418,0.5976564288139343,0.6166470527648926,0.15685300827026366,0.7115668058395386,0.3068341493606567,0.3319668451944987,0.9899272918701172,0.29337363243103026,0.3416070620218913,0.9908169507980347,0.38163888454437256,0.5757888793945313,0.9929540753364563,0.36237106323242185,0.6313422520955404,0.9956242442131042,0.3665244817733765,0.7455230077107747,0.9673133492469788,0.3227741241455078,0.8529210408528646,0.9727472066879272
squat,0.426222562789917,0.023148409525553384,0.30665186047554016,0.4309804916381836,0.006395371754964193,0.12813088297843933,0.41942596435546875,0.006381066640218099,0.2444012612104416,0.4181074142456055,0.013588396708170573,0.12355369329452515,0.40250387191772463,0.020977369944254556,0.30745452642440796,0.38633437156677247,0.11031762758890788,0.8043429255485535,0.364694619178772,0.12726292610168458,0.5392104983329773,0.40460858345031736,0.2092528025309245,0.6329336166381836,0.3918171405792236,0.23665773073832194,0.2984042167663574,0.4466744899749756,0.11657493909200033,0.5051296353340149,0.46487202644348147,0.11146796544392903,0.2489265650510788,0.2902541160583496,0.40295912424723307,0.9729892015457153,0.2741726875305176,0.41906890869140623,0.9381534457206726,0.3920760631561279,0.5911117553710937,0.9743466377258301,0.397890043258667,0.6369248708089192,0.9549698829650879,0.3455000877380371,0.7756834665934245,0.9137974977493286,0.34402036666870117,0.8470977783203125,0.8631516098976135
squat,0.4398859977722168,0.10239267349243164,0.8439499139785767,0.44637022018432615,0.09234155019124349,0.3601209819316864,0.43383116722106935,0.08693882624308268,0.8161040544509888,0.4313662528991699,0.10568892161051432,0.12106295675039291,0.4113701343536377,0.09762261708577474,0.7830756902694702,0.39369750022888184,0.1868597666422526,0.9418746829032898,0.37758870124816896,0.18348461786905926,0.9487169981002808,0.4461829662322998,0.25207525889078775,0.8347696661949158,0.4304994583129883,0.2625754674275716,0.9089059829711914,0.4865987777709961,0.19573526382446288,0.8027469515800476,0.477861213684082,0.21260855992635092,0.8705053329467773,0.28839287757873533,0.43550192515055336,0.9901536107063293,0.27243430614471437,0.4404751777648926,0.9902599453926086,0.40795278549194336,0.5883495330810546,0.9933425784111023,0.397466778755188,0.6239634195963542,0.9952880144119263,0.36480226516723635,0.7607326507568359,0.975877046585083,0.34613451957702634,0.8364963531494141,0.9782438278198242
squat,0.43956470489501953,0.1911907196044922,0.722305178642273,0.44643292427062986,0.18002580006917318,0.29883819818496704,0.4299635410308838,0.17685540517171225,0.6382659673690796,0.4392439842224121,0.19203968048095704,0.19015274941921234,0.4102329254150391,0.19300950368245443,0.6228727102279663,0.40286955833435056,0.27160352071126304,0.9514180421829224,0.3835896968841553,0.2668521245320638,0.8761767148971558,0.46466665267944335,0.31197357177734375,0.8559401631355286,0.46913843154907225,0.3213789621988932,0.7853572964668274,0.5815228462219239,0.32333291371663414,0.8237527012825012,0.5872724056243896,0.33863633473714194,0.7428480386734009,0.2669543266296387,0.4922037124633789,0.9925884008407593,0.2500131607055664,0.49518006642659507,0.9869332313537598,0.4117821216583252,0.6058574676513672,0.9943723678588867,0.4135900974273682,0.6243560791015625,0.9937208890914917,0.33973982334136965,0.7900302251180013,0.9834665656089783,0.3317270755767822,0.8354899724324544,0.980036199092865
squat,0.46317205429077146,0.2537563641866048,0.9539227485656738,0.4705667495727539,0.243096923828125,0.7457320094108582,0.4507122993469238,0.238789431254069,0.9522947072982788,0.4662510871887207,0.2564463297526042,0.21621844172477722,0.4214747428894043,0.2528472900390625,0.8765990734100342,0.4288447856903076,0.3412865320841471,0.9640178680419922,0.3842124938964844,0.31914730072021485,0.9428175687789917,0.4934081554412842,0.4053022384643555,0.8091205358505249,0.43257856369018555,0.3917812983194987,0.813266396522522,0.595155143737793,0.40145785013834634,0.7723430395126343,0.52223801612854,0.4274899164835612,0.7768459916114807,0.2853850841522217,0.5203431447347006,0.9802712202072144,0.2541363716125488,0.5157328287760417,0.9725427031517029,0.42847442626953125,0.6204540252685546,0.988985538482666,0.42424464225769043,0.6277809143066406,0.9900293946266174,0.3556734800338745,0.7948822657267253,0.9760277271270752,0.34651799201965333,0.8243522644042969,0.974886417388916
squat,0.4699236869812012,0.3109387715657552,0.9726155996322632,0.47971534729003906,0.2943229675292969,0.5963218212127686,0.4543426036834717,0.290518315633138,0.9906291365623474,0.46318955421447755,0.29686978658040364,0.10315416008234024,0.4096982955932617,0.2992157300313314,0.9857813715934753,0.3919840812683105,0.3710025787353516,0.9175448417663574,0.38996474742889403,0.3717249234517415,0.9885393977165222,0.40896997451782224,0.44898319244384766,0.43657585978507996,0.5002722263336181,0.4547242800394694,0.9686083197593689,0.508678674697876,0.4678646723429362,0.5204982161521912,0.6398271560668946,0.4868795394897461,0.9334744215011597,0.26412348747253417,0.5885746637980144,0.9524278044700623,0.25096540451049804,0.5961556752522786,0.9805178642272949,0.43198409080505373,0.6260180791219075,0.9614829421043396,0.42639799118041993,0.6530480702718099,0.9887260794639587,0.3452392578125,0.7807474772135417,0.9378252029418945,0.33150196075439453,0.8443252563476562,0.9662477970123291
squat,0.46949462890625,0.3226236979166667,0.9838953614234924,0.4816558837890625,0.30702664057413737,0.7425121068954468,0.4525442600250244,0.2990924835205078,0.9926295280456543,0.47767415046691897,0.31463371912638344,0.09755193442106247,0.4091597557067871,0.30389995574951173,0.9817900061607361,0.41925721168518065,0.39549404780069985,0.9382426738739014,0.3810840845108032,0.3751977284749349,0.9898916482925415,0.4567225456237793,0.46592890421549477,0.5752604603767395,0.49932098388671875,0.4547049840291341,0.9757924675941467,0.5507926940917969,0.4692941983540853,0.6530358791351318,0.6368421077728271,0.49023237228393557,0.9562444686889648,0.27691044807434084,0.6038504282633463,0.959962785243988,0.24131560325622559,0.6013555526733398,0.9820079207420349,0.4496022701263428,0.6348665237426758,0.9574217796325684,0.42513465881347656,0.6415398915608724,0.9873650670051575,0.35437812805175783,0.794491958618164,0.9202041029930115,0.3300889492034912,0.8347293853759765,0.9574819803237915
squat,0.4646585941314697,0.2731850941975911,0.9632043242454529,0.472167444229126,0.26178874969482424,0.7158492803573608,0.4507586479187012,0.2604639689127604,0.9702304005622864,0.4662877082824707,0.2758604367574056,0.1916467398405075,0.418635892868042,0.27932360967000325,0.9380427002906799,0.427490234375,0.3558461825052897,0.9638087749481201,0.38906500339508054,0.35365788141886395,0.9727320671081543,0.5015494346618652,0.4135986963907878,0.7653843760490417,0.48259549140930175,0.42689663569132485,0.916261613368988,0.6127553462982178,0.43634277979532876,0.7484551072120667,0.5974902629852294,0.45123112996419273,0.8701475858688354,0.28013224601745607,0.5397094090779623,0.9804195761680603,0.24974298477172852,0.5442881266276042,0.9812255501747131,0.42012925148010255,0.6236958821614583,0.9820132851600647,0.4114537239074707,0.6527212142944336,0.9888920187950134,0.34699063301086425,0.778033192952474,0.9546729326248169,0.3311091184616089,0.8383714040120442,0.9614236950874329
squat,0.47997174263000486,0.2166102091471354,0.9411567449569702,0.48495144844055177,0.2042631149291992,0.40429216623306274,0.46818041801452637,0.2033541997273763,0.9657009840011597,0.4660824775695801,0.21596371332804362,0.08133034408092499,0.43114666938781737,0.2214169184366862,0.9716693162918091,0.41660504341125487,0.291540273030599,0.9544699192047119,0.39512803554534914,0.2977538744608561,0.9877051115036011,0.5020228385925293,0.3339127858479818,0.7271099090576172,0.4996185779571533,0.3636789639790853,0.9734089970588684,0.6286005020141602,0.37283830642700194,0.7497876286506653,0.6153074264526367,0.393899663289388,0.9468719959259033,0.2601646661758423,0.4756567637125651,0.9835821390151978,0.240087890625,0.4830551783243815,0.9903680086135864,0.411336088180542,0.5932741165161133,0.9846046566963196,0.40969367027282716,0.6221846262613933,0.99404376745224,0.35193305015563964,0.7728137969970703,0.9475528597831726,0.33829073905944823,0.8303438822428385,0.9662449359893799
squat,0.45595078468322753,0.15466683705647785,0.9392297267913818,0.46701250076293943,0.1431553840637207,0.7029885649681091,0.4438939571380615,0.14271596272786458,0.9397868514060974,0.464322566986084,0.16169357299804688,0.3519546389579773,0.4215873718261719,0.16777458190917968,0.8908253908157349,0.4206627368927002,0.24436775843302408,0.9646866321563721,0.3945202589035034,0.25213839213053385,0.9549695253372192,0.4896000862121582,0.28755989074707033,0.7849678993225098,0.4896803855895996,0.3181596755981445,0.853477954864502,0.6020321846008301,0.3279150644938151,0.7421154379844666,0.6004456043243408,0.3471818923950195,0.7727609276771545,0.2627359628677368,0.4441113789876302,0.9891489148139954,0.23928351402282716,0.45330823262532555,0.9864950180053711,0.41494317054748536,0.5787209828694662,0.9924691319465637,0.4041913032531738,0.6170580546061198,0.9940915703773499,0.3632174253463745,0.7627034505208333,0.978797197341919,0.33582539558410646,0.8389808654785156,0.9790794849395752
squat,0.4563599586486816,0.07916069030761719,0.8626693487167358,0.46457109451293943,0.06116501490275065,0.6360111236572266,0.44016437530517577,0.06298179626464843,0.8785550594329834,0.45764780044555664,0.07587232589721679,0.3300131559371948,0.4159501075744629,0.08719409306844075,0.8843454122543335,0.4085892677307129,0.17283279101053875,0.9245765209197998,0.4024684906005859,0.18863906860351562,0.901481568813324,0.4447798728942871,0.23838130633036295,0.5761607885360718,0.4753021240234375,0.2589617411295573,0.5737591981887817,0.5005649089813232,0.2223121166229248,0.4504840672016144,0.5072266578674316,0.19078758557637532,0.43540096282958984,0.2723090171813965,0.41787678400675454,0.9771466851234436,0.26491637229919435,0.4311910311381022,0.9663266539573669,0.4070874214172363,0.566128921508789,0.9881148338317871,0.40933933258056643,0.6102118174235026,0.9882679581642151,0.34683051109313967,0.7682092030843098,0.9724392294883728,0.3392181873321533,0.8433088938395182,0.9693575501441956
squat,0.44138507843017577,0.044915962219238284,0.3555375039577484,0.44812235832214353,0.03394311269124349,0.05303361639380455,0.4370783805847168,0.033897717793782554,0.38935181498527527,0.4371660232543945,0.04993562698364258,0.06132587790489197,0.4268800735473633,0.05390316645304362,0.6484331488609314,0.40906739234924316,0.12965081532796224,0.7628217339515686,0.38957345485687256,0.13812775611877443,0.8856326341629028,0.4931666374206543,0.165656312306722,0.5214501619338989,0.48720707893371584,0.19504232406616212,0.8882236480712891,0.608213233947754,0.17678386370340984,0.5184082984924316,0.613647174835205,0.20126582781473795,0.788634181022644,0.26620192527770997,0.3848593711853027,0.9859166741371155,0.24819340705871581,0.3950265248616536,0.9904013276100159,0.38863658905029297,0.5749999364217122,0.9870184659957886,0.38798346519470217,0.618876838684082,0.9943264126777649,0.3499936103820801,0.7634048461914062,0.9525052309036255,0.3349585056304932,0.8507415135701497,0.9676002860069275
squat,0.45553035736083985,0.0034124374389648436,0.2901158928871155,0.4648776054382324,0.0,0.050344426184892654,0.44769716262817383,0.0,0.2674757242202759,0.4565894603729248,0.0017247517903645833,0.057348672300577164,0.4274134635925293,0.0,0.47574952244758606,0.42047438621520994,0.09294865926106771,0.7267019748687744,0.4050137042999268,0.07521190643310546,0.8159164190292358,0.4919125080108643,0.16743199030558267,0.5871708393096924,0.5126772403717041,0.0919648806254069,0.8453936576843262,0.604335355758667,0.1989551862080892,0.5895370244979858,0.6396207332611084,0.09107557932535808,0.7377452254295349,0.3097123384475708,0.3492273330688477,0.9887082576751709,0.28989744186401367,0.3532334645589193,0.9904384016990662,0.3846567153930664,0.5677436828613281,0.9927033185958862,0.36891732215881345,0.6213454564412435,0.9956120252609253,0.3665855884552002,0.7402870178222656,0.9703777432441711,0.3213205814361572,0.8434734344482422,0.9756032228469849
squat,0.4731015205383301,0.05490185419718425,0.006627141498029232,0.47507600784301757,0.04440151850382487,0.00044732418609783053,0.47997264862060546,0.04213148752848307,0.00511173065751791,0.45552940368652345,0.0207827885945638,0.0034112336579710245,0.4752469062805176,0.016559696197509764,0.06911337375640869,0.4240941047668457,0.043359597524007164,0.23889301717281342,0.4259119987487793,0.042968336741129556,0.5703154802322388,0.4885305404663086,0.08948612213134766,0.5183500647544861,0.5017659187316894,0.09217125574747721,0.925628662109375,0.608378791809082,0.09327335357666015,0.6182047128677368,0.6239601135253906,0.10326725641886393,0.8708271384239197,0.3098397731781006,0.3101850827534994,0.9904143214225769,0.30247955322265624,0.3178352991739909,0.9946512579917908,0.36878485679626466,0.564102045694987,0.9924525618553162,0.3603369235992432,0.613919448852539,0.9968581199645996,0.3659804344177246,0.7504163106282552,0.9552052617073059,0.3287997245788574,0.8523937861124674,0.9704211950302124
squat,0.45467305183410645,0.012391471862792968,0.0005455651553347707,0.45553150177001955,0.004175440470377604,4.206465746392496e-05,0.46008877754211425,0.00037663777669270834,0.000306624046061188,0.43780088424682617,0.0,0.0006471819942817092,0.4478935241699219,0.0,0.007011964451521635,0.42457094192504885,0.002239513397216797,0.08023443073034286,0.3953298568725586,0.0,0.17641545832157135,0.4947382926940918,0.04451621373494466,0.5034807920455933,0.4745357513427734,0.04284610748291016,0.8464624285697937,0.6198453903198242,0.05605293909708659,0.65352463722229,0.6156378746032715,0.06359354654947917,0.8234814405441284,0.3478600263595581,0.2946205139160156,0.9927387833595276,0.3214852809906006,0.3023914655049642,0.9947973489761353,0.36996476650238036,0.5514895757039388,0.9940696954727173,0.3590054750442505,0.5983250935872396,0.9967057108879089,0.3520853042602539,0.7538174311319987,0.9625304937362671,0.3356717824935913,0.8475598017374675,0.9706647396087646
squat,0.46241092681884766,0.01554867426554362,0.00023453441099263728,0.4580902099609375,0.005033683776855469,1.3074060916551389e-05,0.4630892753601074,0.00472253163655599,0.00017310040129814297,0.4285262584686279,0.0,0.00014877690409775823,0.4360949039459229,0.0,0.0055923773907125,0.4204296588897705,0.0,0.029958084225654602,0.3766913652420044,0.0,0.09269925206899643,0.48874359130859374,0.04755261739095052,0.3606736958026886,0.45038132667541503,0.029946009318033855,0.8056879043579102,0.6132161140441894,0.06595656077067057,0.5769193172454834,0.6072959423065185,0.05638593037923177,0.8167965412139893,0.36385788917541506,0.3121568997701009,0.9885520935058594,0.32786900997161866,0.3215062459309896,0.99277263879776,0.3588426113128662,0.5590412139892578,0.9873838424682617,0.34458160400390625,0.6040931701660156,0.9931261539459229,0.35423319339752196,0.7893352508544922,0.923515796661377,0.3256176233291626,0.8666550954182942,0.9391489624977112
squat,0.48549470901489256,0.0,0.0005900093237869442,0.48429121971130373,0.0,3.3166368666570634e-05,0.4857192516326904,0.0,0.00043575934250839055,0.45277929306030273,0.0,0.00029119092505425215,0.4533942699432373,0.0,0.010351686738431454,0.42819690704345703,0.0,0.06487773358821869,0.3935140371322632,0.0,0.15687406063079834,0.48865694999694825,0.033211072285970054,0.4747867286205292,0.4747629165649414,0.035537306467692056,0.8259797096252441,0.59620361328125,0.03635746637980143,0.6275201439857483,0.6093032836914063,0.05285968780517578,0.8040156960487366,0.3621875762939453,0.2930474281311035,0.9929454922676086,0.3293824911117554,0.30567843119303384,0.9949299693107605,0.3653011083602905,0.544521713256836,0.9947724938392639,0.340270471572876,0.6023715972900391,0.996726393699646,0.3661839246749878,0.7463006337483724,0.9697026014328003,0.3219679117202759,0.8491296132405599,0.9734035730361938
squat,0.4807900905609131,0.0,0.00045190236414782703,0.4802115440368652,0.0,2.772421794361435e-05,0.4820532321929932,0.0,0.0002930035989265889,0.45020627975463867,0.0,0.0003145033260807395,0.4520579814910889,0.0,0.008040258660912514,0.4256620407104492,0.0,0.06603145599365234,0.39414706230163576,0.0,0.14234881103038788,0.49791665077209474,0.03518743515014648,0.49367716908454895,0.4832087516784668,0.03662185668945313,0.8134238719940186,0.6099936008453369,0.03611329396565755,0.6373623609542847,0.6070137023925781,0.050337759653727214,0.7919339537620544,0.3572248935699463,0.29280192057291665,0.9927921295166016,0.3274379253387451,0.30385284423828124,0.9945663213729858,0.35479159355163575,0.5455458958943685,0.9943511486053467,0.339166259765625,0.6035043716430664,0.996390163898468,0.3523640394210815,0.738150151570638,0.9653370380401611,0.3260240316390991,0.8451240539550782,0.9693751335144043
squat,0.47391724586486816,0.026907030741373697,0.00011206994531676173,0.4723011016845703,0.0175506591796875,5.445543592941249e-06,0.4786714553833008,0.01513360341389974,0.00010523622040636837,0.44246549606323243,0.0,0.00011422113311709836,0.45665922164916994,0.0,0.005417477805167437,0.42091951370239256,0.003115495045979818,0.014610088430345058,0.38537347316741943,0.0,0.08094951510429382,0.4654737949371338,0.04277219772338867,0.2178632915019989,0.4419891834259033,0.024187819163004557,0.8121103644371033,0.5936005592346192,0.06405423482259115,0.4463662803173065,0.6070187568664551,0.05286003748575847,0.8069016337394714,0.3417027950286865,0.31246493657430013,0.980701744556427,0.3116800785064697,0.32021878560384115,0.9906098246574402,0.35011992454528806,0.5718209584554036,0.9798121452331543,0.3411558628082275,0.6127130508422851,0.9913801550865173,0.33959929943084716,0.806700070699056,0.8865199089050293,0.3276211261749268,0.8851455688476563,0.9210500717163086
squat,0.47315311431884766,0.013380813598632812,0.0050477534532547,0.4768519401550293,0.002398363749186198,0.0003758783859666437,0.47752108573913576,0.0,0.0031435906421393156,0.4586045265197754,0.0,0.0026971432380378246,0.46430225372314454,0.0,0.037676796317100525,0.42618894577026367,0.006948534647623698,0.25034013390541077,0.41382780075073244,0.00918722152709961,0.44408324360847473,0.47948346138000486,0.061973953247070314,0.644867479801178,0.4863187313079834,0.05916748046875,0.8992445468902588,0.5834807395935059,0.08212594985961914,0.7366199493408203,0.6085092067718506,0.06676912307739258,0.8626644611358643,0.32621452808380125,0.28418299357096355,0.992334246635437,0.309249210357666,0.29506587982177734,0.9942156672477722,0.3701430559158325,0.5514732996622721,0.9934141635894775,0.3516266345977783,0.612398338317871,0.9960795044898987,0.36431796550750734,0.7356652577718099,0.9523604512214661,0.32445952892303465,0.850701904296875,0.9598858952522278
squat,0.4618257522583008,0.04450674057006836,0.01675734668970108,0.4661750793457031,0.033716837565104164,0.0010580921079963446,0.46584219932556153,0.02970294952392578,0.01287480816245079,0.44672417640686035,0.01275936762491862,0.005166544578969479,0.4527724266052246,0.006233437856038412,0.106087826192379,0.4110124588012695,0.04052015940348307,0.3844880759716034,0.4026343822479248,0.039270273844401044,0.6707385778427124,0.4642177581787109,0.08629601796468099,0.6448642015457153,0.4758290767669678,0.08678270975748698,0.9373879432678223,0.5843294143676758,0.10158805847167969,0.7331984043121338,0.6052399158477784,0.10452858606974284,0.9008097648620605,0.30494027137756347,0.31437180836995443,0.9922549724578857,0.29156317710876467,0.32230892181396487,0.9950672388076782,0.37580840587615966,0.5734288533528645,0.9926153421401978,0.36272897720336916,0.6169593811035157,0.9964082837104797,0.36514573097229003,0.7635519663492839,0.9493654370307922,0.33270108699798584,0.8547986348470052,0.9629983305931091
squat,0.4276569843292236,0.01085662841796875,0.1771949827671051,0.4340505599975586,0.0,0.013778702355921268,0.42537760734558105,0.0,0.13514311611652374,0.4184140682220459,0.0,0.02382974699139595,0.4080365657806396,0.0,0.3686164915561676,0.3897338151931763,0.06211404800415039,0.7699328064918518,0.37528014183044434,0.05372610092163086,0.8966596722602844,0.47112836837768557,0.12576395670572918,0.7793443202972412,0.4743365287780762,0.10651108423868814,0.9619293808937073,0.6046805858612061,0.13299455642700195,0.8098877668380737,0.6076689720153808,0.12627754211425782,0.931491494178772,0.3001079559326172,0.35170275370279946,0.994452178478241,0.28261730670928953,0.35832716623942057,0.9963498115539551,0.3781193494796753,0.5777727762858073,0.9930716156959534,0.3630880355834961,0.621470578511556,0.9967101812362671,0.36591596603393556,0.7612775166829427,0.9496681690216064,0.32755222320556643,0.8519545237223307,0.9643390774726868
squat,0.4221192359924316,0.0,0.29250451922416687,0.43062677383422854,0.0,0.025693759322166443,0.4153783321380615,0.0,0.25726068019866943,0.42050485610961913,0.0,0.031211484223604202,0.3944575548171997,0.0,0.5051388144493103,0.38976483345031737,0.0784971555074056,0.7875970005989075,0.369772744178772,0.06709156036376954,0.9322909116744995,0.4600771427154541,0.159251340230306,0.7328910827636719,0.47960720062255857,0.11327114105224609,0.9707955121994019,0.5833840370178223,0.18060957590738932,0.7835517525672913,0.6171813011169434,0.13123146692911783,0.944422721862793,0.2990316390991211,0.36558183034261066,0.9942708015441895,0.27686100006103515,0.37239081064860025,0.9969095587730408,0.38629803657531736,0.575787353515625,0.9934384226799011,0.36926391124725344,0.6220859527587891,0.9974749684333801,0.3673916578292847,0.7532169342041015,0.9585070013999939,0.32829270362854,0.8480325063069661,0.9745904803276062
squat,0.42372932434082033,0.012904707590738933,0.8109504580497742,0.4301882743835449,0.0,0.12389695644378662,0.4105118751525879,0.0,0.898583173751831,0.410650634765625,0.0029902140299479167,0.029063858091831207,0.37153241634368894,0.0043861707051595054,0.9390650391578674,0.3651858329772949,0.10644486745198568,0.8163866400718689,0.35358738899230957,0.09306894938151042,0.9816691279411316,0.4155526638031006,0.19724871317545573,0.474023699760437,0.4855326175689697,0.14560260772705078,0.9839059710502625,0.5124623298645019,0.19831215540568034,0.5982810258865356,0.6312248229980468,0.16708035469055177,0.965617835521698,0.27823591232299805,0.39716828664143883,0.9884703159332275,0.2602874517440796,0.4034223238627116,0.9966276288032532,0.3867835283279419,0.5851206461588542,0.9871980547904968,0.3815274715423584,0.6228585561116536,0.9972378015518188,0.35668377876281737,0.7801094690958659,0.946068286895752,0.327054762840271,0.8617156346638998,0.976554811000824
squat,0.4307539463043213,0.03315722147623698,0.8895239233970642,0.4385650634765625,0.016890525817871094,0.22899436950683594,0.42323665618896483,0.01289196014404297,0.93333899974823,0.415770435333252,0.013851420084635416,0.068682461977005,0.39157283306121826,0.00904696782430013,0.9516558051109314,0.3672405481338501,0.10471070607503255,0.9068579077720642,0.36671738624572753,0.10334157943725586,0.9895445704460144,0.42860093116760256,0.183544127146403,0.6294214725494385,0.48740463256835936,0.16518643697102864,0.9878188371658325,0.5273616313934326,0.21625804901123047,0.7041594386100769,0.623324203491211,0.19563172658284506,0.9702507853507996,0.2765979766845703,0.40394023259480794,0.9916225075721741,0.26703643798828125,0.4152717590332031,0.9972054362297058,0.3920329809188843,0.5695250193277995,0.9919689297676086,0.38291666507720945,0.6217455546061198,0.9980543851852417,0.3620741605758667,0.7476250966389973,0.9668059945106506,0.3312293529510498,0.8535928090413412,0.984437108039856
squat,0.432338285446167,0.05375483830769857,0.9827118515968323,0.4425914764404297,0.03272390365600586,0.6887621283531189,0.41594533920288085,0.0334874153137207,0.99151611328125,0.4295909881591797,0.033040332794189456,0.11428063362836838,0.3724531650543213,0.039673932393391925,0.9820280075073242,0.3795184135437012,0.1305079460144043,0.9442654848098755,0.3589578628540039,0.13406982421875,0.993310809135437,0.4367422103881836,0.20964059829711915,0.6062856316566467,0.4868051528930664,0.1873938242594401,0.9856851100921631,0.5435344696044921,0.2458631992340088,0.6856367588043213,0.623087215423584,0.20657208760579426,0.9674227833747864,0.28128342628479003,0.4117115020751953,0.9887175559997559,0.257969069480896,0.4251309712727865,0.9960424900054932,0.397644567489624,0.5723406473795573,0.9904817938804626,0.3863519191741943,0.6243413925170899,0.9975993037223816,0.3663717985153198,0.7544944763183594,0.9667713046073914,0.3293093204498291,0.8499722798665365,0.9840688109397888
squat,0.4346790790557861,0.07935940424601237,0.9823181629180908,0.4452651500701904,0.05574239095052083,0.6175389289855957,0.416730260848999,0.05662876764933268,0.9919243454933167,0.42805891036987304,0.05004469553629557,0.09649460762739182,0.3675480127334595,0.05886974334716797,0.9861086010932922,0.3647443771362305,0.13858391443888346,0.9496747255325317,0.35901830196380613,0.14524574279785157,0.9952419996261597,0.3927915096282959,0.20699218114217122,0.6514869332313538,0.4919933319091797,0.19493592580159505,0.9911638498306274,0.4878221988677979,0.2154789924621582,0.7462336421012878,0.6362927913665771,0.2139857610066732,0.9801114201545715,0.27467324733734133,0.42405223846435547,0.9901290535926819,0.258632230758667,0.4384711265563965,0.9969069361686707,0.3939810276031494,0.5750787099202473,0.9908526539802551,0.3898857355117798,0.6231863021850585,0.9978160858154297,0.365810489654541,0.7629226048787435,0.965403139591217,0.33231706619262696,0.8528448740641276,0.9838446974754333
squat,0.43647451400756837,0.10073204040527343,0.9846568703651428,0.4492657661437988,0.07780202229817708,0.6887332201004028,0.41820902824401857,0.0778978665669759,0.9930586814880371,0.4395850658416748,0.07610308329264323,0.09212042391300201,0.3704864501953125,0.08170115152994792,0.9831506609916687,0.38018686771392823,0.16577345530192059,0.9347577095031738,0.3573810815811157,0.17156925201416015,0.9933254718780518,0.4157670497894287,0.24422621726989746,0.5869889259338379,0.49724750518798827,0.24207413991292318,0.9872807860374451,0.5012448310852051,0.25057970682779945,0.6990014314651489,0.646339225769043,0.26395063400268554,0.9735792279243469,0.2769284248352051,0.43936408360799156,0.984696626663208,0.24939990043640137,0.45373541514078775,0.9949860572814941,0.40050649642944336,0.5682664235432943,0.9875280261039734,0.38826823234558105,0.6207049051920573,0.9969725608825684,0.3682263374328613,0.753890864054362,0.9618964195251465,0.3337209224700928,0.853994878133138,0.981826663017273
squat,0.4419433116912842,0.126272710164388,0.9855235815048218,0.4535206317901611,0.10600217183430989,0.7037320137023926,0.42467494010925294,0.1048980712890625,0.9935563206672668,0.44448652267456057,0.10672934850056966,0.09108491986989975,0.3791951656341553,0.10966145197550456,0.9849143624305725,0.38992297649383545,0.19423046112060546,0.941028892993927,0.3588558197021484,0.1953073501586914,0.9932712912559509,0.4437735557556152,0.2598813692728678,0.5855441689491272,0.49308390617370607,0.2661883036295573,0.9857147336006165,0.55113525390625,0.2607507069905599,0.6767562031745911,0.6447498321533203,0.2927851676940918,0.9692577719688416,0.27307958602905275,0.45743551254272463,0.9826580882072449,0.2421903133392334,0.46810611089070636,0.9938921928405762,0.4068742275238037,0.5787464141845703,0.9846119284629822,0.3947242259979248,0.618472162882487,0.9961860775947571,0.3635097026824951,0.7720511118570964,0.9542210698127747,0.33667869567871095,0.8526475270589192,0.9779465198516846
squat,0.4433393955230713,0.14802042643229166,0.983558714389801,0.45303983688354493,0.1279897689819336,0.6323774456977844,0.427186393737793,0.12827523549397787,0.9928474426269531,0.43720231056213377,0.1254147211710612,0.08248403668403625,0.3790854215621948,0.1335791269938151,0.9862616658210754,0.37362232208251955,0.20186425844828287,0.949037492275238,0.36017894744873047,0.21665398279825845,0.9942640662193298,0.4016073703765869,0.25349381764729817,0.6562256813049316,0.49097409248352053,0.2832291603088379,0.9889590740203857,0.48369789123535156,0.2514142672220866,0.7485489845275879,0.6417913913726807,0.3120623906453451,0.977401614189148,0.26841182708740235,0.46866636276245116,0.9860779047012329,0.2462090253829956,0.4856393814086914,0.9951086640357971,0.40858635902404783,0.5703552881876628,0.9863448143005371,0.3952681541442871,0.6211112976074219,0.9963852167129517,0.370482873916626,0.7559889475504558,0.9579322338104248,0.3352051734924316,0.8498832066853841,0.978376030921936
squat,0.44771790504455566,0.16763718922932944,0.9825614094734192,0.45664005279541015,0.1481538772583008,0.6390233635902405,0.4315326690673828,0.15030784606933595,0.9923027753829956,0.4415475845336914,0.14516833623250325,0.09254800528287888,0.38597514629364016,0.15826129913330078,0.9860600233078003,0.3785101413726807,0.2143376668294271,0.951643168926239,0.3657833576202393,0.2365478515625,0.9947792291641235,0.39832558631896975,0.25889018376668294,0.6658019423484802,0.4837777137756348,0.30270640055338544,0.9891600012779236,0.468428373336792,0.26193421681722007,0.741304337978363,0.6179697036743164,0.3215876897176107,0.9767820239067078,0.2661548614501953,0.4704469045003255,0.9879521727561951,0.24536914825439454,0.48940248489379884,0.9958103895187378,0.40997838973999023,0.5733860651652019,0.9882054328918457,0.4006484031677246,0.6246404647827148,0.9969237446784973,0.37107274532318113,0.7575060526529948,0.9645834565162659,0.34285721778869627,0.8487106323242187,0.9821094274520874
squat,0.4484832763671875,0.1886654535929362,0.982194185256958,0.4577359676361084,0.16983849207560223,0.6418896317481995,0.43308439254760744,0.16973743438720704,0.9919209480285645,0.44193358421325685,0.1661966323852539,0.09057272970676422,0.38743760585784914,0.17418766021728516,0.9846912026405334,0.3771545886993408,0.23549105326334635,0.9458314776420593,0.36498403549194336,0.2508390744527181,0.9939863681793213,0.4005128383636475,0.27777007420857747,0.6497526168823242,0.47319507598876953,0.31089280446370443,0.9876947402954102,0.474422550201416,0.2828431447347005,0.7397996783256531,0.5977284431457519,0.3307118733723958,0.9758058786392212,0.262877368927002,0.4769108772277832,0.9832366108894348,0.24455833435058594,0.49271430969238283,0.9940608143806458,0.408571195602417,0.5686471939086915,0.9887335300445557,0.40462307929992675,0.6145165125528972,0.9970607161521912,0.35998594760894775,0.7639775594075521,0.9697787165641785,0.34438180923461914,0.8503892262776692,0.9849951863288879
squat,0.44914584159851073,0.21018206278483073,0.9826340079307556,0.45891480445861815,0.19134082794189453,0.6229755282402039,0.43442792892456056,0.19013439814249675,0.9923041462898254,0.44089469909667967,0.18863455454508463,0.08327819406986237,0.386014986038208,0.19358434677124023,0.9861060380935669,0.3747038125991821,0.2562671979268392,0.9510095715522766,0.3625403642654419,0.27181946436564125,0.9940641522407532,0.41131081581115725,0.2980815887451172,0.6681890487670898,0.4741231918334961,0.335293451944987,0.9875934720039368,0.5056536197662354,0.3044883728027344,0.7577955722808838,0.6027726173400879,0.3544872919718424,0.9760510325431824,0.266746973991394,0.4902705510457357,0.9814264178276062,0.24850726127624512,0.5068838119506835,0.9930537343025208,0.40980896949768064,0.566369374593099,0.9866101145744324,0.4008316993713379,0.6144502639770508,0.9962677359580994,0.366257643699646,0.7588292439778646,0.9639998078346252,0.34579787254333494,0.8483364105224609,0.981089174747467
squat,0.4495084762573242,0.22962849934895832,0.9826952219009399,0.4589698791503906,0.2121228853861491,0.6733757853507996,0.43335232734680174,0.21093705495198567,0.9914966821670532,0.447536039352417,0.21332632700602214,0.10183186829090118,0.3896512508392334,0.2193031628926595,0.9829918742179871,0.38530917167663575,0.28677361806233725,0.952205240726471,0.3658744335174561,0.2925047238667806,0.9934506416320801,0.4017025470733643,0.33662668863932294,0.6809455752372742,0.47614550590515137,0.3557270050048828,0.9861555695533752,0.47257242202758787,0.3348435084025065,0.7597317695617676,0.6067497253417968,0.3757377942403158,0.9741536974906921,0.2614543914794922,0.513324483235677,0.9802267551422119,0.23792612552642822,0.5234777450561523,0.9921514987945557,0.41896586418151854,0.585965092976888,0.9843688011169434,0.41176548004150393,0.6143657684326171,0.9955032467842102,0.35994911193847656,0.7816740671793619,0.9590741395950317,0.34519543647766116,0.8429792404174805,0.9786216616630554
squat,0.4475861549377441,0.2518265724182129,0.9825584888458252,0.4597601890563965,0.23433637619018555,0.7166808843612671,0.43237805366516113,0.23132057189941407,0.991057276725769,0.4523760795593262,0.23412787119547526,0.12465061992406845,0.3928918600082397,0.23538570404052733,0.9785328507423401,0.3877680540084839,0.3027228037516276,0.9414783716201782,0.36625988483428956,0.30695950190226234,0.9912660717964172,0.40378379821777344,0.3532663027445475,0.6538181900978088,0.4684640884399414,0.3742232322692871,0.9821244478225708,0.46802029609680174,0.3545567830403646,0.7411530017852783,0.5854369163513183,0.38990615208943685,0.9690069556236267,0.25552222728729246,0.5273266474405924,0.969897985458374,0.23084306716918945,0.5378369013468425,0.9874967336654663,0.42847743034362795,0.5868083318074544,0.9740850329399109,0.41523098945617676,0.6207634607950846,0.992457389831543,0.364619779586792,0.7789269129435221,0.9366458654403687,0.3462813377380371,0.8546514511108398,0.9663660526275635
squat,0.44924044609069824,0.2653631846110026,0.9824582934379578,0.4608921527862549,0.24715566635131836,0.6959332227706909,0.43340654373168946,0.24539260864257811,0.9919984936714172,0.4512120246887207,0.24784590403238932,0.10481320321559906,0.3900658369064331,0.25159581502278644,0.9816111922264099,0.3851564168930054,0.316324520111084,0.9392110109329224,0.3656128168106079,0.324841562906901,0.991373598575592,0.40614819526672363,0.3656318664550781,0.6165944337844849,0.4731127738952637,0.3932670593261719,0.9808620810508728,0.47667932510375977,0.36882362365722654,0.7075254917144775,0.5953911781311035,0.41504106521606443,0.9656868577003479,0.2586063861846924,0.5372107823689779,0.9738398790359497,0.23477678298950194,0.5501285552978515,0.9894154071807861,0.42223658561706545,0.591724967956543,0.9800946712493896,0.4089666366577148,0.6325188318888346,0.9942489862442017,0.36627147197723386,0.7692968368530273,0.9574993848800659,0.34418516159057616,0.8531539281209309,0.9773440957069397
squat,0.45047473907470703,0.28039207458496096,0.9804357290267944,0.46055030822753906,0.2632370630900065,0.644454836845398,0.43587298393249513,0.2610907236735026,0.9907062649726868,0.4461985111236572,0.2633156458536784,0.10258176177740097,0.391947078704834,0.26721490224202477,0.9824585318565369,0.37709059715271,0.3277029037475586,0.948628842830658,0.36933584213256837,0.3406049728393555,0.9919281005859375,0.39951095581054685,0.3726969083150228,0.6749374866485596,0.4950234413146973,0.41009867986043297,0.9835622906684875,0.4680178642272949,0.37914276123046875,0.7618032097816467,0.627535057067871,0.4362597147623698,0.9706088304519653,0.2508413076400757,0.5485940933227539,0.9737474322319031,0.23315258026123048,0.5625342051188151,0.9887123107910156,0.4184394359588623,0.5959419250488281,0.9758011102676392,0.4081996440887451,0.6358979543050131,0.9924127459526062,0.3648028612136841,0.7743021011352539,0.9421781897544861,0.34270567893981935,0.8557943979899089,0.9671147465705872
squat,0.4504835605621338,0.29329624176025393,0.9802356958389282,0.46080899238586426,0.2774871190388997,0.6526818871498108,0.43686847686767577,0.2719547271728516,0.9910299777984619,0.4470210552215576,0.2788195292154948,0.09334056079387665,0.3933233737945557,0.2738923708597819,0.9825233817100525,0.3787820339202881,0.3502817153930664,0.9419301152229309,0.36726162433624265,0.3436813672383626,0.9902192950248718,0.40738673210144044,0.41294530232747395,0.6170958876609802,0.4839663028717041,0.4118453661600749,0.9780513048171997,0.4883829116821289,0.41814711888631184,0.7076275944709778,0.6141632080078125,0.44125235875447594,0.9615739583969116,0.2535975456237793,0.5690462112426757,0.9670968651771545,0.23500590324401854,0.575079600016276,0.9854313135147095,0.4228525161743164,0.6051489512125651,0.9729463458061218,0.41294126510620116,0.6319585800170898,0.9914918541908264,0.3593407154083252,0.7859309514363607,0.9452458620071411,0.34352989196777345,0.8529409408569336,0.969364583492279
squat,0.4503489971160889,0.3043846130371094,0.9813153147697449,0.4610743522644043,0.2885046641031901,0.6786914467811584,0.4358719825744629,0.2833839416503906,0.9918290972709656,0.4498778820037842,0.291785462697347,0.09238050132989883,0.39260785579681395,0.28715127309163413,0.9825330972671509,0.38524727821350097,0.3659460703531901,0.9368383288383484,0.3676427364349365,0.3573648452758789,0.989247739315033,0.42433986663818357,0.43578453063964845,0.572290301322937,0.48560457229614257,0.43117074966430663,0.9746313095092773,0.5192180156707764,0.43774245580037435,0.6603354215621948,0.6209348678588867,0.45506916046142576,0.954288899898529,0.25811967849731443,0.5846541086832683,0.9612268209457397,0.23548436164855957,0.5903593063354492,0.982756495475769,0.42531347274780273,0.6104274113972982,0.9681317806243896,0.41318550109863283,0.6389419555664062,0.9902029037475586,0.3571635723114014,0.7800485610961914,0.9425726532936096,0.340657901763916,0.8488925933837891,0.9682654142379761
squat,0.4487863540649414,0.3174831708272298,0.9812472462654114,0.4599327087402344,0.30148321787516275,0.7053245306015015,0.4336761474609375,0.2967159907023112,0.9913823008537292,0.4514652729034424,0.303629207611084,0.11579401046037674,0.39338538646697996,0.3003108024597168,0.9812488555908203,0.3906726598739624,0.37433001200358074,0.9384286403656006,0.369799280166626,0.3671624501546224,0.9891031980514526,0.43113436698913576,0.43589757283528646,0.5662566423416138,0.48680405616760253,0.44165287017822263,0.9725683331489563,0.5356678009033203,0.44062461853027346,0.636735200881958,0.6199874877929688,0.46566832860310875,0.9471250772476196,0.2563206195831299,0.5919581095377604,0.9524728059768677,0.2329803466796875,0.5955446879069011,0.9782650470733643,0.41876702308654784,0.6223417917887369,0.9540995955467224,0.4120013236999512,0.6381061553955079,0.9855384826660156,0.3446265697479248,0.7951290130615234,0.9140874743461609,0.3402461051940918,0.8423459370930989,0.9520812630653381
squat,0.45243210792541505,0.32955007553100585,0.9788749814033508,0.4613832473754883,0.3136148452758789,0.6543821692466736,0.43742685317993163,0.30756511688232424,0.9908868074417114,0.44959635734558107,0.31442623138427733,0.07181967794895172,0.3933887958526611,0.30877577463785805,0.9806531667709351,0.3851573705673218,0.3876857121785482,0.9231834411621094,0.3675952672958374,0.37291316986083983,0.985755980014801,0.4101118087768555,0.4614255905151367,0.5281270146369934,0.4797722339630127,0.4460526784261068,0.9662007689476013,0.4889413356781006,0.46188942591349286,0.6125367879867554,0.599142599105835,0.46655893325805664,0.9430447816848755,0.25494844913482667,0.6104514439900716,0.9491108655929565,0.2322455883026123,0.610876719156901,0.9763387441635132,0.4323523998260498,0.62208251953125,0.9600579142570496,0.417903470993042,0.6305739720662434,0.9870757460594177,0.3554094314575195,0.8002871195475261,0.9385441541671753,0.33776535987854006,0.8376594543457031,0.9656392931938171
squat,0.4525848388671875,0.34106057484944663,0.9800183176994324,0.4611993312835693,0.3246909141540527,0.6643095016479492,0.4353157043457031,0.31969442367553713,0.9908526539802551,0.45119757652282716,0.32765496571858727,0.07248170673847198,0.38924078941345214,0.3254278500874837,0.9801421165466309,0.38939130306243896,0.4006148974100749,0.9325814247131348,0.3657087802886963,0.38777376810709635,0.9870284795761108,0.40666685104370115,0.4667999585469564,0.5710078477859497,0.4800860404968262,0.4569990158081055,0.9696531295776367,0.48828744888305664,0.4685757319132487,0.6562001705169678,0.6058456420898437,0.47645556131998695,0.9502963423728943,0.25755674839019777,0.6152284622192383,0.9517503976821899,0.2313908815383911,0.614352035522461,0.976952314376831,0.4279372215270996,0.6223317464192708,0.9596191644668579,0.41555275917053225,0.6195144653320312,0.9863280057907104,0.3428189277648926,0.8098293304443359,0.9336485266685486,0.3317058563232422,0.8257498423258464,0.9621143937110901
squat,0.44980430603027344,0.3539674123128255,0.9858096241950989,0.45838656425476076,0.3383271853129069,0.7060034871101379,0.43506436347961425,0.33341859181722006,0.992331862449646,0.4474550724029541,0.34154942830403645,0.0782136470079422,0.39020302295684817,0.3366254806518555,0.9822831749916077,0.39182932376861573,0.41569608052571616,0.9557797908782959,0.3628984928131104,0.40778668721516925,0.9908952713012695,0.4568473815917969,0.46548391977945963,0.6999781131744385,0.49603996276855467,0.475034236907959,0.9809256196022034,0.5728415012359619,0.4824247678120931,0.7827245593070984,0.6302200317382812,0.5116340637207031,0.9698981046676636,0.25559244155883787,0.6205172220865885,0.9573765397071838,0.22772281169891356,0.6235106150309245,0.978843092918396,0.4158608913421631,0.6129789352416992,0.9635509252548218,0.4015592098236084,0.6279255549112955,0.9877874255180359,0.3478247880935669,0.800770378112793,0.9297031164169312,0.33227314949035647,0.8449607849121094,0.9593246579170227
squat,0.4476454257965088,0.3665039380391439,0.9832441210746765,0.4569434642791748,0.34991467793782555,0.687211811542511,0.4321678638458252,0.3443801244099935,0.991832971572876,0.44568495750427245,0.35173441569010416,0.07464610785245895,0.38684084415435793,0.346466064453125,0.9811989068984985,0.38270111083984376,0.424872620900472,0.9375199675559998,0.3621544122695923,0.4125609079996745,0.9867687821388245,0.4300187110900879,0.4750807762145996,0.5992130637168884,0.4851571559906006,0.47599560419718423,0.9695727825164795,0.53616304397583,0.48159217834472656,0.7034289240837097,0.603598690032959,0.5115792910257976,0.9549474716186523,0.24474411010742186,0.6298485438028971,0.9358181953430176,0.22294199466705322,0.6299884796142579,0.9678254723548889,0.4123081207275391,0.6146701176961263,0.9581261277198792,0.40760149955749514,0.6199629465738933,0.9856976270675659,0.3404056549072266,0.81116943359375,0.9359675049781799,0.33807427883148194,0.8431634267171224,0.9630271792411804
squat,0.4465636253356934,0.37820421854654945,0.9857466220855713,0.4552609443664551,0.36251010894775393,0.7054746150970459,0.43236556053161623,0.35562496185302733,0.9923956394195557,0.44385652542114257,0.36351391474405925,0.07292704284191132,0.38753983974456785,0.35392862955729165,0.9827274680137634,0.3879887342453003,0.4351418177286784,0.9533770084381104,0.36122181415557864,0.4237063725789388,0.9889278411865234,0.46558432579040526,0.481858762105306,0.6679481863975525,0.4976341247558594,0.4966506322224935,0.9748724699020386,0.5956072807312012,0.4978553136189779,0.7508196830749512,0.6205910205841064,0.5344133377075195,0.9619652032852173,0.2487363338470459,0.6416479110717773,0.9405471086502075,0.22352848052978516,0.6414281209309896,0.9684267044067383,0.41214547157287595,0.6186118443806966,0.9511774778366089,0.4020369529724121,0.624571164449056,0.9830229878425598,0.33549699783325193,0.8096187591552735,0.9167903661727905,0.3302178382873535,0.8424237569173177,0.9509143829345703
squat,0.44359393119812013,0.38639144897460936,0.9868659377098083,0.453073787689209,0.37086213429768883,0.7462824583053589,0.42855191230773926,0.3629858652750651,0.9924625158309937,0.445586633682251,0.37311045328776044,0.07327193766832352,0.38369064331054686,0.3604981740315755,0.9790856242179871,0.3945514440536499,0.44411083857218425,0.9466466307640076,0.3576428174972534,0.42823123931884766,0.9855206608772278,0.4742455959320068,0.49186105728149415,0.6458158493041992,0.4992387294769287,0.5059441566467285,0.9666706323623657,0.600083303451538,0.49724578857421875,0.7305350303649902,0.6203299522399902,0.5373198827107747,0.9525868892669678,0.2538689136505127,0.6532485326131184,0.9045942425727844,0.22231755256652833,0.649177360534668,0.9451172947883606,0.409270191192627,0.6209636052449544,0.9172600507736206,0.3973729372024536,0.6141743342081706,0.9684658646583557,0.32948143482208253,0.8239766438802083,0.8637976050376892,0.33095488548278806,0.8372938156127929,0.9153695106506348
squat,0.4423725128173828,0.38561058044433594,0.9879851937294006,0.4501665115356445,0.37062915166219074,0.7455938458442688,0.42790632247924804,0.36456645329793297,0.9928168058395386,0.44167227745056153,0.37173754374186196,0.07491351664066315,0.38491029739379884,0.3633991877237956,0.9813330769538879,0.3937363862991333,0.44062426884969075,0.9607489109039307,0.36026504039764407,0.4311677932739258,0.9901036024093628,0.4826155185699463,0.4861605962117513,0.7163714170455933,0.5019854545593262,0.5059092203776042,0.9785191416740417,0.6097244262695313,0.503722858428955,0.7857021689414978,0.6218664169311523,0.5372540791829427,0.9678242802619934,0.2535848617553711,0.649993896484375,0.9488733410835266,0.224120569229126,0.6500094095865886,0.9723362326622009,0.41521482467651366,0.6169153213500976,0.9550278186798096,0.40303597450256345,0.62373046875,0.9845181107521057,0.33373022079467773,0.8140869140625,0.9197683930397034,0.32938437461853026,0.8463632583618164,0.9532645344734192
squat,0.4457242012023926,0.373239008585612,0.9819268584251404,0.4538254737854004,0.3556145350138346,0.6805034875869751,0.42925753593444826,0.3517644246419271,0.9926114678382874,0.4411612033843994,0.35468962987263997,0.07082457840442657,0.38269126415252686,0.35381736755371096,0.9851605892181396,0.38098964691162107,0.42967554728190105,0.922743022441864,0.357528018951416,0.42559369405110675,0.989195704460144,0.4237973690032959,0.4870887756347656,0.5006616711616516,0.4831847190856934,0.49378013610839844,0.9719129800796509,0.5409229278564454,0.4857425053914388,0.5919557809829712,0.6115151882171631,0.5030294418334961,0.9466770887374878,0.2511623382568359,0.6491570790608724,0.921299397945404,0.22693464756011963,0.6545333862304688,0.9647427201271057,0.4118934631347656,0.6171885172526042,0.9463880062103271,0.4030469417572021,0.6293757756551107,0.9835520386695862,0.3395359039306641,0.8026791890462239,0.9269313216209412,0.33341116905212403,0.8395800908406575,0.9606218338012695
squat,0.44621620178222654,0.35437774658203125,0.970298707485199,0.45349998474121095,0.3366527239481608,0.5453137755393982,0.43148365020751955,0.332736873626709,0.9888094067573547,0.4337891101837158,0.33302761713663737,0.06800919026136398,0.3861791372299194,0.33336928685506184,0.9830544590950012,0.3661527633666992,0.40090869267781576,0.9031092524528503,0.37038364410400393,0.39806270599365234,0.9793675541877747,0.4162642478942871,0.46525001525878906,0.41156908869743347,0.49733848571777345,0.4738978385925293,0.9465246796607971,0.5481529235839844,0.47819627126057945,0.5009679198265076,0.6237932205200195,0.4976923624674479,0.9065609574317932,0.2404773712158203,0.6291041056315104,0.8912359476089478,0.23322086334228515,0.6333982467651367,0.9451364874839783,0.4053345680236816,0.6098918914794922,0.9216081500053406,0.40842280387878416,0.621934191385905,0.9724881649017334,0.33058645725250246,0.7977993011474609,0.8982996940612793,0.32973039150238037,0.8338677724202473,0.9388225078582764
squat,0.4480113506317139,0.3295024236043294,0.9734315872192383,0.45618066787719724,0.31322565078735354,0.5963083505630493,0.43312969207763674,0.3074636459350586,0.9887076616287231,0.441041898727417,0.31362765630086265,0.07152478396892548,0.3881827354431152,0.30940186182657875,0.9794965386390686,0.37341129779815674,0.39167906443277994,0.9100788235664368,0.3638992547988892,0.37274157206217445,0.9814359545707703,0.3883963108062744,0.48772392272949217,0.4787769019603729,0.4773275375366211,0.4533212661743164,0.9556263089179993,0.472995662689209,0.4997391700744629,0.5839095711708069,0.6077292442321778,0.47746092478434243,0.9302318692207336,0.24548866748809814,0.6098000208536783,0.908430814743042,0.22876076698303222,0.6082873026529948,0.9548435211181641,0.4156442642211914,0.6048609415690104,0.934349000453949,0.4131609439849854,0.6078572591145833,0.9767438173294067,0.33792552947998045,0.8021406809488932,0.9040338397026062,0.33568835258483887,0.8295688629150391,0.9431347250938416
squat,0.4483181953430176,0.3030239105224609,0.9749046564102173,0.4579154491424561,0.28593835830688474,0.5969707369804382,0.4334503173828125,0.28493010203043617,0.9900686144828796,0.44090681076049804,0.28804423014322916,0.10231057554483414,0.3902318239212036,0.2955866813659668,0.9836634397506714,0.3668323516845703,0.3551820755004883,0.9275129437446594,0.37266290187835693,0.3672883669535319,0.9880068302154541,0.38772432804107665,0.4110040346781413,0.5357252955436707,0.4999837398529053,0.4370264053344727,0.972642183303833,0.47068195343017577,0.4221923828125,0.6439948678016663,0.6325117111206054,0.46539109547932944,0.9503836631774902,0.2370485782623291,0.5718477249145508,0.9591912627220154,0.22737112045288085,0.5858150482177734,0.9823101162910461,0.4144593715667725,0.5887139638264974,0.9733769297599792,0.4074107646942139,0.6306737899780274,0.9917598366737366,0.3589132785797119,0.7680445353190104,0.9563225507736206,0.3347466945648193,0.853646977742513,0.9753916263580322
squat,0.44820270538330076,0.2852670669555664,0.9778734445571899,0.4577305793762207,0.2685580571492513,0.6232988834381104,0.4343274593353271,0.2657101313273112,0.9900014400482178,0.44194674491882324,0.2679394404093424,0.10382477939128876,0.3912991762161255,0.2707118352254232,0.98249751329422,0.3724470376968384,0.33176247278849286,0.9433777928352356,0.3689452648162842,0.34149723052978515,0.9903377294540405,0.39820408821105957,0.38050686518351234,0.6352822184562683,0.4945051670074463,0.4138044357299805,0.979408323764801,0.47471466064453127,0.3881334940592448,0.7270761728286743,0.6263724327087402,0.44645608266194664,0.9634502530097961,0.2457550048828125,0.5447742462158203,0.9683535695075989,0.2310561180114746,0.5568085352579752,0.9859322309494019,0.420636510848999,0.5906981150309245,0.9745476841926575,0.41048970222473147,0.6244857788085938,0.9918579459190369,0.3668301820755005,0.7770182291666666,0.9446076154708862,0.34270787239074707,0.8504184722900391,0.9683992862701416
squat,0.44970903396606443,0.265494696299235,0.9783808588981628,0.4590287685394287,0.24789759318033855,0.6570363640785217,0.43329768180847167,0.24526322682698568,0.9906567335128784,0.4466458797454834,0.24882183074951172,0.09491138160228729,0.38839216232299806,0.2527471542358398,0.9808853268623352,0.3813501834869385,0.32058461507161456,0.9266477227210999,0.3676143646240234,0.3234128952026367,0.9871686697006226,0.39441471099853515,0.3847505569458008,0.5514348745346069,0.4849117279052734,0.39718488057454426,0.9708054065704346,0.4639412879943848,0.39068069458007815,0.6538029313087463,0.616831922531128,0.4221499760945638,0.9511687159538269,0.25664587020874025,0.5332722028096517,0.9562053680419922,0.23596725463867188,0.5419931411743164,0.9804218411445618,0.43014817237854003,0.5861202875773112,0.9700435996055603,0.4215507984161377,0.6105902989705404,0.9904566407203674,0.3606302738189697,0.7785243988037109,0.9413825273513794,0.3420538902282715,0.8361700057983399,0.9671647548675537
squat,0.44904017448425293,0.23902066548665366,0.9772471189498901,0.4587567329406738,0.22200489044189453,0.6129611134529114,0.43520307540893555,0.21975682576497396,0.9896252751350403,0.44247260093688967,0.22087491353352864,0.12157800048589706,0.39306299686431884,0.2257211685180664,0.9843305945396423,0.37371020317077636,0.28638197580973307,0.9507562518119812,0.37053642272949217,0.3000538190205892,0.9935017228126526,0.38418557643890383,0.3343311309814453,0.659086287021637,0.4825899600982666,0.3728860219319661,0.9855887293815613,0.45012707710266114,0.347646967569987,0.7415233850479126,0.6080514430999756,0.40284417470296224,0.9717391133308411,0.2532948970794678,0.5018537203470866,0.9796596169471741,0.23965554237365722,0.5144963264465332,0.9921087622642517,0.41771507263183594,0.5769763946533203,0.9856288433074951,0.4117403507232666,0.6081464131673177,0.9958940744400024,0.36306498050689695,0.7768308003743489,0.9644500613212585,0.3473163604736328,0.8441197713216145,0.9815204739570618
squat,0.44710583686828614,0.20791613260904948,0.9711739420890808,0.45716204643249514,0.19060166676839194,0.535801112651825,0.43625521659851074,0.18870919545491535,0.9886724352836609,0.43363041877746583,0.18439092636108398,0.13120116293430328,0.39534549713134765,0.18958409627278647,0.9867716431617737,0.36114399433135985,0.24236443837483723,0.9414403438568115,0.37333648204803466,0.26884676615397135,0.9934511184692383,0.389993953704834,0.28355798721313474,0.5884166359901428,0.49443511962890624,0.3440704345703125,0.9851846694946289,0.47568116188049314,0.3044452667236328,0.6707744002342224,0.6227993965148926,0.37322928110758463,0.9647164344787598,0.24799597263336182,0.47392133076985676,0.9780776500701904,0.24395751953125,0.49370899200439455,0.9922256469726562,0.4053654193878174,0.5654200236002604,0.9852041006088257,0.3976508855819702,0.6176244099934896,0.9960916638374329,0.3687198400497437,0.7533355712890625,0.9634729027748108,0.34430346488952634,0.8533114115397136,0.9814437627792358
squat,0.44939556121826174,0.1775858243306478,0.9759992361068726,0.45754413604736327,0.16073160171508788,0.564517080783844,0.43671331405639646,0.15948746999104818,0.990088164806366,0.43806867599487304,0.1589193344116211,0.09282711893320084,0.3948950290679932,0.1642740249633789,0.9865645170211792,0.37269270420074463,0.23036430676778158,0.9454535245895386,0.3686281681060791,0.24023202260335286,0.9935584664344788,0.4069075584411621,0.2876368204752604,0.6070864200592041,0.48437676429748533,0.3122563680013021,0.9853360056877136,0.48841099739074706,0.30312703450520834,0.686428964138031,0.6149622917175293,0.3450424830118815,0.967714250087738,0.24763307571411133,0.46941989262898765,0.9833743572235107,0.23464741706848144,0.4817564646402995,0.9939372539520264,0.40162081718444825,0.575952657063802,0.985504686832428,0.4013485908508301,0.6136553446451823,0.9961297512054443,0.35857200622558594,0.7721176147460938,0.9592160582542419,0.34415550231933595,0.8486779530843099,0.9792496562004089
squat,0.4466831207275391,0.13143835067749024,0.9773067831993103,0.45572052001953123,0.11243241628011068,0.5895258784294128,0.4329719543457031,0.11426556905110677,0.9900778532028198,0.4363121509552002,0.11148964564005534,0.12838193774223328,0.3925474643707275,0.12187617619832357,0.986876368522644,0.37588579654693605,0.1941650708516439,0.9500836730003357,0.3775778293609619,0.20327768325805665,0.9952752590179443,0.4294215202331543,0.2718194961547852,0.6220503449440002,0.4983829021453857,0.26555153528849285,0.9898031949996948,0.544521427154541,0.30556468963623046,0.6999663710594177,0.6373162269592285,0.29580326080322267,0.9728939533233643,0.26730871200561523,0.43272056579589846,0.9868857860565186,0.25768046379089354,0.44791056315104166,0.995771586894989,0.38972041606903074,0.5638940811157227,0.9907694458961487,0.3877652883529663,0.6199350357055664,0.997788667678833,0.3661500453948975,0.7483853022257487,0.9707334637641907,0.335983419418335,0.8501777648925781,0.9861940741539001
squat,0.4377615451812744,0.0841796875,0.9809272289276123,0.451509952545166,0.06516040166219075,0.7874216437339783,0.4232786655426025,0.06521835327148437,0.9830775856971741,0.44623966217041017,0.07090342839558919,0.3135407269001007,0.3902941465377808,0.07385787963867188,0.9608342051506042,0.39947431087493895,0.16365563074747722,0.9788612723350525,0.37815132141113283,0.16317857106526693,0.9927777647972107,0.47719907760620117,0.2474959373474121,0.8446434140205383,0.4958500385284424,0.23486105600992838,0.9810133576393127,0.6107928276062011,0.27581151326497394,0.8448696732521057,0.630979585647583,0.25958112080891926,0.9562659859657288,0.28994245529174806,0.40073541005452473,0.9940758943557739,0.2671654224395752,0.4117955525716146,0.9963482022285461,0.387086009979248,0.5652823766072591,0.9949595928192139,0.3777623176574707,0.619823710123698,0.9978237152099609,0.3657795190811157,0.7418066660563151,0.9774445295333862,0.33249239921569823,0.8428445180257161,0.9848687648773193
squat,0.43854312896728515,0.02992979685465495,0.7290147542953491,0.4474328994750977,0.015909639994303386,0.12054332345724106,0.4309713363647461,0.014802392323811848,0.840238630771637,0.4313787937164307,0.027010472615559895,0.06383692473173141,0.40657873153686525,0.028435929616292318,0.9196555614471436,0.3914476871490479,0.11981849670410157,0.8370481729507446,0.37392368316650393,0.12129898071289062,0.9790696501731873,0.4640061855316162,0.18909252484639485,0.4731905162334442,0.4763041496276855,0.19462315241495767,0.9755409955978394,0.5927103996276856,0.2192885716756185,0.5325589179992676,0.6176623344421387,0.24127100308736166,0.9365897178649902,0.2767339706420898,0.38410676320393883,0.9896546602249146,0.2580723285675049,0.39455928802490237,0.9964154958724976,0.3936595439910889,0.5693964640299479,0.9892151951789856,0.38132200241088865,0.6164904276529948,0.9974226951599121,0.36441640853881835,0.750959841410319,0.9598046541213989,0.33256096839904786,0.8482498168945313,0.9811985492706299
squat,0.43669776916503905,0.004671223958333333,0.6046683192253113,0.4435065746307373,0.0,0.08133286237716675,0.42168054580688474,0.0,0.6813187599182129,0.4264346122741699,0.0,0.0486241914331913,0.3862496852874756,0.0,0.8394153118133545,0.3807736873626709,0.06289119720458984,0.8170950412750244,0.37552194595336913,0.08848253885904948,0.9714285731315613,0.4267085075378418,0.13137108484903973,0.619215726852417,0.5024338722229004,0.1458056131998698,0.976300835609436,0.5324198246002197,0.17257973353068035,0.6940686702728271,0.6388526916503906,0.16792437235514324,0.9462105631828308,0.2947908878326416,0.34356050491333007,0.9932562112808228,0.28127739429473875,0.3674208641052246,0.9971112012863159,0.376287579536438,0.5465925852457683,0.9949018955230713,0.36755826473236086,0.620006815592448,0.9982864260673523,0.370996880531311,0.7328824996948242,0.9759430289268494,0.3225112438201904,0.8528671264648438,0.9858765006065369
squat,0.45207533836364744,0.0,0.13215012848377228,0.4567223072052002,0.0,0.007046918850392103,0.4497788429260254,0.0,0.13286536931991577,0.4338371753692627,0.0,0.011762019246816635,0.42928328514099123,0.0,0.42648324370384216,0.4003812313079834,0.04546162287394206,0.5403624176979065,0.3972893476486206,0.039061546325683594,0.8835403919219971,0.47126355171203616,0.13247137069702147,0.515587568283081,0.47666010856628416,0.13277912139892578,0.9612522125244141,0.6106983661651612,0.14916032155354816,0.6406223773956299,0.6190762042999267,0.17399377822875978,0.9331938028335571,0.3198144197463989,0.3444337844848633,0.9807354807853699,0.31271677017211913,0.3487136205037435,0.9920544624328613,0.3725696325302124,0.5788847605387369,0.977316677570343,0.3776271820068359,0.6066363652547201,0.9925705790519714,0.3549186706542969,0.7791213989257812,0.8623000979423523,0.3474158048629761,0.8389460245768229,0.9208122491836548
squat,0.43169174194335935,0.005014832814534505,0.01941606029868126,0.43322415351867677,0.0,0.0011670797830447555,0.4346933841705322,0.0,0.016736235469579697,0.4104127883911133,0.0,0.007955014705657959,0.4280697822570801,0.0,0.1927633434534073,0.38159477710723877,0.02077185312906901,0.37694767117500305,0.40056476593017576,0.031083170572916666,0.8108439445495605,0.4360832214355469,0.09243850708007813,0.502009928226471,0.49359884262084963,0.11619224548339843,0.959143340587616,0.5425856590270997,0.11772241592407226,0.5952548384666443,0.6093344688415527,0.16170263290405273,0.9143823981285095,0.30804736614227296,0.3139026641845703,0.9909687638282776,0.31119341850280763,0.32462253570556643,0.9963939785957336,0.3629514932632446,0.55732421875,0.9924935102462769,0.354371166229248,0.5996598561604818,0.997572124004364,0.36962316036224363,0.7571466445922852,0.9565035700798035,0.3282928943634033,0.8421016693115234,0.9761882424354553
squat,0.436549711227417,0.0027495384216308593,0.005287474952638149,0.43776254653930663,0.0,0.00035644660238176584,0.44074053764343263,0.0,0.003752000629901886,0.4159841060638428,0.0,0.004018706735223532,0.43401083946228025,0.0,0.06778497248888016,0.388847804069519,0.004636923472086589,0.2431100606918335,0.4016417980194092,0.014882246653238932,0.6348161697387695,0.4302948474884033,0.08027839660644531,0.506375253200531,0.48957386016845705,0.0987436294555664,0.9379629492759705,0.5199884891510009,0.11259409586588541,0.6080138683319092,0.5998087882995605,0.14283971786499022,0.8873945474624634,0.31871795654296875,0.30240840911865235,0.9922217726707458,0.3164238452911377,0.3125430742899577,0.9964249730110168,0.3540942907333374,0.5564842859903971,0.9940898418426514,0.3400674819946289,0.5986332575480143,0.997687816619873,0.3662832021713257,0.7534435907999675,0.9654427170753479,0.3223458766937256,0.8368373235066732,0.9787651896476746
squat,0.43538789749145507,0.0,0.001830347697250545,0.43468575477600097,0.0,0.00012749132292810827,0.43981313705444336,0.0,0.0009867883054539561,0.4102377414703369,0.0,0.0020033332984894514,0.4301619529724121,0.0,0.025442590937018394,0.39555749893188474,0.0,0.2283829003572464,0.3949723243713379,0.0,0.4475298225879669,0.46358394622802734,0.06891571680704753,0.6339256763458252,0.4899172782897949,0.08832130432128907,0.9123754501342773,0.5760592937469482,0.09442634582519531,0.7045184969902039,0.6086456298828125,0.13261191050211588,0.865637481212616,0.3387510538101196,0.3018374760945638,0.9946163296699524,0.32928874492645266,0.3109669049580892,0.9964792132377625,0.352596378326416,0.5614468892415364,0.9952526092529297,0.3377391815185547,0.6026986440022787,0.9973993301391602,0.3631168603897095,0.751690165201823,0.9663587808609009,0.32330784797668455,0.8308400472005208,0.9741622805595398
squat,0.44730215072631835,0.0,0.0017738380702212453,0.44667763710021974,0.0,0.00012781644181814045,0.4525318145751953,0.0,0.0009835154050961137,0.42045979499816893,0.0,0.002204627264291048,0.44252910614013674,0.0,0.02434886246919632,0.3963339328765869,0.0,0.21131928265094757,0.4055899143218994,0.0018342971801757813,0.41311368346214294,0.45659737586975097,0.055435466766357425,0.6211786866188049,0.4909940719604492,0.08310206731160481,0.9013708829879761,0.5724242210388184,0.08766129811604818,0.7077766060829163,0.6084734916687011,0.12862955729166667,0.8558339476585388,0.33179049491882323,0.2901780128479004,0.9940394163131714,0.3283970355987549,0.3031422297159831,0.995936393737793,0.35011246204376223,0.5516826629638671,0.9950830936431885,0.33974609375,0.6030993143717448,0.9971721768379211,0.36502373218536377,0.7457666397094727,0.9652475118637085,0.3220877408981323,0.8387804667154948,0.9721213579177856
squat,0.45039048194885256,0.0023665428161621094,0.0006726806750521064,0.4495716571807861,0.0,4.283153248252347e-05,0.457060718536377,0.0,0.00041231358773075044,0.4233864784240723,0.0,0.001073769060894847,0.4488086700439453,0.0,0.016141721978783607,0.3984617471694946,0.0,0.10156276822090149,0.40816969871520997,0.0,0.3084794580936432,0.4470211982727051,0.058240254720052086,0.4626731872558594,0.4977370262145996,0.08082097371419271,0.8911395072937012,0.5582874774932861,0.0932252566019694,0.5943425893783569,0.6162161827087402,0.12550408045450848,0.838599681854248,0.3295337438583374,0.2932957331339518,0.9902386665344238,0.3261986255645752,0.3029499053955078,0.9945295453071594,0.35137438774108887,0.5641550064086914,0.9925974607467651,0.34192643165588377,0.6020503362019857,0.9964304566383362,0.36403846740722656,0.7690883000691732,0.9518113136291504,0.32851710319519045,0.8443930308024089,0.965755820274353
squat,0.4501336097717285,0.002288150787353516,0.0034477123990654945,0.4511209487915039,0.0,0.00020731934637296945,0.4544660568237305,0.0,0.002292648423463106,0.42819900512695314,0.0,0.002745158737525344,0.4462150573730469,0.0,0.04964068904519081,0.39932000637054443,0.0007192611694335938,0.2243097871541977,0.4080303192138672,0.009191513061523438,0.586107075214386,0.4450559139251709,0.07339906692504883,0.5437056422233582,0.4900805950164795,0.09154402414957682,0.9384162425994873,0.5544701099395752,0.08781035741170247,0.6505439281463623,0.6061320304870605,0.12448399861653646,0.8923234939575195,0.32100012302398684,0.3023976961771647,0.9921852946281433,0.31723001003265383,0.3119919459025065,0.9961156845092773,0.3514087200164795,0.5609090169270833,0.993431031703949,0.344883131980896,0.6008398691813152,0.997230589389801,0.36433374881744385,0.7619595845540365,0.9556818008422852,0.32956748008728026,0.8408304850260416,0.9711243510246277
squat,0.4395253658294678,0.019625345865885418,0.011302846483886242,0.44087753295898435,0.00692288080851237,0.0006392099894583225,0.44350905418395997,0.005265426635742187,0.010156644508242607,0.4159654140472412,0.0,0.005120448302477598,0.43528122901916505,0.0,0.14738130569458008,0.3843646287918091,0.02639115651448568,0.3077947497367859,0.40386738777160647,0.03030252456665039,0.7506901621818542,0.44611530303955077,0.10208705266316732,0.4791184067726135,0.49947104454040525,0.10377092361450195,0.9549309611320496,0.5653629779815674,0.1252386728922526,0.5797486901283264,0.6174198150634765,0.1338558832804362,0.9068332314491272,0.30550475120544435,0.3125523567199707,0.9919372797012329,0.30870063304901124,0.322590700785319,0.9966546297073364,0.36616480350494385,0.5578935623168946,0.9940757751464844,0.355742359161377,0.605619748433431,0.9980754852294922,0.3712703466415405,0.7496349334716796,0.9674792289733887,0.32757091522216797,0.8470924377441407,0.9820302128791809
squat,0.4426434993743896,0.0,0.13953647017478943,0.44908862113952636,0.0,0.008860515430569649,0.4409023761749268,0.0,0.15060947835445404,0.4310006618499756,0.0,0.02058383636176586,0.42520861625671386,0.0,0.4935886263847351,0.3932787895202637,0.048360347747802734,0.6160378456115723,0.3917398929595947,0.05077768961588542,0.9258617162704468,0.43454575538635254,0.13395957946777343,0.5613357424736023,0.47661628723144533,0.12055457433064778,0.9728783965110779,0.5440426826477051,0.16883360544840495,0.6491376161575317,0.601984691619873,0.1455130894978841,0.9379977583885193,0.2981112957000732,0.33874422709147134,0.991202712059021,0.28873286247253416,0.348089345296224,0.9965797066688538,0.3763874053955078,0.5687862396240234,0.9915536046028137,0.3619445562362671,0.6133747100830078,0.997430145740509,0.3621288537979126,0.7569171905517578,0.9522896409034729,0.32239642143249514,0.8477264404296875,0.9745494723320007
squat,0.43406333923339846,0.0002158800760904948,0.6810018420219421,0.4409040451049805,0.0,0.11614483594894409,0.42081480026245116,0.0,0.7122278213500977,0.4235246181488037,0.0,0.07347188144922256,0.3889420747756958,0.0,0.8537049293518066,0.3763343095779419,0.06079441706339518,0.900104820728302,0.3801023006439209,0.08696632385253907,0.9786827564239502,0.4203486442565918,0.11985101699829101,0.7605002522468567,0.5083677768707275,0.1494976043701172,0.9794657826423645,0.5105817794799805,0.1425278345743815,0.7869842052459717,0.6366217136383057,0.16871503194173176,0.9532056450843811,0.29271845817565917,0.35960048039754233,0.9962506890296936,0.2837719678878784,0.38301169077555336,0.9980707764625549,0.3828345537185669,0.5507242838541667,0.9967355132102966,0.3727302551269531,0.6266577402750652,0.9987039566040039,0.36508889198303224,0.731729253133138,0.9831404089927673,0.317830228805542,0.8585500081380208,0.9889119863510132
squat,0.4371640205383301,0.03578627904256185,0.7234806418418884,0.44603786468505857,0.019663492838541668,0.10950487852096558,0.4312941074371338,0.018514601389567058,0.8091287016868591,0.4282392501831055,0.016806856791178385,0.06816086173057556,0.4079434871673584,0.019510364532470702,0.8912912011146545,0.3819579601287842,0.09895391464233398,0.8511213660240173,0.37793598175048826,0.1067509651184082,0.9831042289733887,0.4242978572845459,0.1671208381652832,0.5831640362739563,0.481002140045166,0.16773134867350262,0.9851674437522888,0.5231239795684814,0.19455881118774415,0.6615309119224548,0.633294677734375,0.1961475690205892,0.9609237909317017,0.2803753614425659,0.38418401082356773,0.9924930930137634,0.26792690753936765,0.39864994684855143,0.997505247592926,0.3919359683990479,0.5630706787109375,0.9937073588371277,0.3807641267776489,0.6184576670328776,0.9984534978866577,0.36628026962280275,0.742382558186849,0.9745635986328125,0.33324012756347654,0.8511209487915039,0.9880067110061646
squat,0.44683542251586916,0.06639506022135416,0.9760802984237671,0.455445384979248,0.045604006449381514,0.5290758013725281,0.43295979499816895,0.044212595621744795,0.9905670285224915,0.42865405082702634,0.0398066520690918,0.09358828514814377,0.38494741916656494,0.044813950856526695,0.9884856939315796,0.3610383987426758,0.12632662455240887,0.944153368473053,0.3688835382461548,0.13911851247151694,0.9946483969688416,0.396416449546814,0.19190810521443685,0.5885165333747864,0.4997438430786133,0.20372419357299804,0.9882120490074158,0.49196934700012207,0.19688774744669596,0.6685522794723511,0.6395644187927246,0.2202287991841634,0.9698293805122375,0.26813325881958006,0.40875142415364585,0.9884026646614075,0.26137194633483884,0.4244613965352376,0.9962537288665771,0.39358766078948976,0.5676946640014648,0.9908735752105713,0.388615345954895,0.6169900258382162,0.997718334197998,0.36595199108123777,0.7550807317097982,0.9680152535438538,0.33138537406921387,0.8489035924275716,0.9843431711196899
squat,0.4519230365753174,0.10060427983601888,0.9774745106697083,0.4635316371917725,0.0804188092549642,0.6004258394241333,0.4362950325012207,0.07968571980794271,0.9909442663192749,0.44699902534484864,0.08049538930257162,0.13293787837028503,0.3922240972518921,0.08725112279256185,0.9870681762695312,0.38201563358306884,0.16673364639282226,0.9442704916000366,0.37442185878753664,0.17457415262858073,0.9950842261314392,0.4018791675567627,0.24090108871459961,0.5783271789550781,0.49678878784179686,0.24997868537902831,0.9887250065803528,0.49771900177001954,0.2505983034769694,0.6605978012084961,0.6494473934173584,0.28450082143147787,0.969755232334137,0.27272830009460447,0.4264170328776042,0.9867549538612366,0.255389404296875,0.43797295888264975,0.9958487749099731,0.39911532402038574,0.577730941772461,0.9882858395576477,0.3907275438308716,0.6134419123331706,0.9971566200256348,0.36176447868347167,0.7698568979899089,0.9606398940086365,0.3317328929901123,0.8436999638875325,0.9813390374183655
squat,0.45458669662475587,0.1325227419535319,0.9837035536766052,0.46668076515197754,0.1124179204305013,0.659457266330719,0.43883981704711916,0.11025670369466146,0.9933690428733826,0.453128719329834,0.11106656392415365,0.09526421874761581,0.39167463779449463,0.11250200271606445,0.9873762130737305,0.3921111345291138,0.19410231908162434,0.9456613063812256,0.3672504425048828,0.19970534642537435,0.9947668313980103,0.43812851905822753,0.262900431950887,0.5915500521659851,0.49076004028320314,0.27743237813313804,0.9881916642189026,0.5481873989105225,0.2817823092142741,0.6836872100830078,0.6422395229339599,0.31503416697184244,0.9724833369255066,0.2776941776275635,0.4532978375752767,0.9866436123847961,0.25099070072174073,0.46614818572998046,0.9955677390098572,0.4086170196533203,0.5760819753011067,0.9882941246032715,0.395061993598938,0.6220170338948567,0.9971734285354614,0.3628648281097412,0.7607870737711588,0.9651619791984558,0.3349707841873169,0.8518331527709961,0.9832924008369446
squat,0.4590323448181152,0.15911490122477215,0.9799153804779053,0.4686133861541748,0.14015636444091797,0.5773873925209045,0.4444099426269531,0.13955974578857422,0.9920255541801453,0.4483181476593018,0.13640480041503905,0.10112723708152771,0.3977405548095703,0.14482529958089194,0.9890396595001221,0.37957372665405276,0.20632068316141763,0.9547484517097473,0.3753329277038574,0.228240442276001,0.9959471821784973,0.3981919288635254,0.25008630752563477,0.6521194577217102,0.49628124237060545,0.2990814844767253,0.9912646412849426,0.4832487106323242,0.2607174237569173,0.7310415506362915,0.6409713745117187,0.33072690963745116,0.9784572124481201,0.2677397966384888,0.46696497599283854,0.9893580675125122,0.2527120351791382,0.48446448644002277,0.996563732624054,0.4104487419128418,0.5797871271769206,0.9891342520713806,0.4019578456878662,0.6249899546305339,0.9973042011260986,0.3639270544052124,0.765805180867513,0.965482234954834,0.33858773708343504,0.8512261072794597,0.9830260872840881
squat,0.46190810203552246,0.18789933522542318,0.9768105745315552,0.47021193504333497,0.16962159474690755,0.5686883926391602,0.4482297897338867,0.17045491536458332,0.99053555727005,0.4493536949157715,0.16384232838948568,0.10225794464349747,0.403808069229126,0.17522989908854167,0.9867929220199585,0.38229074478149416,0.22821261088053385,0.9460007548332214,0.38030595779418946,0.2508508364359538,0.9947103261947632,0.40717148780822754,0.2757330576578776,0.6274082064628601,0.4866806507110596,0.3202162424723307,0.9885038733482361,0.49154438972473147,0.29422343571980797,0.7091452479362488,0.6180013656616211,0.3488002777099609,0.972855806350708,0.26567845344543456,0.4603948911031087,0.9839766025543213,0.2534454822540283,0.47825635274251305,0.9945465326309204,0.4053670406341553,0.575144894917806,0.9879817366600037,0.4021028518676758,0.6247301737467448,0.9968705773353577,0.3622125625610352,0.7625276565551757,0.9643135666847229,0.3409876346588135,0.8524452845255533,0.9819539785385132
squat,0.4631758213043213,0.21001510620117186,0.9795131087303162,0.474197244644165,0.1909828821818034,0.6142911911010742,0.44852452278137206,0.18996969858805338,0.9906052947044373,0.4579730987548828,0.18653271993001302,0.1264009326696396,0.40439634323120116,0.19408950805664063,0.9859557151794434,0.38840010166168215,0.24993340174357095,0.9572098255157471,0.3820310115814209,0.2731573422749837,0.9959281086921692,0.39878647327423095,0.29207630157470704,0.7051731944084167,0.49576478004455565,0.34692907333374023,0.9917114973068237,0.4690834999084473,0.31553789774576824,0.7832576632499695,0.6234184741973877,0.3855426788330078,0.9812961220741272,0.26950368881225584,0.47755196889241536,0.9873599410057068,0.25369992256164553,0.4944631576538086,0.9957270622253418,0.4161997318267822,0.5783971786499024,0.988791823387146,0.405956506729126,0.6218491872151692,0.9970953464508057,0.3676037073135376,0.7597766240437825,0.9653423428535461,0.3426351547241211,0.8447297414143881,0.9827427864074707
squat,0.463030481338501,0.23349202473958333,0.9792378544807434,0.4728720664978027,0.2149148941040039,0.6326618790626526,0.44708662033081054,0.21439339319864908,0.990836501121521,0.45864205360412597,0.21260951360066732,0.11045627295970917,0.40253410339355467,0.22204869588216145,0.9846940040588379,0.3910912275314331,0.27721462249755857,0.9467213153839111,0.3788154125213623,0.296848201751709,0.9938200116157532,0.3966357231140137,0.31879049936930337,0.6468290090560913,0.48665952682495117,0.36957759857177735,0.9863311052322388,0.4602242946624756,0.33867228825887047,0.7336087226867676,0.6112843513488769,0.4049713452657064,0.9726899862289429,0.26427359580993653,0.4955346743265788,0.9797201752662659,0.24507379531860352,0.5098278363545735,0.9924140572547913,0.4232609272003174,0.5845478693644206,0.9837244749069214,0.4152536869049072,0.6166826883951823,0.995420515537262,0.3651292085647583,0.7767977396647135,0.9566080570220947,0.3462942600250244,0.8420387268066406,0.9773464798927307
squat,0.46338605880737305,0.25492420196533205,0.9776960015296936,0.4737215995788574,0.23661972681681315,0.638873815536499,0.44731969833374025,0.23554115295410155,0.9901458621025085,0.46019506454467773,0.23659480412801107,0.12346021831035614,0.4039484977722168,0.24507662455240886,0.983322262763977,0.3916889429092407,0.30393575032552084,0.9418783783912659,0.381693172454834,0.3211890538533529,0.9924524426460266,0.3972326278686523,0.3512033144632975,0.619978129863739,0.4973719596862793,0.39519856770833334,0.9831152558326721,0.4632709980010986,0.3703756332397461,0.7131866216659546,0.629328441619873,0.4285212834676107,0.966880738735199,0.26070055961608884,0.5187995274861653,0.9727013111114502,0.2425992488861084,0.5322553634643554,0.9891594052314758,0.4253279685974121,0.5954562505086263,0.9764220714569092,0.41826834678649905,0.6264266967773438,0.9930292963981628,0.36319494247436523,0.7822463989257813,0.9409952759742737,0.3451088428497314,0.8476023356119792,0.9680385589599609
squat,0.46422486305236815,0.27184238433837893,0.9814181923866272,0.47334609031677244,0.2540810902913411,0.6750158071517944,0.4473921298980713,0.2531958262125651,0.9914836287498474,0.46288766860961916,0.25573177337646485,0.09400205314159393,0.4030649185180664,0.26334171295166015,0.9821865558624268,0.40012969970703127,0.3259871164957682,0.9418905377388,0.3805079460144043,0.3363806406656901,0.9916163086891174,0.41991777420043946,0.3803471883138021,0.6310997605323792,0.49817681312561035,0.41265252431233723,0.9819908738136292,0.4873170852661133,0.3944778124491374,0.7253564596176147,0.6245409965515136,0.44871514638264975,0.9679582715034485,0.26590049266815186,0.5364144007364909,0.9743679165840149,0.24129233360290528,0.5473552068074544,0.9893288016319275,0.43335566520690916,0.5984688440958659,0.9785335659980774,0.4195733070373535,0.6291227340698242,0.993571400642395,0.3679062366485596,0.7809200922648112,0.9502483606338501,0.33945231437683104,0.8467597325642904,0.9728647470474243
squat,0.4625991344451904,0.2941015561421712,0.9797834157943726,0.47276697158813474,0.27709159851074217,0.6475822329521179,0.44713306427001953,0.27480430603027345,0.9914844632148743,0.45980381965637207,0.27868811289469403,0.10203810036182404,0.403224515914917,0.2825558344523112,0.9844010472297668,0.39114816188812257,0.3480929056803385,0.9425012469291687,0.3805945873260498,0.3525812784830729,0.9919346570968628,0.4124119758605957,0.4079435348510742,0.5984734892845154,0.501185417175293,0.42565568288167316,0.9812065958976746,0.49464902877807615,0.42156747182210286,0.6874820590019226,0.6364529609680176,0.46379890441894533,0.9626817107200623,0.2568882942199707,0.5624481836954752,0.9739331603050232,0.23792142868041993,0.571724001566569,0.9893088340759277,0.42115373611450196,0.6091107686360677,0.9786433577537537,0.4124109745025635,0.6400035858154297,0.9936884045600891,0.3571540355682373,0.781329345703125,0.956616222858429,0.3371162414550781,0.8511157989501953,0.9764466285705566
squat,0.4634225368499756,0.31251586278279625,0.9786909818649292,0.47345881462097167,0.29611409505208336,0.6466441750526428,0.44768357276916504,0.29196987152099607,0.991659939289093,0.46039953231811526,0.2991453806559245,0.09259596467018127,0.40321502685546873,0.2988064448038737,0.9850019812583923,0.3936755895614624,0.3703915596008301,0.9320879578590393,0.37847027778625486,0.3669334093729655,0.9888513684272766,0.4253829002380371,0.43081525166829426,0.5228260159492493,0.49997897148132325,0.43909002939860026,0.9711238741874695,0.5266730785369873,0.4365194320678711,0.5954195857048035,0.6360629081726075,0.46436681747436526,0.9415855407714844,0.25484457015991213,0.5846144994099934,0.9552589058876038,0.23355159759521485,0.5894330342610677,0.9799384474754333,0.42702560424804686,0.6241472880045573,0.9602338671684265,0.4161494731903076,0.6402458190917969,0.9875519275665283,0.3541272163391113,0.7917207082112631,0.9283009171485901,0.3370108127593994,0.8384396870930989,0.9598245024681091
squat,0.4624149799346924,0.3273657480875651,0.9775306582450867,0.4707944869995117,0.31134910583496095,0.6372076869010925,0.4464674472808838,0.30653883616129557,0.9913027286529541,0.4580416679382324,0.31346902847290037,0.07174406200647354,0.4015552520751953,0.3117321014404297,0.9837895035743713,0.3959965229034424,0.3849640846252441,0.922433078289032,0.3748148441314697,0.37705596288045246,0.9864377975463867,0.4300119876861572,0.44094069798787433,0.48370978236198425,0.48262877464294435,0.4473849296569824,0.9636010527610779,0.5292845249176026,0.44327373504638673,0.551287829875946,0.6050982475280762,0.4712885538736979,0.9322632551193237,0.2588702917098999,0.5994834264119466,0.9500139355659485,0.2356013298034668,0.6010403951009115,0.9770533442497253,0.43235230445861816,0.6308998743693034,0.9598248600959778,0.422892427444458,0.6361903508504232,0.9873585104942322,0.3480016469955444,0.8029648462931315,0.9363281726837158,0.33774027824401853,0.8315593083699544,0.9648048877716064
squat,0.45928072929382324,0.34313786824544273,0.9874372482299805,0.46778392791748047,0.32776610056559247,0.7465125918388367,0.44371962547302246,0.3236198425292969,0.992860734462738,0.46155686378479005,0.33085606892903646,0.08562418073415756,0.40090527534484866,0.3279287338256836,0.9821903705596924,0.4152172088623047,0.4011023203531901,0.9634546637535095,0.3709306001663208,0.39869683583577475,0.9926630258560181,0.4979261875152588,0.44594446818033856,0.7393384575843811,0.5027212142944336,0.47598743438720703,0.9848605394363403,0.6194796085357666,0.4668440818786621,0.7994707226753235,0.6342283248901367,0.510084311167399,0.9742911458015442,0.26654806137084963,0.5943222681681315,0.9696252346038818,0.22955598831176757,0.5986497243245442,0.9850031733512878,0.43571743965148924,0.61793212890625,0.9686979055404663,0.41521239280700684,0.6361852010091146,0.9902887344360352,0.354523754119873,0.7970424652099609,0.926598846912384,0.333267068862915,0.8456668853759766,0.9594284296035767
squat,0.4565157890319824,0.3531272252400716,0.9865891933441162,0.465836238861084,0.337942377726237,0.7442421913146973,0.44145684242248534,0.3323474884033203,0.9925606846809387,0.45882477760314944,0.3408044815063477,0.09414170682430267,0.39954774379730223,0.3349384943644206,0.9819207787513733,0.40688443183898926,0.4112455685933431,0.958311140537262,0.37015111446380616,0.40391696294148766,0.9917077422142029,0.4754551887512207,0.4537358601888021,0.7023109197616577,0.4968118667602539,0.4766106923421224,0.9814808368682861,0.5896064758300781,0.4706610361735026,0.7711392045021057,0.6195428848266602,0.5142615000406902,0.9691248536109924,0.2576836109161377,0.6072024027506511,0.9601522088050842,0.22623028755187988,0.60809752146403,0.9803925156593323,0.4253504753112793,0.6206979115804037,0.9628521800041199,0.4119439125061035,0.6277608871459961,0.9881572127342224,0.3437054634094238,0.8060472488403321,0.9229366183280945,0.33504552841186525,0.8403644561767578,0.9571409225463867
squat,0.4551257610321045,0.349267578125,0.9858522415161133,0.4640179634094238,0.3347542444864909,0.7232292890548706,0.44083571434020996,0.3287734349568685,0.9925395846366882,0.4544175148010254,0.3386432647705078,0.08734671771526337,0.39795217514038084,0.3317043940226237,0.9830478429794312,0.40043206214904786,0.40977357228597006,0.9572576880455017,0.36868648529052733,0.4019879659016927,0.9913262724876404,0.4720007419586182,0.45422108968098956,0.6930442452430725,0.4970870018005371,0.47285963694254557,0.980740487575531,0.5905473709106446,0.4694835662841797,0.7630711793899536,0.6243361473083496,0.5095508257548015,0.9677575826644897,0.25768160820007324,0.6051889419555664,0.9599380493164062,0.2287970542907715,0.6075860341389974,0.9801843762397766,0.42793617248535154,0.6175319035847981,0.9627953767776489,0.4129024028778076,0.6317285537719727,0.9880712032318115,0.34941740036010743,0.7939128239949544,0.9244093298912048,0.3349489450454712,0.8395914713541667,0.957423746585846
squat,0.45603313446044924,0.33451830546061195,0.977047324180603,0.46468219757080076,0.3187268575032552,0.6328063011169434,0.44072933197021485,0.3149764060974121,0.9898645281791687,0.45409693717956545,0.32214167912801106,0.0664113312959671,0.3974095106124878,0.3202975591023763,0.9794352054595947,0.396230411529541,0.3939849853515625,0.9218522906303406,0.3701129913330078,0.38416703542073566,0.9839810729026794,0.4579320907592773,0.45767656962076825,0.5327296257019043,0.4805347442626953,0.4577460289001465,0.9638239741325378,0.5786282062530518,0.4650697390238444,0.6176613569259644,0.6053833961486816,0.48191674550374347,0.9400323629379272,0.25730760097503663,0.5982000350952148,0.9355546832084656,0.23132843971252443,0.6018155415852865,0.9680038094520569,0.42570018768310547,0.6145150502522786,0.939869225025177,0.4147017478942871,0.6364357630411784,0.9802011847496033,0.35010581016540526,0.7871061960856119,0.8932119607925415,0.33466434478759766,0.8416083653767904,0.9377095699310303
squat,0.45351448059082033,0.29697456359863283,0.9672707319259644,0.4606647968292236,0.2798921267191569,0.5317188501358032,0.4387336254119873,0.27930383682250975,0.9881356954574585,0.44109625816345216,0.280806032816569,0.10061344504356384,0.3964302778244019,0.29035765329996743,0.9858320951461792,0.3729248046875,0.3527416229248047,0.9268811345100403,0.3779197454452515,0.3598863919576009,0.9883977770805359,0.39808073043823244,0.4248152414957682,0.4790459871292114,0.4968554019927979,0.4419247627258301,0.9687410593032837,0.4940498828887939,0.44736604690551757,0.5648066997528076,0.6300036430358886,0.4844723065694173,0.9362735152244568,0.2412506103515625,0.5522402445475261,0.9578824639320374,0.23361968994140625,0.561207135518392,0.9821111559867859,0.41196551322937014,0.603398323059082,0.9725297689437866,0.4128091812133789,0.6268758138020833,0.9916127920150757,0.3511646747589111,0.7850560506184896,0.9521390795707703,0.3356566667556763,0.8393437067667643,0.9737000465393066
squat,0.4447948932647705,0.24277763366699218,0.9696253538131714,0.4549094676971436,0.23071409861246744,0.720681369304657,0.43144545555114744,0.22887309392293295,0.9784073233604431,0.4492661476135254,0.2462275822957357,0.2119758427143097,0.4010463237762451,0.24855874379475912,0.9540473222732544,0.40007243156433103,0.32807629903157554,0.9570281505584717,0.37429983615875245,0.32040160497029624,0.9803613424301147,0.46140375137329104,0.38849563598632814,0.7264652848243713,0.4594560623168945,0.3845728556315104,0.9471367001533508,0.5764201164245606,0.40584246317545575,0.7496389746665955,0.5680223941802979,0.41210142771402997,0.9165129065513611,0.25916733741760256,0.5049362818400065,0.9749006628990173,0.23567576408386232,0.5096316973368327,0.9819325804710388,0.4190196990966797,0.5850885391235352,0.9810622334480286,0.4088412284851074,0.6138281504313151,0.9911056160926819,0.3635364532470703,0.7684141794840494,0.9526396989822388,0.3402369260787964,0.8335997263590494,0.9666774272918701
squat,0.44105005264282227,0.1866509755452474,0.9337180852890015,0.45006504058837893,0.17120847702026368,0.525372326374054,0.42789306640625,0.1701086680094401,0.957420825958252,0.43751230239868166,0.17832272847493488,0.18632401525974274,0.3974237680435181,0.18421084086100262,0.957073986530304,0.38471686840057373,0.2595289389292399,0.9541305303573608,0.37032864093780515,0.2694012959798177,0.9796860814094543,0.4628286838531494,0.31306610107421873,0.6882234215736389,0.47965192794799805,0.3465821584065755,0.9415748715400696,0.6129240989685059,0.342579714457194,0.673481285572052,0.5995036125183105,0.3661032676696777,0.8823819756507874,0.23726792335510255,0.4806845982869466,0.9852818846702576,0.2216337203979492,0.4940086682637533,0.9886854887008667,0.4118830680847168,0.5737570444742839,0.9885944128036499,0.4075209140777588,0.6150595347086588,0.994655966758728,0.3516093254089355,0.7673006693522135,0.9702531695365906,0.3327959060668945,0.8487659454345703,0.9787147045135498
squat,0.434111213684082,0.1125070571899414,0.9349143505096436,0.4446221351623535,0.0962439219156901,0.8613516092300415,0.41864800453186035,0.09693571726481119,0.9156966209411621,0.44813928604125974,0.11089817682902019,0.426485151052475,0.3918006420135498,0.11955610911051433,0.6948336362838745,0.4124021053314209,0.21342792510986328,0.9519102573394775,0.3575939178466797,0.20830368995666504,0.8001528978347778,0.4404593467712402,0.29479255676269533,0.7614691853523254,0.3605353832244873,0.27924957275390627,0.34494224190711975,0.48642816543579104,0.27057361602783203,0.6643104553222656,0.3979895353317261,0.25196725527445474,0.3412254750728607,0.2782021760940552,0.4380544662475586,0.9806104898452759,0.2425387382507324,0.4430072784423828,0.9482510685920715,0.40640983581542967,0.563771375020345,0.9909358620643616,0.3961203098297119,0.5947546641031901,0.9831169843673706,0.3521430969238281,0.7786248524983724,0.9806963801383972,0.33533272743225095,0.8364565531412761,0.9680478572845459
squat,0.43146848678588867,0.07649046579996745,0.7996612191200256,0.4373929023742676,0.05857779184977214,0.39448976516723633,0.42303953170776365,0.05993849436442057,0.8231115341186523,0.4204583168029785,0.05831139882405599,0.2215193510055542,0.405277681350708,0.0682813008626302,0.8478233218193054,0.37103896141052245,0.14554036458333333,0.9097177386283875,0.3836039066314697,0.15883541107177734,0.9222221970558167,0.4076420783996582,0.21161429087320963,0.6162851452827454,0.43187785148620605,0.22847808202107747,0.7631663680076599,0.47100558280944826,0.16318012873331705,0.5170490741729736,0.47385368347167967,0.1586657206217448,0.6254663467407227,0.25742239952087403,0.4003972053527832,0.9862679243087769,0.260132884979248,0.4150238990783691,0.9858189821243286,0.392910099029541,0.5646202723185222,0.9950592517852783,0.39357733726501465,0.6199827829996745,0.9964052438735962,0.3645421743392944,0.7404914855957031,0.9891377091407776,0.33345937728881836,0.8389744440714518,0.9898293614387512
squat,0.42831172943115237,0.0037894884745279947,0.6289187073707581,0.4359868049621582,0.0,0.18039469420909882,0.4190508842468262,0.0,0.6145195364952087,0.418578577041626,0.004195022583007813,0.13950662314891815,0.39438953399658205,0.007698376973470052,0.7028223276138306,0.38009371757507326,0.1028657595316569,0.8984459042549133,0.3741692304611206,0.10783745447794596,0.8415215015411377,0.4743027687072754,0.15805419286092123,0.6907550096511841,0.47946600914001464,0.17805867195129393,0.7337772846221924,0.6223545074462891,0.1531961758931478,0.6559830904006958,0.6139965057373047,0.1823992411295573,0.6467326879501343,0.2705552101135254,0.37042942047119143,0.9868887662887573,0.2608941555023193,0.3813086191813151,0.982591986656189,0.372785758972168,0.5726399739583333,0.9899024963378906,0.3749959468841553,0.6207234064737955,0.9909024834632874,0.3455817222595215,0.7715321222941081,0.9586310982704163,0.3199885606765747,0.8586290359497071,0.9546378254890442
squat,0.4081544876098633,0.022472254435221353,0.06699348986148834,0.4120215892791748,0.008808199564615886,0.005081579554826021,0.41032657623291013,0.007754707336425781,0.0693153664469719,0.3990861654281616,0.00010064442952473958,0.016169363632798195,0.4091827869415283,0.0,0.3539991080760956,0.3789628744125366,0.06391172409057617,0.44493845105171204,0.38605289459228515,0.05367425282796224,0.8563478589057922,0.4557474136352539,0.13628276189168295,0.39578500390052795,0.4843461513519287,0.10336570739746094,0.953846275806427,0.5819353580474853,0.170388126373291,0.4724203646183014,0.6096335887908936,0.1412578582763672,0.8963718414306641,0.293369722366333,0.3441813786824544,0.9861719012260437,0.29039411544799804,0.3485156377156576,0.9948645234107971,0.3749783754348755,0.575354258219401,0.9887790679931641,0.362222695350647,0.6130348205566406,0.9970743656158447,0.37120771408081055,0.7549765268961589,0.9511452317237854,0.32581214904785155,0.8391350428263347,0.9772309064865112
squat,0.4419032096862793,0.027028338114420573,0.006033725570887327,0.44055609703063964,0.0164340337117513,0.0002747979306150228,0.4499229907989502,0.012317848205566407,0.006178213749080896,0.408186674118042,0.0,0.0026804707013070583,0.44260635375976565,0.0,0.12387677282094955,0.37510840892791747,0.01676514943440755,0.19743531942367554,0.4019514560699463,0.010056368509928386,0.7172332406044006,0.41937670707702634,0.10407015482584635,0.3950330317020416,0.4719250202178955,0.07464234034220378,0.9618942737579346,0.5325667381286621,0.13611186345418294,0.5358504056930542,0.5868216514587402,0.10144710540771484,0.9232415556907654,0.30401837825775146,0.3016613642374674,0.988275408744812,0.3141200542449951,0.306976318359375,0.9959834814071655,0.3636662006378174,0.5634242375691731,0.9907048344612122,0.358664870262146,0.5978496551513672,0.9974049925804138,0.3672540903091431,0.7559428532918294,0.9474916458129883,0.32988734245300294,0.8344642639160156,0.9739433526992798
squat,0.4488081932067871,0.02353515625,0.0002511015336494893,0.4440010070800781,0.013870302836100261,1.1754416846088134e-05,0.4527550220489502,0.011390240987141927,0.0001889699778985232,0.4118617057800293,0.0,0.0001928527926793322,0.43148250579833985,0.0,0.007718708831816912,0.40235118865966796,0.0,0.039280302822589874,0.36882331371307375,0.0,0.17267249524593353,0.4601041316986084,0.05468406677246094,0.39690473675727844,0.42385005950927734,0.032395426432291666,0.8969886898994446,0.5896816730499268,0.08884414037068684,0.6320351362228394,0.5805678844451905,0.07189172108968099,0.8959118127822876,0.34905595779418946,0.3075274467468262,0.9910388588905334,0.32220704555511476,0.31435410181681317,0.9955163598060608,0.3582216501235962,0.5632404327392578,0.9883302450180054,0.3521419048309326,0.596343994140625,0.9949687123298645,0.3429473876953125,0.7970191955566406,0.9179943799972534,0.3292097568511963,0.8595781962076823,0.9446998834609985
squat,0.4383566379547119,0.01690085728963216,0.0004221584240440279,0.4335991859436035,0.00795434315999349,1.9257078747614287e-05,0.44180641174316404,0.004939142862955729,0.0003168245020788163,0.4007115364074707,0.0,0.0002358680503675714,0.41835837364196776,0.0,0.010771379806101322,0.39508657455444335,0.0,0.052834562957286835,0.36084184646606443,0.0,0.23568306863307953,0.4645372867584229,0.04899123509724935,0.43128708004951477,0.42430386543273924,0.03076658248901367,0.9171753525733948,0.5907196521759033,0.08343922297159831,0.646355390548706,0.5756816387176513,0.0690167744954427,0.9097936749458313,0.35942854881286623,0.30624882380167645,0.9923742413520813,0.33177895545959474,0.3143676439921061,0.9963985681533813,0.3552771806716919,0.5536266962687174,0.9891904592514038,0.342122220993042,0.5930342356363932,0.9955217838287354,0.34471435546875,0.7742577870686849,0.9233359694480896,0.322546648979187,0.8460333506266277,0.9495294094085693
squat,0.42331361770629883,0.027727508544921876,0.0002314274461241439,0.4161792278289795,0.017934163411458332,1.132766374212224e-05,0.4276759624481201,0.017938868204752604,0.00017828319687396288,0.38247644901275635,0.0,0.00017129757907241583,0.408502197265625,0.0,0.00687184976413846,0.38204619884490965,0.0,0.029790356755256653,0.3585231065750122,0.0,0.14487075805664062,0.4564488887786865,0.03485244115193685,0.32988476753234863,0.4233964443206787,0.029512500762939452,0.8819122314453125,0.5845794200897216,0.07048320770263672,0.5644187331199646,0.5694001197814942,0.06697584788004557,0.8817033171653748,0.3534786939620972,0.30535682042439777,0.9899016618728638,0.33245370388031004,0.3166619618733724,0.995315670967102,0.35306587219238283,0.5515735626220704,0.9888647794723511,0.3453137159347534,0.5938733418782552,0.9955143332481384,0.3529611825942993,0.785010019938151,0.9322807192802429,0.32673144340515137,0.8566546122233073,0.9565659761428833
squat,0.4193974494934082,0.022017478942871094,0.00038124684942886233,0.4112720012664795,0.011941464742024739,2.180665615014732e-05,0.4218579292297363,0.012089157104492187,0.00024608051171526313,0.37852001190185547,0.0,0.0002682548656594008,0.4026949882507324,0.0,0.007873748429119587,0.3822684049606323,0.003942426045735677,0.052495937794446945,0.360338020324707,7.28607177734375e-05,0.15433381497859955,0.4668168067932129,0.04725948969523112,0.42529478669166565,0.437164306640625,0.02826385498046875,0.8542634844779968,0.5891643047332764,0.05599683125813802,0.6169905066490173,0.5768993377685547,0.042632643381754556,0.8550820350646973,0.35175337791442873,0.3134473164876302,0.9908263087272644,0.3327402830123901,0.3203124046325684,0.9945728182792664,0.3427437782287598,0.5677370071411133,0.9890686869621277,0.3469391822814941,0.600744883219401,0.9944590330123901,0.33841493129730227,0.8011970520019531,0.9272670745849609,0.32503857612609866,0.8568747202555339,0.9466500878334045
squat,0.44938125610351565,0.023074913024902343,0.0001877292088465765,0.44422359466552735,0.013475926717122395,1.0660163752618246e-05,0.4519052028656006,0.012411117553710938,0.00012793888163287193,0.4142271041870117,0.0,0.00014159444253891706,0.4279571533203125,0.0,0.004350848961621523,0.40912294387817383,0.0,0.030367819592356682,0.36847662925720215,0.0,0.09081168472766876,0.47918024063110354,0.03160168329874675,0.39410698413848877,0.4284193992614746,0.018787129720052084,0.8186959028244019,0.6074446201324463,0.045905749003092446,0.6113123297691345,0.5743636608123779,0.04140599568684896,0.8370088338851929,0.3615518569946289,0.306067689259847,0.9909868836402893,0.3295303821563721,0.31530418395996096,0.9943044781684875,0.35757949352264407,0.5603809992472331,0.9904592037200928,0.3479553937911987,0.6034638086954752,0.9948705434799194,0.34865512847900393,0.7903560638427735,0.9400063157081604,0.32978894710540774,0.8655295054117839,0.953386664390564
squat,0.44546661376953123,0.014277140299479166,0.0005216141580604017,0.44473042488098147,0.00523227055867513,3.4023421903839335e-05,0.45305423736572265,0.0026426315307617188,0.0003353194333612919,0.4243917465209961,0.0,0.0005749757401645184,0.4466845035552979,0.0,0.009317171759903431,0.41155133247375486,0.0,0.06369835138320923,0.3922845125198364,0.0,0.20981691777706146,0.4779308319091797,0.03691641489664713,0.4042506217956543,0.4650606632232666,0.04189360936482747,0.8736985921859741,0.5979632377624512,0.04682579040527344,0.5671566128730774,0.5974421977996827,0.06325559616088867,0.8387040495872498,0.3293619155883789,0.3020121256510417,0.9910276532173157,0.3096994161605835,0.3100307464599609,0.9950106143951416,0.3635370969772339,0.5582377115885416,0.992804229259491,0.3547309637069702,0.6013825734456381,0.99689781665802,0.35484514236450193,0.7631385167439778,0.9584855437278748,0.3340631008148193,0.8516294479370117,0.9724536538124084
squat,0.43694586753845216,0.04453821182250976,0.014023452065885067,0.44353203773498534,0.032305240631103516,0.002275453880429268,0.4397125720977783,0.030690352121988933,0.007054239511489868,0.4456782817840576,0.024042924245198567,0.011520403437316418,0.441717529296875,0.01881580352783203,0.043398767709732056,0.42570085525512696,0.06922136942545573,0.307502806186676,0.4115737438201904,0.05915555953979492,0.3904726505279541,0.4897599220275879,0.12390979131062825,0.5294761657714844,0.5008350849151612,0.09819342295328776,0.7563669681549072,0.5762384414672852,0.13771931330362955,0.5824378728866577,0.5966476440429688,0.10113684336344402,0.6854746341705322,0.3121512413024902,0.3221787134806315,0.9854335784912109,0.29460787773132324,0.3242168108622233,0.9870210289955139,0.37377257347106935,0.5818871815999349,0.9900714159011841,0.35556166172027587,0.6244342803955079,0.9936791062355042,0.36653263568878175,0.7599162419637044,0.9505801200866699,0.32770609855651855,0.8517187118530274,0.9591190814971924
squat,0.42246246337890625,0.00941934585571289,0.5447010397911072,0.43081021308898926,0.0,0.13357970118522644,0.41553163528442383,0.0,0.5245449542999268,0.42148408889770506,0.0,0.10229231417179108,0.39835419654846194,0.0015869776407877604,0.6159147024154663,0.3872383117675781,0.0925749142964681,0.8028766512870789,0.37867605686187744,0.08855514526367188,0.8789738416671753,0.44288949966430663,0.185697873433431,0.5979335308074951,0.4656214714050293,0.14626181920369466,0.8661261200904846,0.5426258087158203,0.20878934860229492,0.5969832539558411,0.5769049644470214,0.1420930544535319,0.7737878561019897,0.29672532081604003,0.37095896402994794,0.9823752045631409,0.2825371265411377,0.37980426152547203,0.9864331483840942,0.3899101734161377,0.5779144922892253,0.9853512048721313,0.36824350357055663,0.6287533442179362,0.9917279481887817,0.3757488489151001,0.7478310902913411,0.9432704448699951,0.32049729824066164,0.8407741546630859,0.9562035202980042
squat,0.4329215526580811,0.07669108708699544,0.32948994636535645,0.43645391464233396,0.062349955240885414,0.10087408125400543,0.42464303970336914,0.06230363845825195,0.26985135674476624,0.4231245994567871,0.07024780909220378,0.1101418063044548,0.4091841697692871,0.07572377522786458,0.542914092540741,0.38804125785827637,0.14900530179341634,0.876527726650238,0.382167649269104,0.16602079073588052,0.7824016213417053,0.45298128128051757,0.21110084851582844,0.7417975068092346,0.46744513511657715,0.24232076009114584,0.6443905830383301,0.5093747615814209,0.20527610778808594,0.6474258303642273,0.5215228080749512,0.1922315756479899,0.5501052737236023,0.26158390045166013,0.40990314483642576,0.9898043870925903,0.2530878305435181,0.42663876215616864,0.9823399782180786,0.4064182281494141,0.5576553344726562,0.9927855730056763,0.4016554832458496,0.6162141799926758,0.992017388343811,0.3556939125061035,0.753274408976237,0.9767856597900391,0.33751237392425537,0.8531955718994141,0.9717830419540405
squat,0.46007308959960935,0.1449459711710612,0.9060723185539246,0.4674826622009277,0.13256511688232422,0.38122284412384033,0.4499806880950928,0.1316436767578125,0.9253230690956116,0.4494898796081543,0.1437870661417643,0.12142585217952728,0.4155487060546875,0.14890610376993815,0.9259310960769653,0.3994816541671753,0.21770745913187664,0.9633575081825256,0.37591938972473143,0.23219672838846842,0.9758751392364502,0.4794285297393799,0.26799071629842125,0.8241671919822693,0.4720772743225098,0.3085103352864583,0.9487560987472534,0.5975011825561524,0.31323420206705727,0.8175176978111267,0.5918774604797363,0.3323011080423991,0.912101149559021,0.25267820358276366,0.4291378974914551,0.9938327074050903,0.23074898719787598,0.4432880401611328,0.9944181442260742,0.4047212600708008,0.5742472966512044,0.994641900062561,0.3947141647338867,0.6222570419311524,0.9968008995056152,0.36136999130249026,0.756631596883138,0.9795594215393066,0.33625011444091796,0.8435396830240885,0.9825416803359985
squat,0.4795684814453125,0.2120684305826823,0.9427458047866821,0.484070873260498,0.20134153366088867,0.4526383578777313,0.46846723556518555,0.19972674051920572,0.9570154547691345,0.46531038284301757,0.21538632710774738,0.07494522631168365,0.4271368980407715,0.21840683619181314,0.9489841461181641,0.41696715354919434,0.2889568328857422,0.9655870795249939,0.3846169710159302,0.29555336634318036,0.9765617847442627,0.5102072715759277,0.3365809758504232,0.8315213918685913,0.49269909858703614,0.36677672068277994,0.9494414925575256,0.6205448150634766,0.3826197942097982,0.8407770991325378,0.6138191223144531,0.40260931650797527,0.925280749797821,0.258758544921875,0.4668345133463542,0.9879563450813293,0.23059444427490233,0.4761009852091471,0.9885745644569397,0.4116507053375244,0.5833922068277995,0.9897393584251404,0.40171198844909667,0.6235591252644856,0.9935842156410217,0.35864648818969724,0.7608790079752604,0.9633669257164001,0.3335870742797852,0.8339447021484375,0.9675224423408508
squat,0.46619153022766113,0.2826298395792643,0.9585858583450317,0.4738603591918945,0.2702399571736654,0.6896906495094299,0.4528809070587158,0.2678079605102539,0.9695960879325867,0.46848349571228026,0.28061300913492837,0.1698942482471466,0.42139878273010256,0.28174819946289065,0.9393003582954407,0.4296871185302734,0.3574195861816406,0.9522028565406799,0.38915600776672366,0.3520430246988932,0.9679638743400574,0.5065691947937012,0.4204637845357259,0.6999572515487671,0.48706765174865724,0.4332198778788249,0.905749499797821,0.616697120666504,0.44843282699584963,0.6926716566085815,0.6053383827209473,0.46205759048461914,0.8548456430435181,0.2740459442138672,0.5322018305460612,0.9728931784629822,0.2419374942779541,0.5339820861816407,0.9754649996757507,0.42588253021240235,0.6145607630411783,0.9798905849456787,0.4136980056762695,0.632296371459961,0.9885079264640808,0.351899528503418,0.7919417063395182,0.9556668996810913,0.33327176570892336,0.8364642461140951,0.9646804928779602
squat,0.4651974678039551,0.33892733256022134,0.9360824227333069,0.47131972312927245,0.32621587117513023,0.5421016216278076,0.4571672439575195,0.3222658157348633,0.9670354723930359,0.4485424041748047,0.3267566680908203,0.2419954091310501,0.4311078071594238,0.32760712305704753,0.9696605205535889,0.39129712581634524,0.3932456970214844,0.933076024055481,0.40822625160217285,0.3940337498982747,0.9774197340011597,0.4559321880340576,0.46372598012288413,0.5367329120635986,0.4990107536315918,0.47320887247721355,0.9273142218589783,0.6012426376342773,0.5181895891825358,0.5479535460472107,0.6088265895843505,0.5140912691752116,0.8494665026664734,0.2567447185516357,0.5545380274454753,0.9361225366592407,0.2625635862350464,0.5601272583007812,0.9593786001205444,0.41859121322631837,0.6226517995198567,0.9578972458839417,0.4213846683502197,0.6436858495076497,0.9818546772003174,0.35532968044281005,0.7861369450887045,0.9300369620323181,0.33755970001220703,0.8371587117513021,0.9530460834503174
squat,0.47114038467407227,0.3744728724161784,0.9619024395942688,0.47785582542419436,0.35846195220947263,0.5200650095939636,0.4570565700531006,0.3521080017089844,0.988804042339325,0.4579524040222168,0.35686092376708983,0.0659884437918663,0.4126577854156494,0.35145708719889324,0.9894689321517944,0.3951284170150757,0.42259804407755536,0.898232638835907,0.3852519989013672,0.4213011423746745,0.9848467111587524,0.46043710708618163,0.4863918622334798,0.32568809390068054,0.5018364906311035,0.5193435668945312,0.9465489387512207,0.614478874206543,0.5152427673339843,0.35114845633506775,0.6191703319549561,0.5499668121337891,0.8781488537788391,0.2544344425201416,0.6244956970214843,0.8946728110313416,0.24063720703125,0.6275981903076172,0.9497399926185608,0.42851896286010743,0.635835075378418,0.9102982878684998,0.4208876132965088,0.6383136749267578,0.9724908471107483,0.3315330982208252,0.8085070292154948,0.8774654269218445,0.3255525350570679,0.829403813680013,0.9335007071495056
squat,0.46751980781555175,0.4081857363382975,0.9688127040863037,0.4755667209625244,0.3947443008422852,0.5512856245040894,0.4566643714904785,0.3854205131530762,0.9870414733886719,0.45780162811279296,0.3895624796549479,0.07205938547849655,0.41438703536987304,0.37732295989990233,0.9812430739402771,0.39789695739746095,0.44553279876708984,0.9203137159347534,0.3796805143356323,0.4436478614807129,0.9837580323219299,0.46350536346435545,0.49364884694417316,0.503424346446991,0.49773554801940917,0.5450813929239909,0.9597576260566711,0.5984402656555176,0.5294165929158529,0.5805993676185608,0.6264692783355713,0.6073975245157878,0.928413450717926,0.25565299987792967,0.6490557352701823,0.8966181874275208,0.23680572509765624,0.650545883178711,0.9461858868598938,0.42437944412231443,0.6444144566853841,0.9012438058853149,0.4159358024597168,0.6462704976399739,0.9652689695358276,0.32597980499267576,0.8139842987060547,0.8486253619194031,0.330522346496582,0.8407344182332357,0.9080423712730408
squat,0.46476359367370607,0.4230398178100586,0.9867256879806519,0.4742777347564697,0.40991560618082684,0.7237923741340637,0.4515109062194824,0.3978460947672526,0.9929171800613403,0.4647535800933838,0.4080808957417806,0.06356219947338104,0.40486621856689453,0.3878994623819987,0.9829960465431213,0.4121386528015137,0.4618988355000814,0.957480788230896,0.36863677501678466,0.456339168548584,0.9904740452766418,0.48744854927062986,0.48572521209716796,0.6884286999702454,0.5067131042480468,0.5499837239583333,0.9768465161323547,0.599555492401123,0.51231263478597,0.7467277646064758,0.6225449085235596,0.6031635920206706,0.9629644751548767,0.2638118267059326,0.6806847890218098,0.9453726410865784,0.22814815044403075,0.677572504679362,0.9703547358512878,0.4347387790679932,0.6450698216756184,0.9429736733436584,0.41254558563232424,0.6294810612996419,0.9799536466598511,0.32533969879150393,0.8282334645589192,0.9082966446876526,0.33255562782287595,0.8294800440470378,0.9461697936058044
squat,0.46264262199401857,0.4109297752380371,0.9814832806587219,0.47038683891296384,0.39732577006022135,0.6710106134414673,0.4481614112854004,0.38771209716796873,0.9907219409942627,0.460797119140625,0.3976807912190755,0.05419367179274559,0.4019437313079834,0.3831789016723633,0.9790329337120056,0.40996432304382324,0.45531431833902997,0.9400413036346436,0.37206952571868895,0.449009641011556,0.9852554798126221,0.4918083190917969,0.4806028683980306,0.6137219667434692,0.4986379146575928,0.5327194531758627,0.9672006964683533,0.6126910209655761,0.5084786097208659,0.687919557094574,0.6344668865203857,0.5848361333211263,0.9506839513778687,0.26850905418396,0.6747781117757161,0.9266053438186646,0.23595705032348632,0.6736693064371745,0.9583835005760193,0.43146319389343263,0.6474054336547852,0.8938558101654053,0.41861882209777834,0.6438351949055989,0.9604224562644958,0.309846019744873,0.8172660191853841,0.822218120098114,0.31984949111938477,0.8286022186279297,0.8880612850189209
squat,0.46020798683166503,0.36821219126383464,0.9250398278236389,0.4627205848693848,0.35072021484375,0.4750871956348419,0.44332590103149416,0.3493906656901042,0.9660075902938843,0.4473549842834473,0.3500975608825684,0.06414058059453964,0.40284028053283694,0.3568895657857259,0.9648845791816711,0.4030477046966553,0.42261314392089844,0.8784082531929016,0.3772119998931885,0.42890625,0.9426449537277222,0.47296743392944335,0.46763134002685547,0.38074442744255066,0.49152393341064454,0.5104297955830892,0.8164657950401306,0.6074949264526367,0.47941773732503257,0.38449060916900635,0.5934618949890137,0.5096743265787761,0.7330623269081116,0.2541059970855713,0.6218419392903646,0.858093798160553,0.23284754753112794,0.6253852208455404,0.8835766911506653,0.42658467292785646,0.6405567169189453,0.8939127922058105,0.42302722930908204,0.6331869761149088,0.944606602191925,0.33088419437408445,0.8160039901733398,0.8599274158477783,0.3264458179473877,0.8103363037109375,0.8964353203773499
squat,0.4628488540649414,0.29830748240152993,0.9462457895278931,0.46480960845947267,0.28625157674153645,0.5593110918998718,0.44916162490844724,0.2833157857259115,0.9707104563713074,0.4468134880065918,0.2982765197753906,0.09115053713321686,0.4089497566223145,0.29876461029052737,0.9700047373771667,0.40764718055725097,0.37663561503092446,0.9441380500793457,0.38229894638061523,0.37739359537760414,0.9759920835494995,0.491103982925415,0.43001635869344074,0.6015113592147827,0.4815194129943848,0.45376447041829426,0.9123693108558655,0.6068286895751953,0.44572696685791013,0.5810614824295044,0.5799967765808105,0.458449649810791,0.8514537811279297,0.2848257780075073,0.5435175577799479,0.9693124294281006,0.2639050006866455,0.5477497100830078,0.9761644005775452,0.42072172164916993,0.6203659057617188,0.9791188836097717,0.41188912391662597,0.6358835220336914,0.9892793297767639,0.3433999538421631,0.7921236038208008,0.9579171538352966,0.32603332996368406,0.8239028294881184,0.9689832329750061
squat,0.4391124725341797,0.23247063954671224,0.10507696866989136,0.4441575050354004,0.21844517389933268,0.012959171086549759,0.43429226875305177,0.21920789082845052,0.05618299916386604,0.4441368103027344,0.22218408584594726,0.02877550944685936,0.42278056144714354,0.23267844518025715,0.16377218067646027,0.40390663146972655,0.29552392959594725,0.8018746376037598,0.37856810092926024,0.2963850021362305,0.7775987982749939,0.4224522590637207,0.362972895304362,0.8796929717063904,0.42334575653076173,0.37229493459065754,0.9131357073783875,0.5224827766418457,0.3891297340393066,0.9173797965049744,0.5265743255615234,0.39374281565348307,0.9243800044059753,0.25016260147094727,0.478974437713623,0.9903311729431152,0.2290198564529419,0.4865910847981771,0.9876828789710999,0.4168532371520996,0.5882495244344076,0.9905499815940857,0.4128316879272461,0.612790044148763,0.9921757578849792,0.3571187973022461,0.7794253667195638,0.9544697999954224,0.3385465145111084,0.8341367721557618,0.9552188515663147
squat,0.44255809783935546,0.16435133616129557,0.9099859595298767,0.4496408462524414,0.152871576944987,0.49098485708236694,0.432007884979248,0.15083818435668944,0.9203270673751831,0.4314314842224121,0.16799074808756512,0.1876523643732071,0.3993650436401367,0.17086060841878256,0.9035375714302063,0.38067922592163084,0.24959743817647298,0.965060293674469,0.3662194967269897,0.25239237149556476,0.946834921836853,0.4569994926452637,0.294442621866862,0.8066608309745789,0.45970888137817384,0.3112288157145182,0.8471851348876953,0.5772063255310058,0.32767073313395184,0.7777973413467407,0.5782996654510498,0.3409067153930664,0.7893028259277344,0.24107508659362792,0.45608383814493814,0.9892975091934204,0.2268603801727295,0.4648548126220703,0.9855964183807373,0.39360368251800537,0.5864237467447917,0.9924356341362,0.3952991247177124,0.6197755813598633,0.9932461977005005,0.35355582237243655,0.7710918426513672,0.9777075052261353,0.3397650957107544,0.8354632059733073,0.9758594632148743
squat,0.4342818260192871,0.07442099253336588,0.9327216148376465,0.4443039417266846,0.055002784729003905,0.849251925945282,0.41903119087219237,0.05689655939737956,0.9242361187934875,0.4460888862609863,0.06883487701416016,0.4014352858066559,0.39166879653930664,0.08072420756022135,0.7366870045661926,0.4175110340118408,0.18682737350463868,0.9452385306358337,0.34440956115722654,0.19354000091552734,0.8209777474403381,0.44901399612426757,0.28187313079833987,0.6958621740341187,0.3270243167877197,0.309630012512207,0.33523890376091003,0.5078389167785644,0.23973437945048015,0.5943742990493774,0.3955063819885254,0.2689623514811198,0.33017295598983765,0.28658697605133054,0.41408023834228513,0.9777992367744446,0.24217207431793214,0.4243829091389974,0.9469157457351685,0.4050806999206543,0.5644413630167643,0.9912059903144836,0.39045584201812744,0.5984368642171224,0.9850274324417114,0.34905571937561036,0.7835855484008789,0.9809185862541199,0.3319405078887939,0.8382427215576171,0.9698947668075562
squat,0.42609620094299316,0.02580537796020508,0.5885136127471924,0.43140420913696287,0.011008230845133464,0.14338532090187073,0.4179399490356445,0.009231376647949218,0.6385416388511658,0.4072282314300537,0.021921602884928386,0.11674606055021286,0.39272005558013917,0.02479705810546875,0.7598491907119751,0.3656457424163818,0.1126744270324707,0.8317282199859619,0.37618427276611327,0.12520631154378256,0.8521224856376648,0.46387672424316406,0.16404013633728026,0.5132348537445068,0.47936458587646485,0.20778768857320148,0.7587242126464844,0.6199170112609863,0.19285960197448732,0.5116031765937805,0.6005467891693115,0.24029463132222492,0.6655752658843994,0.2644206523895264,0.3761304219563802,0.9792507886886597,0.26736481189727784,0.3891705195109049,0.9800431728363037,0.3784394025802612,0.5757007598876953,0.9846982359886169,0.3853278636932373,0.6206263224283854,0.9901356101036072,0.3411571025848389,0.77576904296875,0.9477105736732483,0.3176220178604126,0.8590104420979817,0.9537858963012695
squat,0.4109461784362793,0.019327958424886067,0.09090305864810944,0.4133397102355957,0.005876477559407552,0.008562291972339153,0.4106565475463867,0.004394880930582682,0.07829543203115463,0.3973322153091431,0.001566155751546224,0.020683854818344116,0.4051022529602051,0.0,0.3578764498233795,0.3811671257019043,0.07145252227783203,0.5900856256484985,0.3828470230102539,0.06329968770345053,0.8191812634468079,0.48140649795532225,0.13986625671386718,0.5416044592857361,0.49877195358276366,0.11542898813883463,0.922382652759552,0.5940465927124023,0.1742237091064453,0.5686770081520081,0.614915132522583,0.14519774119059245,0.8539314866065979,0.29170005321502684,0.35111796061197914,0.9885511994361877,0.28556337356567385,0.3563027064005534,0.9934895038604736,0.37667007446289064,0.5740184148152669,0.9903640151023865,0.362703800201416,0.6170145034790039,0.9962812066078186,0.3687023639678955,0.7540592193603516,0.9556456804275513,0.3212256908416748,0.8426197052001954,0.9732128381729126
squat,0.43912649154663086,0.03282912572224935,0.00780692370608449,0.43766050338745116,0.02390124003092448,0.0004918746999464929,0.4444979190826416,0.019005584716796874,0.005646407138556242,0.40834817886352537,0.0,0.0026704929769039154,0.43102517127990725,0.0,0.06711943447589874,0.38775110244750977,0.024048741658528647,0.2773502469062805,0.3878157615661621,0.010515594482421875,0.5118402242660522,0.47053184509277346,0.09573300679524739,0.5911806225776672,0.47384085655212405,0.05353275934855143,0.9104371666908264,0.5911715984344482,0.1198767344156901,0.6892386674880981,0.6097207546234131,0.0714516003926595,0.8730446100234985,0.3186198234558105,0.3043923060099284,0.989916980266571,0.3114789962768555,0.3099578857421875,0.9932523369789124,0.3684841156005859,0.5619042714436849,0.9912482500076294,0.3599357604980469,0.6078388849894206,0.9955021739006042,0.3663488388061523,0.7531852086385091,0.9430758953094482,0.32905523777008056,0.8449689229329427,0.9576285481452942
squat,0.4482619285583496,0.03273194630940755,0.0001969439472304657,0.4434223651885986,0.024058405558268228,9.092025720747188e-06,0.45211305618286135,0.022019354502360027,0.00019994998001493514,0.4106539249420166,0.0,0.00012121827603550628,0.4284666061401367,0.0,0.008113653399050236,0.40056138038635253,0.003791650136311849,0.01703324168920517,0.3638082265853882,0.0,0.11653308570384979,0.4568943023681641,0.057431570688883465,0.2184893786907196,0.41523284912109376,0.02424322764078776,0.8617533445358276,0.5812332153320312,0.09487717946370443,0.460029274225235,0.5852271556854248,0.07217365900675456,0.8631807565689087,0.3549334049224854,0.30476201375325523,0.980670690536499,0.32514381408691406,0.31359227498372394,0.9919741749763489,0.3611168146133423,0.5617393493652344,0.9774419069290161,0.34752283096313474,0.6065622965494791,0.9917534589767456,0.3503654718399048,0.7899513244628906,0.8738728761672974,0.32563557624816897,0.8707525889078777,0.9209423661231995
squat,0.41684951782226565,0.016359774271647136,0.0004305648908484727,0.4090559005737305,0.007456461588541667,1.8661425201571546e-05,0.41863384246826174,0.006417465209960937,0.00036023370921611786,0.3729390621185303,0.0,0.00017028431466314942,0.39299907684326174,0.0,0.011367065832018852,0.3754089117050171,0.003098424275716146,0.042992204427719116,0.34605677127838136,0.0,0.19248710572719574,0.4646409511566162,0.05028823216756185,0.37295156717300415,0.4242212772369385,0.024797630310058594,0.9017885327339172,0.588249683380127,0.06518809000651042,0.5941959023475647,0.5817874431610107,0.0562408447265625,0.8997156023979187,0.3586547613143921,0.3115415573120117,0.9913527369499207,0.3332218170166016,0.3216052691141764,0.9959598183631897,0.359856104850769,0.5524487813313802,0.9894087314605713,0.34907920360565187,0.5996357599894205,0.9957786798477173,0.3537227869033813,0.7764971415201823,0.9327919483184814,0.32261133193969727,0.8573129018147786,0.9567479491233826
squat,0.4443233489990234,0.020375601450602212,0.00013888276589568704,0.4335451126098633,0.011130777994791667,5.452242021419806e-06,0.44620490074157715,0.010724449157714843,0.0001483033993281424,0.3870224475860596,0.0,7.469535194104537e-05,0.4147660732269287,0.0,0.00805132556706667,0.3799987554550171,0.0,0.01650087721645832,0.35983991622924805,0.0,0.09305337816476822,0.45502490997314454,0.039700857798258465,0.2127172350883484,0.41980690956115724,0.005355930328369141,0.8272048830986023,0.5911599636077881,0.06341285705566406,0.4371073842048645,0.58455810546875,0.03746751149495443,0.8350127339363098,0.35433244705200195,0.30377298990885415,0.9836983680725098,0.33702266216278076,0.31315511067708335,0.992479681968689,0.3461110830307007,0.5617095947265625,0.9847230911254883,0.35413644313812254,0.6006432851155599,0.9936997890472412,0.336046838760376,0.7970019658406575,0.9169646501541138,0.3245779752731323,0.8593892415364583,0.9447782039642334
squat,0.4474656581878662,0.03443098068237305,0.00013659447722602636,0.4382960319519043,0.027051448822021484,6.723744263581466e-06,0.45084681510925295,0.025148900349934895,0.0001226986787514761,0.3971285581588745,0.0,8.167665509972721e-05,0.4217711925506592,0.0,0.0049714455381035805,0.39305577278137205,3.032684326171875e-05,0.01669863425195217,0.3619894742965698,0.0,0.06639692187309265,0.4775259017944336,0.024195384979248048,0.2556753158569336,0.41443657875061035,0.0,0.781734824180603,0.6181375503540039,0.034807650248209636,0.4873090386390686,0.5807502269744873,0.021326859792073567,0.8101044297218323,0.3660041093826294,0.30241305033365884,0.9847742319107056,0.34215450286865234,0.312364387512207,0.9914894104003906,0.34886066913604735,0.5569456736246745,0.9852199554443359,0.35284521579742434,0.6059739430745442,0.9928355813026428,0.3331318378448486,0.7827963511149089,0.9168134331703186,0.32343573570251466,0.8637805938720703,0.9381815791130066
squat,0.4091334819793701,0.019344393412272134,0.0002595838450361043,0.39931449890136717,0.010519997278849284,1.707123010419309e-05,0.4134246826171875,0.010621913274129232,0.00021618757455144078,0.36498448848724363,0.0,0.00021485351317096502,0.3969042062759399,0.0,0.007273250259459019,0.37287757396697996,0.0,0.02202029712498188,0.3530745506286621,0.0,0.07576974481344223,0.45679121017456054,0.027359819412231444,0.2202480584383011,0.39505529403686523,0.020170180002848308,0.7133836150169373,0.603940486907959,0.035408544540405276,0.4199051558971405,0.5357105255126953,0.038608249028523764,0.7514542937278748,0.3522114992141724,0.2908361752827962,0.9708570837974548,0.33853983879089355,0.2960050582885742,0.983316957950592,0.33835008144378664,0.5827466328938802,0.9528833031654358,0.34589812755584715,0.6060778299967448,0.9758825302124023,0.32727913856506347,0.8226104736328125,0.7229858636856079,0.31453709602355956,0.8585927327473958,0.7827999591827393
squat,0.5076082229614258,0.03783543904622396,0.00023041640815790743,0.5057958126068115,0.030031617482503256,1.6074605809990317e-05,0.5107684135437012,0.026306533813476564,0.000176597066456452,0.483034610748291,0.001388867696126302,0.00012752111069858074,0.48532838821411134,0.0,0.00419384753331542,0.4730931282043457,0.0035605748494466146,0.019063593819737434,0.40421500205993655,0.0,0.06725995987653732,0.5315650939941406,0.053532346089680986,0.2845200300216675,0.4643834114074707,0.02225157419840495,0.754420816898346,0.6266405582427979,0.07327919006347657,0.5013582110404968,0.6209520816802978,0.022998809814453125,0.7685962915420532,0.3794184923171997,0.3051996866861979,0.9836844205856323,0.3282140016555786,0.31055641174316406,0.9896329641342163,0.37104182243347167,0.5644934972127279,0.9832488298416138,0.35190930366516116,0.6085105260213216,0.9911432266235352,0.3495911121368408,0.7876300811767578,0.9088114500045776,0.3356038570404053,0.8701058705647786,0.9289816617965698
squat,0.4448821544647217,0.04394048055013021,0.007940975949168205,0.44736566543579104,0.03179178237915039,0.001240375335328281,0.4477787971496582,0.02941420873006185,0.00458940677344799,0.436979341506958,0.012573655446370442,0.007990957237780094,0.44510369300842284,0.007488632202148437,0.04477185755968094,0.4135741710662842,0.04610261917114258,0.22907592356204987,0.4164926052093506,0.04288746515909831,0.3407805562019348,0.47100276947021485,0.12294216156005859,0.46291542053222656,0.5032033920288086,0.10032040278116862,0.7345126271247864,0.5447520256042481,0.19599796930948893,0.5334763526916504,0.5799565315246582,0.1302233378092448,0.6771166324615479,0.317622447013855,0.3103494644165039,0.9842545986175537,0.31229467391967775,0.3155777931213379,0.986935555934906,0.3823519468307495,0.5718877792358399,0.9902915358543396,0.36327543258666994,0.6184157689412435,0.9940052628517151,0.3702845096588135,0.7561438242594402,0.9572116732597351,0.3250559329986572,0.8496143976847331,0.9653664827346802
squat,0.38975071907043457,0.023859755198160807,0.20765560865402222,0.3941340446472168,0.009068997701009114,0.05198118835687637,0.3858194351196289,0.009981759389241536,0.15009979903697968,0.3865651607513428,0.012993431091308594,0.07731223106384277,0.3844091176986694,0.018346627553304035,0.31906163692474365,0.3627013683319092,0.0936639149983724,0.7212972640991211,0.366576623916626,0.10214675267537435,0.7225340008735657,0.41013388633728026,0.13255548477172852,0.61668461561203,0.4175215244293213,0.14547402064005535,0.7165821194648743,0.4537308692932129,0.07567087809244792,0.5437906980514526,0.44420804977416994,0.08306767145792643,0.6233015656471252,0.27448344230651855,0.38195451100667316,0.9888232350349426,0.27079756259918214,0.3946780522664388,0.9885362386703491,0.3963021278381348,0.581533686319987,0.9944514632225037,0.38193135261535643,0.6371026992797851,0.9961357712745667,0.37468345165252687,0.7499022165934245,0.982920229434967,0.32726435661315917,0.8537352879842123,0.9850161075592041
squat,0.4417903423309326,0.07016588846842448,0.6077603101730347,0.44316515922546384,0.053991508483886716,0.30935582518577576,0.43094696998596194,0.055638758341471355,0.5137866735458374,0.42424964904785156,0.06568206151326497,0.2274022251367569,0.41104626655578613,0.07760225931803386,0.6295768618583679,0.3831287145614624,0.1670714537302653,0.9477925896644592,0.38696765899658203,0.17164851824442545,0.7540454864501953,0.42398848533630373,0.23028014500935873,0.8305108547210693,0.43906431198120116,0.22317674954732258,0.4206683337688446,0.47972674369812013,0.1869638442993164,0.7155736088752747,0.49888834953308103,0.16862130165100098,0.3671790361404419,0.261077880859375,0.42411715189615884,0.990666925907135,0.26093244552612305,0.43528855641682945,0.9720872044563293,0.39790973663330076,0.5709035237630208,0.9944823980331421,0.4139437675476074,0.6152158737182617,0.9886727929115295,0.3517348289489746,0.772671635945638,0.9832989573478699,0.33603463172912595,0.843373171488444,0.9697138071060181
squat,0.4610340118408203,0.144814395904541,0.9702127575874329,0.4676670074462891,0.12970425287882487,0.6286783218383789,0.44604029655456545,0.12927176157633463,0.9858298897743225,0.4519233703613281,0.14215863545735677,0.08824723213911057,0.4036533832550049,0.14726715087890624,0.9769262671470642,0.4038554668426514,0.23474877675374348,0.9418249726295471,0.37312684059143064,0.23702065149943033,0.9762474298477173,0.49830427169799807,0.28649603525797523,0.5585076212882996,0.5022684574127197,0.3001316388448079,0.9233030676841736,0.6286868095397949,0.2972877502441406,0.5570108294487,0.6368024349212646,0.31396299997965493,0.8568470478057861,0.2562856674194336,0.4657902717590332,0.9794204831123352,0.22839484214782715,0.47550891240437826,0.9858109951019287,0.41379604339599607,0.5858689626057942,0.9868717193603516,0.40303845405578614,0.6265113830566407,0.9943259358406067,0.3651228904724121,0.7566156387329102,0.9710668921470642,0.3336180210113525,0.8339420954386393,0.9798292517662048
squat,0.4752565860748291,0.20579455693562826,0.9607356786727905,0.47710437774658204,0.18915716807047525,0.36241650581359863,0.46230373382568357,0.19264113108317057,0.9874355792999268,0.44466915130615237,0.19185892740885416,0.0569131076335907,0.41674141883850097,0.20972537994384766,0.991970419883728,0.38464956283569335,0.26840025583902993,0.9406657814979553,0.3923065185546875,0.2924451192220052,0.993256688117981,0.4686590194702148,0.31735146840413414,0.5151265859603882,0.5164833068847656,0.3571498870849609,0.9831568598747253,0.6192816734313965,0.3621999740600586,0.5808458924293518,0.6503332138061524,0.38957268397013345,0.9557030200958252,0.2507762432098389,0.488160514831543,0.9800277352333069,0.24676237106323243,0.5066268285115559,0.992655873298645,0.4107163429260254,0.5804646809895834,0.9866417646408081,0.4108870983123779,0.6325066884358724,0.9966554641723633,0.3656963586807251,0.7583223342895508,0.9676253199577332,0.3338876724243164,0.8456336975097656,0.9837141036987305
squat,0.4789767265319824,0.2571970621744792,0.9631655812263489,0.48305859565734866,0.24024035135904948,0.4534227252006531,0.464127254486084,0.24274810155232748,0.9892983436584473,0.45620203018188477,0.24202772776285808,0.072616346180439,0.4190510272979736,0.260285758972168,0.9896624088287354,0.3869351625442505,0.31934261322021484,0.90462327003479,0.39596550464630126,0.336121940612793,0.9882205724716187,0.41293044090270997,0.3920751571655273,0.37311404943466187,0.5140886306762695,0.407949701944987,0.967111349105835,0.51490797996521,0.4199572881062826,0.45836442708969116,0.6549903869628906,0.43008197148640953,0.9229914546012878,0.2451197862625122,0.5381791432698567,0.953479528427124,0.23973021507263184,0.5522461573282877,0.9820142388343811,0.4164121627807617,0.5999475479125976,0.9732735753059387,0.42095198631286623,0.6370830535888672,0.9925590753555298,0.3532444953918457,0.7807303110758463,0.954696536064148,0.33486969470977784,0.8499040603637695,0.9758516550064087
squat,0.48191537857055666,0.29134934743245444,0.9707345962524414,0.48552589416503905,0.27659861246744794,0.47148534655570984,0.46931705474853513,0.2748287518819173,0.9900010824203491,0.4588332176208496,0.2775407791137695,0.05576055496931076,0.42238707542419435,0.2831762949625651,0.9900906085968018,0.39201180934906005,0.3500013033548991,0.9410561919212341,0.3932889223098755,0.3551263173421224,0.9920011758804321,0.4361133098602295,0.4142505963643392,0.5387667417526245,0.5166579723358155,0.42676912943522133,0.9790604114532471,0.535434627532959,0.4355928103129069,0.605553150177002,0.6551535606384278,0.46008402506510415,0.9525765180587769,0.2550343036651611,0.5680395126342773,0.9739726185798645,0.24507460594177247,0.5771138509114583,0.9892767667770386,0.4189145565032959,0.6235422770182292,0.9782633185386658,0.41933836936950686,0.6551526387532552,0.9936333894729614,0.35208427906036377,0.7832593282063802,0.9559845924377441,0.3361708879470825,0.8483885447184245,0.9757431149482727
squat,0.4823134899139404,0.2726901372273763,0.9569873213768005,0.48488559722900393,0.2585802396138509,0.3966384530067444,0.469279146194458,0.25959339141845705,0.9864956140518188,0.45493354797363283,0.263250478108724,0.07449699938297272,0.4269092082977295,0.2782147725423177,0.9907517433166504,0.3870241165161133,0.33515052795410155,0.9306576251983643,0.4034090995788574,0.3552357355753581,0.9920122027397156,0.41452746391296386,0.3928211212158203,0.467286616563797,0.5273938655853272,0.42590115865071615,0.9780520796775818,0.5027955055236817,0.41478118896484373,0.5287584066390991,0.6610206604003906,0.44232428868611656,0.9434565305709839,0.24736309051513672,0.5507462183634441,0.9726868271827698,0.24660820960998536,0.5646046320597331,0.9897434115409851,0.41925702095031736,0.617134157816569,0.9802209138870239,0.42340869903564454,0.6515963236490886,0.9946252703666687,0.3508270263671875,0.7828415552775065,0.9612302184104919,0.334909725189209,0.8488524119059245,0.9796962738037109
squat,0.4830639362335205,0.2261227289835612,0.9512726664543152,0.4867349624633789,0.21276626586914063,0.5897212028503418,0.4694975852966309,0.2121066411336263,0.9686520099639893,0.46832566261291503,0.2221426010131836,0.13061097264289856,0.43021540641784667,0.2295741081237793,0.9557446241378784,0.42039947509765624,0.30411300659179685,0.9588006138801575,0.3999731779098511,0.30162137349446616,0.9684873223304749,0.48174686431884767,0.3695228576660156,0.7107493877410889,0.48769845962524416,0.3706062316894531,0.8919689655303955,0.5990447521209716,0.36927000681559247,0.6751070022583008,0.610862398147583,0.3773273150126139,0.8173720240592957,0.28191556930541994,0.493315601348877,0.9799500703811646,0.2616340160369873,0.49726750055948893,0.9800806045532227,0.42059669494628904,0.6110223770141602,0.9868248105049133,0.4187269687652588,0.6315378824869792,0.9909268617630005,0.3555595874786377,0.7829010009765625,0.9669149518013,0.3329737186431885,0.8225726445515951,0.9696153998374939
squat,0.4455877780914307,0.14980802536010743,0.38080620765686035,0.45116138458251953,0.1345712979634603,0.10528705269098282,0.4407642364501953,0.13649088541666668,0.2440454065799713,0.45538759231567383,0.13692493438720704,0.14314550161361694,0.4405074596405029,0.14727881749471028,0.40956392884254456,0.425139331817627,0.21795647939046223,0.905070424079895,0.4152094841003418,0.22704636255900065,0.8862184286117554,0.4662622928619385,0.288707701365153,0.840570330619812,0.49059667587280276,0.3181338310241699,0.8773486614227295,0.551813793182373,0.28064889907836915,0.8149996995925903,0.5815223693847656,0.29813213348388673,0.8250182271003723,0.2724417209625244,0.45186201731363934,0.9919690489768982,0.2608067274093628,0.4610497792561849,0.9895625710487366,0.4159524917602539,0.5918017069498698,0.9943593144416809,0.41661686897277833,0.6283908208211263,0.9954854846000671,0.3548839330673218,0.7733510335286459,0.978421688079834,0.3402227878570557,0.845806630452474,0.9792288541793823
squat,0.468630313873291,0.07680486043294271,0.7305720448493958,0.47272653579711915,0.06044556299845378,0.4020979702472687,0.45536112785339355,0.06209100087483724,0.717028021812439,0.45798501968383787,0.07195100784301758,0.17522653937339783,0.42731876373291017,0.08472582499186197,0.7179026007652283,0.41237125396728513,0.16700315475463867,0.91934734582901,0.3980304479598999,0.18109294573465984,0.8067224025726318,0.43616476058959963,0.22853436470031738,0.7237347364425659,0.4398172378540039,0.24044504165649414,0.4939320385456085,0.46591925621032715,0.16265859603881835,0.6146638989448547,0.4809898376464844,0.144642702738444,0.4227047264575958,0.2826415538787842,0.4194423993428548,0.985150158405304,0.2703636646270752,0.43297154108683267,0.968370795249939,0.41356310844421384,0.5688388824462891,0.9920182824134827,0.4194209098815918,0.6152617136637369,0.9880098700523376,0.3534121036529541,0.7681114832560222,0.9780152440071106,0.34502079486846926,0.843514887491862,0.9674033522605896
squat,0.44419164657592775,0.025887107849121092,0.39028802514076233,0.4507035732269287,0.013376426696777344,0.07847663015127182,0.43575563430786135,0.012322521209716797,0.344302773475647,0.44124398231506345,0.02918526331583659,0.06337916105985641,0.41710901260375977,0.029406929016113283,0.5308270454406738,0.41188831329345704,0.11358591715494791,0.8043934106826782,0.3958883285522461,0.11439784367879231,0.8288571834564209,0.4910450458526611,0.15671882629394532,0.6658178567886353,0.4999199867248535,0.16178420384724934,0.8240100145339966,0.5724615097045899,0.15321327845255533,0.6353803873062134,0.5925921440124512,0.15631182988484701,0.7390825152397156,0.29937746524810793,0.3748389561971029,0.9885974526405334,0.281146240234375,0.3820599873860677,0.9888553023338318,0.39650959968566896,0.5847684860229492,0.9917799830436707,0.3858166217803955,0.6302598317464193,0.9944875836372375,0.3614734411239624,0.7609395345052083,0.9667946100234985,0.33177082538604735,0.8476778666178385,0.9707648158073425
squat,0.45538330078125,0.005155531565348307,0.1432860791683197,0.464768123626709,0.0,0.013189042918384075,0.450698709487915,0.0,0.10270847380161285,0.4578101634979248,0.0,0.0189453586935997,0.4311854362487793,0.0,0.22356610000133514,0.4315619945526123,0.059116395314534505,0.6444140076637268,0.40158905982971194,0.05701796213785807,0.8032495975494385,0.5043705940246582,0.11650730768839518,0.7032150030136108,0.49083914756774905,0.12808071772257487,0.9321675300598145,0.6280502319335938,0.10864102045694987,0.7654425501823425,0.6295892715454101,0.14376020431518555,0.9010099172592163,0.341595196723938,0.3370924949645996,0.9909977912902832,0.3136972665786743,0.3438858985900879,0.9937657117843628,0.40261664390563967,0.571840476989746,0.9901978969573975,0.3819988012313843,0.6144413630167643,0.9949483871459961,0.3722658157348633,0.753854497273763,0.9343923330307007,0.34037141799926757,0.8405513763427734,0.9506803750991821
squat,0.4458129405975342,0.0,0.017883360385894775,0.44844446182250974,0.0,0.0011712181149050593,0.4462399482727051,0.0,0.013994338922202587,0.42665810585021974,0.0,0.006936161313205957,0.4326995849609375,0.0,0.14793972671031952,0.39777317047119143,0.01571483612060547,0.38758665323257446,0.40305123329162595,0.019718424479166666,0.7586429715156555,0.45878171920776367,0.11113452911376953,0.5529049038887024,0.4993911266326904,0.10249322255452474,0.9483005404472351,0.5802478313446044,0.14793885548909505,0.6458067297935486,0.6248934745788575,0.12670838038126628,0.9023462533950806,0.32569725513458253,0.3092180887858073,0.9920989274978638,0.3203066349029541,0.32048556009928386,0.9961464405059814,0.3718459129333496,0.5527412414550781,0.9935771822929382,0.3615600347518921,0.6052433013916015,0.9975079298019409,0.3675990581512451,0.7492179870605469,0.9602965116500854,0.32916626930236814,0.8486651738484701,0.9754355549812317
squat,0.41830830574035643,0.0,0.004003663081675768,0.4149892330169678,0.0,0.00024780374951660633,0.42433485984802244,0.0,0.0026763181667774916,0.389231014251709,0.0,0.0030023311264812946,0.4229418277740479,0.0,0.05738931521773338,0.3810723304748535,0.0,0.22541862726211548,0.3972234487533569,0.008388296763102213,0.647880494594574,0.4512369632720947,0.08518810272216797,0.5002503395080566,0.4867250919342041,0.10967795054117839,0.9526703357696533,0.5660279273986817,0.09443982442220052,0.5964691042900085,0.6052667140960694,0.13768173853556315,0.9100927710533142,0.3397148609161377,0.31428658167521156,0.9917380213737488,0.3421665668487549,0.3254222869873047,0.9965881109237671,0.36315441131591797,0.5629489262898763,0.9921730756759644,0.35272789001464844,0.6070454915364584,0.9973576664924622,0.36904497146606446,0.7578364054361979,0.9484689235687256,0.3224987745285034,0.8414398829142252,0.9712318181991577
squat,0.4129196643829346,0.0073244730631510414,0.0022037893068045378,0.4085052013397217,0.0,0.00015813150093890727,0.4134971141815186,0.0,0.001559091848321259,0.3888224124908447,0.0,0.0011114870430901647,0.4033809661865234,0.0,0.030576270073652267,0.40353665351867674,0.012715943654378255,0.1119057759642601,0.3735560655593872,0.022290897369384766,0.42758461833000183,0.5065921783447266,0.11811621983846028,0.3706897497177124,0.47984561920166013,0.14843193689982095,0.9118773937225342,0.6047732830047607,0.17831635475158691,0.5030463337898254,0.6006741046905517,0.2198540210723877,0.8757416009902954,0.36158194541931155,0.3188382466634115,0.9890366196632385,0.3366042375564575,0.32814108530680336,0.9953659772872925,0.3616265058517456,0.5637977600097657,0.9891437888145447,0.3447352647781372,0.6037766774495442,0.9963195323944092,0.3635758399963379,0.7797300974527995,0.9410843849182129,0.32793307304382324,0.8516268412272135,0.9669703245162964
squat,0.39154231548309326,0.0,0.001598206115886569,0.3887852668762207,0.0,0.0002479481336195022,0.39346728324890134,0.0,0.0011173790553584695,0.3681178092956543,0.0,0.0025377182755619287,0.3852959394454956,0.0,0.023139426484704018,0.36708650588989256,0.0,0.05935073271393776,0.35853116512298583,0.014304033915201823,0.22192765772342682,0.3976299285888672,0.13032267888387045,0.2071758210659027,0.3951377868652344,0.1643800099690755,0.6595174074172974,0.44823994636535647,0.23716039657592775,0.3008084297180176,0.4437548160552979,0.2816867510477702,0.6342893838882446,0.3690576791763306,0.30766385396321616,0.9517738223075867,0.357956862449646,0.32193342844645184,0.9744713306427002,0.3654729604721069,0.5480450948079427,0.9768570065498352,0.3474468231201172,0.5983932495117188,0.9887571930885315,0.365397572517395,0.7570491790771484,0.9250375032424927,0.3258426904678345,0.8434123357137044,0.948513925075531
squat,0.38306684494018556,0.0,0.0017735273577272892,0.381085467338562,0.0,0.00024067798221949488,0.38988919258117677,0.0,0.0008935656514950097,0.3582093954086304,0.0,0.005299762822687626,0.38969600200653076,0.0,0.022839108482003212,0.35719478130340576,0.010836060841878254,0.1841799020767212,0.3596132516860962,0.01935571034749349,0.438801646232605,0.3744282960891724,0.1612391471862793,0.5075341463088989,0.3770662784576416,0.1723507563273112,0.8503847122192383,0.4487464904785156,0.29458916982014977,0.6095640063285828,0.44543142318725587,0.30420233408610026,0.8222313523292542,0.36537942886352537,0.32226683298746744,0.9864391088485718,0.3619516134262085,0.33375822703043617,0.991923987865448,0.36972458362579347,0.5496499379475911,0.9901988506317139,0.3520102024078369,0.5900904973347981,0.994550883769989,0.36777677536010744,0.7574578603108724,0.9527173638343811,0.32460482120513917,0.8294897079467773,0.9653449058532715
squat,0.3974881649017334,0.0,0.0109300771728158,0.39873127937316893,0.0,0.001459196675568819,0.4000037670135498,0.0,0.0032799667678773403,0.391131067276001,0.0,0.008573885075747967,0.3943899154663086,0.0,0.024455970153212547,0.39946622848510743,0.029338868459065755,0.49885863065719604,0.3481323719024658,0.03109776178995768,0.7678577899932861,0.4115459442138672,0.18444013595581055,0.8560623526573181,0.3100392818450928,0.2107309341430664,0.95378577709198,0.4443183898925781,0.31813055674235025,0.9053493142127991,0.32413501739501954,0.38764276504516604,0.9593378901481628,0.3863978862762451,0.32351544698079426,0.9966102242469788,0.35311987400054934,0.3291025161743164,0.997869610786438,0.3765785455703735,0.5470685958862305,0.9963300824165344,0.3562630176544189,0.5763927459716797,0.9978296160697937,0.36513609886169435,0.7596744537353516,0.9709634780883789,0.33788917064666746,0.8173458735148112,0.9784938097000122
squat,0.39581880569458006,0.0,0.04473848640918732,0.39931559562683105,0.0,0.004407333675771952,0.3935185432434082,0.0,0.01691002957522869,0.39764230251312255,0.0,0.01035030372440815,0.38013639450073244,0.0,0.057266347110271454,0.41553072929382323,0.03791653315226237,0.5910176634788513,0.3335587978363037,0.035094292958577473,0.8839589953422546,0.438153600692749,0.17561810811360676,0.8384239673614502,0.2772826194763184,0.1720235506693522,0.9758913516998291,0.45712833404541015,0.3064135551452637,0.8974170088768005,0.2611701488494873,0.34003658294677735,0.9761608242988586,0.39672911167144775,0.32445910771687825,0.9947750568389893,0.3477972984313965,0.3268225351969401,0.9976910352706909,0.3820571660995483,0.5418537139892579,0.9912315011024475,0.3608790159225464,0.5619370778401692,0.9960516095161438,0.36025686264038087,0.7369348526000976,0.9187090992927551,0.35363149642944336,0.7819787343343099,0.9488211870193481
squat,0.3836550712585449,0.0,0.15439511835575104,0.390165901184082,0.0,0.019883496686816216,0.37806191444396975,0.0,0.04734588786959648,0.39726641178131106,0.0,0.02851778455078602,0.3622081995010376,0.0,0.0826730728149414,0.42450671195983886,0.036880143483479816,0.8666509389877319,0.31577720642089846,0.04049873352050781,0.9511324763298035,0.4646568775177002,0.16850770314534505,0.9479354619979858,0.260424280166626,0.17790279388427735,0.9856616854667664,0.48841609954833987,0.3080145517985026,0.960392415523529,0.24601244926452637,0.3455305735270182,0.9857778549194336,0.4072701454162598,0.3326748212178548,0.9984912872314453,0.34206154346466067,0.33978474934895836,0.9991306662559509,0.3954143762588501,0.5498345692952474,0.9965099692344666,0.36100187301635744,0.5802055358886719,0.9980472326278687,0.3730689525604248,0.7234558741251628,0.9571973085403442,0.3631657600402832,0.7804381052652994,0.9695559740066528
squat,0.3646705150604248,0.0,0.02794421650469303,0.3700443983078003,0.0,0.004357559140771627,0.3614287137985229,0.0,0.005329261999577284,0.384535551071167,0.0,0.01380869559943676,0.35373125076293943,0.0,0.015550180338323116,0.4316059112548828,0.021232032775878908,0.7045824527740479,0.30057401657104493,0.03317400614420573,0.8803905844688416,0.48463711738586424,0.15920015970865886,0.9376450777053833,0.2489476442337036,0.1923542022705078,0.9803362488746643,0.5053984165191651,0.30146719614664713,0.9571563005447388,0.24058468341827394,0.3496850967407227,0.983038067817688,0.42193450927734377,0.33722724914550783,0.9987090826034546,0.3410971641540527,0.3477940877278646,0.99922776222229,0.4109016418457031,0.5597778956095377,0.9973028898239136,0.35762848854064944,0.598135248819987,0.9986248016357422,0.38973536491394045,0.7129679361979167,0.9709920287132263,0.362813138961792,0.7833953857421875,0.9812832474708557
squat,0.3545692443847656,0.0,0.041767410933971405,0.36418490409851073,0.0,0.005552141461521387,0.34954469203948973,0.0,0.010068567469716072,0.38189260959625243,0.0,0.012703604064881802,0.33519687652587893,0.0,0.023599732667207718,0.42496962547302247,0.028249136606852212,0.7833194732666016,0.28682613372802734,0.04070094426472982,0.9003363847732544,0.48690595626831057,0.16176443099975585,0.9499234557151794,0.24969916343688964,0.18977924982706706,0.984148383140564,0.505882740020752,0.30921363830566406,0.9612043499946594,0.2420708179473877,0.3393406867980957,0.985153079032898,0.4229701519012451,0.3312044779459635,0.9994857311248779,0.33458867073059084,0.34569069544474285,0.9996868371963501,0.430558967590332,0.548846435546875,0.9990488886833191,0.35323376655578614,0.6029714584350586,0.9994877576828003,0.4058071613311768,0.6957184473673502,0.9899401068687439,0.3602871894836426,0.7925462086995443,0.9930745363235474
squat,0.33548247814178467,0.0,0.010844591073691845,0.3435784101486206,0.0,0.002139178104698658,0.3335597515106201,0.0,0.0016459077596664429,0.3736793041229248,0.0,0.010079518891870975,0.334171986579895,0.0,0.0043374719098210335,0.4351492404937744,0.015567684173583984,0.5082956552505493,0.29012184143066405,0.024773502349853517,0.7380536198616028,0.49118738174438475,0.16450277964274088,0.9116863012313843,0.25590858459472654,0.18361021677652994,0.9710029363632202,0.5033950805664062,0.30938742955525717,0.9464156627655029,0.24455156326293945,0.33227084477742513,0.9777421355247498,0.43077335357666013,0.3332770347595215,0.9983950257301331,0.33579258918762206,0.34148826599121096,0.9990372657775879,0.44861865043640137,0.5620875040690104,0.9970269799232483,0.3522245168685913,0.5945800145467123,0.9985805749893188,0.43463973999023436,0.7144694646199544,0.9713385701179504,0.3585994243621826,0.7836465199788412,0.9828926920890808
squat,0.348191499710083,0.0,0.014375901781022549,0.3535681486129761,0.0,0.003142386209219694,0.3462934970855713,0.0,0.0019453708082437515,0.37859952449798584,0.0,0.015353905037045479,0.3479514837265015,0.0,0.00527571327984333,0.4410087585449219,0.015107409159342448,0.6238430738449097,0.3051772117614746,0.020945326487223307,0.7495516538619995,0.4955805778503418,0.16301774978637695,0.9406129121780396,0.2765681505203247,0.17095861434936524,0.9658145308494568,0.49659028053283694,0.315476926167806,0.9575936198234558,0.2525061368942261,0.3258477846781413,0.972420871257782,0.43228764533996583,0.33131402333577475,0.9983536005020142,0.3418514490127563,0.3342508951822917,0.9987658262252808,0.4503184795379639,0.5795141855875651,0.9960488677024841,0.3510108709335327,0.5873008092244466,0.9975391626358032,0.46274232864379883,0.7585353851318359,0.953367292881012,0.3655469179153442,0.7829943339029948,0.9677280187606812
squat,0.36292741298675535,0.0,0.010086115449666977,0.36869685649871825,0.0,0.0031404958572238684,0.3601904630661011,0.0,0.0010231755441054702,0.39591810703277586,0.0,0.021917177364230156,0.3645296335220337,0.0,0.0026142136193811893,0.45424914360046387,0.0076441129048665365,0.7111667990684509,0.3322561740875244,0.010754807790120443,0.6023045778274536,0.49262800216674807,0.16913414001464844,0.9709739685058594,0.3051993608474731,0.16784868240356446,0.9336731433868408,0.47272911071777346,0.3262749989827474,0.9755402207374573,0.26819376945495604,0.32540690104166664,0.9552878141403198,0.43548903465270994,0.33463525772094727,0.9990583062171936,0.35068674087524415,0.3324481328328451,0.9987868666648865,0.4548210144042969,0.5973179499308269,0.9984657764434814,0.3471109390258789,0.5832584381103516,0.9982401132583618,0.4900487422943115,0.8215923309326172,0.9814419150352478,0.36681761741638186,0.8042641957600911,0.9812538623809814
squat,0.373508358001709,0.0,0.0015386685263365507,0.37392866611480713,0.0,0.0004222574061714113,0.3749835968017578,0.0,0.0001221716811414808,0.3970836400985718,0.0,0.008323796093463898,0.38828816413879397,0.0,0.0009276509517803788,0.46166443824768066,4.364649454752604e-05,0.5896369814872742,0.3551147937774658,0.0141693115234375,0.48126959800720215,0.4962027549743652,0.15471820831298827,0.9753007888793945,0.3385834932327271,0.17149585088094074,0.9431365132331848,0.4710381507873535,0.33651097615559894,0.9794402718544006,0.2911232471466064,0.3189917882283529,0.9620543718338013,0.44026498794555663,0.3363681157430013,0.999474823474884,0.36512031555175783,0.3368523915608724,0.9993267059326172,0.46175522804260255,0.6013540903727214,0.9987673759460449,0.3538472652435303,0.5889473597208659,0.9986096620559692,0.4972389221191406,0.8251121520996094,0.9813467264175415,0.36456058025360105,0.8055381139119466,0.981306791305542
squat,0.3912750005722046,0.0,0.002474202075973153,0.39110960960388186,0.0,0.0014180404832586646,0.38904738426208496,0.0,0.0002133266389137134,0.41455392837524413,0.0,0.019451763480901718,0.40305366516113283,0.0,0.0010046996176242828,0.47351417541503904,0.0,0.4633678197860718,0.38918213844299315,0.0,0.1956794112920761,0.4922048091888428,0.17594159444173177,0.937031090259552,0.3771007776260376,0.15656585693359376,0.6796536445617676,0.45179319381713867,0.34051103591918946,0.9409306049346924,0.3307952404022217,0.3062628110249837,0.8001662492752075,0.4531073093414307,0.3251805623372396,0.9965837001800537,0.39122416973114016,0.3160393714904785,0.9933682084083557,0.4654216766357422,0.595517349243164,0.9966782331466675,0.3707625150680542,0.5620108286539713,0.9942843317985535,0.4926644802093506,0.8378289540608724,0.9740167260169983,0.3651745319366455,0.7840382893880208,0.9666708111763
squat,0.3861342668533325,0.0,0.004015366546809673,0.38364107608795167,0.0,0.003806330729275942,0.3841921091079712,0.0,0.00025971405557356775,0.4072225093841553,0.0,0.053877007216215134,0.40456380844116213,0.0,0.0008188952342607081,0.47632465362548826,0.0,0.6604520678520203,0.40573997497558595,0.0,0.13539555668830872,0.4951364040374756,0.16193780899047852,0.9617725610733032,0.4165644645690918,0.14369045893351237,0.455702006816864,0.4409359931945801,0.35303401947021484,0.9500463604927063,0.3916574239730835,0.29875926971435546,0.6200312972068787,0.4695324420928955,0.3219892501831055,0.9975152015686035,0.4161678314208984,0.31204853057861326,0.9916833639144897,0.4815816879272461,0.5990201314290364,0.9975989460945129,0.39599809646606443,0.5561873118082682,0.9929531216621399,0.4992166519165039,0.8443216323852539,0.9815341234207153,0.3775644063949585,0.7672314325968425,0.9672113060951233
squat,0.3900460958480835,0.0,0.004006455652415752,0.38786299228668214,0.0,0.0043585896492004395,0.3879971504211426,0.0,0.0002461750991642475,0.4114727020263672,0.0,0.0681714192032814,0.40872774124145506,0.0,0.000872824399266392,0.4805429458618164,0.0,0.6843544840812683,0.4105698585510254,0.0,0.12897776067256927,0.4902913570404053,0.1714989980061849,0.9594823122024536,0.4221275806427002,0.1559191068013509,0.3684709370136261,0.43509063720703123,0.35825926462809243,0.9430941939353943,0.394327449798584,0.3201478322347005,0.5389197468757629,0.47753095626831055,0.32901525497436523,0.9966964721679688,0.4255983829498291,0.3136896769205729,0.9879194498062134,0.47795820236206055,0.6078239440917969,0.9972092509269714,0.40229620933532717,0.5403151830037435,0.9907060265541077,0.5015929222106934,0.8531262715657552,0.9817726016044617,0.40253162384033203,0.7359706878662109,0.9660581946372986
squat,0.4196739196777344,0.0,0.00031473010312765837,0.41036062240600585,0.0,0.00027613501879386604,0.4210538864135742,0.0,1.6977908671833575e-05,0.4189913749694824,0.0,0.013581919483840466,0.44270620346069334,0.0,0.00032588475733064115,0.4760263442993164,0.0,0.4183236062526703,0.44149389266967776,0.0,0.04022521898150444,0.4835385322570801,0.13464994430541993,0.9514882564544678,0.4642960548400879,0.12358436584472657,0.24549168348312378,0.4226810932159424,0.34553454717000326,0.9422746896743774,0.429368257522583,0.32685127258300783,0.4717708230018616,0.4796126842498779,0.30507005055745445,0.9962072372436523,0.45153093338012695,0.2907414754231771,0.9842392206192017,0.46933698654174805,0.5923433939615885,0.9967490434646606,0.42365527153015137,0.5321475028991699,0.9871139526367188,0.502495288848877,0.858837890625,0.9754149913787842,0.4258988380432129,0.7491835276285808,0.9484170079231262
squat,0.42011542320251466,0.0,0.0002512660576030612,0.41355047225952146,0.0,0.0003084189083892852,0.43264179229736327,0.0,1.1645406630123034e-05,0.43054633140563964,0.0,0.04300291836261749,0.4834791660308838,0.0,0.0004107142158318311,0.4803049564361572,0.003734143575032552,0.4296051561832428,0.47791337966918945,0.0,0.08191607892513275,0.4490715503692627,0.15803003311157227,0.922907292842865,0.46953392028808594,0.15680166880289714,0.2971639633178711,0.38094234466552734,0.3495944976806641,0.8783617615699768,0.4143080234527588,0.3344720840454102,0.4083182215690613,0.47429866790771485,0.3403297424316406,0.9957398176193237,0.46648154258728025,0.32237141927083335,0.9876629710197449,0.46944098472595214,0.6137895584106445,0.9957408905029297,0.4223469734191895,0.5454641977945963,0.9883533120155334,0.507592248916626,0.8518950144449869,0.9712615013122559,0.42364139556884767,0.7389649709065755,0.9540085792541504
squat,0.4173439025878906,0.0,0.00023074066848494112,0.4092222213745117,0.0,0.00021651163115166128,0.42952604293823243,0.0,9.729071280162316e-06,0.42396769523620603,0.0,0.03181952238082886,0.48108863830566406,0.0,0.0004266312171239406,0.4770559787750244,0.0,0.49631059169769287,0.47411279678344725,0.0,0.1256524622440338,0.4437676429748535,0.13085323969523113,0.951565146446228,0.4498623847961426,0.12728974024454753,0.46346044540405273,0.36202139854431153,0.24838341077168782,0.9150978922843933,0.371652626991272,0.24147593180338542,0.5629100203514099,0.4730799198150635,0.33694883982340496,0.9970631003379822,0.46493821144104003,0.3171034812927246,0.9923519492149353,0.46568665504455564,0.6141332626342774,0.9963233470916748,0.42125377655029295,0.5395941416422526,0.9908826947212219,0.5074485778808594,0.8482574462890625,0.9673377871513367,0.425351619720459,0.7254376729329427,0.951354444026947
squat,0.4168177604675293,0.0,0.0010312284575775266,0.41261444091796873,0.0,0.000923476240132004,0.4339303970336914,0.0,4.350504605099559e-05,0.4303573131561279,0.0,0.0926489531993866,0.490888786315918,0.0,0.001002368750050664,0.47063865661621096,0.014117622375488281,0.712471067905426,0.479537296295166,0.01616678237915039,0.3402674198150635,0.40621700286865237,0.13425512313842775,0.9627354741096497,0.41434926986694337,0.15128943125406902,0.6107786893844604,0.3007939100265503,0.23123099009195963,0.9268338084220886,0.3139566659927368,0.23411083221435547,0.6540272831916809,0.47220234870910643,0.34217138290405275,0.9979215264320374,0.47542719841003417,0.3331247329711914,0.9954641461372375,0.4435892581939697,0.611636225382487,0.997704803943634,0.44104714393615724,0.5733131408691406,0.9949955940246582,0.5009684562683105,0.8386625289916992,0.9778771996498108,0.4767625331878662,0.7743447621663412,0.9688844084739685
squat,0.39469027519226074,0.0,0.0020623577293008566,0.3908339262008667,0.0,0.0014843025710433722,0.4086636543273926,0.0,0.00012151152623118833,0.41175427436828616,0.0,0.054216064512729645,0.45780129432678224,0.0,0.0015607451787218451,0.45194664001464846,0.0,0.43425679206848145,0.45790252685546873,0.0,0.3220122456550598,0.40362300872802737,0.09344482421875,0.8637509346008301,0.403687572479248,0.10006875991821289,0.6229701638221741,0.29494152069091795,0.170760440826416,0.8201963901519775,0.29117732048034667,0.18275079727172852,0.6664300560951233,0.4848979949951172,0.3044925053914388,0.99101722240448,0.4878252029418945,0.29944690068562824,0.9888216257095337,0.4383242607116699,0.5945920944213867,0.9923586249351501,0.4484821319580078,0.5764134089152019,0.9902796149253845,0.4929389476776123,0.8290933609008789,0.9370007514953613,0.4929522514343262,0.8024819691975912,0.937522292137146
squat,0.45277228355407717,0.0196626345316569,0.0025829917285591364,0.4512959957122803,0.004880968729654948,0.0015551582910120487,0.4637755393981934,0.0073250452677408855,0.00022965885000303388,0.46305150985717775,0.0,0.040010977536439896,0.4943224430084229,0.0,0.0025841810274869204,0.4772613525390625,0.017084312438964844,0.4143895208835602,0.46387243270874023,0.025351206461588543,0.32993924617767334,0.3805015325546265,0.10070164998372395,0.8567011952400208,0.3872578859329224,0.11190986633300781,0.6005399823188782,0.2518627166748047,0.1830412228902181,0.7890961170196533,0.26700429916381835,0.17297677993774413,0.6005933284759521,0.4718283176422119,0.3357625643412272,0.991965651512146,0.4564385414123535,0.33245048522949217,0.9895396828651428,0.44435648918151854,0.629946517944336,0.9903788566589355,0.42376294136047366,0.6016153335571289,0.9862485527992249,0.5126808166503907,0.8512390772501628,0.922825276851654,0.46917152404785156,0.8041456858317058,0.9154481887817383
squat,0.41487922668457033,0.031499322255452475,0.0004990274901501834,0.41030335426330566,0.016303412119547524,0.00026260135928168893,0.42568292617797854,0.020354493459065755,4.5585496991407126e-05,0.4295928478240967,0.0,0.009875504299998283,0.4618577480316162,0.0,0.0007896518800407648,0.476882266998291,0.0,0.1716223806142807,0.4396533012390137,0.003982766469319662,0.1541808396577835,0.39416677951812745,0.04995129903157552,0.7684763669967651,0.3716520547866821,0.08243532180786133,0.5922573804855347,0.23520331382751464,0.1360720952351888,0.7404419183731079,0.24890027046203614,0.15442927678426108,0.6682432293891907,0.485092830657959,0.3056375503540039,0.9914153218269348,0.45467557907104494,0.3010491689046224,0.9912588000297546,0.4740804672241211,0.6181861877441406,0.9900078773498535,0.4536795139312744,0.5831462224324544,0.989744246006012,0.5116209983825684,0.8703582763671875,0.9195021390914917,0.47985062599182127,0.81556822458903,0.9292490482330322
squat,0.3972418785095215,0.02671073277791341,0.0004896829486824572,0.39430251121521,0.009628486633300782,0.0003918766451533884,0.40434956550598145,0.013732846577962239,3.2899362850002944e-05,0.42180476188659666,0.0,0.013657291419804096,0.4383962154388428,0.0,0.0003771195188164711,0.47517056465148927,0.0,0.16184309124946594,0.43045520782470703,0.0,0.07925102114677429,0.38420977592468264,0.05575720469156901,0.7871090173721313,0.3646844387054443,0.07588857014973958,0.40414413809776306,0.21532323360443115,0.1288333574930827,0.7545909285545349,0.2255943775177002,0.12718257904052735,0.5477700233459473,0.5025232315063477,0.2857990264892578,0.9888198971748352,0.4636509895324707,0.2798548380533854,0.9848273992538452,0.49132204055786133,0.6006687164306641,0.9909647703170776,0.45436849594116213,0.5630563100179037,0.9876928925514221,0.5201308250427246,0.8575650533040364,0.9344862103462219,0.46887845993041993,0.7987407684326172,0.9337673187255859
squat,0.37652733325958254,0.0,0.004255419597029686,0.37941579818725585,0.0,0.004820711445063353,0.38228816986083985,0.0,0.00027757196221500635,0.4131022453308105,0.0,0.07931181788444519,0.4173478603363037,0.0,0.0011707106605172157,0.4595911979675293,0.0,0.31782180070877075,0.4262291431427002,0.0,0.1565174162387848,0.3484602451324463,0.05549898147583008,0.7653322815895081,0.3571592330932617,0.06298192342122395,0.34024757146835327,0.20029597282409667,0.13688262303670248,0.680891215801239,0.2077562093734741,0.10985949834187826,0.43953636288642883,0.5204689979553223,0.2783970832824707,0.9801250696182251,0.4882660388946533,0.27212931315104166,0.9728673696517944,0.5007661819458008,0.5963033676147461,0.9861339926719666,0.4615358352661133,0.5566731135050456,0.9804531335830688,0.5314452171325683,0.8513556162516276,0.9118603467941284,0.47878155708312986,0.7937987009684245,0.9113432765007019
squat,0.3629070520401001,0.0,0.004564746282994747,0.3652064800262451,0.0,0.003879149677231908,0.3700896739959717,0.0,0.00030319587676785886,0.4010339260101318,0.0,0.06837295740842819,0.40878915786743164,0.0,0.00139510293956846,0.45300092697143557,0.0,0.3171393871307373,0.41737942695617675,0.0,0.27578046917915344,0.33037371635437013,0.03622878392537435,0.7756083607673645,0.33698883056640627,0.049650382995605466,0.5865755081176758,0.18917694091796874,0.12044429779052734,0.7125405073165894,0.19918134212493896,0.10798031489054362,0.6511762738227844,0.531074333190918,0.267381477355957,0.9844957590103149,0.4962272644042969,0.2630111853281657,0.985470175743103,0.5117683410644531,0.6007038116455078,0.9855043292045593,0.4715010166168213,0.5621568044026692,0.9858630299568176,0.5372572898864746,0.8485790888468424,0.8870449662208557,0.48211822509765623,0.7919197718302409,0.91013503074646
squat,0.3645216941833496,0.00817092259724935,0.0030757207423448563,0.36601886749267576,0.0,0.002302823355421424,0.3692848443984985,0.0,0.0003078903828281909,0.3951819658279419,0.0,0.04881284758448601,0.40043978691101073,0.0,0.002102077240124345,0.4492441177368164,0.0,0.2884359359741211,0.4126858711242676,0.0,0.26395654678344727,0.32648568153381347,0.033992799123128255,0.7127261161804199,0.33641958236694336,0.0588600476582845,0.5627497434616089,0.18494751453399658,0.11348505020141601,0.619406521320343,0.20484576225280762,0.12375516891479492,0.6108828186988831,0.5372149467468261,0.28967488606770836,0.9886047840118408,0.5017579078674317,0.28559322357177735,0.9901061654090881,0.5071048736572266,0.6206188837687174,0.9916114211082458,0.4819009304046631,0.5770003000895182,0.9923845529556274,0.5314656257629394,0.8839771270751953,0.9470139741897583,0.5008607387542725,0.8131271362304687,0.9601151943206787
squat,0.3644102096557617,0.0039653778076171875,0.0048055341467261314,0.36069254875183104,0.0,0.0037496096920222044,0.36854465007781984,0.0,0.0003455864789430052,0.37893176078796387,0.0,0.04634290561079979,0.3947754383087158,0.0,0.0017353029688820243,0.43056979179382326,0.0,0.31171441078186035,0.4123876094818115,0.0,0.16298729181289673,0.3347057342529297,0.05175298055013021,0.7825616002082825,0.3349719524383545,0.04083105723063151,0.38347718119621277,0.18445372581481934,0.13211714426676432,0.724088728427887,0.21154577732086183,0.11300443013509115,0.5263837575912476,0.5509757995605469,0.25113515853881835,0.9721245765686035,0.5300944328308106,0.2505099614461263,0.9640896916389465,0.5149291038513184,0.6034516016642253,0.9749016761779785,0.5122336864471435,0.5851590474446614,0.9644181132316589,0.5439269065856933,0.8797665913899739,0.7855613231658936,0.5188932418823242,0.8438611348470052,0.7817292809486389
squat,0.35390076637268064,0.015014966328938803,0.011158478446304798,0.35077543258666993,0.0,0.0048230960965156555,0.3581522464752197,0.0002342542012532552,0.0015144705539569259,0.3612174987792969,0.0,0.039103370159864426,0.3805368423461914,0.0,0.008818641304969788,0.41204423904418946,0.0,0.2941987216472626,0.398016095161438,0.0,0.44467562437057495,0.30571541786193845,0.05796181360880534,0.6357859373092651,0.30970125198364257,0.048757044474283855,0.696155309677124,0.16358864307403564,0.11536083221435547,0.5683373212814331,0.19094560146331788,0.12621510823567708,0.7250404953956604,0.5564467906951904,0.27186724344889324,0.9600629806518555,0.5390092849731445,0.27149257659912107,0.9755505323410034,0.5001508235931397,0.6234498341878255,0.969673216342926,0.5023278713226318,0.6050361633300781,0.9787395000457764,0.534420394897461,0.8803620020548503,0.7857921123504639,0.5204144954681397,0.8486410140991211,0.8516572117805481
squat,0.3942918062210083,0.0,0.053764745593070984,0.39829092025756835,0.0,0.022009342908859253,0.3955883741378784,0.0,0.008427130989730358,0.4021317481994629,0.0,0.15240176022052765,0.4037018775939941,0.0,0.026331491768360138,0.42456669807434083,0.05612023671468099,0.6455327272415161,0.4001761436462402,0.04991633097330729,0.7686965465545654,0.28744874000549314,0.15672381718953451,0.7805193066596985,0.2708433151245117,0.1351669947306315,0.7841423153877258,0.186570143699646,0.1378939946492513,0.6754406094551086,0.16820669174194336,0.15919208526611328,0.7459834218025208,0.5562315940856933,0.3373191197713216,0.9783278107643127,0.5317543983459473,0.3352693239847819,0.9854046702384949,0.49196319580078124,0.6387235005696614,0.9820035099983215,0.4802219867706299,0.6085894266764323,0.9839547872543335,0.5384968280792236,0.8815612157185873,0.8600775599479675,0.5131401062011719,0.8359345118204753,0.8885737657546997
squat,0.38578038215637206,0.08786280949910481,0.018997950479388237,0.3860698938369751,0.07410208384195964,0.013694197870790958,0.3892675876617432,0.07548313140869141,0.002920561470091343,0.39691259860992434,0.06355921427408855,0.13177892565727234,0.41152219772338866,0.06689964930216472,0.011300880461931229,0.44258923530578614,0.10253340403238932,0.5205678343772888,0.4330111026763916,0.11089884440104167,0.4095056354999542,0.38750462532043456,0.15641740163167317,0.693443775177002,0.3912067413330078,0.1819478670756022,0.47959262132644653,0.3466912508010864,0.1552895228068034,0.5678024888038635,0.3392480373382568,0.1728082021077474,0.45306092500686646,0.5507509708404541,0.36704721450805666,0.9806088805198669,0.5352534294128418,0.36203699111938475,0.9787836074829102,0.4844639778137207,0.6463157018025716,0.9934044480323792,0.45740699768066406,0.5930892944335937,0.9916990995407104,0.537091064453125,0.8840235392252604,0.9767913818359375,0.49661526679992674,0.7831295013427735,0.9782981276512146
squat,0.35567626953125,0.09901587168375652,0.7263197302818298,0.3644598960876465,0.08142649332682292,0.8372285962104797,0.3586646318435669,0.08225517272949219,0.17124058306217194,0.40293312072753906,0.08442373275756836,0.9023301601409912,0.39448726177215576,0.07909660339355469,0.05093860626220703,0.4610123157501221,0.17807846069335936,0.9601679444313049,0.44019155502319335,0.17271931966145834,0.8390516042709351,0.44455132484436033,0.28698438008626304,0.8707083463668823,0.428026008605957,0.2933103879292806,0.45613425970077515,0.41915526390075686,0.2353116512298584,0.734691858291626,0.3885048389434814,0.2656898498535156,0.41480129957199097,0.5808002471923828,0.4563353220621745,0.9873142838478088,0.5654921054840087,0.44666627248128254,0.9798821210861206,0.46221084594726564,0.6527563730875651,0.9951698184013367,0.45193138122558596,0.6080469131469727,0.9917752742767334,0.5324540138244629,0.8874767939249675,0.9865580201148987,0.5295334815979004,0.8119129816691081,0.9855144023895264
squat,0.38867764472961425,0.14309612909952799,0.06914186477661133,0.39102787971496583,0.1284921646118164,0.06428505480289459,0.39393889904022217,0.12643283208211262,0.013074943795800209,0.3951544761657715,0.13277374903361003,0.4201951026916504,0.4187946796417236,0.12018636067708334,0.05300422012805939,0.43157520294189455,0.22964452107747396,0.7913218140602112,0.46028642654418944,0.21256818771362304,0.594255805015564,0.4090719223022461,0.38343912760416665,0.6683444976806641,0.5071443080902099,0.3580804189046224,0.37256738543510437,0.377808141708374,0.3962519327799479,0.47688329219818115,0.4959832191467285,0.39894367853800455,0.307429701089859,0.5475508213043213,0.5109037717183431,0.9662433862686157,0.5593146324157715,0.4992693265279134,0.9576115012168884,0.4500247001647949,0.6499025980631511,0.9865257740020752,0.4476958751678467,0.6115640640258789,0.9819367527961731,0.5274747848510742,0.8619297027587891,0.9716069102287292,0.515552282333374,0.8030084609985352,0.970961332321167
squat,0.3668625831604004,0.28346726099650066,0.9495561718940735,0.3772174835205078,0.2652831713358561,0.9597125053405762,0.36578447818756105,0.2695439338684082,0.49868881702423096,0.4116517066955566,0.267050043741862,0.9579362869262695,0.38851912021636964,0.2707052230834961,0.13367603719234467,0.4376997947692871,0.3446592013041178,0.989232063293457,0.43213372230529784,0.3436340649922689,0.9751846790313721,0.3299577236175537,0.4584451675415039,0.9767870306968689,0.34037370681762696,0.43466231028238933,0.8537318110466003,0.22035179138183594,0.47578970591227215,0.9528285264968872,0.2024585485458374,0.4685617446899414,0.8572918772697449,0.5672459125518798,0.5327818552652995,0.9778218865394592,0.5570807933807373,0.5304970105489095,0.9718076586723328,0.43912420272827146,0.6463083902994792,0.9828692078590393,0.4418175220489502,0.6363993326822917,0.9709180593490601,0.5203006744384766,0.8553049723307292,0.916824221611023,0.5104181289672851,0.8337308247884114,0.9069953560829163
squat,0.3577516794204712,0.3426806131998698,0.9735044240951538,0.37537484169006347,0.32290287017822267,0.9880375862121582,0.3546751022338867,0.3237194061279297,0.4756706655025482,0.423581600189209,0.326837158203125,0.9871870279312134,0.3731658935546875,0.32121671040852867,0.05683007836341858,0.4530954837799072,0.40260222752888997,0.996830403804779,0.42349467277526853,0.400369135538737,0.9639509916305542,0.33424839973449705,0.498956553141276,0.9945371747016907,0.35403392314910886,0.48257872263590496,0.7300904393196106,0.20398638248443604,0.5379151026407878,0.9858686923980713,0.20551929473876954,0.5437671025594075,0.7919008135795593,0.5937188148498536,0.5972839991251627,0.9839594960212708,0.5677011489868165,0.5907963434855144,0.9557464718818665,0.44188413619995115,0.6662644068400065,0.9807689189910889,0.4290722370147705,0.6416481018066407,0.9282331466674805,0.5271902561187745,0.8587102890014648,0.8914865255355835,0.5246397495269776,0.8195177714029948,0.8119282722473145
squat,0.3552365779876709,0.3620317459106445,0.9741891026496887,0.37661311626434324,0.3358929951985677,0.9882991313934326,0.3435011625289917,0.3421645482381185,0.5417280793190002,0.4241652488708496,0.3392579396565755,0.9836677312850952,0.34699187278747556,0.3442863464355469,0.06079571321606636,0.4503763198852539,0.4209085782368978,0.995460569858551,0.4017475128173828,0.4216111818949381,0.9501750469207764,0.30094473361968993,0.5143571535746256,0.9929015040397644,0.344956374168396,0.4682757059733073,0.6795587539672852,0.15054595470428467,0.5671220143636068,0.983772337436676,0.23690896034240722,0.5313093185424804,0.7672017216682434,0.6076780319213867,0.6392656326293945,0.9786712527275085,0.566221809387207,0.6389243443806966,0.942328155040741,0.4273374557495117,0.6568827946980794,0.974229633808136,0.4092880725860596,0.6521001815795898,0.9034475684165955,0.5317416191101074,0.8546578725179036,0.8867886066436768,0.5247843265533447,0.8395110448201497,0.7980382442474365
squat,0.3502259016036987,0.327766482035319,0.9691517353057861,0.36722042560577395,0.30963993072509766,0.985245406627655,0.35018391609191896,0.3098968505859375,0.49046728014945984,0.4145230770111084,0.3198628743489583,0.9849122762680054,0.37287349700927735,0.31184584299723306,0.07351210713386536,0.436002254486084,0.4028683344523112,0.9951401948928833,0.41849827766418457,0.3947304089864095,0.967829704284668,0.3020314693450928,0.4983067830403646,0.9898945689201355,0.3214611053466797,0.4693094889322917,0.7431155443191528,0.18453214168548585,0.5279559453328451,0.973164975643158,0.1532355546951294,0.5241851170857748,0.7775105237960815,0.5772795677185059,0.5849079132080078,0.9801779389381409,0.5583417892456055,0.577937126159668,0.9585006833076477,0.4308774948120117,0.662555185953776,0.9808576107025146,0.4162010669708252,0.6394309361775716,0.9442315697669983,0.5274323463439942,0.8485031127929688,0.9085217714309692,0.5076449871063232,0.8135554631551106,0.8622893691062927
squat,0.3529928922653198,0.2578513781229655,0.9526643753051758,0.3662393808364868,0.24039506912231445,0.9464578032493591,0.34584524631500246,0.2435937563578288,0.7157359719276428,0.39363033771514894,0.25767434438069664,0.9114869832992554,0.3500551223754883,0.25994014739990234,0.27621254324913025,0.41815981864929197,0.34838171005249025,0.9790357351303101,0.37943053245544434,0.34625136057535805,0.9775137901306152,0.33079211711883544,0.42941557566324867,0.9321643710136414,0.2839475154876709,0.41491581598917643,0.8617968559265137,0.2617145776748657,0.39092222849527997,0.8676792979240417,0.16909501552581788,0.42706298828125,0.8244933485984802,0.5487485408782959,0.5263749440511067,0.9710230827331543,0.5187963485717774,0.5248608271280925,0.9745509624481201,0.4271678924560547,0.6574403127034505,0.9805819392204285,0.4071018218994141,0.6330186208089192,0.9763368368148804,0.5245499610900879,0.8409653981526692,0.9327817559242249,0.49873971939086914,0.7960589090983073,0.9378182291984558
squat,0.3542128801345825,0.13687314987182617,0.35127291083335876,0.36037321090698243,0.12164713541666666,0.28214380145072937,0.3613079786300659,0.1209308942159017,0.05060508847236633,0.37298610210418703,0.13163925806681315,0.6925816535949707,0.38931937217712403,0.12273130416870118,0.07252003997564316,0.40229144096374514,0.2326024055480957,0.9495481848716736,0.4061104774475098,0.2209012985229492,0.919580340385437,0.3309776782989502,0.34938392639160154,0.9346168041229248,0.34247241020202634,0.32399606704711914,0.8058343529701233,0.26530909538269043,0.3607580502827962,0.8629552125930786,0.2552358388900757,0.3655538558959961,0.757236897945404,0.5143708229064942,0.4941684722900391,0.9862310290336609,0.5121274948120117,0.4871768315633138,0.9848942160606384,0.4205824375152588,0.6641239802042643,0.9884684681892395,0.40987319946289064,0.6334381103515625,0.9844304919242859,0.5201661586761475,0.852835210164388,0.9437580704689026,0.49134078025817873,0.806200917561849,0.9434042572975159
squat,0.367879581451416,0.09751405715942382,0.7053598761558533,0.3773585081100464,0.08005123138427735,0.6301708817481995,0.3675447702407837,0.08007027308146158,0.2130873054265976,0.4004157543182373,0.09394321441650391,0.728376030921936,0.3863633394241333,0.08853788375854492,0.11917521804571152,0.4295112133026123,0.1994762420654297,0.9609870910644531,0.40659193992614745,0.1865969975789388,0.9327174425125122,0.3895677328109741,0.27363545099894204,0.9315782785415649,0.38126339912414553,0.24994929631551108,0.8113256096839905,0.351907753944397,0.20064334869384765,0.8718315362930298,0.34534716606140137,0.2071031888326009,0.7604203224182129,0.5149631500244141,0.45811735788981117,0.987148106098175,0.49552464485168457,0.45014775594075523,0.9846529364585876,0.4392232894897461,0.6619187037150065,0.9910269379615784,0.4171929836273193,0.6216930389404297,0.9877519607543945,0.5253311157226562,0.865731684366862,0.9548041820526123,0.4960050582885742,0.7996050516764323,0.9544560313224792
squat,0.3812913179397583,0.030141258239746095,0.06645236909389496,0.3786305904388428,0.008064079284667968,0.05852232500910759,0.3810719966888428,0.01306463877360026,0.005652500782161951,0.3954623699188232,0.01181809107462565,0.30647459626197815,0.4110410213470459,0.01910263697306315,0.01457826979458332,0.4728851318359375,0.13674195607503256,0.8798436522483826,0.424916934967041,0.10667425791422526,0.6018081903457642,0.4941231727600098,0.29882259368896485,0.9071182012557983,0.3961432695388794,0.21048123041788738,0.4974827468395233,0.3704559564590454,0.18050473531087238,0.8106945157051086,0.307391357421875,0.13786404927571613,0.4847971498966217,0.5163030624389648,0.4281569798787435,0.9835718870162964,0.48750767707824705,0.4047508239746094,0.9696216583251953,0.45487637519836427,0.6725333531697592,0.9870007038116455,0.4407555103302002,0.6103195826212565,0.975527286529541,0.5230268478393555,0.8807943344116211,0.9167810678482056,0.49850215911865237,0.7845381418863933,0.8992941975593567
squat,0.35370626449584963,0.03295892079671224,0.01793944090604782,0.35026326179504397,0.01661831537882487,0.012480011209845543,0.3599111080169678,0.019391695658365887,0.002013801597058773,0.35999670028686526,0.0,0.10386316478252411,0.38938724994659424,0.0,0.008075001649558544,0.4169615745544434,0.020688756306966146,0.5133028030395508,0.40238938331604,0.038623936971028644,0.35771650075912476,0.3639406681060791,0.061889966328938804,0.7492898106575012,0.34883842468261717,0.10883410771687825,0.44038358330726624,0.25529136657714846,0.08514041900634765,0.6148650646209717,0.24721236228942872,0.1479246457417806,0.45817825198173523,0.524837589263916,0.33298635482788086,0.973696768283844,0.510103702545166,0.3346813837687174,0.9690824151039124,0.4716686725616455,0.6334133148193359,0.9814701676368713,0.46521930694580077,0.6050824483235677,0.9756882190704346,0.5284960269927979,0.8738096237182618,0.8952386379241943,0.5038057327270508,0.8178927103678385,0.8954200148582458
squat,0.34325375556945803,0.016444047292073567,0.0005831473390571773,0.3375215530395508,0.0,0.00039651565020903945,0.34917259216308594,0.005651251475016276,4.547066055238247e-05,0.3612871885299683,0.0,0.010408470407128334,0.38243014812469484,0.0,0.0004851188277825713,0.43251590728759765,0.0,0.11921258270740509,0.38810503482818604,0.0,0.07267509400844574,0.3425783634185791,0.049956289927164714,0.6806970834732056,0.3130465507507324,0.03580465316772461,0.3669733703136444,0.17299015522003175,0.09565684000651041,0.6285045146942139,0.18567512035369874,0.07853997548421224,0.4953249990940094,0.5204841613769531,0.284995969136556,0.9757642149925232,0.482434606552124,0.2811356862386068,0.9731020927429199,0.4798593044281006,0.6154706954956055,0.9797913432121277,0.46750483512878416,0.5847387949625651,0.9759299755096436,0.527891731262207,0.8785612106323242,0.8553211092948914,0.49726409912109376,0.8215216318766276,0.866392970085144
squat,0.370962929725647,0.0014729499816894531,0.0012908617500215769,0.36868083477020264,0.0,0.0011007834691554308,0.3788489103317261,0.0,7.676685345359147e-05,0.39662048816680906,0.0,0.029956698417663574,0.4169041633605957,0.0,0.0005776178441010416,0.4534742832183838,0.0,0.2518182396888733,0.41760950088500975,0.0,0.11239980906248093,0.3633722305297852,0.048165448506673175,0.8111357688903809,0.3487342357635498,0.05126123428344727,0.39284002780914307,0.20747160911560059,0.10477364857991536,0.7567516565322876,0.21741085052490233,0.08670571645100912,0.5157715082168579,0.5096966743469238,0.2849826176961263,0.9838908314704895,0.4789177417755127,0.2814090410868327,0.9771388173103333,0.4875307083129883,0.6103569666544596,0.9841600060462952,0.47362141609191893,0.581300163269043,0.9770609736442566,0.5229633331298829,0.8723918914794921,0.865244448184967,0.49970436096191406,0.8255786895751953,0.8596651554107666
squat,0.3860788345336914,0.0,0.0026946701109409332,0.38558282852172854,0.0,0.0023853431921452284,0.39472036361694335,0.0,0.00014847800775896758,0.41559653282165526,0.0,0.05148347094655037,0.43422541618347166,0.0,0.0007683152216486633,0.46743316650390626,0.0,0.3698888421058655,0.4305509090423584,0.0,0.15785327553749084,0.37457191944122314,0.043784077962239584,0.8563090562820435,0.3583065032958984,0.0541961669921875,0.42185601592063904,0.223755407333374,0.10207319259643555,0.8064796924591064,0.2345433235168457,0.09223785400390624,0.5407412648200989,0.509641170501709,0.2903845469156901,0.9852789640426636,0.4798797607421875,0.28806190490722655,0.9769251346588135,0.4934288501739502,0.5971906026204427,0.9839969277381897,0.4834376335144043,0.5731913248697916,0.9749817252159119,0.5196665763854981,0.8520755767822266,0.8590698838233948,0.5056671619415283,0.8159940719604493,0.8446139693260193
squat,0.37786824703216554,0.010959815979003907,0.0007740104920230806,0.37341458797454835,0.0,0.000613247393630445,0.38468289375305176,0.0014918009440104167,3.9839058445068076e-05,0.39914109706878664,0.0,0.02105080522596836,0.4187497138977051,0.0,0.00035456629120744765,0.4692498207092285,0.0,0.34229105710983276,0.41257853507995607,0.0,0.11168194562196732,0.40752010345458983,0.03216543197631836,0.9086597561836243,0.353226900100708,0.038254102071126304,0.4745294451713562,0.22481656074523926,0.06832942962646485,0.8758672475814819,0.22719452381134034,0.04791173934936523,0.6170785427093506,0.5140759468078613,0.28454481760660805,0.9936553239822388,0.47183818817138673,0.2827310562133789,0.9887087941169739,0.4957190990447998,0.5720104853312175,0.9899088144302368,0.48178725242614745,0.5520629247029623,0.9823756814002991,0.5165373325347901,0.8124605814615885,0.8960636258125305,0.5058991432189941,0.7779851277669271,0.8765662908554077
squat,0.36358649730682374,0.008105023701985677,0.0012943828478455544,0.35930335521698,0.0,0.0010904818773269653,0.37061266899108886,0.0,5.998686538077891e-05,0.3878920078277588,0.0,0.031857650727033615,0.4103425979614258,0.0,0.0005337299662642181,0.4557079315185547,0.0,0.38623160123825073,0.42136125564575194,0.0,0.12838533520698547,0.4099708557128906,0.038526757558186846,0.9027567505836487,0.3844862461090088,0.03825438817342122,0.4586222767829895,0.2506856918334961,0.09308300018310547,0.8716103434562683,0.26025958061218263,0.08002630869547527,0.6117770671844482,0.5113797187805176,0.2611975828806559,0.9888363480567932,0.48313217163085936,0.25562947591145835,0.9802738428115845,0.49196462631225585,0.5541542689005534,0.9877961874008179,0.48018574714660645,0.5266303062438965,0.9792936444282532,0.5219719886779786,0.7956098556518555,0.8832131028175354,0.5045945167541503,0.750007692972819,0.8672371506690979
squat,0.3812523126602173,0.010594431559244792,0.0015005976893007755,0.37788686752319334,0.0,0.0010902356589213014,0.39089059829711914,4.418690999348959e-06,8.270857506431639e-05,0.40824093818664553,0.0,0.033042654395103455,0.4351171970367432,0.0,0.0007081523654051125,0.4706528663635254,0.0,0.3729707598686218,0.43357129096984864,0.0,0.2177816778421402,0.3985209226608276,0.04022830327351888,0.8827486634254456,0.3770695447921753,0.05660851796468099,0.6191163659095764,0.2492042064666748,0.09545507431030273,0.8436979055404663,0.2620908260345459,0.09024902979532877,0.6957501173019409,0.5093190670013428,0.28258495330810546,0.9917072653770447,0.4791921615600586,0.27949387232462564,0.9892516732215881,0.4949831962585449,0.5669523874918619,0.9903678894042969,0.47835264205932615,0.5383799235026042,0.9879961609840393,0.5234187602996826,0.7934991200764974,0.9161470532417297,0.5029562950134278,0.7472934722900391,0.9200769066810608
squat,0.3870946168899536,0.0,0.0020914068445563316,0.3872004508972168,0.0,0.0015096931019797921,0.39670791625976565,0.0,0.00013321038568392396,0.4239976406097412,0.0,0.03607313707470894,0.4406746864318848,0.0,0.0008592329686507583,0.4845917224884033,0.0,0.30669158697128296,0.4366260528564453,0.0,0.2627779245376587,0.4038358688354492,0.03820823033650716,0.8182852864265442,0.37939019203186036,0.056345653533935544,0.665687620639801,0.2467496156692505,0.08987487157185872,0.7780444622039795,0.25612168312072753,0.07646608352661133,0.7127012610435486,0.5153083324432373,0.284844970703125,0.9902053475379944,0.4763184547424316,0.28039382298787435,0.9903377294540405,0.5079334259033204,0.5677855173746745,0.9906290173530579,0.47319393157958983,0.5344982782999674,0.9912087917327881,0.5325910091400147,0.7977056503295898,0.9310596585273743,0.501220989227295,0.751051394144694,0.9454960227012634
squat,0.39846234321594237,0.0,0.002795375883579254,0.39931507110595704,0.0,0.0020896499045193195,0.4046663761138916,0.0,0.00024359235248994082,0.43198652267456056,0.0,0.038998160511255264,0.43964738845825196,0.0,0.001467525726184249,0.48889546394348143,0.0,0.27224019169807434,0.4353492259979248,0.0,0.2778257727622986,0.40139451026916506,0.048760636647542314,0.7372176051139832,0.3791378974914551,0.058457501729329425,0.6230106949806213,0.25574297904968263,0.12398780186971028,0.6753854155540466,0.2589889049530029,0.09648119608561198,0.6462062001228333,0.5256668090820312,0.29180545806884767,0.9881530404090881,0.4820981979370117,0.28565216064453125,0.98946613073349,0.5055177211761475,0.5794291814168294,0.989845871925354,0.456908655166626,0.5343945821126302,0.9909518957138062,0.5396326065063477,0.7939539591471354,0.9430831670761108,0.4898244857788086,0.7253124237060546,0.9568303227424622
squat,0.38595693111419677,0.012067031860351563,0.0016390254022553563,0.38593530654907227,0.0,0.0008027576841413975,0.3892491340637207,0.0008807182312011719,0.0002586837799753994,0.41356329917907714,0.0,0.012489229440689087,0.4147372245788574,0.0,0.0021317738573998213,0.4769617557525635,0.0,0.14892230927944183,0.4082587718963623,0.0,0.28600093722343445,0.372188663482666,0.05347010294596354,0.5575599670410156,0.34033660888671874,0.06477076212565104,0.7038195133209229,0.22680745124816895,0.09311402638753255,0.48716238141059875,0.2258673906326294,0.07451613744099934,0.6907064914703369,0.5320855140686035,0.29859333038330077,0.9903609752655029,0.475270938873291,0.2911865234375,0.9944469928741455,0.5052247047424316,0.5912534713745117,0.9951061010360718,0.4558401107788086,0.5327493031819661,0.9970824122428894,0.5396131038665771,0.8305298487345377,0.9806379079818726,0.4908912658691406,0.7350508371988932,0.9888889193534851
squat,0.3208505392074585,0.019300174713134766,0.00464449031278491,0.31570112705230713,0.0012875239054361979,0.003171836957335472,0.32175445556640625,0.01049973169962565,0.0006024218746460974,0.3370417594909668,0.0,0.03134141489863396,0.346356725692749,0.0,0.0031247208826243877,0.4233339786529541,0.0,0.30086037516593933,0.3741436004638672,0.010827859242757162,0.2005693018436432,0.3899230003356934,0.02174832026163737,0.6892693042755127,0.3509986877441406,0.06952492396036784,0.47061464190483093,0.2677926778793335,0.12438713709513347,0.6151586771011353,0.26630659103393556,0.13849252065022785,0.560273289680481,0.5344581604003906,0.27689812978108724,0.9864996671676636,0.4926248550415039,0.27928301493326824,0.9858237504959106,0.49999098777770995,0.5611523310343425,0.9926419854164124,0.4733522891998291,0.5245286305745442,0.9922226071357727,0.5363026142120362,0.8219308217366537,0.9674710631370544,0.49593186378479004,0.7370721817016601,0.9728180170059204
squat,0.37962539196014405,0.017102909088134766,0.08076764643192291,0.38285484313964846,0.002108446756998698,0.05127181485295296,0.38461053371429443,0.0,0.010770709253847599,0.39450573921203613,0.0,0.38838204741477966,0.4095884323120117,0.0,0.03698798269033432,0.4280702114105225,0.06612106959025064,0.8637591600418091,0.42561936378479004,0.057784016927083334,0.8442344069480896,0.325040602684021,0.1687373161315918,0.8765316605567932,0.3462638854980469,0.1644071578979492,0.8005101680755615,0.23538968563079835,0.17235984802246093,0.7559638023376465,0.25640149116516114,0.20845158894856772,0.7428898215293884,0.5382747173309326,0.3299620946248372,0.9913693070411682,0.5281675815582275,0.31991170247395834,0.992514431476593,0.4790497303009033,0.5941685358683269,0.9940463304519653,0.46364736557006836,0.5448398590087891,0.9941896200180054,0.5230483531951904,0.8082412083943685,0.9650177359580994,0.4913207530975342,0.7353936513264974,0.9723562598228455
squat,0.35634522438049315,0.09989274342854818,0.8244540691375732,0.35980327129364015,0.08132251103719075,0.8919469714164734,0.36418702602386477,0.08410221735636393,0.1696380078792572,0.39409642219543456,0.07016417185465494,0.9588033556938171,0.4168140411376953,0.07089513142903646,0.07838097959756851,0.4349003791809082,0.15303347905476888,0.9867991805076599,0.4602991580963135,0.13470773696899413,0.9392738938331604,0.3475557565689087,0.25121962229410805,0.968100905418396,0.380613899230957,0.20516862869262695,0.6912428140640259,0.26465959548950196,0.2696272850036621,0.910091757774353,0.27687559127807615,0.2523045539855957,0.6602311730384827,0.5357321739196778,0.41262563069661456,0.9884903430938721,0.5470171451568604,0.39931996663411456,0.9798949360847473,0.46079344749450685,0.6104878107706706,0.9908526539802551,0.46375293731689454,0.5700942357381185,0.9825853109359741,0.5278105735778809,0.8138229370117187,0.9502622485160828,0.48608903884887694,0.7466574986775716,0.9423311948776245
squat,0.34533066749572755,0.19502534866333007,0.8821936249732971,0.35111758708953855,0.17766173680623373,0.8873316645622253,0.3505558967590332,0.18250096638997396,0.28173738718032837,0.38634696006774905,0.1658505121866862,0.926453173160553,0.38967487812042234,0.17169993718465168,0.08990222215652466,0.42846078872680665,0.2298543612162272,0.9846781492233276,0.4267815113067627,0.22855472564697266,0.9731463193893433,0.33307313919067383,0.32158775329589845,0.9728734493255615,0.3364048957824707,0.30699634552001953,0.9001118540763855,0.24891886711120606,0.3394675572713216,0.9440134167671204,0.22598159313201904,0.3487109184265137,0.8847103714942932,0.5470432758331298,0.4560098648071289,0.9869781732559204,0.5392539978027344,0.4508435567220052,0.9861279726028442,0.4460617542266846,0.5961708068847656,0.9879136681556702,0.43594889640808104,0.5672624588012696,0.9841791987419128,0.5261917114257812,0.7941749572753907,0.9386940002441406,0.4882558822631836,0.7419710795084635,0.9429362416267395
squat,0.34588007926940917,0.26835320790608724,0.9013599157333374,0.3531106233596802,0.2528082529703776,0.9471942186355591,0.3510053873062134,0.2556770324707031,0.19747181236743927,0.39044780731201173,0.24788653055826823,0.9740619659423828,0.3900883913040161,0.24632848103841146,0.04932786151766777,0.42635197639465333,0.30761582056681314,0.9940446019172668,0.44263410568237305,0.303912353515625,0.9539628028869629,0.32953944206237795,0.39482421875,0.991642951965332,0.36904425621032716,0.3794541358947754,0.769649088382721,0.2261589288711548,0.4228515625,0.9775438904762268,0.22865779399871827,0.42438640594482424,0.8028889894485474,0.5650046348571778,0.505117925008138,0.9870775938034058,0.5676123619079589,0.4990756670633952,0.971067488193512,0.4356799602508545,0.5897730509440104,0.9867416024208069,0.43076534271240235,0.5696928024291992,0.9623305201530457,0.5223568439483642,0.7862405141194662,0.9299697279930115,0.49504904747009276,0.7479095458984375,0.8951603770256042
squat,0.34867818355560304,0.3106355667114258,0.9352806806564331,0.356585431098938,0.2934804280598958,0.9680615663528442,0.3528266429901123,0.29792346954345705,0.30512505769729614,0.3971623659133911,0.28665221532185875,0.9767444133758545,0.3913447141647339,0.2890301704406738,0.05551116168498993,0.434645414352417,0.35059773127237953,0.9928045868873596,0.44483213424682616,0.3446819305419922,0.9477334022521973,0.33400964736938477,0.4539798736572266,0.9876282215118408,0.3720081090927124,0.4243869463602702,0.7181947231292725,0.23651201725006105,0.48199392954508463,0.9705705046653748,0.2532665729522705,0.4670541763305664,0.761509120464325,0.5684071540832519,0.531084410349528,0.9783387184143066,0.5680164813995361,0.5244494120279948,0.9533437490463257,0.43539938926696775,0.6093416213989258,0.9811134338378906,0.43129992485046387,0.5891441345214844,0.9479740262031555,0.5232657432556153,0.7943277359008789,0.9234340786933899,0.4948798656463623,0.7545180638631185,0.8864508271217346
squat,0.35318899154663086,0.3522888819376628,0.9379488825798035,0.36248724460601806,0.3361061414082845,0.9783746600151062,0.3564538240432739,0.3419908841451009,0.26778310537338257,0.4048460483551025,0.32776495615641277,0.9848104119300842,0.38768324851989744,0.334749698638916,0.03002054989337921,0.4529874801635742,0.3795860926310221,0.9966412782669067,0.4333071231842041,0.40045591990152996,0.9040188789367676,0.35195164680480956,0.45156815846761067,0.9941346049308777,0.40233559608459474,0.4837899843851725,0.47278109192848206,0.2348708391189575,0.49880228042602537,0.9818364977836609,0.3452941417694092,0.5134237925211589,0.559368908405304,0.5859185218811035,0.5996583302815756,0.9898446798324585,0.5649733543395996,0.6012081146240235,0.9540247321128845,0.44060463905334474,0.6247737248738606,0.9896312355995178,0.4227858543395996,0.6073424657185872,0.9417824745178223,0.5241529941558838,0.8048146565755209,0.9631270170211792,0.5153676033020019,0.7587936401367188,0.9109423160552979
squat,0.3610445499420166,0.32913233439127604,0.9568728804588318,0.3718985080718994,0.31239744822184246,0.9771937131881714,0.3644473791122437,0.3148581186930339,0.391467422246933,0.41696577072143554,0.30846144358317057,0.9752052426338196,0.39664933681488035,0.30706965128580727,0.04911666736006737,0.45096631050109864,0.37343972524007163,0.9932350516319275,0.44225420951843264,0.3650666236877441,0.9504610896110535,0.34451382160186766,0.47070709864298504,0.989666223526001,0.36591134071350095,0.43698873519897463,0.746046245098114,0.24332056045532227,0.4981614430745443,0.9793633818626404,0.2593277931213379,0.47698739369710286,0.808359682559967,0.5777186870574951,0.5447472890218099,0.9760119318962097,0.5652939796447753,0.5371082941691081,0.9467810392379761,0.4459996700286865,0.603491465250651,0.9780664443969727,0.4368157386779785,0.5819860458374023,0.9370969533920288,0.522605562210083,0.7967706680297851,0.9080827832221985,0.5023697853088379,0.7581951141357421,0.8602691292762756
squat,0.3671438455581665,0.25390625,0.9091923832893372,0.37964115142822263,0.24063920974731445,0.9540429711341858,0.3729531764984131,0.23862924575805664,0.28372031450271606,0.42148656845092775,0.2490365982055664,0.9764916300773621,0.40979952812194825,0.23337116241455078,0.0840354859828949,0.44513258934020994,0.3224603017171224,0.994203507900238,0.466170072555542,0.30588725407918294,0.9532961845397949,0.3549803733825684,0.39927132924397785,0.9862111210823059,0.44576115608215333,0.38014151255289713,0.7225653529167175,0.2670912265777588,0.40643240610758463,0.9609447717666626,0.36051244735717775,0.4172262191772461,0.7314303517341614,0.5683539390563965,0.5229628880818685,0.9908661246299744,0.5717117786407471,0.5110353787740072,0.9797508120536804,0.4442946434020996,0.6075268427530924,0.9932337403297424,0.43705477714538576,0.5795766194661458,0.9829157590866089,0.5201454162597656,0.7957194010416667,0.9742085933685303,0.509090805053711,0.7564915974934896,0.9631543159484863
squat,0.3684710502624512,0.15045798619588216,0.8869985938072205,0.38385069370269775,0.13369906743367513,0.9421484470367432,0.3672731637954712,0.13019612630208333,0.3985719382762909,0.4244896411895752,0.15489654541015624,0.9539159536361694,0.39058637619018555,0.13619715372721355,0.11170745640993118,0.47249479293823243,0.2695506731669108,0.9795292019844055,0.44669399261474607,0.23884018262227377,0.8890039920806885,0.49181036949157714,0.4279407819112142,0.8993485569953918,0.4662603855133057,0.366781743367513,0.4528900384902954,0.43939008712768557,0.4621586799621582,0.8137736320495605,0.40308589935302735,0.4579676310221354,0.44290396571159363,0.5755171775817871,0.4872261047363281,0.9723996520042419,0.5575562477111816,0.468160088857015,0.9510318636894226,0.45119585990905764,0.5984266916910808,0.9846436977386475,0.4301003932952881,0.568626340230306,0.9706997871398926,0.5148200988769531,0.8021842956542968,0.9595326781272888,0.5114977836608887,0.7717859268188476,0.9502112865447998
squat,0.3694072961807251,0.08575223286946615,0.9156707525253296,0.3830587863922119,0.06697057088216146,0.9550908803939819,0.371811056137085,0.06334231694539388,0.31591594219207764,0.428934907913208,0.07367776234944662,0.9663645625114441,0.4053701877593994,0.05706923802693685,0.07222141325473785,0.4561313629150391,0.1943477948506673,0.9889709949493408,0.44817914962768557,0.14048627217610676,0.9357144236564636,0.40914430618286135,0.374462890625,0.9680361151695251,0.3979824066162109,0.19959828058878581,0.6409813165664673,0.3877572059631348,0.4757922808329264,0.9368772506713867,0.2932833194732666,0.23398380279541015,0.6539434194564819,0.5404104232788086,0.428104305267334,0.9891586303710938,0.5343982219696045,0.40506620407104493,0.9774516224861145,0.45526752471923826,0.6037975947062174,0.9937606453895569,0.4459961414337158,0.5614734649658203,0.9854763150215149,0.5158827781677247,0.8080116907755533,0.9709402322769165,0.49789929389953613,0.749702517191569,0.9619979858398438
squat,0.3781969785690308,0.060682487487792966,0.11807242035865784,0.3800670146942139,0.04481293360392253,0.1448342204093933,0.3863849401473999,0.048049672444661455,0.009373430162668228,0.40877585411071776,0.039234193166097005,0.5413487553596497,0.42917695045471194,0.043322277069091794,0.011727859266102314,0.45668978691101075,0.10909884770711263,0.8185375928878784,0.44219398498535156,0.10172732671101888,0.6749091148376465,0.37382380962371825,0.18396924336751302,0.8568728566169739,0.34473557472229005,0.14733212788899738,0.5486539006233215,0.26704888343811034,0.1888841946919759,0.7471175789833069,0.23745145797729492,0.15875829060872396,0.530682384967804,0.5323721885681152,0.37653656005859376,0.9817454218864441,0.5211511611938476,0.36763455073038737,0.9768759608268738,0.46546592712402346,0.5995962142944335,0.9895798563957214,0.4656386852264404,0.5655638376871744,0.9853976964950562,0.5184381008148193,0.8117998758951823,0.9550842642784119,0.5013660430908203,0.7563472747802734,0.955999493598938
squat,0.40254888534545896,0.040961265563964844,0.02538728155195713,0.40183224678039553,0.024701658884684244,0.015955086797475815,0.4018904685974121,0.02702163060506185,0.004304931499063969,0.4115485668182373,0.002848911285400391,0.08093444257974625,0.4148889064788818,0.009224287668863932,0.014225360006093979,0.4443159580230713,0.03388888041178385,0.3617590069770813,0.42503180503845217,0.04447781244913737,0.40880805253982544,0.34293169975280763,0.0911937395731608,0.5723962187767029,0.35556764602661134,0.0940228780110677,0.47877657413482666,0.2257765531539917,0.12377204895019531,0.44285205006599426,0.22870936393737792,0.09704195658365886,0.46529489755630493,0.5410493373870849,0.3105757395426432,0.9568445086479187,0.5206593036651611,0.31174958546956383,0.9642869830131531,0.49785451889038085,0.598648198445638,0.9703925848007202,0.483502197265625,0.5736904144287109,0.9718785285949707,0.5332921504974365,0.8266401290893555,0.8714845776557922,0.5052766799926758,0.7816076914469401,0.8929427862167358
squat,0.3736297369003296,0.029401334126790364,0.006408911198377609,0.37289915084838865,0.013435713450113932,0.004112725146114826,0.3817652940750122,0.018146769205729166,0.0005052867345511913,0.40766205787658694,0.0,0.05705752968788147,0.4249528408050537,0.0,0.002468282589688897,0.4667008876800537,0.0,0.3690287470817566,0.43438072204589845,0.0,0.45401421189308167,0.3930849313735962,0.05759655634562175,0.7740804553031921,0.37942564487457275,0.07078037261962891,0.7676167488098145,0.26209216117858886,0.11331332524617513,0.7246487736701965,0.25928406715393065,0.09831368128458659,0.7720998525619507,0.5272465705871582,0.2817495028177897,0.9877102375030518,0.5001509666442872,0.27998174031575523,0.9910455346107483,0.5079678535461426,0.5781590779622395,0.9875357747077942,0.4892458915710449,0.5509753545125325,0.9910953044891357,0.5401718616485596,0.807253901163737,0.909823477268219,0.5218533515930176,0.7669911066691081,0.9401029348373413
squat,0.3761021137237549,0.019656626383463542,0.005244269035756588,0.37704322338104246,0.004222742716471354,0.004064625129103661,0.38714354038238524,0.008373578389485678,0.00033065638854168355,0.41987175941467286,0.0,0.07413258403539658,0.4381190299987793,0.0,0.00149635411798954,0.47774372100830076,0.0,0.3746810555458069,0.4429734230041504,0.00019966761271158855,0.394684761762619,0.39766654968261717,0.051805273691813154,0.7937690615653992,0.3753263711929321,0.05727605819702149,0.725213885307312,0.26568875312805174,0.11166165669759115,0.7462713718414307,0.24563493728637695,0.06991020838419597,0.7374767661094666,0.516329002380371,0.28368746439615883,0.9857263565063477,0.48801445960998535,0.27987553278605143,0.9880337119102478,0.514339017868042,0.5748965581258138,0.9834147095680237,0.4934591293334961,0.5423428853352864,0.9867674708366394,0.5379818439483642,0.8042872746785482,0.8715371489524841,0.5203184127807617,0.7571601231892904,0.9086870551109314
squat,0.38115878105163575,0.028573036193847656,0.0023917288053780794,0.3795571565628052,0.012451585133870442,0.0015914607793092728,0.3904473543167114,0.01758254369099935,0.0001778453151928261,0.4168098449707031,0.0,0.0321955569088459,0.4371975898742676,0.0,0.001149682211689651,0.479110860824585,0.0,0.24492718279361725,0.4405829429626465,0.0,0.27565544843673706,0.41306657791137696,0.03924360275268555,0.7459120154380798,0.3886289596557617,0.04676605860392253,0.6961550116539001,0.2793194055557251,0.10496323903401693,0.7234784364700317,0.27294330596923827,0.09741366704305013,0.7337413430213928,0.5149054527282715,0.2825400670369466,0.9849292635917664,0.4848580837249756,0.2776664098103841,0.9877356886863708,0.5088320732116699,0.5781622568766276,0.9837995767593384,0.48950958251953125,0.5455806732177735,0.9875790476799011,0.5344392776489257,0.8096274058024089,0.8851273655891418,0.5171641826629638,0.763727315266927,0.9190607070922852
squat,0.38833801746368407,0.0194183349609375,0.004211978521198034,0.3887700080871582,0.0023571332295735676,0.0033867047168314457,0.3938724994659424,0.008287556966145833,0.00040120002813637257,0.4234323501586914,0.0,0.046788185834884644,0.43188066482543946,0.0,0.0019599294755607843,0.4759394645690918,0.0,0.21520592272281647,0.44451279640197755,0.013496843973795573,0.23115094006061554,0.40070395469665526,0.044722493489583334,0.6142375469207764,0.39488284587860106,0.06823530197143554,0.5169594883918762,0.2661935329437256,0.10331776936848959,0.5728108286857605,0.2714104652404785,0.09426422119140625,0.5682414174079895,0.5236258506774902,0.2812941233317057,0.9672930240631104,0.4973464488983154,0.2797366778055827,0.9720681309700012,0.4995877742767334,0.5653090159098307,0.9764518737792969,0.4826519012451172,0.5368270874023438,0.9800902605056763,0.5280505180358886,0.8017645517985026,0.8785879015922546,0.5143512725830078,0.7568030675252279,0.908092200756073
squat,0.36237030029296874,0.020569229125976564,0.007795658893883228,0.3572872161865234,0.004111003875732422,0.002927428809925914,0.36028432846069336,0.013047059377034506,0.0016836036229506135,0.3703211784362793,0.0,0.012335635721683502,0.37100136280059814,0.0017794926961263021,0.005657542031258345,0.44525861740112305,0.003384749094645182,0.15625031292438507,0.3743847131729126,0.029115835825602215,0.2688679099082947,0.4353052616119385,0.015437920888264975,0.4771471619606018,0.3286617279052734,0.05265404383341472,0.6287724375724792,0.35429770946502687,0.07495180765787761,0.5031850337982178,0.27087554931640623,0.11782627105712891,0.6806560754776001,0.5426720142364502,0.2938838958740234,0.968428373336792,0.49351978302001953,0.30122419993082683,0.9801663756370544,0.495310115814209,0.5824495951334635,0.9768745303153992,0.4698978900909424,0.5653491338094075,0.9841833710670471,0.532991600036621,0.8205769856770834,0.8948564529418945,0.5020541667938232,0.7742685953776042,0.9273576140403748
squat,0.37249269485473635,0.07838605244954427,0.5842878818511963,0.38030765056610105,0.06283728281656902,0.724912703037262,0.38107221126556395,0.0645784060160319,0.07489991933107376,0.42700791358947754,0.05944986343383789,0.8678001165390015,0.42464504241943357,0.05874589284261068,0.022407101467251778,0.46846470832824705,0.13650093078613282,0.9376912117004395,0.44580965042114257,0.11652132670084635,0.7969753742218018,0.388566255569458,0.2064816474914551,0.895983099937439,0.3487816333770752,0.136471684773763,0.4750402867794037,0.309394097328186,0.24341387748718263,0.7985157370567322,0.2457660436630249,0.1751710891723633,0.46042951941490173,0.5342533111572265,0.3879722595214844,0.9857209920883179,0.5177894592285156,0.3736687342325846,0.9764776229858398,0.4667057991027832,0.6137418746948242,0.9921808242797852,0.45993947982788086,0.5749154408772786,0.9861286878585815,0.5185661315917969,0.8150951385498046,0.968438446521759,0.4992668151855469,0.756877581278483,0.9646835923194885
squat,0.39234113693237305,0.0806597073872884,0.3590846359729767,0.3981204032897949,0.061002922058105466,0.43205901980400085,0.38804211616516116,0.06425679524739583,0.06228673458099365,0.42372817993164064,0.07604414621988932,0.6887163519859314,0.40563087463378905,0.0771662712097168,0.05088828504085541,0.48978276252746583,0.1984049638112386,0.9308703541755676,0.4407968521118164,0.1889600118001302,0.7182594537734985,0.543942928314209,0.3637179692586263,0.8378275632858276,0.46831660270690917,0.3403924306233724,0.37571102380752563,0.5122025489807129,0.45261014302571617,0.715665340423584,0.4263040542602539,0.45761200586954753,0.3547535836696625,0.5600487232208252,0.45118083953857424,0.9821071028709412,0.532095193862915,0.43918323516845703,0.9677631855010986,0.46242537498474123,0.6196263631184896,0.9866005778312683,0.44166035652160646,0.584142557779948,0.9755403399467468,0.5214421272277832,0.8400297164916992,0.9599721431732178,0.5116290092468262,0.7815348943074544,0.9504368305206299
squat,0.3662703990936279,0.152970027923584,0.9713828563690186,0.3829512596130371,0.13509289423624674,0.9768518805503845,0.36388306617736815,0.1353146235148112,0.6875981688499451,0.42621512413024903,0.14850091934204102,0.9616029858589172,0.381046986579895,0.1431761105855306,0.16673733294010162,0.4500290870666504,0.24275032679239908,0.9922034740447998,0.4092403888702393,0.23419739405314127,0.9746785759925842,0.3737915277481079,0.3262078921000163,0.9794559478759766,0.3501530885696411,0.30185143152872723,0.8429233431816101,0.27941431999206545,0.33303050994873046,0.9587783813476562,0.25072197914123534,0.34106518427530924,0.8415374755859375,0.5308089256286621,0.4627815882364909,0.9856328964233398,0.49903178215026855,0.4554661432902018,0.9777658581733704,0.4480719089508057,0.600714365641276,0.9838719367980957,0.42041807174682616,0.5772282282511393,0.9706412553787231,0.5183635234832764,0.7885064442952474,0.9126768112182617,0.4927482604980469,0.756588363647461,0.8960246443748474
squat,0.3729717254638672,0.1893000602722168,0.6772873401641846,0.38006627559661865,0.17247842152913412,0.6859252452850342,0.37794334888458253,0.1766604741414388,0.09939694404602051,0.4068704605102539,0.18695608774820963,0.8690743446350098,0.4095210075378418,0.18853349685668946,0.05687308311462402,0.4422441482543945,0.28340559005737304,0.974170446395874,0.4391464710235596,0.28810412089029946,0.9509941339492798,0.34959914684295657,0.4149767557779948,0.9681146740913391,0.3665111541748047,0.4125460306803385,0.8398566842079163,0.24364314079284669,0.4477970123291016,0.9391745924949646,0.24742417335510253,0.4497412045796712,0.8354936838150024,0.5595711231231689,0.5044319788614909,0.9787879586219788,0.5519647121429443,0.5021196047465006,0.9746931791305542,0.42645907402038574,0.5890108744303385,0.9813329577445984,0.41809840202331544,0.5732797622680664,0.9702714681625366,0.523038101196289,0.7889839172363281,0.9167291522026062,0.5011974334716797,0.7567515055338542,0.9088032245635986
squat,0.3755661487579346,0.291748841603597,0.9764334559440613,0.39305245876312256,0.2719121932983398,0.9872258305549622,0.36887516975402834,0.27697505950927737,0.6440045237541199,0.4336845874786377,0.2762355168660482,0.9809725284576416,0.37368016242980956,0.2815088907877604,0.09325331449508667,0.4676811218261719,0.35256032943725585,0.9959751963615417,0.40470314025878906,0.36376158396402997,0.9635555744171143,0.3626708507537842,0.45503145853678384,0.9910137057304382,0.34017703533172605,0.439539114634196,0.7090112566947937,0.23220109939575195,0.5258822758992513,0.9781720638275146,0.23928074836730956,0.5046223322550456,0.7422091364860535,0.5859560966491699,0.5675523122151692,0.9846369028091431,0.5394705772399903,0.5684378941853842,0.9595896601676941,0.4319632053375244,0.6053284962972005,0.9807307720184326,0.40363373756408694,0.5956063588460286,0.930680513381958,0.5231425762176514,0.791177495320638,0.9185391068458557,0.5182661533355712,0.7657366434733073,0.8519971370697021
squat,0.3759282112121582,0.3054614702860514,0.9741047024726868,0.3945115089416504,0.2850866635640462,0.9877074360847473,0.3686202526092529,0.29013067881266275,0.6051467061042786,0.4350016117095947,0.2915726979573568,0.9831861257553101,0.37277998924255373,0.29708983103434244,0.07434358447790146,0.4685807228088379,0.36550254821777345,0.9961025714874268,0.40700592994689944,0.38526210784912107,0.9489565491676331,0.3744642734527588,0.44054978688557944,0.9915633201599121,0.3501670122146606,0.4464982668558756,0.6109017133712769,0.2518798828125,0.4917972246805827,0.9779977202415466,0.2465596914291382,0.49062070846557615,0.6599761247634888,0.5925961971282959,0.5889335632324219,0.9850848317146301,0.5482006072998047,0.594052505493164,0.952468991279602,0.4396428108215332,0.6171202341715495,0.9809867739677429,0.413156795501709,0.615109634399414,0.9179518818855286,0.5322647571563721,0.7928819020589193,0.9225468635559082,0.5330039024353027,0.7783734003702799,0.840660572052002
squat,0.3753271341323853,0.26804351806640625,0.9626688957214355,0.39002580642700196,0.2526637395222982,0.973818302154541,0.3765083312988281,0.253611691792806,0.4999452829360962,0.4319446086883545,0.2623090108235677,0.9689834713935852,0.3958579063415527,0.2574850718180339,0.08073601871728897,0.45810551643371583,0.3347360928853353,0.994627058506012,0.42627887725830077,0.33560479482014977,0.9745017886161804,0.35529024600982667,0.4220736821492513,0.9911366701126099,0.35222301483154295,0.41738014221191405,0.8501187562942505,0.25559515953063966,0.4495255788167318,0.9809139966964722,0.23815531730651857,0.45321776072184244,0.8637760877609253,0.5705973148345947,0.522074826558431,0.9883254766464233,0.5420560836791992,0.5169073740641276,0.9775431752204895,0.4365686893463135,0.5940980275472005,0.9867691993713379,0.4071702003479004,0.5688880920410156,0.9653398990631104,0.525538158416748,0.783651860555013,0.9335015416145325,0.49814891815185547,0.7394312540690104,0.902133584022522
squat,0.3788768768310547,0.18843272527058919,0.9751445651054382,0.3959394693374634,0.17049407958984375,0.9765878915786743,0.37432844638824464,0.1719585418701172,0.7611929774284363,0.43555798530578616,0.1825304667154948,0.9492504596710205,0.38471760749816897,0.18066062927246093,0.20395426452159882,0.4533811092376709,0.26715879440307616,0.988126277923584,0.4107977867126465,0.26600853602091473,0.9790480732917786,0.35135531425476074,0.33961874643961587,0.9683019518852234,0.3303720951080322,0.3328433036804199,0.866623044013977,0.2718759536743164,0.34096603393554686,0.939720094203949,0.2232717514038086,0.36383838653564454,0.8532517552375793,0.5505207061767579,0.47739372253417967,0.9815999865531921,0.5160691261291503,0.4737169901529948,0.978186309337616,0.4431444644927979,0.5950818379720052,0.9848986268043518,0.4143014430999756,0.5704744338989258,0.976504385471344,0.5222547054290771,0.787289555867513,0.9378843307495117,0.4933449745178223,0.7478022893269857,0.9321969151496887
squat,0.3940096378326416,0.09081869125366211,0.9399579763412476,0.4113453388214111,0.07401361465454101,0.9588132500648499,0.38413937091827394,0.07460476557413737,0.7782198786735535,0.44226579666137694,0.10170297622680664,0.8779065012931824,0.3804182529449463,0.09761327107747396,0.23903585970401764,0.47382392883300783,0.22164729436238606,0.9296451807022095,0.39050841331481934,0.20863510767618815,0.8607051372528076,0.41950550079345705,0.35563405354817706,0.6604824066162109,0.3561225175857544,0.306971009572347,0.33516350388526917,0.3729976415634155,0.33750584920247395,0.532420814037323,0.3706355571746826,0.2790314356486003,0.30851632356643677,0.5616819858551025,0.4633134524027506,0.9437944293022156,0.5060607433319092,0.45962740580240885,0.9267956614494324,0.4493232250213623,0.607046635945638,0.976652979850769,0.41570539474487306,0.5882346471150716,0.9630677700042725,0.5168558120727539,0.823878796895345,0.9585957527160645,0.5117545604705811,0.7884267807006836,0.9516322612762451
squat,0.4138785839080811,0.046376514434814456,0.14098697900772095,0.4174128532409668,0.033187516530354816,0.11293931305408478,0.4185668468475342,0.03358678817749024,0.015319929458200932,0.4323539733886719,0.04647483825683594,0.49246808886528015,0.44558916091918943,0.04453700383504232,0.03705831244587898,0.4584774971008301,0.13141523996988932,0.888925313949585,0.4467916965484619,0.12726434071858725,0.8750366568565369,0.35478184223175047,0.20397955576578777,0.9115208387374878,0.3559951066970825,0.1821332613627116,0.7936589121818542,0.2417578935623169,0.22543694178263346,0.8189371824264526,0.22818589210510254,0.1952100118001302,0.7359610795974731,0.5263466835021973,0.405607000986735,0.9905937314033508,0.5144307136535644,0.39751981099446615,0.9905480742454529,0.46047310829162597,0.6098306020100911,0.991248607635498,0.44641809463500975,0.5708507537841797,0.9895550012588501,0.5196359634399415,0.8156347910563151,0.9532313942909241,0.492146635055542,0.7529722849527994,0.9574252963066101
squat,0.4084912300109863,0.03760995864868164,0.3196031153202057,0.4129766941070557,0.023271814982096354,0.3382287323474884,0.41461753845214844,0.024724324544270832,0.04774051159620285,0.43665547370910646,0.02594896952311198,0.666758120059967,0.44916653633117676,0.026804097493489585,0.045897044241428375,0.46326522827148436,0.10092748006184896,0.8601388931274414,0.4590746402740479,0.09235992431640624,0.8251104354858398,0.35673720836639405,0.14573631286621094,0.820724606513977,0.3548189401626587,0.10519021352132162,0.6265417337417603,0.25603318214416504,0.1731528123219808,0.6839943528175354,0.24117417335510255,0.13293883005777996,0.564983069896698,0.531507921218872,0.37482531865437824,0.9826366305351257,0.52597074508667,0.3674123446146647,0.982098400592804,0.47627973556518555,0.6087191899617513,0.9842633605003357,0.47899956703186036,0.5814953486124674,0.9818099737167358,0.5199129104614257,0.8208819071451823,0.927717924118042,0.4994612216949463,0.7801734924316406,0.9342854619026184
squat,0.35104420185089114,0.041248385111490884,0.026456953957676888,0.35028252601623533,0.025176429748535158,0.018130313605070114,0.3529017925262451,0.03054701487223307,0.004086255095899105,0.37624871730804443,0.0,0.09307896345853806,0.38194034099578855,0.010297266642252605,0.011121604591608047,0.43662347793579104,0.016260941823323567,0.33005136251449585,0.40509581565856934,0.03621486028035482,0.4840276539325714,0.37441465854644773,0.05368798573811849,0.5314077734947205,0.36637077331542967,0.0866276741027832,0.6394543647766113,0.2676643133163452,0.1382047971089681,0.45058268308639526,0.2605497121810913,0.13010307947794597,0.6191551685333252,0.5321914672851562,0.28955179850260415,0.9613927006721497,0.5040284633636475,0.29076875050862633,0.9761724472045898,0.5015512466430664,0.5767361958821614,0.9717258214950562,0.47258548736572265,0.540146001180013,0.9818795919418335,0.5392200946807861,0.809449577331543,0.8824688792228699,0.5048620223999023,0.743096669514974,0.9264143705368042
squat,0.38137187957763674,0.01999947230021159,0.00594921363517642,0.3825458288192749,0.0037618637084960937,0.004432959016412497,0.387263822555542,0.010446643829345703,0.0005975628737360239,0.42070879936218264,0.0,0.056780602782964706,0.4262939453125,0.0,0.0021508357021957636,0.4834022045135498,0.0,0.34702834486961365,0.4309674263000488,0.008041159311930338,0.3363625705242157,0.39968123435974123,0.037670294443766274,0.7384732365608215,0.3707292079925537,0.07569923400878906,0.655741274356842,0.27001960277557374,0.08378365834554037,0.6806576251983643,0.27071704864501955,0.10558697382609049,0.6853013038635254,0.5239537239074707,0.29681679407755535,0.9885220527648926,0.48255558013916017,0.2951834678649902,0.9901122450828552,0.5106514453887939,0.570560073852539,0.9920558333396912,0.48794240951538087,0.5348585764567058,0.9935142993927002,0.5304328918457031,0.8081469853719075,0.9594861268997192,0.515134859085083,0.7503217697143555,0.9708548188209534
squat,0.38327138423919677,0.010399500528971354,0.008314068429172039,0.38394775390625,0.0,0.004855767358094454,0.3893324136734009,0.0,0.0007013333961367607,0.4218316555023193,0.0,0.054274771362543106,0.429262638092041,0.0,0.0026300298050045967,0.47905750274658204,0.0,0.3787713050842285,0.43350887298583984,0.0,0.4637649357318878,0.4114877700805664,0.036472193400065106,0.7837702631950378,0.380783224105835,0.05864168802897136,0.7888177037239075,0.28587582111358645,0.08383410771687826,0.7604225873947144,0.2699362516403198,0.0808781623840332,0.8021419644355774,0.5142731189727783,0.2767230351765951,0.985458254814148,0.4793547630310059,0.275378163655599,0.9891275763511658,0.5153294563293457,0.5633455912272135,0.9832944869995117,0.4930567741394043,0.5331937789916992,0.9881293177604675,0.5344824314117431,0.7971426645914713,0.8736174702644348,0.5184389114379883,0.7523593902587891,0.9141520857810974
squat,0.3923776149749756,0.028227933247884116,0.009682823903858662,0.3959716558456421,0.01231082280476888,0.0067062703892588615,0.39940652847290037,0.017952855428059897,0.0010691843926906586,0.43709325790405273,0.0,0.07131405919790268,0.4387861728668213,0.0,0.003251751186326146,0.4882959842681885,0.0016762733459472657,0.3594367206096649,0.44238104820251467,0.01800823211669922,0.4525980055332184,0.3895177602767944,0.05142431259155274,0.6988891959190369,0.3735121488571167,0.08564968109130859,0.7250998616218567,0.26585419178009034,0.09667536417643229,0.6556326150894165,0.2705207824707031,0.1182951291402181,0.7344309091567993,0.5232072353363038,0.2983684539794922,0.9881487488746643,0.486344051361084,0.29636046091715496,0.9916513562202454,0.5044367790222168,0.5701257069905599,0.992483913898468,0.4866953372955322,0.5386431376139323,0.9949055910110474,0.5245641231536865,0.8056439717610677,0.9633797407150269,0.5170055866241455,0.7598810831705729,0.9765211939811707
squat,0.3455501079559326,0.038998921712239586,0.00935369823127985,0.344409704208374,0.02327718734741211,0.009034557268023491,0.35225653648376465,0.030010032653808593,0.001036828849464655,0.3765777587890625,0.0,0.11012708395719528,0.3949385166168213,0.012440109252929687,0.003880701493471861,0.44662251472473147,0.027776177724202475,0.38634440302848816,0.4191740989685059,0.037606398264567055,0.3306684195995331,0.37546567916870116,0.06545546849568686,0.656183123588562,0.36482603549957277,0.0784822146097819,0.5177107453346252,0.2611911535263062,0.14289331436157227,0.540584921836853,0.266753625869751,0.13715279897054036,0.53359055519104,0.5319486618041992,0.3154749552408854,0.9851896166801453,0.5052428245544434,0.31043227513631183,0.9869399666786194,0.4936065196990967,0.5873385747273763,0.9915466904640198,0.47177839279174805,0.5445309956868489,0.9926643967628479,0.5334794998168946,0.8265781402587891,0.9666321873664856,0.49665679931640627,0.7523216247558594,0.97560715675354
squat,0.3752645969390869,0.013933785756429036,0.3618094027042389,0.37907469272613525,0.0,0.4524374306201935,0.3785057067871094,0.0,0.035115331411361694,0.412671422958374,0.0,0.7583749294281006,0.41375579833984377,0.0,0.01987435482442379,0.48875203132629397,0.10595649083455404,0.9531311392784119,0.42422308921813967,0.07882881164550781,0.7904109954833984,0.532664442062378,0.27481476465861004,0.926252543926239,0.34653820991516116,0.15336888631184895,0.553817629814148,0.498964786529541,0.35742759704589844,0.8534210920333862,0.23827171325683594,0.17993084589640299,0.5343236327171326,0.5299345493316651,0.3830780029296875,0.9934432506561279,0.4963805675506592,0.3668513298034668,0.9874882698059082,0.47649693489074707,0.6085269927978516,0.9941136240959167,0.4620095729827881,0.5773451487223308,0.9893838763237,0.5202220439910888,0.8303033192952474,0.9671267867088318,0.49938144683837893,0.7820215225219727,0.9620219469070435
squat,0.39350008964538574,0.10957196553548178,0.07576733827590942,0.3962751626968384,0.09495569864908854,0.143623948097229,0.40087313652038575,0.09105364481608073,0.006840547081083059,0.41648087501525877,0.10786946614583333,0.7477205991744995,0.44455647468566895,0.08915640513102213,0.030528249219059944,0.4493680000305176,0.22033076286315917,0.921130895614624,0.48677740097045896,0.18073202768961588,0.5731567740440369,0.4456839084625244,0.4037824312845866,0.8602504730224609,0.5072014808654786,0.34241352081298826,0.23470157384872437,0.41308250427246096,0.484821351369222,0.6717949509620667,0.46254887580871584,0.47065051396687824,0.21432170271873474,0.5229461193084717,0.4463012377421061,0.9839194416999817,0.545900535583496,0.426257069905599,0.9620379209518433,0.45887136459350586,0.6260103861490885,0.9906774759292603,0.4629561424255371,0.5875985463460286,0.9786826372146606,0.515642499923706,0.8128406524658203,0.9724280834197998,0.5018740653991699,0.7617265065511067,0.9608697295188904
squat,0.3588122367858887,0.1659703254699707,0.7166805267333984,0.3718752384185791,0.1521913528442383,0.8364208936691284,0.36365604400634766,0.1504360834757487,0.2460336536169052,0.4138521194458008,0.15724741617838542,0.8874025940895081,0.39518160820007325,0.14363155364990235,0.07474756240844727,0.4454664707183838,0.238300625483195,0.9495355486869812,0.4349404811859131,0.2226312478383382,0.7254461050033569,0.4223769187927246,0.33755035400390626,0.8126044869422913,0.4892528533935547,0.34547513326009116,0.27804628014564514,0.4036080837249756,0.26893927256266276,0.6282244324684143,0.5327549934387207,0.3588092803955078,0.228163942694664,0.5199803352355957,0.473537540435791,0.9749500751495361,0.5041927337646485,0.46306838989257815,0.9483387470245361,0.4412966728210449,0.620016352335612,0.9888163805007935,0.4145030498504639,0.5893589655558268,0.9773390889167786,0.5224454879760743,0.7955763498942058,0.9789632558822632,0.495695972442627,0.7569965998331706,0.9716792702674866
squat,0.36090028285980225,0.26518936157226564,0.7719971537590027,0.36854875087738037,0.2510140101114909,0.8549124002456665,0.3680953741073608,0.2522935231526693,0.11802633851766586,0.40441436767578126,0.2554110844930013,0.9433462023735046,0.4062990665435791,0.2502129872639974,0.04283812642097473,0.4374546051025391,0.32740936279296873,0.986358106136322,0.44375128746032716,0.31749321619669596,0.9320591688156128,0.3529513359069824,0.43010613123575847,0.9794657826423645,0.37088451385498045,0.41198838551839195,0.7099891901016235,0.26256427764892576,0.4451090494791667,0.9496762156486511,0.2462841272354126,0.45762837727864586,0.7168956995010376,0.5472746849060058,0.5139748255411783,0.9847221970558167,0.5458731651306152,0.5035284678141276,0.9708867073059082,0.4252020359039307,0.6055508295694987,0.9878684282302856,0.4190688133239746,0.5727954864501953,0.9706530570983887,0.5144166946411133,0.7895825703938802,0.9524220824241638,0.494769287109375,0.7356922149658203,0.9339514374732971
squat,0.3459944248199463,0.2979742685953776,0.9455570578575134,0.35915820598602294,0.28523410161336266,0.9812335968017578,0.35114686489105223,0.28550262451171876,0.29610663652420044,0.40308289527893065,0.2992835998535156,0.9878786206245422,0.3814011335372925,0.2901309331258138,0.04132091999053955,0.43712244033813474,0.37439689636230467,0.9973143935203552,0.4244080543518066,0.37569522857666016,0.9272198677062988,0.32167189121246337,0.44908568064371746,0.9947223663330078,0.389611554145813,0.4547171910603841,0.5067958235740662,0.19840431213378906,0.4963337580362956,0.9818586111068726,0.33039495944976804,0.5087166468302409,0.5794225931167603,0.5778753280639648,0.5748145421346028,0.9898838996887207,0.5603428363800049,0.571038818359375,0.9561364054679871,0.43334407806396485,0.6244899749755859,0.9872825145721436,0.41930351257324217,0.6048253377278646,0.9326784610748291,0.5209457874298096,0.7990640640258789,0.9429628849029541,0.5178074359893798,0.7587120056152343,0.8712599277496338
squat,0.37081022262573243,0.2639960606892904,0.43159720301628113,0.3773630619049072,0.2534190813700358,0.6237990260124207,0.38028113842010497,0.25127248764038085,0.05997635796666145,0.3991068363189697,0.2635814666748047,0.86793452501297,0.41855320930480955,0.24959700902303059,0.035540394484996796,0.4313491344451904,0.3354631423950195,0.928584098815918,0.4519169807434082,0.3156290372212728,0.6751763224601746,0.4023752212524414,0.4307973543802897,0.8268983960151672,0.41333632469177245,0.40550994873046875,0.21810218691825867,0.38585896492004396,0.3494590759277344,0.6513776779174805,0.3405574321746826,0.3796735127766927,0.19376668334007263,0.5364577770233154,0.543912124633789,0.9549856185913086,0.5486800193786621,0.5317485491434734,0.9082438349723816,0.40711178779602053,0.6040740966796875,0.9864752888679504,0.4138645172119141,0.5734570821126302,0.9652787446975708,0.5082931041717529,0.7925387064615885,0.9804251790046692,0.5069748878479003,0.7478712717692058,0.9696938395500183
squat,0.3881355285644531,0.1110009511311849,0.13093017041683197,0.39376847743988036,0.0976495107014974,0.09051109850406647,0.3911620855331421,0.09783700307210287,0.032134607434272766,0.4058854579925537,0.10367247263590494,0.30943652987480164,0.4082139015197754,0.09892133076985678,0.06121399253606796,0.4321156978607178,0.18787301381429036,0.7625279426574707,0.41531925201416015,0.18238677978515624,0.6793842911720276,0.4297643184661865,0.2939232508341471,0.6915046572685242,0.43466930389404296,0.288400141398112,0.5295240879058838,0.4472057819366455,0.30373481114705403,0.5768105387687683,0.45568084716796875,0.321156374613444,0.4446653425693512,0.49030728340148927,0.44336509704589844,0.9658856987953186,0.47681140899658203,0.4417381922403971,0.9603205323219299,0.4341108798980713,0.6204839070638021,0.9814900755882263,0.42105998992919924,0.6003197987874349,0.9774278998374939,0.5119989395141602,0.7949293772379558,0.9516633749008179,0.4993602752685547,0.7613107045491536,0.9510903358459473
squat,0.38122005462646485,0.08512131373087566,0.14415597915649414,0.38685410022735595,0.07156368891398111,0.19888368248939514,0.3892830371856689,0.07013130187988281,0.025324614718556404,0.4097557544708252,0.08350661595662436,0.669232189655304,0.4279747486114502,0.07404219309488932,0.04908367246389389,0.4384420394897461,0.17920945485432943,0.7980809211730957,0.4576812744140625,0.16914405822753906,0.5895156860351562,0.41749958992004393,0.28889249165852865,0.5926908850669861,0.4782649040222168,0.3042356808980306,0.24638821184635162,0.4361584186553955,0.3220918337504069,0.3920572102069855,0.4892467498779297,0.39143953323364256,0.18318618834018707,0.51103515625,0.44197931289672854,0.9627043604850769,0.5199906826019287,0.43325090408325195,0.9453322291374207,0.4494976043701172,0.6279660542805989,0.9854862689971924,0.4439528942108154,0.5876860936482747,0.9781226515769958,0.5162476539611817,0.8174688975016277,0.9728189706802368,0.4991812229156494,0.7556471506754557,0.9698923826217651
squat,0.40981507301330566,0.05576489766438802,0.014817643910646439,0.40909814834594727,0.04284340540568034,0.011998596601188183,0.41798958778381345,0.04311237335205078,0.002600772073492408,0.41367297172546386,0.03262491226196289,0.13112866878509521,0.4456902503967285,0.031940587361653644,0.011724002659320831,0.44045028686523435,0.08155555725097656,0.4097958207130432,0.4494297027587891,0.08304433822631836,0.2748051881790161,0.3703890800476074,0.13869285583496094,0.5668371319770813,0.39322965145111083,0.14173364639282227,0.2729741334915161,0.32024388313293456,0.15391346613566081,0.41208603978157043,0.329138445854187,0.16254634857177735,0.24880346655845642,0.5117056846618653,0.36446889241536456,0.9531711935997009,0.5127541542053222,0.3613931655883789,0.9401381015777588,0.46693925857543944,0.6132881800333659,0.9792355895042419,0.458463716506958,0.582054328918457,0.9701054096221924,0.5214066505432129,0.8204419453938802,0.9375747442245483,0.4917141914367676,0.7681169509887695,0.9309390783309937
squat,0.3351245641708374,0.017095311482747396,0.010867524892091751,0.33363823890686034,0.0008521715799967448,0.010443716309964657,0.3454876899719238,0.004781405131022136,0.000825056224130094,0.3607878923416138,0.0,0.14649875462055206,0.39219300746917723,0.0,0.003534275572746992,0.42105979919433595,0.010020860036214193,0.5448944568634033,0.4091808795928955,0.01761007308959961,0.31487271189689636,0.3489724397659302,0.07902638117472331,0.8230898380279541,0.35073237419128417,0.09805768330891927,0.463409960269928,0.2311854600906372,0.11476844151814779,0.7113577723503113,0.25262913703918455,0.12296050389607747,0.5008149743080139,0.5021139144897461,0.2974565505981445,0.9731304049491882,0.4862034797668457,0.292806879679362,0.9635209441184998,0.4777218818664551,0.5873723347981771,0.9782222509384155,0.4636023998260498,0.5467323939005534,0.9701358079910278,0.528042221069336,0.819282595316569,0.8652508854866028,0.4944013595581055,0.7462336222330729,0.8669648766517639
squat,0.35491118431091306,0.003908856709798177,0.002907853340730071,0.3546584606170654,0.0,0.0020589004270732403,0.3637449502944946,0.0,0.00024131791724357754,0.3878769397735596,0.0,0.040765199810266495,0.4062507629394531,0.0,0.0015334103954955935,0.44580516815185545,0.0,0.26929783821105957,0.4140153408050537,0.0,0.24668742716312408,0.37995023727416993,0.05089848836263021,0.7230727076530457,0.369172191619873,0.056862958272298175,0.5987498164176941,0.2597114324569702,0.10751304626464844,0.6714407801628113,0.26604313850402833,0.08426745732625325,0.6408323049545288,0.5038583278656006,0.27737267812093097,0.9756576418876648,0.4770676612854004,0.2741033871968587,0.9776648879051208,0.4971132278442383,0.5653704961140951,0.9749414920806885,0.4814902305603027,0.5330655733744304,0.9779792428016663,0.5270556926727294,0.7992437362670899,0.8350774049758911,0.5154807567596436,0.7498902002970378,0.872372031211853
squat,0.34989826679229735,0.0,0.004231816623359919,0.3512226104736328,0.0,0.002990163629874587,0.3557872772216797,0.0,0.00031699734972789884,0.3874969959259033,0.0,0.04947689175605774,0.39489121437072755,0.0,0.0016694352962076664,0.4475820541381836,0.0,0.3623557984828949,0.40322079658508303,0.0,0.28985142707824707,0.380228590965271,0.03845087687174479,0.7979798316955566,0.3667853593826294,0.04193684260050456,0.636629045009613,0.2514260053634644,0.0808396021525065,0.7399102449417114,0.25581390857696534,0.04885387420654297,0.6752894520759583,0.4991553783416748,0.2762049039204915,0.9811590909957886,0.4639716625213623,0.27226231892903646,0.9809091091156006,0.5018181800842285,0.5739006042480469,0.9762275218963623,0.47860894203186033,0.535847536722819,0.9774033427238464,0.5288128852844238,0.8064988454182943,0.8169746994972229,0.5141139030456543,0.7487819035847981,0.8522996306419373
squat,0.3552515745162964,0.0,0.0013560195220634341,0.35327348709106443,0.0,0.0010471625719219446,0.36012651920318606,0.0,0.0001142452092608437,0.3810009241104126,0.0,0.02372678555548191,0.39421796798706055,0.0,0.000978305353783071,0.4396308422088623,0.0,0.2039540708065033,0.4060525417327881,0.0,0.12130938470363617,0.38488450050354006,0.05036713282267253,0.7097184658050537,0.3749398231506348,0.051528517405192056,0.4222291111946106,0.25891928672790526,0.09467964172363282,0.6533525586128235,0.264987850189209,0.06494681040445964,0.5137748718261719,0.5019486427307129,0.27745259602864586,0.9745453000068665,0.473339319229126,0.27443866729736327,0.9701297283172607,0.4918222904205322,0.5694766998291015,0.9789395332336426,0.4717445373535156,0.5365001042683919,0.9761127829551697,0.5281918048858643,0.8114610036214193,0.8706703186035156,0.506940507888794,0.7561738967895508,0.8843417763710022
squat,0.4145351886749268,0.024210580190022788,0.030488817021250725,0.4158609390258789,0.009582328796386718,0.012138526886701584,0.4170180320739746,0.010297870635986328,0.007859171368181705,0.4182765483856201,0.0,0.055476799607276917,0.4252612590789795,0.001133569081624349,0.02076367288827896,0.4470837116241455,0.05177666346232097,0.41897040605545044,0.4041302680969238,0.04854014714558919,0.4710129201412201,0.41390466690063477,0.13208227157592772,0.5961503982543945,0.33719549179077146,0.08891604741414388,0.6109002828598022,0.4434098243713379,0.14027818044026694,0.5430172681808472,0.34381990432739257,0.026874542236328125,0.5581888556480408,0.5079440593719482,0.33089656829833985,0.9614701867103577,0.4782126426696777,0.33251965840657555,0.9650409817695618,0.48028812408447263,0.5930962244669596,0.9779291749000549,0.4593681812286377,0.5656452814737956,0.9786345958709717,0.5238779544830322,0.8225341796875,0.9108375310897827,0.49912304878234864,0.7615673065185546,0.9244706630706787
squat,0.41046557426452634,0.09003582000732421,0.11424865573644638,0.41211686134338377,0.07251113255818685,0.11034291982650757,0.40938472747802734,0.0751530647277832,0.024120356887578964,0.42546396255493163,0.06610482533772787,0.25942227244377136,0.4232448101043701,0.0686752955118815,0.032828446477651596,0.46625003814697263,0.1506468137105306,0.695691704750061,0.4302196025848389,0.13616272608439128,0.41998469829559326,0.4823147773742676,0.28157844543457033,0.6449353694915771,0.4240107536315918,0.21911551157633463,0.25813281536102295,0.49265484809875487,0.3221642812093099,0.5092671513557434,0.4110499382019043,0.2100329081217448,0.241399347782135,0.5116995334625244,0.3932975769042969,0.9589306116104126,0.4909657001495361,0.3865556081136068,0.9309700727462769,0.4625272750854492,0.615716552734375,0.9826327562332153,0.45245070457458497,0.5865255355834961,0.9705472588539124,0.5186144351959229,0.8170022328694662,0.9567103981971741,0.5034952163696289,0.7599899927775066,0.9475884437561035
squat,0.36823348999023436,0.08198712666829427,0.4720623791217804,0.3781447887420654,0.06642586390177409,0.5773531794548035,0.37175917625427246,0.06687405904134115,0.1199323832988739,0.4109696865081787,0.07958237330118816,0.7722412347793579,0.40156946182250974,0.07414719263712564,0.07272180169820786,0.4492047786712646,0.18909327189127603,0.9160796999931335,0.4168431758880615,0.17800223032633464,0.743931770324707,0.45355896949768065,0.3184766451517741,0.7404659390449524,0.42041993141174316,0.2899364471435547,0.3218099772930145,0.47978529930114744,0.32421944936116537,0.511577308177948,0.3972271680831909,0.2590597947438558,0.22248616814613342,0.48937115669250486,0.4578168551127116,0.9800688028335571,0.46900262832641604,0.45008748372395835,0.965759813785553,0.443502140045166,0.6426956176757812,0.9906084537506104,0.41986970901489257,0.6050641377766927,0.9846877455711365,0.51205415725708,0.8122166315714519,0.9803918600082397,0.4960779666900635,0.7512171427408855,0.9774466156959534
squat,0.3451657295227051,0.21001518567403157,0.5749801993370056,0.35525221824645997,0.1977328936258952,0.7682750821113586,0.3536246299743652,0.1956743876139323,0.08166211098432541,0.38846890926361083,0.20949872334798178,0.9126260876655579,0.39060420989990235,0.1963600794474284,0.027151983231306076,0.4193141937255859,0.2937092463175456,0.9690695405006409,0.4208550930023193,0.2763861974080404,0.6651180982589722,0.3943561792373657,0.371550718943278,0.926341712474823,0.38853070735931394,0.3623348871866862,0.20039445161819458,0.38289241790771483,0.26111079851786295,0.7994414567947388,0.3294081687927246,0.32748867670694987,0.1934545934200287,0.5096889019012452,0.5130908648173015,0.9785318374633789,0.5091693878173829,0.5034694671630859,0.93187415599823,0.4141730785369873,0.6273216883341471,0.9891856908798218,0.4102196216583252,0.6010231018066406,0.9607877135276794,0.5131290435791016,0.7943368911743164,0.9729607701301575,0.5016488552093505,0.7592517852783203,0.9473032355308533
squat,0.3375235080718994,0.28295440673828126,0.9400778412818909,0.34948363304138186,0.26845855712890626,0.9757499098777771,0.34358346462249756,0.27031561533610027,0.2926636040210724,0.39279582500457766,0.2775165557861328,0.984212338924408,0.37466332912445066,0.2743851979573568,0.0409049391746521,0.4287590503692627,0.35568901697794597,0.9965824484825134,0.40262675285339355,0.3606496493021647,0.941417932510376,0.33338189125061035,0.44283898671468097,0.993064820766449,0.3322422981262207,0.43568077087402346,0.5540713667869568,0.21209521293640138,0.5099074999491374,0.9749584794044495,0.22047359943389894,0.5009756406148275,0.5588680505752563,0.543034553527832,0.5556491851806641,0.9913309812545776,0.5217872619628906,0.5533540725708008,0.9673325419425964,0.42340826988220215,0.6398335774739583,0.9871698617935181,0.4015716552734375,0.6224601109822591,0.9381062388420105,0.5249021053314209,0.7990946451822917,0.9337144494056702,0.5037641525268555,0.7635383605957031,0.8587259650230408
squat,0.34316539764404297,0.27974030176798503,0.9271178841590881,0.3545533180236816,0.26651630401611326,0.966377854347229,0.3485589504241943,0.267315673828125,0.2468850314617157,0.39536199569702146,0.2801448186238607,0.9829603433609009,0.38006503582000734,0.27365058263142905,0.0447903610765934,0.4305685520172119,0.35832653045654295,0.9976636171340942,0.4177102088928223,0.35784899393717445,0.9545206427574158,0.35039629936218264,0.4338904062906901,0.9963462948799133,0.3623302698135376,0.4264789581298828,0.7178730368614197,0.252201247215271,0.468988291422526,0.9880229234695435,0.2578751087188721,0.464273198445638,0.7556137442588806,0.5462519645690918,0.5423285802205403,0.9949423670768738,0.531644344329834,0.5374717076619466,0.9813329577445984,0.4278884410858154,0.6297016143798828,0.9921397566795349,0.4071802139282227,0.610800043741862,0.9648892283439636,0.5149816513061524,0.7833163579305013,0.9507118463516235,0.4874115943908691,0.7473679860432942,0.899211585521698
squat,0.36979563236236573,0.10512536366780599,0.15393802523612976,0.3774791479110718,0.0939771016438802,0.1341470181941986,0.37555732727050783,0.09140424728393555,0.03887086361646652,0.3881345510482788,0.11701469421386719,0.532012939453125,0.3981988191604614,0.1057769775390625,0.08149755001068115,0.4091526985168457,0.2238970915476481,0.8202992081642151,0.4102333068847656,0.21399332682291666,0.7221917510032654,0.37912354469299314,0.30694688161214195,0.6521562337875366,0.4171870708465576,0.2982504844665527,0.43423566222190857,0.3860799789428711,0.30404205322265626,0.4757465124130249,0.4205265998840332,0.32941726048787434,0.3234196603298187,0.48693437576293946,0.4762245814005534,0.9694796800613403,0.48543100357055663,0.47156810760498047,0.9638904929161072,0.42424726486206055,0.6287939707438152,0.9832996726036072,0.41482930183410643,0.5988887151082357,0.978532075881958,0.5075473308563232,0.7967053731282552,0.9634389281272888,0.49725933074951173,0.7552213033040365,0.9621220827102661
squat,0.3716949701309204,0.07884105046590169,0.3208233416080475,0.379591965675354,0.06562074025472005,0.42345115542411804,0.3806525945663452,0.06422541936238607,0.05549066886305809,0.4092255115509033,0.08213958740234376,0.7595683932304382,0.41928439140319823,0.07213563919067383,0.04703522101044655,0.44444942474365234,0.1878419240315755,0.9066022038459778,0.4332560062408447,0.1735714594523112,0.6956915855407715,0.4334881782531738,0.29935312271118164,0.7700780630111694,0.42617020606994627,0.2838273048400879,0.30537083745002747,0.45093994140625,0.28823184967041016,0.5596091151237488,0.4197742462158203,0.277616024017334,0.2259030044078827,0.49716906547546386,0.45442549387613934,0.9797018766403198,0.4897113800048828,0.44472185770670575,0.9631076455116272,0.4443359375,0.6395873387654623,0.9900105595588684,0.43009138107299805,0.599101448059082,0.9820982813835144,0.5173726081848145,0.8173602422078451,0.9769013524055481,0.5001352310180665,0.7531414031982422,0.9719594717025757
squat,0.4120772838592529,0.03611323038736979,0.017324358224868774,0.4128546237945557,0.02123231887817383,0.015730522572994232,0.41760821342468263,0.02153457005818685,0.0031956969760358334,0.4232028961181641,0.01660191218058268,0.14146386086940765,0.44299893379211425,0.013928922017415364,0.01183951273560524,0.4636225700378418,0.09566173553466797,0.5146333575248718,0.4423574924468994,0.0837336540222168,0.29581084847450256,0.42900900840759276,0.2145124117533366,0.6010105013847351,0.42185444831848146,0.19154523213704427,0.2735512852668762,0.40598745346069337,0.22807958920796711,0.444234699010849,0.3966697931289673,0.209506098429362,0.24600185453891754,0.5162559986114502,0.40022071202596027,0.9766735434532166,0.5003407001495361,0.3892656962076823,0.967206597328186,0.4626468658447266,0.6254756927490235,0.9868227243423462,0.43813481330871584,0.5756065368652343,0.9805392026901245,0.5267017841339111,0.838876215616862,0.965772271156311,0.4880044937133789,0.7580649058024088,0.9623222351074219
squat,0.34058446884155275,0.04642645517985026,0.013877769000828266,0.34045770168304446,0.03091564178466797,0.014923198148608208,0.3482996702194214,0.03753474553426107,0.0013897601747885346,0.3693722724914551,0.009726683298746744,0.14584748446941376,0.3885597467422485,0.022405242919921874,0.003403398208320141,0.42679810523986816,0.039444923400878906,0.3830983340740204,0.40308804512023927,0.04848044713338216,0.2549750804901123,0.3436927795410156,0.07054967880249023,0.6657320261001587,0.3276665210723877,0.06499554316202799,0.370035856962204,0.24252099990844728,0.1223655382792155,0.5477690696716309,0.2371283531188965,0.09978233973185222,0.3947489857673645,0.5167448997497559,0.32749223709106445,0.9667761325836182,0.49459304809570315,0.3273592631022135,0.9625825881958008,0.47516908645629885,0.5976552327473958,0.9743893146514893,0.46239442825317384,0.5714908599853515,0.9693421125411987,0.5319404602050781,0.8256494522094726,0.8882418274879456,0.49942994117736816,0.7748926798502604,0.8966214060783386
squat,0.38794257640838625,0.005099741617838541,0.001566908205859363,0.386109733581543,0.0,0.0006714944029226899,0.38782896995544436,0.0,0.0003113944549113512,0.40440521240234373,0.0,0.0069655925035476685,0.40013723373413085,0.0,0.0022118273191154003,0.46237807273864745,0.0,0.08966926485300064,0.38935744762420654,0.01119082768758138,0.16317400336265564,0.4096846580505371,0.0,0.46401530504226685,0.3515739917755127,0.04324537913004557,0.5773258209228516,0.27472996711730957,0.05932270685831706,0.45610350370407104,0.23785676956176757,0.07690347035725911,0.6132261753082275,0.510619068145752,0.2850872357686361,0.9737209677696228,0.45591039657592775,0.29098774592081705,0.982768714427948,0.5023093700408936,0.5614884694417318,0.9724092483520508,0.4636102199554443,0.5373921076456706,0.9813747406005859,0.5259421348571778,0.7935803731282552,0.8723284006118774,0.50042724609375,0.7493415832519531,0.9109083414077759
squat,0.37632291316986083,0.0,0.002529946155846119,0.3762488842010498,0.0,0.0013861279003322124,0.3860055923461914,0.0,0.00021633418509736657,0.40860533714294434,0.0,0.030080199241638184,0.42806591987609866,0.0,0.0013874921714887023,0.4611137866973877,0.0,0.26732999086380005,0.422251558303833,0.0,0.3069901466369629,0.3869326591491699,0.03899440765380859,0.7578697800636292,0.3593169927597046,0.050600433349609376,0.7226048111915588,0.28145689964294435,0.05902458826700847,0.7202696204185486,0.26154365539550783,0.04228754043579101,0.7351942658424377,0.49935169219970704,0.28779465357462564,0.9820120334625244,0.4686862945556641,0.28627815246582033,0.9851935505867004,0.5045547008514404,0.5756599426269531,0.9770693182945251,0.4867673873901367,0.5431244532267253,0.9817360043525696,0.5315334320068359,0.8043042500813802,0.8229405283927917,0.516712760925293,0.7551052729288737,0.8680713176727295
squat,0.3902638673782349,0.0,0.001157134654931724,0.3892069816589355,0.0,0.0005534755764529109,0.3976974248886108,0.0,0.00013192128972150385,0.4166878700256348,0.0,0.01267300732433796,0.4328146457672119,0.0,0.0012854449450969696,0.466740083694458,0.0,0.1306706666946411,0.42572364807128904,0.0,0.22406001389026642,0.39234960079193115,0.045710023244222006,0.6055306792259216,0.36364126205444336,0.04756170908610026,0.6935778856277466,0.2775113105773926,0.06115099589029948,0.597037672996521,0.2564133882522583,0.044868850708007814,0.7152084112167358,0.504218578338623,0.2831303596496582,0.9772074818611145,0.47097153663635255,0.2791714350382487,0.9848634600639343,0.5016438484191894,0.5712880452473958,0.979945182800293,0.47808175086975097,0.5370278676350911,0.9869047999382019,0.525616455078125,0.8019182840983073,0.8760486245155334,0.5025059700012207,0.7524714152018229,0.9191277623176575
squat,0.3819622755050659,0.016651312510172527,0.007177038583904505,0.3786471366882324,0.0,0.005505061708390713,0.3821988344192505,0.0060546557108561196,0.0011175355175510049,0.3927623748779297,0.0,0.03492030128836632,0.4015663623809814,0.0,0.003595799207687378,0.4469437599182129,0.008292897542317709,0.24349592626094818,0.4148819923400879,0.021234798431396484,0.09559133648872375,0.4523564338684082,0.041487503051757815,0.5699218511581421,0.42350497245788576,0.046578598022460935,0.21424271166324615,0.42826414108276367,0.06530974706013998,0.5051477551460266,0.4030928611755371,0.028448772430419923,0.2650779187679291,0.5105145454406739,0.30974903106689455,0.9522333145141602,0.48647751808166506,0.31343256632486977,0.9244232773780823,0.48714022636413573,0.5881059010823567,0.9698745608329773,0.4723794460296631,0.5654043197631836,0.953397274017334,0.5311344146728516,0.8253495534261067,0.884748101234436,0.5077789306640625,0.7705001831054688,0.8682706952095032
squat,0.40415501594543457,0.02437753677368164,0.08805417269468307,0.4068704605102539,0.0063620885213216145,0.08519409596920013,0.40580153465270996,0.009956645965576171,0.011803049594163895,0.42542209625244143,0.0031714439392089844,0.26848819851875305,0.4264503479003906,0.006403191884358724,0.014093258418142796,0.4779329776763916,0.10129038492838542,0.7635650634765625,0.4227546215057373,0.07322689692179361,0.42952069640159607,0.4918651580810547,0.26334989865620934,0.8183009028434753,0.39772810935974123,0.11509081522623697,0.37143704295158386,0.5130815505981445,0.3674703280131022,0.7297878265380859,0.39725115299224856,0.07449026107788086,0.3602215051651001,0.5128753185272217,0.3886932373046875,0.9768564105033875,0.4799656391143799,0.37927691141764325,0.9539088606834412,0.46829972267150877,0.614446512858073,0.9828494191169739,0.44652304649353025,0.5853549321492513,0.9668158888816833,0.5214166641235352,0.8186461130777994,0.9316102266311646,0.4948082447052002,0.7568518956502278,0.9121135473251343
squat,0.41069750785827636,0.09959211349487304,0.4124394357204437,0.41352062225341796,0.08209753036499023,0.48112693428993225,0.40644035339355467,0.082032044728597,0.16853651404380798,0.4190050601959229,0.10198841094970704,0.6989727020263672,0.4191445350646973,0.09487422307332356,0.278729110956192,0.4524539947509766,0.23034475644429525,0.86890709400177,0.4530506610870361,0.2112249692281087,0.6754847764968872,0.5087820053100586,0.37724377314249674,0.48628270626068115,0.5178410530090332,0.35241915384928385,0.16731183230876923,0.5396486759185791,0.4630467414855957,0.27468106150627136,0.5317554950714112,0.4724270502726237,0.11483635008335114,0.5144823551177978,0.45510838826497396,0.9284038543701172,0.5164530754089356,0.4442392031351725,0.8859206438064575,0.44337072372436526,0.6262981414794921,0.9744756817817688,0.4370563507080078,0.5903467814127604,0.9584258794784546,0.5179076671600342,0.823376210530599,0.9634642004966736,0.49371089935302737,0.7599031448364257,0.955814778804779
squat,0.38310041427612307,0.17651357650756835,0.3287469446659088,0.3906129837036133,0.16343631744384765,0.36152875423431396,0.392537522315979,0.16251519521077473,0.04791588708758354,0.4144550323486328,0.16350806554158528,0.7339012622833252,0.4283945083618164,0.15462589263916016,0.042679257690906525,0.43336262702941897,0.24013477961222332,0.9400644898414612,0.4445763111114502,0.22811196645100912,0.7728316783905029,0.40003190040588377,0.33088274002075196,0.9082857370376587,0.45017380714416505,0.3232428232828776,0.5001274347305298,0.3927330493927002,0.22246650060017903,0.7943760752677917,0.4550069808959961,0.256089973449707,0.40040749311447144,0.4879137992858887,0.47581516901652016,0.9837493896484375,0.4902693748474121,0.46975555419921877,0.9674458503723145,0.4208048343658447,0.6305258433024089,0.9906874299049377,0.415791654586792,0.6073378880818685,0.9799312353134155,0.5119350910186767,0.7919549942016602,0.9709949493408203,0.49803686141967773,0.7586647033691406,0.958381712436676
squat,0.34622042179107665,0.24592227935791017,0.9099718928337097,0.35836966037750245,0.23237520853678387,0.9411754012107849,0.3507911205291748,0.23334639867146809,0.22867947816848755,0.39906973838806153,0.24861421585083007,0.9689996838569641,0.3777693033218384,0.24478031794230143,0.0492297001183033,0.43453283309936525,0.33481953938802084,0.9969430565834045,0.3980849266052246,0.3436791737874349,0.9681459665298462,0.36222991943359373,0.41988611221313477,0.9953623414039612,0.3449757814407349,0.4278504053751628,0.7969363927841187,0.250989294052124,0.4887736638387044,0.9858830571174622,0.2378068447113037,0.49495340983072916,0.7906084656715393,0.5287545680999756,0.5454405466715495,0.9956398010253906,0.5028644561767578,0.5445678075154622,0.9867536425590515,0.4327552318572998,0.6417545954386393,0.9893420934677124,0.4082814693450928,0.6247740427652995,0.9601808786392212,0.5201151847839356,0.7958234786987305,0.9167688488960266,0.5079242706298828,0.7644252777099609,0.8478959798812866
squat,0.3382349729537964,0.28351332346598307,0.9587386846542358,0.3526726245880127,0.2701161702473958,0.9796437621116638,0.34258031845092773,0.27021544774373374,0.41513511538505554,0.3990807294845581,0.28692448933919273,0.9819799661636353,0.36852712631225587,0.2805095036824544,0.05792989954352379,0.43268280029296874,0.37196057637532554,0.9968397617340088,0.39320573806762693,0.3736119270324707,0.9600890278816223,0.33827924728393555,0.459282652537028,0.9926924109458923,0.3309849500656128,0.44929348627726234,0.6610162258148193,0.22371301651000977,0.5472822825113932,0.9760596752166748,0.23598315715789794,0.5363643646240235,0.6522582173347473,0.5415823459625244,0.5671485900878906,0.991340696811676,0.5119260311126709,0.5637943267822265,0.9719139933586121,0.43565521240234373,0.6415412267049153,0.9847241640090942,0.4078688144683838,0.6192045211791992,0.93812096118927,0.5251939773559571,0.8031695683797201,0.9195865392684937,0.5106256484985352,0.7629931131998698,0.8465725779533386
squat,0.3522500038146973,0.2301179567972819,0.8098505735397339,0.36387174129486083,0.22105294863382977,0.8985506892204285,0.35992021560668946,0.21647995313008625,0.1830437183380127,0.40018672943115235,0.24076967239379882,0.9511461853981018,0.3925939083099365,0.2229982376098633,0.04536769539117813,0.42519254684448243,0.3241234461466471,0.9912062287330627,0.4206231594085693,0.30263325373331706,0.8661282658576965,0.3953463792800903,0.3857282002766927,0.9767690896987915,0.3768494129180908,0.38931585947672526,0.40634092688560486,0.38463168144226073,0.28276697794596356,0.9269823431968689,0.3021357536315918,0.4181480407714844,0.39208856225013733,0.5105612754821778,0.5262396176656087,0.9919999837875366,0.5054457187652588,0.5131245613098144,0.9720109701156616,0.42037129402160645,0.6258814493815105,0.9941133856773376,0.4101722717285156,0.589551035563151,0.9762235283851624,0.5127438545227051,0.7931684494018555,0.9800818562507629,0.49601545333862307,0.7477018356323242,0.9587548971176147
squat,0.3675814151763916,0.11883955001831055,0.4644636809825897,0.3758965730667114,0.10594790776570638,0.45804116129875183,0.37986931800842283,0.10470577875773111,0.06224536895751953,0.4032538890838623,0.11497440338134765,0.7945777177810669,0.4210373401641846,0.1061293919881185,0.04081301763653755,0.4274092197418213,0.20524635314941406,0.9734998345375061,0.43083877563476564,0.19395907719930014,0.8850234746932983,0.3848204374313354,0.3105225880940755,0.9606529474258423,0.40207757949829104,0.3008516947428385,0.7032313942909241,0.3883972644805908,0.18680041631062824,0.8985559940338135,0.3912646293640137,0.19434623718261718,0.6015718579292297,0.4843944549560547,0.4610954602559408,0.9928421974182129,0.48127012252807616,0.4541483243306478,0.9856752753257751,0.4271551132202148,0.6231199264526367,0.994676947593689,0.4126734733581543,0.5898486455281575,0.9886137247085571,0.5158713340759278,0.7922061920166016,0.9759178161621094,0.489451265335083,0.7397097269694011,0.9666293859481812
squat,0.3825068473815918,0.11422932942708333,0.5560409426689148,0.39179244041442873,0.09885794321695963,0.7031190991401672,0.3845989227294922,0.09876499176025391,0.10749551653862,0.42868571281433104,0.11896098454793294,0.8536914587020874,0.4149470329284668,0.11106138229370117,0.05696289986371994,0.4683816432952881,0.23133920033772787,0.9541152715682983,0.4418475151062012,0.2077367623647054,0.7132437229156494,0.5000568389892578,0.3355381011962891,0.8813751935958862,0.446729850769043,0.30316944122314454,0.28415995836257935,0.4969663143157959,0.3752447128295898,0.7695288062095642,0.41782798767089846,0.3988191604614258,0.2845112085342407,0.5060697078704834,0.4488152821858724,0.9771437644958496,0.49152579307556155,0.4346093495686849,0.9430456757545471,0.45406765937805177,0.6274874369303386,0.982813835144043,0.4410736083984375,0.5970757166544597,0.959844708442688,0.5138676166534424,0.8106802622477214,0.9442034959793091,0.4972086906433105,0.7684298833211263,0.9188210964202881
squat,0.3644747257232666,0.07283954620361328,0.35288694500923157,0.3693540573120117,0.05664491653442383,0.5425375699996948,0.3722031831741333,0.058115482330322266,0.025925392284989357,0.40672826766967773,0.05381635030110677,0.826811671257019,0.4132575035095215,0.051878960927327473,0.010735912248492241,0.47100133895874025,0.14435920715332032,0.9544569849967957,0.4249297618865967,0.11665789286295573,0.6113019585609436,0.5151027202606201,0.2791311264038086,0.9379672408103943,0.33921136856079104,0.14829044342041015,0.29775625467300415,0.5270453453063965,0.38546565373738606,0.8607187271118164,0.22268328666687012,0.1515302340189616,0.31034064292907715,0.512940502166748,0.3904292424519857,0.9885680675506592,0.49199671745300294,0.3778839111328125,0.9645808935165405,0.46686644554138185,0.6078373591105143,0.9926033616065979,0.4634835243225098,0.5828627904256185,0.9781041741371155,0.5157730579376221,0.8091087341308594,0.9638268351554871,0.5074289321899415,0.7646729787190755,0.9430513978004456
squat,0.3343057632446289,0.05056581497192383,0.008250263519585133,0.3315521001815796,0.033948198954264326,0.00634792959317565,0.3366767168045044,0.04005409876505534,0.001030634273774922,0.35346593856811526,0.003936004638671875,0.04965488985180855,0.3638155460357666,0.016229883829752604,0.003966113086789846,0.4150360107421875,0.01731983820597331,0.248958557844162,0.38605167865753176,0.027051448822021484,0.20933279395103455,0.34717750549316406,0.05292530059814453,0.5856812596321106,0.33850362300872805,0.04857412974039713,0.407307893037796,0.22706897258758546,0.09684308369954427,0.49037352204322815,0.23004722595214844,0.0604130744934082,0.45141059160232544,0.5223045825958252,0.29491405487060546,0.9566762447357178,0.49411787986755373,0.2941205342610677,0.9592055082321167,0.48324975967407224,0.5772415161132812,0.972762405872345,0.46352009773254393,0.544365119934082,0.972588300704956,0.5350271224975586,0.8260107040405273,0.8838253021240234,0.4997130870819092,0.7603825887044271,0.9043359160423279
squat,0.30862841606140134,0.01794274648030599,0.0047142463736236095,0.30863776206970217,0.0,0.004709572531282902,0.31447315216064453,0.008175341288248698,0.00029486490529961884,0.3559664249420166,0.0,0.06878844648599625,0.3630440950393677,0.0,0.0009645870886743069,0.438918399810791,0.0,0.35203009843826294,0.3964489221572876,0.0,0.18446294963359833,0.41275200843811033,0.016474310557047525,0.7946267127990723,0.38723790645599365,0.03308868408203125,0.5186380743980408,0.29429028034210203,0.05722347895304362,0.7634563446044922,0.30717289447784424,0.05823713938395182,0.6210461258888245,0.5105563163757324,0.2730374018351237,0.9847788214683533,0.47468791007995603,0.2712624231974284,0.9815052151679993,0.5072238922119141,0.5701642354329427,0.9861438274383545,0.47675771713256837,0.5431472778320312,0.9852862358093262,0.5391720771789551,0.8058287938435872,0.9049115777015686,0.5055055618286133,0.7593968073527019,0.9201363325119019
squat,0.3637575387954712,0.01283108393351237,0.005217600613832474,0.36394970417022704,0.0,0.003995303530246019,0.37217657566070556,0.002877044677734375,0.0004131673777010292,0.40081419944763186,0.0,0.05547935888171196,0.4146939754486084,0.0,0.001366104232147336,0.4637289047241211,0.0,0.3268718719482422,0.41440401077270506,0.0019204457600911458,0.26923054456710815,0.39217233657836914,0.025276025136311848,0.7752162218093872,0.3460716485977173,0.03520889282226562,0.6170989274978638,0.26865105628967284,0.044318072001139325,0.7195900082588196,0.2375847339630127,0.03251107533772787,0.6521113514900208,0.5062058448791504,0.29158655802408856,0.9813722372055054,0.46800837516784666,0.28844807942708334,0.9813150763511658,0.5072295188903808,0.573322041829427,0.9806703329086304,0.4781453609466553,0.5368809382120768,0.9813608527183533,0.5342581748962403,0.7981897354125976,0.8737903833389282,0.5045223236083984,0.7424911499023438,0.8974156379699707
squat,0.3888963222503662,0.00040566126505533855,0.004832289181649685,0.39077470302581785,0.0,0.002976135816425085,0.3976126670837402,0.0,0.00042282778304070234,0.4282393455505371,0.0,0.039426397532224655,0.43742055892944337,0.0,0.0013801929308101535,0.4827322006225586,0.0,0.26592910289764404,0.4270230770111084,0.0,0.30916351079940796,0.40761442184448243,0.02198680241902669,0.7364724278450012,0.35084309577941897,0.041976674397786455,0.6966917514801025,0.2960616111755371,0.021010494232177733,0.7083666920661926,0.24590823650360108,0.0286410649617513,0.7133782505989075,0.5090853214263916,0.2917554219563802,0.9795562028884888,0.46752266883850097,0.2894624710083008,0.983111560344696,0.505170488357544,0.5765472412109375,0.9769744873046875,0.4761506080627441,0.5420852661132812,0.9810799956321716,0.5331128597259521,0.8016427993774414,0.8404021263122559,0.5083667755126953,0.7515789031982422,0.879109263420105
squat,0.3919211864471436,0.0,0.003719124710187316,0.39302759170532225,0.0,0.0018558889860287309,0.3991368293762207,0.0,0.00040709530003368855,0.4278841495513916,0.0,0.02283402346074581,0.43549275398254395,0.0,0.001479951897636056,0.49043827056884765,0.0,0.1913987398147583,0.42455663681030276,0.0,0.31266722083091736,0.43967766761779786,0.02311286926269531,0.6463898420333862,0.3511683464050293,0.047472604115804035,0.7421337962150574,0.3335734367370605,0.007535584767659505,0.648404061794281,0.24887480735778808,0.04146989186604818,0.7535403370857239,0.5183131694793701,0.2903445561726888,0.9786407351493835,0.47195968627929685,0.2879172960917155,0.9858608245849609,0.5101746559143067,0.5741254170735677,0.9796098470687866,0.4793069362640381,0.5412725448608399,0.9866713881492615,0.5349444389343262,0.801531982421875,0.8682945370674133,0.5121613502502441,0.7564693450927734,0.9128178358078003
squat,0.3908615827560425,0.008940633138020833,0.002742982469499111,0.3892975807189941,0.0,0.0013976495247334242,0.3977590799331665,0.0023892402648925783,0.00029350881231948733,0.41727452278137206,0.0,0.024776501581072807,0.4317174911499023,0.0,0.0016809905646368861,0.48116140365600585,0.0,0.21717000007629395,0.42302236557006834,0.02339010238647461,0.3502742052078247,0.41480183601379395,0.004177474975585937,0.7074683308601379,0.35300164222717284,0.04327888488769531,0.7793506979942322,0.2773616313934326,0.05119527180989583,0.6928783655166626,0.24336369037628175,0.06500876744588216,0.7900834679603577,0.527005672454834,0.2940688133239746,0.9851626753807068,0.4837192535400391,0.29656556447347004,0.9904773235321045,0.513670015335083,0.5727866490681967,0.9727736115455627,0.4855332374572754,0.5486900329589843,0.982183575630188,0.5299278259277344,0.7927954355875652,0.8023569583892822,0.5075017929077148,0.7541590372721354,0.8648127913475037
squat,0.37057182788848875,0.019327672322591145,0.002252863021567464,0.3646822929382324,0.006082661946614583,0.001338296104222536,0.37538444995880127,0.013018163045247395,0.0002727619430515915,0.3829606771469116,0.0,0.020577194169163704,0.4062349319458008,0.0035737991333007813,0.0018327030120417476,0.4583288192749023,0.0,0.15747180581092834,0.41278929710388185,0.027265040079752605,0.1998739093542099,0.42694993019104005,0.0,0.5831475853919983,0.3589754104614258,0.04046640396118164,0.5741863250732422,0.2976902961730957,0.05883665084838867,0.5477849245071411,0.23343019485473632,0.08130276997884114,0.6201381087303162,0.5374343872070313,0.2935154596964518,0.9742348194122314,0.5037840843200684,0.298925526936849,0.9809362888336182,0.5110350608825683,0.5671261469523112,0.9686258435249329,0.48629093170166016,0.5482608795166015,0.9759633541107178,0.5332677364349365,0.7993798573811849,0.8314245939254761,0.5043453693389892,0.7608439127604166,0.8751121163368225
squat,0.34222116470336916,0.035322411855061846,0.010747830383479595,0.33672585487365725,0.015188280741373699,0.007444904651492834,0.3336618900299072,0.025150489807128907,0.002370596630498767,0.3496975898742676,0.0,0.0265437550842762,0.339939546585083,0.01541595458984375,0.007497548125684261,0.4212073802947998,0.01765918731689453,0.201066792011261,0.3942352294921875,0.04136231740315755,0.10223934054374695,0.45264768600463867,0.006307792663574219,0.41992974281311035,0.44714035987854006,0.03785549799601237,0.21864061057567596,0.41803865432739257,0.054355525970458986,0.38737186789512634,0.4133479118347168,0.05160341262817383,0.2996373176574707,0.543116569519043,0.2912019729614258,0.9632473587989807,0.5178773880004883,0.2950510660807292,0.9559704065322876,0.49274415969848634,0.5870122273763021,0.9864510297775269,0.4740570545196533,0.5554160435994466,0.9839073419570923,0.5338140010833741,0.8434715906778971,0.9596487283706665,0.4975742816925049,0.7618185679117838,0.9620108008384705
squat,0.40651211738586424,0.027160008748372395,0.06422596424818039,0.40375399589538574,0.01318813959757487,0.059272777289152145,0.4101212978363037,0.016284910837809245,0.005322795361280441,0.4154212474822998,0.005080191294352213,0.3115035593509674,0.4374366283416748,0.01106697718302409,0.013038345612585545,0.46446971893310546,0.05064833958943685,0.8217596411705017,0.44931888580322266,0.0624874750773112,0.639746904373169,0.3867714643478394,0.08664061228434244,0.9158828854560852,0.383083701133728,0.10493672688802083,0.6071944832801819,0.2427577018737793,0.14233827590942383,0.832385778427124,0.27268152236938475,0.1492172876993815,0.6227281093597412,0.5519711017608643,0.3343807856241862,0.9923391342163086,0.5359227180480957,0.3316420237223307,0.9889724850654602,0.4891000270843506,0.594080924987793,0.991923987865448,0.47597646713256836,0.5645309448242187,0.9869686961174011,0.5294884204864502,0.8214787801106771,0.947117269039154,0.49337177276611327,0.7646470387776693,0.9400998950004578
squat,0.4205873966217041,0.0,0.35306301712989807,0.42802677154541013,0.0,0.41384536027908325,0.4218414306640625,0.0,0.03938431665301323,0.4446869850158691,0.002066198984781901,0.7466598749160767,0.43947606086730956,0.0,0.0347408764064312,0.46033945083618166,0.08438806533813477,0.9380455017089844,0.450321102142334,0.08434219360351562,0.7866076827049255,0.3326047420501709,0.14058574040730795,0.9414352774620056,0.3545542240142822,0.130327574412028,0.499225378036499,0.21040232181549073,0.16241318384806316,0.8493310809135437,0.22851903438568116,0.14417610168457032,0.4943121671676636,0.5560107707977295,0.36040321985880536,0.9902220964431763,0.5428446292877197,0.357957394917806,0.9814490675926208,0.4812633991241455,0.6051944732666016,0.9903027415275574,0.47890758514404297,0.5856781005859375,0.9775671362876892,0.5251214981079102,0.8284027735392253,0.9355450868606567,0.5140247344970703,0.7955642064412435,0.908197820186615
squat,0.42708024978637693,0.02483959197998047,0.8808913230895996,0.4369530200958252,0.008141104380289714,0.8707200884819031,0.4189305305480957,0.008152580261230469,0.4127648174762726,0.4508546829223633,0.02218774159749349,0.8661193251609802,0.4159761905670166,0.021661917368570965,0.20225092768669128,0.46221275329589845,0.1106390635172526,0.9864659905433655,0.4302788734436035,0.12223320007324219,0.9538674354553223,0.33669257164001465,0.1734999656677246,0.9762548208236694,0.37075812816619874,0.2026688575744629,0.7538149356842041,0.2156162977218628,0.20186681747436525,0.9315328598022461,0.26964735984802246,0.22170165379842122,0.729444146156311,0.5545942783355713,0.3798397064208984,0.9937413334846497,0.5227226257324219,0.37808990478515625,0.9885624647140503,0.47030138969421387,0.6033936818440755,0.9934301972389221,0.433607816696167,0.5657166163126628,0.9845286011695862,0.529325294494629,0.8204623540242513,0.9555668830871582,0.4803520679473877,0.7481600443522135,0.9352836608886719
squat,0.392937159538269,0.06478554407755534,0.9710164070129395,0.4122194766998291,0.04502684275309245,0.982673704624176,0.3866356134414673,0.045046393076578775,0.6642399430274963,0.4564537525177002,0.058932050069173174,0.9718857407569885,0.3967672109603882,0.05598363876342773,0.14281174540519714,0.47364087104797364,0.15193125406901042,0.9924136996269226,0.41941146850585936,0.16114947001139324,0.9696062803268433,0.3205487489700317,0.1993303616841634,0.9790893197059631,0.3391026258468628,0.21676740646362305,0.744077205657959,0.20268423557281495,0.22431046168009441,0.9400187730789185,0.2231283664703369,0.21643946965535482,0.7217278480529785,0.5649371147155762,0.41974862416585285,0.9938428401947021,0.5199021339416504,0.41580155690511067,0.9887147545814514,0.46211905479431153,0.6149968465169271,0.9944847226142883,0.42081494331359864,0.5732242584228515,0.9872031807899475,0.5206573963165283,0.8198725382486979,0.9697842001914978,0.4841011524200439,0.749075444539388,0.9587578773498535
squat,0.3968362808227539,0.09962727228800455,0.9786894917488098,0.41428914070129397,0.07850449879964193,0.9805112481117249,0.38835103511810304,0.0816007932027181,0.7310682535171509,0.45459351539611814,0.08744869232177735,0.9632133841514587,0.39487323760986326,0.09153547286987304,0.19099707901477814,0.47257299423217775,0.17740837732950845,0.9948388934135437,0.42113265991210935,0.18754069010416666,0.9855635166168213,0.34338090419769285,0.23168875376383463,0.9890978336334229,0.3506162643432617,0.2457544962565104,0.9037972092628479,0.24496636390686036,0.2587141990661621,0.9747962355613708,0.2525578498840332,0.27096439997355143,0.8960375785827637,0.5624547958374023,0.43209492365519203,0.9953597187995911,0.5192432403564453,0.43016064961751305,0.9927940368652344,0.45651922225952146,0.6100728352864583,0.9944548010826111,0.4175867080688477,0.577313232421875,0.9888893365859985,0.5241147994995117,0.8106282552083334,0.9592549800872803,0.48058524131774905,0.750384775797526,0.948269784450531
squat,0.38785932064056394,0.12432435353597006,0.9792192578315735,0.4061263561248779,0.10269091924031576,0.981903076171875,0.37802231311798096,0.10618851979573568,0.7451988458633423,0.4456945419311523,0.11081768671671549,0.963783860206604,0.38056373596191406,0.1159541130065918,0.18779632449150085,0.46872286796569823,0.19316918055216473,0.9938994646072388,0.4077311992645264,0.21490748723347983,0.9838115572929382,0.3447535753250122,0.2396547317504883,0.9868817329406738,0.3346376419067383,0.27668037414550783,0.8901317715644836,0.2310638904571533,0.2765900293986003,0.9701776504516602,0.2178023099899292,0.3004525502522786,0.8855249285697937,0.5704730987548828,0.4417388916015625,0.9927529096603394,0.5221998214721679,0.44454787572224935,0.9892542362213135,0.4541916370391846,0.6058256149291992,0.9911559820175171,0.41450066566467286,0.581479263305664,0.9825462102890015,0.5221071243286133,0.8055924733479818,0.9389727711677551,0.48804187774658203,0.7568157196044922,0.9233522415161133
squat,0.3881584644317627,0.1461970329284668,0.9762408137321472,0.4066921710968018,0.12413600285847982,0.9829749464988708,0.37764976024627683,0.12695156733194987,0.6936801075935364,0.4469473838806152,0.13317702611287435,0.9684771299362183,0.3803661108016968,0.13545354207356772,0.1473967283964157,0.4694209098815918,0.22163340250651042,0.9939637780189514,0.4122666835784912,0.22852999369303387,0.9761760830879211,0.3422244071960449,0.28801008860270183,0.9880260825157166,0.34486148357391355,0.2868226687113444,0.8399515748023987,0.2293071746826172,0.31990343729654946,0.9720715284347534,0.23050739765167236,0.31144065856933595,0.8467361927032471,0.5735776901245118,0.4648675282796224,0.9923022985458374,0.5262351989746094,0.4610661824544271,0.9861966967582703,0.4469444274902344,0.6127313613891602,0.9915249943733215,0.4011964797973633,0.5796315511067708,0.9796193838119507,0.5218670845031739,0.8133804321289062,0.9485856890678406,0.4728651523590088,0.7537788391113281,0.9276335835456848
squat,0.3836080074310303,0.17199560801188152,0.9744249582290649,0.4020253658294678,0.15209760665893554,0.9832189679145813,0.37391479015350343,0.15338204701741537,0.6944856643676758,0.44037685394287107,0.16626323064168294,0.970888078212738,0.376427960395813,0.16472864151000977,0.15392543375492096,0.4653496265411377,0.2526356379191081,0.99321049451828,0.40918779373168945,0.25738760630289714,0.9716381430625916,0.34930622577667236,0.31719671885172523,0.9844542145729065,0.34429254531860354,0.31427160898844403,0.7937268018722534,0.23260107040405273,0.34844849904378256,0.9622690081596375,0.22264134883880615,0.33538688023885094,0.7975737452507019,0.5742504119873046,0.4815784454345703,0.9892403483390808,0.5278500080108642,0.47576417922973635,0.9804023504257202,0.4455398082733154,0.6138092041015625,0.9892328977584839,0.39748258590698243,0.5753119786580404,0.9735148549079895,0.5213615894317627,0.8164251963297526,0.9448928833007812,0.47566909790039064,0.749703852335612,0.9218426942825317
squat,0.38029458522796633,0.20063371658325196,0.9684848189353943,0.39905240535736086,0.17924601236979168,0.9836705923080444,0.3721381902694702,0.18158226013183593,0.566646933555603,0.4403620719909668,0.18757203420003254,0.9807226061820984,0.3802176952362061,0.18684930801391603,0.10107891261577606,0.46411705017089844,0.26907008488972983,0.9954173564910889,0.42139015197753904,0.2755467732747396,0.9579299688339233,0.3584798812866211,0.33076136906941733,0.9907504916191101,0.3832892417907715,0.3202285130818685,0.701066792011261,0.23849892616271973,0.3636654853820801,0.97477787733078,0.2765404224395752,0.3405055363972982,0.7247858643531799,0.5763225555419922,0.5011472384134928,0.9892169237136841,0.5402198314666748,0.4993636131286621,0.970879077911377,0.4485288619995117,0.6187496821085612,0.9857463836669922,0.41965227127075194,0.5983966191609701,0.9502969980239868,0.5346179008483887,0.8101523081461589,0.9144877195358276,0.5114128589630127,0.7716580708821614,0.8505025506019592
squat,0.3819309711456299,0.2229122797648112,0.9573284983634949,0.4005803108215332,0.20118529001871746,0.9815487265586853,0.37333848476409914,0.20270843505859376,0.4343198537826538,0.44153823852539065,0.2101666768391927,0.9850025773048401,0.38282811641693115,0.20637327829996746,0.08122777193784714,0.46252760887145994,0.2949447313944499,0.9971210360527039,0.4323550224304199,0.29259767532348635,0.9494953155517578,0.35233154296875,0.3574532508850098,0.9948230981826782,0.4274449825286865,0.3347695668538411,0.6462077498435974,0.22983808517456056,0.3872121175130208,0.9845165610313416,0.3526755809783936,0.35812352498372396,0.6950601935386658,0.5752213954925537,0.5163987795511882,0.9939947724342346,0.5456967830657959,0.5095264434814453,0.9774107336997986,0.4373868465423584,0.6208544413248698,0.9927101135253906,0.41368255615234373,0.5898088455200196,0.9654875993728638,0.5261058807373047,0.807744852701823,0.9585869908332825,0.5075357913970947,0.7526952107747396,0.9110462069511414
squat,0.3795670986175537,0.2514734903971354,0.9588601589202881,0.3970590591430664,0.22809699376424153,0.9819690585136414,0.3746237277984619,0.23176682790120443,0.4573427438735962,0.4452094078063965,0.2343697230021159,0.9805295467376709,0.39421591758728025,0.23747084935506185,0.07334637641906738,0.4595634460449219,0.3209579785664876,0.9920320510864258,0.44148826599121094,0.3330624262491862,0.9318269491195679,0.34025695323944094,0.38012113571166994,0.9811293482780457,0.4082589626312256,0.39276415506998696,0.5036948323249817,0.2119508981704712,0.4138156890869141,0.9503553509712219,0.3039548873901367,0.43590383529663085,0.5292894840240479,0.5645582675933838,0.5461579004923502,0.9745916724205017,0.5470524787902832,0.5474341074625652,0.9292333126068115,0.45244851112365725,0.6266270319620768,0.9697245359420776,0.4472383499145508,0.6167456944783528,0.8936432600021362,0.5322871208190918,0.8083209991455078,0.8673738241195679,0.5356885433197022,0.7879061381022135,0.7672485113143921
squat,0.3784428358078003,0.2706027348836263,0.9671328663825989,0.3973545074462891,0.2503926753997803,0.9862620830535889,0.37053239345550537,0.25360120137532555,0.556657612323761,0.4379307270050049,0.2592450141906738,0.9825477004051208,0.37562057971954343,0.26006355285644533,0.0776333287358284,0.4649186611175537,0.33352266947428383,0.9959233999252319,0.4130457878112793,0.3477810223897298,0.9342764019966125,0.3539604663848877,0.3938778877258301,0.9907609820365906,0.3769046783447266,0.4116718292236328,0.5161965489387512,0.230405592918396,0.4322352091471354,0.9723359942436218,0.30092525482177734,0.4619645118713379,0.5623793005943298,0.589213752746582,0.5614748001098633,0.9893569350242615,0.5485090255737305,0.5631839752197265,0.9613944888114929,0.44044179916381837,0.6234404246012369,0.9851480722427368,0.41405582427978516,0.607090441385905,0.9292798042297363,0.5328566074371338,0.8102844874064128,0.9400267601013184,0.5279541969299316,0.7732804616292318,0.8678483366966248
squat,0.38140621185302737,0.2881802876790365,0.9615518450737,0.39856159687042236,0.2654428482055664,0.9817126393318176,0.3705202341079712,0.27198060353597003,0.5307053327560425,0.4378370761871338,0.2715150833129883,0.9753384590148926,0.3753403663635254,0.279169495900472,0.08293214440345764,0.45751285552978516,0.34818576176961263,0.9941365718841553,0.43046112060546876,0.3588168462117513,0.9220417737960815,0.34933669567108155,0.41162853240966796,0.9891853332519531,0.4231297492980957,0.41230576833089194,0.5571715235710144,0.2419341802597046,0.44664888381958007,0.975681722164154,0.37834575176239016,0.461607837677002,0.6556208729743958,0.5877284049987793,0.5605113983154297,0.9859297871589661,0.561032772064209,0.5640796025594076,0.9542661309242249,0.44063491821289064,0.6050427754720052,0.9873476028442383,0.4344111442565918,0.6050131479899089,0.947775661945343,0.5286263465881348,0.7999879201253255,0.953396737575531,0.5282966136932373,0.7862185160319011,0.9037814140319824
squat,0.3828426361083984,0.2997830073038737,0.9653091430664062,0.40018367767333984,0.277448844909668,0.9842371344566345,0.3728358507156372,0.28286949793497723,0.5270705223083496,0.44025363922119143,0.28175331751505533,0.979025661945343,0.3781164884567261,0.2875837326049805,0.07366394996643066,0.46264066696166994,0.3560763041178385,0.9950587749481201,0.42782182693481446,0.36544844309488933,0.9328278303146362,0.34770827293395995,0.4227219263712565,0.9909015893936157,0.3939882755279541,0.418948491414388,0.5736925601959229,0.24018168449401855,0.46002451578776044,0.9776434302330017,0.3191805839538574,0.46081460316975914,0.6597692966461182,0.5944689273834228,0.5650416056315104,0.9869816899299622,0.5642648220062256,0.566459592183431,0.9571247696876526,0.44060616493225097,0.6166188557942708,0.9874083995819092,0.4303311347961426,0.6067066192626953,0.9449623823165894,0.5282917022705078,0.8065820058186849,0.9504797458648682,0.5269193649291992,0.7775484085083008,0.8962536454200745
squat,0.3854313135147095,0.3096349080403646,0.9667560458183289,0.4028170585632324,0.2879751205444336,0.984017550945282,0.37491469383239745,0.2935341835021973,0.5698533058166504,0.4406243324279785,0.2934768040974935,0.9756764769554138,0.377103328704834,0.2994885762532552,0.08167433738708496,0.46366348266601565,0.36513551076253253,0.9938492178916931,0.4248795509338379,0.37762314478556314,0.9264209270477295,0.34982688426971437,0.4351006189982096,0.9886787533760071,0.3988275766372681,0.44333279927571617,0.5582002997398376,0.23998289108276366,0.4707074801127116,0.9739839434623718,0.33976430892944337,0.4965497652689616,0.6456415057182312,0.5997711181640625,0.5766548792521159,0.980887770652771,0.5654498100280761,0.5795715967814128,0.9409193992614746,0.44217419624328613,0.6082445780436198,0.9817491769790649,0.4238574028015137,0.6003157297770182,0.9240742325782776,0.5343097686767578,0.8054868698120117,0.9364320635795593,0.5263001441955566,0.7785092671712239,0.8700461983680725
squat,0.383502459526062,0.32292334238688153,0.9736950993537903,0.40126628875732423,0.30213197072347003,0.9877695441246033,0.3750146389007568,0.3064440091451009,0.627179741859436,0.4400899887084961,0.3062975247701009,0.9796265959739685,0.377353835105896,0.3113877296447754,0.07788261026144028,0.47116265296936033,0.3748719533284505,0.993850588798523,0.4127065658569336,0.3938999811808268,0.936039924621582,0.36296720504760743,0.44238872528076173,0.9864811897277832,0.3471077919006348,0.4528328577677409,0.5524858236312866,0.24662656784057618,0.491329288482666,0.9675668478012085,0.24262514114379882,0.48643293380737307,0.6181458830833435,0.6021001815795899,0.5839785257975261,0.9766130447387695,0.5586180686950684,0.5878608067830403,0.933035135269165,0.44874062538146975,0.6108984629313151,0.9790220856666565,0.4195981979370117,0.598611323038737,0.9154478907585144,0.5336003303527832,0.8080418904622396,0.9308488965034485,0.5265703678131104,0.7748908360799154,0.8635362386703491
squat,0.38345038890838623,0.340576966603597,0.9768645167350769,0.40111351013183594,0.3193425496419271,0.9875773191452026,0.37530951499938964,0.32484785715738934,0.6627638936042786,0.4414673328399658,0.32217133839925133,0.9753870964050293,0.3787422180175781,0.3293970425923665,0.08257308602333069,0.4694337844848633,0.39059626261393227,0.9929535984992981,0.41628432273864746,0.4096991221110026,0.9412665367126465,0.36235997676849363,0.4610076586405436,0.9855517148971558,0.3545789957046509,0.4686163584391276,0.6170406937599182,0.25228893756866455,0.5096650759379069,0.9713563323020935,0.2584336280822754,0.5063953081766764,0.6984156966209412,0.5979203701019287,0.5988581975301107,0.9697524309158325,0.5574559211730957,0.6045970916748047,0.9231981635093689,0.4474160194396973,0.5900199890136719,0.9731913805007935,0.4210353374481201,0.5893292744954427,0.9056258797645569,0.5307950019836426,0.7948979059855144,0.9169741868972778,0.5243362426757813,0.781498908996582,0.8473933935165405
squat,0.3852944850921631,0.35833295186360675,0.9769968390464783,0.40308499336242676,0.33604501088460287,0.9875732064247131,0.377373480796814,0.3420487721761068,0.6369325518608093,0.4456336975097656,0.3363680203755697,0.9753471612930298,0.3815946340560913,0.34469782511393227,0.07244677096605301,0.47058725357055664,0.4035403887430827,0.9940977096557617,0.4198747634887695,0.4238254547119141,0.9437665939331055,0.3546449661254883,0.4855144500732422,0.9888907670974731,0.36014912128448484,0.49750471115112305,0.6334841847419739,0.24497313499450685,0.5346199035644531,0.9780160784721375,0.2728304624557495,0.5317447662353516,0.7238990068435669,0.5973618030548096,0.6020732879638672,0.9741346836090088,0.5578386306762695,0.6088087717692058,0.9289208650588989,0.4472616195678711,0.5853560129801433,0.977681040763855,0.42342042922973633,0.587413215637207,0.9150897860527039,0.5293512344360352,0.7933191299438477,0.9285904765129089,0.5249038219451905,0.7828481038411458,0.8615150451660156
squat,0.3914356708526611,0.37211373647054036,0.9834958910942078,0.4074298858642578,0.35033289591471356,0.9881954193115234,0.3833645820617676,0.3575269381205241,0.7336231470108032,0.44766602516174314,0.3501053174336751,0.9720121622085571,0.38655543327331543,0.36127780278523763,0.11293498426675797,0.47519745826721194,0.42274271647135414,0.9947446584701538,0.41542983055114746,0.43539536794026695,0.9720373153686523,0.35866541862487794,0.5086819648742675,0.9891864657402039,0.324863862991333,0.4887309392293294,0.7950798869132996,0.24273066520690917,0.5645495732625325,0.9803885221481323,0.2343109130859375,0.5312877972920735,0.8435095548629761,0.5985568046569825,0.6180115381876627,0.9746333956718445,0.5553009986877442,0.6240962982177735,0.9473518133163452,0.45211310386657716,0.5778652191162109,0.9734925627708435,0.42958807945251465,0.5854305267333985,0.922893762588501,0.5289860725402832,0.7878511428833008,0.9084755778312683,0.5278665542602539,0.7864603678385417,0.8502067923545837
squat,0.39530947208404543,0.36974188486735027,0.9788148999214172,0.4116691589355469,0.34814879099527996,0.9883036613464355,0.3873910903930664,0.35518906911214193,0.6675719618797302,0.4520880222320557,0.3491666793823242,0.9757614135742188,0.3910701036453247,0.35997355779012047,0.08051875978708267,0.47917938232421875,0.42125136057535806,0.9939502477645874,0.4244833946228027,0.4357057253519694,0.9479706883430481,0.36152694225311277,0.5042014439900716,0.9877581000328064,0.34975924491882326,0.49354960123697916,0.6376896500587463,0.24084076881408692,0.551960817972819,0.9762776494026184,0.26372685432434084,0.5330909093221029,0.7240698337554932,0.6013816833496094,0.6202215830485026,0.9707741737365723,0.560285234451294,0.624702262878418,0.9234708547592163,0.44662113189697267,0.5841148376464844,0.9757478833198547,0.42470359802246094,0.5858547210693359,0.9106152057647705,0.5281148910522461,0.7961346944173177,0.9286811947822571,0.5273147583007812,0.7854183197021485,0.86359041929245
squat,0.4021451950073242,0.3400822639465332,0.9647037982940674,0.4155517578125,0.32307650248209635,0.9779505133628845,0.39501590728759767,0.3258157730102539,0.6635562777519226,0.4477701187133789,0.33265438079833987,0.9595867991447449,0.4016693592071533,0.33277390797932943,0.15320642292499542,0.47046546936035155,0.4048349698384603,0.9873710870742798,0.44441237449646,0.398394521077474,0.9455816745758057,0.36767044067382815,0.48908290863037107,0.9707100987434387,0.3712993860244751,0.45640557607014975,0.6871201992034912,0.25412592887878416,0.49504814147949217,0.9452452063560486,0.25417261123657225,0.48524392445882164,0.7468655705451965,0.5904888153076172,0.5507325490315755,0.9475865960121155,0.5669550895690918,0.5445645650227865,0.9114457964897156,0.4503460884094238,0.5923440297444661,0.9656544923782349,0.43883533477783204,0.5740703582763672,0.9219392538070679,0.5226728916168213,0.7928017934163412,0.9071061015129089,0.5106640815734863,0.7590723037719727,0.8718119859695435
squat,0.39928934574127195,0.29308945337931314,0.9747295379638672,0.4155928134918213,0.27470289866129555,0.9825398921966553,0.39194161891937257,0.27700589497884115,0.6967159509658813,0.4499211311340332,0.2849884351094564,0.9647354483604431,0.3937768220901489,0.2853196144104004,0.1403627097606659,0.4694698333740234,0.3583289464314779,0.991692066192627,0.42634735107421873,0.3685262680053711,0.9654730558395386,0.36213250160217286,0.4257783889770508,0.9817498922348022,0.35354793071746826,0.42838548024495443,0.752079963684082,0.2507921695709229,0.4724024454752604,0.9654474854469299,0.241485595703125,0.4711371103922526,0.7905673384666443,0.5911435604095459,0.5328108787536621,0.9787451028823853,0.5572404861450195,0.5336945215861003,0.9600287079811096,0.446946907043457,0.5838453292846679,0.9840493202209473,0.4251058101654053,0.5719091415405273,0.9572076797485352,0.5268943786621094,0.7993743896484375,0.9416194558143616,0.5155683040618897,0.7717797597249348,0.9100098013877869
squat,0.40000362396240235,0.24274361928304036,0.977820098400116,0.41699924468994143,0.22368138631184895,0.9853528141975403,0.39247684478759765,0.2261026382446289,0.6813388466835022,0.45223369598388674,0.2302846908569336,0.973612904548645,0.39474074840545653,0.2311727523803711,0.12349747121334076,0.4753747463226318,0.3013772010803223,0.9950237274169922,0.4271998882293701,0.3153391202290853,0.9709640741348267,0.3776050329208374,0.37114168802897135,0.9903613328933716,0.3630625009536743,0.38065614700317385,0.7871559262275696,0.2599626541137695,0.4184096018473307,0.9796415567398071,0.24652280807495117,0.4177978197733561,0.8186258673667908,0.5897737503051758,0.5056811968485514,0.9887593984603882,0.5522263526916504,0.5063681602478027,0.9748426675796509,0.4445040702819824,0.5882500330607097,0.9892227649688721,0.41805367469787597,0.5748038609822591,0.9659296274185181,0.5264480113983154,0.8036197662353516,0.9452615976333618,0.5123888969421386,0.772981071472168,0.9069331884384155
squat,0.39764764308929446,0.16305618286132811,0.9734872579574585,0.4167050361633301,0.148516050974528,0.9849713444709778,0.3932801723480225,0.14634927113850912,0.6269944906234741,0.45459728240966796,0.17123514811197918,0.9790740013122559,0.3999567985534668,0.16141242980957032,0.11264525353908539,0.4747013092041016,0.2563604513804118,0.9964694976806641,0.42355852127075194,0.2633411407470703,0.9674599170684814,0.38096568584442136,0.3244085629781087,0.9918177127838135,0.36396610736846924,0.336815611521403,0.7164856791496277,0.2743974208831787,0.3721607526143392,0.9774585366249084,0.24884321689605712,0.3813295364379883,0.7315818071365356,0.5739746570587159,0.4813152631123861,0.9945652484893799,0.535682487487793,0.4787513097127279,0.9844590425491333,0.451049280166626,0.604162089029948,0.9930046200752258,0.4204243183135986,0.5817230224609375,0.9734489917755127,0.5254997253417969,0.8104050954182943,0.9572147727012634,0.5133715152740479,0.7730907440185547,0.9178959727287292
squat,0.3942990779876709,0.1034663200378418,0.9675378203392029,0.41354947090148925,0.0894320805867513,0.9835370182991028,0.3917593479156494,0.08421312967936198,0.5782466530799866,0.45343661308288574,0.11598841349283855,0.9801520705223083,0.40410561561584474,0.09857521057128907,0.11635144799947739,0.46837530136108396,0.2135081132253011,0.9958723187446594,0.43013653755187986,0.20698259671529134,0.9634948372840881,0.3623944282531738,0.28909133275349935,0.9891427159309387,0.3713786840438843,0.2868015925089518,0.6717963814735413,0.26389007568359374,0.3289712270100911,0.9674953818321228,0.25484204292297363,0.32715155283610026,0.6809505224227905,0.5649212837219239,0.4443023681640625,0.9955626726150513,0.5327330589294433,0.4349702517191569,0.9877457022666931,0.4549404144287109,0.603587277730306,0.9959412813186646,0.41893787384033204,0.5657891591389974,0.9857524037361145,0.5227256774902344,0.8102920532226563,0.9772881865501404,0.4936665058135986,0.7543372472127279,0.9590254426002502
squat,0.3962918996810913,0.05264339447021484,0.9543662071228027,0.4122300624847412,0.03470875422159831,0.9776711463928223,0.3934715509414673,0.032430076599121095,0.5076524019241333,0.45307226181030275,0.0513340950012207,0.9750732779502869,0.4130092620849609,0.041043599446614586,0.1161716878414154,0.46697492599487306,0.15421075820922853,0.9927045702934265,0.45023226737976074,0.14390598932902018,0.9409974217414856,0.35768191814422606,0.24439873695373535,0.9799590110778809,0.4066305160522461,0.2331164042154948,0.5711055994033813,0.26363544464111327,0.2849573135375977,0.9467109441757202,0.32072265148162843,0.2794276555379232,0.6020476818084717,0.5580489635467529,0.4008324940999349,0.9917717576026917,0.5388776302337647,0.3905061721801758,0.9784801006317139,0.46443982124328614,0.5990914026896159,0.99354088306427,0.4472395896911621,0.560763168334961,0.9800700545310974,0.5210213661193848,0.8266398111979166,0.9627987146377563,0.4981926441192627,0.7653032938639323,0.9387351870536804
squat,0.4159679889678955,0.012922573089599609,0.7274028658866882,0.4268885612487793,0.0,0.6539885401725769,0.40807266235351564,0.0,0.26933202147483826,0.4420301914215088,0.003664811452229818,0.7301790714263916,0.4059793472290039,0.0037175814310709634,0.17450137436389923,0.4483396053314209,0.09241997400919597,0.9572364091873169,0.4235851764678955,0.1003742535909017,0.934160053730011,0.33345813751220704,0.18816903432210286,0.9267572164535522,0.3676583290100098,0.20643657048543293,0.7662531733512878,0.2515547275543213,0.23352108001708985,0.8537891507148743,0.2871366024017334,0.25393904050191246,0.7337082028388977,0.5438073635101318,0.35275541941324867,0.9888351559638977,0.5185874938964844,0.35360724131266275,0.9866194128990173,0.479702091217041,0.5920722961425782,0.9911400675773621,0.4582197666168213,0.5658765157063802,0.9869686961174011,0.5255557537078858,0.8124998728434245,0.9481620788574219,0.4979039192199707,0.7648145039876302,0.9432045817375183
squat,0.3911708354949951,0.031052176157633463,0.12040543556213379,0.3904377222061157,0.013552983601888021,0.11668383330106735,0.39932377338409425,0.014960161844889323,0.008006167598068714,0.4089686870574951,0.0,0.5783761143684387,0.4427934646606445,0.0,0.017742812633514404,0.4437981128692627,0.0593446413675944,0.9191344976425171,0.46439375877380373,0.04218448003133138,0.7649367451667786,0.332961893081665,0.18275362650553387,0.9479051828384399,0.38873345851898194,0.1496014912923177,0.6658958196640015,0.24879183769226074,0.18738406499226887,0.8844199180603027,0.32628941535949707,0.1891222318013509,0.6557376384735107,0.533382511138916,0.338375727335612,0.9916309714317322,0.5381059646606445,0.3256951649983724,0.9862354397773743,0.48534278869628905,0.6008721669514974,0.993156373500824,0.4823418140411377,0.5515618642171224,0.9877110123634338,0.5384425640106201,0.8297274271647136,0.9510251879692078,0.49064884185791013,0.7487250010172526,0.9428539276123047
squat,0.4110395908355713,0.013552316029866536,0.0020707459188997746,0.408173656463623,0.0,0.0010881169000640512,0.4142651081085205,0.0029590288798014325,0.00021716557967010885,0.4277848720550537,0.0,0.020791158080101013,0.4380545139312744,0.0,0.001959429820999503,0.4882244110107422,0.0,0.3736266493797302,0.43399200439453123,0.011513360341389974,0.31522008776664734,0.4210834980010986,0.07679033279418945,0.8401855230331421,0.3855776309967041,0.10214172999064128,0.700770378112793,0.28803181648254395,0.16079559326171874,0.7935483455657959,0.2876433372497559,0.1659713904062907,0.7445874214172363,0.5362333297729492,0.3010531425476074,0.9956783652305603,0.49367718696594237,0.2968680063883464,0.9956004619598389,0.5030001163482666,0.5855889638264974,0.9965349435806274,0.47375974655151365,0.5452461242675781,0.9963833093643188,0.5308061599731445,0.8237391789754231,0.978424072265625,0.5011229038238525,0.7535163879394531,0.9813545346260071
squat,0.43801465034484866,0.013961315155029297,0.004804703872650862,0.4374212741851807,0.00014626185099283855,0.003834679489955306,0.44651021957397463,0.0018184661865234375,0.00031592504819855094,0.4618183135986328,0.0,0.08229362219572067,0.4829258918762207,0.0,0.002238641958683729,0.5040679931640625,0.0037364641825358073,0.6493514776229858,0.477873706817627,0.009064451853434245,0.38927993178367615,0.42522459030151366,0.07755413055419921,0.9300011992454529,0.4154017925262451,0.09022938410441081,0.6475287675857544,0.2815185785293579,0.16380109786987304,0.8867862820625305,0.28823099136352537,0.145981502532959,0.7093459963798523,0.5219249725341797,0.29700616200764973,0.996455192565918,0.4985209465026855,0.2896212259928385,0.9944407343864441,0.5062650680541992,0.5734467188517253,0.996566653251648,0.48879036903381345,0.5380225499471029,0.9947478175163269,0.5316774368286132,0.8125613530476888,0.9724761247634888,0.5092062950134277,0.7585197448730469,0.9696149230003357
squat,0.45069379806518556,0.018757088979085287,0.008148702792823315,0.4506700038909912,0.00480947494506836,0.00697847455739975,0.4596031665802002,0.006125100453694661,0.00045287306420505047,0.4785488128662109,0.0,0.1439359188079834,0.4994288444519043,0.0,0.003263372229412198,0.5127771377563477,0.006859016418457031,0.7966616153717041,0.5005486488342286,0.01396490732828776,0.506324291229248,0.4315007209777832,0.07407805124918619,0.9611840844154358,0.4655297756195068,0.10400307973225911,0.711194634437561,0.28100359439849854,0.16510570844014485,0.9333927631378174,0.35854368209838866,0.17164090474446614,0.7677327990531921,0.513843584060669,0.2883860270182292,0.9977155923843384,0.49701871871948244,0.2802534739176432,0.99581378698349,0.5084422111511231,0.5694565455118815,0.9971954822540283,0.4893055438995361,0.5328417460123698,0.9952026605606079,0.5319066524505616,0.8092781066894531,0.9719946980476379,0.5020971775054932,0.7539269765218098,0.9666000008583069
squat,0.43799495697021484,0.021501509348551433,0.02161874994635582,0.43731155395507815,0.006428368886311849,0.019146984443068504,0.4459967613220215,0.009264691670735677,0.0012539946474134922,0.4643486499786377,0.0,0.192827969789505,0.4845919132232666,0.0,0.004335894715040922,0.5062510967254639,0.005747509002685547,0.7807491421699524,0.48181591033935545,0.014413229624430339,0.5431126356124878,0.44357829093933104,0.07221434911092123,0.9446080923080444,0.42250723838806153,0.0797099749247233,0.6875773072242737,0.29456636905670164,0.15505250295003256,0.9095954895019531,0.29097752571105956,0.1326589584350586,0.7321923971176147,0.5187691688537598,0.3007457733154297,0.9945142269134521,0.49907875061035156,0.29592940012613933,0.991007387638092,0.5112995147705078,0.573864491780599,0.9912386536598206,0.4934680938720703,0.5485446929931641,0.9861575365066528,0.5394451141357421,0.7984573364257812,0.9146386384963989,0.5117326259613038,0.7601032257080078,0.9042870402336121
squat,0.43208837509155273,0.014199066162109374,0.004530579783022404,0.4320662975311279,0.0,0.002796345157548785,0.4387515544891357,0.001924610137939453,0.00032881301012821496,0.46061196327209475,0.0,0.041966360062360764,0.4705194473266602,0.0,0.001840114244259894,0.5069897651672364,0.0,0.4715779721736908,0.4599663734436035,0.0,0.38037797808647156,0.44660582542419436,0.051414108276367186,0.8949037790298462,0.4106895446777344,0.0654826800028483,0.7500919103622437,0.2912270545959473,0.14622163772583008,0.878676176071167,0.2852426528930664,0.13071266810099283,0.8041943311691284,0.5150624275207519,0.28243630727132163,0.9943203926086426,0.4791563510894775,0.27826315561930337,0.9935316443443298,0.513323163986206,0.5674009958902995,0.992616593837738,0.48208937644958494,0.5415341059366862,0.992007851600647,0.5343986034393311,0.7994139989217123,0.9331125617027283,0.5054423332214355,0.7650426228841146,0.9402584433555603
squat,0.45401825904846194,0.0,0.003642693627625704,0.45452327728271485,0.0,0.0020027365535497665,0.4639564037322998,0.0,0.00029310499667190015,0.4796851634979248,0.0,0.04405052587389946,0.49904956817626955,0.0,0.0022167768329381943,0.5200376033782959,0.0,0.5315590500831604,0.47862892150878905,0.0,0.4814874827861786,0.42437195777893066,0.06059207916259766,0.9072344303131104,0.4028890132904053,0.085008176167806,0.8047563433647156,0.2782801389694214,0.14393402735392252,0.8754395246505737,0.2855829238891602,0.1323986053466797,0.8263317942619324,0.5224960803985595,0.294195556640625,0.9964284300804138,0.48891115188598633,0.28822479248046873,0.9962410926818848,0.5164186477661132,0.5703662236531576,0.9960544109344482,0.49076361656188966,0.5330457369486491,0.9959298968315125,0.5316396713256836,0.8072378158569335,0.9665566682815552,0.5081693649291992,0.7533748626708985,0.9710506200790405
squat,0.41762189865112304,0.019736798604329427,0.006631128955632448,0.41745586395263673,0.005375830332438151,0.004960976075381041,0.42572593688964844,0.007939624786376952,0.0004828831006307155,0.4467813014984131,0.0,0.07953602820634842,0.4638315200805664,0.0,0.0025314386002719402,0.4998962879180908,0.0,0.5958398580551147,0.46450099945068357,0.008899943033854166,0.43699735403060913,0.43171091079711915,0.06974964141845703,0.9003150463104248,0.41013259887695314,0.09891449610392253,0.7111658453941345,0.287790584564209,0.15305945078531902,0.8577253818511963,0.28946850299835203,0.14216496149698893,0.7570082545280457,0.5289113044738769,0.2868157704671224,0.9957755208015442,0.49916844367980956,0.2822928746541341,0.994864284992218,0.5163532257080078,0.5699925740559896,0.9963878393173218,0.493910551071167,0.5377549489339193,0.9958176016807556,0.534713888168335,0.8159278233846029,0.97291100025177,0.5135434150695801,0.7663842519124349,0.975307047367096
squat,0.4285163879394531,0.01562496821085612,0.003650014754384756,0.4275946617126465,0.002427482604980469,0.0027250631246715784,0.4377114772796631,0.003733921051025391,0.0002707518870010972,0.4516129016876221,0.0,0.062132153660058975,0.47527427673339845,0.0,0.0020849064458161592,0.49985532760620116,0.0,0.4958806037902832,0.4726375102996826,0.006742954254150391,0.3645843267440796,0.4162121295928955,0.06750707626342774,0.8740756511688232,0.4068620204925537,0.08878024419148763,0.6567128300666809,0.26855905055999757,0.15752623875935873,0.8209612369537354,0.279831075668335,0.15125767389933267,0.7094706892967224,0.5368690490722656,0.29443162282307944,0.9938854575157166,0.5135185241699218,0.2887758572896322,0.9928476810455322,0.5073196411132812,0.5676231384277344,0.994892954826355,0.49547672271728516,0.537118657430013,0.9940642714500427,0.5225789546966553,0.8049747467041015,0.9647060036659241,0.5138532638549804,0.7605741500854493,0.9675140380859375
squat,0.4138378143310547,0.04999345143636068,0.010576440021395683,0.4119256019592285,0.03621616363525391,0.011596623808145523,0.4186906337738037,0.039330609639485675,0.0008104938897304237,0.4341721534729004,0.012037817637125652,0.15548007190227509,0.45210819244384765,0.017320632934570312,0.004169864114373922,0.480601167678833,0.031536865234375,0.6726146936416626,0.46978249549865725,0.03934164047241211,0.3591296076774597,0.4011522769927979,0.08054297765096029,0.8971531391143799,0.42818360328674315,0.09736499786376954,0.4848027527332306,0.2664313554763794,0.17935730616251627,0.8157909512519836,0.3179325580596924,0.15973354975382487,0.5527694225311279,0.5390707969665527,0.30563627878824867,0.99490886926651,0.5235917568206787,0.2993769327799479,0.9914976954460144,0.5024945735931396,0.5851701100667318,0.9964239001274109,0.4880274772644043,0.5477488199869792,0.9940840601921082,0.5286424636840821,0.8241950988769531,0.980221688747406,0.5036242485046387,0.7582864125569662,0.9774419069290161
squat,0.4070723056793213,0.016936397552490233,0.02324274741113186,0.405151891708374,0.0021067301432291666,0.02728695422410965,0.4119011878967285,0.004973475138346354,0.0012442683801054955,0.4253994464874268,0.0,0.2706534266471863,0.44527106285095214,0.0,0.004100861959159374,0.47316570281982423,0.02011709213256836,0.7878118753433228,0.4612640380859375,0.036117299397786455,0.4409000873565674,0.3952683687210083,0.07924509048461914,0.9382319450378418,0.4125410556793213,0.11266571680704753,0.4948101341724396,0.2598249435424805,0.16303319931030275,0.8796979784965515,0.30431904792785647,0.16760263442993165,0.566763162612915,0.5494296073913574,0.3085255940755208,0.993830144405365,0.5347482681274414,0.30733343760172527,0.9879094958305359,0.501893424987793,0.5872035344441732,0.9935488104820251,0.48583459854125977,0.5608425140380859,0.9866358637809753,0.5313109397888184,0.8207853317260743,0.9498803615570068,0.49997801780700685,0.7694224039713542,0.9342246055603027
squat,0.4310887336730957,0.0,0.12950827181339264,0.4329019069671631,0.0,0.1608419567346573,0.43199925422668456,0.0,0.009588404558598995,0.4508510589599609,0.0,0.5431158542633057,0.45636396408081054,0.0,0.01698026992380619,0.4833510875701904,0.042332935333251956,0.9069869518280029,0.4737553119659424,0.057310994466145834,0.6455038189888,0.38477134704589844,0.10352751413981119,0.948104202747345,0.44086451530456544,0.1359696388244629,0.4754946529865265,0.25350055694580076,0.18382298151652018,0.8824931979179382,0.358308219909668,0.1808244228363037,0.5155614018440247,0.5518869400024414,0.34233824412027997,0.9939906597137451,0.5366522789001464,0.34001185099283854,0.9867145419120789,0.49138813018798827,0.6028343200683594,0.9937938451766968,0.4712687969207764,0.5697489420572917,0.984860897064209,0.5316370964050293,0.8410746892293294,0.9588505029678345,0.4947488307952881,0.7747287114461263,0.9388763904571533
squat,0.4270880699157715,0.0033844947814941407,0.7185765504837036,0.4379286289215088,0.0,0.7674933075904846,0.42010674476623533,0.0,0.16834081709384918,0.46038050651550294,0.0,0.8321433067321777,0.424884033203125,0.0,0.07896874099969864,0.47763919830322266,0.06566448211669922,0.9733861684799194,0.44420132637023924,0.0807998021443685,0.8853418827056885,0.37788734436035154,0.11819992065429688,0.9657251238822937,0.4004977226257324,0.15020392735799154,0.6030329465866089,0.2596574306488037,0.18132007916768392,0.9111060500144958,0.27863459587097167,0.18353983561197917,0.6075195670127869,0.5550404071807862,0.35605284372965496,0.994888961315155,0.5263734340667725,0.3560949325561523,0.9893041849136353,0.4844499588012695,0.6102499643961589,0.9941377639770508,0.46047067642211914,0.5837210337320964,0.985506534576416,0.5268642425537109,0.8358130772908529,0.9596245884895325,0.5042988300323487,0.7869003295898438,0.9391707181930542
squat,0.42562084197998046,0.014854812622070312,0.6247119903564453,0.43511595726013186,0.0,0.6926411390304565,0.4233973503112793,0.0,0.08059635758399963,0.46444430351257326,0.002245330810546875,0.8645021319389343,0.4442602634429932,0.0,0.05400867760181427,0.48435091972351074,0.08548113505045572,0.9790422320365906,0.47087864875793456,0.08668889999389648,0.9018875956535339,0.37172300815582277,0.1546046257019043,0.9786679148674011,0.44296994209289553,0.171192995707194,0.6876906156539917,0.2567740440368652,0.21630214055379232,0.9461467266082764,0.3553419351577759,0.22743778228759765,0.6945345997810364,0.554005479812622,0.3687198003133138,0.9949712753295898,0.5345715999603271,0.35883525212605794,0.9890887141227722,0.4735130310058594,0.6024946848551432,0.9948136806488037,0.4416295051574707,0.5510320663452148,0.9867997169494629,0.531768798828125,0.8297114054361979,0.9623236656188965,0.48700437545776365,0.7417748133341472,0.9443372488021851
squat,0.42191181182861326,0.0461147944132487,0.9677138328552246,0.4368135929107666,0.025834083557128906,0.9683283567428589,0.4128452777862549,0.026694329579671223,0.717781126499176,0.46712403297424315,0.029846763610839842,0.9402331709861755,0.4155369758605957,0.03107929229736328,0.25476929545402527,0.48194732666015627,0.11305147806803385,0.9910250902175903,0.4359016418457031,0.12553218205769856,0.9796990156173706,0.365294885635376,0.157167116800944,0.9776815176010132,0.372592830657959,0.18200737635294598,0.8581432104110718,0.26731033325195314,0.212470277150472,0.9461721181869507,0.26157073974609374,0.21626965204874674,0.8324083089828491,0.5588594436645508,0.38618167241414386,0.9950945377349854,0.5211426734924316,0.38321552276611326,0.9928222298622131,0.47276921272277833,0.6063790639241536,0.9946898221969604,0.43515167236328123,0.5642293294270834,0.9901697039604187,0.5278454303741456,0.8271759033203125,0.9646254777908325,0.48503403663635253,0.752424685160319,0.9566867351531982
squat,0.41179418563842773,0.06753002802530925,0.9737633466720581,0.42923460006713865,0.04681463241577148,0.9808058738708496,0.40188121795654297,0.0480740229288737,0.7273551225662231,0.46574249267578127,0.05174331665039063,0.9621109962463379,0.40418319702148436,0.05346186955769857,0.19353054463863373,0.48473711013793946,0.13414382934570312,0.9929931163787842,0.4251120090484619,0.14978860219319662,0.9737624526023865,0.3652814865112305,0.1811136245727539,0.9822894930839539,0.36226801872253417,0.20838950475056967,0.7970622181892395,0.25982625484466554,0.24379595120747885,0.9539840817451477,0.2507613658905029,0.2434868017832438,0.7796548008918762,0.5610464572906494,0.40658334096272786,0.9950873255729675,0.514789342880249,0.40477657318115234,0.9909008741378784,0.4671810150146484,0.6106197992960612,0.9944580793380737,0.42536153793334963,0.5725341796875,0.9870536923408508,0.5214248657226562,0.8170054117838542,0.9656822085380554,0.4826179504394531,0.7488563537597657,0.9513582587242126
squat,0.40962896347045896,0.08880144755045573,0.9746984839439392,0.42825841903686523,0.0665728251139323,0.9842991828918457,0.3998161792755127,0.06913719177246094,0.7017666697502136,0.4669055938720703,0.07374671300252279,0.9692614674568176,0.40185861587524413,0.07819369633992514,0.137817844748497,0.49179749488830565,0.1584459622701009,0.9922900795936584,0.4249427795410156,0.18434486389160157,0.9640731811523438,0.3734044790267944,0.20730683008829753,0.9815577864646912,0.36039230823516843,0.24630788167317708,0.7269605994224548,0.25829377174377444,0.27677605946858724,0.9557247161865234,0.2404031753540039,0.2629186789194743,0.7326399683952332,0.5769675254821778,0.43265342712402344,0.9925869107246399,0.5265146255493164,0.43409379323323566,0.9848505258560181,0.4608481407165527,0.6061244964599609,0.9926009774208069,0.4144906520843506,0.5745981852213542,0.9798697233200073,0.5225474834442139,0.8243309020996094,0.9588876366615295,0.4845852851867676,0.762698237101237,0.9360380172729492
squat,0.4037750720977783,0.12019659678141276,0.9738605618476868,0.42164249420166017,0.09895318349202474,0.9852151870727539,0.3962633848190308,0.10230067571004232,0.6628695726394653,0.4614416122436523,0.10294418334960938,0.9744992852210999,0.40226454734802247,0.10793209075927734,0.11491803079843521,0.4871166706085205,0.17976226806640624,0.9937688112258911,0.42719740867614747,0.20523222287495932,0.9638895392417908,0.36919474601745605,0.22948252360026042,0.985556423664093,0.3593307971954346,0.26432631810506185,0.7152547836303711,0.24923954010009766,0.2934520403544108,0.9631479382514954,0.23950390815734862,0.2766061464945475,0.7228972315788269,0.5774604320526123,0.441926383972168,0.9938228130340576,0.531619644165039,0.4439218521118164,0.9860115647315979,0.4507738590240479,0.5990449905395507,0.9943094253540039,0.41135802268981936,0.5732325236002604,0.9826647639274597,0.5223231315612793,0.8175559997558594,0.9697633385658264,0.49252758026123045,0.7637282053629557,0.9494357109069824
squat,0.4027565956115723,0.14183944066365559,0.979705274105072,0.4222855567932129,0.12139463424682617,0.9832969903945923,0.3938987493515015,0.12276328404744466,0.7271077632904053,0.46259193420410155,0.1314367930094401,0.9657914638519287,0.3954767227172852,0.13111317952473958,0.15709394216537476,0.48186774253845216,0.21043723424275715,0.9943680167198181,0.4208043575286865,0.22509657541910807,0.9825541377067566,0.35918726921081545,0.26180009841918944,0.9890785813331604,0.3480226039886475,0.28443368275960285,0.8812178373336792,0.2495898723602295,0.310019048055013,0.9768486618995667,0.2402110815048218,0.31596514383951824,0.8847160935401917,0.5830832481384277,0.4446722030639648,0.9935768246650696,0.5352346420288085,0.44443270365397136,0.989352822303772,0.455294132232666,0.6000539143880208,0.9928355813026428,0.4178328514099121,0.573611323038737,0.9837241172790527,0.5215088844299316,0.8051815032958984,0.9516336917877197,0.49474143981933594,0.7550486246744792,0.9335267543792725
squat,0.4030928611755371,0.1696595827738444,0.9811031818389893,0.4212219715118408,0.14787734349568685,0.9843031167984009,0.3930216312408447,0.15300973256429037,0.7546439170837402,0.4608168601989746,0.1554148038228353,0.9634124040603638,0.3936713457107544,0.16397183736165363,0.15564854443073273,0.48453965187072756,0.23569539388020833,0.9928886294364929,0.41977834701538086,0.2571832021077474,0.979840874671936,0.36504554748535156,0.29955552419026693,0.9855436086654663,0.3390453815460205,0.31959349314371743,0.8639400005340576,0.2549901962280273,0.34257399241129555,0.9717305898666382,0.23055286407470704,0.33747742970784506,0.8714236617088318,0.5879446983337402,0.47077544530232746,0.9893848299980164,0.5386801719665527,0.47502727508544923,0.9832809567451477,0.4523068904876709,0.5982177734375,0.9885342717170715,0.4184574127197266,0.5852436701456706,0.9746612310409546,0.5234976768493652,0.8047056833902995,0.931131899356842,0.49915685653686526,0.7708685557047527,0.9059112071990967
squat,0.3978115081787109,0.19701131184895834,0.9780162572860718,0.4175708770751953,0.17573687235514324,0.9865972399711609,0.3894790172576904,0.17808799743652343,0.6675625443458557,0.45956954956054685,0.1840476671854655,0.9765762090682983,0.39280846118927004,0.18569100697835286,0.10293710231781006,0.4847998142242432,0.26008599599202475,0.995022177696228,0.423368501663208,0.27821852366129557,0.9689733982086182,0.37622666358947754,0.3145849545796712,0.9904333353042603,0.3562176704406738,0.3324094454447428,0.777937114238739,0.2552203178405762,0.3615110397338867,0.9791334271430969,0.2366574764251709,0.35309263865152996,0.8100908994674683,0.5874322891235352,0.4869994799296061,0.9913056492805481,0.5406200885772705,0.48755664825439454,0.9800660610198975,0.45217194557189944,0.6033910115559896,0.991061806678772,0.4140594005584717,0.5851521809895833,0.9719854593276978,0.523110294342041,0.8072963714599609,0.9482970237731934,0.4982088565826416,0.7706251780192057,0.9129616022109985
squat,0.3998345613479614,0.22280985514322918,0.9615834951400757,0.4193121910095215,0.20045963923136392,0.9838806986808777,0.3909916400909424,0.201425043741862,0.4371144473552704,0.4616819381713867,0.21033827463785806,0.9849345684051514,0.4005260944366455,0.20596710840861002,0.07060251384973526,0.4760129451751709,0.29425945281982424,0.996665894985199,0.4499057769775391,0.29151999155680336,0.9452918767929077,0.3630202054977417,0.3519638697306315,0.9944387674331665,0.4187034606933594,0.33121423721313475,0.6166989207267761,0.2509646415710449,0.3810492833455404,0.9849430322647095,0.3133171796798706,0.3604949951171875,0.6922942996025085,0.5850957870483399,0.5093087832132975,0.9928311109542847,0.5605315685272216,0.5026299476623535,0.9731466770172119,0.44176082611083983,0.6148878733317057,0.9925078749656677,0.4278757095336914,0.5899187088012695,0.9632012248039246,0.521597957611084,0.8109302520751953,0.9562585353851318,0.5110593318939209,0.7674179077148438,0.9034268260002136
squat,0.40154333114624025,0.24228277206420898,0.9586037397384644,0.4209596633911133,0.22241926193237305,0.9837333559989929,0.3934037208557129,0.22531461715698242,0.4852064549922943,0.46211042404174807,0.2356601397196452,0.9835518002510071,0.399703049659729,0.2359848976135254,0.07163982838392258,0.4819295883178711,0.31028954188028973,0.9960189461708069,0.44257297515869143,0.32133553822835287,0.9235700964927673,0.3703617095947266,0.37096503575642903,0.9915435314178467,0.43505520820617677,0.38375186920166016,0.4822997748851776,0.2426504135131836,0.4006633758544922,0.9756954312324524,0.3815618991851807,0.42153752644856773,0.5364531874656677,0.5879867553710938,0.5321599642435709,0.9924309849739075,0.5526481628417969,0.5305201848347981,0.9686365723609924,0.4411624431610107,0.6083564122517904,0.9917465448379517,0.41733875274658205,0.5890894571940104,0.9554607272148132,0.5291628837585449,0.8072076797485351,0.9657219052314758,0.5214923858642578,0.7679941813151042,0.9160218238830566
squat,0.4000710010528564,0.2624859650929769,0.9670796990394592,0.4204243659973145,0.2413822809855143,0.9868534803390503,0.3923287868499756,0.24477589925130208,0.5645990967750549,0.46365036964416506,0.24898141225179035,0.9824128150939941,0.3972661256790161,0.2512561162312826,0.07069623470306396,0.48648891448974607,0.3183891296386719,0.995214581489563,0.4309079170227051,0.3354554494222005,0.927422821521759,0.3738276720046997,0.3797345479329427,0.9888111352920532,0.3857219934463501,0.3980353991190592,0.47417065501213074,0.24066007137298584,0.4187038739522298,0.9679762721061707,0.28984456062316893,0.43123550415039064,0.5198958516120911,0.5873906135559082,0.5426390329996745,0.990047812461853,0.5448164939880371,0.5431239446004231,0.9636099338531494,0.44399356842041016,0.6109350840250651,0.9894282221794128,0.41504507064819335,0.5951702117919921,0.9486002922058105,0.5296310901641845,0.8022391637166341,0.9605594277381897,0.5234892845153809,0.7696337381998698,0.9096810221672058
squat,0.40421056747436523,0.2812207221984863,0.9675326943397522,0.4227036476135254,0.2581726710001628,0.9846267104148865,0.3937887668609619,0.2654784520467122,0.5663944482803345,0.4630856513977051,0.26443332036336265,0.9764161705970764,0.3956621170043945,0.27539056142171225,0.0733131691813469,0.48302559852600097,0.3363368352254232,0.9941416382789612,0.4377997398376465,0.36058088938395183,0.9230553507804871,0.36470704078674315,0.3979140599568685,0.9902594685554504,0.4156238555908203,0.4341905911763509,0.5485947132110596,0.23777334690093993,0.4415988604227702,0.9795209765434265,0.360238242149353,0.48453327814737956,0.654547929763794,0.5914599418640136,0.5583063125610351,0.98508620262146,0.5517419338226318,0.5628498077392579,0.9492928981781006,0.43688058853149414,0.5885886510213216,0.9879295825958252,0.40872793197631835,0.5820315043131511,0.9441177248954773,0.5299801826477051,0.8061744689941406,0.9572967886924744,0.512639331817627,0.7792457580566406,0.903946578502655
squat,0.40538921356201174,0.30083456039428713,0.9652970433235168,0.42443647384643557,0.27691898345947263,0.9836969971656799,0.394472336769104,0.28368358612060546,0.5743014812469482,0.4660606384277344,0.28076082865397134,0.9723713994026184,0.39566118717193605,0.2903334935506185,0.07395145297050476,0.4854633331298828,0.3486986478169759,0.9916837215423584,0.439420223236084,0.36912190119425453,0.9117042422294617,0.35884108543396,0.4186678568522135,0.985587477684021,0.42039055824279786,0.4485314687093099,0.5191667675971985,0.23149898052215576,0.45915263493855796,0.97188401222229,0.3748703241348267,0.49025217692057294,0.6277937889099121,0.5965258121490479,0.5605117797851562,0.9787311553955078,0.5548505783081055,0.562608019510905,0.9353000521659851,0.4387251853942871,0.5855808893839518,0.985603928565979,0.4060055255889893,0.571490478515625,0.9398164749145508,0.5290886878967285,0.8071333567301432,0.9578763842582703,0.507429838180542,0.7687641143798828,0.9115471243858337
squat,0.4076845645904541,0.31339505513509114,0.9699485898017883,0.4248524188995361,0.2928734461466471,0.9860765933990479,0.39937989711761473,0.29815425872802737,0.5818801522254944,0.4640639305114746,0.2989139238993327,0.9783822298049927,0.40310091972351075,0.3066080093383789,0.0725591629743576,0.48830738067626955,0.36647853851318357,0.9943943023681641,0.4394256114959717,0.3866398493448893,0.9271767735481262,0.37425780296325684,0.42557891209920246,0.9896494150161743,0.3968914270401001,0.4496248881022135,0.5397151708602905,0.24735445976257325,0.4682109832763672,0.977103590965271,0.3201517343521118,0.4853025436401367,0.6343483924865723,0.5948715686798096,0.5734597524007161,0.9820926189422607,0.554769229888916,0.5748970667521159,0.9398887753486633,0.44818525314331054,0.598326301574707,0.9844776391983032,0.417664623260498,0.5826318740844727,0.9288949370384216,0.5284955024719238,0.8054183959960938,0.9469583630561829,0.5141255855560303,0.7667968114217122,0.8836397528648376
squat,0.40554347038269045,0.33465420405069984,0.9747565984725952,0.4235494613647461,0.31263936360677086,0.9885311126708984,0.3979583501815796,0.3173141161600749,0.5943989157676697,0.4655167579650879,0.31278130213419597,0.9800446629524231,0.4032280921936035,0.31949405670166015,0.059970442205667496,0.4908799171447754,0.3804170608520508,0.9937703013420105,0.4393954277038574,0.39984261194864906,0.9266663193702698,0.3716383457183838,0.44249235788981117,0.9884203672409058,0.3727015495300293,0.4517764727274577,0.5322363972663879,0.2463992118835449,0.4911554018656413,0.9756532311439514,0.2601590394973755,0.4798596382141113,0.6373623609542847,0.6045902252197266,0.5972927729288737,0.9742200970649719,0.5655303001403809,0.5997363408406575,0.9197964668273926,0.4541607856750488,0.6008065541585287,0.9777907729148865,0.4298588752746582,0.5912928899129232,0.9035921692848206,0.5277196884155273,0.8037024180094401,0.9275547862052917,0.5240964889526367,0.7785051981608073,0.8486548662185669
squat,0.40763487815856936,0.3490138053894043,0.9713294506072998,0.42562260627746584,0.32843780517578125,0.9870170950889587,0.40056676864624025,0.3319173494974772,0.5694097876548767,0.46773481369018555,0.3344019889831543,0.9771450757980347,0.40762968063354493,0.33674634297688805,0.06243002787232399,0.48302035331726073,0.40715325673421227,0.9930197596549988,0.44936399459838866,0.4154131571451823,0.9114657044410706,0.3582803010940552,0.4677631378173828,0.987476646900177,0.40016651153564453,0.4661163647969564,0.4898916780948639,0.24904580116271974,0.5087931315104167,0.974371075630188,0.31527879238128664,0.5134588241577148,0.6125085353851318,0.5995948314666748,0.6127426147460937,0.9711682796478271,0.5704394340515136,0.6130544026692708,0.9064583778381348,0.45406622886657716,0.6044184366861979,0.9753010272979736,0.4394418716430664,0.596973164876302,0.8919382691383362,0.5286343574523926,0.8068530400594075,0.9252722263336182,0.5272637844085694,0.7877464294433594,0.840976893901825
squat,0.40902934074401853,0.3638468742370605,0.9763824343681335,0.4264504432678223,0.34249296188354494,0.9878601431846619,0.4006368160247803,0.34715086619059243,0.6147531867027283,0.46692304611206054,0.3449444135030111,0.9770761132240295,0.403884744644165,0.3512358029683431,0.06877652555704117,0.4870634078979492,0.4145734151204427,0.9945695996284485,0.44062042236328125,0.4268109639485677,0.9384854435920715,0.362129282951355,0.48304964701334635,0.9905726313591003,0.3755195617675781,0.4807268142700195,0.600080132484436,0.24163153171539306,0.5204541842142741,0.9813234210014343,0.2791968822479248,0.5145655949910481,0.7102928161621094,0.6020983695983887,0.6146254221598307,0.9757928252220154,0.5654583930969238,0.6156671524047852,0.9254526495933533,0.4526388645172119,0.5956469217936198,0.9785070419311523,0.43355474472045896,0.5869739532470704,0.9080737233161926,0.5241782665252686,0.8063420613606771,0.9290010333061218,0.5239253044128418,0.7833021799723308,0.8520178198814392
squat,0.40998549461364747,0.3728334426879883,0.9822666049003601,0.4267239570617676,0.35252857208251953,0.9888427257537842,0.40195465087890625,0.35717201232910156,0.686994731426239,0.4671172142028809,0.3556256612141927,0.9744409918785095,0.40516414642333987,0.361605962117513,0.08586473762989044,0.48659615516662597,0.42653338114420575,0.994574785232544,0.438861083984375,0.4295691808064779,0.9626557230949402,0.3544888496398926,0.49494365056355794,0.9904466867446899,0.34851441383361814,0.46415071487426757,0.7399054169654846,0.24106907844543457,0.5336974461873373,0.9828671813011169,0.24256186485290526,0.50447998046875,0.8145852088928223,0.607555627822876,0.6233170827229818,0.9760099053382874,0.5705890655517578,0.6221231460571289,0.942255973815918,0.45288453102111814,0.5835505167643229,0.9790063500404358,0.4363105773925781,0.5730308532714844,0.9268861413002014,0.5248191833496094,0.8062164306640625,0.9305475354194641,0.5260834217071533,0.7813195546468099,0.8737651109695435
squat,0.40973572731018065,0.36469653447469075,0.9762786626815796,0.42641849517822267,0.34462738037109375,0.9872083067893982,0.40216965675354005,0.34924983978271484,0.6605884432792664,0.4655325889587402,0.3480351130167643,0.9728655219078064,0.4054591178894043,0.3546858469645182,0.08151652663946152,0.48542146682739257,0.41581684748331704,0.9926798343658447,0.43976826667785646,0.42895310719807944,0.9345290064811707,0.37139310836791994,0.48201109568277994,0.9853150844573975,0.36851418018341064,0.4768784205118815,0.5834150910377502,0.2467637538909912,0.5160427729288737,0.9730663895606995,0.2669398784637451,0.5047575314839681,0.6924881935119629,0.593677568435669,0.6052433013916015,0.9712907671928406,0.5583984375,0.6078439076741536,0.9218182563781738,0.4566808700561523,0.5855010350545248,0.9796788692474365,0.43974943161010743,0.5874607721964519,0.9244426488876343,0.5190168380737304,0.7964998881022135,0.9413471221923828,0.5215001583099366,0.7930731455485026,0.8854297995567322
squat,0.4080334663391113,0.34249035517374676,0.9733855128288269,0.42406673431396485,0.32286316553751626,0.9843946099281311,0.4018911838531494,0.3267269452412923,0.6051491498947144,0.4638179302215576,0.32563803990681967,0.9747323393821716,0.41121840476989746,0.3275135040283203,0.09561260044574738,0.48500566482543944,0.394173272450765,0.9946539402008057,0.4535175323486328,0.39723567962646483,0.9609372019767761,0.36640200614929197,0.482187016805013,0.991551399230957,0.38342092037200926,0.4743801116943359,0.7717922329902649,0.23427884578704833,0.5003525416056315,0.9839984178543091,0.26714870929718015,0.5146997133890788,0.8448495864868164,0.5995118618011475,0.5612080891927084,0.9754409790039062,0.5715990543365479,0.5581449508666992,0.9448515176773071,0.44426422119140624,0.5880166371663411,0.9782049059867859,0.4323895931243896,0.5794122060139973,0.9334844946861267,0.5212225437164306,0.7943860371907552,0.9135608673095703,0.5152710437774658,0.7756906509399414,0.8571778535842896
squat,0.4117180347442627,0.2886501312255859,0.978522002696991,0.4262554168701172,0.2695926666259766,0.9839513301849365,0.4016378879547119,0.27493241628011067,0.738388180732727,0.45619630813598633,0.2773309071858724,0.9665647745132446,0.39819490909576416,0.28644965489705404,0.16652944684028625,0.48114843368530275,0.34722741444905597,0.9939910769462585,0.42710556983947756,0.3670586903889974,0.9731922745704651,0.3814718723297119,0.4137652079264323,0.9872495532035828,0.35218186378479005,0.4266681671142578,0.7953861355781555,0.25496420860290525,0.4625226020812988,0.9748659133911133,0.23571224212646485,0.4642862955729167,0.8229280710220337,0.5905304908752441,0.5291353543599446,0.9836857914924622,0.5496493339538574,0.5316310246785482,0.9674612879753113,0.44301586151123046,0.5893711090087891,0.9842788577079773,0.4164741039276123,0.5762154897054036,0.954312801361084,0.5230729103088378,0.8013629913330078,0.9318004250526428,0.5080718994140625,0.7653420766194662,0.8889246582984924
squat,0.40306682586669923,0.22402645746866862,0.9754526615142822,0.41820178031921384,0.2088764190673828,0.9791703224182129,0.39797205924987794,0.2103665033976237,0.7062395215034485,0.4519375801086426,0.22524172465006512,0.9667565226554871,0.405252742767334,0.22195720672607422,0.19371509552001953,0.47537994384765625,0.30650056203206383,0.9956455826759338,0.4380168437957764,0.3053454399108887,0.9851793646812439,0.3762423038482666,0.3903508504231771,0.9902143478393555,0.36203675270080565,0.37529754638671875,0.9013721346855164,0.2657393217086792,0.4165082295735677,0.978211522102356,0.24661178588867189,0.4111546834309896,0.9043604731559753,0.5876497745513916,0.4918933868408203,0.9923393726348877,0.5560991287231445,0.48712615966796874,0.9880017638206482,0.44544095993041993,0.5889238357543946,0.9923825860023499,0.4261330127716064,0.5706377029418945,0.9839953780174255,0.5192267417907714,0.7889745712280274,0.9594871401786804,0.5058257102966308,0.7556620915730794,0.9467985033988953
squat,0.39435954093933107,0.15103858311971027,0.9681223630905151,0.4113886833190918,0.13594134648640951,0.9737169146537781,0.3929116249084473,0.1361806551615397,0.6905032992362976,0.45038294792175293,0.15599530537923176,0.9621495604515076,0.40861024856567385,0.14964660008748373,0.18493503332138062,0.46822547912597656,0.24544893900553386,0.9915571212768555,0.43807144165039064,0.2429224650065104,0.9774125218391418,0.36752245426177976,0.31227153142293296,0.9763887524604797,0.3611746311187744,0.32044464747111,0.851637065410614,0.2968480348587036,0.3040553092956543,0.9498520493507385,0.27572686672210694,0.36344118118286134,0.8409151434898376,0.5724173545837402,0.46368710199991864,0.9885162115097046,0.5451240539550781,0.45844459533691406,0.9841676354408264,0.4472515106201172,0.5954242706298828,0.990825355052948,0.4211749076843262,0.5712724049886068,0.9837068319320679,0.5258402824401855,0.7973398844401042,0.9574812650680542,0.49901294708251953,0.7585423787434896,0.9497708678245544
squat,0.3988588094711304,0.09598843256632487,0.9674112796783447,0.41430273056030276,0.08022416432698568,0.9708800911903381,0.3977365016937256,0.07981586456298828,0.6579458117485046,0.4516450881958008,0.09544610977172852,0.9604491591453552,0.4143082618713379,0.09117968877156575,0.19235415756702423,0.4642020702362061,0.18583834966023763,0.9925879836082458,0.4360785961151123,0.1890247662862142,0.9820906519889832,0.34200894832611084,0.2531690279642741,0.9808457493782043,0.34997498989105225,0.25789883931477864,0.8713183403015137,0.24479458332061768,0.2838663736979167,0.955525815486908,0.23892316818237305,0.289911683400472,0.854020357131958,0.5511998176574707,0.4203747431437174,0.9930753707885742,0.5248797416687012,0.41754992802937824,0.9901047348976135,0.4643123626708984,0.6043279647827149,0.9931451082229614,0.44028825759887696,0.583210309346517,0.9878339767456055,0.5208432674407959,0.8002410252888997,0.954310953617096,0.49060769081115724,0.766817283630371,0.9458155035972595
squat,0.4196949481964111,0.02834774653116862,0.9090970158576965,0.43144912719726564,0.007211430867513021,0.8569765090942383,0.40989041328430176,0.012683741251627604,0.6791555285453796,0.45726356506347654,0.021669546763102215,0.7451240420341492,0.4114553928375244,0.03301874796549479,0.3167744576931,0.47535219192504885,0.13874886830647787,0.9332459568977356,0.42214345932006836,0.13075825373331706,0.9664821624755859,0.38240292072296145,0.23205924034118652,0.7995747923851013,0.33442418575286864,0.18118391036987305,0.851489245891571,0.3383952140808105,0.22941150665283203,0.7239784598350525,0.27426116466522216,0.18209683100382487,0.7939590811729431,0.5431331634521485,0.38952083587646485,0.9776613116264343,0.5056600570678711,0.38498287200927733,0.9849956631660461,0.4618961811065674,0.5961659749348959,0.9868459701538086,0.44423274993896483,0.5655948638916015,0.9891378283500671,0.5201339721679688,0.8152381896972656,0.9493396282196045,0.49248733520507815,0.7599347432454427,0.9620362520217896
squat,0.3909142971038818,0.08573010762532553,0.5490295886993408,0.39629764556884767,0.06485945383707682,0.554611325263977,0.3884982347488403,0.07308937708536783,0.13102993369102478,0.43030214309692383,0.05089378356933594,0.6549517512321472,0.41182470321655273,0.06875438690185547,0.05613909289240837,0.4781329154968262,0.11882384618123372,0.8531326651573181,0.4305363655090332,0.1247234026590983,0.8637872934341431,0.41350903511047366,0.19526341756184895,0.767873227596283,0.34358479976654055,0.16434844334920248,0.6912355422973633,0.31263957023620603,0.23739115397135416,0.6700704097747803,0.23152263164520265,0.18479639689127605,0.6391609311103821,0.5393989562988282,0.3626450220743815,0.9751428961753845,0.5078188896179199,0.3584630330403646,0.9789859056472778,0.4699715614318848,0.5928445180257161,0.987546980381012,0.4604301452636719,0.5631612141927084,0.9881811141967773,0.5223899841308594,0.8138706843058269,0.9549471139907837,0.5071857452392579,0.7592596689860026,0.9650751352310181
squat,0.39318017959594725,0.021006107330322266,0.007430823519825935,0.3907137870788574,0.004433027903238932,0.006733007729053497,0.39919066429138184,0.011581802368164062,0.0004925479297526181,0.41879706382751464,0.0,0.09937568753957748,0.4371325492858887,0.0,0.002173688495531678,0.48195276260375974,0.010490798950195312,0.4763108789920807,0.447076416015625,0.032259686787923174,0.34517598152160645,0.4214618682861328,0.06338920593261718,0.8426728248596191,0.3958061695098877,0.09558490117390951,0.5837096571922302,0.2781402587890625,0.16138283411661783,0.7904409766197205,0.27432310581207275,0.15745957692464194,0.641506552696228,0.5390195846557617,0.306853453318278,0.9874082803726196,0.5103326797485351,0.30540072123209633,0.9853768944740295,0.49197916984558104,0.5847906748453776,0.9859111309051514,0.4641242027282715,0.5532902399698894,0.9826397895812988,0.53753662109375,0.8216702143351237,0.9016910791397095,0.4993408679962158,0.7626273473103841,0.9071442484855652
squat,0.41733264923095703,0.025445270538330077,0.003325982252135873,0.41786966323852537,0.010593573252360025,0.0032241540029644966,0.4280158519744873,0.013694286346435547,0.00018806727894116193,0.45221662521362305,0.0,0.09013266116380692,0.47345991134643556,0.0,0.0011806171387434006,0.4982577323913574,0.0030695915222167967,0.5654244422912598,0.470416784286499,0.004846890767415364,0.3017735183238983,0.39773058891296387,0.0742870012919108,0.9120897650718689,0.3986614227294922,0.08225024541219075,0.5777261853218079,0.26567487716674804,0.14782082239786784,0.8561201691627502,0.27330474853515624,0.13549620310465496,0.6369830369949341,0.5154363632202148,0.30461037953694664,0.9954441785812378,0.4897931098937988,0.2939014434814453,0.9929112792015076,0.4944022178649902,0.5812910715738933,0.9958731532096863,0.47092423439025877,0.5314177831013998,0.9936745166778564,0.5332178115844727,0.8158780415852864,0.9708496332168579,0.5016132831573487,0.7404595692952474,0.9685894250869751
squat,0.4095193386077881,0.0,0.00490583386272192,0.4104755401611328,0.0,0.0033424319699406624,0.4181075572967529,0.0,0.0003303507692180574,0.4472650527954102,0.0,0.0574599988758564,0.4608573913574219,0.0,0.0016766015905886889,0.499395751953125,0.0,0.42824500799179077,0.45778279304504393,0.0,0.394164115190506,0.4314091682434082,0.05741399129231771,0.8492106199264526,0.4067418575286865,0.07910594940185547,0.7351231575012207,0.2981547832489014,0.11770286560058593,0.8208673596382141,0.2857480525970459,0.11267830530802408,0.7668067216873169,0.5120707988739014,0.28732776641845703,0.9900141954421997,0.48009142875671384,0.2821986516316732,0.9901118874549866,0.507775068283081,0.5689685821533204,0.987643837928772,0.47822961807250974,0.5338340759277344,0.9883626103401184,0.5333412170410157,0.7972220738728841,0.898499608039856,0.5070073127746582,0.7481670379638672,0.9178640246391296
squat,0.38449184894561766,0.010827477773030598,0.0014381490182131529,0.38415119647979734,0.0,0.0014918155502527952,0.3933402538299561,0.0,7.83904833951965e-05,0.42557215690612793,0.0,0.0445471853017807,0.44304356575012205,0.0,0.0005497605307027698,0.4857329845428467,0.0,0.25196903944015503,0.4543403148651123,0.0,0.12277981638908386,0.43876824378967283,0.03851814270019531,0.7801775336265564,0.4236415386199951,0.04167858759562174,0.42511624097824097,0.30489842891693114,0.0941984494527181,0.7428816556930542,0.3021068572998047,0.06666014989217123,0.5272486805915833,0.5081916809082031,0.28744608561197915,0.9799404740333557,0.4828531742095947,0.28167219161987306,0.9729282855987549,0.5080820560455322,0.5723136901855469,0.9793381690979004,0.48590855598449706,0.5423910776774089,0.9749131202697754,0.5342858791351318,0.8063790003458658,0.8555258512496948,0.5147068977355957,0.7644052505493164,0.8646278381347656
squat,0.40165300369262696,0.0,0.002886831760406494,0.4024141788482666,0.0,0.0024559726007282734,0.4121705055236816,0.0,0.0001799425226636231,0.4410008430480957,0.0,0.056981589645147324,0.4607371807098389,0.0,0.0011133871739730239,0.4917665958404541,0.0,0.3233225643634796,0.46448073387145994,0.0,0.24907568097114563,0.4195406436920166,0.041489028930664064,0.7961449027061462,0.4111454963684082,0.05836505889892578,0.5813974142074585,0.2857628345489502,0.10190016428629557,0.7544662952423096,0.28414487838745117,0.0922541618347168,0.6415642499923706,0.5130590438842774,0.2854045232137044,0.9836966395378113,0.4900840759277344,0.27942962646484376,0.9821312427520752,0.5077933311462403,0.5694140752156576,0.9832366108894348,0.4852439403533936,0.5351055145263672,0.9826199412345886,0.5343148708343506,0.8045937856038411,0.8784074783325195,0.5122673034667968,0.7567817687988281,0.8960778117179871
squat,0.40938868522644045,0.0022420565287272136,0.00297950254753232,0.41119608879089353,0.0,0.0020006028935313225,0.4163208961486816,0.0,0.0003076911380048841,0.4474611282348633,0.0,0.03925921022891998,0.4547004699707031,0.0,0.0019163185497745872,0.5021524429321289,0.0,0.30029362440109253,0.45336666107177737,0.01103363037109375,0.35162898898124695,0.40998091697692873,0.04481821060180664,0.730078935623169,0.39313719272613523,0.08413190841674804,0.6995260119438171,0.2749252080917358,0.10599342981974284,0.6723494529724121,0.28056583404541013,0.1178982416788737,0.7107014656066895,0.5264544486999512,0.3001614252726237,0.992035448551178,0.48665671348571776,0.29540319442749025,0.9937323927879333,0.5092961311340332,0.581823221842448,0.99440997838974,0.47887697219848635,0.5368401845296223,0.9957422614097595,0.5321298122406006,0.8189315795898438,0.9703782200813293,0.5090517044067383,0.7489632924397787,0.9795469641685486
squat,0.3586771488189697,0.05072097778320313,0.007703447248786688,0.3563065052032471,0.03574657440185547,0.007030888460576534,0.36698341369628906,0.04130128224690755,0.0007319824071601033,0.3868940114974976,0.005958207448323568,0.09802770614624023,0.4124002933502197,0.01619068781534831,0.0032844890374690294,0.4577198028564453,0.025070635477701823,0.4175953269004822,0.433213472366333,0.03420537312825521,0.34014272689819336,0.3904910087585449,0.07058550516764323,0.7232296466827393,0.38282041549682616,0.08734267552693685,0.5562983155250549,0.26475253105163576,0.13891614278157552,0.6223180890083313,0.2876960277557373,0.13687146504720052,0.5834550261497498,0.5381132602691651,0.3158042271931966,0.9865953922271729,0.5150781631469726,0.3102775891621908,0.9874196648597717,0.4996504783630371,0.5923770268758138,0.9911008477210999,0.49126391410827636,0.5511360168457031,0.9918681979179382,0.5319550991058349,0.8380959828694662,0.9581133127212524,0.5173858165740967,0.7672706604003906,0.9682677388191223
squat,0.39729225635528564,0.06658089955647786,0.40675729513168335,0.39756791591644286,0.04651317596435547,0.509937047958374,0.39787604808807375,0.05224774678548177,0.0579792857170105,0.4184300422668457,0.03777468999226888,0.7011697292327881,0.42496614456176757,0.049268150329589845,0.024278931319713593,0.49636240005493165,0.12833175659179688,0.8975639939308167,0.4311987400054932,0.11112368901570638,0.657305896282196,0.5438274383544922,0.26521501541137693,0.826728880405426,0.31511616706848145,0.14473822911580403,0.34353870153427124,0.5316060543060303,0.3580792427062988,0.6990117430686951,0.19307346343994142,0.1551270802815755,0.33176517486572266,0.5575700283050538,0.38273118336995443,0.978675901889801,0.5265156269073487,0.37303654352823895,0.9613290429115295,0.4844050884246826,0.6092370986938477,0.9867109656333923,0.4821781635284424,0.5876099904378255,0.9746164083480835,0.5302919387817383,0.8437475840250651,0.9471217393875122,0.5067697525024414,0.7974322001139323,0.9358664751052856
squat,0.3715778112411499,0.05927232106526693,0.700270414352417,0.38229491710662844,0.043958791097005206,0.8701162338256836,0.37602283954620364,0.038652833302815756,0.11268751323223114,0.4200460433959961,0.061256122589111325,0.9600123167037964,0.41487560272216795,0.03764553070068359,0.05593891814351082,0.4529403209686279,0.19355961481730144,0.9846662282943726,0.4675175666809082,0.12950639724731444,0.8197324872016907,0.437589168548584,0.4035611152648926,0.9420156478881836,0.4561435699462891,0.22686901092529296,0.31546637415885925,0.4180613040924072,0.5142417907714844,0.8326900601387024,0.385665225982666,0.2788080851236979,0.3099958896636963,0.5468617916107178,0.427752431233724,0.9898989796638489,0.5551998138427734,0.4013986587524414,0.971707820892334,0.46325221061706545,0.6178960800170898,0.9945430755615234,0.4659431934356689,0.5815042495727539,0.9849485754966736,0.5160416603088379,0.8096602121988933,0.9799908399581909,0.511575174331665,0.7645689010620117,0.9697480797767639
squat,0.3735661029815674,0.12360328038533529,0.9052533507347107,0.3887822151184082,0.10663830439249675,0.9595606923103333,0.3721585512161255,0.10437933603922527,0.4505792260169983,0.42819833755493164,0.12420406341552734,0.9596701264381409,0.3922610282897949,0.10959100723266602,0.0979623794555664,0.4705946922302246,0.24132205645243326,0.9814520478248596,0.43769564628601076,0.22041331926981608,0.8351271152496338,0.4671938896179199,0.4280703544616699,0.9059313535690308,0.45155649185180663,0.38843037287394205,0.28046104311943054,0.4410719871520996,0.5228028615315755,0.7769197225570679,0.4076672554016113,0.5155624071756999,0.25325217843055725,0.5660123825073242,0.477649720509847,0.9671567678451538,0.5423242092132569,0.46394227345784506,0.920301079750061,0.446229887008667,0.5997740427652994,0.9818950295448303,0.41817760467529297,0.5668299357096355,0.9504038095474243,0.5194658279418946,0.7994150161743164,0.9585854411125183,0.5039604187011719,0.7515575408935546,0.9344408512115479
squat,0.38762826919555665,0.21092678705851237,0.5833431482315063,0.39660353660583497,0.1980154037475586,0.5991937518119812,0.3930703401565552,0.1967172622680664,0.15866394340991974,0.42032556533813475,0.20737940470377605,0.8000024557113647,0.42201833724975585,0.19367990493774415,0.11000934988260269,0.45084228515625,0.295594596862793,0.9282031655311584,0.4624448299407959,0.2740085919698079,0.8851867914199829,0.42593936920166015,0.4088092803955078,0.8192654252052307,0.47864885330200196,0.3752970377604167,0.6553842425346375,0.424753475189209,0.42218221028645836,0.7189397811889648,0.47611093521118164,0.4434718449910482,0.5732998847961426,0.561805248260498,0.5226566314697265,0.9681486487388611,0.5630649566650391,0.5115788141886394,0.966025710105896,0.435872220993042,0.602806282043457,0.9856627583503723,0.4238877773284912,0.5737641016642253,0.982362687587738,0.5272495746612549,0.7973374684651693,0.9725406169891357,0.5099273204803467,0.7558484395345052,0.9736400246620178
squat,0.3694384336471558,0.2800395647684733,0.9650101065635681,0.3830869674682617,0.26540298461914064,0.9795041680335999,0.37325243949890136,0.2655495643615723,0.45764872431755066,0.428555965423584,0.2823079427083333,0.9792526364326477,0.4039161682128906,0.27475814819335936,0.07232577353715897,0.4573399066925049,0.36685686111450194,0.9946527481079102,0.44693841934204104,0.3578593889872233,0.9718719720840454,0.3551758050918579,0.46655089060465493,0.9899595975875854,0.3712371587753296,0.44164565404256184,0.8164393305778503,0.25580761432647703,0.48933156331380206,0.9789228439331055,0.24616167545318604,0.4816031773885091,0.8436368703842163,0.5790860652923584,0.5397328694661458,0.9802292585372925,0.5656682014465332,0.5305173556009929,0.9621437191963196,0.44390316009521485,0.6047852834065756,0.9785413146018982,0.4293985366821289,0.5790946324666341,0.9455074071884155,0.5238192081451416,0.7884242375691731,0.898533284664154,0.5050615787506103,0.747614860534668,0.8569096922874451
squat,0.362098240852356,0.31963154474894206,0.9515442848205566,0.3759100914001465,0.30727663040161135,0.9814930558204651,0.367165207862854,0.3068499247233073,0.33742231130599976,0.4207619667053223,0.3246909141540527,0.9844767451286316,0.3960230588912964,0.314579709370931,0.04115249216556549,0.4526763916015625,0.40007266998291013,0.9956731200218201,0.43886818885803225,0.4028106689453125,0.9163135886192322,0.3328680515289307,0.4626554171244303,0.9917464256286621,0.41439595222473147,0.48233191172281903,0.49191898107528687,0.221892786026001,0.5032363891601562,0.9775158762931824,0.37052040100097655,0.5385618209838867,0.5784440040588379,0.5935003757476807,0.6079456329345703,0.9794614315032959,0.5740274429321289,0.6027175903320312,0.9236844182014465,0.4434755802154541,0.6154452006022135,0.9783225655555725,0.4226677894592285,0.5840188344319661,0.8980249166488647,0.5321124076843262,0.820332400004069,0.9240545630455017,0.526226806640625,0.7606939315795899,0.8411669135093689
squat,0.3723085165023804,0.24791259765625,0.3553200364112854,0.3777428865432739,0.2356781005859375,0.33899664878845215,0.38039326667785645,0.23467737833658855,0.036356646567583084,0.40270094871520995,0.2470717430114746,0.710906445980072,0.4154795169830322,0.2380811055501302,0.03749028220772743,0.43834924697875977,0.3238927205403646,0.9358487725257874,0.43860230445861814,0.3129958470662435,0.9171870946884155,0.36830153465271,0.4411694844563802,0.9327822923660278,0.3643635272979736,0.4219753901163737,0.8256672024726868,0.285221004486084,0.4302253087361654,0.8794704079627991,0.24207077026367188,0.43415616353352865,0.7997050285339355,0.5464242935180664,0.5156281789143881,0.9787766337394714,0.5416582107543946,0.5065186818440756,0.9790831208229065,0.4470062732696533,0.6197807312011718,0.9850736260414124,0.43391571044921873,0.5896741231282552,0.9816556572914124,0.522836971282959,0.8035573959350586,0.9452863335609436,0.5005632400512695,0.7603450139363607,0.9497140645980835
squat,0.39691410064697263,0.1304501215616862,0.1031055748462677,0.39958806037902833,0.11732552846272787,0.06266171485185623,0.40136170387268066,0.11715265909830729,0.028119241818785667,0.39686031341552735,0.1297755241394043,0.3390323519706726,0.4183028221130371,0.12397632598876954,0.09053562581539154,0.4235835075378418,0.22156362533569335,0.8110631704330444,0.44263663291931155,0.2265852928161621,0.6955835819244385,0.4284391403198242,0.2900699615478516,0.6970246434211731,0.5053967952728271,0.3148156483968099,0.5290840864181519,0.45898022651672366,0.2551498572031657,0.568955659866333,0.5659084320068359,0.30953083038330076,0.43264806270599365,0.5212262153625489,0.4933728535970052,0.9777076244354248,0.5288145542144775,0.49561471939086915,0.9733521938323975,0.4402306079864502,0.6191282272338867,0.988421618938446,0.43106627464294434,0.6050090789794922,0.9851654767990112,0.5252221107482911,0.8108631134033203,0.974180281162262,0.5041003227233887,0.783723513285319,0.9723626971244812
squat,0.3646789312362671,0.09547704060872396,0.9134977459907532,0.3783928155899048,0.07732620239257812,0.9605665802955627,0.367120361328125,0.07645317713419596,0.3894997537136078,0.4209956169128418,0.09587456385294596,0.9663953185081482,0.39908714294433595,0.0845659573872884,0.08530821651220322,0.44964065551757815,0.2272205352783203,0.9846788644790649,0.4432119846343994,0.18832645416259766,0.8857006430625916,0.4113281726837158,0.3954564412434896,0.9330600500106812,0.4343852996826172,0.24479735692342122,0.41014882922172546,0.38538274765014646,0.44252490997314453,0.8496541380882263,0.39564559459686277,0.17810738881429036,0.38930395245552063,0.5359516620635987,0.45582040150960285,0.9822694063186646,0.5300339698791504,0.44162009557088217,0.9582703709602356,0.44372119903564455,0.6107051213582356,0.991193950176239,0.44278459548950194,0.5916863123575846,0.977952778339386,0.5123131752014161,0.8053297678629557,0.9714260697364807,0.5099428653717041,0.7751692454020183,0.9586665034294128
squat,0.3748239755630493,0.058344554901123044,0.11932843923568726,0.37889325618743896,0.044332631429036456,0.14572833478450775,0.38328545093536376,0.04599415461222331,0.008670000359416008,0.40956840515136717,0.04691324234008789,0.5864746570587158,0.4248367786407471,0.045818169911702476,0.01248109806329012,0.4535125732421875,0.12255509694417317,0.8768103718757629,0.4344160079956055,0.11130285263061523,0.7405650019645691,0.3731912851333618,0.2054335912068685,0.9057165384292603,0.34121639728546144,0.17007907231648764,0.6068863272666931,0.26962080001831057,0.22422021230061848,0.805950939655304,0.21946134567260742,0.20476477940877277,0.5774762034416199,0.5227363586425782,0.39976456960042317,0.9882639646530151,0.5081737041473389,0.3889627456665039,0.9839736819267273,0.4573078632354736,0.6086682637532552,0.990985631942749,0.4501641750335693,0.5716730117797851,0.9864484667778015,0.5175372123718261,0.810374132792155,0.9562848210334778,0.5005601406097412,0.7548863093058268,0.9550163745880127
squat,0.39088075160980223,0.04241727193196614,0.3063274025917053,0.3949078321456909,0.02296298344930013,0.3125075697898865,0.38883261680603026,0.028007380167643228,0.05689500644803047,0.4269077301025391,0.01531826655069987,0.4941762387752533,0.4141448974609375,0.02242310841878255,0.04115285351872444,0.4836137771606445,0.10784155527750651,0.7853357791900635,0.4277772903442383,0.07611522674560547,0.7557130455970764,0.49540157318115235,0.23591933250427247,0.6986631751060486,0.35002639293670657,0.1218581517537435,0.5908353924751282,0.48081512451171876,0.3178171793619792,0.6078133583068848,0.23979339599609376,0.2022783915201823,0.5551518797874451,0.5262850761413574,0.36607577006022135,0.9751117825508118,0.49512672424316406,0.3496022860209147,0.9764475226402283,0.47348809242248535,0.6060070673624675,0.9811713695526123,0.45774545669555666,0.5686303456624349,0.9823038578033447,0.524721908569336,0.8242947260538737,0.9287466406822205,0.49172248840332033,0.769118054707845,0.9443646669387817
squat,0.3356799602508545,0.034653091430664064,0.006008691620081663,0.3338238000869751,0.01754770278930664,0.004121245350688696,0.3397047996520996,0.02547909418741862,0.0006690676673315465,0.36626424789428713,0.0,0.046466998755931854,0.3765576839447021,0.0054389317830403645,0.003056838409975171,0.4360386848449707,0.0037679672241210938,0.24337752163410187,0.39736366271972656,0.020809332529703777,0.3193570375442505,0.36918418407440184,0.041774686177571616,0.6054983735084534,0.348498272895813,0.0608374277750651,0.6305177807807922,0.24751877784729004,0.11094814936319987,0.5432491302490234,0.23999061584472656,0.10334361394246419,0.645706057548523,0.5246068000793457,0.28686084747314455,0.973343014717102,0.49117417335510255,0.2867314656575521,0.9815973043441772,0.5000246047973633,0.5750842412312825,0.9788442254066467,0.4751415729522705,0.5394362131754558,0.985241711139679,0.5408280372619629,0.8120099385579427,0.8936833739280701,0.5082712173461914,0.7462952295939128,0.9309781789779663
squat,0.39035425186157224,0.011321735382080079,0.0061780232936143875,0.3921151638031006,0.0,0.004130186978727579,0.39892265796661375,0.0010567347208658854,0.0006030859658494592,0.427003002166748,0.0,0.05813654139637947,0.43950819969177246,0.0,0.0026489482261240482,0.4743387222290039,0.00676425298055013,0.3061530292034149,0.4391471385955811,0.015475591023763021,0.3969488739967346,0.394931960105896,0.05505043665568034,0.706581711769104,0.37416725158691405,0.058396466573079425,0.7141121029853821,0.2755608558654785,0.10184208552042644,0.6636550426483154,0.2615173816680908,0.0717691421508789,0.7142531275749207,0.5102281093597412,0.2956557591756185,0.980799674987793,0.4813519477844238,0.2929193178812663,0.9856880903244019,0.5045361042022705,0.5729292551676433,0.9803848266601562,0.4803490161895752,0.5434879302978516,0.9857226014137268,0.5342596054077149,0.799832534790039,0.8785897493362427,0.5116913318634033,0.7576791763305664,0.9163435101509094
squat,0.38959102630615233,0.011295382181803386,0.005263013299554586,0.39017953872680666,0.0,0.0029613233637064695,0.3968918800354004,0.0006930987040201823,0.000565819616895169,0.42231178283691406,0.0,0.038240525871515274,0.43421082496643065,0.0,0.002805190859362483,0.4738628387451172,0.0,0.25658127665519714,0.4323458194732666,0.005902322133382162,0.40533769130706787,0.391548228263855,0.045114294687906904,0.6711117029190063,0.3678273677825928,0.057521820068359375,0.7516218423843384,0.26011221408843993,0.08369000752766927,0.6305153369903564,0.25256876945495604,0.06711476643880208,0.7474474906921387,0.5170309543609619,0.28678391774495443,0.9805625677108765,0.48280725479125974,0.28449281056722003,0.9875032305717468,0.5116113662719727,0.5735574086507161,0.9808082580566406,0.4839800834655762,0.5418224970499674,0.9878563284873962,0.5373167991638184,0.8017358779907227,0.8797220587730408,0.5112357139587402,0.7558228810628255,0.9238737225532532
squat,0.3807875633239746,0.007241566975911458,0.1439964920282364,0.38389973640441893,0.0,0.12626948952674866,0.3715135335922241,0.0,0.028770700097084045,0.40751919746398924,0.0,0.23407532274723053,0.3816561698913574,0.0039512952168782554,0.02850799635052681,0.451548433303833,0.03516441980997721,0.5603393316268921,0.41541414260864257,0.05830259323120117,0.47673097252845764,0.42518181800842286,0.024216175079345703,0.6019095778465271,0.38909971714019775,0.0591271718343099,0.41529515385627747,0.35617249011993407,0.01678918202718099,0.48592984676361084,0.2854281187057495,0.048069127400716144,0.4176024794578552,0.5296906471252442,0.30077314376831055,0.9502518773078918,0.5020648002624511,0.30608978271484377,0.9484740495681763,0.503803014755249,0.5660931905110677,0.9683521389961243,0.48804235458374023,0.5455514907836914,0.9664077758789062,0.532081413269043,0.7903361638387044,0.8771634697914124,0.5120688438415527,0.7458758036295573,0.8900879621505737
squat,0.3869374513626099,0.040796852111816405,0.6565905809402466,0.3941842317581177,0.022446473439534504,0.804573118686676,0.38851656913757326,0.02505067189534505,0.11231425404548645,0.43143634796142577,0.028029505411783853,0.8833081722259521,0.41821751594543455,0.028608067830403646,0.026632077991962433,0.4978372097015381,0.1448348045349121,0.9665371775627136,0.4348758697509766,0.10515626271565755,0.6873626708984375,0.5423093318939209,0.306925360361735,0.9235643744468689,0.3863541126251221,0.1372198740641276,0.28812456130981445,0.528620433807373,0.42092695236206057,0.8499540686607361,0.33666105270385743,0.14023475646972655,0.31256920099258423,0.5355019092559814,0.39877421061197915,0.988342821598053,0.5014702796936035,0.3802778244018555,0.9645709991455078,0.4780024528503418,0.6150318145751953,0.9909288287162781,0.4667212963104248,0.5870375315348307,0.9745525121688843,0.5177957534790039,0.837384287516276,0.9592229723930359,0.5068751335144043,0.7904224395751953,0.9360341429710388
squat,0.37569255828857423,0.0776905377705892,0.47984960675239563,0.38230481147766116,0.061672083536783856,0.714745044708252,0.3850486040115356,0.06048304239908854,0.047116778790950775,0.4150227546691895,0.06425593694051107,0.934912383556366,0.43328075408935546,0.05144716898600261,0.03221456706523895,0.45557246208190916,0.17359174092610677,0.9769291281700134,0.47416958808898924,0.13337265650431315,0.7385950088500977,0.4388131618499756,0.36966562271118164,0.9392693638801575,0.4632731914520264,0.21444629033406576,0.29229673743247986,0.4187013149261475,0.4800294240315755,0.8224215507507324,0.4034753322601318,0.17901055018107095,0.26359662413597107,0.5299667835235595,0.4365498224894206,0.9905459880828857,0.5412332534790039,0.41986414591471355,0.9714241623878479,0.4577633380889893,0.6128056844075521,0.9948391318321228,0.4585110187530518,0.5862829844156902,0.9849077463150024,0.5167991638183593,0.805530039469401,0.982366681098938,0.5073863983154296,0.7613810221354167,0.9719455242156982
squat,0.36594059467315676,0.1590431849161784,0.5503137707710266,0.3789764642715454,0.14589948654174806,0.6953988075256348,0.3710969924926758,0.14190902709960937,0.14714254438877106,0.41805281639099123,0.16343501408894856,0.8441419005393982,0.40070490837097167,0.14475084940592448,0.06291700154542923,0.45453753471374514,0.2644528865814209,0.9085389375686646,0.44353632926940917,0.23975777626037598,0.6916350722312927,0.44396100044250486,0.37818078994750975,0.6941207647323608,0.508145809173584,0.3451896031697591,0.2821345627307892,0.4571962356567383,0.42275956471761067,0.5411098599433899,0.5696409702301025,0.4220020612080892,0.2357010543346405,0.5454034328460693,0.48471272786458336,0.9698044657707214,0.5315802097320557,0.4706823031107585,0.9502274394035339,0.45203275680541993,0.6210788726806641,0.989364504814148,0.4239793300628662,0.5789011637369792,0.9819266200065613,0.5269152641296386,0.8094947179158528,0.9839099645614624,0.5024549961090088,0.7509108861287435,0.9810887575149536
squat,0.3654462814331055,0.2836668650309245,0.6709731221199036,0.37440943717956543,0.27093760172526044,0.8237366676330566,0.3718313455581665,0.2694704055786133,0.15355543792247772,0.40434651374816893,0.2707759221394857,0.9043612480163574,0.40683512687683104,0.25771869023640953,0.04759753495454788,0.44406719207763673,0.33592631022135416,0.9390078783035278,0.45534477233886717,0.32015787760416664,0.732751727104187,0.4142494201660156,0.4243579864501953,0.8075622916221619,0.42564120292663576,0.42561346689860025,0.25163841247558594,0.39913530349731446,0.31967236200968424,0.6367570757865906,0.345844030380249,0.434440549214681,0.23076477646827698,0.5734784126281738,0.5531725565592448,0.9409694671630859,0.5776170253753662,0.5416212717692057,0.8977023959159851,0.4240551471710205,0.5967070261637369,0.9837450981140137,0.41937007904052737,0.5683506647745769,0.964297354221344,0.5221074104309082,0.7850723266601562,0.9790844917297363,0.5145779132843018,0.7514096577962239,0.9708738327026367
squat,0.346978759765625,0.3306474049886068,0.9529512524604797,0.3597468376159668,0.31765991846720376,0.9697837233543396,0.35326223373413085,0.31845200856526695,0.366528183221817,0.4048558235168457,0.3274862289428711,0.976489245891571,0.3812682867050171,0.32033634185791016,0.05508411303162575,0.447709846496582,0.40287631352742515,0.9970226883888245,0.40994677543640134,0.3963430404663086,0.9780599474906921,0.3454453706741333,0.49707228342692056,0.9943248629570007,0.3321800708770752,0.4580384254455566,0.85162752866745,0.2285036563873291,0.5728223164876302,0.984408438205719,0.2341151714324951,0.5225735982259114,0.853224515914917,0.5809004306793213,0.5911805470784505,0.9926757216453552,0.551025676727295,0.5845145543416341,0.9834778904914856,0.4379776954650879,0.6315627415974935,0.9870747327804565,0.4162177562713623,0.6084833780924479,0.961694598197937,0.5290718078613281,0.7993793487548828,0.9290292263031006,0.5230229377746582,0.7600117365519206,0.8896265625953674
squat,0.35081167221069337,0.31798699696858723,0.9370455741882324,0.3618882894515991,0.30554625193277996,0.9599496126174927,0.3564828157424927,0.30411097208658855,0.3498312532901764,0.4030620574951172,0.3149062474568685,0.9674256443977356,0.3874195098876953,0.3038736661275228,0.06398473680019379,0.43865089416503905,0.38684469858805337,0.9934002161026001,0.42499418258666993,0.3723131815592448,0.9665383100509644,0.3565133810043335,0.4855709393819173,0.9884474873542786,0.3503425121307373,0.45198535919189453,0.8242124915122986,0.2613205909729004,0.5113293965657552,0.974881649017334,0.23184046745300294,0.5075346946716308,0.8432545065879822,0.5639532566070556,0.5441296259562175,0.9848158359527588,0.5497417449951172,0.5334780375162761,0.9720622897148132,0.44452781677246095,0.6209256490071614,0.9835171103477478,0.428218412399292,0.5916205088297526,0.9613494277000427,0.522772216796875,0.7921585083007813,0.9264854788780212,0.5024385452270508,0.7488061904907226,0.901412308216095
squat,0.3673654794692993,0.24835761388142905,0.4493485689163208,0.3755723237991333,0.2382215658823649,0.5842753052711487,0.3739441156387329,0.2354657491048177,0.08461526036262512,0.3998213768005371,0.24635709126790364,0.8007187843322754,0.4020664691925049,0.2340871810913086,0.04172033816576004,0.4230916976928711,0.3150602658589681,0.9400783777236938,0.42343721389770506,0.2972647031148275,0.6599019765853882,0.3953184843063354,0.39825261433919273,0.8731397390365601,0.40993556976318357,0.375543753306071,0.26960569620132446,0.38537211418151857,0.30404755274454753,0.727605938911438,0.3935441255569458,0.3195491790771484,0.24092140793800354,0.4984878063201904,0.5077545166015625,0.9783366918563843,0.49481048583984377,0.5000109036763509,0.9468759298324585,0.4335482597351074,0.6260461171468099,0.9905667901039124,0.424330997467041,0.6019994735717773,0.9748468399047852,0.5142779350280762,0.7992389678955079,0.9806919097900391,0.49882731437683103,0.765759531656901,0.9682656526565552
squat,0.3493682861328125,0.16643311182657877,0.770890474319458,0.36348800659179686,0.15438934961954753,0.8746582865715027,0.35243399143218995,0.15083243052164713,0.19274337589740753,0.40416545867919923,0.16798184712727865,0.9240269660949707,0.3778817176818848,0.15307490030924478,0.04165094345808029,0.4403724193572998,0.2409085750579834,0.9831437468528748,0.4105985641479492,0.23445297876993815,0.8266953825950623,0.40380311012268066,0.28523648579915367,0.9595287442207336,0.38285763263702394,0.3125403086344401,0.4283273220062256,0.3768484115600586,0.20838925043741863,0.8825528025627136,0.3356830596923828,0.29695717493693036,0.4156022071838379,0.5442505836486816,0.46181856791178383,0.9929885268211365,0.5201759338378906,0.45380624135335285,0.9807991981506348,0.45154399871826173,0.6228798548380534,0.9958254098892212,0.42418651580810546,0.5867188771565756,0.9876222014427185,0.5175017356872559,0.8067712148030599,0.9860075116157532,0.5019248008728028,0.7541845957438151,0.9770311713218689
squat,0.34517812728881836,0.08371006647745768,0.9262645840644836,0.35653128623962405,0.06802136103312174,0.9404209852218628,0.3464688539505005,0.06717548370361329,0.42850205302238464,0.3985377311706543,0.08520024617513021,0.9525050520896912,0.3741705656051636,0.0790034294128418,0.1263556033372879,0.44481463432312013,0.19258079528808594,0.991694986820221,0.4028459548950195,0.17754096984863282,0.974433183670044,0.4134568214416504,0.28791322708129885,0.9738073348999023,0.3296828746795654,0.23741235733032226,0.8522598743438721,0.3433166742324829,0.3464313189188639,0.9419775009155273,0.20279145240783691,0.2916354815165202,0.8317946791648865,0.5264481544494629,0.41161009470621746,0.9931968450546265,0.49913797378540037,0.39907763799031576,0.9903416633605957,0.46517324447631836,0.6113533655802409,0.9928556084632874,0.4433282852172852,0.5706979115804036,0.9891181588172913,0.5147647857666016,0.8052984237670898,0.9512406587600708,0.4940814971923828,0.7459538141886394,0.9509837627410889
squat,0.3660193920135498,0.01566464106241862,0.6947713494300842,0.37580530643463134,0.0,0.766759991645813,0.36633834838867185,0.0,0.12755542993545532,0.4058265209197998,0.006458314259847006,0.9074543714523315,0.39111783504486086,0.0,0.08030026406049728,0.42818570137023926,0.09168841044108073,0.9843717217445374,0.4254478454589844,0.09226544698079427,0.9182047247886658,0.3308312654495239,0.19068829218546549,0.9719648957252502,0.394133996963501,0.20516360600789388,0.6714444756507874,0.22735683917999266,0.25447265307108563,0.9189344644546509,0.3144101619720459,0.2599301338195801,0.6583465933799744,0.5248562812805175,0.3446063995361328,0.9954492449760437,0.5129939079284668,0.3405138651529948,0.9908141493797302,0.47879962921142577,0.5938201904296875,0.9961406588554382,0.46189050674438475,0.5631197611490886,0.991901695728302,0.521645450592041,0.8060036341349284,0.9737474918365479,0.4963414192199707,0.7552366256713867,0.9659102559089661
squat,0.39158971309661866,0.0,0.23543937504291534,0.3972693920135498,0.0,0.1722741276025772,0.3898792028427124,0.0,0.02915366366505623,0.4195274829864502,0.0,0.44541308283805847,0.404683780670166,0.0,0.03738197684288025,0.4495445728302002,0.051172955830891924,0.9241613745689392,0.4095604419708252,0.05397326151529948,0.8796387314796448,0.3515580892562866,0.21742820739746094,0.941311776638031,0.34334650039672854,0.21967608133951824,0.8171553015708923,0.23918325901031495,0.2754990577697754,0.8870348930358887,0.25260879993438723,0.26764698028564454,0.8038143515586853,0.5162656784057618,0.3167503992716471,0.9938586354255676,0.4830488204956055,0.3143850962320964,0.9927190542221069,0.49032130241394045,0.5776316960652669,0.9946110248565674,0.46764097213745115,0.5477074940999349,0.993078887462616,0.5211379051208496,0.7943627039591471,0.9595425724983215,0.4960914611816406,0.7459227879842122,0.9602980613708496
squat,0.39871675968170167,0.0,0.03878192603588104,0.4020946979522705,0.0,0.021435651928186417,0.39846253395080566,0.0,0.004262153059244156,0.4303781032562256,0.0,0.11665881425142288,0.41869421005249025,0.0,0.008832982741296291,0.4838866233825684,0.03596363067626953,0.728082537651062,0.4204399585723877,0.027590115865071613,0.662662923336029,0.4972253322601318,0.14755922953287762,0.8993335962295532,0.39979960918426516,0.1334623336791992,0.8168763518333435,0.4463955879211426,0.21923672358194987,0.8891505599021912,0.3550520420074463,0.2322879155476888,0.8380531072616577,0.5085283756256104,0.30947920481363933,0.9931895732879639,0.46586127281188966,0.29985262552897135,0.9924978613853455,0.4933773040771484,0.572207514444987,0.9930423498153687,0.46468439102172854,0.5343359629313151,0.9927310347557068,0.5221033096313477,0.7998263041178385,0.9472145438194275,0.5019527912139893,0.743091328938802,0.9536237120628357
squat,0.4072981357574463,0.0,0.09354282915592194,0.41013102531433104,0.0,0.05730167776346207,0.40493431091308596,0.0,0.010110467672348022,0.43400845527648924,0.0,0.21930354833602905,0.4197096824645996,0.0,0.015430295839905739,0.49565677642822265,0.04010769526163737,0.8983516097068787,0.41518573760986327,0.05264472961425781,0.7476175427436829,0.5458593845367432,0.17295176188151043,0.9538246393203735,0.4117893695831299,0.18571990331013996,0.806433379650116,0.5147936820983887,0.3212262153625488,0.9408401846885681,0.37512807846069335,0.29062124888102214,0.8348576426506042,0.4983680248260498,0.3394279479980469,0.9960263967514038,0.4493595600128174,0.33886518478393557,0.9933547973632812,0.49847898483276365,0.5933280944824219,0.9938264489173889,0.4716679096221924,0.572934913635254,0.9910387396812439,0.5106065750122071,0.819827651977539,0.9414738416671753,0.502991008758545,0.7799036661783855,0.9347363114356995
squat,0.4174779415130615,0.0,0.02781965211033821,0.4189146995544434,0.0,0.011824593879282475,0.4149651050567627,0.0,0.003164212917909026,0.44002370834350585,0.0,0.07513626664876938,0.4265434741973877,0.0,0.009578478522598743,0.5039571285247803,0.0278352419535319,0.8445309996604919,0.4095493793487549,0.03670288721720378,0.7079353928565979,0.5603818893432617,0.16149889628092448,0.9540404677391052,0.40625591278076173,0.18815110524495443,0.8601202964782715,0.571747875213623,0.3305800120035807,0.9438178539276123,0.39042375087738035,0.34816913604736327,0.8800005912780762,0.49843683242797854,0.3489144643147786,0.9978127479553223,0.44148778915405273,0.34675699869791665,0.9967089891433716,0.4994794845581055,0.6018624623616536,0.9963282942771912,0.4667793273925781,0.5696255366007487,0.9953795671463013,0.5156147003173828,0.8191934585571289,0.9664430618286133,0.5015114784240723,0.7612183252970378,0.9653586745262146
squat,0.4575404167175293,0.0,0.002131265588104725,0.45033917427062986,0.0,0.0005213407566770911,0.4519753932952881,0.0,0.00037801792495884,0.44931740760803224,0.0,0.004778990056365728,0.4455209255218506,0.0,0.004943865351378918,0.5141225814819336,0.0,0.5090700387954712,0.42297892570495604,0.0,0.31183120608329773,0.5858756065368652,0.12174520492553711,0.9069478511810303,0.4605661392211914,0.14595613479614258,0.7694650292396545,0.6223058700561523,0.3244656880696615,0.8973789811134338,0.4592456340789795,0.3250236511230469,0.8228692412376404,0.5146085739135742,0.32787580490112306,0.9971144199371338,0.4556423664093018,0.31735897064208984,0.9955692887306213,0.5035181045532227,0.615179697672526,0.9960875511169434,0.45541086196899416,0.5410926183064778,0.9946787357330322,0.520412540435791,0.8535885492960612,0.9719523787498474,0.47891874313354493,0.7187088012695313,0.969436526298523
squat,0.49435696601867674,0.0,0.0019515295280143619,0.4909409999847412,0.0,0.00034933415008708835,0.48871002197265623,0.0,0.00040059658931568265,0.49013323783874513,0.0,0.002369286958128214,0.47234396934509276,0.0,0.004156263545155525,0.5482499122619628,0.0,0.43872830271720886,0.42032341957092284,0.0,0.3585667610168457,0.6181999683380127,0.12099889119466146,0.9095707535743713,0.4140027523040771,0.15785118738810222,0.841820478439331,0.6656981468200683,0.3122978210449219,0.908979594707489,0.4013657569885254,0.3450572967529297,0.8754817843437195,0.5249393463134766,0.3372459093729655,0.9981251358985901,0.44282922744750974,0.3294169108072917,0.9975754618644714,0.5038268566131592,0.6134847005208334,0.9972223043441772,0.433445405960083,0.5555278142293294,0.9966999888420105,0.5254918575286865,0.8446111679077148,0.9781226515769958,0.4619439125061035,0.7395004272460938,0.9771229028701782
squat,0.47738256454467776,0.0,0.0019285547314211726,0.47785062789916993,0.0,0.00045558009878732264,0.4734930992126465,0.0,0.00027171437977813184,0.48978047370910643,0.0,0.004875565879046917,0.4669644355773926,0.0,0.002090366091579199,0.5616920471191407,0.007986831665039062,0.5505374670028687,0.41387577056884767,0.007152589162190756,0.41071557998657227,0.6388862609863282,0.15389124552408853,0.9467602372169495,0.4005324363708496,0.1652200698852539,0.8777869939804077,0.6736533641815186,0.33912328084309895,0.9429813027381897,0.382243013381958,0.34020888010660805,0.8973470330238342,0.526240062713623,0.3529270807902018,0.9990909099578857,0.4317051410675049,0.3431720733642578,0.9987298846244812,0.5083600521087647,0.6198599497477214,0.9982215762138367,0.41266965866088867,0.5735645294189453,0.997832715511322,0.5249913692474365,0.8223930994669596,0.9825750589370728,0.438538122177124,0.7476324717203776,0.9814803004264832
squat,0.47464814186096194,0.0,0.0005430132150650024,0.47744340896606446,0.0,9.850623609963804e-05,0.4742344856262207,0.0,5.4379470384446904e-05,0.4971362590789795,0.0,0.002177479211241007,0.47226438522338865,0.0,0.0005993499071337283,0.5705009460449219,0.0,0.452053964138031,0.41245212554931643,0.0032098770141601564,0.4255901873111725,0.6387853145599365,0.1381329854329427,0.9707654118537903,0.38871872425079346,0.15396973292032878,0.9578222036361694,0.6502325057983398,0.33817049662272136,0.97748202085495,0.3509103298187256,0.32808945973714193,0.9691981673240662,0.5281231880187989,0.34421135584513346,0.9995861649513245,0.4260266780853271,0.338377571105957,0.9995394945144653,0.5134607791900635,0.6276255925496419,0.998611569404602,0.40853590965270997,0.6022872924804688,0.9986414313316345,0.5192665100097656,0.831405766805013,0.9747322201728821,0.4319547176361084,0.7987007141113281,0.9762997031211853
squat,0.47482709884643554,0.0,0.0007454163860529661,0.47565884590148927,0.0,8.94221302587539e-05,0.47143754959106443,0.0,8.401559171034023e-05,0.48834428787231443,0.0,0.0012010971549898386,0.46045942306518556,0.0,0.0007537797791883349,0.5652974605560303,0.0,0.41900938749313354,0.3971449613571167,0.006379508972167968,0.43043848872184753,0.6327408790588379,0.12662076950073242,0.968910813331604,0.367864990234375,0.1709569772084554,0.9670680165290833,0.6170614719390869,0.32224607467651367,0.9796898365020752,0.3259178638458252,0.3460306803385417,0.9778594374656677,0.5321877956390381,0.3534298261006673,0.9995730519294739,0.42322587966918945,0.3574949900309245,0.9995915293693542,0.5157730102539062,0.6369604746500651,0.9976243376731873,0.40445704460144044,0.6370164235432942,0.9977747797966003,0.5071840286254883,0.8626742045084635,0.9418922066688538,0.4095275402069092,0.8642257690429688,0.9440320134162903
squat,0.4366165637969971,0.0,0.00028101252974011004,0.4390722751617432,0.0,4.349927985458635e-05,0.4366413116455078,0.0,2.723961733863689e-05,0.4641604423522949,0.0,0.0009803855791687965,0.4385685443878174,0.0,0.00031047078664414585,0.5465697288513184,0.0,0.2165873646736145,0.38433501720428465,0.0,0.3224828541278839,0.6182357788085937,0.1407586415608724,0.9458957314491272,0.3559880256652832,0.17266445159912108,0.9667848944664001,0.5896306991577148,0.3184051831563314,0.9742761254310608,0.3071308135986328,0.36267452239990233,0.9820384979248047,0.5173653602600098,0.35631224314371746,0.9993610978126526,0.4112260818481445,0.3578734079996745,0.9995155334472656,0.5092787742614746,0.6564280827840169,0.9976818561553955,0.39859201908111574,0.6716548283894856,0.9985234141349792,0.49900064468383787,0.8755390167236328,0.9489125609397888,0.39977843761444093,0.9172450383504231,0.9623311758041382
squat,0.4129203796386719,0.0,0.000264731323113665,0.41667609214782714,0.0,3.9721988287055865e-05,0.4107019901275635,0.0,2.6079384042532183e-05,0.4438016891479492,0.0,0.0009267790010198951,0.40944705009460447,0.0,0.00026918540243059397,0.5364148139953613,0.0,0.210668683052063,0.3565477132797241,0.0,0.27741676568984985,0.6214429855346679,0.12932647069295247,0.9511826038360596,0.3425791263580322,0.17090155283610026,0.9645795822143555,0.5704468727111817,0.29296601613362633,0.977208137512207,0.301698637008667,0.3795035680135091,0.9816226959228516,0.510486650466919,0.37693665822347006,0.9991664886474609,0.39168033599853513,0.38103453318277997,0.9993347525596619,0.5040775299072265,0.6992691040039063,0.9936273097991943,0.37677576541900637,0.7233479817708334,0.9956680536270142,0.5064788818359375,0.8935160319010417,0.8223696351051331,0.3900021553039551,0.9500104268391927,0.8554742932319641
squat,0.4039982795715332,0.0,0.00011296691081952304,0.4051962852478027,0.0,1.4704627574246842e-05,0.4000991344451904,0.0,1.4687429938931018e-05,0.4271710395812988,0.0,0.00029226645710878074,0.39122202396392824,0.0,0.00020288788073230535,0.5211135864257812,0.0,0.10010415315628052,0.3262639045715332,0.0,0.10956389456987381,0.6130390644073487,0.11521549224853515,0.9231564402580261,0.307394003868103,0.14150562286376953,0.9253957867622375,0.5659327983856202,0.28195406595865885,0.9660237431526184,0.29077706336975095,0.37570177714029945,0.967592179775238,0.4871838092803955,0.3850579261779785,0.9981972575187683,0.3584115982055664,0.3873586654663086,0.9983190894126892,0.49695982933044436,0.7463324228922527,0.9788216352462769,0.3664186239242554,0.7642312367757161,0.9830105304718018,0.500340461730957,0.9351538976033529,0.5370883345603943,0.3735648155212402,0.9754224141438802,0.5642758011817932
squat,0.38572394847869873,0.0,0.00014264904893934727,0.3888293743133545,0.0,1.7096695955842733e-05,0.3795758247375488,0.0,2.016129656112753e-05,0.41141281127929685,0.0,0.000274622201686725,0.3640010118484497,0.0,0.0002633851836435497,0.5067161560058594,0.0,0.10327860713005066,0.29526801109313966,0.0,0.11903516203165054,0.6025952816009521,0.0909441630045573,0.9178696274757385,0.27157297134399416,0.14036490122477213,0.9251248240470886,0.5643693923950195,0.2759053866068522,0.9643869400024414,0.24397833347320558,0.37769832611083987,0.9690234065055847,0.47771577835083007,0.37702274322509766,0.9978162050247192,0.34054629802703856,0.3826527277628581,0.9980301260948181,0.4857471942901611,0.7712834676106771,0.9699962139129639,0.3643833637237549,0.7871175130208333,0.9759288430213928,0.4766890048980713,0.9787595113118489,0.38911283016204834,0.378618860244751,1.0,0.4163832366466522
squat,0.3501851797103882,0.0,5.3042895160615444e-05,0.3526425361633301,0.0,6.641019808739657e-06,0.3422581672668457,0.0,7.589231699967058e-06,0.3782620429992676,0.0,0.00014168629422783852,0.32697162628173826,0.0,0.00012180409976281226,0.4873469829559326,0.0,0.04383241385221481,0.26796302795410154,0.0,0.05261985585093498,0.5952691078186035,0.06954336166381836,0.8517307639122009,0.24510207176208496,0.12465569178263346,0.8752267360687256,0.5609737873077393,0.26654783884684247,0.9407103657722473,0.19580657482147218,0.3599219004313151,0.9525805115699768,0.47244787216186523,0.3787029266357422,0.996635377407074,0.33123135566711426,0.38599522908528644,0.9971518516540527,0.465057373046875,0.7975303014119466,0.9634872078895569,0.35698528289794923,0.8087727228800455,0.9713454246520996,0.4639611721038818,1.0,0.353703111410141,0.38451850414276123,1.0,0.38910427689552307
squat,0.3725682497024536,0.0,0.00010264331649523228,0.3863546848297119,0.0,1.9541645087883808e-05,0.36765804290771487,0.0,1.0569876394583844e-05,0.4276906967163086,0.0,0.0004548107972368598,0.35526347160339355,0.0,9.011472866404802e-05,0.5145589351654053,0.0,0.05764350667595863,0.28210816383361814,0.0,0.08096970617771149,0.5923667907714844,0.07221978505452474,0.8666907548904419,0.22842249870300294,0.11796814600626628,0.8843645453453064,0.572609281539917,0.2823080062866211,0.9452075362205505,0.13002581596374513,0.3376400311787923,0.9510810375213623,0.46554088592529297,0.4006575266520182,0.9950108528137207,0.32293052673339845,0.4009120305379232,0.9957523345947266,0.45352749824523925,0.8336878458658854,0.9206708669662476,0.3582805395126343,0.832748285929362,0.9396648406982422,0.41590018272399903,1.0,0.1783638298511505,0.40286822319030763,1.0,0.21064841747283936
squat,0.32537221908569336,0.0,0.0001052285879268311,0.3343621015548706,0.0,2.0936684450134635e-05,0.32285237312316895,0.0,9.123372365138493e-06,0.37879679203033445,0.0,0.0005237479927018285,0.3257175922393799,0.0,8.685340435476974e-05,0.47995939254760744,0.0,0.0572657510638237,0.27203490734100344,0.0,0.08545079082250595,0.5726818561553955,0.11237570444742838,0.8428900837898254,0.24422163963317872,0.12411301930745443,0.893903911113739,0.5774352073669433,0.2980476379394531,0.928009033203125,0.1456027388572693,0.3083354949951172,0.9485529065132141,0.4445005416870117,0.4126771926879883,0.9937689900398254,0.31419124603271487,0.40822502772013347,0.9951654672622681,0.44833712577819823,0.8193553924560547,0.9168046116828918,0.3485971212387085,0.8061690012613932,0.9481297135353088,0.43236608505249025,1.0,0.20330357551574707,0.3823462724685669,1.0,0.2760595679283142
squat,0.3779748439788818,0.0055739084879557295,0.00019613830954767764,0.3911778926849365,0.0,3.9553742681164294e-05,0.3716054201126099,0.0,1.9989662177977152e-05,0.4300933837890625,0.0,0.0007761055021546781,0.3573357105255127,0.0,0.00013293274969328195,0.5198534011840821,0.0,0.1001606211066246,0.28230867385864256,0.0,0.10779502242803574,0.6121331214904785,0.09805310567220052,0.9096121788024902,0.23185417652130128,0.11459016799926758,0.9002159833908081,0.5968902587890625,0.30465799967447915,0.9584047198295593,0.13610541820526123,0.3040760358174642,0.9527947306632996,0.45766162872314453,0.41701825459798175,0.9965428709983826,0.30870637893676756,0.41539993286132815,0.9966514706611633,0.45660552978515623,0.8457757314046224,0.9203369617462158,0.3315157175064087,0.8471624374389648,0.9334888458251953,0.42548656463623047,1.0,0.16062451899051666,0.3606290102005005,1.0,0.17887607216835022
squat,0.36944663524627686,0.003357187906901042,0.00037757278187200427,0.38615477085113525,0.0,0.00010796397691592574,0.3616602897644043,0.0,2.8376140107866377e-05,0.43784255981445314,0.0,0.0019235499203205109,0.35233392715454104,0.0,0.00010899706103373319,0.5423386096954346,0.0,0.16845527291297913,0.28661766052246096,0.0,0.10891620814800262,0.6443047523498535,0.12213195164998372,0.9335973858833313,0.25296998023986816,0.13025836944580077,0.8713467121124268,0.619954776763916,0.36627623240152996,0.968187153339386,0.17685588598251342,0.3052452723185221,0.9401947259902954,0.474028205871582,0.42782818476359047,0.9965142607688904,0.31360294818878176,0.4259309450785319,0.9956595301628113,0.4617671012878418,0.8705211003621419,0.8898506760597229,0.33056082725524905,0.8702435811360677,0.8899370431900024,0.4283337116241455,1.0,0.10326831787824631,0.3683165073394775,1.0,0.1054629236459732
squat,0.3670406103134155,0.021257432301839192,0.00024398656387347728,0.3799919128417969,0.0,5.7843677495839074e-05,0.36040244102478025,0.0,2.4790000679786317e-05,0.43025007247924807,0.0,0.0007345042540691793,0.354127836227417,0.0,0.00010571940947556868,0.5600856304168701,0.0,0.07670950144529343,0.2844599723815918,0.0,0.04640185460448265,0.697475528717041,0.14957186381022136,0.8796258568763733,0.25191917419433596,0.1326215108235677,0.8095892667770386,0.6775547504425049,0.48140570322672527,0.9311211109161377,0.23229193687438965,0.281553840637207,0.8968281745910645,0.5174347400665283,0.4903400421142578,0.9933968782424927,0.3319549083709717,0.5007364273071289,0.9921151995658875,0.5444561958312988,0.9734656651814778,0.5323327779769897,0.34480924606323243,1.0,0.5321170687675476,0.536104393005371,1.0,0.012069564312696457,0.36418447494506834,1.0,0.011606947518885136
squat,0.38296236991882326,0.0,4.397383236209862e-05,0.3943594694137573,0.0,5.737318588217022e-06,0.36682488918304446,0.0,1.1366805665602442e-05,0.4385843276977539,0.0,6.731096073053777e-05,0.3455727338790894,0.0,0.0001430707925464958,0.5487933158874512,0.0,0.008424696512520313,0.2957924365997314,0.0,0.01862052083015442,0.7084578037261963,0.08390448888142904,0.4304487705230713,0.2689933776855469,0.07526617050170899,0.7332850694656372,0.7609821796417237,0.18219194412231446,0.6543463468551636,0.25253250598907473,0.2684579849243164,0.8455517292022705,0.521241283416748,0.4705527623494466,0.9777799844741821,0.3528058767318726,0.4660135587056478,0.9865104556083679,0.5166275024414062,0.9432595570882162,0.3952319324016571,0.37560999393463135,0.9549889246622721,0.5745354294776917,0.4919933795928955,1.0,0.012760520912706852,0.37861480712890627,1.0,0.018912620842456818
squat,0.3795504093170166,0.014307085673014324,0.00019161483214702457,0.3955233573913574,0.0,3.3023778087226674e-05,0.36431045532226564,0.0,3.783242209465243e-05,0.44792327880859373,0.0,0.0003377919492777437,0.3514594078063965,0.0,0.00021506463235709816,0.5805812835693359,0.0,0.028499191626906395,0.29225497245788573,0.0,0.03288373723626137,0.7418253898620606,0.09251025517781576,0.49301791191101074,0.24898965358734132,0.1104741096496582,0.6393507719039917,0.7744340896606445,0.12904802958170572,0.6129162907600403,0.24215638637542725,0.24116382598876954,0.7298760414123535,0.5210845470428467,0.5085453033447266,0.9582279324531555,0.338805103302002,0.49357741673787436,0.9673730134963989,0.47107706069946287,0.964069684346517,0.32121017575263977,0.35654487609863283,0.9341766357421875,0.4231463372707367,0.4125192642211914,1.0,0.011410843580961227,0.39046525955200195,0.9706464767456054,0.014573893509805202
squat,0.3849597215652466,0.008099110921223958,8.933382923714817e-05,0.398151159286499,0.0,2.1176363588892855e-05,0.371535062789917,0.0,9.755773135111667e-06,0.45731492042541505,0.0,0.0005042864358983934,0.36661696434020996,0.0,7.864880899433047e-05,0.6006743431091308,0.0,0.049797676503658295,0.3080286026000977,0.0,0.03293144702911377,0.7717700958251953,0.16929373741149903,0.7244775891304016,0.26645097732543943,0.05694719950358073,0.6870463490486145,0.8369211196899414,0.36098470687866213,0.8275579214096069,0.23810384273529053,0.24318741162618002,0.7961106896400452,0.5196558952331543,0.5160707155863444,0.9867421984672546,0.3385188102722168,0.4893861452738444,0.9859731197357178,0.4651193618774414,0.9590771993001302,0.5067993402481079,0.36020421981811523,0.9142046610514323,0.5615912675857544,0.41872248649597166,1.0,0.018589524552226067,0.39562344551086426,0.9989552179972331,0.02196369878947735
