label,0_x,0_y,0_z,1_x,1_y,1_z,2_x,2_y,2_z,3_x,3_y,3_z,4_x,4_y,4_z,5_x,5_y,5_z,6_x,6_y,6_z,7_x,7_y,7_z,8_x,8_y,8_z,9_x,9_y,9_z,10_x,10_y,10_z,11_x,11_y,11_z,12_x,12_y,12_z,13_x,13_y,13_z,14_x,14_y,14_z,15_x,15_y,15_z,16_x,16_y,16_z
squat,0.49462118148803713,0.006503105163574219,0.03480306640267372,0.5065422534942627,0.0,0.002318825339898467,0.4659596920013428,0.0,0.014074189588427544,0.5134491920471191,0.0,0.0020254231058061123,0.4010135650634766,0.0,0.08640465140342712,0.5543767929077148,0.14296585718790691,0.6431413888931274,0.2955642223358154,0.1539496103922526,0.8747144937515259,0.558275842666626,0.46606190999348956,0.8609418869018555,0.29068841934204104,0.5193105697631836,0.9391345381736755,0.561023473739624,0.7812576293945312,0.6175962090492249,0.43007516860961914,0.8233808517456055,0.7704132199287415,0.5473080635070801,0.8416183471679688,0.9508054852485657,0.3723557710647583,0.8550729115804037,0.9622964859008789,0.5535797119140625,1.0,0.03604726493358612,0.3945700883865356,1.0,0.037656884640455246,0.60092134475708,1.0,0.0020134642254561186,0.56198148727417,0.9050230662027995,0.00196493836119771
squat,0.49566168785095216,0.01177355448404948,0.104461170732975,0.5082504272460937,0.0,0.00918799638748169,0.4669808864593506,0.0,0.06855012476444244,0.5143403053283692,0.0,0.003864813596010208,0.4023579597473145,0.0,0.1863337755203247,0.5655690670013428,0.12988529205322266,0.5663803219795227,0.2985117197036743,0.13496621449788412,0.8615809679031372,0.5815197944641113,0.49021466573079425,0.6453071236610413,0.287030553817749,0.5083309173583984,0.8836420774459839,0.5577325344085693,0.8378962834676107,0.3574378490447998,0.39872331619262696,0.8463087717692057,0.643383800983429,0.5492603778839111,0.8165503184000651,0.8288806080818176,0.37538306713104247,0.8259613037109375,0.8849043250083923,0.5584020137786865,1.0,0.023595338687300682,0.42441463470458984,0.9874685923258464,0.032103218138217926,0.5819148540496826,1.0,0.001944631920196116,0.5737218856811523,0.8967287699381511,0.002264595590531826
squat,0.5184331893920898,0.0012936909993489583,0.07596321403980255,0.5288527488708497,0.0,0.004677775781601667,0.4901124000549316,0.0,0.054229412227869034,0.5258589744567871,0.0,0.0017459457740187645,0.419000244140625,0.0,0.20104233920574188,0.570951271057129,0.1367990811665853,0.4811876714229584,0.3044877052307129,0.14082784652709962,0.8574039340019226,0.5821725368499756,0.5063180923461914,0.5912089943885803,0.2851723194122314,0.5278509140014649,0.8919434547424316,0.5556488990783691,0.8458559036254882,0.3118809461593628,0.39614803791046144,0.8881754557291667,0.6428220272064209,0.5651548385620118,0.8411427815755208,0.7664384841918945,0.3903835296630859,0.8531026204427083,0.8538614511489868,0.578175687789917,1.0,0.01970844343304634,0.4396937370300293,0.9523468017578125,0.028656093403697014,0.6046780109405517,1.0,0.002087604720145464,0.5941596984863281,0.8768563588460286,0.0025288802571594715
squat,0.4982129096984863,0.02240409851074219,0.062002405524253845,0.5097162246704101,0.0,0.004331193398684263,0.4710083961486816,0.0,0.022654440253973007,0.5157265186309814,0.0,0.0032479530200362206,0.40854430198669434,0.0,0.09832215309143066,0.5690473079681396,0.1606570561726888,0.7026479840278625,0.30184054374694824,0.17609906196594238,0.9046881794929504,0.5896968841552734,0.4844300587972005,0.8603832721710205,0.2954124450683594,0.5443335215250651,0.9425879716873169,0.5670546531677246,0.8176247914632161,0.558424174785614,0.4247114181518555,0.8868190765380859,0.7135439515113831,0.5667735576629639,0.8851813634236654,0.898793637752533,0.3855604887008667,0.8985129038492838,0.9247645735740662,0.554748821258545,1.0,0.008900306187570095,0.38677427768707273,1.0,0.009239740669727325,0.6186479568481446,1.0,0.0004966540727764368,0.5767085552215576,0.9133745193481445,0.0004865099326707423
squat,0.5069786071777344,0.032342116038004555,0.07303206622600555,0.5164616584777832,0.0,0.004508658312261105,0.48304104804992676,0.0,0.02812870405614376,0.5146782875061036,0.0,0.0028558007907122374,0.4195884704589844,0.0,0.13672305643558502,0.5659326076507568,0.16175646781921388,0.7294192314147949,0.3051430702209473,0.18178807894388835,0.9213371276855469,0.5927494049072266,0.47693510055541993,0.8570836186408997,0.289083194732666,0.5558993021647135,0.9422047138214111,0.5851537227630615,0.8220576604207357,0.5215975642204285,0.41241865158081054,0.8993123372395834,0.6927222013473511,0.5814785957336426,0.8726998011271159,0.8826799392700195,0.40740303993225097,0.8905755360921224,0.9130852222442627,0.5658316135406494,1.0,0.008273824118077755,0.40788755416870115,1.0,0.008515392430126667,0.6231328964233398,1.0,0.00045595329720526934,0.599510383605957,0.914333724975586,0.0004438346659298986
squat,0.49144549369812013,0.07111632029215495,0.19885560870170593,0.5044171810150146,0.03466081619262695,0.021655919030308723,0.4668426513671875,0.03325659434000651,0.07440999895334244,0.514472484588623,0.0,0.010121531784534454,0.4119876861572266,0.0,0.1604270339012146,0.5780936241149902,0.14293675422668456,0.8083784580230713,0.30030777454376223,0.17222995758056642,0.9446913599967957,0.6077872753143311,0.46273050308227537,0.8727356195449829,0.2728487730026245,0.5674856185913086,0.9460576176643372,0.6000181198120117,0.812627665201823,0.5560216903686523,0.39409604072570803,0.9176643371582032,0.6986416578292847,0.5845717906951904,0.853784688313802,0.8861826658248901,0.4003706932067871,0.8739398320515951,0.9149160385131836,0.5679360389709472,1.0,0.009457636624574661,0.3890762090682983,1.0,0.010134343057870865,0.6080011367797852,1.0,0.0005894804489798844,0.5700963020324707,0.908276112874349,0.0006027420749887824
squat,0.49457502365112305,0.04836819966634114,0.07800295948982239,0.505176591873169,0.013939126332600912,0.005800955928862095,0.4713167667388916,0.015362739562988281,0.02851988561451435,0.5137024879455566,0.0,0.004993465729057789,0.4217387199401855,0.0,0.1436845064163208,0.5880185127258301,0.13120015462239584,0.7652989625930786,0.2933262586593628,0.16269795099894205,0.9482190012931824,0.6134714603424072,0.4565155347188314,0.8794156908988953,0.24575395584106446,0.5674280802408854,0.9597339034080505,0.6140496253967285,0.7724550882975261,0.5848493576049805,0.34958772659301757,0.9655136744181315,0.7397159337997437,0.6048110485076904,0.8650113423665364,0.8666723966598511,0.4161404609680176,0.8907923380533854,0.9104751348495483,0.6134185791015625,1.0,0.00807754136621952,0.45293149948120115,0.9798916498819987,0.009284662082791328,0.6966759204864502,1.0,0.0003924469347111881,0.6947507381439209,0.8641407012939453,0.0004440212796907872
squat,0.4859649658203125,0.029295953114827473,0.09530891478061676,0.49917874336242674,0.0,0.011332373134791851,0.46358513832092285,0.0,0.02798345312476158,0.5120820999145508,0.0,0.013113184832036495,0.4182943344116211,0.0,0.10338282585144043,0.5926785469055176,0.14206369717915854,0.8281188011169434,0.29622478485107423,0.165903107325236,0.943494439125061,0.6336761474609375,0.4781452814737956,0.8874732255935669,0.25516176223754883,0.5791878382364909,0.9457402229309082,0.6283961296081543,0.8051036834716797,0.5494738221168518,0.39060230255126954,0.9164723714192708,0.6620973348617554,0.5843753814697266,0.8590863545735677,0.9007228016853333,0.3914029121398926,0.8738655090332031,0.9219628572463989,0.5682901382446289,1.0,0.007673197891563177,0.39050588607788084,1.0,0.008165334351360798,0.5975365161895752,1.0,0.00034958921605721116,0.5731554985046386,0.9049222310384114,0.0003654335450846702
squat,0.49570860862731936,0.025474166870117186,0.08142494410276413,0.5090951442718505,0.0,0.007197313476353884,0.473254919052124,0.0,0.030699973925948143,0.5198482513427735,0.0,0.00783473253250122,0.42435269355773925,0.0,0.1612052172422409,0.5933029174804687,0.1451631546020508,0.7956364154815674,0.29537832736968994,0.17055991490681965,0.9566774368286133,0.6178844451904297,0.4678107579549154,0.8535040020942688,0.2514477252960205,0.581347401936849,0.9577599167823792,0.617858600616455,0.7693229675292969,0.4726404547691345,0.3638087272644043,0.8945555369059245,0.7052371501922607,0.5982011795043946,0.8553272247314453,0.8872084021568298,0.4058215618133545,0.8733357747395833,0.9295753836631775,0.6022426605224609,1.0,0.00688137486577034,0.42700729370117185,1.0,0.008931772783398628,0.6489870071411132,1.0,0.00030420554685406387,0.6413554191589356,0.8985913594563802,0.0003713940968737006
squat,0.5090803146362305,0.034719626108805336,0.18614287674427032,0.5206433773040772,0.0012739499409993489,0.013791744597256184,0.48530993461608884,0.0,0.07959485054016113,0.5273750782012939,0.0,0.0073846024461090565,0.42967662811279295,0.0,0.29944679141044617,0.6036038398742676,0.1312832514444987,0.867102861404419,0.2964956521987915,0.16929499308268228,0.9762293696403503,0.6378693103790283,0.42935609817504883,0.8979259133338928,0.2542933225631714,0.5791931788126627,0.9712868332862854,0.6565732002258301,0.7086615244547526,0.6170793771743774,0.332413387298584,0.9492342631022136,0.778563380241394,0.6113417625427247,0.8641170501708985,0.9124027490615845,0.4161719799041748,0.88670654296875,0.944963812828064,0.6070168495178223,1.0,0.010679561644792557,0.43344721794128416,0.9974408467610677,0.012941019609570503,0.6737446784973145,1.0,0.0004313735698815435,0.6670787811279297,0.9020883560180664,0.0005159999709576368
squat,0.5072455883026123,0.028414058685302734,0.112764872610569,0.5220852851867676,0.0,0.01252202782779932,0.48639140129089353,0.0,0.032191768288612366,0.5344648361206055,0.0,0.014790617860853672,0.43969149589538575,0.0,0.12725602090358734,0.6157326221466064,0.15348706245422364,0.8860390186309814,0.30822296142578126,0.1695555051167806,0.9586232304573059,0.6628218173980713,0.48238150278727215,0.91546231508255,0.2663614273071289,0.5755927403767903,0.9498321413993835,0.6913687705993652,0.7958001454671224,0.5765780210494995,0.33354711532592773,0.8894282658894856,0.663383424282074,0.6059045314788818,0.8683375040690104,0.9181441068649292,0.4105673789978027,0.8775779724121093,0.9331232309341431,0.6013619422912597,1.0,0.010360526852309704,0.419052267074585,0.9942960103352865,0.010447107255458832,0.6574684619903565,1.0,0.00043384337914176285,0.6400635242462158,0.904697036743164,0.0004588221781887114
squat,0.5180869102478027,0.025966962178548176,0.07484796643257141,0.5321541786193847,0.0,0.008694756776094437,0.49816098213195803,0.0,0.016992278397083282,0.5426461696624756,0.0,0.014444966800510883,0.45230445861816404,0.0,0.08126632124185562,0.6236922740936279,0.16762601534525554,0.9103668332099915,0.3173498630523682,0.17647790908813477,0.943070650100708,0.6723702430725098,0.49516798655192057,0.9470186829566956,0.2718381404876709,0.5682460149129231,0.9332343339920044,0.7045475959777832,0.7917514165242513,0.6666207313537598,0.32495484352111814,0.8782928466796875,0.6104528307914734,0.6046847820281982,0.8718465169270834,0.9426296949386597,0.4111752986907959,0.8773611704508464,0.9373580813407898,0.6050580978393555,1.0,0.014286191202700138,0.4256844997406006,0.9907723744710286,0.010675844736397266,0.6760626316070557,1.0,0.0005137284751981497,0.6497506141662598,0.9025537490844726,0.00044531942694447935
squat,0.5340285778045655,0.04544960657755534,0.0819375291466713,0.546511173248291,0.012041600545247395,0.006936667021363974,0.5114915847778321,0.01249402364095052,0.021258413791656494,0.5582942008972168,0.0,0.009184897877275944,0.4621098041534424,0.0,0.0960090383887291,0.6503383636474609,0.15435158411661784,0.8850361704826355,0.3325169324874878,0.1843434969584147,0.9503088593482971,0.6982202053070068,0.47955751419067383,0.9437231421470642,0.307891845703125,0.5796698888142904,0.955902099609375,0.7309041023254395,0.7770320892333984,0.7047593593597412,0.3061146974563599,0.9569864908854167,0.6935266256332397,0.6444311141967773,0.8783152262369792,0.9241994619369507,0.4445773124694824,0.8923628489176433,0.9324020743370056,0.6530910968780518,1.0,0.012335368432104588,0.46749353408813477,0.9940825780232747,0.010576325468719006,0.7647006034851074,1.0,0.00036044963053427637,0.7250314712524414,0.9148796081542969,0.0003557937452569604
squat,0.5370006561279297,0.021993700663248697,0.15989950299263,0.5506606101989746,0.0,0.013232206925749779,0.5126261711120605,0.0,0.05906859412789345,0.5672816753387451,0.0,0.013079226016998291,0.4668468952178955,0.0,0.17743505537509918,0.6649234294891357,0.16569843292236328,0.8650177121162415,0.35138983726501466,0.19328943888346353,0.9680131077766418,0.7220111846923828,0.5005852381388346,0.8947172164916992,0.3119443416595459,0.5693842569986979,0.9710034132003784,0.7316873073577881,0.8150089899698894,0.6139950156211853,0.3011457920074463,0.9426625569661459,0.7914421558380127,0.6479133129119873,0.8776880900065104,0.8928043842315674,0.448773193359375,0.8892159144083659,0.9361515641212463,0.6631356716156006,1.0,0.009559616446495056,0.4811232089996338,1.0,0.012960981577634811,0.759669303894043,1.0,0.0002579882275313139,0.7078277587890625,0.936642074584961,0.00033982557943090796
squat,0.5395285606384277,0.0,0.0408327542245388,0.5598950862884522,0.0,0.004540388006716967,0.5166798114776612,0.0,0.007892025634646416,0.5883728981018066,0.0,0.018088707700371742,0.47788524627685547,0.0,0.04047898203134537,0.6839405059814453,0.18420753479003907,0.8671231269836426,0.3619691371917725,0.20564842224121094,0.9488757252693176,0.7411465167999267,0.5154199600219727,0.9346849918365479,0.32719993591308594,0.5848000208536784,0.9635608792304993,0.7757480621337891,0.8674241383870442,0.6301268935203552,0.2957958459854126,0.9533149719238281,0.6970102787017822,0.6621610641479492,0.8971074422200521,0.9224494695663452,0.45860953330993653,0.9044073740641276,0.9416348934173584,0.679030179977417,1.0,0.009633279405534267,0.4950122356414795,1.0,0.010556255467236042,0.7673714637756348,1.0,0.00024348226725123823,0.7513711452484131,0.9285299936930339,0.00028792512603104115
squat,0.5625277996063233,0.0,0.17142777144908905,0.5819314956665039,0.0,0.01885255053639412,0.5340152263641358,0.0,0.04992564767599106,0.607786750793457,0.0,0.024614175781607628,0.48599886894226074,0.0,0.1240544393658638,0.7027238845825196,0.17981653213500975,0.8830825686454773,0.37938337326049804,0.2096405029296875,0.9681028127670288,0.7640591621398926,0.5208404858907064,0.9071568250656128,0.33559370040893555,0.58843994140625,0.9673430919647217,0.7975992202758789,0.8792481104532878,0.6376485228538513,0.28997719287872314,0.9533915201822917,0.7792913317680359,0.6666440486907959,0.896586799621582,0.8790328502655029,0.46357927322387693,0.9050254185994466,0.9218152165412903,0.6584989547729492,1.0,0.009829039685428143,0.4812946796417236,1.0,0.012737510725855827,0.730985450744629,1.0,0.0002793952007777989,0.7020674705505371,0.9492135365804036,0.00035572523484006524
squat,0.5596167087554932,0.0014508565266927083,0.40575891733169556,0.5841438293457031,0.0,0.08065114170312881,0.5319013595581055,0.0,0.13033151626586914,0.6229482650756836,0.0,0.08870017528533936,0.4949038505554199,0.0,0.15287074446678162,0.715936279296875,0.20797433853149414,0.920504093170166,0.4016456604003906,0.23162736892700195,0.9810034036636353,0.7908214092254638,0.5337233861287435,0.9130566120147705,0.3504124879837036,0.5854193369547526,0.9756693243980408,0.8858287811279297,0.885110346476237,0.6549162268638611,0.27643163204193116,0.9351184844970704,0.8087112307548523,0.6691773414611817,0.9001656214396159,0.8774972558021545,0.469027042388916,0.9047526677449544,0.9271866679191589,0.668639850616455,1.0,0.009432314895093441,0.46665754318237307,1.0,0.014322333969175816,0.7613146781921387,1.0,0.00027715967735275626,0.6709558486938476,0.9432313283284505,0.0004006122180726379
squat,0.5530918121337891,0.0,0.6616634130477905,0.579668378829956,0.0,0.25302085280418396,0.5253920078277587,0.0,0.25319939851760864,0.6259250164031982,0.0,0.22896592319011688,0.49351487159729,0.005505688985188802,0.15641574561595917,0.7322231292724609,0.2195034662882487,0.9555149078369141,0.40750970840454104,0.2477054278055827,0.9825026988983154,0.8170604705810547,0.527748171488444,0.9402541518211365,0.33140809535980226,0.5745553970336914,0.974276602268219,0.8847205162048339,0.8910420099894206,0.7589979767799377,0.254068660736084,0.8952219009399414,0.8457769155502319,0.6861491203308105,0.8925624211629232,0.9188637137413025,0.47455544471740724,0.896638552347819,0.9468013644218445,0.6870622158050537,1.0,0.013426346704363823,0.4378787994384766,1.0,0.01788344420492649,0.763690185546875,1.0,0.00029999850085005164,0.598289680480957,0.9844729741414388,0.0003942947369068861
squat,0.5607279300689697,0.0,0.6294983625411987,0.5839136123657227,0.0,0.20057326555252075,0.5322186470031738,0.0,0.245380237698555,0.6231708526611328,0.0,0.1592581421136856,0.4969820976257324,0.010396448771158855,0.17579497396945953,0.7286324024200439,0.21868721644083658,0.9471694231033325,0.41213603019714357,0.24829661051432292,0.9805225729942322,0.8267730712890625,0.5049245834350586,0.9391192197799683,0.33071117401123046,0.5543179829915365,0.9762129783630371,0.9175653457641602,0.8670480092366536,0.7771262526512146,0.24833221435546876,0.8618737538655599,0.8722175359725952,0.6844144821166992,0.8815606435139974,0.9209079146385193,0.4774446487426758,0.8861393610636393,0.9491804242134094,0.683718490600586,1.0,0.01410428062081337,0.43311777114868166,1.0,0.019216343760490417,0.7547141075134277,1.0,0.0003124966169707477,0.5713706970214844,0.9626914978027343,0.0004110708541702479
squat,0.5717472553253173,0.0008752187093098958,0.7624699473381042,0.5971344470977783,0.0,0.41871803998947144,0.5437727928161621,0.0,0.36104533076286316,0.634645414352417,0.00866228739420573,0.29561448097229004,0.5041329860687256,0.01496747334798177,0.17654374241828918,0.7251499652862549,0.23455355962117513,0.9548525810241699,0.4260673999786377,0.2511957804361979,0.9745810627937317,0.8318624496459961,0.49320805867513023,0.9553775787353516,0.3433421850204468,0.5162193616231282,0.9651057124137878,0.92620849609375,0.8625722249348958,0.8520198464393616,0.24050524234771728,0.7963586807250976,0.8756900429725647,0.6872707366943359,0.8642306009928385,0.9235139489173889,0.48808841705322265,0.8635066986083985,0.9361822605133057,0.6999058246612548,1.0,0.01426088996231556,0.42814154624938966,1.0,0.015497148968279362,0.7660731315612793,1.0,0.0002999630232807249,0.5311577320098877,0.9773162841796875,0.00033295134198851883
squat,0.5749234676361084,0.0,0.7439670562744141,0.5980621337890625,0.0,0.3174436390399933,0.5463440895080567,0.0,0.39919161796569824,0.6293007850646972,0.00930035909016927,0.17547295987606049,0.5017632484436035,0.016727956136067708,0.23909489810466766,0.720496654510498,0.2267218589782715,0.9417015910148621,0.4239373207092285,0.2506227175394694,0.9777446389198303,0.8522415161132812,0.43133932749430337,0.9464555978775024,0.33185036182403566,0.4925243377685547,0.9737350940704346,0.9302165985107422,0.6592196146647136,0.8800115585327148,0.2242979049682617,0.7403476715087891,0.9186245799064636,0.6908874034881591,0.8557117462158204,0.9312777519226074,0.4946290016174316,0.8585538228352865,0.9508878588676453,0.6948967933654785,1.0,0.015688657760620117,0.43999009132385253,1.0,0.019238658249378204,0.7648416042327881,1.0,0.0002929684123955667,0.5497495174407959,0.9581142425537109,0.0003468547365628183
squat,0.5673378944396973,0.011452356974283854,0.9792646169662476,0.5916944980621338,0.0,0.8856245875358582,0.5353125095367431,0.0,0.9376419186592102,0.6270852565765381,0.018880653381347656,0.524614691734314,0.4930445671081543,0.03539619445800781,0.7031217813491821,0.7145041942596435,0.22488746643066407,0.97881680727005,0.42856583595275877,0.2526245435078939,0.9952496290206909,0.8510797500610352,0.3590603192647298,0.9406332969665527,0.3086700439453125,0.44411458969116213,0.9864141345024109,0.9304087638854981,0.45638879140218097,0.8728299736976624,0.19820709228515626,0.6061590830485026,0.9559375047683716,0.6856550693511962,0.8299146016438802,0.9378381967544556,0.49730658531188965,0.8334826151529948,0.9672210812568665,0.6910503387451172,1.0,0.021306246519088745,0.4499600887298584,1.0,0.03618840128183365,0.7575957298278808,1.0,0.0003792198549490422,0.5426650524139405,0.9672025680541992,0.0005542175495065749
squat,0.5666614532470703,0.01116943359375,0.9917607307434082,0.5915535449981689,0.0,0.956774890422821,0.5342761039733886,0.0,0.9745668768882751,0.626362419128418,0.024824015299479165,0.6977376341819763,0.491693115234375,0.0389007568359375,0.8089663982391357,0.709632396697998,0.2193611780802409,0.9901239275932312,0.43107404708862307,0.24055328369140624,0.9968156218528748,0.8424875259399414,0.33366594314575193,0.9584473371505737,0.320328688621521,0.4057524998982747,0.9857515692710876,0.923127269744873,0.39323371251424155,0.8888617753982544,0.2238841772079468,0.5075488408406575,0.9518940448760986,0.6795692443847656,0.8202816009521484,0.958152711391449,0.4960899829864502,0.8199022928873698,0.974035382270813,0.6811392307281494,1.0,0.034335505217313766,0.45336132049560546,1.0,0.049942560493946075,0.742163896560669,1.0,0.0005834055482409894,0.5500069618225097,0.9657204945882162,0.0007716313702985644
squat,0.5633282661437988,0.015738296508789062,0.9968522191047668,0.5871021747589111,0.0,0.9811223745346069,0.5306766033172607,0.0,0.9920490384101868,0.6205928802490235,0.028917948404947918,0.7581576704978943,0.4881331443786621,0.04480520884195963,0.898280918598175,0.7064229011535644,0.21994930903116863,0.9912075400352478,0.4327396392822266,0.23861894607543946,0.9981017708778381,0.850619888305664,0.305482292175293,0.9421099424362183,0.30442137718200685,0.365130615234375,0.9894249439239502,0.925299072265625,0.32267862955729165,0.84352046251297,0.17903192043304444,0.4081750233968099,0.958398163318634,0.6708174228668213,0.8209471384684245,0.9498928189277649,0.48990540504455565,0.8158331553141276,0.9753199815750122,0.6715048789978028,1.0,0.029016727581620216,0.44104180335998533,1.0,0.053210001438856125,0.7202881336212158,1.0,0.0005200082086957991,0.5173520088195801,0.9551304499308269,0.0008024437120184302
squat,0.5543551921844483,0.03237695693969726,0.9903889298439026,0.5793509960174561,0.0,0.9560268521308899,0.5205831527709961,0.004209136962890625,0.9684103727340698,0.6146412372589112,0.03617642720540364,0.6192450523376465,0.47652344703674315,0.052591705322265626,0.6939542889595032,0.6835152626037597,0.24196343421936034,0.9778808355331421,0.43245744705200195,0.2574402491251628,0.9933522939682007,0.8357829093933106,0.29163074493408203,0.9307572841644287,0.2985945224761963,0.3436523755391439,0.9772599935531616,0.9083081245422363,0.26886717478434247,0.9005151987075806,0.21091821193695068,0.37135349909464516,0.9556909799575806,0.6671021938323974,0.8235979715983073,0.9676782488822937,0.4990206241607666,0.8255741119384765,0.9802635312080383,0.6512013912200928,1.0,0.06884543597698212,0.4313403606414795,0.9973405202229818,0.09954968839883804,0.7150166511535645,1.0,0.0025509183760732412,0.5079420566558838,0.9607322057088216,0.003291764995083213
squat,0.5454062938690185,0.043080870310465494,0.9964454770088196,0.5711471557617187,0.013863913218180339,0.9814690351486206,0.5144543170928955,0.015792719523111978,0.9893988370895386,0.6016570568084717,0.05490398406982422,0.7001294493675232,0.4708419322967529,0.06132291158040364,0.8252333998680115,0.6534113883972168,0.25241010983784995,0.9843983054161072,0.42493290901184083,0.2593503634134928,0.9955511093139648,0.7943985939025879,0.2730441411336263,0.9373202919960022,0.2923644304275513,0.3074649175008138,0.9801663756370544,0.9130327224731445,0.21918646494547525,0.8873974680900574,0.14664163589477539,0.2601430416107178,0.9550681710243225,0.637082576751709,0.8345841725667318,0.9581815004348755,0.4830143928527832,0.8332982381184896,0.9747048020362854,0.6418596744537354,1.0,0.04564398527145386,0.42464823722839357,1.0,0.06565337628126144,0.735874080657959,1.0,0.0014336787862703204,0.5131431579589844,0.9778868357340494,0.001854094211012125
squat,0.535740327835083,0.05146497090657552,0.9968576431274414,0.5638536930084228,0.02017323176066081,0.9870189428329468,0.5054548263549805,0.019818782806396484,0.9897168278694153,0.5977474212646484,0.058120981852213545,0.7723093628883362,0.46368703842163084,0.058212025960286455,0.8078585863113403,0.6432919979095459,0.2564450740814209,0.9872061014175415,0.41771697998046875,0.2588224411010742,0.9939597845077515,0.7739262580871582,0.2639441649119059,0.9512172341346741,0.30106325149536134,0.30299739837646483,0.9720478653907776,0.8890860557556153,0.20068457921346028,0.9133132696151733,0.20670585632324218,0.2434202035268148,0.9479101896286011,0.6263981342315674,0.8352949778238933,0.9650782942771912,0.4717609405517578,0.8333716074625651,0.9731370806694031,0.6392861843109131,1.0,0.0550137422978878,0.41162753105163574,1.0,0.06491688638925552,0.7258905887603759,1.0,0.0017427396960556507,0.4904512882232666,0.9916523615519206,0.0019525840179994702
squat,0.5278418064117432,0.05352344512939453,0.9976955056190491,0.5554015159606933,0.0231048583984375,0.9902887344360352,0.4971524715423584,0.02504873275756836,0.9930306077003479,0.589439058303833,0.06208368937174479,0.7919880151748657,0.45697884559631347,0.06617714564005533,0.8516173362731934,0.6343226432800293,0.26042524973551434,0.9872415065765381,0.4083568572998047,0.2601861159006755,0.9941927790641785,0.769260311126709,0.24698599179585776,0.9418938159942627,0.27835443019866946,0.27802804311116536,0.9680059552192688,0.9046854019165039,0.15985641479492188,0.8947337865829468,0.18257062435150145,0.2069064935048421,0.9400443434715271,0.613277530670166,0.8322504043579102,0.9474416971206665,0.4612435340881348,0.8315441767374675,0.960227370262146,0.6211162567138672,1.0,0.04105939343571663,0.40735559463500975,1.0,0.049402423202991486,0.7205965518951416,1.0,0.001354553154669702,0.5005443572998047,0.9851222991943359,0.0015294469194486737
squat,0.5127805233001709,0.0623867670694987,0.9976587295532227,0.5400396823883057,0.03291543324788412,0.9881638884544373,0.4812460899353027,0.03302122751871745,0.9946609139442444,0.5747737884521484,0.07125263214111328,0.712078332901001,0.44002504348754884,0.07154006958007812,0.894166886806488,0.6142560005187988,0.2639263788859049,0.981012225151062,0.39399018287658694,0.2526554107666016,0.9939709901809692,0.7448275566101075,0.23057077725728353,0.9021528959274292,0.2677057504653931,0.2606295744578044,0.9701136946678162,0.8785357475280762,0.1204496701558431,0.8448234796524048,0.19754347801208497,0.20638979276021321,0.9451701045036316,0.5848421573638916,0.8313837687174479,0.9294348955154419,0.4344959735870361,0.8245670318603515,0.956503689289093,0.603835153579712,1.0,0.03434384614229202,0.39707322120666505,0.9925731658935547,0.05293748155236244,0.6790892124176026,1.0,0.0014015110209584236,0.47104544639587403,0.9588692982991537,0.0018694442696869373
squat,0.5053596019744873,0.06754709879557291,0.9979840517044067,0.5310236930847168,0.0339755376180013,0.9891533255577087,0.4729419708251953,0.03608493804931641,0.9948429465293884,0.5654295921325684,0.06557757059733073,0.7238490581512451,0.43227219581604004,0.07204761505126953,0.8905112743377686,0.6075344085693359,0.26447054545084636,0.9861103296279907,0.38905208110809325,0.25829922358194984,0.9946274161338806,0.7329475402832031,0.22951625188191732,0.9304305911064148,0.26496243476867676,0.26528107325236,0.974664032459259,0.871588134765625,0.11099192301432291,0.8824580311775208,0.1830570936203003,0.1939426104227702,0.9539197087287903,0.5733319282531738,0.8354244232177734,0.9462808966636658,0.4231147766113281,0.8283199310302735,0.9645878672599792,0.6022810935974121,1.0,0.04268467426300049,0.3859957456588745,0.9886563618977865,0.0608692541718483,0.6835723400115967,1.0,0.0016364994226023555,0.4472829341888428,0.9438721338907877,0.0020962918642908335
squat,0.4990051746368408,0.0703369140625,0.9979777932167053,0.5256349086761475,0.03851585388183594,0.9890878200531006,0.46754703521728513,0.03793147404988607,0.9944856762886047,0.5593244552612304,0.0718501091003418,0.7150941491127014,0.42612438201904296,0.07169081370035807,0.8805475234985352,0.5978188037872314,0.2658893903096517,0.9863135814666748,0.3823610782623291,0.2564714749654134,0.9935972690582275,0.7338825702667237,0.21909430821736653,0.9339784979820251,0.25681631565093993,0.25547189712524415,0.9695209264755249,0.881258773803711,0.09985974629720053,0.8873410224914551,0.17255632877349852,0.17494853337605795,0.9486803412437439,0.5659539222717285,0.8523801803588867,0.9316830039024353,0.4182900905609131,0.8447012583414714,0.9501534104347229,0.5953957557678222,1.0,0.0330812893807888,0.39086384773254396,0.9843427022298177,0.04339916259050369,0.6672614097595215,1.0,0.0013309878995642066,0.4595366954803467,0.9407454172770182,0.0016079863999038935
squat,0.48624520301818847,0.07682638168334961,0.9981841444969177,0.5133745670318604,0.04310534795125325,0.9902570247650146,0.4543459892272949,0.042784690856933594,0.9939467906951904,0.5482470989227295,0.07240975697835286,0.759419322013855,0.41307458877563474,0.07337557474772136,0.8653038144111633,0.588249397277832,0.2614035924275716,0.9915015697479248,0.3710840463638306,0.2552034378051758,0.9943767786026001,0.7220809459686279,0.220875883102417,0.961890459060669,0.2504485368728638,0.259834353129069,0.9740011096000671,0.8775508880615235,0.10512882868448893,0.9268909692764282,0.15934288501739502,0.16228075027465821,0.9561721086502075,0.5541312217712402,0.8533713022867838,0.9468361139297485,0.4046012878417969,0.8457028706868489,0.9551404714584351,0.5878623485565185,1.0,0.034581009298563004,0.3801433801651001,0.9804514567057292,0.03902680054306984,0.6593502044677735,1.0,0.0011324691586196423,0.44798054695129397,0.9310562133789062,0.0012506954371929169
squat,0.4826484203338623,0.07928129831949869,0.9982277750968933,0.5099184513092041,0.04652353922526042,0.9894315004348755,0.4522547721862793,0.04364627202351888,0.9947789907455444,0.5428214073181152,0.0757644017537435,0.723923921585083,0.40953903198242186,0.07046076456705729,0.8917863368988037,0.5820980548858643,0.25973199208577474,0.9909271001815796,0.3636315822601318,0.25517422358194985,0.9953548908233643,0.7179824829101562,0.20944196383158367,0.9557111263275146,0.24453911781311036,0.2608755111694336,0.9786273837089539,0.8644838333129883,0.09856561024983725,0.9174166321754456,0.16006624698638916,0.16045675277709961,0.9624300599098206,0.551624870300293,0.8415761947631836,0.9556977152824402,0.40182857513427733,0.8344315846761068,0.967197597026825,0.5814375877380371,1.0,0.04329608008265495,0.37178654670715333,0.9913970947265625,0.05543192848563194,0.6394711971282959,1.0,0.0013949070125818253,0.43215069770812986,0.9435385386149089,0.0016692470526322722
squat,0.48170485496521,0.08478291829427083,0.9978806972503662,0.5090656280517578,0.05146293640136719,0.9872844219207764,0.45122518539428713,0.04859917958577474,0.9951039552688599,0.5399372100830078,0.08130197525024414,0.6340034008026123,0.40375576019287107,0.07423957188924153,0.8999143838882446,0.5732786655426025,0.27350540161132814,0.9830638766288757,0.35699198246002195,0.25944358507792153,0.9940973520278931,0.7193999290466309,0.22854754130045574,0.9172685742378235,0.23839106559753417,0.25392011006673176,0.9710435271263123,0.8559762954711914,0.11020968755086263,0.8712210655212402,0.14973320960998535,0.1788227399190267,0.9506839513778687,0.5488415241241456,0.8398890177408854,0.9348227977752686,0.4018505573272705,0.8318789164225261,0.9567558765411377,0.5721591949462891,1.0,0.040197983384132385,0.36597189903259275,0.9876386642456054,0.05785214155912399,0.6498224258422851,1.0,0.0017276691505685449,0.43995361328125,0.9569388071695963,0.0021933475509285927
squat,0.4794328212738037,0.08601977030436198,0.9978541731834412,0.5069356918334961,0.05401935577392578,0.9878743290901184,0.4495994091033936,0.0508275032043457,0.9949695467948914,0.5377803325653077,0.08486283620198568,0.6630149483680725,0.40328326225280764,0.07720940907796224,0.8978410363197327,0.572190237045288,0.2738776206970215,0.9835098385810852,0.3541126251220703,0.2616973559061686,0.994061291217804,0.7161692619323731,0.230767027537028,0.9188738465309143,0.2340954303741455,0.25432581901550294,0.9701882004737854,0.8427868843078613,0.12244167327880859,0.8729538321495056,0.14758584499359131,0.17176400820414225,0.9493772387504578,0.5475979804992676,0.8419382095336914,0.9358367919921875,0.39969658851623535,0.8354217529296875,0.9566659927368164,0.5753931045532227,1.0,0.0410776361823082,0.36878390312194825,0.9907115936279297,0.05819138139486313,0.6494585990905761,1.0,0.0017567328177392483,0.4464082717895508,0.9683155059814453,0.0022150108125060797
squat,0.48233470916748045,0.09500341415405274,0.9979773163795471,0.510887861251831,0.057931677500406904,0.9883814454078674,0.45172691345214844,0.05533536275227865,0.9952722191810608,0.5433866024017334,0.08191922505696615,0.6468895673751831,0.4041906833648682,0.07475013732910156,0.8975429534912109,0.571007251739502,0.27925758361816405,0.9831477403640747,0.35446953773498535,0.26177581151326496,0.9942399263381958,0.7101340293884277,0.24701120058695475,0.9197736382484436,0.22365224361419678,0.25373101234436035,0.9717559218406677,0.8367700576782227,0.14903885523478191,0.8839902877807617,0.14436452388763427,0.1851433753967285,0.9557310342788696,0.5422893047332764,0.8447139104207356,0.9475688338279724,0.39555959701538085,0.8384997049967448,0.9653029441833496,0.5712336540222168,1.0,0.054357338696718216,0.36684041023254393,1.0,0.07771581411361694,0.6474386692047119,1.0,0.002469725674018264,0.4360522270202637,0.9800779978434245,0.0031033840496093035
squat,0.48504056930541994,0.09820426305135091,0.998016357421875,0.5143653869628906,0.06181777318318685,0.9890317320823669,0.4546830654144287,0.057956822713216144,0.9955940842628479,0.5466935634613037,0.08618507385253907,0.664342999458313,0.4058657646179199,0.07691688537597656,0.9027954339981079,0.5785277843475342,0.2809762954711914,0.9825150966644287,0.355230450630188,0.27041489283243814,0.9941852688789368,0.7273021697998047,0.2482798417409261,0.9033110737800598,0.23372509479522705,0.2760073026021322,0.9672718644142151,0.8440380096435547,0.17274371782938638,0.8597931265830994,0.15261521339416503,0.21229623158772787,0.9463412165641785,0.5458178043365478,0.8613937377929688,0.9394910931587219,0.395798397064209,0.8547115325927734,0.960191547870636,0.5692251682281494,1.0,0.04853590950369835,0.36642282009124755,1.0,0.07049120217561722,0.6347217559814453,1.0,0.0025224077980965376,0.4450850009918213,0.979458236694336,0.003219442442059517
squat,0.4901681423187256,0.1048184076944987,0.9980981945991516,0.5188102722167969,0.06693204243977864,0.9886437654495239,0.45817995071411133,0.06429208119710286,0.9956587553024292,0.5507389545440674,0.09094794591267903,0.6316606402397156,0.4069634437561035,0.08455130259195963,0.9049907326698303,0.580526876449585,0.29000622431437173,0.9850080013275146,0.358244514465332,0.2764301617940267,0.9945510029792786,0.7293624877929688,0.26777833302815757,0.9185425043106079,0.23447234630584718,0.2886695226033529,0.9698619842529297,0.859197998046875,0.18126792907714845,0.8802543878555298,0.15380983352661132,0.23172089258829753,0.9514856934547424,0.5455551624298096,0.8595867156982422,0.9523964524269104,0.39635591506958007,0.8524033864339192,0.9673346281051636,0.5661036014556885,1.0,0.06028043478727341,0.3652674198150635,1.0,0.08346696197986603,0.6331619262695313,1.0,0.002939618658274412,0.433664608001709,0.979625956217448,0.0035936878994107246
squat,0.4949077606201172,0.1344727834065755,0.9974748492240906,0.5248807907104492,0.101178773244222,0.9895060658454895,0.46798200607299806,0.09360386530558268,0.9940117001533508,0.5573569774627686,0.12661720911661783,0.7226865887641907,0.42357177734375,0.10918223063151042,0.853509247303009,0.5940299987792969,0.3113827705383301,0.9799427390098572,0.3744974613189697,0.2980089823404948,0.9850026965141296,0.7513441562652587,0.30387789408365884,0.8866453170776367,0.2731002330780029,0.336247189839681,0.9171133041381836,0.8468709945678711,0.23676889737447102,0.8256266713142395,0.21075904369354248,0.28704789479573567,0.881503701210022,0.5519394874572754,0.8915522893269857,0.8810426592826843,0.4012154102325439,0.8805308024088542,0.8937012553215027,0.5864056587219239,1.0,0.028996065258979797,0.3775632381439209,1.0,0.032942693680524826,0.6246838569641113,1.0,0.0016874935245141387,0.43659124374389646,1.0,0.0018073535757139325
squat,0.5023332118988038,0.1604146957397461,0.9979535341262817,0.5312013626098633,0.1246027946472168,0.9870238304138184,0.47343921661376953,0.11856581370035807,0.9956234097480774,0.5619271755218506,0.14552577336629233,0.615943431854248,0.42501325607299806,0.13154824574788412,0.916003406047821,0.5913519382476806,0.3265175501505534,0.9858292937278748,0.37325339317321776,0.3198534647623698,0.9932712912559509,0.7422058582305908,0.3337893803914388,0.9124003648757935,0.27957189083099365,0.3903302510579427,0.963240921497345,0.8745560646057129,0.2662037213643392,0.857354998588562,0.22180471420288086,0.3446282704671224,0.9361894726753235,0.5440415859222412,0.8875141143798828,0.9192876219749451,0.3956461906433105,0.8813083648681641,0.9398913979530334,0.5843394756317138,1.0,0.03677002340555191,0.38529014587402344,1.0,0.050628598779439926,0.6233094215393067,1.0,0.001811181427910924,0.43975296020507815,0.9932470321655273,0.0021891617216169834
squat,0.5032329082489013,0.19902178446451824,0.9983602166175842,0.5338483810424804,0.16011149088541668,0.9906814694404602,0.47487692832946776,0.1539128621419271,0.9959896206855774,0.5677684307098388,0.17670469284057616,0.6858841776847839,0.4280864715576172,0.16187241872151692,0.897850751876831,0.5980232715606689,0.36711298624674477,0.9853482842445374,0.3771528720855713,0.35497023264567057,0.9932206869125366,0.773964262008667,0.37909075419108074,0.9149448871612549,0.25259473323822024,0.3988469123840332,0.9652287364006042,0.8971729278564453,0.3431813875834147,0.8875245451927185,0.18206138610839845,0.35288591384887696,0.9485967755317688,0.5477824211120605,0.9239158630371094,0.8775594234466553,0.39896938800811765,0.9187068303426107,0.9080557227134705,0.5881320476531983,1.0,0.02144411951303482,0.385409951210022,1.0,0.029872601851820946,0.6206404685974121,1.0,0.0012231511063873768,0.43549556732177735,0.9790685017903645,0.001466250978410244
squat,0.5052985191345215,0.23387343088785809,0.997829020023346,0.535786485671997,0.19554812113444012,0.98846834897995,0.47695674896240237,0.19034077326456705,0.9954138994216919,0.5689135551452636,0.21222419738769532,0.6668041348457336,0.429367733001709,0.19934043884277344,0.8969523906707764,0.5996122837066651,0.3956110954284668,0.9787427186965942,0.38094139099121094,0.38651498158772785,0.9919249415397644,0.7482224464416504,0.44857123692830403,0.8780741095542908,0.2785856008529663,0.45465195973714195,0.9599382877349854,0.8494919776916504,0.4340572992960612,0.8419768810272217,0.2082381010055542,0.3993173917134603,0.9366880059242249,0.5551056385040283,0.9299266815185547,0.8360576629638672,0.40584626197814944,0.925383186340332,0.8871051073074341,0.5929397106170654,1.0,0.02278190478682518,0.3819387435913086,1.0,0.034393638372421265,0.6303231716156006,1.0,0.0014786369865760207,0.43426947593688964,1.0,0.0018914873944595456
squat,0.5027636528015137,0.32707411448160806,0.9974206686019897,0.5353948593139648,0.2883110682169596,0.9897672533988953,0.4743760585784912,0.28317508697509763,0.9934449195861816,0.5735291481018067,0.3036556879679362,0.7955535650253296,0.4303145885467529,0.29081570307413734,0.8765771985054016,0.6093617916107178,0.4770255406697591,0.9847940802574158,0.3755319356918335,0.4716082890828451,0.9929659366607666,0.7377734184265137,0.5306981086730957,0.916695773601532,0.2602936029434204,0.5380943298339844,0.9598972201347351,0.8302858352661133,0.5588792165120443,0.879984974861145,0.18296942710876465,0.5240882555643718,0.9355602860450745,0.5756919860839844,0.9616387685139974,0.7727606892585754,0.41918582916259767,0.9607302983601888,0.8206459283828735,0.6326777458190918,1.0,0.017958318814635277,0.40076279640197754,0.9878220876057943,0.023113176226615906,0.6866225242614746,1.0,0.0013907041866332293,0.4786223411560059,0.9472044626871745,0.0016688941977918148
squat,0.5077044486999511,0.37352193196614586,0.9972311854362488,0.5391390800476075,0.33391571044921875,0.9880930781364441,0.4762601852416992,0.3319124539693197,0.9942513704299927,0.5754870414733887,0.34959589640299477,0.7354273796081543,0.42678031921386717,0.3432239850362142,0.9018608331680298,0.6136644363403321,0.5290501276652019,0.9747462868690491,0.37793788909912107,0.5129682540893554,0.9942628741264343,0.7251792907714844,0.639369010925293,0.813332200050354,0.26792116165161134,0.5988985061645508,0.9577722549438477,0.7868273258209229,0.6865275700887045,0.7716299891471863,0.20112016201019287,0.5940127690633138,0.9272894263267517,0.5831134796142579,0.986213493347168,0.6032819747924805,0.4304030418395996,0.9799419403076172,0.7425341010093689,0.5912510871887207,1.0,0.013651723973453045,0.39741039276123047,0.9814704895019531,0.02378770150244236,0.634377384185791,1.0,0.0014971992932260036,0.4894883155822754,0.9708883921305339,0.0021662793587893248
squat,0.506655216217041,0.4273728688557943,0.9974174499511719,0.5390323638916016,0.38673105239868166,0.9895899891853333,0.475696325302124,0.38435455958048503,0.9947819113731384,0.5782099723815918,0.3998002370198568,0.7671502828598022,0.42878060340881347,0.3935898462931315,0.8957192897796631,0.6194475650787353,0.5785041809082031,0.9668192267417908,0.3809823036193848,0.5625933329264323,0.9946152567863464,0.7229039669036865,0.7106952667236328,0.7305173277854919,0.2548052787780762,0.6584248860677083,0.9593860507011414,0.7640119552612304,0.8132478713989257,0.6761351227760315,0.1642378807067871,0.6659340540568034,0.9249002933502197,0.5789803028106689,1.0,0.4328172206878662,0.42551074028015134,1.0,0.6426414847373962,0.5823648929595947,1.0,0.008716595359146595,0.3799590587615967,0.96800537109375,0.01879996806383133,0.5996439456939697,1.0,0.0012584972428157926,0.45029678344726565,0.9720322926839192,0.0020831571891903877
squat,0.5017462730407715,0.5197434425354004,0.9976747632026672,0.534610366821289,0.4805643081665039,0.9916063547134399,0.47289304733276366,0.4781739552815755,0.9943366646766663,0.5765748023986816,0.49000988006591795,0.8088411688804626,0.42998180389404295,0.48205321629842124,0.8745905160903931,0.6102452278137207,0.6559658050537109,0.9762767553329468,0.37728118896484375,0.6485788981119792,0.990416407585144,0.7805342674255371,0.7610937754313151,0.7962901592254639,0.19201619625091554,0.7624255498250325,0.9136140942573547,0.8972474098205566,0.8206419626871745,0.7622124552726746,0.07551531791687012,0.9225500106811524,0.8595097661018372,0.5554389953613281,1.0,0.19746804237365723,0.41838417053222654,1.0,0.26256680488586426,0.5556536674499511,0.8875321706136068,0.006778288166970015,0.415846061706543,0.9159440994262695,0.009558379650115967,0.5374820709228516,0.9027238845825195,0.0013840977335348725,0.4767115592956543,0.936038080851237,0.0016407289076596498
squat,0.5059636116027832,0.5658557256062825,0.9978298544883728,0.5373021602630615,0.5222681681315104,0.9919441938400269,0.4736682415008545,0.5217471122741699,0.9948793649673462,0.5770548820495606,0.5259025891621908,0.776371419429779,0.423612117767334,0.5231069246927897,0.8917549848556519,0.6193347930908203,0.696247673034668,0.9781595468521118,0.36283140182495116,0.6973833719889323,0.9887425899505615,0.7986287117004395,0.8117068608601888,0.7790428996086121,0.17276196479797362,0.824954096476237,0.8778344392776489,0.9211323738098145,0.8886370340983073,0.7431373000144958,0.07571077346801758,0.9607120513916015,0.8252432346343994,0.5570284366607666,1.0,0.13994790613651276,0.4083110332489014,1.0,0.1708020120859146,0.5491247177124023,0.8800337473551433,0.005532671697437763,0.39676918983459475,0.9126548767089844,0.006909312680363655,0.5078575134277343,0.9080965042114257,0.0013049539411440492,0.4454707145690918,0.9390097300211588,0.0014049614546820521
squat,0.5030923843383789,0.6428337732950846,0.9957455992698669,0.5364341259002685,0.6000127156575521,0.9902515411376953,0.4699547290802002,0.599614969889323,0.991020143032074,0.5793167114257812,0.6088065465291341,0.8348323702812195,0.4210928440093994,0.6056999842325846,0.8695576786994934,0.6262668609619141,0.7721160888671875,0.975892961025238,0.354873514175415,0.7811489105224609,0.9804903864860535,0.7889376640319824,0.8876782735188802,0.6417953372001648,0.19049465656280518,0.9183193206787109,0.6562445163726807,0.8806863784790039,0.9301148732503255,0.5383361577987671,0.14776883125305176,0.9805243174235027,0.5474357604980469,0.5696440219879151,1.0,0.07901123911142349,0.4190351486206055,1.0,0.07706138491630554,0.5612819194793701,0.8846732457478841,0.0051274374127388,0.43827190399169924,0.9100602467854818,0.005128631368279457,0.5135386943817138,0.8998826344807943,0.001813118695281446,0.5324924945831299,0.916659418741862,0.001731052529066801
squat,0.5032584190368652,0.6774192174275716,0.9943088889122009,0.5353600025177002,0.6318536758422851,0.9883324503898621,0.4687373161315918,0.6315907796223958,0.9893597364425659,0.576418685913086,0.6365597407023112,0.8109366297721863,0.4177879333496094,0.63536376953125,0.8627483248710632,0.6305456161499023,0.8021280924479167,0.9595494866371155,0.35878543853759765,0.819967524210612,0.978020966053009,0.7626508235931396,0.9104887644449869,0.4430754780769348,0.21258742809295655,0.9575437545776367,0.5575479865074158,0.8161734580993653,0.9325544993082683,0.359048068523407,0.15605380535125732,0.9713626225789388,0.44132664799690247,0.5874672412872315,1.0,0.049593761563301086,0.4402423858642578,1.0,0.05671731382608414,0.547048282623291,0.9154107411702473,0.004743673373013735,0.43938407897949217,0.9085336049397786,0.005442301742732525,0.48505535125732424,0.927456792195638,0.002157782204449177,0.5346144199371338,0.8942162831624348,0.002407671185210347
squat,0.5001811027526856,0.7114346822102865,0.9906919598579407,0.5327576160430908,0.6655101776123047,0.985093355178833,0.4681570053100586,0.6653321584065756,0.9832496047019958,0.5759589195251464,0.6663253784179688,0.8665615916252136,0.4228974342346191,0.6647731781005859,0.8366671204566956,0.6367186546325684,0.8421918869018554,0.963431179523468,0.35762596130371094,0.8476039250691731,0.9655927419662476,0.7835184097290039,0.9479293823242188,0.4811820387840271,0.22621216773986816,0.9653199513753256,0.4815613627433777,0.8288187026977539,0.9675559361775716,0.444541335105896,0.2133798122406006,0.9535202662150065,0.4610181152820587,0.5680333137512207,1.0,0.0837317556142807,0.4206865310668945,1.0,0.08204778283834457,0.5322042465209961,0.9666927973429362,0.011494400911033154,0.44117369651794436,0.9586046854654948,0.0118627417832613,0.4740872859954834,0.9615334828694662,0.005305539816617966,0.5474510669708252,0.9373596827189128,0.00538350036367774
squat,0.5001039505004883,0.7634885787963868,0.9891457557678223,0.5332433700561523,0.7172662099202474,0.9836390018463135,0.4672727108001709,0.7143791198730469,0.9852336049079895,0.5736876964569092,0.7245043436686198,0.8081857562065125,0.4179249286651611,0.7194016774495443,0.8152832388877869,0.6430883884429932,0.8917882283528645,0.848626971244812,0.3719512939453125,0.8987159093221029,0.9489298462867737,0.7547920227050782,0.9608526865641276,0.15630243718624115,0.2663083791732788,0.979464340209961,0.4136649966239929,0.7230762004852295,0.9683469772338867,0.17924529314041138,0.1924217700958252,0.9877050399780274,0.35976386070251465,0.6032096862792968,1.0,0.030006511136889458,0.4535945415496826,1.0,0.0499521866440773,0.5421747207641602,0.989729372660319,0.007552014198154211,0.4084773063659668,0.9433340708414714,0.012562167830765247,0.48736228942871096,0.9974221547444662,0.005916849244385958,0.49096145629882815,0.9336482365926106,0.008966002613306046
squat,0.4977268695831299,0.7796410242716472,0.9883736371994019,0.5308766841888428,0.7352781931559245,0.9826280474662781,0.465242862701416,0.7334116617838542,0.9866630434989929,0.5738401889801026,0.7460379282633464,0.7778313159942627,0.41938414573669436,0.74181702931722,0.8330684900283813,0.6352217674255372,0.9107220967610677,0.8038686513900757,0.3772823572158813,0.9081809997558594,0.9362763166427612,0.7309582710266114,0.9735471089680989,0.1096012145280838,0.28120853900909426,0.9691820780436198,0.37791547179222107,0.72029128074646,0.9802813212076823,0.12433566153049469,0.22943902015686035,0.9908270517985026,0.30869707465171814,0.5910422325134277,1.0,0.019155994057655334,0.4482555866241455,1.0,0.03413861244916916,0.5467691898345948,0.9682304382324218,0.004750497173517942,0.41579575538635255,0.9218057632446289,0.008952056057751179,0.5066939353942871,0.9753679911295573,0.004287980031222105,0.49801387786865237,0.9103450139363607,0.007106235716491938
squat,0.49831857681274416,0.7901647567749024,0.9867309331893921,0.5304555892944336,0.7456190109252929,0.9805669188499451,0.46541628837585447,0.7450963338216146,0.9866422414779663,0.5727538108825684,0.7559126536051433,0.7567626237869263,0.4196765899658203,0.7547952651977539,0.8406375646591187,0.6335330963134765,0.9251455307006836,0.768024206161499,0.37955245971679685,0.9172244389851888,0.926095187664032,0.7226944446563721,0.9882027943929036,0.08099442720413208,0.2868866682052612,0.9683771133422852,0.3301185071468353,0.7114082336425781,0.9794716517130534,0.09124012291431427,0.2392028570175171,0.9940751393636068,0.2544633150100708,0.586784029006958,1.0,0.016736814752221107,0.4473170280456543,1.0,0.031150495633482933,0.5397823333740235,0.9844177881876628,0.00453642662614584,0.4185072422027588,0.9321562449137369,0.008865328505635262,0.5132360458374023,0.9808998743693034,0.004489373415708542,0.507323169708252,0.9077197392781575,0.007624428253620863
squat,0.49970459938049316,0.7911898295084635,0.9863249659538269,0.5315271377563476,0.7485769271850586,0.9792386889457703,0.4665486812591553,0.7471026738484701,0.9868876338005066,0.572324275970459,0.7613150278727213,0.7433904409408569,0.4194961071014404,0.7585964838663737,0.8521214127540588,0.6322575569152832,0.9279633204142252,0.7634884715080261,0.38007297515869143,0.9183804829915364,0.9285132884979248,0.7217295646667481,0.9897008260091146,0.07288260012865067,0.2857191801071167,0.9684886932373047,0.3259131610393524,0.7086120128631592,0.9730458577473958,0.08231262117624283,0.2303309917449951,0.9897846221923828,0.24804382026195526,0.5840347290039063,1.0,0.015158380381762981,0.44747772216796877,1.0,0.029160669073462486,0.5313568592071534,0.9842172622680664,0.004374666139483452,0.42605252265930177,0.9286931355794271,0.008817300200462341,0.49216337203979493,0.9815323511759441,0.004430844914168119,0.5149178981781006,0.9047735214233399,0.007690900471061468
squat,0.5000235080718994,0.7664670944213867,0.991046130657196,0.532634162902832,0.7244361877441406,0.983086109161377,0.4671941757202148,0.7219088872273763,0.9892515540122986,0.5722294807434082,0.7380035400390625,0.7705603837966919,0.4182647705078125,0.7328035990397136,0.8692327737808228,0.6338083267211914,0.8982248942057292,0.8538351058959961,0.3720705509185791,0.8995917002360027,0.9645285606384277,0.7354333877563477,0.9627537409464518,0.14893405139446259,0.2614072561264038,0.964645258585612,0.5260012149810791,0.7291893005371094,0.9682409286499023,0.16479730606079102,0.1723611831665039,0.9745384852091471,0.4314338266849518,0.5881353378295898,1.0,0.02271546982228756,0.4450950622558594,1.0,0.04480106756091118,0.5349363327026367,0.9552874247233073,0.00472857803106308,0.4122422695159912,0.9077326456705729,0.009528828784823418,0.48386664390563966,0.9758064905802409,0.003478703321889043,0.4981261730194092,0.9095464706420898,0.00602938886731863
squat,0.4992993831634521,0.7390727361043294,0.992417573928833,0.533228874206543,0.6968539555867513,0.9842548370361328,0.46732749938964846,0.6930675506591797,0.9900833368301392,0.5734385967254638,0.7112957000732422,0.759997546672821,0.41893625259399414,0.7017767588297527,0.8778206706047058,0.6289704799652099,0.8693329493204752,0.8761885166168213,0.36563711166381835,0.8751987457275391,0.9707557559013367,0.7322439670562744,0.9329765955607097,0.22179922461509705,0.25936336517333985,0.9599740982055665,0.625271737575531,0.7420947074890136,0.9443443934122722,0.2608143389225006,0.2029892921447754,0.9625474294026692,0.5615797638893127,0.581486701965332,1.0,0.03448447212576866,0.4327815055847168,1.0,0.06439538300037384,0.5409163951873779,0.9439997990926107,0.005710981786251068,0.38986451625823976,0.9089682261149089,0.011182749643921852,0.4864283561706543,0.9800832112630208,0.0035354073625057936,0.4645081520080566,0.9289310455322266,0.005851668771356344
squat,0.4988420486450195,0.7055578867594401,0.9903152585029602,0.5292060852050782,0.6653043111165364,0.984178364276886,0.46748552322387693,0.666404660542806,0.9847167730331421,0.5696640968322754,0.6738088607788086,0.8775296807289124,0.42133440971374514,0.675443967183431,0.8698408007621765,0.6409834861755371,0.8453475952148437,0.9669536352157593,0.34645471572875974,0.8480400721232096,0.9703590273857117,0.8057619094848633,0.941568120320638,0.44583532214164734,0.19543936252593994,0.9441294352213542,0.4683683216571808,0.8162217140197754,0.9466991424560547,0.38270843029022217,0.18161382675170898,0.9396933873494466,0.4183465838432312,0.5710054874420166,1.0,0.07846800982952118,0.4166306972503662,1.0,0.07936404645442963,0.5412485599517822,0.964598019917806,0.010015126317739487,0.4595005989074707,0.9597053527832031,0.010660052299499512,0.4843124866485596,0.9645975748697917,0.004487368743866682,0.5960006237030029,0.9447086334228516,0.004658429883420467
squat,0.4947704315185547,0.6239663441975911,0.9971886277198792,0.5280813694000244,0.5883859634399414,0.991654634475708,0.4651456832885742,0.5818163553873698,0.9942268133163452,0.5678686618804931,0.6123797098795573,0.8234652876853943,0.4180267333984375,0.5992076873779297,0.8702271580696106,0.6276037216186523,0.7794172922770183,0.9560615420341492,0.3624267101287842,0.777704366048177,0.99269038438797,0.7315155029296875,0.8658664703369141,0.5459763407707214,0.1998037338256836,0.874163818359375,0.9086393713951111,0.7251824378967285,0.8556387583414714,0.5477402210235596,0.05974202156066895,0.9335460662841797,0.8249189257621765,0.5740075588226319,1.0,0.12463892996311188,0.41460361480712893,1.0,0.2465648651123047,0.5159953594207763,0.9438927968343099,0.005595698021352291,0.3094321727752686,0.9062154769897461,0.011236547492444515,0.46439948081970217,0.9696959813435873,0.0014931143959984183,0.3487582206726074,0.9191764831542969,0.0024616788141429424
squat,0.49484429359436033,0.5822022755940756,0.9958978295326233,0.5268701076507568,0.5480498631795248,0.9876261353492737,0.4671481132507324,0.5428913752237956,0.9919004440307617,0.5619998455047608,0.5690373738606771,0.8074849843978882,0.42136411666870116,0.5562482833862304,0.8877205848693848,0.6089407920837402,0.7292989095052084,0.9526172876358032,0.3580257654190063,0.7263160069783529,0.9910404086112976,0.7250655174255372,0.8082788467407227,0.5977677702903748,0.20307998657226561,0.8205684026082357,0.8879840970039368,0.7630303382873536,0.8354245503743489,0.588996171951294,0.0819779396057129,0.8822466532389323,0.8251048922538757,0.5659771919250488,1.0,0.10973882675170898,0.4199970245361328,1.0,0.19645100831985474,0.529170036315918,0.8989564895629882,0.0076583693735301495,0.3762445211410522,0.8712837219238281,0.013437379151582718,0.511666202545166,0.9301912943522136,0.002501280279830098,0.47603330612182615,0.8888449350992839,0.0037375378888100386
squat,0.4902381896972656,0.4914007504781087,0.9972705245018005,0.5260608196258545,0.45770352681477866,0.9908584952354431,0.46211681365966795,0.45068162282307944,0.9935238361358643,0.565151309967041,0.4904028574625651,0.7994021773338318,0.4165374755859375,0.4732249577840169,0.845956027507782,0.6100884437561035,0.6747637430826823,0.9431791305541992,0.3639146566390991,0.6458986918131511,0.9913490414619446,0.6908971786499023,0.7687853495279948,0.6173080801963806,0.23937859535217285,0.6971377054850261,0.9284570217132568,0.6850954532623291,0.7860853830973308,0.6351886987686157,0.09852843284606934,0.7094885508219401,0.8882313370704651,0.573313045501709,1.0,0.17112810909748077,0.41619391441345216,1.0,0.32861587405204773,0.558513069152832,0.9433448155721028,0.006452423520386219,0.34078154563903806,0.8857858657836915,0.013505827635526657,0.5939070224761963,0.993752924601237,0.0015626156236976385,0.443447208404541,0.9213085174560547,0.0027155717834830284
squat,0.4901747703552246,0.4465301513671875,0.9973982572555542,0.5266610145568847,0.4170993169148763,0.9905221462249756,0.46414031982421877,0.4081915537516276,0.9934679865837097,0.5646666049957275,0.45470670064290364,0.8182328343391418,0.4197740077972412,0.4317895571390788,0.8563737869262695,0.6102694511413574,0.6401655197143554,0.9580385088920593,0.3622827291488647,0.5988602956136068,0.9942983984947205,0.6964813709259033,0.7555053075154622,0.687934935092926,0.23947880268096924,0.6528289794921875,0.9519443511962891,0.6823633193969727,0.7550302505493164,0.6859275698661804,0.1016681432723999,0.6445960362752279,0.9134248495101929,0.5720262050628662,1.0,0.23177120089530945,0.41327672004699706,1.0,0.42868080735206604,0.5496330261230469,0.9529474258422852,0.0070597929880023,0.3405113458633423,0.8893835703531902,0.01526687666773796,0.5942651748657226,0.9976782480875651,0.0013735872926190495,0.4688901901245117,0.9197499593098958,0.0024431857746094465
squat,0.4915022373199463,0.39936987559000653,0.996091902256012,0.5252284049987793,0.37765172322591145,0.9853590726852417,0.4679044246673584,0.3661152521769206,0.99153733253479,0.5570903778076172,0.4185747782389323,0.7870915532112122,0.42628908157348633,0.38982025782267254,0.8846014142036438,0.5835610389709472,0.5732506434122722,0.9784073233604431,0.36238186359405516,0.559809684753418,0.990675687789917,0.7247272968292237,0.5868746439615885,0.8196870684623718,0.25307841300964357,0.6206632614135742,0.8992846608161926,0.839589786529541,0.5296734809875489,0.6668103933334351,0.13881289958953857,0.5799020767211914,0.7823046445846558,0.5411404609680176,1.0,0.3508991599082947,0.4058364391326904,1.0,0.4059445261955261,0.5642299652099609,0.9416886647542317,0.011161367408931255,0.4160024166107178,0.8803872426350912,0.013585938140749931,0.599901533126831,0.9536525726318359,0.00202799029648304,0.5628829002380371,0.8528383255004883,0.002349634189158678
squat,0.48923487663269044,0.3129329045613607,0.9969612956047058,0.5222008705139161,0.28701546986897786,0.990070641040802,0.4634880542755127,0.28047167460123695,0.9900744557380676,0.558282470703125,0.3276284535725911,0.8630390763282776,0.42302684783935546,0.31128520965576173,0.8257693648338318,0.612491226196289,0.5128360112508138,0.9819376468658447,0.36368637084960936,0.48378254572550455,0.9956766963005066,0.7202283382415772,0.5666547775268554,0.8649153113365173,0.23679838180541993,0.5033830006917318,0.9589942097663879,0.7084035873413086,0.5051541646321615,0.8103400468826294,0.12631258964538575,0.4484057108561198,0.9119376540184021,0.5851118087768554,0.9925211588541667,0.7007359266281128,0.42736096382141114,0.9729237238566081,0.8035261631011963,0.556785774230957,1.0,0.021476488560438156,0.3756967782974243,0.954470443725586,0.03309216350317001,0.6062882423400879,1.0,0.0019074451411142945,0.5238323211669922,0.9476135889689128,0.002751362742856145
squat,0.4929476737976074,0.27424500783284506,0.997470498085022,0.5242884159088135,0.24976119995117188,0.9896484017372131,0.4671478748321533,0.24293171564737956,0.9929324388504028,0.5583273887634277,0.28682537078857423,0.8283682465553284,0.4272006034851074,0.27095190684000653,0.8693825602531433,0.601709508895874,0.4552823384602865,0.9873292446136475,0.36827208995819094,0.44318917592366536,0.9948294758796692,0.7430744171142578,0.44453004201253254,0.9177187085151672,0.25161399841308596,0.4727195739746094,0.9608898758888245,0.8164916038513184,0.34661006927490234,0.8643079996109009,0.15740654468536378,0.4207915306091309,0.9221504330635071,0.5682507991790772,0.9870118459065755,0.7795212864875793,0.4163022994995117,0.9770638147989908,0.8292867541313171,0.5877678871154786,1.0,0.015939678996801376,0.3938454627990723,0.9574464797973633,0.020012352615594864,0.65755615234375,1.0,0.0011722852941602468,0.5361986637115479,0.9547290166219076,0.0013940882636234164
squat,0.4952532768249512,0.2265631357828776,0.9972942471504211,0.5248966217041016,0.20449323654174806,0.9877082109451294,0.46827497482299807,0.19923985799153646,0.9940746426582336,0.5567936897277832,0.24974489212036133,0.7532145977020264,0.42803382873535156,0.23659753799438477,0.8990815281867981,0.5945070266723633,0.42186775207519533,0.9778591990470886,0.3708170175552368,0.4114826202392578,0.9939507246017456,0.7159631729125977,0.40648314158121746,0.8831573128700256,0.2761832237243652,0.44697316487630206,0.9653947949409485,0.8163302421569825,0.32446676890055337,0.8259581923484802,0.22277257442474366,0.3974241892496745,0.9312304854393005,0.5638054847717285,0.9631083170572917,0.8030772805213928,0.4107062339782715,0.9546168009440105,0.8712089657783508,0.5856276988983155,1.0,0.017250293865799904,0.36112284660339355,0.9804219563802083,0.02615143544971943,0.6644181251525879,1.0,0.00124439038336277,0.4784523963928223,0.9709308624267579,0.0016546548577025533
squat,0.49515671730041505,0.15854857762654623,0.9977425336837769,0.5245994567871094,0.13659337361653645,0.9886596202850342,0.46780033111572267,0.13017295201619467,0.9940502047538757,0.5585908889770508,0.18166834513346355,0.7803925275802612,0.43059372901916504,0.16919002532958985,0.8849923610687256,0.5975611209869385,0.35130055745442706,0.9867336750030518,0.38156182765960694,0.3480481783548991,0.9949126243591309,0.7181766510009766,0.3066213607788086,0.9335614442825317,0.28476049900054934,0.37582756678263346,0.9770862460136414,0.8118343353271484,0.20825777053833008,0.8943920731544495,0.2195751905441284,0.3077360153198242,0.9571362137794495,0.5518810749053955,0.9077443440755208,0.9284963607788086,0.4021431922912598,0.8970907847086589,0.9529954195022583,0.5768843173980713,1.0,0.03380853682756424,0.36285715103149413,1.0,0.04918568208813667,0.6145833015441895,1.0,0.0014491458423435688,0.4315011978149414,0.9879590352376302,0.0018718926003202796
squat,0.49887948036193847,0.12574160893758138,0.9979561567306519,0.5280358791351318,0.10619080861409505,0.9904390573501587,0.46973342895507814,0.09940605163574219,0.9933081865310669,0.5622067451477051,0.15577985445658366,0.8076918125152588,0.43071818351745605,0.14360588391621906,0.8646935224533081,0.6070276737213135,0.32051239013671873,0.9916149377822876,0.37482614517211915,0.31543232599894205,0.9947916269302368,0.7591767311096191,0.2294464906056722,0.9581925868988037,0.2304410457611084,0.30261513392130535,0.9725301861763,0.8649790763854981,0.09492692947387696,0.9265098571777344,0.15545270442962647,0.20783217748006186,0.9554100036621094,0.5579755783081055,0.8965775807698567,0.9473064541816711,0.4024529457092285,0.8869472503662109,0.9553805589675903,0.5778178691864013,1.0,0.04034196585416794,0.3765821933746338,0.9739150365193685,0.045830197632312775,0.5929484844207764,1.0,0.001665234100073576,0.4487581253051758,0.952694320678711,0.001797387609258294
squat,0.49767751693725587,0.08284899393717447,0.9977771639823914,0.5245418071746826,0.061726824442545576,0.9884122014045715,0.46650390625,0.05920956929524739,0.9948209524154663,0.5582321643829345,0.11085551579793294,0.7379062175750732,0.4279643058776855,0.11070696512858073,0.8800352811813354,0.6059456825256347,0.2838900566101074,0.9803179502487183,0.38917648792266846,0.2919406255086263,0.9930245876312256,0.7559890747070312,0.17237943013509113,0.8931092619895935,0.27339954376220704,0.282327143351237,0.9685898423194885,0.8548629760742188,0.01825688680013021,0.8447898030281067,0.18960716724395751,0.20444631576538086,0.9459173679351807,0.5537260055541993,0.8707103729248047,0.9270244240760803,0.40483660697937013,0.860271135965983,0.9550130367279053,0.5663368701934814,1.0,0.038474906235933304,0.36828911304473877,0.9891666412353516,0.0609353706240654,0.5867830753326416,1.0,0.0019818104337900877,0.42203664779663086,0.9551399230957032,0.002678477670997381
squat,0.4991485118865967,0.06953004201253256,0.9977293610572815,0.5278733730316162,0.045995934804280596,0.9880555272102356,0.46813020706176756,0.0415339469909668,0.9939272403717041,0.5590921401977539,0.09231831232706705,0.7127373218536377,0.4223583221435547,0.0850813070933024,0.8750237822532654,0.595928955078125,0.2725878397623698,0.985758900642395,0.3690467357635498,0.2665492375691732,0.995421826839447,0.7443618774414062,0.19260743459065754,0.9287990927696228,0.21693181991577148,0.22546780904134114,0.9762409329414368,0.8428895950317383,0.057100995381673174,0.8967057466506958,0.10459709167480469,0.08957026799519857,0.960128903388977,0.5499121665954589,0.8451450347900391,0.9673756957054138,0.40116395950317385,0.8383508046468099,0.9788114428520203,0.5505980014801025,1.0,0.08656458556652069,0.36827692985534666,0.9891976674397787,0.12171332538127899,0.5770341396331787,1.0,0.003763532266020775,0.44157114028930666,0.9974854787190756,0.004696827381849289
squat,0.4963413715362549,0.05277833938598633,0.9968787431716919,0.5239362239837646,0.033105087280273435,0.9868764877319336,0.4666027545928955,0.030176989237467446,0.9926573634147644,0.5570710182189942,0.0857323964436849,0.7610287070274353,0.42957186698913574,0.08454593022664388,0.8442443609237671,0.6056011199951172,0.25800930658976234,0.9760053753852844,0.38707313537597654,0.2746740976969401,0.9897565245628357,0.7468688011169433,0.1335547129313151,0.878882646560669,0.2755981683731079,0.25790626207987466,0.9514878392219543,0.8259750366210937,0.0,0.8154826760292053,0.19603750705718995,0.1528773307800293,0.9181210994720459,0.55843186378479,0.8426353454589843,0.9340885877609253,0.4092308521270752,0.8367013931274414,0.9554497599601746,0.5667812824249268,1.0,0.0457003191113472,0.3704687595367432,1.0,0.06472116708755493,0.5931253910064698,1.0,0.0020940008107572794,0.43509550094604493,0.9869890848795573,0.0026195913087576628
squat,0.4971881866455078,0.05077924728393555,0.9952054023742676,0.5255372047424316,0.03305206298828125,0.9847516417503357,0.4697279930114746,0.029856491088867187,0.9842671751976013,0.5556949615478516,0.08709332148234049,0.7849138379096985,0.4293512344360352,0.07990287144978842,0.7441737651824951,0.601040267944336,0.264570426940918,0.981107771396637,0.37003967761993406,0.24505961736043294,0.9901670217514038,0.743342113494873,0.19778741200764974,0.9278116822242737,0.21987786293029785,0.15517182350158693,0.9475339651107788,0.7760931968688964,0.06882413228352864,0.8964025974273682,0.11949741840362549,0.01845556894938151,0.9181962609291077,0.5601126670837402,0.8233910878499349,0.9681568741798401,0.41022348403930664,0.814349110921224,0.9727005958557129,0.5397407054901123,1.0,0.10408735275268555,0.3668175220489502,1.0,0.11314814537763596,0.587748384475708,1.0,0.004062905441969633,0.47607102394104006,1.0,0.004302782006561756
squat,0.49228630065917967,0.05307076772054036,0.9949160814285278,0.5208992004394531,0.03163274129231771,0.9854872226715088,0.46472692489624023,0.02917197545369466,0.9817472100257874,0.5542741775512695,0.08186763127644857,0.7906513214111328,0.42655229568481445,0.07593530019124349,0.7004481554031372,0.6064718246459961,0.2705317815144857,0.9767264127731323,0.37501485347747804,0.24167483647664387,0.9904000163078308,0.7273759841918945,0.2383193016052246,0.9027939438819885,0.2331092357635498,0.14514962832132974,0.9492568969726562,0.7349194049835205,0.13030274709065756,0.8792917728424072,0.14104187488555908,0.0,0.9194676876068115,0.5661327362060546,0.8276088078816731,0.9694885015487671,0.4166553020477295,0.8117643992106119,0.9769420027732849,0.5202184200286866,1.0,0.1429191529750824,0.3613120079040527,1.0,0.17789480090141296,0.5435338020324707,1.0,0.006514455191791058,0.45479588508605956,1.0,0.008024263195693493
squat,0.49530878067016604,0.05527292887369792,0.9953445792198181,0.5217013359069824,0.0325741449991862,0.9838749170303345,0.4661401271820068,0.03137976328531901,0.9832494258880615,0.552251148223877,0.08265301386515299,0.746619701385498,0.4257399559020996,0.08064039548238118,0.7366195321083069,0.6071354389190674,0.28055896759033205,0.978880763053894,0.37492835521698,0.2488737424214681,0.9922163486480713,0.7259422779083252,0.25763816833496095,0.9145714044570923,0.23369321823120118,0.1414292017618815,0.9640680551528931,0.7334966659545898,0.1478546937306722,0.9045027494430542,0.14537205696105956,0.0,0.9460643529891968,0.5631945133209229,0.8297693888346355,0.9678950309753418,0.4137869834899902,0.8127253850301107,0.977241039276123,0.5177856922149658,1.0,0.12980309128761292,0.3594013452529907,0.9994933446248372,0.17203134298324585,0.5315220832824707,1.0,0.005428881384432316,0.43731250762939455,1.0,0.0069936709478497505
squat,0.498797082901001,0.0582768440246582,0.9934331178665161,0.5256692409515381,0.04021046956380208,0.9803649187088013,0.4716784954071045,0.03691310882568359,0.973922848701477,0.5533546447753906,0.09313780466715495,0.7689709067344666,0.4311663150787354,0.084992249806722,0.6693167686462402,0.6005964279174805,0.2739508310953776,0.9857309460639954,0.3686413526535034,0.2465045928955078,0.986041247844696,0.7458133220672607,0.1949008305867513,0.9547508358955383,0.22846803665161133,0.12068688074747722,0.9294447898864746,0.7892938613891601,0.051665210723876955,0.9263553619384766,0.14581625461578368,0.0,0.8978263735771179,0.5597418785095215,0.8360722859700521,0.9759098887443542,0.41055684089660643,0.8251038233439127,0.971345067024231,0.5411029815673828,1.0,0.12735818326473236,0.3732538938522339,1.0,0.10506289452314377,0.5953842639923096,1.0,0.004593828693032265,0.49090123176574707,1.0,0.004024329595267773
squat,0.4965497016906738,0.05859495798746745,0.9945815205574036,0.5225440502166748,0.03413613637288412,0.983906090259552,0.4670135498046875,0.033342170715332034,0.9814655780792236,0.5531411647796631,0.08106498718261719,0.7438937425613403,0.4260525703430176,0.0783700942993164,0.728177011013031,0.6060218811035156,0.2828042984008789,0.9784168004989624,0.3708485126495361,0.24239447911580403,0.9882547855377197,0.7261627197265625,0.23618454933166505,0.9071936011314392,0.22739701271057128,0.11156252225240072,0.9342805743217468,0.7446052551269531,0.12274732589721679,0.8840510249137878,0.16884015798568724,0.0,0.9064658284187317,0.5619431018829346,0.8284970601399739,0.9703903198242188,0.41258721351623534,0.8095097859700521,0.9739367961883545,0.5171464443206787,1.0,0.15265482664108276,0.3643451690673828,1.0,0.16968296468257904,0.5446043968200683,1.0,0.007456030230969191,0.45325431823730467,1.0,0.008411259390413761
squat,0.4969668388366699,0.055057652791341144,0.9948633313179016,0.5226072311401367,0.03286870320638021,0.9863197207450867,0.4665834426879883,0.03403797149658203,0.9831386804580688,0.554175853729248,0.08434489568074545,0.7787364721298218,0.4270897388458252,0.08494672775268555,0.7462298274040222,0.6107445240020752,0.28518218994140626,0.9778004884719849,0.36924033164978026,0.23574177424112955,0.9875641465187073,0.7261902809143066,0.24489766756693523,0.8962700366973877,0.2154146194458008,0.09109989802042644,0.9234457612037659,0.7374004364013672,0.1268163522084554,0.874496340751648,0.17956736087799072,0.0,0.8941592574119568,0.5631482601165771,0.8273548126220703,0.9671729207038879,0.409780216217041,0.8062128067016602,0.9708122611045837,0.5083184242248535,1.0,0.1490311473608017,0.3554572820663452,0.9995491027832031,0.16340574622154236,0.5401291370391845,1.0,0.0075984373688697815,0.4506803035736084,1.0,0.0084648123010993
squat,0.4983407974243164,0.05577367146809896,0.9950376152992249,0.5241858005523682,0.03513336181640625,0.984789252281189,0.46892104148864744,0.03440933227539063,0.9834166765213013,0.5540034770965576,0.08714529673258463,0.7601105570793152,0.4282177448272705,0.0842880884806315,0.7600762844085693,0.6078644752502441,0.2800543467203776,0.9802123308181763,0.3717395782470703,0.23592796325683593,0.9909341335296631,0.7216759204864502,0.25233203570048013,0.9111562967300415,0.22473068237304689,0.10677596728006998,0.9490673542022705,0.7292461395263672,0.14715898831685384,0.8888344764709473,0.16742581129074097,0.0,0.9218101501464844,0.5628807544708252,0.8224969863891601,0.9714956879615784,0.41177000999450686,0.8027301788330078,0.976992130279541,0.5138553619384766,1.0,0.15242165327072144,0.3611196756362915,0.9960000356038411,0.1803954392671585,0.53614182472229,1.0,0.007059585768729448,0.45235538482666016,1.0,0.00838879868388176
squat,0.5038775444030762,0.06014868418375651,0.9935923218727112,0.5303693294525147,0.04013277689615886,0.980674147605896,0.4762923240661621,0.036477851867675784,0.9772836565971375,0.5577809333801269,0.08928856849670411,0.743889331817627,0.433581018447876,0.08035709063212076,0.6948545575141907,0.6031367301940918,0.2729874928792318,0.9833329916000366,0.3722547054290771,0.23979565302530925,0.9847074151039124,0.746489143371582,0.199172576268514,0.9417479634284973,0.2300924301147461,0.11641818682352702,0.9187986850738525,0.7787100791931152,0.0544462521870931,0.9101529717445374,0.15522656440734864,0.0,0.8863089084625244,0.5592929363250733,0.8329713185628255,0.9734286665916443,0.4101978302001953,0.8185247421264649,0.9695215821266174,0.5387181282043457,1.0,0.1259373277425766,0.3726102590560913,1.0,0.10741665214300156,0.5862759113311767,1.0,0.005107192788273096,0.4803765296936035,1.0,0.004568722099065781
squat,0.5060342311859131,0.058736928304036456,0.9903329014778137,0.5325253486633301,0.03719189961751302,0.9658632278442383,0.47857131958007815,0.03361021677652995,0.966378927230835,0.5597038269042969,0.08496700922648112,0.6350857615470886,0.4347010612487793,0.07632498741149903,0.6404922008514404,0.6024127006530762,0.27029733657836913,0.9767518043518066,0.3765415668487549,0.24128098487854005,0.9837632179260254,0.7493961811065674,0.21047428448994954,0.9361943006515503,0.23784632682800294,0.14051839510599773,0.9376678466796875,0.7833428382873535,0.06782503128051758,0.9166983962059021,0.15401909351348878,0.0,0.9181731343269348,0.5571313858032226,0.8333973566691081,0.9743938446044922,0.41046667098999023,0.8204683939615885,0.974573016166687,0.5315164566040039,1.0,0.13367998600006104,0.36931495666503905,1.0,0.13051830232143402,0.5696782112121582,1.0,0.005281170830130577,0.4649008274078369,1.0,0.005125868134200573
squat,0.5071215629577637,0.06671028137207032,0.9972845315933228,0.5368385314941406,0.03990240097045898,0.9878637194633484,0.47839813232421874,0.03367172876993815,0.9935708045959473,0.5696163654327393,0.08148797353108723,0.709047794342041,0.4365105152130127,0.06980851491292318,0.8441386818885803,0.6040611743927002,0.2678097724914551,0.9749588370323181,0.391735577583313,0.2671741167704264,0.9867991805076599,0.7573325157165527,0.15537551244099934,0.8795002102851868,0.281808876991272,0.24791882832845052,0.936619758605957,0.8394906044006347,4.5680999755859374e-05,0.8390294313430786,0.22265284061431884,0.1612287203470866,0.9144681096076965,0.5542163372039794,0.8608531316121419,0.9253403544425964,0.40923409461975097,0.8512154897054036,0.94270259141922,0.5629776954650879,1.0,0.04701042175292969,0.3742762327194214,1.0,0.060263555496931076,0.5882609844207763,1.0,0.002568220952525735,0.43381752967834475,0.9978721618652344,0.0029268027283251286
squat,0.5088720798492432,0.08978907267252605,0.9970905780792236,0.5406471729278565,0.06270023981730143,0.9867293834686279,0.48027448654174804,0.05253620147705078,0.9935851693153381,0.5741315841674804,0.10417439142862955,0.6944791674613953,0.43593769073486327,0.0821335474650065,0.8736622333526611,0.596538496017456,0.29146143595377605,0.9771643280982971,0.38884634971618653,0.2704484303792318,0.9911728501319885,0.6980926513671875,0.26205347379048666,0.8803689479827881,0.2897270917892456,0.28233235677083335,0.9554703235626221,0.7766482353210449,0.18036947250366211,0.8351702094078064,0.23365871906280516,0.21642271677652994,0.9308356642723083,0.5568878173828125,0.8515308380126954,0.9415172338485718,0.41369152069091797,0.8371529261271159,0.960817813873291,0.5788526058197021,1.0,0.07256520539522171,0.38353681564331055,0.9814039866129557,0.1008673757314682,0.6060070037841797,1.0,0.004820341244339943,0.440994119644165,0.9601262410481771,0.006045427639037371
squat,0.5035439968109131,0.12911866505940756,0.9933779835700989,0.5334527969360352,0.10462996164957682,0.9833933711051941,0.47747602462768557,0.09826749165852865,0.9860678315162659,0.569669532775879,0.14058570861816405,0.818333625793457,0.44231476783752444,0.12740008036295572,0.7988847494125366,0.6140120506286622,0.3178741772969564,0.968204915523529,0.388229513168335,0.2945813496907552,0.9803983569145203,0.7048126220703125,0.35140314102172854,0.7799530029296875,0.29620373249053955,0.33631038665771484,0.8491002917289734,0.7263659954071044,0.2970306714375814,0.6232256293296814,0.25491676330566404,0.2888660430908203,0.7161716222763062,0.5649956703186035,0.8960409800211588,0.8228800296783447,0.4135842800140381,0.8766520182291667,0.8502014875411987,0.5872610569000244,1.0,0.021683456376194954,0.4124629974365234,1.0,0.024504343047738075,0.6318771839141846,1.0,0.0016635417705401778,0.5297411441802978,0.9618689219156901,0.0018970102537423372
squat,0.4939185619354248,0.19211597442626954,0.9898858070373535,0.5197433948516845,0.163423220316569,0.9758695960044861,0.46921205520629883,0.16205978393554688,0.97920161485672,0.5539414882659912,0.18893814086914062,0.8436238765716553,0.4394853591918945,0.18646612167358398,0.8138874173164368,0.6218138694763183,0.38945280710856117,0.9774812459945679,0.3719294786453247,0.35909404754638674,0.9859297871589661,0.697587537765503,0.5247005144755046,0.7103854417800903,0.26805992126464845,0.46387011210123696,0.8076622486114502,0.7205092430114746,0.45551338195800783,0.44269537925720215,0.21817367076873778,0.41504103342692056,0.549675464630127,0.5605287551879883,0.918910535176595,0.7219709753990173,0.4061532974243164,0.8943007151285808,0.7683261632919312,0.5494476318359375,1.0,0.03476342931389809,0.40981545448303225,0.9654846827189127,0.039645321667194366,0.6082613945007325,1.0,0.003925078548491001,0.5620797157287598,0.8933855056762695,0.0047012921422719955
squat,0.49222283363342284,0.29249871571858727,0.9931010007858276,0.5236282825469971,0.25613657633463544,0.9785142540931702,0.46673922538757323,0.25360323588053385,0.9809864163398743,0.5599393844604492,0.2728717803955078,0.8159166574478149,0.42830605506896974,0.2661769231160482,0.811832070350647,0.6249254226684571,0.47604096730550133,0.9797893762588501,0.3425464153289795,0.47509082158406574,0.9950016140937805,0.6875045776367188,0.6900276184082031,0.7296395897865295,0.230047607421875,0.7052440007527669,0.8940315842628479,0.7068503379821778,0.6442567189534505,0.5202623009681702,0.12139308452606201,0.7101586659749349,0.6749042868614197,0.578035545349121,0.9936845143636067,0.3680480718612671,0.4078643321990967,0.984161376953125,0.49450093507766724,0.5429342269897461,1.0,0.006449413485825062,0.36603970527648927,0.9146030426025391,0.008666344918310642,0.6241000652313232,1.0,0.0007260006386786699,0.5592683315277099,0.9149625778198243,0.0009610394481569529
squat,0.48583617210388186,0.39111591974894205,0.9915784597396851,0.5140701293945312,0.3522941589355469,0.9717440605163574,0.46081252098083497,0.35385087331136067,0.9709368348121643,0.5543587684631348,0.3616081555684408,0.796585738658905,0.4282984733581543,0.3654210408528646,0.6964166760444641,0.6230663776397705,0.5629800796508789,0.9705632328987122,0.35817077159881594,0.5463732401529948,0.9939833283424377,0.6896261215209961,0.7576327641805013,0.7898180484771729,0.21617774963378905,0.6958576838175455,0.9501398205757141,0.7127020835876465,0.8215939203898112,0.6786960959434509,0.07948734760284423,0.7106864929199219,0.8731686472892761,0.5609603881835937,1.0,0.32945480942726135,0.3968348026275635,1.0,0.5034531354904175,0.5265618324279785,0.9912636439005534,0.005357502028346062,0.32318916320800783,0.8997758865356446,0.008975337259471416,0.5889915466308594,1.0,0.0006598428008146584,0.45505218505859374,0.9086418787638346,0.0009913390967994928
squat,0.4790349006652832,0.4699114799499512,0.9909023642539978,0.5153390884399414,0.4354696273803711,0.975375771522522,0.45665860176086426,0.43064606984456383,0.9698072671890259,0.5653500556945801,0.4595582326253255,0.8308600187301636,0.4243794918060303,0.4469337463378906,0.6480368971824646,0.6371922492980957,0.6424191157023112,0.9631117582321167,0.3467125654220581,0.6336678187052409,0.9918584227561951,0.7269748210906982,0.7877215067545573,0.670351505279541,0.19932899475097657,0.7870883941650391,0.9029170870780945,0.7284045219421387,0.7660240809122721,0.5611404180526733,0.0581984281539917,0.8999771118164063,0.7106425762176514,0.5668618202209472,1.0,0.20568779110908508,0.39099578857421874,1.0,0.3326350152492523,0.5024821281433105,0.9912013371785482,0.003941456787288189,0.29511969089508056,0.9152812957763672,0.006077836267650127,0.5463413715362548,1.0,0.0006330795586109161,0.45189609527587893,0.9442824045817058,0.0009056332637555897
squat,0.47644882202148436,0.5694819768269856,0.9867886900901794,0.5082056522369385,0.5290387471516927,0.9795119762420654,0.4500694274902344,0.5287239710489909,0.9681612253189087,0.5578509330749511,0.544320805867513,0.8572387099266052,0.4187323570251465,0.5422529220581055,0.7231239080429077,0.633915901184082,0.742646853129069,0.9129762053489685,0.33471293449401857,0.7463800430297851,0.9758030772209167,0.6895199775695801,0.8699704488118489,0.27215906977653503,0.17496829032897948,0.9094866434733073,0.5653437972068787,0.7006930351257324,0.8379133860270183,0.28185799717903137,0.1694805860519409,0.8809946695963542,0.4498671591281891,0.5419583320617676,1.0,0.03620357811450958,0.378835391998291,1.0,0.05987163633108139,0.39321393966674806,0.9071494420369466,0.005491714458912611,0.2653745174407959,0.835390853881836,0.007729124743491411,0.3143444299697876,0.9965005238850911,0.0024748046416789293,0.3728968381881714,0.8773038864135743,0.0032248578500002623
squat,0.47821898460388185,0.6517657597859701,0.990196168422699,0.5131394386291503,0.6126416524251302,0.9838529825210571,0.45096073150634763,0.6095266342163086,0.9772710204124451,0.5628383159637451,0.6250883738199869,0.880476176738739,0.4144087791442871,0.6151199340820312,0.7982561588287354,0.6250897407531738,0.7897391001383464,0.9647621512413025,0.3441621780395508,0.7942703247070313,0.9778501987457275,0.7488308906555176,0.8998093922932943,0.5076253414154053,0.22048590183258057,0.9348272959391276,0.5968901515007019,0.7999342918395996,0.9143390019734701,0.4671834111213684,0.21599719524383545,0.932914670308431,0.5232957005500793,0.56337890625,1.0,0.07752981036901474,0.4127993106842041,1.0,0.08699383586645126,0.5136095523834229,0.9288617451985677,0.009468242526054382,0.42194294929504395,0.9026684443155925,0.011118798516690731,0.45927915573120115,0.976727040608724,0.003954701125621796,0.5616522312164307,0.9270650227864583,0.004569242242723703
squat,0.4818743705749512,0.716201655069987,0.990603506565094,0.5153170585632324,0.6765125910441081,0.9845575094223022,0.4509331703186035,0.6732549031575521,0.9855968356132507,0.5598200798034668,0.6882694880167644,0.8564057350158691,0.40764775276184084,0.6816958109537761,0.8521391153335571,0.630576229095459,0.8479009628295898,0.9323546290397644,0.34822664260864256,0.8565806706746419,0.9789238572120667,0.7277703285217285,0.9512645721435546,0.21764293313026428,0.23023757934570313,0.9777058919270833,0.5129663944244385,0.7136979103088379,0.9544949849446615,0.1582333892583847,0.15069215297698973,0.994581921895345,0.3129022419452667,0.5774367332458497,1.0,0.0298207625746727,0.4272924900054932,1.0,0.04833977669477463,0.5192253112792968,0.9533130645751953,0.004294856917113066,0.4210453987121582,0.8923985163370768,0.00707446550950408,0.45563631057739257,0.9792699813842773,0.002433782210573554,0.5464568614959717,0.885226821899414,0.0037990801502019167
squat,0.47850489616394043,0.7594414393107096,0.986427366733551,0.5121088981628418,0.7154871622721354,0.9841810464859009,0.4471139907836914,0.7128378550211588,0.9813939332962036,0.5584530353546142,0.7242115020751954,0.8579472899436951,0.40373897552490234,0.7190254211425782,0.801244854927063,0.6273282051086426,0.9005447387695312,0.889803946018219,0.3489843845367432,0.9010732650756836,0.9449717998504639,0.714964771270752,0.9844224929809571,0.1299884021282196,0.2414766788482666,0.9901496251424153,0.25790199637413025,0.6819983959197998,0.9716869354248047,0.1053830161690712,0.19552309513092042,0.9982096989949544,0.16694636642932892,0.5716446876525879,1.0,0.018214020878076553,0.42626152038574217,1.0,0.024756092578172684,0.507914924621582,0.9684453328450521,0.004154118709266186,0.41788516044616697,0.905233891805013,0.005737616214901209,0.45548052787780763,0.9629974365234375,0.0033355941995978355,0.541317081451416,0.867112414042155,0.0046015516854822636
squat,0.4717535495758057,0.7742345809936524,0.9857338666915894,0.5057277202606201,0.7351149876912435,0.9832659959793091,0.4405949592590332,0.7318248748779297,0.9839380383491516,0.5513768196105957,0.7566919962565104,0.8499372005462646,0.3982485055923462,0.7496299107869466,0.8340330123901367,0.623212194442749,0.9275707244873047,0.8403768539428711,0.34535329341888427,0.9230734507242838,0.9331166744232178,0.7336969375610352,0.9847843170166015,0.08913090080022812,0.2383862018585205,0.9801556269327799,0.25399819016456604,0.72634916305542,0.9806706110636393,0.0808163732290268,0.18785808086395264,0.9936187108357747,0.1737302839756012,0.5715188980102539,1.0,0.016373876482248306,0.4239031314849854,1.0,0.025556981563568115,0.5286007404327393,0.9781476974487304,0.004374404437839985,0.4191610813140869,0.922709592183431,0.007301585283130407,0.485209321975708,0.9773278554280599,0.00423318101093173,0.5372140884399415,0.8999961853027344,0.006560005713254213
squat,0.470976448059082,0.7630615234375,0.9810540676116943,0.5054293632507324,0.7221593221028646,0.9824381470680237,0.4400693416595459,0.7179701487223308,0.974626362323761,0.548870038986206,0.7379107157389323,0.8937152624130249,0.3955614328384399,0.7290162404378255,0.7867254018783569,0.6252462863922119,0.909000015258789,0.8923265337944031,0.33411693572998047,0.9063854217529297,0.9259375333786011,0.7402256011962891,0.9864651362101237,0.12560012936592102,0.218215274810791,0.9908852259318034,0.16806533932685852,0.7150574684143066,0.971456782023112,0.09322863817214966,0.16610076427459716,0.9966763814290365,0.10882782191038132,0.5700142860412598,1.0,0.02685660310089588,0.41929020881652834,1.0,0.030699728056788445,0.4975686550140381,1.0,0.008085048757493496,0.41362996101379396,0.9504391988118489,0.009194953367114067,0.44986767768859864,1.0,0.007093025371432304,0.5563373565673828,0.9168949762980143,0.008499926887452602
squat,0.46318421363830564,0.7130045572916667,0.9897741079330444,0.4983128547668457,0.6786425908406576,0.9851605892181396,0.43511152267456055,0.6723432540893555,0.9833952188491821,0.5442351341247559,0.699160385131836,0.8805891275405884,0.39455676078796387,0.6849845250447592,0.8149959444999695,0.6160351753234863,0.8589073181152344,0.9402357935905457,0.33078527450561523,0.847128168741862,0.9715459942817688,0.7257760047912598,0.9721495946248372,0.2561483085155487,0.2105011224746704,0.9538291931152344,0.4712724983692169,0.7074695110321045,0.9425673802693685,0.18646350502967834,0.1393118143081665,0.9680999120076498,0.28846150636672974,0.5564504146575928,1.0,0.036608628928661346,0.3996626377105713,1.0,0.05096578225493431,0.52322998046875,0.9683467864990234,0.004379861522465944,0.3991058349609375,0.9090780893961589,0.00631771981716156,0.4849852561950684,0.9827496210734049,0.0023826530668884516,0.5353043556213379,0.9020658493041992,0.0033238872420042753
squat,0.4605386734008789,0.6493621190388997,0.9879264831542969,0.49328298568725587,0.611815071105957,0.9816811680793762,0.43571763038635253,0.6091850280761719,0.976219892501831,0.5369483470916748,0.6235991795857747,0.8825961947441101,0.39910402297973635,0.6155247370402018,0.7762646079063416,0.6187869071960449,0.8062780380249024,0.9489902853965759,0.30811071395874023,0.7902888615926107,0.9704989790916443,0.7152048110961914,0.9565067927042643,0.34468188881874084,0.1760509967803955,0.9192237854003906,0.4778785705566406,0.6813475608825683,0.9277528127034506,0.2841113805770874,0.14134323596954346,0.9100593566894531,0.3460310399532318,0.5344678878784179,1.0,0.04049791395664215,0.35990376472473146,1.0,0.050623100250959396,0.48917016983032224,0.9356470743815104,0.005169020500034094,0.3223417282104492,0.8700745900472006,0.006170331034809351,0.4885415554046631,0.9906742095947265,0.0025942320935428143,0.48436412811279295,0.8987040201822917,0.003104402218014002
squat,0.4595358848571777,0.5568997701009114,0.986049473285675,0.490538501739502,0.5207382202148437,0.9734660387039185,0.43407211303710935,0.52269287109375,0.9727307558059692,0.5334969997406006,0.5394311269124349,0.8538045883178711,0.4010161399841309,0.5406944274902343,0.8047080039978027,0.6076028347015381,0.7342521031697591,0.9425426721572876,0.3116184711456299,0.7204242706298828,0.9832157492637634,0.6727906227111816,0.8933400472005208,0.3517133295536041,0.17352514266967772,0.851890754699707,0.6528096795082092,0.6718040943145752,0.8737594604492187,0.27981314063072205,0.1388237714767456,0.810373051961263,0.4754445254802704,0.5280189514160156,1.0,0.05875391140580177,0.363069748878479,1.0,0.09665750712156296,0.45171313285827636,0.9320640563964844,0.006130187772214413,0.31743931770324707,0.855641237894694,0.00887543149292469,0.480012035369873,0.9898703257242839,0.002582186134532094,0.5097562789916992,0.868075180053711,0.0035023451782763004
squat,0.46664819717407224,0.47527284622192384,0.9876033663749695,0.4988820552825928,0.4390515009562174,0.9740056395530701,0.44159436225891113,0.43738222122192383,0.9727585911750793,0.5387018203735352,0.45399239857991536,0.8369620442390442,0.4038244724273682,0.4460290908813477,0.8157891631126404,0.6026857852935791,0.6332484563191731,0.9675964117050171,0.30702369213104247,0.631704584757487,0.9860619902610779,0.6884639739990235,0.7656654357910156,0.6174018383026123,0.18451602458953859,0.7733099619547527,0.7298051714897156,0.7162956714630127,0.8000343958536784,0.42693957686424255,0.15768117904663087,0.7491165161132812,0.5264233350753784,0.5451593399047852,1.0,0.17221905291080475,0.3740991115570068,1.0,0.20662227272987366,0.5225039958953858,0.9553037643432617,0.006606058217585087,0.35597996711730956,0.8823819478352865,0.007383390329778194,0.5714828491210937,1.0,0.0015886372420936823,0.5602104187011718,0.8829301198323568,0.0018252696609124541
squat,0.46823883056640625,0.3900896072387695,0.9888617396354675,0.4974801063537598,0.35498663584391277,0.9768064618110657,0.4425759792327881,0.35404510498046876,0.972588062286377,0.5324699401855468,0.36962846120198567,0.8684683442115784,0.4036402702331543,0.36604274113972984,0.7885035872459412,0.6086380004882812,0.5641542434692383,0.9777914881706238,0.31988651752471925,0.5498315811157226,0.9888429641723633,0.677274513244629,0.7556425730387369,0.6810885667800903,0.22405991554260254,0.6957850138346354,0.7754331827163696,0.6620609283447265,0.856792132059733,0.4016282260417938,0.16429991722106935,0.6525597254435221,0.5224111676216125,0.555317497253418,1.0,0.32567688822746277,0.38380093574523927,0.998391850789388,0.38467302918434143,0.5186286926269531,1.0,0.007709766738116741,0.34552888870239257,0.9302007675170898,0.008494080975651741,0.5820016384124755,1.0,0.0012694624019786716,0.543429183959961,0.9143566767374675,0.001470218296162784
squat,0.4684267997741699,0.3021613438924154,0.9937145113945007,0.49709696769714357,0.2650052388509115,0.981090247631073,0.4417423725128174,0.263452402750651,0.9872177243232727,0.5334006309509277,0.27689552307128906,0.8344743847846985,0.40424175262451173,0.27256952921549477,0.8877691626548767,0.6060564041137695,0.4821958541870117,0.9706423878669739,0.32060627937316893,0.46900898615519204,0.9954320192337036,0.6902721405029297,0.59037659962972,0.6586398482322693,0.18599658012390136,0.5695550918579102,0.9255805611610413,0.7083322525024414,0.6147420883178711,0.46993935108184814,0.1258692264556885,0.5521352132161458,0.7849442362785339,0.5678319454193115,1.0,0.4943462014198303,0.39679789543151855,0.9896992365519206,0.6825157403945923,0.5327057838439941,1.0,0.0073424894362688065,0.3611303329467773,0.979010009765625,0.013082482852041721,0.601210355758667,1.0,0.0007952307933010161,0.550018310546875,0.9311016082763672,0.0012912657111883163
squat,0.47354736328125,0.22061068216959637,0.9913821816444397,0.49867539405822753,0.18250433603922525,0.9656428694725037,0.4470499515533447,0.18303413391113282,0.9761383533477783,0.5300350666046143,0.19620656967163086,0.7035695910453796,0.40782508850097654,0.1962478001912435,0.7833009362220764,0.599026870727539,0.4174385070800781,0.9593003988265991,0.3353410005569458,0.3837093989054362,0.9951300621032715,0.6898375034332276,0.5098098754882813,0.7581290006637573,0.16568224430084227,0.41487836837768555,0.962191104888916,0.6842716217041016,0.5326942761739095,0.6725882291793823,0.044437623023986815,0.4498970667521159,0.9085584282875061,0.5714091300964356,0.9604994455973307,0.7532979249954224,0.4110224723815918,0.9371517817179362,0.8864058256149292,0.5119196891784668,1.0,0.015120470896363258,0.34929215908050537,1.0,0.02983047068119049,0.5921839714050293,1.0,0.0009161631460301578,0.49730691909790037,0.9974206288655599,0.0015812877099961042
squat,0.47909011840820315,0.1518776257832845,0.9945304989814758,0.5060070037841797,0.11209659576416016,0.9812659621238708,0.4494295597076416,0.1118146578470866,0.980746328830719,0.5400372505187988,0.13102413813273112,0.7670816779136658,0.4063431739807129,0.13289801279703775,0.7377114295959473,0.6010044574737549,0.35416094462076825,0.9775315523147583,0.34362139701843264,0.3336633682250977,0.9941174983978271,0.6918554782867432,0.3965519269307454,0.8656340837478638,0.16220930814743043,0.35817410151163737,0.9521571397781372,0.6665916919708252,0.30615755716959636,0.8386737704277039,0.04910581111907959,0.3373582204182943,0.9244040250778198,0.5723124504089355,0.8821372985839844,0.9030644297599792,0.4136646270751953,0.8649181365966797,0.9417642951011658,0.5213955879211426,1.0,0.0511961355805397,0.35539209842681885,0.9777008056640625,0.07054838538169861,0.5728188514709472,1.0,0.002844118280336261,0.46399621963500975,0.9654486974080404,0.003736809827387333
squat,0.47762446403503417,0.07435169219970703,0.9882434010505676,0.507300615310669,0.04861895243326823,0.9552631378173828,0.45048370361328127,0.04337501525878906,0.9597774147987366,0.5395845413208008,0.09405434926350911,0.6722794771194458,0.40694689750671387,0.08389809926350912,0.6476338505744934,0.5966540336608886,0.2927928606669108,0.9701031446456909,0.3444023370742798,0.28085126876831057,0.9930926561355591,0.7135141849517822,0.32142626444498695,0.8888216614723206,0.20048942565917968,0.31494827270507814,0.9664978384971619,0.7056344985961914,0.24110074043273927,0.8497300148010254,0.06673915386199951,0.2685295422871908,0.9354409575462341,0.5701380252838135,0.8500235239664714,0.951335608959198,0.40837717056274414,0.8363885243733724,0.9723913073539734,0.5350346565246582,1.0,0.08287324011325836,0.35280086994171145,0.9902457555135091,0.12378737330436707,0.5771440982818603,1.0,0.003686257405206561,0.4706443786621094,0.999917475382487,0.00513854343444109
squat,0.4762438774108887,0.05318889617919922,0.9906028509140015,0.5064915180206299,0.026114400227864584,0.9735670685768127,0.44646334648132324,0.026342487335205077,0.9692291021347046,0.5433569431304932,0.07266044616699219,0.7626738548278809,0.405061149597168,0.07448094685872396,0.6428037285804749,0.6039474487304688,0.2668246587117513,0.9620885848999023,0.34981915950775144,0.26833359400431317,0.9897543787956238,0.7237367630004883,0.2745973587036133,0.8387547731399536,0.20444247722625733,0.28803462982177735,0.936436653137207,0.7291589736938476,0.20787760416666667,0.7712202072143555,0.09145956039428711,0.2366533915201823,0.8774992823600769,0.5810367107391358,0.8394039154052735,0.935177743434906,0.4170386791229248,0.8325754801432291,0.9597289562225342,0.5334297180175781,1.0,0.06864576041698456,0.35307769775390624,1.0,0.09591151028871536,0.5878657341003418,1.0,0.0035231756046414375,0.4815394401550293,1.0,0.004637932404875755
squat,0.4783949375152588,0.04308522542317708,0.9964141249656677,0.5055415153503418,0.02383584976196289,0.9863654375076294,0.44873685836791993,0.02158816655476888,0.9885419607162476,0.538140058517456,0.07921342849731446,0.7901849150657654,0.41074185371398925,0.07672529220581055,0.8062610626220703,0.586527156829834,0.26186532974243165,0.9863983988761902,0.35626974105834963,0.26215214729309083,0.99277663230896,0.7287590980529786,0.21122616132100422,0.9391123652458191,0.19905695915222169,0.275815486907959,0.9570770263671875,0.8627870559692383,0.09537928899129232,0.8626048564910889,0.07613935470581054,0.2032899220784505,0.9081884622573853,0.5545522689819335,0.8496704737345377,0.9437383413314819,0.4013491630554199,0.8439949035644532,0.9532047510147095,0.5539110183715821,1.0,0.03239135444164276,0.35578231811523436,1.0,0.034794893115758896,0.6187011241912842,1.0,0.0010785629274323583,0.44875688552856446,0.9575453440348307,0.0011319671757519245
squat,0.4800076484680176,0.045366923014322914,0.9969156980514526,0.5067035675048828,0.028252220153808592,0.988565981388092,0.45021963119506836,0.02580916086832682,0.9907150268554688,0.5382352828979492,0.08693052927652994,0.8000932931900024,0.4118340015411377,0.08393147786458334,0.8279220461845398,0.5865724563598633,0.2697263399759928,0.9850687384605408,0.3565316915512085,0.26690295537312825,0.9918799996376038,0.7250556945800781,0.20143070220947265,0.931842029094696,0.2028651237487793,0.26121959686279295,0.9506834149360657,0.8497159004211425,0.07317390441894531,0.8604879379272461,0.09273736476898194,0.18545207977294922,0.9064604640007019,0.5554312705993653,0.847340202331543,0.9324305057525635,0.4020373821258545,0.8405359903971354,0.9434053897857666,0.5543917655944824,1.0,0.02902539260685444,0.3522209167480469,1.0,0.03102346509695053,0.6192804336547851,1.0,0.0009787677554413676,0.44341487884521485,0.9679625829060873,0.0010193604975938797
squat,0.48162012100219725,0.050179672241210935,0.9973008036613464,0.5065142631530761,0.03139438629150391,0.9890217781066895,0.45034942626953123,0.031313451131184895,0.992925763130188,0.5368763446807862,0.08681875864664713,0.7770362496376038,0.41074366569519044,0.08968118031819662,0.8642550110816956,0.5872785091400147,0.27257808049519855,0.9832864999771118,0.3554588079452515,0.2679997444152832,0.9924421310424805,0.725707721710205,0.19690823554992676,0.9138267636299133,0.1944812059402466,0.24420426686604818,0.9522911310195923,0.8458730697631835,0.05150032043457031,0.8357066512107849,0.08584527969360352,0.16099573771158854,0.9104764461517334,0.5527576446533203,0.8438145955403645,0.9282840490341187,0.399363374710083,0.8367932637532552,0.9455682635307312,0.5549616336822509,1.0,0.03081544116139412,0.3570897579193115,1.0,0.03675936907529831,0.6198114395141602,1.0,0.0010774563997983932,0.44204258918762207,0.9784692128499349,0.001206829329021275
squat,0.4813532829284668,0.051912943522135414,0.9971430897712708,0.5070012092590332,0.03341862360636393,0.9875484704971313,0.45091977119445803,0.03282848993937174,0.993493378162384,0.5375238418579101,0.08792813618977864,0.7553218007087708,0.4118603229522705,0.08991724650065104,0.874975323677063,0.5893335342407227,0.2699288368225098,0.9767026305198669,0.3577283382415771,0.26924492518107096,0.9930946826934814,0.728890323638916,0.18806257247924804,0.8736286163330078,0.2057483434677124,0.23772239685058594,0.9595752954483032,0.8347118377685547,0.048488616943359375,0.7845146656036377,0.08580787181854248,0.13956260681152344,0.9163895845413208,0.5505367279052734,0.8475215911865235,0.918083131313324,0.39683530330657957,0.8397836049397787,0.9497439861297607,0.5507328510284424,1.0,0.031485557556152344,0.3510610103607178,1.0,0.04676489159464836,0.6123560905456543,1.0,0.0012937505962327123,0.4407710075378418,0.9834395090738932,0.001697092899121344
squat,0.4821614742279053,0.055351638793945314,0.9970435500144958,0.5080541133880615,0.03624935150146484,0.9876276254653931,0.45205011367797854,0.03500553766886393,0.992952287197113,0.5389207363128662,0.08929119110107422,0.7618305087089539,0.4133618354797363,0.08992722829182943,0.8619531989097595,0.5896647930145263,0.2714745839436849,0.9775320291519165,0.35982522964477537,0.2699030876159668,0.9923514723777771,0.7287533760070801,0.1879071553548177,0.8843697309494019,0.21212213039398192,0.23842929204305013,0.9567382335662842,0.8364590644836426,0.04595944086710612,0.7996941208839417,0.09226138591766357,0.13973496754964193,0.9133941531181335,0.5504232406616211,0.8497224807739258,0.9236398339271545,0.3971518278121948,0.8412940979003907,0.9500701427459717,0.5565094470977783,1.0,0.033788200467824936,0.3523547887802124,1.0,0.04748100787401199,0.6185157299041748,1.0,0.00137709965929389,0.43793840408325196,0.988315200805664,0.0017440029187127948
squat,0.4826508522033691,0.05507106781005859,0.9969111084938049,0.508796215057373,0.03593031565348307,0.9878854751586914,0.45254201889038087,0.035508378346761064,0.9926914572715759,0.5401867389678955,0.08971665700276693,0.7756930589675903,0.4144101619720459,0.09204222361246744,0.853982150554657,0.5931654930114746,0.2720272699991862,0.9755401015281677,0.36079142093658445,0.27268028259277344,0.9917662739753723,0.7344581604003906,0.18725527127583821,0.8749156594276428,0.21034159660339355,0.23690020243326823,0.9532223343849182,0.8312307357788086,0.04790983200073242,0.7926329970359802,0.09382038116455078,0.1373579978942871,0.9088435769081116,0.5538726806640625,0.8478076934814454,0.9215796589851379,0.3989675045013428,0.8405993143717448,0.9491167664527893,0.5551001071929932,1.0,0.0350009985268116,0.3483396291732788,1.0,0.04932529106736183,0.6185800075531006,1.0,0.001491704722866416,0.43648219108581543,0.992974599202474,0.0018857500981539488
squat,0.48241710662841797,0.05189657211303711,0.9970420002937317,0.509850025177002,0.03389695485432943,0.9888888001441956,0.4521365165710449,0.031751187642415364,0.9931675791740417,0.5421371936798096,0.09064248402913412,0.7862153649330139,0.41297082901000975,0.08880910873413086,0.8589600324630737,0.5932785034179687,0.2730542182922363,0.974973738193512,0.3573115587234497,0.2699798901875814,0.9913570880889893,0.7329620361328125,0.18129191398620606,0.866775631904602,0.20478150844573975,0.231919527053833,0.947255551815033,0.8296858787536621,0.0319146474202474,0.77565598487854,0.09028918743133545,0.13583653767903645,0.8978862166404724,0.5562084197998047,0.848687744140625,0.9143007397651672,0.39916286468505857,0.8402856190999349,0.9432846903800964,0.5594435691833496,1.0,0.032040808349847794,0.3501084089279175,1.0,0.04435066506266594,0.621458911895752,1.0,0.0013921207282692194,0.44276084899902346,0.990820566813151,0.0017408428248018026
squat,0.48265442848205564,0.04869302113850912,0.9969850182533264,0.5097651958465577,0.030594603220621745,0.9884912967681885,0.45215158462524413,0.029371261596679688,0.9932077527046204,0.5421265125274658,0.08743203481038411,0.7765396237373352,0.413605785369873,0.08719762166341145,0.8631531000137329,0.5934395790100098,0.2699066162109375,0.9733640551567078,0.3577024221420288,0.26678892771402996,0.9912610650062561,0.7340782165527344,0.17380448977152507,0.8583540916442871,0.20331025123596191,0.22889884312947592,0.946525514125824,0.8408430099487305,0.018797874450683594,0.7621892690658569,0.09400429725646972,0.13879079818725587,0.8954296708106995,0.5558781623840332,0.8491012573242187,0.9113580584526062,0.3991850852966309,0.8409039815266927,0.9425646066665649,0.5540844917297363,1.0,0.030726097524166107,0.3474888801574707,1.0,0.0434986874461174,0.620272445678711,1.0,0.0013283808948472142,0.4420457363128662,0.9951314290364583,0.00168130814563483
squat,0.483746337890625,0.05199381510416667,0.9972659349441528,0.5118772506713867,0.03203309377034505,0.9897966980934143,0.4532444953918457,0.030490334828694662,0.9939026832580566,0.5451195240020752,0.08507792154947917,0.7878579497337341,0.41335196495056153,0.0839662233988444,0.862838625907898,0.5945513725280762,0.2672784169514974,0.9735752940177917,0.3596836566925049,0.2638935724894206,0.9914360642433167,0.7406630516052246,0.18366840680440266,0.8463307023048401,0.20200858116149903,0.23355043729146321,0.9427871704101562,0.8367862701416016,0.04021234512329101,0.7492856979370117,0.08562266826629639,0.15115124384562176,0.888694167137146,0.5551115512847901,0.853564198811849,0.9064472317695618,0.3996860980987549,0.8450639088948567,0.9396858215332031,0.5483322620391846,1.0,0.03410617634654045,0.35108284950256347,1.0,0.04842748865485191,0.608221435546875,1.0,0.001739724539220333,0.4489590644836426,0.9878410975138346,0.002201722702011466
squat,0.4823937892913818,0.06739578247070313,0.9952034950256348,0.5136098861694336,0.04519580205281575,0.9799385070800781,0.4544820785522461,0.03895508448282878,0.9878480434417725,0.5481422424316407,0.09443957010904948,0.711763858795166,0.4136998176574707,0.08164374033610027,0.8024471402168274,0.5892804622650146,0.27137877146402994,0.9728583097457886,0.362443733215332,0.2738489786783854,0.991152822971344,0.7416265964508056,0.20152088801066081,0.884977400302887,0.2401928186416626,0.2818552017211914,0.9586172103881836,0.8390129089355469,0.08934173583984376,0.820563554763794,0.1373288631439209,0.20290651321411132,0.9223484396934509,0.5556533813476563,0.8658297220865886,0.9263799786567688,0.4036064624786377,0.8598283131917318,0.9519752860069275,0.5596981525421143,1.0,0.038275063037872314,0.3632308006286621,1.0,0.05542093142867088,0.6100257396697998,1.0,0.0019143752288073301,0.4664527416229248,0.9861195882161459,0.002449842169880867
squat,0.4855010509490967,0.11890430450439453,0.9954777359962463,0.5167060852050781,0.08467372258504231,0.9845466017723083,0.45554637908935547,0.08106311162312825,0.9898606538772583,0.5570491313934326,0.11556256612141927,0.7544496655464172,0.4178495407104492,0.10917479197184245,0.8113141059875488,0.5992510318756104,0.32014970779418944,0.9672728776931763,0.37732486724853515,0.30939947764078773,0.9814980626106262,0.7317194461822509,0.28988463083902993,0.7892568111419678,0.290198540687561,0.3264214515686035,0.8917300701141357,0.8179586410522461,0.1901556968688965,0.7407902479171753,0.24273600578308105,0.270651372273763,0.8538573384284973,0.5496539115905762,0.8713283538818359,0.8311991095542908,0.40474634170532225,0.8591978708902995,0.8699640035629272,0.5735889911651612,1.0,0.03154044970870018,0.4026434898376465,0.9674797693888346,0.043205734342336655,0.6172798156738282,1.0,0.0027288610581308603,0.49223995208740234,0.9443311055501302,0.0034371563233435154
squat,0.47780580520629884,0.1873451550801595,0.9814132452011108,0.5057846546173096,0.15424448649088543,0.9701189398765564,0.45496082305908203,0.1512971878051758,0.9542165994644165,0.5467000484466553,0.17853275934855142,0.8328018188476562,0.4316109657287598,0.17413387298583985,0.6052312254905701,0.6202513694763183,0.37855803171793617,0.9685673713684082,0.3659127473831177,0.38358872731526694,0.9172089695930481,0.7191524982452393,0.4670024236043294,0.6684760451316833,0.3053595542907715,0.5386411031087239,0.3879929482936859,0.7487612247467041,0.33092950185139974,0.420129656791687,0.31320700645446775,0.44309686024983724,0.26740461587905884,0.5792141914367676,0.9039496103922526,0.47662630677223206,0.41962032318115233,0.8983904520670573,0.36972060799598694,0.6504155158996582,0.9916731516520182,0.024880506098270416,0.4772953510284424,0.8850858052571614,0.017092278227210045,0.7075512409210205,1.0,0.0050009507685899734,0.6338556289672852,0.8415532430013021,0.004256268031895161
squat,0.4792039394378662,0.2672658284505208,0.9918650984764099,0.5081183910369873,0.23745012283325195,0.9853684306144714,0.4556913375854492,0.2343051274617513,0.9796831011772156,0.5491687774658203,0.2627628008524577,0.8924629092216492,0.42993640899658203,0.2556486129760742,0.7485954761505127,0.604804801940918,0.4500651995340983,0.9745239019393921,0.3697671890258789,0.42816301981608074,0.9765472412109375,0.6814377307891846,0.5122262954711914,0.7718558311462402,0.25871963500976564,0.48826468785603844,0.7654039263725281,0.7225813865661621,0.4490028381347656,0.5840349793434143,0.22353670597076417,0.4339087168375651,0.5992952585220337,0.5609410285949707,0.944285774230957,0.6496285796165466,0.41045498847961426,0.9280473073323567,0.6570560932159424,0.5838152885437011,1.0,0.023228755220770836,0.40657973289489746,0.9645799001057943,0.022202415391802788,0.6480690002441406,1.0,0.0029524401761591434,0.5390990257263184,0.8999214808146159,0.0031154099851846695
squat,0.48209919929504397,0.3860202153523763,0.9881346225738525,0.5118657112121582,0.35341383616129557,0.9768422245979309,0.4571786880493164,0.34973532358805337,0.9790410995483398,0.5521591663360595,0.36908702850341796,0.8587255477905273,0.42641558647155764,0.35982427597045896,0.827393114566803,0.625943660736084,0.5693480809529622,0.9568546414375305,0.3474864482879639,0.5187637964884441,0.9794267416000366,0.6683652877807618,0.7917820612589518,0.3805526793003082,0.2548480272293091,0.6455986022949218,0.6777539253234863,0.6978541374206543,0.8478588740030925,0.19828209280967712,0.2416482925415039,0.5505626678466797,0.4489528238773346,0.558116340637207,0.9830360412597656,0.14800035953521729,0.393597936630249,0.9533838907877604,0.22495147585868835,0.5619610786437989,0.987602170308431,0.007413077168166637,0.4029129981994629,0.8662025451660156,0.011757967993617058,0.6052279472351074,1.0,0.002102863509207964,0.5688974857330322,0.8655025482177734,0.003103649942204356
squat,0.48288793563842775,0.46709616978963214,0.9940059185028076,0.5139501094818115,0.4271673838297526,0.9886800050735474,0.4575346946716309,0.42456719080607097,0.9764086604118347,0.5567179203033448,0.4384586334228516,0.8805893063545227,0.4226330280303955,0.4318552017211914,0.6028371453285217,0.6283041954040527,0.6569386164347331,0.9632194638252258,0.35304553508758546,0.5970422744750976,0.9807507395744324,0.6900361061096192,0.849933369954427,0.6960223317146301,0.1818143129348755,0.6801433563232422,0.7986613512039185,0.6702417373657227,0.8529841105143229,0.6188642978668213,0.07238388061523438,0.6866533915201823,0.7065165638923645,0.5714022636413574,1.0,0.15893474221229553,0.40140862464904786,1.0,0.20546090602874756,0.5288681983947754,0.9701900482177734,0.005496669560670853,0.31518068313598635,0.8825929005940755,0.0063424366526305676,0.5886215209960938,0.9969050725301106,0.0012186841340735555,0.43450040817260743,0.8754679997762044,0.0014386695111170411
squat,0.47382726669311526,0.5491374969482422,0.9868386387825012,0.5093096256256103,0.5063797314961751,0.9807770848274231,0.4505301952362061,0.5034430503845215,0.9613099694252014,0.5638372898101807,0.5274367014567057,0.8420071005821228,0.42126989364624023,0.515814208984375,0.5902013182640076,0.6203896045684815,0.7583503723144531,0.9074386358261108,0.34225125312805177,0.7146132787068685,0.9591485857963562,0.6427844047546387,0.9140141805013021,0.38141438364982605,0.19642105102539062,0.8155531565348307,0.5887566208839417,0.6346889495849609,0.8919261932373047,0.4535813629627228,0.22917068004608154,0.7648187001546224,0.6127018332481384,0.5541671752929688,1.0,0.06247037649154663,0.38997247219085696,1.0,0.09135781973600388,0.4836735725402832,0.9465073903401693,0.005930012557655573,0.29410035610198976,0.891470209757487,0.007755313068628311,0.5112332344055176,0.9801592508951823,0.0022625152487307787,0.41596169471740724,0.9018397649129232,0.0027420001570135355
squat,0.4854545593261719,0.6352064768473308,0.9924721717834473,0.521367359161377,0.5927967071533203,0.9860236644744873,0.46030478477478026,0.5868688583374023,0.9829024076461792,0.5705142974853515,0.60328369140625,0.8666813373565674,0.42438836097717286,0.5908342997233073,0.7005877494812012,0.644001579284668,0.8024318059285481,0.9175040125846863,0.35748159885406494,0.7729780197143554,0.9797015190124512,0.6923815727233886,0.943829600016276,0.3133576512336731,0.2116004467010498,0.8730466842651368,0.7315298318862915,0.629575252532959,0.8938758850097657,0.33347347378730774,0.0772557258605957,0.9337237675984701,0.5812858939170837,0.5631542205810547,1.0,0.04744033142924309,0.396055006980896,1.0,0.09741506725549698,0.4922048568725586,0.9592971801757812,0.00438909325748682,0.2877981662750244,0.8720577239990235,0.007908421568572521,0.4985236644744873,1.0,0.0017749936087056994,0.3842780351638794,0.9056455612182617,0.0028632895555347204
squat,0.49649896621704104,0.6903488794962566,0.9932588338851929,0.5302778720855713,0.6580584843953451,0.9870247840881348,0.4698387622833252,0.6493776957194011,0.9876561164855957,0.5711976051330566,0.6814141591389974,0.865474283695221,0.42854671478271483,0.6631387710571289,0.82681804895401,0.6362503051757813,0.8435213088989257,0.9239816665649414,0.37658736705780027,0.8311429341634115,0.9853236675262451,0.7108457565307618,0.9460215250651042,0.2699456214904785,0.24261236190795898,0.9252368927001953,0.7324877977371216,0.6547953605651855,0.937070655822754,0.261929452419281,0.1281820774078369,0.9529402414957683,0.5757350921630859,0.5889733314514161,1.0,0.038426633924245834,0.4448686599731445,1.0,0.08334212750196457,0.499332332611084,0.9457005818684896,0.004665618762373924,0.3767258882522583,0.8830130259195964,0.009392847307026386,0.42921900749206543,0.9709442774454753,0.0022616605274379253,0.46912527084350586,0.8934988657633464,0.003937249071896076
squat,0.4990391254425049,0.7199016571044922,0.9932832717895508,0.5295705795288086,0.6860288619995117,0.9882517457008362,0.47019472122192385,0.6819541931152344,0.9888949394226074,0.5692759990692139,0.710295295715332,0.8526825308799744,0.4275247573852539,0.7028719584147135,0.8333238363265991,0.63831787109375,0.8763471603393554,0.886096179485321,0.3782743215560913,0.8742870330810547,0.9776965379714966,0.7692486763000488,0.9282482782999675,0.23545487225055695,0.20281634330749512,0.9334322611490885,0.6848430037498474,0.7491887092590332,0.9132239659627278,0.2902991771697998,0.09748187065124511,0.9634372075398763,0.6179571151733398,0.5958672523498535,1.0,0.04502885788679123,0.45302376747131345,1.0,0.09524019807577133,0.5038505077362061,0.9647336959838867,0.007009610999375582,0.38256263732910156,0.9498921076456706,0.014324367046356201,0.4142335891723633,0.9537936528523763,0.0036663066130131483,0.43688645362854006,0.9417701721191406,0.006050598807632923
squat,0.4980475902557373,0.7008918126424154,0.993703305721283,0.5309151649475098,0.6718108495076497,0.9878243207931519,0.47104897499084475,0.6629142761230469,0.9885819554328918,0.5719353199005127,0.7028882344563802,0.8549341559410095,0.4301607131958008,0.6847122192382813,0.8327272534370422,0.6344636917114258,0.8657736460367839,0.919022262096405,0.37877659797668456,0.8570780436197917,0.9838776588439941,0.725243091583252,0.9302877426147461,0.2731626331806183,0.2314540386199951,0.9306151707967122,0.7316742539405823,0.6948309898376465,0.8939786911010742,0.2985179126262665,0.12369985580444336,0.9547246932983399,0.6067719459533691,0.5838133335113526,1.0,0.040068261325359344,0.4438760280609131,1.0,0.08378121256828308,0.49241323471069337,0.9379583358764648,0.004765636753290892,0.3754290580749512,0.8898473103841146,0.009552228264510632,0.40178732872009276,0.9546668370564778,0.0021637154277414083,0.44602327346801757,0.8969154993693034,0.003688497468829155
squat,0.48968920707702634,0.6563493728637695,0.9843852519989014,0.5221161365509033,0.6219402313232422,0.9817746877670288,0.46703057289123534,0.6164255777994792,0.9740151166915894,0.5638905525207519,0.6409416198730469,0.8399211764335632,0.43161401748657224,0.6270202000935873,0.6791074872016907,0.6279515266418457,0.8137779235839844,0.8701358437538147,0.3569947242736816,0.7896236419677735,0.9116017818450928,0.6833670616149903,0.9190927505493164,0.24737213551998138,0.24279463291168213,0.8687643051147461,0.3403467535972595,0.6171475410461426,0.8578089396158854,0.25368550419807434,0.21127188205718994,0.8531333923339843,0.2997163236141205,0.5609750270843505,1.0,0.045231785625219345,0.3973232746124268,1.0,0.054673485457897186,0.5441595554351807,0.9609036127726237,0.006098718382418156,0.32908174991607664,0.8972464879353841,0.007083125878125429,0.5656290531158448,0.9916618982950847,0.0035660008434206247,0.43735551834106445,0.9091624577840169,0.0042089493945240974
squat,0.4789693832397461,0.5847948074340821,0.9870775938034058,0.5118453025817871,0.5453557968139648,0.9809335470199585,0.45870323181152345,0.5409167607625326,0.9638854265213013,0.5613924503326416,0.5578638712565104,0.8343129754066467,0.43153963088989256,0.543573506673177,0.6027897000312805,0.6136988639831543,0.7569084803263346,0.919840395450592,0.3573589563369751,0.7170243581136068,0.9513151049613953,0.6483548164367676,0.8911134719848632,0.46136751770973206,0.2306673526763916,0.8073662439982097,0.5813117027282715,0.6381628036499023,0.8555758158365886,0.5187068581581116,0.24904193878173828,0.7623396555582682,0.6088193655014038,0.5514693260192871,1.0,0.07731634378433228,0.39767630100250245,1.0,0.09578646719455719,0.5216653347015381,0.9254219690958659,0.007764462381601334,0.3314170837402344,0.8709273020426432,0.009206251241266727,0.5523881435394287,0.9620642979939779,0.0031216966453939676,0.4426337718963623,0.8870342254638672,0.0036164065822958946
squat,0.4848511219024658,0.49413684209187825,0.9851261377334595,0.5177696228027344,0.4647128740946452,0.9704748392105103,0.46351041793823244,0.45698938369750974,0.9762552380561829,0.560508918762207,0.48745619455973305,0.8262928128242493,0.43547859191894533,0.46719277699788414,0.8153368830680847,0.6195180892944336,0.671127446492513,0.9263779520988464,0.36252613067626954,0.6242278416951498,0.9736160635948181,0.6687045574188233,0.825941530863444,0.2830963432788849,0.27784759998321534,0.7254436492919922,0.6508135795593262,0.7089029788970947,0.8254776000976562,0.19753971695899963,0.2578187704086304,0.6784730275472005,0.45486214756965637,0.5536887168884277,1.0,0.08975192159414291,0.40459537506103516,0.9896700541178386,0.15546652674674988,0.5420032024383545,0.9663272221883138,0.008003509603440762,0.4016701698303223,0.8594763437906902,0.013947885483503342,0.5841639041900635,1.0,0.003402356756851077,0.5695728302001953,0.8614131927490234,0.005297877825796604
squat,0.487657356262207,0.4192657788594564,0.9951270818710327,0.5187644958496094,0.386289119720459,0.986275315284729,0.4665225028991699,0.37853565216064455,0.9821839332580566,0.5589746952056884,0.40273796717325844,0.8527287244796753,0.4342658996582031,0.38345839182535807,0.7062565088272095,0.6201070308685303,0.6137092590332032,0.9734663963317871,0.36994204521179197,0.5363367716471354,0.9915990829467773,0.6843693256378174,0.7782902399698893,0.7860596776008606,0.24139244556427003,0.5795170466105143,0.9341557025909424,0.6618672370910644,0.7802884419759114,0.7513426542282104,0.13096652030944825,0.602273432413737,0.8868032693862915,0.5612003803253174,1.0,0.3848448693752289,0.40576462745666503,0.9800368626912435,0.5311204195022583,0.5407519817352295,1.0,0.0088777095079422,0.3478867530822754,0.9073132832845052,0.01466319989413023,0.6060760021209717,1.0,0.0010475985473021865,0.46639251708984375,0.9276161193847656,0.0015906457556411624
squat,0.48710970878601073,0.33865572611490885,0.9941791296005249,0.5195157051086425,0.31066341400146485,0.9856476783752441,0.4646414279937744,0.3018282572428385,0.9837697744369507,0.5583487510681152,0.33841876983642577,0.8636509776115417,0.43259472846984864,0.31673577626546223,0.7786245346069336,0.605930233001709,0.5335450490315755,0.9703319668769836,0.36680283546447756,0.4711243947347005,0.9916598200798035,0.6546276092529297,0.673778216044108,0.7439558506011963,0.2407930612564087,0.5262416203816732,0.9183557629585266,0.6916714668273926,0.6219703038533528,0.6338658332824707,0.13963239192962645,0.4664397875467936,0.815751314163208,0.5547442436218262,0.9881483713785807,0.4845626950263977,0.4039853572845459,0.9531557718912761,0.6275310516357422,0.535611343383789,1.0,0.012576786801218987,0.35309395790100095,0.9172133127848308,0.01905120722949505,0.6097949504852295,1.0,0.0015187120297923684,0.48966360092163086,0.902958869934082,0.0021756389178335667
squat,0.49117255210876465,0.25803070068359374,0.9947073459625244,0.5197094917297364,0.22653611501057944,0.986012876033783,0.46285390853881836,0.22648518880208332,0.9881237149238586,0.5609372138977051,0.25005149841308594,0.8273681402206421,0.43254518508911133,0.25054715474446615,0.8113443851470947,0.606421709060669,0.42307761510213215,0.9652206301689148,0.3885603666305542,0.407220999399821,0.9824872612953186,0.6855593681335449,0.43526315689086914,0.7719439268112183,0.29131302833557127,0.43922526041666665,0.8805029392242432,0.7619437217712403,0.36009356180826824,0.6653658747673035,0.25934853553771975,0.4003162384033203,0.7948460578918457,0.5650959014892578,0.9514753977457683,0.6589019894599915,0.4196812152862549,0.9371575673421224,0.7280200123786926,0.5871918201446533,1.0,0.018099818378686905,0.40253520011901855,0.9382122039794922,0.023210585117340088,0.6507091999053956,1.0,0.002291246550157666,0.5130080699920654,0.9182154337565104,0.0028738516848534346
squat,0.49127559661865233,0.18816598256429037,0.9940903782844543,0.5199966907501221,0.15819721221923827,0.9830425977706909,0.4677111625671387,0.15399297078450522,0.9883840084075928,0.5570913314819336,0.18286123275756835,0.7892709374427795,0.4388154983520508,0.17210896809895834,0.8239574432373047,0.6008991241455078,0.36092605590820315,0.9542074203491211,0.38826828002929686,0.34796867370605467,0.9842325448989868,0.6977999687194825,0.3443292617797852,0.7290998101234436,0.28963499069213866,0.3680849075317383,0.9002894163131714,0.7784554481506347,0.2871238708496094,0.5875212550163269,0.23946847915649414,0.3259173075358073,0.8016771078109741,0.5681836605072021,0.9085432688395182,0.7743552923202515,0.42525362968444824,0.894830830891927,0.8512757420539856,0.5843977928161621,1.0,0.026141807436943054,0.39007043838500977,0.9960330327351888,0.04000978171825409,0.6534626960754395,1.0,0.002592126838862896,0.4938486576080322,0.9556188583374023,0.003663733135908842
squat,0.49473938941955564,0.11180601119995118,0.9938517808914185,0.5240772724151611,0.08865833282470703,0.9747279286384583,0.4714661121368408,0.08057699203491211,0.9813060164451599,0.556233024597168,0.130227533976237,0.7212737798690796,0.4367510318756104,0.11140670776367187,0.767382800579071,0.5928692817687988,0.3158315658569336,0.9784908294677734,0.38033523559570315,0.29906336466471356,0.9912680387496948,0.7097355842590332,0.2835226058959961,0.9230860471725464,0.2843446731567383,0.31809609731038413,0.9631840586662292,0.8039191246032715,0.18341905275980633,0.8876873254776001,0.2052910089492798,0.27007668813069663,0.9375860691070557,0.5608821868896484,0.866356086730957,0.9187167882919312,0.41839184761047366,0.8527395248413085,0.94058758020401,0.5731960296630859,1.0,0.039828844368457794,0.3725240707397461,0.940472157796224,0.05092497542500496,0.6519028186798096,1.0,0.0020507220178842545,0.4818525791168213,0.9491149266560872,0.0024680241476744413
squat,0.49263787269592285,0.06449966430664063,0.9960673451423645,0.5254515647888184,0.04611673355102539,0.9859176278114319,0.46636600494384767,0.03693580627441406,0.9875245094299316,0.5599575996398926,0.10234076182047526,0.8015281558036804,0.4272885799407959,0.08220952351888021,0.7755828499794006,0.5963984966278076,0.2805821736653646,0.9837131500244141,0.37313244342803953,0.2727540334065755,0.9919305443763733,0.7376584053039551,0.21602921485900878,0.93393874168396,0.25003049373626707,0.276052983601888,0.9574650526046753,0.8473930358886719,0.09790423711140951,0.8817889094352722,0.1250004768371582,0.2070743401845296,0.9214591979980469,0.5625672817230225,0.8462162017822266,0.9527187943458557,0.41385326385498045,0.8363641103108724,0.9620385766029358,0.5645058155059814,1.0,0.06443163007497787,0.3626760482788086,0.9854441324869792,0.07421164959669113,0.6254932880401611,1.0,0.0027416653465479612,0.46439785957336427,0.9927001953125,0.0030253573786467314
squat,0.4898508071899414,0.06927824020385742,0.9977511763572693,0.5183808326721191,0.047011152903238936,0.9913279414176941,0.4634066581726074,0.04268083572387695,0.9929007291793823,0.5543854713439942,0.09166332880655924,0.8409603238105774,0.4321290969848633,0.08398993810017903,0.8261078596115112,0.5970114231109619,0.26968275705973305,0.9871206879615784,0.38420352935791013,0.2607459386189779,0.9924845099449158,0.7375242710113525,0.1973632017771403,0.9365231990814209,0.24286530017852784,0.2540708541870117,0.9627608060836792,0.8487650871276855,0.055391820271809895,0.8899085521697998,0.15388383865356445,0.17784695625305175,0.9357607960700989,0.5424436569213867,0.8348727544148763,0.9445449709892273,0.39725337028503416,0.8221357345581055,0.9568259716033936,0.5494197845458985,1.0,0.04531196504831314,0.35189971923828123,0.9955622355143229,0.055523380637168884,0.5857502460479737,1.0,0.0016884803771972656,0.40404486656188965,0.9650611877441406,0.0019165867706760764
squat,0.48854475021362304,0.08521862030029297,0.9976146221160889,0.5183073520660401,0.06397107442220053,0.9909883141517639,0.46367793083190917,0.056659634908040366,0.9931275844573975,0.5540542602539062,0.10812765757242838,0.8304682374000549,0.4325708389282227,0.09370168050130208,0.8218277096748352,0.5947219848632812,0.2842036565144857,0.9818888306617737,0.3852804660797119,0.2724578539530436,0.9906169772148132,0.7408524513244629,0.19233333269755046,0.9051723480224609,0.2513749599456787,0.247118870417277,0.9525770545005798,0.8367223739624023,0.060227362314860027,0.85410475730896,0.15712852478027345,0.17443885803222656,0.9228363037109375,0.5415821552276612,0.8639842987060546,0.9198976159095764,0.39943513870239256,0.8488321940104167,0.9409092664718628,0.5532565116882324,1.0,0.03934381157159805,0.36357707977294923,0.9890187581380209,0.05180617421865463,0.583868408203125,1.0,0.0020129336044192314,0.4277150630950928,0.9718339284261067,0.002429727930575609
squat,0.4891358852386475,0.09374154408772786,0.997521698474884,0.517503023147583,0.07427355448404947,0.9907727241516113,0.46321582794189453,0.06865425109863281,0.9925767779350281,0.5522997856140137,0.12137616475423177,0.8407533168792725,0.4320570945739746,0.11151851018269857,0.8304615020751953,0.5952895164489747,0.29521223704020183,0.9860250353813171,0.3831936359405518,0.28702576955159503,0.9918889403343201,0.729122543334961,0.20848441123962402,0.9259456396102905,0.2536940574645996,0.2640736897786458,0.957577645778656,0.832486915588379,0.08060003916422526,0.875442385673523,0.16638176441192626,0.17787917455037436,0.9277727007865906,0.5394629001617431,0.8544845581054688,0.9494419097900391,0.39599123001098635,0.8407058715820312,0.9608356356620789,0.5477319240570069,1.0,0.05874072015285492,0.3559311866760254,1.0,0.0723801776766777,0.5794798374176026,1.0,0.002550535136833787,0.41562862396240235,0.9880081176757812,0.002956261858344078
squat,0.4886019229888916,0.09814014434814453,0.9974998831748962,0.515945291519165,0.0781930923461914,0.9902865886688232,0.4620485782623291,0.0736349105834961,0.991905927658081,0.5501998424530029,0.12356643676757813,0.848526120185852,0.4308320045471191,0.11628688176472982,0.8354321718215942,0.5934954643249511,0.2976133982340495,0.989535927772522,0.3813797473907471,0.2841654777526855,0.9936559200286865,0.7067487239837646,0.23370569547017414,0.9473593235015869,0.25355360507965086,0.26027735074361164,0.9677526950836182,0.8017813682556152,0.11173264185587566,0.9059818983078003,0.1632666826248169,0.16986770629882814,0.9431717395782471,0.5406665802001953,0.8465103149414063,0.958687961101532,0.39724252223968504,0.8313981374104817,0.9674592614173889,0.5548164367675781,1.0,0.06306225061416626,0.36351780891418456,0.996724001566569,0.07450621575117111,0.5952428340911865,1.0,0.0022978833876550198,0.42614426612854006,0.9782545725504558,0.0026315113063901663
squat,0.4878684043884277,0.0970826784769694,0.9974493384361267,0.5152379989624023,0.07925631205240885,0.9900512099266052,0.4622537612915039,0.07318251927693685,0.9919122457504272,0.5483736515045166,0.1277224858601888,0.8376919031143188,0.43099117279052734,0.11677961349487305,0.8351240158081055,0.590265417098999,0.2981218020121256,0.989057719707489,0.38082270622253417,0.2861238797505697,0.9928366541862488,0.7142951965332032,0.2204853375752767,0.9461484551429749,0.25515284538269045,0.264939022064209,0.9638793468475342,0.8134505271911621,0.09175008138020833,0.9027817249298096,0.17490670680999756,0.1779372533162435,0.9381580948829651,0.5403692245483398,0.8497728983561198,0.9568023681640625,0.39774813652038576,0.8358193715413411,0.9643879532814026,0.5576404094696045,1.0,0.05909205600619316,0.36493167877197263,1.0,0.06798465549945831,0.5939050197601319,1.0,0.0022535512689501047,0.4266950607299805,0.975857671101888,0.002502778545022011
squat,0.48720273971557615,0.09750855763753255,0.9974148273468018,0.5139282703399658,0.07756611506144205,0.9901943802833557,0.46039762496948244,0.07344576517740885,0.9918782711029053,0.5477915287017823,0.12312946319580079,0.8439021110534668,0.42934765815734866,0.11688655217488607,0.8353886008262634,0.5937663555145264,0.297748597462972,0.9882152080535889,0.378817081451416,0.2850138028462728,0.9928945899009705,0.7089872837066651,0.21985809008280435,0.9413919448852539,0.2467198133468628,0.251558780670166,0.9641047716140747,0.8009778022766113,0.08912191390991211,0.8985265493392944,0.16612069606781005,0.1596178372701009,0.9395800232887268,0.5444384098052979,0.8526629130045573,0.9544382095336914,0.3988062381744385,0.8379347483317058,0.9641866683959961,0.5586328029632568,1.0,0.05907409265637398,0.36147379875183105,0.9971988677978516,0.06984562426805496,0.6000875473022461,1.0,0.0022936260793358088,0.42483973503112793,0.977899678548177,0.0026309818495064974
squat,0.48681344985961916,0.09467557271321615,0.9973681569099426,0.5153223037719726,0.07558415730794271,0.9897956252098083,0.4595958709716797,0.07055009206136068,0.9927299618721008,0.547998571395874,0.12568756739298503,0.8085273504257202,0.4234891414642334,0.1153277079264323,0.8471469283103943,0.5868701457977294,0.30197887420654296,0.9828458428382874,0.36997241973876954,0.2866913159688314,0.9927526712417603,0.7092368602752686,0.21189454396565754,0.9267319440841675,0.2405024290084839,0.24961592356363932,0.9634585380554199,0.811442756652832,0.05578463872273763,0.8810754418373108,0.1472858428955078,0.16869513193766275,0.9362322092056274,0.5494146347045898,0.8539798100789388,0.939120888710022,0.40111570358276366,0.8406557083129883,0.9556147456169128,0.5596352577209472,1.0,0.04662968963384628,0.3414852380752563,0.9816389719645182,0.05847739055752754,0.6327320575714112,1.0,0.0020037528593093157,0.4267772674560547,0.9806589762369792,0.0023484553676098585
squat,0.4878231525421143,0.08760574658711752,0.9981551766395569,0.5157458782196045,0.06589368184407553,0.9900453686714172,0.45920958518981936,0.06412452061971029,0.9947116374969482,0.5491974830627442,0.11168568929036458,0.7888748049736023,0.4230978488922119,0.10959324836730958,0.8839860558509827,0.5874921798706054,0.2920493761698405,0.987453818321228,0.37621848583221434,0.2822843869527181,0.9967711567878723,0.7185780048370362,0.2246431032816569,0.9376066327095032,0.2406696081161499,0.2588566780090332,0.985145092010498,0.8151878356933594,0.07522382736206054,0.9225561022758484,0.13852567672729493,0.17403567632039388,0.9750552773475647,0.5345447063446045,0.8402853647867838,0.9576400518417358,0.3946788787841797,0.8292854309082032,0.9765368700027466,0.521255350112915,1.0,0.06250458210706711,0.34441089630126953,0.9635414123535156,0.10119524598121643,0.5723512649536133,1.0,0.00238701980561018,0.42218642234802245,0.9889944076538086,0.0032742645125836134
squat,0.4881028175354004,0.08272120157877604,0.9975577592849731,0.5163323402404785,0.06220715840657552,0.9899263381958008,0.45981011390686033,0.0586181640625,0.9940577745437622,0.5492592334747315,0.11151275634765626,0.7913240194320679,0.42273945808410646,0.10566205978393554,0.8687044382095337,0.5892202854156494,0.2903623580932617,0.9808663129806519,0.37312190532684325,0.28665424982706705,0.9933047890663147,0.7235907554626465,0.2049212614695231,0.9044060111045837,0.24817185401916503,0.273271115620931,0.964260995388031,0.8292865753173828,0.05388650894165039,0.8484664559364319,0.15193865299224854,0.19462323188781738,0.9339213967323303,0.5455866813659668,0.8449930826822917,0.9415332078933716,0.3987236976623535,0.8354249954223633,0.9614222049713135,0.5556747913360596,1.0,0.05210264399647713,0.3474761486053467,0.9998912175496419,0.07415390759706497,0.6161788463592529,1.0,0.0023520567920058966,0.4226083755493164,0.9928054809570312,0.002966183004900813
squat,0.48817052841186526,0.07755708694458008,0.9976006150245667,0.5166618824005127,0.055907185872395834,0.9908806085586548,0.46086697578430175,0.05161285400390625,0.9939752221107483,0.5495650291442871,0.1037838617960612,0.8067726492881775,0.42464599609375,0.09611466725667318,0.8551287055015564,0.5898591041564941,0.2885973612467448,0.9800590872764587,0.37344062328338623,0.28274799982706705,0.9922109842300415,0.7285144805908204,0.21749310493469237,0.8965560793876648,0.23937475681304932,0.2819772402445475,0.9554238319396973,0.8297207832336426,0.06482232411702474,0.8373919129371643,0.1404629945755005,0.20596357981363933,0.9205548167228699,0.543360424041748,0.8461270650227865,0.9293643236160278,0.39669687747955323,0.8354685465494792,0.9509077668190002,0.5476229190826416,1.0,0.04660537838935852,0.33955655097961424,0.9954200744628906,0.06300891190767288,0.6037631034851074,1.0,0.002265384653583169,0.4094246387481689,0.9851385116577148,0.002729512518271804
squat,0.48886570930480955,0.08240331013997396,0.9973981380462646,0.5187986373901368,0.060639444986979166,0.9902815818786621,0.46204142570495604,0.053667449951171876,0.9926038384437561,0.5519920349121094,0.1085201899210612,0.8125461935997009,0.4237643241882324,0.09424152374267578,0.8471450209617615,0.5861256122589111,0.2918447176615397,0.98630291223526,0.36938915252685545,0.28281326293945314,0.9937005043029785,0.7043709278106689,0.26105902989705404,0.9324078559875488,0.245011305809021,0.30724411010742186,0.9628920555114746,0.8083723068237305,0.15808779398600262,0.8814941048622131,0.15159292221069337,0.2375334103902181,0.9310309886932373,0.5483871459960937,0.8380969365437826,0.9537557363510132,0.40104451179504397,0.8291539510091146,0.964433491230011,0.5653740406036377,1.0,0.07230831682682037,0.35226123332977294,0.9710658391316732,0.0867796316742897,0.6208278179168701,1.0,0.0035853346344083548,0.4265411853790283,0.9592908223470052,0.004053190350532532
squat,0.4872757434844971,0.12261311213175456,0.9941072463989258,0.518033790588379,0.09754794438680013,0.98581463098526,0.4649499893188477,0.08922141393025716,0.9892487525939941,0.5548299312591553,0.13223094940185548,0.8415164351463318,0.4338854789733887,0.11477219263712565,0.8292467594146729,0.6045485973358155,0.312963326772054,0.9574208855628967,0.3748472213745117,0.30782896677652993,0.9841561913490295,0.7033870697021485,0.3266265869140625,0.6850426197052002,0.2760993242263794,0.35755799611409506,0.8730690479278564,0.7184452533721923,0.31649821599324546,0.5355026125907898,0.22107248306274413,0.3164757410685221,0.7490408420562744,0.5613446712493897,0.8687385559082031,0.8240953087806702,0.40889592170715333,0.8560095469156901,0.8839749693870544,0.583598518371582,1.0,0.027404505759477615,0.38919384479522706,1.0,0.04067344218492508,0.6210006713867188,1.0,0.0023449701257050037,0.49506254196166993,0.9735352834065755,0.003235635580495
squat,0.485714054107666,0.20203981399536133,0.9946184754371643,0.5143767833709717,0.16795514424641927,0.9803582429885864,0.4610025882720947,0.16308552424112957,0.9813998937606812,0.5495686531066895,0.18832200368245441,0.8140386343002319,0.4249150276184082,0.17704251607259114,0.7902988791465759,0.60538649559021,0.3995907465616862,0.9874832630157471,0.3589208126068115,0.3680378595987956,0.9954527616500854,0.7023675918579102,0.47729622522989906,0.9193693995475769,0.24821901321411133,0.4429918924967448,0.9665845036506653,0.7457679748535156,0.4074275334676107,0.8853210210800171,0.17804148197174072,0.44578895568847654,0.9348127841949463,0.5588829994201661,0.9085528055826823,0.8853140473365784,0.4050954818725586,0.8857002258300781,0.9209343791007996,0.5375529289245605,1.0,0.03315143659710884,0.3591715574264526,0.955223274230957,0.04438817873597145,0.6105160713195801,1.0,0.001579409814439714,0.4834315299987793,0.9573073069254557,0.002023835200816393
squat,0.48008050918579104,0.2697538057963053,0.9917165637016296,0.5105314731597901,0.23963267008463543,0.9818472266197205,0.45651884078979493,0.23485660552978516,0.9855260848999023,0.5508732795715332,0.2683415412902832,0.8782978653907776,0.4281414031982422,0.25822327931722006,0.8504564166069031,0.6257867336273193,0.4824147542317708,0.962215781211853,0.35340003967285155,0.4489832560221354,0.9880651831626892,0.6765554428100586,0.6729349772135417,0.4789345860481262,0.2583311557769775,0.5856065114339193,0.8191666603088379,0.6781933784484864,0.6696177164713542,0.29478031396865845,0.21213874816894532,0.5174933751424153,0.5862359404563904,0.562964677810669,0.9701773325602213,0.39508071541786194,0.3942424297332764,0.9431037902832031,0.5611451268196106,0.5642964363098144,1.0,0.01188967376947403,0.3780266284942627,0.9449728012084961,0.020367026329040527,0.622754430770874,1.0,0.0020090939942747355,0.5353084087371827,0.8895118077596028,0.003205294720828533
squat,0.4801339149475098,0.39362799326578773,0.9858637452125549,0.5095148086547852,0.3597944895426432,0.958549976348877,0.45900793075561525,0.35510940551757814,0.9604169130325317,0.5438371658325195,0.37335065205891926,0.7832094430923462,0.4249901294708252,0.36145108540852866,0.7155545353889465,0.6134202003479003,0.5715176900227864,0.9673712253570557,0.3395312070846558,0.5471110026041667,0.9912808537483215,0.666323184967041,0.7604677200317382,0.7207006812095642,0.23599698543548583,0.6972664515177409,0.9041157364845276,0.6619675636291504,0.8028708775838216,0.5605273842811584,0.12802772521972655,0.6844638824462891,0.7612658143043518,0.5514986515045166,1.0,0.3124775290489197,0.3852382659912109,0.9996598561604818,0.45075950026512146,0.5143896579742432,1.0,0.00711066136136651,0.3134039878845215,0.8832755406697591,0.01032724604010582,0.5911618232727051,1.0,0.0010540862567722797,0.4855503559112549,0.890917714436849,0.0014699074672535062
squat,0.48291583061218263,0.4631995519002279,0.9890913963317871,0.5141683578491211,0.42812423706054686,0.977088212966919,0.4601135730743408,0.42436720530192057,0.9734675288200378,0.5522547245025635,0.45292110443115235,0.8154407739639282,0.4251580715179443,0.44088875452677406,0.7509937882423401,0.6176803112030029,0.6539055506388346,0.9481436610221863,0.3319364070892334,0.6401675542195638,0.9811317920684814,0.686032485961914,0.8033281962076823,0.602678656578064,0.20544371604919434,0.7888521194458008,0.7776963710784912,0.713902759552002,0.8245738983154297,0.5035582184791565,0.17025437355041503,0.7820539474487305,0.6331369876861572,0.550651741027832,1.0,0.1564197689294815,0.37345156669616697,1.0,0.21146242320537567,0.5137272834777832,0.9503283182779948,0.006059658247977495,0.2626157760620117,0.8720958709716797,0.007389665115624666,0.5657529354095459,0.9999773025512695,0.0015538971638306975,0.3926836967468262,0.8722764333089192,0.001836713869124651
squat,0.46876964569091795,0.5588120142618815,0.9791594743728638,0.4995859146118164,0.5206311225891114,0.9686424136161804,0.4469808578491211,0.5158528963724772,0.9394722580909729,0.5472861766815186,0.5387539545694987,0.7962808012962341,0.4190181255340576,0.5269075075785319,0.5238902568817139,0.63013916015625,0.7453109741210937,0.869501531124115,0.34154458045959474,0.7329103469848632,0.9633342623710632,0.6893357276916504,0.8947903951009114,0.2519630789756775,0.17718430757522582,0.8945157368977864,0.5764175653457642,0.64255690574646,0.8253622055053711,0.3206622898578644,0.1707696795463562,0.8478075663248698,0.5209984183311462,0.5567370891571045,1.0,0.04157135263085365,0.3931227684020996,1.0,0.07339852303266525,0.40705580711364747,0.9321824391682942,0.004851092118769884,0.2512687683105469,0.8718954722086588,0.0076280576176941395,0.32172460556030275,0.9700148264567058,0.0018917269771918654,0.32061944007873533,0.8817028045654297,0.002654735464602709
squat,0.47823257446289064,0.6293869654337565,0.9921312928199768,0.5110767364501954,0.5937737782796224,0.9861496686935425,0.4510529041290283,0.5908629099527994,0.9847901463508606,0.5547896385192871,0.6147071838378906,0.8842347860336304,0.412917423248291,0.6067763646443685,0.8371738791465759,0.6283401489257813,0.8012636820475261,0.948678195476532,0.3422067642211914,0.7901462554931641,0.9842439889907837,0.7084750652313232,0.952794075012207,0.3017147481441498,0.22141475677490235,0.9270005544026693,0.6144773960113525,0.6719762802124023,0.9563521067301433,0.24719278514385223,0.18293397426605223,0.9450447082519531,0.43799421191215515,0.5721926689147949,1.0,0.03908856213092804,0.4153810977935791,1.0,0.06525828689336777,0.4983022689819336,0.9349351247151693,0.005004748236387968,0.38143372535705566,0.8797311147054037,0.007937596179544926,0.4684300422668457,0.9864535013834635,0.0024271623697131872,0.5337121486663818,0.9082504908243815,0.0035315356217324734
squat,0.48028035163879396,0.679707145690918,0.9891268610954285,0.5125080108642578,0.6437945048014323,0.9849427938461304,0.4519707679748535,0.6407003402709961,0.9798193573951721,0.5550683498382568,0.6645157496134441,0.8930789232254028,0.41306748390197756,0.6561009724934895,0.8222235441207886,0.6162618160247803,0.8432043711344401,0.9664576649665833,0.34509730339050293,0.8411770502726237,0.9586731791496277,0.7553284645080567,0.9481042226155599,0.44981175661087036,0.22085840702056886,0.9611526489257812,0.37733227014541626,0.8234366416931153,0.9562328974405925,0.3434349298477173,0.19991846084594728,0.9566847483317057,0.30818790197372437,0.5543191432952881,1.0,0.0721670538187027,0.4126532554626465,1.0,0.06376039236783981,0.5303741455078125,0.9634713490804037,0.010880613699555397,0.4499372959136963,0.9388846079508464,0.010102014988660812,0.4881983757019043,0.9654378890991211,0.005529650487005711,0.5825331687927247,0.9201236089070638,0.005375433247536421
squat,0.47783565521240234,0.695995839436849,0.9921332597732544,0.5074750900268554,0.6634134928385417,0.986309289932251,0.4475719451904297,0.6606218338012695,0.9862478375434875,0.5459359169006348,0.6963158925374349,0.8433308005332947,0.4049720764160156,0.691604741414388,0.849236011505127,0.6122517108917236,0.8840613683064779,0.941628098487854,0.34412083625793455,0.8929461797078451,0.9742776155471802,0.7161952495574951,0.959918721516927,0.27893707156181335,0.21993837356567383,0.9907061258951823,0.4661599099636078,0.7357476234436036,0.9401628494262695,0.2327268123626709,0.14760165214538573,0.9970300038655598,0.3335586190223694,0.5671502113342285,1.0,0.029089275747537613,0.42594127655029296,1.0,0.038898684084415436,0.5150208950042725,0.9374496459960937,0.004330387804657221,0.41134061813354494,0.8944197336832682,0.005747466813772917,0.4678980350494385,0.9430574417114258,0.0023780842311680317,0.5246307373046875,0.8724397023518881,0.003114864928647876
squat,0.4751427173614502,0.6858428955078125,0.9916902780532837,0.506238317489624,0.6518437067667643,0.9851040244102478,0.44574341773986814,0.6480300903320313,0.9865697026252747,0.545840835571289,0.6787638346354167,0.8486505150794983,0.4039201259613037,0.671001942952474,0.8540207147598267,0.6168479919433594,0.8572235107421875,0.9351183176040649,0.34817097187042234,0.8602142333984375,0.9779853820800781,0.7206231117248535,0.9560553232828776,0.24493013322353363,0.24396343231201173,0.9690130233764649,0.5381129384040833,0.7165773868560791,0.9491809844970703,0.1960192173719406,0.17740721702575685,0.9862771352132161,0.35912004113197327,0.5777538299560547,1.0,0.03458819165825844,0.4329219818115234,1.0,0.055105581879615784,0.5251770496368409,0.9505126953125,0.004813102539628744,0.41162886619567873,0.9007509867350261,0.007754473015666008,0.48279471397399903,0.967065175374349,0.0026022049132734537,0.5302073001861572,0.8938158035278321,0.0038991374894976616
squat,0.4719583511352539,0.6479199727376302,0.9812844395637512,0.5013432502746582,0.6077308654785156,0.9691622257232666,0.44358415603637696,0.6080081939697266,0.9620745778083801,0.5421772956848144,0.6138203303019206,0.8399125337600708,0.40490288734436036,0.6136692047119141,0.7600339651107788,0.6215025901794433,0.8101366678873698,0.9450057148933411,0.33790314197540283,0.8025765736897786,0.9746842384338379,0.7173163414001464,0.9505631764729817,0.26062747836112976,0.2198117733001709,0.9306449890136719,0.43637216091156006,0.7021540641784668,0.9180498123168945,0.20729196071624756,0.1790836811065674,0.9213043848673502,0.29299089312553406,0.5602728843688964,1.0,0.03569385036826134,0.41957917213439944,1.0,0.04894458130002022,0.4401543617248535,0.9543114980061849,0.00605493038892746,0.4096083641052246,0.8902434666951498,0.0078155267983675,0.40026111602783204,0.983227030436198,0.0029317650478333235,0.5865552425384521,0.8857288360595703,0.0037544614169746637
squat,0.46976680755615235,0.5679213205973307,0.9662648439407349,0.49516911506652833,0.5342119852701823,0.9177977442741394,0.4462851047515869,0.5321628252665201,0.9216688871383667,0.5263717651367188,0.5514569600423177,0.6570043563842773,0.40928874015808103,0.5464025497436523,0.6523006558418274,0.6007901668548584,0.7414520263671875,0.9397313594818115,0.317600679397583,0.7300764083862304,0.9740964770317078,0.679032278060913,0.8952398935953776,0.5313233733177185,0.17182998657226561,0.8806510289510091,0.7135316133499146,0.6634685039520264,0.8279789606730144,0.48529288172721863,0.1296164035797119,0.8743122736612956,0.5853288173675537,0.5248065948486328,1.0,0.10873768478631973,0.36333327293395995,1.0,0.1454431414604187,0.4551827430725098,0.9635852177937826,0.006013153586536646,0.2972244739532471,0.9012608846028646,0.007100528106093407,0.4509737014770508,0.9989112218221029,0.0014674334088340402,0.41810760498046873,0.8998488108317058,0.0016742064617574215
squat,0.46979236602783203,0.4963414510091146,0.9905655384063721,0.5009634971618653,0.45766687393188477,0.9834948182106018,0.4466252326965332,0.4541794776916504,0.9717742800712585,0.5422194957733154,0.47073357899983725,0.8439986705780029,0.41204447746276857,0.45896517435709633,0.7029780149459839,0.6043311595916748,0.6708309173583984,0.9628207087516785,0.3265373229980469,0.6441603342692057,0.9781885147094727,0.6701392650604248,0.8384357452392578,0.6507426500320435,0.18877251148223878,0.7849088033040365,0.7015877366065979,0.654887056350708,0.8251316706339519,0.5685645341873169,0.196768856048584,0.7367963155110677,0.6160902976989746,0.5496596336364746,1.0,0.1693120300769806,0.38184323310852053,1.0,0.18768006563186646,0.5101866245269775,0.9599965413411459,0.00723935104906559,0.315671968460083,0.9055576960245768,0.007555034942924976,0.5382088661193848,0.9594865798950195,0.001723055960610509,0.44612884521484375,0.8675303141276042,0.0018333923071622849
squat,0.4736047267913818,0.42520567576090496,0.9919121265411377,0.5060627937316895,0.39070634841918944,0.9819222688674927,0.4505914688110352,0.3843847910563151,0.9821202158927917,0.5455491542816162,0.40955867767333987,0.8596780896186829,0.41576271057128905,0.39116878509521485,0.8376861810684204,0.5977033615112305,0.6174564997355143,0.968149721622467,0.3281069278717041,0.5671349207560221,0.9912740588188171,0.624181604385376,0.8060073216756185,0.6504091620445251,0.21649606227874757,0.6737672805786132,0.8756756782531738,0.6276920795440674,0.8990918477376302,0.4660339951515198,0.20541481971740722,0.625337282816569,0.7348113656044006,0.5371671199798584,1.0,0.32926198840141296,0.3717370510101318,0.9901140213012696,0.4650621712207794,0.5188719272613526,1.0,0.010319685563445091,0.3183795213699341,0.9223784764607748,0.015653645619750023,0.5807902336120605,1.0,0.0019590931478887796,0.4745534896850586,0.8904584248860677,0.002730769570916891
squat,0.4747429847717285,0.34581197102864586,0.9903727769851685,0.5028386116027832,0.3149499257405599,0.9765382409095764,0.44959278106689454,0.31195112864176433,0.9869278073310852,0.5395353317260743,0.33484141031901044,0.7915262579917908,0.4181711196899414,0.32737623850504555,0.8771365880966187,0.6031585693359375,0.5198464711507161,0.9347459077835083,0.3516531944274902,0.4910010019938151,0.9770540595054626,0.6814713478088379,0.6130135854085287,0.37182778120040894,0.2627039909362793,0.560531489054362,0.728411078453064,0.7283575057983398,0.5651303609212239,0.25190648436546326,0.24482307434082032,0.5007748603820801,0.5221756100654602,0.5490663528442383,0.9753133138020833,0.24610179662704468,0.39588198661804197,0.9550813039143881,0.3689970076084137,0.5580045700073242,1.0,0.008991306647658348,0.4034896373748779,0.909991709391276,0.015015770681202412,0.6131242752075196,1.0,0.0022913748398423195,0.5607637882232666,0.8697283426920573,0.00352132273837924
squat,0.4779045104980469,0.25621585845947265,0.9905624985694885,0.5039913177490234,0.22548977533976236,0.9817700982093811,0.4506081104278564,0.2259393056233724,0.9767276644706726,0.5423274517059327,0.24790000915527344,0.8418591022491455,0.4192357540130615,0.25010878245035806,0.7364637851715088,0.6057971954345703,0.41865132649739584,0.9793751835823059,0.36223568916320803,0.4056965192159017,0.954211413860321,0.6885323047637939,0.4870343526204427,0.8019357323646545,0.279705548286438,0.47650489807128904,0.6234264373779297,0.7064726829528809,0.4274801254272461,0.6462255716323853,0.3104297399520874,0.42143726348876953,0.5224565863609314,0.5604477405548096,0.9200945536295573,0.7081599831581116,0.40315933227539064,0.9097151438395182,0.6349010467529297,0.5981666564941406,1.0,0.0337211973965168,0.4330772399902344,0.9547807057698567,0.023606140166521072,0.6397365093231201,1.0,0.004348597954958677,0.560348653793335,0.9162836074829102,0.0036296644248068333
squat,0.4731485843658447,0.18565616607666016,0.9935118556022644,0.5007433891296387,0.1538551966349284,0.9811010360717773,0.44775800704956054,0.15155277252197266,0.9894975423812866,0.5362970352172851,0.17520662943522136,0.7584406137466431,0.4141596794128418,0.1694079081217448,0.851553738117218,0.5827196598052978,0.3657446543375651,0.9422546625137329,0.36209447383880616,0.34564367930094403,0.9847480654716492,0.6818622589111328,0.3723411560058594,0.6211744546890259,0.2624044895172119,0.3641309102376302,0.8828632235527039,0.72464017868042,0.3037849426269531,0.4956766664981842,0.22132463455200196,0.3257905960083008,0.7676072120666504,0.5494254112243653,0.9136342366536458,0.7337668538093567,0.40443005561828616,0.8975140889485677,0.8368108868598938,0.5569159507751464,1.0,0.014866100624203682,0.3814758539199829,1.0,0.024724051356315613,0.6413747787475585,1.0,0.0014199087163433433,0.5114855289459228,0.9753491083780924,0.002092070644721389
squat,0.47446722984313966,0.11402123769124349,0.9917409420013428,0.5024045467376709,0.08822949727376302,0.974775493144989,0.4505289077758789,0.08300593694051107,0.9789204001426697,0.5372312545776368,0.12274678548177083,0.7795465588569641,0.420028018951416,0.11047296524047852,0.7723420858383179,0.5839071273803711,0.3139059066772461,0.9726217985153198,0.36327550411224363,0.296209716796875,0.9872848391532898,0.6829336166381836,0.283534304300944,0.8662478923797607,0.2777738094329834,0.30549847284952797,0.9226601123809814,0.7670801162719727,0.21595487594604493,0.7375591397285461,0.21981592178344728,0.2679225603739421,0.8306453824043274,0.5535254001617431,0.8939498901367188,0.8881982564926147,0.40715599060058594,0.8765366236368816,0.9133013486862183,0.5699608325958252,1.0,0.02376140095293522,0.38099448680877684,1.0,0.028729941695928574,0.6639307022094727,1.0,0.0012459363788366318,0.5164073467254638,0.9648115793863933,0.001522175269201398
squat,0.47657070159912107,0.05799535115559896,0.9960042834281921,0.5050849914550781,0.03808285395304362,0.9848344326019287,0.44953107833862305,0.03213078180948893,0.9902545809745789,0.5363181591033935,0.08749217987060547,0.766202986240387,0.4104449272155762,0.07663151423136393,0.8290895819664001,0.5884040355682373,0.26437013943990073,0.9782088994979858,0.3563300848007202,0.26845722198486327,0.9897760152816772,0.7375155448913574,0.17742196718851724,0.8896340131759644,0.2522451400756836,0.2683350880940755,0.9428215622901917,0.8283897399902344,0.04342781702677409,0.806389570236206,0.15446155071258544,0.18431094487508137,0.8922657370567322,0.5540675163269043,0.8560049692789714,0.9363099932670593,0.3979636669158936,0.8462993621826171,0.9525253772735596,0.5667688369750976,1.0,0.04494014382362366,0.3519838809967041,1.0,0.057438500225543976,0.6293267250061035,1.0,0.002041890984401107,0.4533525943756104,1.0,0.0024545863270759583
squat,0.4794346332550049,0.048892911275227866,0.9973480701446533,0.5082402706146241,0.034213860829671226,0.9908645749092102,0.45148186683654784,0.029836495717366535,0.9930991530418396,0.5398285865783692,0.09198474884033203,0.8283449411392212,0.41339969635009766,0.08393742243448893,0.8503984808921814,0.5860633373260498,0.25764311154683434,0.9825649261474609,0.3569803237915039,0.25835552215576174,0.991922914981842,0.7358020782470703,0.1543537934621175,0.9059646129608154,0.20693731307983398,0.21657425562540691,0.9451563954353333,0.8304008483886719,0.0,0.8148374557495117,0.09717330932617188,0.09722738265991211,0.8888713717460632,0.5549446105957031,0.8448858896891276,0.9363915920257568,0.4028613567352295,0.8407577514648438,0.9507862329483032,0.5553229331970215,1.0,0.03916294872760773,0.36524643898010256,1.0,0.04654441028833389,0.6113739490509034,1.0,0.0014652579557150602,0.4735872745513916,1.0,0.0016405039932578802
squat,0.48157458305358886,0.062349700927734376,0.9978489875793457,0.510938310623169,0.04319216410319011,0.9910310506820679,0.4538064479827881,0.03674249649047852,0.993889331817627,0.5420386314392089,0.09303530057271321,0.797245979309082,0.41344847679138186,0.08025503158569336,0.8604677319526672,0.5848366260528565,0.264798641204834,0.9864407181739807,0.35508625507354735,0.25816494623819985,0.993419349193573,0.7499524116516113,0.1626758098602295,0.9258439540863037,0.1997849702835083,0.20606438318888345,0.9593904614448547,0.8436636924743652,0.0010480880737304688,0.8809359073638916,0.09756267070770264,0.056745751698811846,0.9338422417640686,0.5419814586639404,0.8530556996663411,0.949181854724884,0.39215009212493895,0.8465092341105144,0.9603481888771057,0.543317174911499,1.0,0.050481293350458145,0.36484737396240235,1.0,0.061650507152080536,0.5737546443939209,1.0,0.002019240753725171,0.45741448402404783,1.0,0.002270209603011608
squat,0.4855921745300293,0.06919566790262859,0.9978476762771606,0.5139074325561523,0.049228541056315106,0.9903367757797241,0.45752224922180174,0.0433413823445638,0.9938947558403015,0.5441341400146484,0.09744421641031902,0.7764191627502441,0.41755990982055663,0.08673095703125,0.8616108298301697,0.584959602355957,0.2719223658243815,0.9851080775260925,0.36017229557037356,0.26460529963175455,0.9933404326438904,0.7445828437805175,0.16258252461751302,0.9242213368415833,0.20333514213562012,0.2066554069519043,0.9623990654945374,0.842680549621582,0.0,0.8854047656059265,0.09494073390960693,0.053969923655192056,0.9411170482635498,0.5380098342895507,0.8551643371582032,0.9357323050498962,0.39105830192565916,0.8473883310953776,0.9514281749725342,0.5444008350372315,1.0,0.041952405124902725,0.3646549224853516,0.9809858957926433,0.05289646238088608,0.5752863883972168,1.0,0.0017686370993033051,0.4497873783111572,0.9952536265055338,0.002031702548265457
squat,0.4868643760681152,0.06985244750976563,0.9977701902389526,0.5144977569580078,0.051755205790201826,0.9903355836868286,0.45935783386230467,0.045794105529785155,0.9935526847839355,0.5437402725219727,0.10143952369689942,0.788435161113739,0.42020931243896487,0.08998096783955892,0.8667746782302856,0.5857353210449219,0.2720271428426107,0.9876419305801392,0.3587775468826294,0.26223063468933105,0.9935171604156494,0.7407509326934815,0.1607579231262207,0.9361674785614014,0.2054216146469116,0.20082963307698568,0.9614630937576294,0.8447017669677734,0.0,0.8960564136505127,0.10832405090332031,0.04888588587443034,0.9389947056770325,0.5389051914215088,0.8399868647257487,0.9519748091697693,0.39157280921936033,0.8321901321411133,0.960853636264801,0.545878791809082,1.0,0.05901505798101425,0.3655101299285889,0.9820270538330078,0.06951946765184402,0.5787868499755859,1.0,0.002257575513795018,0.4508005142211914,1.0,0.0024822696577757597
squat,0.48706564903259275,0.07534778912862142,0.9977329969406128,0.5152644157409668,0.0576290766398112,0.989719033241272,0.460015869140625,0.05095049540201823,0.9939834475517273,0.5443303108215332,0.1066247304280599,0.7763482928276062,0.42000441551208495,0.09357673327128092,0.8745132088661194,0.587327241897583,0.27286545435587567,0.9855044484138489,0.3601855754852295,0.2640542984008789,0.9937654733657837,0.7460494041442871,0.15781040191650392,0.920957624912262,0.21478044986724854,0.195833953221639,0.9636887311935425,0.8363704681396484,0.0,0.8784112930297852,0.10729577541351318,0.041527080535888675,0.9398259520530701,0.539646053314209,0.8396916071573893,0.945835530757904,0.39236085414886473,0.8307046254475912,0.9602506756782532,0.544569444656372,1.0,0.05752487853169441,0.36556556224823,0.9763133366902669,0.0751073956489563,0.5752951145172119,1.0,0.0024040353018790483,0.4563650131225586,1.0,0.002859399886801839
squat,0.4868020057678223,0.07421442667643229,0.9976845979690552,0.5143606662750244,0.057411543528238934,0.9900112748146057,0.45886621475219724,0.052281761169433595,0.993723452091217,0.5436156272888184,0.1077800432840983,0.7878009080886841,0.4186676502227783,0.0986109733581543,0.8671975135803223,0.588973093032837,0.2715632756551107,0.9858487844467163,0.3599767446517944,0.2634754657745361,0.9932106137275696,0.7443839073181152,0.15853912035624187,0.9252235889434814,0.2144333839416504,0.1920282204945882,0.96014803647995,0.8258720397949219,0.0,0.8823001384735107,0.1117136001586914,0.0411319096883138,0.9345477223396301,0.5423646450042725,0.8458543141682943,0.9458135962486267,0.39247329235076905,0.8370613098144531,0.9580339193344116,0.5481046676635742,1.0,0.05357895419001579,0.36512556076049807,0.9791863759358724,0.06560809165239334,0.5853236675262451,1.0,0.002237445442005992,0.4621710300445557,1.0,0.0025511756539344788
squat,0.4875035762786865,0.07234482765197754,0.9975603818893433,0.5145670890808105,0.05570039749145508,0.9893619418144226,0.46016244888305663,0.04889961878458659,0.9933725595474243,0.5418747425079345,0.1058762550354004,0.7533652186393738,0.4176222324371338,0.09195013046264648,0.8631128072738647,0.5859388828277587,0.26964012781778973,0.98490309715271,0.3547025680541992,0.2540846506754557,0.9917140603065491,0.7495078086853028,0.14795486132303873,0.9274142980575562,0.19975948333740234,0.15810736020406088,0.9540764093399048,0.8233312606811524,0.0,0.8906240463256836,0.11379141807556152,0.0,0.9327165484428406,0.5446816444396972,0.8479223251342773,0.9466938972473145,0.39310669898986816,0.8391648610432942,0.9553700089454651,0.5535701751708985,1.0,0.05104244127869606,0.36843175888061525,0.9941959381103516,0.058418937027454376,0.5810173511505127,1.0,0.0020364345982670784,0.4585577964782715,1.0,0.002195785753428936
squat,0.4871199607849121,0.06796188354492187,0.9975728392601013,0.513589334487915,0.048698075612386066,0.9887433052062988,0.4593672752380371,0.0437689463297526,0.9941970109939575,0.541170597076416,0.09523852666219075,0.7341701984405518,0.41793460845947267,0.08588884671529134,0.8815646767616272,0.5869668483734131,0.26452245712280276,0.9812538623809814,0.3567042350769043,0.2534937858581543,0.9926367998123169,0.7457454681396485,0.14820734659830728,0.8992586135864258,0.2042539596557617,0.16548713048299155,0.9583904147148132,0.8220084190368653,0.0,0.8518571853637695,0.11202704906463623,0.004710642496744791,0.9323241710662842,0.5433205127716064,0.8446555455525716,0.9407920241355896,0.3927775382995605,0.8364707946777343,0.9582352638244629,0.5504368305206299,1.0,0.049925900995731354,0.36640491485595705,0.9977900187174479,0.06737609207630157,0.5845414161682129,1.0,0.002156631788238883,0.4557215690612793,1.0,0.0026200127322226763
squat,0.4882462501525879,0.06313692728678386,0.9974539875984192,0.5144662380218505,0.043657875061035155,0.9872927665710449,0.45975866317749026,0.0400753657023112,0.9939748644828796,0.5419045925140381,0.08969829877217611,0.7214415073394775,0.4158000946044922,0.08435845375061035,0.8817499876022339,0.5892299175262451,0.2567255655924479,0.9851903319358826,0.3620686292648315,0.2560160001118978,0.9933170080184937,0.7494106292724609,0.1698997974395752,0.9140909314155579,0.24364333152770995,0.2194123109181722,0.9613009095191956,0.8126439094543457,0.01987943649291992,0.8728326559066772,0.15163729190826417,0.097186279296875,0.9369345903396606,0.5402818202972413,0.8293210983276367,0.9616686701774597,0.39106097221374514,0.8213744481404622,0.9720511436462402,0.5416188716888428,1.0,0.08514323830604553,0.36462855339050293,0.9954996744791667,0.11119138449430466,0.5760384559631347,1.0,0.003759951563552022,0.4545746326446533,1.0,0.004446804523468018
squat,0.4881807804107666,0.0719937006632487,0.9973053932189941,0.5155695915222168,0.046338558197021484,0.9875717163085938,0.4588009834289551,0.04261792500813802,0.9946503043174744,0.5455639362335205,0.08660430908203125,0.6896717548370361,0.4146151065826416,0.07919445037841796,0.8976219892501831,0.5825932502746582,0.26999375025431316,0.9754387140274048,0.3633300304412842,0.2655709902445475,0.9915959239006042,0.7169862270355225,0.19905614852905273,0.8605564832687378,0.2571889400482178,0.24771169026692708,0.9511024951934814,0.8114496231079101,0.08939838409423828,0.8051640391349792,0.19720516204833985,0.16095247268676757,0.921197235584259,0.5450013637542724,0.8326039632161458,0.9411689639091492,0.39905533790588377,0.8263339996337891,0.9614191651344299,0.5553369522094727,1.0,0.06999856978654861,0.36815946102142333,1.0,0.10283800214529037,0.5998180389404297,1.0,0.0036254937294870615,0.44333324432373045,1.0,0.004682924598455429
squat,0.4809438228607178,0.11937370300292968,0.9910827875137329,0.5099533557891845,0.0897065798441569,0.9764904975891113,0.45309624671936033,0.08791243235270182,0.981979489326477,0.546084213256836,0.12008501688639323,0.7445544004440308,0.41538200378417967,0.11623538335164388,0.7535585165023804,0.5893369197845459,0.3066499392191569,0.9507592916488647,0.36902546882629395,0.29066549936930336,0.9725750684738159,0.6939203262329101,0.32761306762695314,0.7322993874549866,0.28861169815063475,0.31561225255330405,0.8161253333091736,0.7108609199523925,0.2598978201548258,0.5771960020065308,0.2439784288406372,0.2686356862386068,0.6715501546859741,0.5543706893920899,0.8965896606445313,0.7535105347633362,0.4074705123901367,0.8834260304768881,0.7891631722450256,0.5746382713317871,1.0,0.015525606460869312,0.41119723320007323,0.9957410176595052,0.017639009281992912,0.6500706195831298,1.0,0.0013490519486367702,0.5536309242248535,0.9604203542073567,0.0015214643208310008
squat,0.47596564292907717,0.20095885594685872,0.990345299243927,0.5026655197143555,0.1689687728881836,0.9799227118492126,0.4506049156188965,0.1682696024576823,0.9807315468788147,0.5421465396881103,0.188770325978597,0.8435426950454712,0.42452640533447267,0.18765424092610677,0.7951064109802246,0.6085019111633301,0.3863886515299479,0.9663796424865723,0.3628946304321289,0.3510809580485026,0.9790245294570923,0.6702202796936035,0.5421372095743815,0.6484689712524414,0.2661293029785156,0.4631169001261393,0.7956973314285278,0.7212954998016358,0.46162900924682615,0.44241413474082947,0.2572058916091919,0.3807578404744466,0.5963590741157532,0.5617217063903809,0.9046667734781901,0.6254989504814148,0.40242714881896974,0.8843170801798502,0.6939752101898193,0.5951599597930908,1.0,0.019539102911949158,0.40869712829589844,0.9445746103922527,0.025200366973876953,0.6703332424163818,1.0,0.0023637725971639156,0.5361162662506104,0.888740348815918,0.0030514884274452925
squat,0.47496590614318845,0.2979397455851237,0.9901807308197021,0.5050398826599121,0.2626326243082682,0.9817394018173218,0.44852509498596194,0.25979626973470055,0.9831268787384033,0.545156717300415,0.27898934682210286,0.8749637007713318,0.4147606372833252,0.2734833081563314,0.8278072476387024,0.6215105533599854,0.4918980916341146,0.9644726514816284,0.33703083992004396,0.458695125579834,0.9794023036956787,0.6542310237884521,0.7597047170003255,0.4445204734802246,0.2569981336593628,0.6553802490234375,0.654814600944519,0.6464165687561035,0.8340379079182942,0.18880990147590637,0.2245387315750122,0.6175867080688476,0.3604578971862793,0.5678153991699219,0.965167744954427,0.24108697474002838,0.39171223640441893,0.9423882802327473,0.32025277614593506,0.6037972450256348,1.0,0.008757710456848145,0.4026646614074707,0.9070040384928385,0.011874871328473091,0.6700584411621093,1.0,0.002108510583639145,0.5684365272521973,0.8777190526326497,0.002850154647603631
squat,0.47450623512268064,0.3987057050069173,0.9759953618049622,0.505915355682373,0.3695227305094401,0.9528217315673828,0.45374221801757814,0.3617757161458333,0.9420250654220581,0.5435323238372802,0.39744141896565754,0.8158898949623108,0.42132177352905276,0.37725083033243817,0.7437723278999329,0.6188014507293701,0.5870624542236328,0.9590139389038086,0.311288857460022,0.5849946339925131,0.9879812598228455,0.6710832118988037,0.802877680460612,0.5229970812797546,0.18691534996032716,0.8244017918904623,0.7412229776382446,0.6884593963623047,0.8153458913167317,0.30932870507240295,0.16380829811096193,0.7092521667480469,0.49062883853912354,0.555272102355957,1.0,0.13947854936122894,0.37536327838897704,1.0,0.19852478802204132,0.499116039276123,0.9470792770385742,0.006238716188818216,0.314313268661499,0.8435581207275391,0.008101926185190678,0.4941740036010742,0.9967431386311849,0.0014481863472610712,0.4889775276184082,0.8217249552408854,0.0018678734777495265
squat,0.47907657623291017,0.49042250315348307,0.9885246157646179,0.5080923080444336,0.45111980438232424,0.9701528549194336,0.45418596267700195,0.44807516733805336,0.9669983386993408,0.5484522342681885,0.4653544108072917,0.7703123092651367,0.42041678428649903,0.46049944559733075,0.6761201620101929,0.6317886352539063,0.6845066706339519,0.913780689239502,0.3407732963562012,0.6662273406982422,0.9843115210533142,0.705597972869873,0.8543662389119466,0.4033398926258087,0.16376726627349852,0.8363932927449544,0.8120100498199463,0.6611992835998535,0.8016422271728516,0.45398613810539246,0.06327676773071289,0.9526638666788737,0.6917098760604858,0.5497067451477051,1.0,0.0445556715130806,0.38607981204986574,1.0,0.09362002462148666,0.43009157180786134,0.8939683278401692,0.004110140260308981,0.2884210109710693,0.8247165044148763,0.007290513254702091,0.38347687721252444,0.9733284632364909,0.0013826057547703385,0.38634791374206545,0.8841227849324544,0.0021247852127999067
squat,0.4717104911804199,0.5901110331217448,0.9615941643714905,0.4970100879669189,0.5522704442342122,0.9468640089035034,0.4477370262145996,0.5524651845296223,0.9157166481018066,0.5357370376586914,0.5619762420654297,0.8415540456771851,0.4187641620635986,0.5627310434977214,0.6843069195747375,0.6341383934020997,0.7684087117513021,0.9229695200920105,0.32134323120117186,0.7718741099039713,0.9693470001220703,0.7063287734985352,0.916576067606608,0.2389560043811798,0.17464184761047363,0.9436333974202474,0.4084237515926361,0.7076362133026123,0.9128089904785156,0.1706952005624771,0.16430234909057617,0.9187896728515625,0.2442464977502823,0.5495777606964112,1.0,0.0343395359814167,0.39115219116210936,1.0,0.048341840505599976,0.40297889709472656,0.9322024663289388,0.006593246478587389,0.3265272855758667,0.8326511383056641,0.008013145998120308,0.3355108737945557,1.0,0.003465385641902685,0.4852102756500244,0.8461994806925456,0.004306826740503311
squat,0.48415865898132326,0.658856201171875,0.9916644096374512,0.5176854133605957,0.6264884312947591,0.9855105876922607,0.45799880027770995,0.6205242156982422,0.9848141074180603,0.5598576545715332,0.6528469721476237,0.8680582046508789,0.4188688278198242,0.6379793802897136,0.8448754549026489,0.6247218608856201,0.8250350952148438,0.9493317604064941,0.34928030967712403,0.8251164118448894,0.9823482632637024,0.7241806983947754,0.9436290740966797,0.2940187156200409,0.23014626502990723,0.9611167271931966,0.5485502481460571,0.7189807891845703,0.9412091573079427,0.2140514999628067,0.1666327714920044,0.9836487452189128,0.3425099849700928,0.5706825256347656,1.0,0.03695974498987198,0.4232841968536377,1.0,0.05458145961165428,0.5082818031311035,0.9333724975585938,0.0047604539431631565,0.4078813552856445,0.8856773376464844,0.00697582820430398,0.46222405433654784,0.958972422281901,0.002412708941847086,0.5520577907562256,0.8898497899373372,0.003369587939232588
squat,0.4818047046661377,0.703364372253418,0.9913724660873413,0.5141769409179687,0.6682071050008138,0.9866683483123779,0.45275259017944336,0.6640771230061849,0.985211968421936,0.5582691192626953,0.6964040120442708,0.8699691295623779,0.4127774238586426,0.6883329391479492,0.8296187520027161,0.630426025390625,0.8831289927164714,0.9269715547561646,0.35122244358062743,0.8873341878255209,0.9751801490783691,0.7266720771789551,0.969042714436849,0.20282629132270813,0.22428498268127442,0.987896982828776,0.46247467398643494,0.7180660724639892,0.9653006235758463,0.16723935306072235,0.14821305274963378,0.9997681935628255,0.305110901594162,0.5767014503479004,1.0,0.02343982271850109,0.4293841361999512,1.0,0.03709840774536133,0.508244514465332,0.9484520594278971,0.0038240186404436827,0.40203299522399905,0.891433842976888,0.005977966822683811,0.44895687103271487,0.959750239054362,0.0023059258237481117,0.5191347122192382,0.874839719136556,0.003431051503866911
squat,0.48074889183044434,0.704791768391927,0.9913011193275452,0.5132098197937012,0.6703245162963867,0.9862056374549866,0.45193867683410643,0.6662309010823567,0.9856165647506714,0.5566703319549561,0.6993614832560221,0.8664039373397827,0.41187539100646975,0.6910629272460938,0.834161639213562,0.6286062717437744,0.885171635945638,0.9225592613220215,0.3506413459777832,0.8858373641967774,0.9751914739608765,0.7228487491607666,0.9691500345865885,0.1994204968214035,0.22602267265319825,0.9774091720581055,0.4821438193321228,0.7073058605194091,0.9599152247111002,0.16855975985527039,0.14896931648254394,0.9964946746826172,0.3197251558303833,0.5777976512908936,1.0,0.023558588698506355,0.4300342082977295,1.0,0.03892561048269272,0.5123065948486328,0.9473346710205078,0.0037865708582103252,0.4008793354034424,0.8901709874471029,0.006102682091295719,0.466556453704834,0.959710439046224,0.0023268789518624544,0.5260600566864013,0.8769093831380208,0.0035316464491188526
squat,0.4750196933746338,0.6621178944905599,0.9886261820793152,0.5094245433807373,0.6281646092732748,0.9843878746032715,0.4499697685241699,0.6209265391031901,0.9792981147766113,0.5538331031799316,0.6514259974161783,0.8869785070419312,0.4126701831817627,0.6330671946207682,0.8123888373374939,0.6267855644226075,0.83379700978597,0.9392407536506653,0.3371767997741699,0.825167465209961,0.9727027416229248,0.725342845916748,0.9527240753173828,0.21740055084228516,0.21852374076843262,0.9536776860555013,0.388748437166214,0.7097724914550781,0.93216978708903,0.16626109182834625,0.18791575431823732,0.9426916758219401,0.25106364488601685,0.5729210853576661,1.0,0.02839118242263794,0.420483922958374,1.0,0.038881462067365646,0.4997455596923828,0.9503262201944987,0.004819064866751432,0.4065671443939209,0.892915916442871,0.006589958909898996,0.45245885848999023,0.9780068715413411,0.0027574622072279453,0.5666603088378906,0.897096824645996,0.003702945774421096
squat,0.4758485794067383,0.6079292297363281,0.987846851348877,0.5054944038391114,0.5683299382527669,0.9791451692581177,0.4486683368682861,0.5658214569091797,0.9796516299247742,0.5444819927215576,0.5776663462320963,0.8521232604980469,0.41005749702453614,0.5716888427734375,0.847414493560791,0.6195162296295166,0.7772379557291667,0.9238951802253723,0.3226665258407593,0.7694355646769205,0.9804515242576599,0.699742603302002,0.8909203847249348,0.2579214572906494,0.16763789653778077,0.8945181528727214,0.5940405130386353,0.695344877243042,0.8725923538208008,0.24456951022148132,0.1446509838104248,0.8841217041015625,0.46433714032173157,0.5396930694580078,1.0,0.04864128679037094,0.3819118022918701,1.0,0.08469396084547043,0.4299805164337158,0.9510243097941081,0.007510282099246979,0.3205007791519165,0.8806400299072266,0.011737972497940063,0.3740325212478638,0.9943887074788411,0.0037061681505292654,0.4488974094390869,0.8844197591145834,0.005220811348408461
squat,0.4732694149017334,0.5315166155497233,0.9909558892250061,0.5026301383972168,0.49212996164957684,0.9742935299873352,0.44835577011108396,0.4873767852783203,0.9747691750526428,0.542425537109375,0.496636168162028,0.7616198062896729,0.4124174118041992,0.4877744674682617,0.7191922068595886,0.6118314743041993,0.6933703104654948,0.9253314733505249,0.3395068168640137,0.6729506810506185,0.988436758518219,0.6867219924926757,0.8326699574788411,0.46779701113700867,0.14140303134918214,0.820199712117513,0.8663228154182434,0.6601664543151855,0.7580409367879232,0.5034902095794678,0.013986945152282715,0.9278441111246745,0.7667616605758667,0.5425396919250488,1.0,0.06378374248743057,0.3897944211959839,1.0,0.13816380500793457,0.42899088859558104,0.9197474161783854,0.004483365453779697,0.30320522785186765,0.8576714197794596,0.008260988630354404,0.3827017307281494,0.9645180384318034,0.0012842017458751798,0.3933466196060181,0.8843148549397787,0.0020150833297520876
squat,0.47340984344482423,0.4542943636576335,0.990177571773529,0.5064096450805664,0.41554082234700523,0.9776023030281067,0.4496126651763916,0.41080322265625,0.9713581204414368,0.5486231327056885,0.42788740793863933,0.8434365391731262,0.4132838726043701,0.41354910532633465,0.7575222849845886,0.6143362045288085,0.630989138285319,0.9757373332977295,0.3196027040481567,0.6034108479817708,0.9888668656349182,0.6972658157348632,0.7607184092203776,0.7492440342903137,0.18526062965393067,0.7071479161580404,0.8454279899597168,0.7133255004882812,0.7847520192464192,0.6437768340110779,0.1592564821243286,0.6846412658691406,0.7432589530944824,0.5528772830963135,1.0,0.3232300281524658,0.3780163526535034,1.0,0.3866655230522156,0.5286681652069092,1.0,0.00692236702889204,0.33432765007019044,0.9360832214355469,0.008139532059431076,0.5861794948577881,1.0,0.0010079632047563791,0.5070833206176758,0.9270576477050781,0.001184397260658443
squat,0.4732223033905029,0.3765567779541016,0.9903974533081055,0.505345344543457,0.3419182777404785,0.9823494553565979,0.44728240966796873,0.33800830841064455,0.9825870394706726,0.5478087425231933,0.3578943252563477,0.8902551531791687,0.4139987945556641,0.34825798670450847,0.8345422148704529,0.6237977027893067,0.5579514185587565,0.9634838700294495,0.33715109825134276,0.5205560366312663,0.9815471172332764,0.674105453491211,0.7605220794677734,0.41440269351005554,0.24874465465545653,0.6464566548665365,0.6700271964073181,0.6836369514465332,0.8640450795491537,0.20158930122852325,0.2165400743484497,0.582319704691569,0.4199778139591217,0.5580083847045898,0.9981245676676432,0.1873202621936798,0.388114333152771,0.9705584208170573,0.2692931890487671,0.5512405872344971,1.0,0.007460432127118111,0.38862178325653074,0.9055517832438151,0.01093373354524374,0.593605899810791,1.0,0.002001937245950103,0.568880271911621,0.8916395823160808,0.002857600338757038
squat,0.47482662200927733,0.28017606735229494,0.9902550578117371,0.5036149978637695,0.24916696548461914,0.9814319610595703,0.44998693466186523,0.24600442250569662,0.9844079613685608,0.5426828861236572,0.270132573445638,0.8611164689064026,0.4196650505065918,0.2627950032552083,0.8475592732429504,0.6118602752685547,0.4581552187601725,0.9565775394439697,0.34902286529541016,0.43904523849487304,0.9767054915428162,0.6986598014831543,0.5337640126546224,0.5045327544212341,0.2538822889328003,0.5091259320576985,0.6929404735565186,0.7202152252197266,0.5323965072631835,0.3050075173377991,0.2459726095199585,0.46962191263834635,0.4611043632030487,0.5538362026214599,0.9617781321207682,0.48685720562934875,0.39183759689331055,0.9420925776163737,0.567335307598114,0.5572996139526367,1.0,0.015280316583812237,0.3949918270111084,0.9732528686523437,0.019651664420962334,0.6029186248779297,1.0,0.0028288632165640593,0.555150032043457,0.8981185913085937,0.0037278805393725634
squat,0.4725818634033203,0.2099896748860677,0.9941921830177307,0.5020252704620362,0.17718728383382162,0.984926700592041,0.4473583698272705,0.1746136983235677,0.98708176612854,0.5407791614532471,0.19815953572591147,0.8445484042167664,0.41584172248840334,0.19094212849934897,0.8216632008552551,0.5942959785461426,0.3954363505045573,0.96993488073349,0.3540896654129028,0.36444454193115233,0.9892627596855164,0.6804216384887696,0.4639263153076172,0.7597662210464478,0.23729028701782226,0.41142117182413734,0.8997958898544312,0.740924072265625,0.4202167510986328,0.5989996790885925,0.17020249366760254,0.3790695826212565,0.766363799571991,0.5503212928771972,0.9452856063842774,0.7349755167961121,0.39488437175750735,0.9236551920572916,0.8136541843414307,0.5511103630065918,1.0,0.016269773244857788,0.3606372833251953,0.987787373860677,0.022132253274321556,0.6454176902770996,1.0,0.0014697472797706723,0.5044275283813476,0.9374518076578776,0.0019545634277164936
squat,0.4775526523590088,0.13280728658040364,0.9924505352973938,0.5050544261932373,0.09997768402099609,0.9748016595840454,0.45073137283325193,0.09778563181559245,0.9785367250442505,0.5369508743286133,0.12958981196085612,0.7290154695510864,0.4097554683685303,0.12414544423421224,0.7570555210113525,0.5906402587890625,0.3420978546142578,0.9746164083480835,0.33885931968688965,0.3226924896240234,0.9894745349884033,0.7232665061950684,0.3576820373535156,0.875408411026001,0.19079880714416503,0.3371580441792806,0.9309110641479492,0.7632533073425293,0.2685759862263997,0.831143856048584,0.12608628273010253,0.27250340779622395,0.8913096785545349,0.5530006408691406,0.8916010538736979,0.8834021091461182,0.3930105209350586,0.8806142171223958,0.9100313782691956,0.5427707672119141,1.0,0.02613977901637554,0.3516703605651855,0.9945343017578125,0.03066229075193405,0.622842264175415,1.0,0.0013705421006307006,0.48338732719421384,0.9721497853597005,0.0015398998511955142
squat,0.4765967845916748,0.061050001780192056,0.9897210001945496,0.5074236869812012,0.03493366241455078,0.9637372493743896,0.4498460292816162,0.02989050547281901,0.971365213394165,0.5423513889312744,0.07983560562133789,0.693595290184021,0.40963144302368165,0.06878477732340495,0.6998088955879211,0.595036792755127,0.2799626350402832,0.9509658813476562,0.3552053451538086,0.26492673556009927,0.990881085395813,0.6957828998565674,0.3123389561971029,0.8159887194633484,0.2607708215713501,0.2989215850830078,0.9574709534645081,0.6789072036743165,0.2650702635447184,0.7585662603378296,0.1739465355873108,0.2740541140238444,0.9082568883895874,0.5680265426635742,0.8651009241739909,0.9014336466789246,0.41009883880615233,0.8488177617390951,0.948602020740509,0.5430600643157959,1.0,0.02947518602013588,0.36371421813964844,1.0,0.05268673971295357,0.5932677745819092,1.0,0.0011265288339927793,0.4844374179840088,1.0,0.0017540366388857365
squat,0.4787631034851074,0.04957040150960287,0.9966133236885071,0.5091782569885254,0.029590733846028647,0.9856426119804382,0.4521442413330078,0.0220582644144694,0.9914694428443909,0.5425763607025147,0.08137470881144206,0.7653990387916565,0.4136399745941162,0.06432587305704753,0.8666595816612244,0.5823834419250489,0.2621904373168945,0.9837679266929626,0.35704498291015624,0.25702872276306155,0.9943049550056458,0.7166638374328613,0.22166455586751302,0.914401113986969,0.24798216819763183,0.2965099016825358,0.9671228528022766,0.8384905815124511,0.12744617462158203,0.8441354036331177,0.1716521978378296,0.2521384080251058,0.9300653338432312,0.5491860866546631,0.8298789978027343,0.9522894024848938,0.3989985227584839,0.8219090779622396,0.9680840373039246,0.5517114639282227,1.0,0.05072249099612236,0.3554492712020874,1.0,0.07157187163829803,0.6047757148742676,1.0,0.001870382227934897,0.4478471755981445,0.9970647811889648,0.0023682434111833572
squat,0.47874674797058103,0.0648675282796224,0.9962964653968811,0.5096592903137207,0.03692614237467448,0.9819544553756714,0.45246038436889646,0.029289944966634115,0.9916831254959106,0.5438119888305664,0.07546358108520508,0.6836676597595215,0.412416934967041,0.057233174641927086,0.8679008483886719,0.5790933609008789,0.2614519755045573,0.9749944806098938,0.3590812921524048,0.2559178034464518,0.9940220713615417,0.7192271709442138,0.21707507769266765,0.8821415901184082,0.246950101852417,0.29687652587890623,0.9723483920097351,0.835542869567871,0.11226472854614258,0.8240358233451843,0.17910189628601075,0.24816576639811197,0.9454368948936462,0.5487329006195069,0.827799924214681,0.9297872185707092,0.3994208574295044,0.8195974349975585,0.9609344601631165,0.5528495788574219,1.0,0.04092857614159584,0.3436611175537109,0.9768250783284506,0.06976954638957977,0.60557861328125,1.0,0.0019985653925687075,0.4222414016723633,0.9465558369954427,0.0028461760375648737
squat,0.48164820671081543,0.07370449701944987,0.9969450831413269,0.5103823184967041,0.046580060323079424,0.9846565127372742,0.45450892448425295,0.04006907145182292,0.9932039976119995,0.5420382499694825,0.08491268157958984,0.698520839214325,0.4135143756866455,0.0708773930867513,0.8852540254592896,0.5823804855346679,0.2741591771443685,0.9785940647125244,0.3575160980224609,0.27010383605957033,0.9943273663520813,0.727589750289917,0.2016895294189453,0.8841671347618103,0.23121657371520996,0.2846378326416016,0.9687382578849792,0.8358353614807129,0.06610870361328125,0.8197271227836609,0.14596333503723144,0.22116166750590008,0.9407714605331421,0.5519227027893067,0.8467525482177735,0.9318504333496094,0.40330004692077637,0.8382801055908203,0.9603801965713501,0.5578900814056397,1.0,0.0390828400850296,0.3631587982177734,1.0,0.06337440758943558,0.6113686084747314,1.0,0.0016666757874190807,0.44782042503356934,0.9878466288248698,0.0023059346713125706
squat,0.480845308303833,0.07246348063151041,0.9973871111869812,0.5087179183959961,0.05011959075927734,0.9879127144813538,0.45250210762023924,0.04611390431722005,0.9939646124839783,0.5412656307220459,0.09596112569173178,0.763200044631958,0.414872407913208,0.08864771525065104,0.8915082216262817,0.5861610889434814,0.27524372736612956,0.9813711047172546,0.3601832866668701,0.27477728525797523,0.9950749278068542,0.7215512275695801,0.196881898244222,0.8952738642692566,0.22832679748535156,0.2794559160868327,0.9716442227363586,0.8443305969238282,0.04592313766479492,0.8172774314880371,0.13242676258087158,0.19053168296813966,0.9389551281929016,0.5531081199645996,0.8456615447998047,0.9339130520820618,0.40256366729736326,0.8379771550496419,0.9616304039955139,0.5597516059875488,1.0,0.03820296749472618,0.3574389457702637,1.0,0.061432067304849625,0.6189086437225342,1.0,0.001510083326138556,0.44440722465515137,0.9871100743611654,0.0021015091333538294
squat,0.4816286563873291,0.07449283599853515,0.9971240162849426,0.5102497100830078,0.050555992126464847,0.9873430728912354,0.45388283729553225,0.046672916412353514,0.9937641620635986,0.5440091133117676,0.09365488688151041,0.7530328035354614,0.41730389595031736,0.08591960271199545,0.8815034627914429,0.5863236427307129,0.2734348297119141,0.974631667137146,0.3643719434738159,0.2717937787373861,0.9939495325088501,0.7227432250976562,0.19047136306762696,0.8629321455955505,0.23233742713928224,0.27373377482096356,0.9665495157241821,0.8415831565856934,0.03741588592529297,0.7797428965568542,0.14046809673309327,0.19498198827107746,0.9296858906745911,0.5522649765014649,0.8454607645670573,0.9162524342536926,0.4030360221862793,0.8371833801269531,0.9534308910369873,0.5575675964355469,1.0,0.03634176403284073,0.3517183780670166,0.9867127736409506,0.061451587826013565,0.6219111442565918,1.0,0.001805841806344688,0.4400203704833984,0.9709912618001302,0.0025898802559822798
squat,0.4834138870239258,0.0761699358622233,0.9970135688781738,0.5113999366760253,0.05053869883219401,0.9866313338279724,0.45456662178039553,0.04784262975056966,0.9930225014686584,0.544829273223877,0.09233036041259765,0.7459719181060791,0.4169288635253906,0.08812789916992188,0.8714471459388733,0.5875542163848877,0.2742250124613444,0.9784063100814819,0.36604201793670654,0.2763889630635579,0.9941881895065308,0.7248044013977051,0.19723671277364094,0.8880718946456909,0.23158891201019288,0.27669811248779297,0.9690725803375244,0.8478601455688477,0.041796366373697914,0.8104440569877625,0.13121461868286133,0.17171675364176434,0.9351311326026917,0.553866958618164,0.8430515925089518,0.9361509680747986,0.4055001258850098,0.8373101552327474,0.9625649452209473,0.5629229545593262,1.0,0.04456879571080208,0.3606616973876953,1.0,0.07118915021419525,0.6236674308776855,1.0,0.001937437686137855,0.4406449317932129,0.9841927846272787,0.0026733516715466976
squat,0.4842058181762695,0.07616291046142579,0.9970934391021729,0.5124241828918457,0.05210119883219401,0.9881520867347717,0.4561121940612793,0.04921741485595703,0.9936112761497498,0.5460539817810058,0.09519430796305338,0.7748216986656189,0.41996917724609373,0.09059123992919922,0.8729515671730042,0.5929203033447266,0.2740131060282389,0.9741587042808533,0.36684608459472656,0.2756617228190104,0.9935349225997925,0.7309453964233399,0.19128878911336264,0.8590251207351685,0.22967400550842285,0.2660224437713623,0.9636569619178772,0.8411417961120605,0.032935778299967446,0.7665575742721558,0.12552788257598876,0.15727558135986328,0.9209625720977783,0.5586397647857666,0.8476083119710286,0.9164615273475647,0.4065570831298828,0.8405478795369467,0.9526028037071228,0.5689126968383789,1.0,0.03557267040014267,0.3554561614990234,0.9982391357421875,0.05898585543036461,0.6345848083496094,1.0,0.001706138951703906,0.44280118942260743,0.9834107081095378,0.002429412445053458
squat,0.4879153251647949,0.0728520393371582,0.9969689249992371,0.5156489372253418,0.04859215418497721,0.9870625138282776,0.4601596355438232,0.04482396443684896,0.9932425618171692,0.5470010757446289,0.0911251703898112,0.7428941130638123,0.4217183589935303,0.08417523701985677,0.8696416020393372,0.5898282527923584,0.2737314542134603,0.975138783454895,0.3667431116104126,0.2719984690348307,0.9925837516784668,0.7287873268127442,0.19300413131713867,0.8688917756080627,0.2324321985244751,0.2609820048014323,0.9571304321289062,0.8395121574401856,0.03459011713663737,0.7777687311172485,0.125791335105896,0.15771319071451823,0.912629246711731,0.5577298641204834,0.8493061065673828,0.9189096093177795,0.4086600780487061,0.8422850290934245,0.9494112730026245,0.5717290878295899,1.0,0.0366835817694664,0.36731686592102053,1.0,0.05523328110575676,0.6419365882873536,1.0,0.0016771977534517646,0.45891718864440917,0.9980765024820963,0.002222347306087613
squat,0.4890300750732422,0.06396745045979818,0.9972713589668274,0.5178669452667236,0.041784445444742836,0.988442599773407,0.46092829704284666,0.037177658081054686,0.9939020872116089,0.5491992950439453,0.08894065221150717,0.7510491609573364,0.4208974838256836,0.07968308130900065,0.8760363459587097,0.5884521484375,0.26905991236368815,0.9760441184043884,0.36449904441833497,0.26562153498331703,0.9929074048995972,0.726866340637207,0.1943403402964274,0.8686395287513733,0.22214908599853517,0.2535066763559977,0.9555135369300842,0.8421381950378418,0.04184239705403646,0.7697431445121765,0.10495147705078126,0.14322083791097004,0.9068285822868347,0.5565282821655273,0.8473466873168946,0.9159749746322632,0.4075214385986328,0.8412470499674479,0.9469425678253174,0.5658924102783203,1.0,0.03655555099248886,0.36796011924743655,1.0,0.0536760538816452,0.6327109336853027,1.0,0.001680120942182839,0.46529345512390136,0.9990131378173828,0.002178819151595235
squat,0.4885368347167969,0.05707273483276367,0.9972915053367615,0.518218994140625,0.03406070073445638,0.9893065094947815,0.46089491844177244,0.028769302368164062,0.9935213923454285,0.5503702163696289,0.08107655843098958,0.7730506062507629,0.4212063789367676,0.06948992411295572,0.8657799959182739,0.5868729591369629,0.27009328206380206,0.9776535630226135,0.36208841800689695,0.2608922004699707,0.9927783608436584,0.7234627723693847,0.2083458423614502,0.8706423044204712,0.20622754096984863,0.2534871419270833,0.9476274847984314,0.8421147346496582,0.07275997797648112,0.7647778391838074,0.08356709480285644,0.16254326502482097,0.8913736939430237,0.5551845550537109,0.8555903752644857,0.9081364274024963,0.407825231552124,0.8482685724894206,0.9384424090385437,0.5566230773925781,1.0,0.03317584842443466,0.3708182811737061,1.0,0.04486766830086708,0.6285115242004394,1.0,0.001614354201592505,0.47977867126464846,0.9846888860066731,0.001983309630304575
squat,0.48572964668273927,0.06456438700358073,0.994167685508728,0.5164751052856446,0.031049029032389323,0.9835848808288574,0.45575313568115233,0.03186842600504557,0.9837084412574768,0.555762767791748,0.0647134780883789,0.7914469838142395,0.41596360206604005,0.06794500350952148,0.740496814250946,0.6123993873596192,0.2695415178934733,0.9660712480545044,0.3674585819244385,0.2645602226257324,0.9915295839309692,0.7177966117858887,0.317126210530599,0.7924789190292358,0.2586690664291382,0.2934692064921061,0.9355694055557251,0.7270081996917724,0.27902215321858725,0.7060312628746033,0.15860755443573,0.2122175693511963,0.8605570197105408,0.5717194557189942,0.833145014444987,0.9334626793861389,0.4142153739929199,0.8217173894246419,0.960589587688446,0.5452597618103028,1.0,0.08833194524049759,0.37259180545806886,0.9961939493815104,0.1393749713897705,0.5939563751220703,1.0,0.0058045960031449795,0.48708319664001465,1.0,0.008581805042922497
squat,0.4806981086730957,0.09947500228881836,0.9922341108322144,0.5129814147949219,0.06752456029256185,0.9820374250411987,0.45323781967163085,0.061643123626708984,0.9837695360183716,0.5534141063690186,0.10308930079142252,0.8194220066070557,0.41712350845336915,0.09067503611246745,0.7742506861686707,0.6048659324645996,0.3270378112792969,0.9565793871879578,0.35843591690063475,0.3015838305155436,0.9798269271850586,0.7065096855163574,0.3714707374572754,0.6773216128349304,0.26120967864990235,0.3469181696573893,0.8128735423088074,0.7345623016357422,0.31276645660400393,0.5160358548164368,0.20525364875793456,0.3057117780049642,0.6557003259658813,0.5648429870605469,0.9014654795328776,0.7272204160690308,0.4076350212097168,0.8828079223632812,0.7843532562255859,0.5848860263824462,1.0,0.01427080761641264,0.4092298984527588,0.9948908487955729,0.018023230135440826,0.658892011642456,1.0,0.001242942875251174,0.5571028709411621,0.9392981211344401,0.0015480798901990056
squat,0.48140535354614256,0.17885462443033853,0.9672565460205078,0.5058984756469727,0.15067806243896484,0.925933837890625,0.4603910446166992,0.14591477711995443,0.9283014535903931,0.5382832527160645,0.17543570200602213,0.7070748209953308,0.43419480323791504,0.1650546391805013,0.6699404716491699,0.6178360939025879,0.3740827560424805,0.9703937768936157,0.3521456718444824,0.34746452967325847,0.9573163390159607,0.6861166000366211,0.5697226206461589,0.6990277171134949,0.2814252614974976,0.5240575790405273,0.6445627808570862,0.7020810604095459,0.48933769861857096,0.4624393880367279,0.30301294326782224,0.4447313944498698,0.4496019184589386,0.5791092395782471,0.8738137563069661,0.6247186064720154,0.41297383308410646,0.8596692403157552,0.6038644909858704,0.6373049259185791,0.9954156239827474,0.03284564986824989,0.4622068405151367,0.8871721903483073,0.029751015827059746,0.7001562118530273,1.0,0.004355141427367926,0.6165592193603515,0.8425343831380209,0.004444525111466646
squat,0.4749697208404541,0.26792653401692706,0.9912635087966919,0.5084533214569091,0.23684536616007487,0.9820964336395264,0.4488553524017334,0.2310066858927409,0.9817789793014526,0.5494176387786865,0.2707627296447754,0.9022384285926819,0.41385784149169924,0.257870356241862,0.858181357383728,0.6345405101776123,0.49488557179768883,0.9842931628227234,0.32243506908416747,0.4818467458089193,0.9892627596855164,0.6749950408935547,0.777498435974121,0.5265526175498962,0.27747862339019774,0.7674093246459961,0.6481168866157532,0.6679463386535645,0.7734257380167643,0.25212255120277405,0.28381688594818116,0.7771979014078776,0.30929192900657654,0.5746576309204101,0.9779430389404297,0.18196508288383484,0.3886359691619873,0.9622692108154297,0.22106191515922546,0.5780814170837403,1.0,0.005595621187239885,0.40023212432861327,0.8743273417154948,0.0065102470107376575,0.635183048248291,1.0,0.001150771277025342,0.6167751312255859,0.8615818023681641,0.0014250659151002765
squat,0.4673736095428467,0.4147308349609375,0.9808277487754822,0.4947136402130127,0.38613754908243814,0.9545533061027527,0.44737863540649414,0.38270276387532554,0.954422116279602,0.5325978755950928,0.4068515141805013,0.8494006991386414,0.42215490341186523,0.39969050089518227,0.7861312627792358,0.617576789855957,0.5855465571085612,0.9833526611328125,0.3255352258682251,0.5936207453409831,0.9881210327148438,0.698851490020752,0.7719936370849609,0.6936933994293213,0.2350167751312256,0.8055884043375651,0.7497557997703552,0.7226866245269775,0.7542649586995442,0.4214831590652466,0.17388761043548584,0.7547279993693033,0.47495555877685547,0.5541582584381104,0.999612299601237,0.25580984354019165,0.38668887615203856,0.9939711888631185,0.2817658483982086,0.5882574081420898,0.9783953348795573,0.010195187292993069,0.434153413772583,0.867215347290039,0.011117530055344105,0.6279698848724365,1.0,0.0017837341874837875,0.6315219879150391,0.8443672815958659,0.002152901841327548
squat,0.4766390800476074,0.5050045331319173,0.9801892042160034,0.5078699588775635,0.46833375295003254,0.9642711877822876,0.45056824684143065,0.4651920954386393,0.9579020738601685,0.5475358486175537,0.4895847956339518,0.8217320442199707,0.41354875564575194,0.479650338490804,0.7962387800216675,0.624095344543457,0.6979372024536132,0.9464776515960693,0.31149170398712156,0.7002117156982421,0.9832149147987366,0.6877600669860839,0.8945491790771485,0.3405647277832031,0.18892250061035157,0.9235287984212239,0.570672333240509,0.7130296707153321,0.894305928548177,0.24029450118541718,0.20270559787750245,0.835101826985677,0.3912435472011566,0.5552760124206543,1.0,0.04978018254041672,0.38393166065216067,1.0,0.07265056669712067,0.4620577335357666,0.9324399948120117,0.005490422714501619,0.3338387727737427,0.8491044362386068,0.007230613846331835,0.4288245677947998,0.9917232513427734,0.0022346985060721636,0.5103180885314942,0.8462832768758138,0.0028687510639429092
squat,0.4659085273742676,0.597951062520345,0.9540736675262451,0.4993274688720703,0.5631789525349935,0.9258453845977783,0.44323053359985354,0.5615322113037109,0.8673068881034851,0.5467193603515625,0.5912153879801433,0.7987235188484192,0.4119253158569336,0.5826405843098958,0.5549102425575256,0.619291877746582,0.7907329559326172,0.9577351808547974,0.31131298542022706,0.7980621337890625,0.9562591314315796,0.72172532081604,0.9604928334554036,0.47358793020248413,0.19878487586975097,0.9888944625854492,0.35559993982315063,0.7496053218841553,0.9209692637125652,0.41392937302589417,0.2059009313583374,0.9107446034749349,0.3136928379535675,0.5435696125030518,1.0,0.03736776486039162,0.3833190441131592,1.0,0.031932931393384933,0.4925848960876465,0.8901931762695312,0.006391399540007114,0.40941410064697265,0.8533394495646159,0.00539246154949069,0.4800547122955322,0.9570958455403645,0.0026439994107931852,0.6257871150970459,0.8934559504191081,0.0024891532957553864
squat,0.47478547096252444,0.6945069630940756,0.9842376112937927,0.5083854675292969,0.6577278772989908,0.9813733696937561,0.44872307777404785,0.6498902638753256,0.97580486536026,0.5506306648254394,0.6743334452311198,0.8946158289909363,0.4099104881286621,0.657512919108073,0.8062084913253784,0.628383731842041,0.8566650390625,0.9079620838165283,0.3411624193191528,0.8524341583251953,0.9637399315834045,0.7212784767150879,0.9790644963582357,0.14075714349746704,0.23509502410888672,0.991030502319336,0.31241869926452637,0.6745030403137207,0.9720858891805013,0.112249955534935,0.18470637798309325,0.9907737731933594,0.19452877342700958,0.5701035976409912,1.0,0.02781054750084877,0.4225303649902344,1.0,0.042048875242471695,0.4793267726898193,0.9989304860432943,0.008047940209507942,0.4091185569763184,0.9226215998331706,0.01171872764825821,0.40703563690185546,1.0,0.0061224475502967834,0.5565666198730469,0.92152525583903,0.008677101694047451
squat,0.4736629962921143,0.734282112121582,0.9828832745552063,0.5071436882019043,0.6952599843343099,0.9809324741363525,0.4439171314239502,0.6927968343098958,0.979097843170166,0.5518934249877929,0.7180520375569661,0.8594966530799866,0.40381507873535155,0.7119441350301107,0.8250811100006104,0.6225350379943848,0.9019938151041667,0.8506107330322266,0.34389193058013917,0.9076000849405924,0.9397947788238525,0.7127210140228272,0.9831915537516276,0.07530508190393448,0.24335780143737792,1.0,0.1905413419008255,0.6972646713256836,0.979664166768392,0.061311814934015274,0.20957906246185304,1.0,0.11798284947872162,0.5731438636779785,1.0,0.013613060116767883,0.4312025547027588,1.0,0.020397832617163658,0.49721369743347166,0.9765773773193359,0.0048286630772054195,0.42696242332458495,0.9182273228963216,0.0072703552432358265,0.4516336441040039,0.9836069742838541,0.005042391829192638,0.5786230087280273,0.8962685902913411,0.007337305694818497
squat,0.47295589447021485,0.7267354329427084,0.9795207381248474,0.5069247245788574,0.6907862345377604,0.9804202318191528,0.44406614303588865,0.6848151524861653,0.9722129106521606,0.5476990222930909,0.7187416076660156,0.8853498101234436,0.40148420333862306,0.7051311492919922,0.7913684248924255,0.620296573638916,0.9039866765340169,0.8860487341880798,0.3377096652984619,0.9020338694254557,0.9268833994865417,0.7203540325164794,0.9963518142700195,0.11081186681985855,0.24486498832702636,1.0,0.15191924571990967,0.6968472480773926,0.9833794275919596,0.08020228147506714,0.21557936668395997,1.0,0.09413027763366699,0.5742417812347412,1.0,0.02391851507127285,0.42932724952697754,1.0,0.027804607525467873,0.4933905124664307,1.0,0.008298690430819988,0.42115092277526855,0.9524776458740234,0.009433499537408352,0.45178952217102053,1.0,0.00768301822245121,0.5808022499084473,0.92530517578125,0.00918294582515955
squat,0.4620970726013184,0.6722645441691081,0.9783650040626526,0.4931621074676514,0.6369673411051432,0.9720357060432434,0.43621253967285156,0.6360131581624349,0.9556977152824402,0.5387609004974365,0.6552174886067709,0.8809384107589722,0.402630090713501,0.6522308985392252,0.7177284955978394,0.6226413249969482,0.842906125386556,0.9454334378242493,0.32939088344573975,0.8363566716512044,0.9641942977905273,0.7148931503295899,0.9851875940958659,0.23969566822052002,0.22050297260284424,0.9679332097371419,0.31596997380256653,0.6874144554138184,0.957394536336263,0.1685119867324829,0.18638713359832765,0.9557058334350585,0.18908238410949707,0.5522343635559082,1.0,0.02860836125910282,0.40160222053527833,1.0,0.03345152363181114,0.46842164993286134,0.9603086471557617,0.005284992512315512,0.4039458274841309,0.8883794148763021,0.006094173528254032,0.43805994987487795,0.9962534586588542,0.002987365936860442,0.5896749496459961,0.8894200642903646,0.003638241905719042
squat,0.46026296615600587,0.5919161478678385,0.9769747257232666,0.48986148834228516,0.5559766133626302,0.965264618396759,0.4356233596801758,0.5560377756754558,0.9452002644538879,0.5286122798919678,0.5731333414713542,0.8672707676887512,0.4007744789123535,0.5711199442545573,0.7084512114524841,0.6132078647613526,0.7724262237548828,0.962407648563385,0.308553147315979,0.7685651143391927,0.9696929454803467,0.7088219165802002,0.9349295934041341,0.4111977219581604,0.191764497756958,0.9232915878295899,0.3858960270881653,0.7037154197692871,0.909857177734375,0.2808980643749237,0.15365328788757324,0.8969020843505859,0.23964187502861023,0.5393634796142578,1.0,0.04848406836390495,0.3781950235366821,1.0,0.04831492900848389,0.46341629028320314,0.9388301213582356,0.006420016288757324,0.3629936218261719,0.863099733988444,0.005818309728056192,0.477980375289917,0.9907867431640625,0.0028242277912795544,0.573215913772583,0.8712377548217773,0.002874811179935932
squat,0.45633583068847655,0.503884760538737,0.9846183657646179,0.48614959716796874,0.4644952138264974,0.9734026789665222,0.43318328857421873,0.46522610982259116,0.9586856961250305,0.5264417648315429,0.4793393135070801,0.8346718549728394,0.4003431797027588,0.4786719640096029,0.6270842552185059,0.6006925582885743,0.6889841715494792,0.9454275965690613,0.32389039993286134,0.6780142466227214,0.9726991653442383,0.6657634735107422,0.8654764811197917,0.48374441266059875,0.21668496131896972,0.8215661366780599,0.5971099734306335,0.6405747413635254,0.8849285125732422,0.33110660314559937,0.14040944576263428,0.8083498636881511,0.38529565930366516,0.5406770706176758,1.0,0.10947784781455994,0.37831313610076905,1.0,0.13598570227622986,0.4822375297546387,0.9728051503499349,0.006127762608230114,0.2997479200363159,0.8903379440307617,0.006739321630448103,0.5460695743560791,0.9951941808064778,0.001924570999108255,0.46518497467041015,0.868528683980306,0.0022113716695457697
squat,0.4602053165435791,0.4241715749104818,0.9878929257392883,0.48968873023986814,0.38923314412434895,0.9737066030502319,0.4349971294403076,0.38820772171020507,0.9729602932929993,0.5267241477966309,0.40756251017252604,0.8568074107170105,0.3993492841720581,0.4043818473815918,0.8089478015899658,0.5996465682983398,0.6056135813395183,0.9673528075218201,0.31605987548828124,0.6028345743815104,0.9890623688697815,0.667171573638916,0.758703867594401,0.5847099423408508,0.21219782829284667,0.7421794255574544,0.7800216674804688,0.678251838684082,0.8301937103271484,0.3520433008670807,0.135307240486145,0.7166298548380534,0.5279874801635742,0.5489117622375488,1.0,0.20907753705978394,0.3847045421600342,1.0,0.2878550589084625,0.5144725799560547,1.0,0.007330522406846285,0.35298972129821776,0.8938299814860026,0.009421802125871181,0.5726871967315674,1.0,0.0016566513804718852,0.5506064414978027,0.8707166035970052,0.0021713802125304937
squat,0.4626940727233887,0.3340261459350586,0.9857774376869202,0.48838281631469727,0.3019376754760742,0.9699927568435669,0.43712406158447265,0.3031534830729167,0.9784491062164307,0.5248300552368164,0.31947956085205076,0.8448171019554138,0.406587028503418,0.3237220128377279,0.8665301203727722,0.6093755722045898,0.5072935422261556,0.9648231863975525,0.32681610584259035,0.5127418835957845,0.9818053841590881,0.6887743949890137,0.6296759923299153,0.4632694125175476,0.23240511417388915,0.6521402994791666,0.6501433849334717,0.7013128757476806,0.6662623087565104,0.20970255136489868,0.19604136943817138,0.6805537541707357,0.3225274980068207,0.5537328720092773,0.9732781092325846,0.29876863956451416,0.3889817714691162,0.9636398315429687,0.36984753608703613,0.554387378692627,1.0,0.011539120227098465,0.41794734001159667,0.9188807169596355,0.014122772961854935,0.6058125495910645,1.0,0.002792718820273876,0.6172352313995362,0.8386987050374349,0.003660270944237709
squat,0.4625378608703613,0.25096251169840494,0.9879342317581177,0.48976683616638184,0.2224733352661133,0.9767915606498718,0.43825588226318357,0.22064104080200195,0.9723280072212219,0.5276049613952637,0.2483523686726888,0.832612931728363,0.4082955360412598,0.2440784772237142,0.7481544017791748,0.5912065029144287,0.41455122629801433,0.9800912737846375,0.3442393779754639,0.42016607920328775,0.9571217894554138,0.6896487712860108,0.4710469563802083,0.7836335897445679,0.26746292114257814,0.527846082051595,0.5837541222572327,0.7167325973510742,0.4469179153442383,0.5443263053894043,0.298551082611084,0.5046516418457031,0.41607004404067993,0.5527580261230469,0.9122281392415365,0.7300745844841003,0.39662919044494627,0.9102040608723958,0.6553775072097778,0.5847642421722412,1.0,0.04319045692682266,0.43384466171264646,0.9883846918741862,0.030169257894158363,0.6198688507080078,1.0,0.005900425370782614,0.5806074619293213,0.909747314453125,0.0049356077797710896
squat,0.4589101791381836,0.17514527638753255,0.9904122948646545,0.482218074798584,0.14302040735880533,0.9744868874549866,0.4350389003753662,0.1434701919555664,0.9698126912117004,0.5135404109954834,0.1629304567972819,0.7864248156547546,0.40290188789367676,0.16257114410400392,0.7124214172363281,0.5761885643005371,0.3719438870747884,0.9718590378761292,0.3399752140045166,0.3366230010986328,0.99146568775177,0.6540667533874511,0.543087895711263,0.8250980973243713,0.21259145736694335,0.392774772644043,0.9332877993583679,0.6690869808197022,0.7141749699910481,0.6376933455467224,0.15605876445770264,0.3707903226216634,0.8173220753669739,0.542418384552002,0.913198979695638,0.8424388766288757,0.39220144748687746,0.8939121882120769,0.8947159647941589,0.5176922798156738,1.0,0.03676747530698776,0.3542750358581543,1.0,0.05316003039479256,0.5602165699005127,1.0,0.002994426991790533,0.4569483757019043,0.9499365488688151,0.0041365837678313255
squat,0.45889992713928224,0.09966230392456055,0.992949366569519,0.48841238021850586,0.07579005559285482,0.9798562526702881,0.43312320709228513,0.07114855448404948,0.9834064245223999,0.5252220630645752,0.11833477020263672,0.808462917804718,0.4006053447723389,0.10909042358398438,0.78111732006073,0.5798937797546386,0.3075929005940755,0.9669956564903259,0.3451708793640137,0.3027857462565104,0.9873263239860535,0.6950431823730469,0.2865111986796061,0.8118105530738831,0.23859550952911376,0.3245343526204427,0.9144474864006042,0.7631049156188965,0.2325576623280843,0.6521775126457214,0.1528775215148926,0.27417465845743816,0.8052676916122437,0.5547569274902344,0.9043172200520834,0.8497938513755798,0.39927823543548585,0.8929318110148112,0.8945596814155579,0.5749218940734864,1.0,0.01816631481051445,0.3754885196685791,1.0,0.0244248416274786,0.6562361717224121,1.0,0.0011117475805804133,0.5156352519989014,0.9646980285644531,0.001454039360396564
squat,0.464849853515625,0.05861943562825521,0.9918004870414734,0.49390511512756347,0.03270394007364909,0.979083240032196,0.4353033542633057,0.03159688313802083,0.9706975221633911,0.5273828506469727,0.07924877802530925,0.7826303243637085,0.3934794425964355,0.07792587280273437,0.6336278915405273,0.5841610908508301,0.27161439259847003,0.9675194025039673,0.33076493740081786,0.2653133710225423,0.9867416024208069,0.704674243927002,0.26958522796630857,0.869512677192688,0.15556759834289552,0.2590475559234619,0.9113020896911621,0.7289088249206543,0.17954737345377605,0.78798907995224,0.0372983455657959,0.16579968134562176,0.8434462547302246,0.5682599544525146,0.853533935546875,0.9276733994483948,0.4040235042572021,0.8482739766438802,0.9437344074249268,0.5376190185546875,1.0,0.06292256712913513,0.3460221529006958,1.0,0.06954807043075562,0.595542049407959,1.0,0.003360351547598839,0.46991357803344724,1.0,0.003734318306669593
squat,0.46544408798217773,0.05295619964599609,0.9974645376205444,0.4935600757598877,0.034336026509602866,0.9914979338645935,0.4381566047668457,0.028701655069986978,0.9943225383758545,0.5242278575897217,0.08717212677001954,0.8197175860404968,0.40065484046936034,0.07832171122233073,0.8664559721946716,0.5768897056579589,0.2626544952392578,0.9740801453590393,0.34048309326171877,0.2741132100423177,0.9914789795875549,0.7360231399536132,0.17437135378519694,0.8212965726852417,0.15406551361083984,0.2645165284474691,0.9303979277610779,0.8217445373535156,0.03879531224568685,0.6743310689926147,0.020630836486816406,0.13133694330851237,0.8536739349365234,0.5475384712219238,0.85851624806722,0.8637065291404724,0.3928276777267456,0.8566509246826172,0.9096682667732239,0.5476019382476807,1.0,0.021783387288451195,0.35167243480682375,1.0,0.03018883988261223,0.5764195442199707,1.0,0.0012469663051888347,0.44208784103393556,0.9566215515136719,0.0015458998968824744
squat,0.46590428352355956,0.06713116963704427,0.9974836707115173,0.49488253593444825,0.04525960286458333,0.9899775981903076,0.4397629737854004,0.037677065531412764,0.9940735697746277,0.5254637241363526,0.09187962214152018,0.7873206734657288,0.4021878242492676,0.07847750981648763,0.8637922406196594,0.5714812278747559,0.2675437927246094,0.9748609066009521,0.3444702386856079,0.28142038981119794,0.9930331707000732,0.7310121536254883,0.15342254638671876,0.8495957255363464,0.16714041233062743,0.2694838205973307,0.9527176022529602,0.8278205871582032,0.0,0.7285400629043579,0.027830028533935548,0.11680583953857422,0.8985697031021118,0.5447563648223877,0.8688663482666016,0.8710205554962158,0.3945466995239258,0.8662354787190755,0.9206926822662354,0.5478752136230469,1.0,0.020743776112794876,0.3482238531112671,0.9966991424560547,0.030923502519726753,0.5810128688812256,1.0,0.0011413031024858356,0.4361233711242676,0.9413433074951172,0.0014877255307510495
squat,0.46878962516784667,0.07444915771484376,0.9976781010627747,0.49548726081848143,0.05309505462646484,0.9896892309188843,0.44106764793395997,0.04872055053710937,0.9945090413093567,0.5251820087432861,0.09967231750488281,0.7802159190177917,0.4040665149688721,0.09512678782145183,0.875328004360199,0.5756202220916748,0.27256952921549477,0.9781162738800049,0.3503772974014282,0.29159393310546877,0.9939760565757751,0.7283504486083985,0.14902623494466147,0.8753918409347534,0.18769094944000245,0.27187894185384115,0.9636391401290894,0.8251483917236329,0.0,0.7739619016647339,0.045763587951660155,0.1202609380086263,0.9211351871490479,0.5459387302398682,0.869128163655599,0.8925279974937439,0.3955416202545166,0.8668541590372721,0.9355601072311401,0.5613467216491699,1.0,0.02338293008506298,0.35408844947814944,0.9935867309570312,0.0358855277299881,0.6058207511901855,1.0,0.0011353980517014861,0.4380066394805908,0.9519524256388346,0.001521725906059146
squat,0.46991868019104005,0.07670389811197917,0.9977715015411377,0.49707980155944825,0.05976600646972656,0.9901789426803589,0.44298486709594725,0.05246537526448568,0.9940738081932068,0.5257678985595703,0.11279811859130859,0.7963354587554932,0.405375337600708,0.10145187377929688,0.87163245677948,0.5745886325836181,0.2793463071187337,0.9847179055213928,0.34952526092529296,0.2935772895812988,0.9943310022354126,0.7245678901672363,0.15339150428771972,0.9195193648338318,0.20069692134857178,0.27498213450113934,0.9668245911598206,0.8336743354797364,0.0,0.8350620865821838,0.06432242393493652,0.12499818801879883,0.9282053709030151,0.5469065189361573,0.8693560918172201,0.9251577854156494,0.3953667879104614,0.8648162841796875,0.9485019445419312,0.5683785915374756,1.0,0.028627052903175354,0.35180983543395994,0.9962328592936198,0.038197048008441925,0.6103459358215332,1.0,0.0011507734889164567,0.43319191932678225,0.9615418116251627,0.0014118205290287733
squat,0.4715912342071533,0.08404738108317057,0.9978193044662476,0.49788317680358884,0.0644659678141276,0.9893757104873657,0.44383854866027833,0.059226735432942705,0.9942829608917236,0.5268750190734863,0.11241019566853841,0.7760562896728516,0.40601649284362795,0.10516468683878581,0.8830050230026245,0.5743417263031005,0.2803619384765625,0.9859256148338318,0.35263636112213137,0.2917083104451497,0.9953752160072327,0.7169053077697753,0.16510523160298665,0.9277560710906982,0.20893290042877197,0.2715191205342611,0.9751639366149902,0.8356937408447266,0.0,0.854141891002655,0.0759357213973999,0.12184638977050781,0.9447430968284607,0.5459468841552735,0.8619817097981771,0.9448718428611755,0.3963416576385498,0.8571081797281901,0.9647343158721924,0.5668272495269775,1.0,0.03895300254225731,0.35254292488098143,1.0,0.05567684769630432,0.6165643215179444,1.0,0.0014056566869840026,0.42818236351013184,0.9807383219401041,0.0018147954251617193
squat,0.4733131408691406,0.08460000356038412,0.9977728724479675,0.4996618747711182,0.06614122390747071,0.9905191659927368,0.445230770111084,0.06255391438802084,0.9939957857131958,0.5293867111206054,0.11594295501708984,0.8081851005554199,0.40853214263916016,0.11198711395263672,0.8689377903938293,0.5769002914428711,0.28345858256022133,0.9854812026023865,0.35437283515930174,0.2895355224609375,0.994487464427948,0.7183993339538575,0.17396171887715658,0.9209522604942322,0.19442474842071533,0.25234278043111164,0.9656945466995239,0.838278865814209,0.0,0.8299741148948669,0.04396610260009766,0.1071019172668457,0.921133279800415,0.5446234703063965,0.8566806793212891,0.9324372410774231,0.3964724540710449,0.8510220845540365,0.9531692266464233,0.5590426445007324,1.0,0.03614245727658272,0.3554971933364868,0.9941967010498047,0.04693661630153656,0.6197041511535645,1.0,0.0014250706881284714,0.44346065521240235,0.9667629877726237,0.0017272300319746137
squat,0.47871789932250974,0.08479948043823242,0.9975571632385254,0.5041896343231201,0.06589571634928386,0.9896708130836487,0.4493354320526123,0.06317100524902344,0.9945095181465149,0.5332352161407471,0.11549488703409831,0.7658748626708984,0.41013622283935547,0.1131431261698405,0.8833287358283997,0.5824080467224121,0.28618399302164715,0.9786045551300049,0.3542576789855957,0.2861596743265788,0.9926468133926392,0.723255729675293,0.17228298187255858,0.8771852254867554,0.19627175331115723,0.2305334250132243,0.9536176323890686,0.8353950500488281,0.0,0.7670543789863586,0.06724112033843994,0.0859958012898763,0.9001510739326477,0.5481083393096924,0.8601600646972656,0.917694091796875,0.39597506523132325,0.8526708602905273,0.9454391002655029,0.5623540878295898,1.0,0.03433502838015556,0.3544027328491211,1.0,0.04750857502222061,0.6206439971923828,1.0,0.0015606641536578536,0.43920249938964845,0.9839148203531901,0.001970005454495549
squat,0.4817472457885742,0.07454643249511719,0.9974777102470398,0.507077980041504,0.05607407887776693,0.9895617365837097,0.452805233001709,0.05297425587972005,0.9946269392967224,0.5347385406494141,0.10645933151245117,0.7534541487693787,0.412198543548584,0.10342645645141602,0.881187379360199,0.586482048034668,0.2757050196329753,0.9764449000358582,0.35543696880340575,0.27790857950846354,0.9914135932922363,0.7382900238037109,0.16796291669209798,0.8617631196975708,0.200577712059021,0.22264471054077148,0.9457045197486877,0.8296077728271485,0.0,0.7445346713066101,0.0776874303817749,0.06689888636271159,0.8837444186210632,0.5488176822662354,0.8582966486612956,0.9200066924095154,0.39395077228546144,0.851614252726237,0.9457142353057861,0.5623676300048828,1.0,0.034250617027282715,0.35215775966644286,1.0,0.046916451305150986,0.6107906341552735,1.0,0.0015337945660576224,0.43177061080932616,1.0,0.001897276728413999
squat,0.4842203140258789,0.07026252746582032,0.9973474740982056,0.5101908206939697,0.04722881317138672,0.9879122376441956,0.4548912525177002,0.04421008427937825,0.9950037598609924,0.5390605926513672,0.09211263656616211,0.701309323310852,0.4136326313018799,0.08860702514648437,0.8928358554840088,0.5878291130065918,0.27278909683227537,0.967637836933136,0.3578265905380249,0.273630428314209,0.9912766218185425,0.7403385639190674,0.1659126917521159,0.812508761882782,0.2117445945739746,0.22828025817871095,0.9485498666763306,0.8395713806152344,0.0,0.7005926370620728,0.10153141021728515,0.08976863225301107,0.8942027688026428,0.5490141868591308,0.8632251739501953,0.8998666405677795,0.39477005004882815,0.8558040618896484,0.9407928586006165,0.5664931297302246,1.0,0.029980625957250595,0.3548954963684082,1.0,0.048588234931230545,0.6194216251373291,1.0,0.001553037785924971,0.43349666595458985,1.0,0.0021506226621568203
squat,0.4876506805419922,0.06260178883870443,0.9974339604377747,0.5139301300048829,0.0365688959757487,0.9895309209823608,0.4585456848144531,0.03457959493001302,0.993660032749176,0.5429864406585694,0.0772019386291504,0.7433428764343262,0.41719789505004884,0.07408523559570312,0.8587031960487366,0.5834290504455566,0.2670231501261393,0.9794745445251465,0.35937716960906985,0.25550583203633626,0.99122554063797,0.7276045322418213,0.2110923926035563,0.8868834972381592,0.1888425350189209,0.21896883646647136,0.9413447976112366,0.8471174240112305,0.06460927327473959,0.7836825251579285,0.06157188415527344,0.08085241317749023,0.8822751641273499,0.5438129425048828,0.8594804128011068,0.9276071786880493,0.395507287979126,0.8520896911621094,0.9456416368484497,0.5490923404693604,1.0,0.0394931361079216,0.35889325141906736,1.0,0.047747544944286346,0.6142791748046875,1.0,0.001717488281428814,0.44138078689575194,1.0,0.0019385648192837834
squat,0.48939194679260256,0.05831495920817057,0.9976008534431458,0.518148136138916,0.03558495839436849,0.9909178614616394,0.46113123893737795,0.03146177927652995,0.9933545589447021,0.5489418506622314,0.08193353017171225,0.7926621437072754,0.41927509307861327,0.07290534973144532,0.8519049882888794,0.5808035850524902,0.2698756853739421,0.9851627945899963,0.3614920377731323,0.2539300282796224,0.9927231669425964,0.7077588081359864,0.25138139724731445,0.9185993671417236,0.20349738597869874,0.25060715675354006,0.9461105465888977,0.814476490020752,0.15976730982462564,0.8399835824966431,0.08627712726593018,0.16656479835510254,0.8942010998725891,0.5421600818634034,0.8545677185058593,0.9421360492706299,0.396747088432312,0.8466747283935547,0.9526828527450562,0.5417335510253907,1.0,0.04832863807678223,0.36266293525695803,1.0,0.05201350897550583,0.608745527267456,1.0,0.002125457627698779,0.4612902641296387,0.9915367762247721,0.002207934856414795
squat,0.49189605712890627,0.0772737185160319,0.9959048628807068,0.5222935676574707,0.052566941579182944,0.9877162575721741,0.46396946907043457,0.04672571818033854,0.9893145561218262,0.5533639907836914,0.09874801635742188,0.7971225380897522,0.4184274196624756,0.08400675455729166,0.8305019736289978,0.5947061538696289,0.30314836502075193,0.9819421172142029,0.35393857955932617,0.2736122767130534,0.991083025932312,0.7145542144775391,0.33964967727661133,0.8749510645866394,0.2300976276397705,0.28883244196573893,0.9147992134094238,0.7548248291015625,0.2722092310587565,0.8055170774459839,0.16551072597503663,0.22720190684000652,0.8541172742843628,0.5605118751525879,0.8417094548543295,0.9385266900062561,0.4072122573852539,0.8289576212565104,0.9485191702842712,0.5434564590454102,1.0,0.08906442672014236,0.3728558301925659,0.9826623280843099,0.09818095713853836,0.6040831565856933,1.0,0.00563802570104599,0.5001786708831787,0.9937315622965495,0.006083946209400892
squat,0.47890381813049315,0.1366085688273112,0.9834161996841431,0.5060003280639649,0.11063315073649088,0.9682967066764832,0.46037745475769043,0.10406265258789063,0.9503092765808105,0.5404538154602051,0.14190489451090496,0.8542816042900085,0.43672885894775393,0.12535909016927083,0.666286289691925,0.6090020656585693,0.3497734069824219,0.9780272245407104,0.35619027614593507,0.3169333775838216,0.9821387529373169,0.6948575019836426,0.5057558059692383,0.8261386156082153,0.25571765899658205,0.4294286092122396,0.8184735178947449,0.7242850303649903,0.5544998804728191,0.5999190211296082,0.22712910175323486,0.3824316660563151,0.5967513918876648,0.5633978366851806,0.9197049458821615,0.7676442861557007,0.40380291938781737,0.8983561197916666,0.7690536975860596,0.5745599269866943,1.0,0.01712862215936184,0.39841952323913576,0.9679706573486329,0.015994032844901085,0.6471673965454101,1.0,0.0013380666496232152,0.5606003761291504,0.9101463317871094,0.0014068565797060728
squat,0.4787163257598877,0.23652369181315105,0.9866253137588501,0.5071135520935058,0.20753606160481772,0.9701685309410095,0.4566635608673096,0.20430466334025066,0.9723683595657349,0.5454015254974365,0.233109188079834,0.8679274320602417,0.42992305755615234,0.22600587209065756,0.8079490065574646,0.6273706912994385,0.4433348337809245,0.9764933586120605,0.34612240791320803,0.4159298578898112,0.9881928563117981,0.6773109436035156,0.7022443135579427,0.6045256853103638,0.265301513671875,0.6285203297932943,0.794346272945404,0.6723706245422363,0.7502487182617188,0.3031071424484253,0.23068597316741943,0.6160916010538737,0.47849026322364807,0.5643295288085938,0.9516469319661458,0.41449862718582153,0.3920842885971069,0.9286072413126628,0.516826331615448,0.5762168884277343,1.0,0.011532725766301155,0.4035805225372314,0.9116467157999675,0.015620549209415913,0.641930103302002,1.0,0.001770020928233862,0.5908455371856689,0.8638954798380534,0.0024240307975560427
squat,0.4813656806945801,0.3411945978800456,0.9918466806411743,0.5120809555053711,0.3045519193013509,0.9766333699226379,0.4535946846008301,0.30307318369547526,0.9778040051460266,0.5490814208984375,0.328176752726237,0.8241799473762512,0.41338791847229006,0.3253817876180013,0.7986415028572083,0.6220279216766358,0.538341776529948,0.9720458388328552,0.32895944118499754,0.547051747639974,0.9932013154029846,0.6924966335296631,0.7495265960693359,0.6584659814834595,0.21008141040802003,0.7651135762532552,0.8649269342422485,0.7067241191864013,0.7779824574788411,0.4740244746208191,0.09654009342193604,0.7272790908813477,0.682609498500824,0.5718965530395508,1.0,0.18773385882377625,0.3982113838195801,1.0,0.28565648198127747,0.5375064373016357,0.9553775151570638,0.004710341803729534,0.3505414962768555,0.8659102121988932,0.006746935658156872,0.5689605712890625,1.0,0.0007330909720622003,0.5128630638122559,0.8772925059000651,0.0010112363379448652
squat,0.48202929496765134,0.46484292348225914,0.9908013939857483,0.5132338523864746,0.4283498764038086,0.9786123037338257,0.45580101013183594,0.42559464772542316,0.9760898351669312,0.5552858352661133,0.4466897964477539,0.8635038137435913,0.4201695442199707,0.4403748830159505,0.8242931365966797,0.6328420639038086,0.6517752329508464,0.967782735824585,0.32119154930114746,0.6537892659505208,0.9929785132408142,0.7084885597229004,0.8381312052408855,0.5059124231338501,0.14318368434906006,0.8785383860270183,0.7960932850837708,0.7220900058746338,0.8178339640299479,0.3798165023326874,0.08209640979766845,0.9383792877197266,0.5607218742370605,0.5526263236999511,1.0,0.07410064339637756,0.38258507251739504,1.0,0.12476522475481033,0.4441462516784668,0.9128306070963542,0.004811224993318319,0.3283685207366943,0.8405357360839844,0.00688146660104394,0.3994255781173706,0.9781097412109375,0.001322051975876093,0.4861079216003418,0.8580497105916342,0.0017735688015818596
squat,0.47896442413330076,0.5785898844401042,0.985906720161438,0.5100612163543701,0.5383659998575846,0.9791150093078613,0.4516550064086914,0.5387303034464518,0.9643564820289612,0.5538875102996826,0.550320053100586,0.8780715465545654,0.41580839157104493,0.5487603505452474,0.7625904083251953,0.6282971858978271,0.7461648941040039,0.9623806476593018,0.3275184631347656,0.7604124069213867,0.9763523936271667,0.7135322570800782,0.8879348754882812,0.3999522924423218,0.2021638870239258,0.9441070556640625,0.4061410129070282,0.735416841506958,0.8698178609212239,0.3105770945549011,0.19761440753936768,0.9079123179117838,0.2869655191898346,0.5500674724578858,1.0,0.0413387194275856,0.3952709436416626,1.0,0.042371466755867004,0.43636517524719237,0.9037490844726562,0.006629967130720615,0.3656379222869873,0.8404511133829753,0.006277560722082853,0.3826794385910034,0.9831925710042317,0.0028965205419808626,0.5393832206726075,0.870381228129069,0.00299450964666903
squat,0.4869236469268799,0.672381846110026,0.9904199242591858,0.5211535453796386,0.6328239440917969,0.9850577712059021,0.4584962844848633,0.6279744466145833,0.9794870018959045,0.5651095867156982,0.6421792348225911,0.8710387945175171,0.4159869194030762,0.6297222773234049,0.8072659373283386,0.6315896034240722,0.8078151702880859,0.9622982740402222,0.3442793369293213,0.8220159530639648,0.9775819182395935,0.7458355903625489,0.9210030237833658,0.38779938220977783,0.23085389137268067,0.9753492991129558,0.4516133666038513,0.7443036079406739,0.9339822133382162,0.2774884104728699,0.18889920711517333,0.9796663284301758,0.2968222200870514,0.5774898529052734,1.0,0.04645388945937157,0.4265440940856934,1.0,0.049967002123594284,0.5142636775970459,0.9456630071004232,0.0055761272087693214,0.4307999134063721,0.9010411580403646,0.006177874282002449,0.4467292785644531,0.9814978281656901,0.002613610588014126,0.5815649032592773,0.9046320597330729,0.0030589464586228132
squat,0.48475303649902346,0.72222474416097,0.9891971945762634,0.5164553642272949,0.6767837524414062,0.9845619797706604,0.4527307033538818,0.6772099177042643,0.9834871292114258,0.5613493919372559,0.6830965677897135,0.8536576628684998,0.4102786064147949,0.6848454793294271,0.8320631980895996,0.6323031902313232,0.8698869069417318,0.919068455696106,0.3523005247116089,0.8843630472819011,0.9690518379211426,0.7234455108642578,0.9615094502766927,0.15648019313812256,0.23674802780151366,0.9971659978230795,0.33755725622177124,0.7213473320007324,0.9566348393758138,0.11610303819179535,0.17253007888793945,0.9914285659790039,0.2009161412715912,0.5740264892578125,1.0,0.020986635237932205,0.4320469856262207,1.0,0.030448785051703453,0.4882037162780762,0.9677961349487305,0.004174137022346258,0.4196289539337158,0.9020710627237956,0.005986983422189951,0.43307785987854003,0.975291124979655,0.002851744880899787,0.5528422355651855,0.8661668141682942,0.004061298444867134
squat,0.4794816493988037,0.7211313883463542,0.9897163510322571,0.5120946884155273,0.6792479197184245,0.9848043918609619,0.44868173599243166,0.6756327946980795,0.984494149684906,0.5551551342010498,0.6930308024088542,0.8530181050300598,0.40515961647033694,0.6858974456787109,0.8389087915420532,0.6270837783813477,0.8792229334513346,0.9167224168777466,0.3468099355697632,0.8874563852945964,0.9704508185386658,0.7225361347198487,0.9675216674804688,0.1533575803041458,0.2333817958831787,0.9969048817952474,0.3687877357006073,0.7134711265563964,0.9550036112467448,0.11972975730895996,0.16537420749664306,0.9926873524983724,0.226767435669899,0.579625415802002,1.0,0.02033444307744503,0.4354434013366699,1.0,0.03152576461434364,0.5011499404907227,0.9650187174479167,0.004032933618873358,0.41724276542663574,0.8981521606445313,0.00616051722317934,0.4424128532409668,0.9696085611979167,0.002811083337292075,0.5452951908111572,0.8654766082763672,0.004177470691502094
squat,0.47234535217285156,0.6771872202555339,0.9846222996711731,0.5055968284606933,0.6412711461385091,0.9775323867797852,0.44509201049804686,0.6370760599772135,0.9660974740982056,0.5506097316741944,0.6539172490437826,0.8803411722183228,0.407442045211792,0.6431604385375976,0.7584770321846008,0.6188407897949219,0.8209363937377929,0.9676614999771118,0.33979997634887693,0.8207312266031901,0.970589280128479,0.7462073802947998,0.9562730153401693,0.38926297426223755,0.23081047534942628,0.9696926752726237,0.3834250867366791,0.7775007247924804,0.9340431213378906,0.277617484331131,0.19876959323883056,0.9463738759358724,0.257839173078537,0.557838249206543,1.0,0.042271994054317474,0.41666278839111326,1.0,0.04086023569107056,0.5020097255706787,0.9408916473388672,0.00592648284509778,0.45983076095581055,0.8979544321695964,0.006014444399625063,0.4461086273193359,0.9719915390014648,0.002771861618384719,0.6288355350494385,0.9029453913370769,0.0029767160303890705
squat,0.46174006462097167,0.6046037038167318,0.9721816182136536,0.4899731636047363,0.5654771804809571,0.9593129754066467,0.4355326175689697,0.5664080937703451,0.9435904622077942,0.5333486557006836,0.5741155624389649,0.8538064956665039,0.4031245708465576,0.5753554026285808,0.7606024146080017,0.6226834297180176,0.7690653483072917,0.9397073984146118,0.30954766273498535,0.7738462448120117,0.9774117469787598,0.7033771514892578,0.9111373265584309,0.2805112600326538,0.1687840461730957,0.9367389678955078,0.48062798380851746,0.7131139755249023,0.9022565841674804,0.20432031154632568,0.17704429626464843,0.8833669662475586,0.31639382243156433,0.5480306625366211,1.0,0.05043257400393486,0.3855564832687378,1.0,0.071224644780159,0.43756532669067383,0.9631725311279297,0.007271721959114075,0.35730111598968506,0.8783795674641927,0.009444552473723888,0.38779501914978026,1.0,0.003430275246500969,0.5349799156188965,0.8599931716918945,0.00445574102923274
squat,0.46267127990722656,0.523750114440918,0.9897013902664185,0.4925950050354004,0.48479013442993163,0.9769320487976074,0.43871479034423827,0.4829934438069661,0.9682021737098694,0.5367239952087403,0.4935863494873047,0.8245866894721985,0.4067841053009033,0.4903363545735677,0.6397643685340881,0.6070397377014161,0.691430409749349,0.9395626783370972,0.3410698413848877,0.6708651860555013,0.9846903681755066,0.6755606651306152,0.8542017618815104,0.5354660153388977,0.1811361074447632,0.8036547978719075,0.8210863471031189,0.6657658100128174,0.876333491007487,0.45584890246391296,0.04426164627075195,0.8839427947998046,0.6601649522781372,0.5442521095275878,1.0,0.09942726790904999,0.38983356952667236,1.0,0.1705208420753479,0.4725966453552246,0.9540053049723307,0.005351940169930458,0.3151752710342407,0.8771214803059896,0.008232624270021915,0.48183364868164064,0.9838328679402669,0.001498627127148211,0.4304837226867676,0.8761674245198567,0.00215352070517838
squat,0.4653209686279297,0.44738426208496096,0.989161491394043,0.4967918872833252,0.4091778755187988,0.9768561720848083,0.44141063690185545,0.4062496185302734,0.9722436666488647,0.538404893875122,0.4194974263509115,0.8579264283180237,0.40711297988891604,0.4106134414672852,0.7794606685638428,0.6072694301605225,0.6144571304321289,0.9700773358345032,0.32201566696166994,0.6063252766927083,0.9881702661514282,0.6881686210632324,0.746138064066569,0.6730914115905762,0.21392407417297363,0.7335995356241862,0.8115912675857544,0.7038895130157471,0.8014108022054036,0.5198988318443298,0.17493126392364503,0.7171894073486328,0.6494151949882507,0.5512188911437989,1.0,0.2511291801929474,0.3843200206756592,1.0,0.31717953085899353,0.5223679542541504,0.9876049041748047,0.008246305398643017,0.3475584745407104,0.8964555740356446,0.010169878602027893,0.5672403335571289,1.0,0.0016697634709998965,0.5250363349914551,0.8752414067586263,0.002086109248921275
squat,0.46241283416748047,0.3570781071980794,0.9913055300712585,0.4897289276123047,0.32435309092203773,0.9787771105766296,0.4374416351318359,0.3249244054158529,0.983223557472229,0.5272201538085938,0.34279747009277345,0.8698306083679199,0.40596909523010255,0.34446086883544924,0.8577343821525574,0.6034258842468262,0.5320292472839355,0.9708629250526428,0.334983229637146,0.5299141565958659,0.991377592086792,0.6896163940429687,0.6504248301188151,0.6359385251998901,0.2380251407623291,0.6185484568277995,0.8671700954437256,0.7191384792327881,0.7576534907023112,0.37640002369880676,0.14918954372406007,0.6004985173543295,0.6320173144340515,0.5590390205383301,0.9944070180257162,0.3984702229499817,0.3985353708267212,0.9820388793945313,0.5342099666595459,0.5652551651000977,1.0,0.009530107490718365,0.3924595594406128,0.9262310028076172,0.014536754228174686,0.6368215084075928,1.0,0.001580225070938468,0.5753504753112793,0.8752213795979817,0.002380434889346361
squat,0.46181368827819824,0.2783006350199381,0.9934796094894409,0.49080581665039064,0.246038818359375,0.9826852083206177,0.4361568927764893,0.2439013163248698,0.98562091588974,0.5275027275085449,0.27007843653361,0.8521717190742493,0.40167059898376467,0.26559165318806965,0.8496934771537781,0.5943454742431641,0.46427040100097655,0.9738423824310303,0.33248515129089357,0.46374034881591797,0.9926266074180603,0.693598461151123,0.5317003568013509,0.7346872687339783,0.23331270217895508,0.5598390579223633,0.8999331593513489,0.7255414009094239,0.5064414660135905,0.5489246249198914,0.16875555515289306,0.5187366485595704,0.7409207224845886,0.5542118549346924,0.9795219421386718,0.6071885824203491,0.3924614906311035,0.9665854136149089,0.7170031070709229,0.537920618057251,1.0,0.012481003999710083,0.35838277339935304,0.9732208887736002,0.01786089688539505,0.6069993019104004,1.0,0.0013301438884809613,0.5269801139831543,0.9217636744181316,0.0018445872701704502
squat,0.46357131004333496,0.2050688107808431,0.9903745651245117,0.49103727340698244,0.172449525197347,0.982311487197876,0.4349850654602051,0.17264569600423177,0.9713853597640991,0.5312146663665771,0.19842122395833334,0.8451405167579651,0.40198640823364257,0.19939022064208983,0.6850062012672424,0.5921468257904052,0.38276685078938805,0.9850668907165527,0.34441304206848145,0.37510178883870443,0.9439669847488403,0.6842659473419189,0.43021488189697266,0.8694385886192322,0.26324710845947263,0.45214983622233074,0.5585657954216003,0.7424489021301269,0.36993681589762367,0.7099116444587708,0.2960059642791748,0.4037313461303711,0.47322753071784973,0.5546041488647461,0.9040892283121745,0.799279510974884,0.39456541538238527,0.8976284027099609,0.6828648447990417,0.5955474853515625,1.0,0.04197901487350464,0.42804369926452634,0.9881801605224609,0.022696832194924355,0.6512126445770263,1.0,0.004180246498435736,0.5619923591613769,0.9177139282226563,0.0029361562337726355
squat,0.46778302192687987,0.14159027735392252,0.9937997460365295,0.492144250869751,0.10722923278808594,0.9816615581512451,0.44062581062316897,0.10826765696207682,0.9852027297019958,0.5250471115112305,0.13167940775553386,0.7764606475830078,0.40717644691467286,0.13430779774983723,0.814043402671814,0.5827081680297852,0.3418720245361328,0.9739704728126526,0.34583072662353515,0.3328519821166992,0.9840124845504761,0.7003651618957519,0.34004783630371094,0.8425968885421753,0.2318046808242798,0.36488596598307294,0.8811041712760925,0.7834833145141602,0.27683219909667967,0.7233659625053406,0.2048755407333374,0.3363208770751953,0.7918254137039185,0.5505891799926758,0.9147528966267904,0.8337064385414124,0.3956090688705444,0.9051736195882162,0.8541730642318726,0.5710180282592774,1.0,0.0162897277623415,0.3701539754867554,1.0,0.017484931275248528,0.6694725036621094,1.0,0.0010047934483736753,0.4907665252685547,0.9632182439168294,0.0010978762293234468
squat,0.4701347351074219,0.06694488525390625,0.9902830123901367,0.49518756866455077,0.04325777689615885,0.9594324827194214,0.44194631576538085,0.04042593638102213,0.9716468453407288,0.5253266811370849,0.08933814366658528,0.6271580457687378,0.4029085159301758,0.08538614908854167,0.7205028533935547,0.5796694278717041,0.28568642934163413,0.975155234336853,0.3467091083526611,0.27888466517130533,0.9858396053314209,0.7290021896362304,0.2514661947886149,0.9104576706886292,0.2179701566696167,0.29327357610066734,0.9406728148460388,0.8380954742431641,0.14874356587727863,0.8445479273796082,0.1222029447555542,0.23411362965901691,0.8987268805503845,0.5483442306518554,0.8693251927693685,0.9228478670120239,0.39447870254516604,0.8602186838785807,0.9359656572341919,0.5644079685211182,1.0,0.031433165073394775,0.36696953773498536,0.9908889770507813,0.03563781827688217,0.6318687915802002,1.0,0.0013991211308166385,0.4668208122253418,0.9480831146240234,0.0015450397040694952
squat,0.47115340232849123,0.04463005065917969,0.9901898503303528,0.49831457138061525,0.019578584035237632,0.9681847095489502,0.44101247787475584,0.02325617472330729,0.9710178971290588,0.5313591957092285,0.06650505065917969,0.7182164788246155,0.40125484466552735,0.07792599995930989,0.6658570766448975,0.5976074695587158,0.24742848078409832,0.9480221271514893,0.34660000801086427,0.2629443645477295,0.990702748298645,0.7238346099853515,0.26091243426005045,0.7988057136535645,0.18377045392990113,0.286065928141276,0.9507853388786316,0.7376958847045898,0.184743070602417,0.7027241587638855,0.03175687789916992,0.18725957870483398,0.8837417960166931,0.574079942703247,0.845984141031901,0.8991928696632385,0.40945777893066404,0.8444834391276042,0.9479156732559204,0.533732795715332,1.0,0.03572484478354454,0.34400722980499265,1.0,0.05964600294828415,0.5911723136901855,1.0,0.0016892360290512443,0.46740283966064455,1.0,0.002486527431756258
squat,0.47438678741455076,0.05041313171386719,0.9957116842269897,0.5016488552093505,0.026493072509765625,0.9827224016189575,0.44695301055908204,0.023443984985351562,0.9888461232185364,0.5331785202026367,0.07249870300292968,0.734571635723114,0.4098357200622559,0.0675741195678711,0.8148797154426575,0.5793935775756835,0.2596206506093343,0.9742190837860107,0.35642204284667967,0.26102031071980797,0.9924396276473999,0.7287522315979004,0.22835984230041503,0.8673416972160339,0.1833590030670166,0.2739855766296387,0.9554054737091064,0.856838321685791,0.12001012166341146,0.7479431629180908,0.03181123733520508,0.16071116129557292,0.896418035030365,0.5526282787322998,0.832860819498698,0.8869384527206421,0.40654716491699217,0.8294213612874349,0.9286907315254211,0.5503932476043701,1.0,0.025428632274270058,0.3643156051635742,0.969189453125,0.0366424061357975,0.6077104568481445,1.0,0.0012733708135783672,0.45423617362976076,0.9112051645914714,0.001636698842048645
squat,0.4807742118835449,0.062246513366699216,0.997199535369873,0.5072563648223877,0.03472976684570313,0.9884214401245117,0.4517313003540039,0.03446203867594401,0.9932000041007996,0.5393104076385498,0.07345078786214193,0.7706159949302673,0.41438875198364256,0.07502365112304688,0.867975115776062,0.5851807594299316,0.26694355010986326,0.9778945446014404,0.3601742506027222,0.2679406801859538,0.9945356845855713,0.7209423065185547,0.2433738390604655,0.8593361973762512,0.18581321239471435,0.2748411496480306,0.9605011940002441,0.8543977737426758,0.1511394500732422,0.7326114177703857,0.036528825759887695,0.16334142684936523,0.9021545052528381,0.5536264896392822,0.851127815246582,0.8977131843566895,0.4075131893157959,0.8475809733072917,0.9400731325149536,0.55302414894104,1.0,0.027901681140065193,0.3713320255279541,0.9896090189615886,0.042695049196481705,0.6223201751708984,1.0,0.001404336653649807,0.46726670265197756,0.9423508961995443,0.0019080106867477298
squat,0.48671774864196776,0.06531937917073567,0.997134804725647,0.5134453773498535,0.04109109242757161,0.9883008599281311,0.45688824653625487,0.040488878885904946,0.9923658967018127,0.5455429553985596,0.08617744445800782,0.7731437087059021,0.4181351661682129,0.08636665344238281,0.8612162470817566,0.5887517929077148,0.2755199750264486,0.9829879999160767,0.36189990043640136,0.27248738606770834,0.9941154718399048,0.7236392021179199,0.24788312911987304,0.9039551615715027,0.19795012474060059,0.2831041971842448,0.9594303965568542,0.8684757232666016,0.14716590245564778,0.807531476020813,0.07289223670959473,0.1878746509552002,0.9093318581581116,0.5548137664794922,0.8486053466796875,0.9211844801902771,0.40650348663330077,0.8447711944580079,0.9454248547554016,0.555622148513794,1.0,0.03339076414704323,0.36937315464019777,0.9890944798787434,0.043539565056562424,0.6256513118743896,1.0,0.0014492265181615949,0.4654599666595459,0.9537604649861654,0.0017412895103916526
squat,0.48963122367858886,0.06440308888753256,0.9972303509712219,0.5168990135192871,0.04162797927856445,0.9886151552200317,0.46060643196105955,0.040096155802408856,0.9925733804702759,0.5482219696044922,0.08838577270507812,0.7781501412391663,0.42160658836364745,0.08730309804280599,0.8504788279533386,0.5923498153686524,0.2718261082967122,0.9814287424087524,0.3646257400512695,0.27245588302612306,0.9940416216850281,0.7290929794311524,0.24383474985758463,0.9027618765830994,0.19918692111968994,0.27879320780436195,0.9616696834564209,0.8570877075195312,0.14671929677327475,0.7990148663520813,0.04847426414489746,0.16578001976013185,0.9069764614105225,0.5575539112091065,0.860683822631836,0.9071006178855896,0.40578064918518064,0.8566437403361002,0.9371838569641113,0.5687709808349609,1.0,0.02524276077747345,0.36419317722320554,0.9781827290852865,0.03318854421377182,0.6441482543945313,1.0,0.0011526044690981507,0.46521692276000975,0.9396991729736328,0.0013991796877235174
squat,0.49290714263916013,0.0675103505452474,0.9974495768547058,0.5195690155029297,0.04647744496663411,0.9893875122070312,0.4637137413024902,0.04466431935628255,0.9940696954727173,0.5499223709106446,0.09507770538330078,0.7732809782028198,0.4241952419281006,0.09454832077026368,0.8693737983703613,0.5974000930786133,0.2733168919881185,0.9766952395439148,0.37070398330688475,0.27656405766805015,0.9942438006401062,0.7383759498596192,0.23367481231689452,0.8652589917182922,0.20327215194702147,0.2736719767252604,0.9626834392547607,0.8474448204040528,0.12494262059529622,0.7427472472190857,0.04257421493530274,0.1543843905131022,0.9047390222549438,0.5637578964233398,0.8567291259765625,0.9016680121421814,0.41200647354125974,0.8517238616943359,0.9422078132629395,0.5723152160644531,1.0,0.026105539873242378,0.36512012481689454,0.9885470072428385,0.03974215313792229,0.6354406356811524,1.0,0.001288874656893313,0.45443358421325686,0.9505212148030598,0.0017251011449843645
squat,0.4957850456237793,0.06814378102620443,0.9973893761634827,0.5221285820007324,0.04752330780029297,0.9896683692932129,0.4664156913757324,0.04677174886067708,0.9937095642089844,0.5522431373596192,0.0960262934366862,0.7790497541427612,0.42700610160827634,0.09772720336914062,0.8536211848258972,0.5989120483398438,0.2715367317199707,0.9757496118545532,0.3759069681167603,0.27509854634602865,0.9931574463844299,0.7453519821166992,0.2228347142537435,0.8609139919281006,0.2008601188659668,0.26398111979166666,0.9527360200881958,0.8505399703979493,0.09676656723022461,0.7325782179832458,0.03433804512023926,0.1484283447265625,0.8848530054092407,0.5677148818969726,0.8582795461018881,0.8810111880302429,0.4195798397064209,0.8541254679361979,0.9244413375854492,0.5684792518615722,1.0,0.02455504611134529,0.37552876472473146,0.9742457071940104,0.03444105014204979,0.634621524810791,1.0,0.0013504718663170934,0.47458529472351074,0.9412136713663737,0.0016983310924842954
squat,0.49787187576293945,0.05928926467895508,0.9968085885047913,0.5239020824432373,0.03997306823730469,0.9882025122642517,0.4683393001556396,0.03948227564493815,0.9915516376495361,0.5539024353027344,0.09172547658284505,0.7764440178871155,0.4293667793273926,0.09310118357340495,0.8308554887771606,0.599815034866333,0.26892623901367185,0.9776855111122131,0.37400383949279786,0.26873439153035483,0.9913540482521057,0.7405792236328125,0.21462459564208985,0.8881389498710632,0.20100803375244142,0.25572797457377117,0.9414939880371094,0.8593000411987305,0.07919336954752604,0.7717304229736328,0.052838468551635744,0.1486841837565104,0.872096598148346,0.5701862812042237,0.8519228617350261,0.8872554302215576,0.4208090782165527,0.8480639139811198,0.916031002998352,0.5704572677612305,1.0,0.02376904897391796,0.3781876802444458,0.9807945251464844,0.028231732547283173,0.6451784133911133,1.0,0.001103607821278274,0.48340353965759275,0.9542786916097005,0.0012375395745038986
squat,0.4998067855834961,0.052211062113444014,0.9975053668022156,0.524936580657959,0.03018636703491211,0.9912106990814209,0.46942949295043945,0.031151485443115235,0.9916218519210815,0.5574697494506836,0.07807172139485677,0.8360273241996765,0.43586244583129885,0.08404827117919922,0.8139438033103943,0.607487964630127,0.26059595743815106,0.9882472157478333,0.3861642837524414,0.2608860651652018,0.9904576539993286,0.7517131805419922,0.1927519957224528,0.935143768787384,0.21738638877868652,0.24534490903218586,0.9336671233177185,0.9010411262512207,0.03797419865926107,0.8423766493797302,0.09039788246154785,0.11942561467488606,0.8689510226249695,0.5642333984375,0.8619425455729167,0.9163831472396851,0.41810994148254393,0.855885632832845,0.9191305637359619,0.5720090389251709,1.0,0.02703079953789711,0.39525766372680665,0.9969161987304688,0.02555212751030922,0.6327552795410156,1.0,0.0010371538810431957,0.4813110828399658,0.9481374104817708,0.0010101036168634892
squat,0.5014060974121094,0.047858174641927084,0.9965500831604004,0.5279683589935302,0.02821528116861979,0.9871381521224976,0.4723085403442383,0.028207906087239585,0.990856945514679,0.557665205001831,0.08058128356933594,0.7526276111602783,0.43276410102844237,0.0815760612487793,0.8160279393196106,0.5962953090667724,0.26330936749776207,0.9754477739334106,0.37811086177825926,0.2574242273966471,0.9907938838005066,0.7360061168670654,0.2387003739674886,0.8790439367294312,0.19962856769561768,0.2547014236450195,0.9353996515274048,0.8509762763977051,0.13331416447957356,0.7609213590621948,0.05201787948608398,0.1759457270304362,0.8598807454109192,0.5675261497497559,0.8614020029703776,0.8919572234153748,0.42350215911865235,0.858715311686198,0.9191681742668152,0.5619036674499511,1.0,0.028797965496778488,0.38795928955078124,0.9799034118652343,0.0333855077624321,0.6451696872711181,1.0,0.0016008492093533278,0.5063063621520996,0.9567254384358724,0.0017463603289797902
squat,0.5016448974609375,0.05925893783569336,0.9948822259902954,0.5314597129821778,0.0367092768351237,0.9823880791664124,0.4729729652404785,0.031197071075439453,0.9869512319564819,0.5641254425048828,0.08754987716674804,0.7294849157333374,0.43038101196289064,0.07553424835205078,0.7983044385910034,0.6008876323699951,0.2805980682373047,0.9762059450149536,0.3792222738265991,0.26763006846110027,0.9884108304977417,0.7283741474151612,0.2798268953959147,0.8836398720741272,0.26990184783935545,0.2943335215250651,0.9311467409133911,0.8055133819580078,0.1995880921681722,0.8246561884880066,0.20404930114746095,0.23087937037150066,0.8888494372367859,0.5718128681182861,0.8357005437215169,0.9435179829597473,0.42485613822937013,0.8290337880452474,0.9547584652900696,0.5784849166870117,1.0,0.08916332572698593,0.39581048488616943,0.9761739730834961,0.10625405609607697,0.6265121459960937,1.0,0.005855165421962738,0.4912686824798584,0.981301752726237,0.006557750515639782
squat,0.4984334945678711,0.11746492385864257,0.9911120533943176,0.5298951148986817,0.08319314320882161,0.9817699790000916,0.4676204204559326,0.08109995524088541,0.9804478883743286,0.5707736492156983,0.11649389266967773,0.8502147197723389,0.42763700485229494,0.11415236790974935,0.7597362399101257,0.6456780433654785,0.3546186765034994,0.9632146954536438,0.3606715679168701,0.31835355758666994,0.9748143553733826,0.718761682510376,0.5422150293986002,0.5679836869239807,0.2708158493041992,0.4330416679382324,0.7108940482139587,0.7230288028717041,0.5896722157796224,0.41336145997047424,0.23002138137817382,0.3816242535909017,0.5541377663612366,0.5727768898010254,0.8921437581380208,0.4944901466369629,0.3959134578704834,0.8640831629435222,0.5681665539741516,0.5620543479919433,1.0,0.010676277801394463,0.3795585632324219,0.9103698094685873,0.013051643967628479,0.61173415184021,1.0,0.001380817499011755,0.5248706340789795,0.8945106506347656,0.001677963649854064
squat,0.4946607112884521,0.2017330805460612,0.9786888360977173,0.5212963581085205,0.1734514872233073,0.9502502679824829,0.4727491855621338,0.16686337788899738,0.9610716104507446,0.5557647705078125,0.20265185038248698,0.7603419423103333,0.44461374282836913,0.1897999127705892,0.787724494934082,0.6368746757507324,0.40670579274495444,0.963948667049408,0.35729231834411623,0.39899040857950846,0.9697746634483337,0.7192981719970704,0.5670080820719401,0.5413236021995544,0.2889974355697632,0.5806802749633789,0.6324144005775452,0.7314377307891846,0.5739589055379232,0.31208235025405884,0.29805328845977785,0.560217539469401,0.38605383038520813,0.5740197658538818,0.916393788655599,0.4271567165851593,0.40555496215820314,0.9031904856363933,0.45882371068000793,0.6131653785705566,1.0,0.013893837109208107,0.4542099475860596,0.8952744166056316,0.015609636902809143,0.6319596290588378,1.0,0.002328429138287902,0.611672830581665,0.8553897857666015,0.0027946489863097668
squat,0.49364385604858396,0.30971654256184894,0.9901781678199768,0.521690845489502,0.27624766031901044,0.974130392074585,0.4660068988800049,0.2766460418701172,0.9799048900604248,0.5587888240814209,0.300309944152832,0.8771447539329529,0.4305048942565918,0.303441588083903,0.8669419288635254,0.6514144897460937,0.5164626439412435,0.9846963882446289,0.3440572261810303,0.5138672828674317,0.9931975603103638,0.7069912910461426,0.7897895812988281,0.5966983437538147,0.2801420450210571,0.7601999918619792,0.7995176315307617,0.6993511199951172,0.8704862594604492,0.27174317836761475,0.2179415225982666,0.7138225555419921,0.4769125282764435,0.5816877365112305,0.9902490615844727,0.23318198323249817,0.4010453224182129,0.9726857503255208,0.32123619318008423,0.5860443592071534,1.0,0.006623644847422838,0.4158918380737305,0.8717891057332356,0.009396837092936039,0.6302851676940918,1.0,0.0011702324263751507,0.6130340576171875,0.848543357849121,0.001673345104791224
squat,0.48410849571228026,0.4233587900797526,0.9791494011878967,0.5115274906158447,0.3898458480834961,0.9530563950538635,0.46323838233947756,0.38545385996500653,0.9417529702186584,0.5502391338348389,0.4089357058207194,0.8358498811721802,0.43784298896789553,0.3992931365966797,0.7717612981796265,0.6315622329711914,0.6230891545613607,0.9768235683441162,0.32957236766815184,0.6328194300333659,0.990134060382843,0.7139780044555664,0.8079789479573568,0.5587075352668762,0.18043718338012696,0.8843769073486328,0.6937564015388489,0.7738558769226074,0.7719750722249349,0.35431450605392456,0.14304938316345214,0.8616870880126953,0.43319961428642273,0.5445263862609864,1.0,0.10576022416353226,0.3885488510131836,1.0,0.13237470388412476,0.4646131992340088,0.9338476181030273,0.0076955449767410755,0.3954556941986084,0.8363234202067057,0.00885818712413311,0.419876766204834,0.9862732569376628,0.0019369582878425717,0.5717976093292236,0.8189329783121745,0.0023191652726382017
squat,0.4898833274841309,0.5353545506795248,0.9695733189582825,0.5230771541595459,0.4937071482340495,0.9591124057769775,0.46350851058959963,0.49189281463623047,0.9285594820976257,0.5698718547821044,0.5144619941711426,0.8268059492111206,0.4284478187561035,0.5087021827697754,0.6350307464599609,0.6537254810333252,0.7401331583658854,0.9155405163764954,0.33329105377197266,0.7525507609049479,0.960324227809906,0.7090205192565918,0.918017578125,0.18687571585178375,0.2193777084350586,0.9643131256103515,0.25719642639160156,0.6820038795471192,0.8933077494303385,0.14069011807441711,0.20525507926940917,0.9124925613403321,0.15819968283176422,0.5749266147613525,1.0,0.019244084134697914,0.4076117992401123,1.0,0.02363300509750843,0.45374603271484376,0.9305430730183919,0.003719303058460355,0.35942869186401366,0.8432687123616537,0.004049584735184908,0.4080661296844482,0.9971193313598633,0.002021648222580552,0.5452542304992676,0.8565821329752604,0.0023702664766460657
squat,0.489484977722168,0.6402292251586914,0.9691762328147888,0.5195541858673096,0.6001338958740234,0.9637513160705566,0.46561555862426757,0.6000442504882812,0.9269900321960449,0.5655515193939209,0.6142961502075195,0.8668272495269775,0.4351378917694092,0.6125546137491862,0.6445297598838806,0.6526075839996338,0.8262659708658854,0.9389855861663818,0.3458888053894043,0.8360415776570638,0.9525046944618225,0.7370164871215821,0.9572933197021485,0.215802863240242,0.23758463859558104,0.9872572580973308,0.19325660169124603,0.7064557552337647,0.9401406606038412,0.15370836853981018,0.22269585132598876,0.9326505661010742,0.12790775299072266,0.572621488571167,1.0,0.020470399409532547,0.4217474937438965,1.0,0.019767817109823227,0.46984200477600097,0.9425081888834635,0.0051116966642439365,0.4241889476776123,0.8598543167114258,0.004834027960896492,0.42833194732666013,0.9935207366943359,0.003112774807959795,0.6284915924072265,0.8614059448242187,0.0033973241224884987
squat,0.49912195205688475,0.7127635320027669,0.9803260564804077,0.5320249557495117,0.6755399068196615,0.9793506264686584,0.470011568069458,0.6702261606852213,0.973727285861969,0.571504783630371,0.6973707199096679,0.8739750981330872,0.4274034023284912,0.685047976175944,0.8192399740219116,0.6395906448364258,0.876597277323405,0.8981913924217224,0.361734676361084,0.8841862996419271,0.9373171329498291,0.7431791305541993,0.9838675816853841,0.1269582360982895,0.26410679817199706,1.0,0.17625169456005096,0.7395082473754883,0.9858350118001302,0.09078627079725266,0.24952225685119628,0.9966602325439453,0.11700011789798737,0.5985805988311768,1.0,0.024893715977668762,0.45763545036315917,1.0,0.02904302440583706,0.5277418613433837,0.9980745315551758,0.008447615429759026,0.46827149391174316,0.9486724853515625,0.009774114936590195,0.467919921875,1.0,0.0075433989986777306,0.6200502395629883,0.9311440785725912,0.008941719308495522
squat,0.4993586540222168,0.7241327285766601,0.9804132580757141,0.5314597129821778,0.6876592000325521,0.9783627986907959,0.47047953605651854,0.68272705078125,0.9755893349647522,0.5701425552368165,0.7117141723632813,0.865618109703064,0.428020715713501,0.7002096811930338,0.8291440606117249,0.6398974895477295,0.9051499684651693,0.8883389830589294,0.3639930009841919,0.9017796198527018,0.9347324967384338,0.7516284942626953,0.9956107457478841,0.10740328580141068,0.2672743320465088,1.0,0.17546296119689941,0.7437764167785644,0.9896076838175456,0.08238634467124939,0.2532412052154541,1.0,0.11631083488464355,0.5937294960021973,1.0,0.02359153889119625,0.4560531139373779,1.0,0.029272165149450302,0.5159965038299561,1.0,0.007835415191948414,0.46605839729309084,0.9677889506022136,0.009687685407698154,0.46927590370178224,1.0,0.0071786390617489815,0.6247062683105469,0.9415252685546875,0.008806949481368065
squat,0.4900204658508301,0.6774453481038412,0.9836685061454773,0.5205470085144043,0.6446767807006836,0.9779824018478394,0.4655446529388428,0.6394330342610677,0.9704889059066772,0.5595521450042724,0.6635749816894532,0.8726468682289124,0.4291496276855469,0.6510475158691407,0.7936135530471802,0.6331342220306396,0.846632703145345,0.9406338930130005,0.3571815013885498,0.8490743001302083,0.9683369398117065,0.7193978309631348,0.9704188664754232,0.18692420423030853,0.26176912784576417,0.9918837865193685,0.27704131603240967,0.6851656913757325,0.9627001444498698,0.12092212587594986,0.21854586601257325,0.9854114532470704,0.149882972240448,0.5721685409545898,1.0,0.021092422306537628,0.43617615699768064,1.0,0.02561538852751255,0.4720911979675293,0.9608466466267903,0.004930140450596809,0.44112839698791506,0.8860052744547526,0.005902405828237534,0.40936789512634275,1.0,0.0032696786802262068,0.6201652526855469,0.8878862380981445,0.004150762688368559
squat,0.47620210647583006,0.597989845275879,0.9290486574172974,0.508110523223877,0.5677268981933594,0.8984488248825073,0.4586810111999512,0.5624825795491536,0.7982251048088074,0.5548582077026367,0.5930006663004558,0.770180344581604,0.4334136962890625,0.5767761866251627,0.42396092414855957,0.6281337738037109,0.7743974685668945,0.9497807621955872,0.34054610729217527,0.7762564977010091,0.9433382749557495,0.7252034187316895,0.9569698969523112,0.437680184841156,0.24351425170898439,0.9801132202148437,0.31519487500190735,0.741738748550415,0.9145711263020834,0.3117491900920868,0.2343200922012329,0.9102123260498047,0.21508580446243286,0.5622475147247314,1.0,0.04909149557352066,0.4095915794372559,1.0,0.04107774794101715,0.5192517757415771,0.9475686391194661,0.005466836970299482,0.4313381195068359,0.8958043416341146,0.004613941535353661,0.510499906539917,0.9864337921142579,0.001973635284230113,0.6337896347045898,0.9039429982503255,0.001895624096505344
squat,0.4876462459564209,0.5163839022318523,0.9844707250595093,0.5186121463775635,0.47929051717122395,0.9746673703193665,0.4628007411956787,0.47608763376871743,0.9506816864013672,0.5602313041687011,0.49892215728759765,0.857418954372406,0.4282242298126221,0.49005330403645836,0.6891668438911438,0.6333444595336915,0.7006165822347005,0.9673366546630859,0.3376519203186035,0.7214349746704102,0.9799399971961975,0.7180403709411621,0.8466432571411133,0.5056573152542114,0.20156416893005372,0.9307844161987304,0.4798559844493866,0.73455810546875,0.8275017420450846,0.3873803913593292,0.17175507545471191,0.931445821126302,0.316010057926178,0.5687568664550782,1.0,0.058269843459129333,0.4141382217407227,1.0,0.05792010575532913,0.4528005599975586,0.9194974263509115,0.0053459759801626205,0.37041492462158204,0.8610532124837239,0.004669431131333113,0.3950808525085449,0.9856940587361653,0.001665508490987122,0.532219123840332,0.8783988316853841,0.0016410726821050048
squat,0.4976047515869141,0.4381511688232422,0.993762195110321,0.5261759281158447,0.40564263661702477,0.9785183668136597,0.47376055717468263,0.39982840220133464,0.9815986752510071,0.56247878074646,0.42104854583740237,0.8271281719207764,0.4388972282409668,0.40899670918782555,0.8404211401939392,0.6269311428070068,0.6235857009887695,0.9750255346298218,0.36271541118621825,0.6125619252522786,0.9960450530052185,0.7302872180938721,0.7746798197428385,0.6432898640632629,0.1856302261352539,0.7881869633992513,0.9172123670578003,0.7680509567260743,0.8187758763631184,0.5259674191474915,0.05552473068237305,0.9361731211344401,0.7660565972328186,0.5519585609436035,1.0,0.13384361565113068,0.41512465476989746,1.0,0.24713976681232452,0.424815034866333,0.9396817525227864,0.00590193597599864,0.3830193758010864,0.8696654637654623,0.010216785594820976,0.3630002498626709,0.9962862014770508,0.0011583208106458187,0.5194575309753418,0.8884829203287761,0.0017552943900227547
squat,0.4964749813079834,0.3408808390299479,0.9854291081428528,0.5237537860870362,0.30871690114339195,0.9461512565612793,0.4735078811645508,0.30498466491699217,0.9464284777641296,0.5610702514648438,0.33383827209472655,0.7638078927993774,0.44298110008239744,0.32774473826090494,0.6646737456321716,0.646635103225708,0.55684814453125,0.9648675918579102,0.3650746583938599,0.5374989827473958,0.9958569407463074,0.7173592567443847,0.7613714218139649,0.6884310245513916,0.19790236949920653,0.722006098429362,0.9567295908927917,0.7063031196594238,0.8405759811401368,0.5495978593826294,0.057129740715026855,0.8655305862426758,0.8315837979316711,0.5756593227386475,1.0,0.22749829292297363,0.41495161056518554,1.0,0.4446687400341034,0.44771380424499513,0.9818005243937175,0.003690869314596057,0.31611385345458987,0.8814161936442058,0.007400992792099714,0.43184385299682615,1.0,0.0004414005670696497,0.4458163261413574,0.8994014739990235,0.0007487357943318784
squat,0.5143223762512207,0.2568114598592122,0.9888074994087219,0.5384071350097657,0.22336365381876627,0.941201388835907,0.48884100914001466,0.2235150655110677,0.9714353084564209,0.5685808181762695,0.24980220794677735,0.5848564505577087,0.45188584327697756,0.2517209688822428,0.7708268761634827,0.6423781871795654,0.4715696652730306,0.9438071250915527,0.37782979011535645,0.4438591003417969,0.9957329630851746,0.7039869785308838,0.667984135945638,0.7184377312660217,0.22943007946014404,0.5951162974039713,0.9801628589630127,0.7010757446289062,0.7530163447062175,0.6308593153953552,0.10204887390136719,0.7113986333211263,0.9319990277290344,0.5791847705841064,0.9936705271402995,0.4868592321872711,0.40819544792175294,0.9656328837076823,0.7662327885627747,0.5220602989196778,1.0,0.005766293499618769,0.2903475284576416,0.9168743133544922,0.014988972805440426,0.577626371383667,1.0,0.0005458145751617849,0.384607195854187,0.92439759572347,0.001069187419489026
squat,0.5252164840698242,0.18116378784179688,0.9875612854957581,0.5447347640991211,0.14540239969889324,0.9258910417556763,0.49750704765319825,0.1495431900024414,0.9646987915039062,0.568178129196167,0.16949793497721355,0.4645466208457947,0.45597352981567385,0.18299649556477865,0.7255375385284424,0.6489513397216797,0.3828647931416829,0.9620416760444641,0.38140506744384767,0.3798141797383626,0.9941860437393188,0.751987361907959,0.5225168228149414,0.861528754234314,0.21756117343902587,0.5343448638916015,0.9775868058204651,0.7405294418334961,0.5032497406005859,0.8054004311561584,0.09024055004119873,0.7068897247314453,0.9261974096298218,0.5880939960479736,0.9638328552246094,0.7775599956512451,0.4099550247192383,0.9471853892008464,0.8867311477661133,0.5444522380828858,1.0,0.012713978067040443,0.2924052238464355,0.9327776590983073,0.021321523934602737,0.6157491683959961,1.0,0.0009176268358714879,0.37101991176605226,0.9233891169230143,0.0013171571772545576
squat,0.5273756980895996,0.11886816024780274,0.9967742562294006,0.551985788345337,0.08594748179117838,0.9828858375549316,0.497928524017334,0.08819592793782552,0.9940513968467712,0.5794292449951172,0.11675291061401367,0.6861252188682556,0.4537147045135498,0.12229096094767253,0.9360384345054626,0.6384663581848145,0.32320257822672527,0.9695357084274292,0.36586365699768064,0.32719148000081383,0.9976340532302856,0.7323532104492188,0.4638946533203125,0.7795652151107788,0.19286174774169923,0.5027954737345378,0.9775446653366089,0.7414590835571289,0.4917827288309733,0.6704120635986328,0.14270555973052979,0.5867638270060221,0.928541362285614,0.5931117057800293,0.9244000116984049,0.7074030637741089,0.4148536205291748,0.9224539438883463,0.8702054023742676,0.5767013549804687,1.0,0.007121631409972906,0.3637744426727295,0.9984937032063802,0.015739258378744125,0.6258200645446778,1.0,0.00039875306538306177,0.4776755809783936,0.9637383778889974,0.0006763464189134538
squat,0.5306376457214356,0.07537196477254232,0.9971606731414795,0.5532036781311035,0.05390001932779948,0.9795820713043213,0.501679801940918,0.048824214935302736,0.9933271408081055,0.5757458686828614,0.10131212870279947,0.5613391995429993,0.45270938873291017,0.09223187764485677,0.9178094863891602,0.6218778133392334,0.290815544128418,0.9880585074424744,0.3851698637008667,0.28792648315429686,0.9950531125068665,0.772482967376709,0.34112650553385415,0.9357317686080933,0.2616926670074463,0.4186224619547526,0.9725404977798462,0.8994865417480469,0.3098361333211263,0.8822471499443054,0.1989001989364624,0.46605828603108723,0.9436584115028381,0.5700215339660645,0.8803820292154948,0.9272730350494385,0.41071577072143556,0.8735543568929036,0.9462276697158813,0.5828699588775634,1.0,0.02316502295434475,0.3804081201553345,1.0,0.02984587289392948,0.599293327331543,1.0,0.0006937276921235025,0.42768230438232424,1.0,0.0007888776017352939
squat,0.5251795291900635,0.0682255744934082,0.9972518086433411,0.5479239463806153,0.03937969207763672,0.987423837184906,0.4915350914001465,0.03664194742838542,0.9943007230758667,0.5719630241394043,0.08365122477213542,0.5857643485069275,0.4374488353729248,0.07913672129313151,0.9311529397964478,0.6109081268310547,0.28104139963785807,0.9863920211791992,0.369868540763855,0.2936147054036458,0.993118405342102,0.7747528553009033,0.3423130035400391,0.9016839861869812,0.21607956886291504,0.44119011561075844,0.9410898685455322,0.849693489074707,0.2702649434407552,0.874787449836731,0.32581994533538816,0.3080660184224447,0.9340063333511353,0.5725061893463135,0.8261746724446615,0.9428167343139648,0.41345772743225095,0.8393268585205078,0.9478465914726257,0.5585813522338867,1.0,0.05610831081867218,0.3891232252120972,1.0,0.06501046568155289,0.4736002445220947,1.0,0.0027327388525009155,0.38705759048461913,0.9698156992594401,0.002599525498226285
squat,0.5096879482269288,0.05236886342366536,0.9967105388641357,0.5318411827087403,0.026061058044433594,0.9759399890899658,0.47797555923461915,0.025509421030680338,0.9937548637390137,0.5554747104644775,0.0740337053934733,0.394715815782547,0.4263751029968262,0.07013409932454427,0.9250121712684631,0.6060194969177246,0.2673228581746419,0.9855797290802002,0.3638942241668701,0.2605447769165039,0.9739193320274353,0.7995136260986329,0.2914988199869792,0.8809342980384827,0.30347428321838377,0.34139280319213866,0.8446171283721924,0.938387107849121,0.264376433690389,0.812990128993988,0.4170598030090332,0.28644851048787434,0.8397728204727173,0.5476685523986816,0.8567526499430339,0.8994445204734802,0.38728115558624265,0.8591068267822266,0.8763750195503235,0.5809529781341553,1.0,0.03093428537249565,0.435393762588501,1.0,0.029375487938523293,0.5618435859680175,1.0,0.0011118979891762137,0.4908872127532959,1.0,0.0009761284454725683
squat,0.49439215660095215,0.05699323018391927,0.995618999004364,0.5141329765319824,0.030062516530354817,0.968374490737915,0.46251726150512695,0.030109628041585287,0.9921539425849915,0.5377533435821533,0.07347536087036133,0.27678433060646057,0.41063766479492186,0.06945098241170247,0.8982303142547607,0.5799434185028076,0.266801643371582,0.9717844724655151,0.36241223812103274,0.2366721789042155,0.9407153129577637,0.7694816589355469,0.28056983947753905,0.8557875156402588,0.34028124809265137,0.2788838386535645,0.7799544334411621,0.9320235252380371,0.24073452949523927,0.801778256893158,0.46998205184936526,0.25670642852783204,0.7990236878395081,0.5306787490844727,0.8721651077270508,0.8177729845046997,0.37622334957122805,0.864168930053711,0.7605079412460327,0.5922670364379883,1.0,0.015311838127672672,0.41506400108337405,1.0,0.013643051497638226,0.6128393173217773,1.0,0.0007625842117704451,0.461535120010376,1.0,0.0006567939417436719
squat,0.4738895416259766,0.0661436398824056,0.9923803806304932,0.49449381828308103,0.03359823226928711,0.9152427315711975,0.4385077476501465,0.03547960917154948,0.987694501876831,0.5173575401306152,0.06894931793212891,0.21096141636371613,0.3788560390472412,0.0702874501546224,0.9063016176223755,0.5602120399475098,0.26892967224121095,0.9761274456977844,0.35506763458251955,0.23687496185302734,0.9497409462928772,0.7326467514038086,0.3198076883951823,0.8861230611801147,0.5283989429473877,0.2705863316853841,0.904224693775177,0.9024297714233398,0.29218800862630206,0.8812810778617859,0.8274370193481445,0.24017753601074218,0.8911296725273132,0.5066434860229492,0.8621621449788411,0.8764907121658325,0.34831647872924804,0.8517164866129557,0.8429977297782898,0.5775235176086426,1.0,0.020231539383530617,0.3880401611328125,1.0,0.02018136717379093,0.6227938175201416,1.0,0.0007706749602220953,0.44080419540405275,1.0,0.0007199592073448002
squat,0.45151820182800295,0.07134596506754558,0.9946511387825012,0.4756195068359375,0.03878173828125,0.9329302310943604,0.42020211219787595,0.03489185969034831,0.9922729730606079,0.49913768768310546,0.06916933059692383,0.19962069392204285,0.3610701322555542,0.05510276158650716,0.9271429777145386,0.5274938583374024,0.2610119978586833,0.9691866636276245,0.3334333896636963,0.2199169635772705,0.973214864730835,0.695976448059082,0.3370569547017415,0.87298583984375,0.4714447021484375,0.2697183926900228,0.955916702747345,0.8313650131225586,0.3084232330322266,0.8865871429443359,0.7322222709655761,0.2291871706644694,0.9463312029838562,0.4874882698059082,0.8580389658610026,0.8734389543533325,0.3333040714263916,0.8478700002034505,0.8868945837020874,0.5642119407653808,1.0,0.017239142209291458,0.3600153923034668,1.0,0.02483588457107544,0.6042076587677002,1.0,0.0006894167745485902,0.404646110534668,1.0,0.0008103491272777319
squat,0.43042144775390623,0.06311664581298829,0.9955677390098572,0.4553233623504639,0.031619993845621745,0.9184410572052002,0.3971858024597168,0.027464644114176432,0.9936733245849609,0.4765714168548584,0.06894175211588542,0.16317015886306763,0.33614363670349123,0.05587612787882487,0.9436309337615967,0.4939720630645752,0.26464231808980304,0.9753672480583191,0.33267898559570314,0.22425300280253094,0.9807491302490234,0.6607625484466553,0.34184932708740234,0.8780507445335388,0.5438270092010498,0.2578462918599447,0.9723721742630005,0.8204148292541504,0.31230735778808594,0.8941429853439331,0.7713178634643555,0.2036757469177246,0.9600163102149963,0.44656758308410643,0.8509256998697917,0.8820892572402954,0.3158711433410645,0.8387938181559245,0.9055573344230652,0.5279274940490722,1.0,0.022078849375247955,0.3798433065414429,1.0,0.03727290779352188,0.5712498188018799,1.0,0.0007866743253543973,0.4300429344177246,1.0,0.001044264528900385
squat,0.40938611030578614,0.05910952885945638,0.9938965439796448,0.43462514877319336,0.027778148651123047,0.8838958144187927,0.376583194732666,0.023283640543619793,0.9924675822257996,0.4567224979400635,0.06313724517822265,0.14966055750846863,0.31777405738830566,0.049454689025878906,0.9516291618347168,0.4769304275512695,0.2566036065419515,0.9648904204368591,0.30664958953857424,0.21482068697611492,0.9901982545852661,0.6116525173187256,0.35653298695882163,0.8349098563194275,0.4990489959716797,0.2656972885131836,0.9873526096343994,0.7564443588256836,0.3302222569783529,0.8523119688034058,0.7106172561645507,0.2047750155131022,0.9738480448722839,0.433147668838501,0.8551822662353515,0.8908275961875916,0.2974859237670898,0.8399967829386393,0.9436694383621216,0.49728760719299314,1.0,0.019330540671944618,0.3413540840148926,1.0,0.04764806479215622,0.5417142868041992,1.0,0.0006196304457262158,0.3990472793579102,1.0,0.0010896900203078985
squat,0.40070786476135256,0.05487353006998698,0.9935053586959839,0.4225620746612549,0.026731491088867188,0.8726452589035034,0.3681482315063477,0.022698593139648438,0.9908320307731628,0.4409512519836426,0.06406828562418619,0.11739727109670639,0.3071281433105469,0.05134747823079427,0.9429141283035278,0.4572449207305908,0.25854256947835286,0.9716310501098633,0.28346660137176516,0.19983310699462892,0.9858156442642212,0.5520551681518555,0.36782302856445315,0.8813767433166504,0.45296683311462405,0.24841367403666179,0.9798763990402222,0.6789108753204346,0.2911731719970703,0.8876429796218872,0.6748469352722168,0.19469788869222004,0.9670210480690002,0.4090888977050781,0.8587459564208985,0.8925079107284546,0.2701949834823608,0.8368326822916666,0.9280401468276978,0.47376308441162107,1.0,0.020708398893475533,0.3167541027069092,1.0,0.03625522553920746,0.5316258430480957,1.0,0.0005964097799733281,0.3810446262359619,1.0,0.0008294812287203968
squat,0.3901117563247681,0.0536076545715332,0.9949474334716797,0.4142608165740967,0.02179689407348633,0.9059865474700928,0.35508246421813966,0.018882306416829427,0.9924991726875305,0.4371506214141846,0.05644353230794271,0.15323695540428162,0.2946981906890869,0.046316337585449216,0.9421454668045044,0.45404882431030275,0.2586766878763835,0.9752394556999207,0.27588677406311035,0.19465452829996746,0.9831187129020691,0.5610345840454102,0.36489038467407225,0.8828150033950806,0.4538564205169678,0.23539563814798992,0.9743155241012573,0.7062056541442872,0.27600205739339195,0.8937058448791504,0.6885926246643066,0.19281597137451173,0.9617629647254944,0.39384989738464354,0.8600671132405598,0.8623514175415039,0.2527532339096069,0.8364087422688802,0.8957312107086182,0.4695596218109131,1.0,0.018572239205241203,0.31539068222045896,0.997136942545573,0.03066779300570488,0.5280232906341553,1.0,0.000609356036875397,0.3782069683074951,0.9921598434448242,0.0008136902470141649
squat,0.3877467155456543,0.05761852264404297,0.9950169920921326,0.41108040809631347,0.023220284779866537,0.889002799987793,0.35072267055511475,0.021363067626953124,0.9923551082611084,0.4303258419036865,0.056115881601969404,0.0969439148902893,0.28239328861236573,0.048003101348876955,0.9406673312187195,0.4379662036895752,0.2549198309580485,0.9770063757896423,0.27106127738952634,0.19957825342814128,0.9759652614593506,0.5699685096740723,0.3417007128397624,0.9029152393341064,0.46748995780944824,0.22819485664367675,0.9645081162452698,0.7364022254943847,0.2832268397013346,0.9151689410209656,0.6953610897064209,0.19655040105183919,0.9572171568870544,0.37700810432434084,0.8552283604939779,0.8717079758644104,0.24532406330108641,0.8373486200968424,0.8798004388809204,0.45137643814086914,1.0,0.021921033039689064,0.3262284278869629,1.0,0.02958601899445057,0.5041281223297119,1.0,0.0007113544270396233,0.3859493017196655,1.0,0.0008086498128250241
squat,0.3881741762161255,0.05988499323527018,0.9958425164222717,0.4100801467895508,0.02487796147664388,0.8943996429443359,0.35121328830718995,0.024195098876953126,0.9939267039299011,0.4268406867980957,0.055796337127685544,0.08319363743066788,0.280735182762146,0.0495383898417155,0.9500074982643127,0.4329554557800293,0.2565128326416016,0.9763718247413635,0.26976163387298585,0.19988473256429037,0.973726749420166,0.58150634765625,0.3428166071573893,0.8964068293571472,0.47915024757385255,0.21744085947672526,0.9624500870704651,0.7736459732055664,0.29645134607950846,0.9155516028404236,0.7294755935668945,0.18383913040161132,0.9565685987472534,0.3673508882522583,0.8532140096028645,0.8398537039756775,0.23733899593353272,0.8367955525716145,0.844620406627655,0.4399120807647705,1.0,0.01890123263001442,0.31544671058654783,0.9971422831217448,0.025132430717349052,0.4946320056915283,1.0,0.0006619576597586274,0.369766092300415,0.9963569641113281,0.0007315939874388278
squat,0.39221887588500975,0.06373980840047201,0.995976984500885,0.41300487518310547,0.0300506591796875,0.8923684358596802,0.3567765712738037,0.028985595703125,0.9946310520172119,0.426983642578125,0.06110391616821289,0.07370658963918686,0.2860212802886963,0.05379908879597982,0.9550955295562744,0.4314750671386719,0.2580470085144043,0.972339391708374,0.27664406299591066,0.20371028582255046,0.9731255769729614,0.5863739490509033,0.3366194407145182,0.8728447556495667,0.48736915588378904,0.21464576721191406,0.9603978991508484,0.7650367736816406,0.2938364028930664,0.8976958990097046,0.7216438293457031,0.18176765441894532,0.9527466297149658,0.3633864402770996,0.847643788655599,0.8342581391334534,0.23938913345336915,0.8306933085123698,0.8487220406532288,0.42641267776489256,1.0,0.019638705998659134,0.3102290391921997,1.0,0.027795791625976562,0.4765199661254883,1.0,0.0007103097741492093,0.359409761428833,1.0,0.0008099920814856887
squat,0.40168399810791017,0.06925938924153646,0.9962984919548035,0.4253361701965332,0.03502591451009115,0.9137113094329834,0.3621302366256714,0.03355573018391927,0.9949741363525391,0.43992047309875487,0.06900113423665365,0.08345995098352432,0.28283717632293703,0.05916951497395833,0.9601942300796509,0.4446312427520752,0.2559981346130371,0.9821423888206482,0.26285462379455565,0.21074644724527994,0.98105388879776,0.5933245658874512,0.33996664683024086,0.900718629360199,0.4230238437652588,0.25035139719645183,0.9550313949584961,0.7650712013244629,0.2850569407145182,0.8825089931488037,0.6847514152526856,0.19868879318237304,0.9333470463752747,0.3912018299102783,0.8045368194580078,0.8933219313621521,0.2586893320083618,0.7960131327311198,0.8907355666160583,0.3946691036224365,1.0,0.04468453302979469,0.30325272083282473,1.0,0.05226427689194679,0.4002702713012695,1.0,0.001361375325359404,0.35091686248779297,0.9744331359863281,0.0013050410198047757
squat,0.4091651439666748,0.07972914377848307,0.993656575679779,0.4293344497680664,0.046369711558024086,0.873540997505188,0.37488493919372556,0.045070807139078774,0.9892300963401794,0.4422150611877441,0.07375958760579428,0.08142685145139694,0.30889482498168946,0.06610390345255533,0.9086166620254517,0.44063763618469237,0.26419169108072915,0.9712473750114441,0.3062643527984619,0.21060972213745116,0.9490368366241455,0.5870907783508301,0.34961490631103515,0.8947026133537292,0.5030722141265869,0.23274091084798176,0.9327300786972046,0.7737411022186279,0.3053195317586263,0.919894814491272,0.7369066715240479,0.20259618759155273,0.9404038190841675,0.378641939163208,0.8101898193359375,0.8528826236724854,0.27226529121398924,0.7972318649291992,0.8320722579956055,0.4326157569885254,1.0,0.035967495292425156,0.34885711669921876,0.9910396575927735,0.040113531053066254,0.4619772911071777,1.0,0.0013495903695002198,0.37539029121398926,1.0,0.0012806325685232878
squat,0.4187493801116943,0.0909033457438151,0.9947047829627991,0.44074645042419436,0.05617310206095378,0.8901732563972473,0.38457136154174804,0.05485734939575195,0.9923626184463501,0.4565448760986328,0.08041849136352539,0.08979237824678421,0.3199577569961548,0.07211154301961263,0.9329210519790649,0.4523059844970703,0.26664692560831704,0.9683929681777954,0.31542816162109377,0.21263297398885092,0.9618741273880005,0.5933354377746582,0.350722599029541,0.8666998147964478,0.5128036975860596,0.2339570204416911,0.947252631187439,0.7817309379577637,0.3079488754272461,0.8982921838760376,0.7454551219940185,0.207356325785319,0.9459561109542847,0.38127894401550294,0.7975736618041992,0.8563094139099121,0.2728452682495117,0.7839769999186198,0.8608136177062988,0.43883419036865234,1.0,0.0415513813495636,0.3474905967712402,0.9836390177408855,0.05634663626551628,0.4699234962463379,1.0,0.0017348371911793947,0.37086024284362795,1.0,0.0018870994681492448
squat,0.4431759357452393,0.09765558242797852,0.9968588352203369,0.4601895332336426,0.06779524485270182,0.879968523979187,0.41045026779174804,0.0641919453938802,0.9966763257980347,0.4630599498748779,0.09313990275065104,0.03756915032863617,0.3298219680786133,0.07754971186319987,0.9782013893127441,0.4550295829772949,0.26521841684977215,0.9767101407051086,0.30162844657897947,0.21135746637980143,0.9900515675544739,0.590516996383667,0.3595720291137695,0.8961373567581177,0.4556934356689453,0.24022935231526693,0.9831137657165527,0.7583564281463623,0.318949826558431,0.8909161686897278,0.6899152278900147,0.19430386225382487,0.9704211950302124,0.40688166618347166,0.7965152740478516,0.9147523045539856,0.28628835678100584,0.7851233164469401,0.9394868016242981,0.4205752372741699,1.0,0.051966454833745956,0.3048774480819702,1.0,0.08276486396789551,0.44205102920532224,1.0,0.001562779420055449,0.32501075267791746,0.9792489369710287,0.001838920870795846
squat,0.4566378116607666,0.1205624262491862,0.9945486187934875,0.47281694412231445,0.093743896484375,0.8007564544677734,0.4344233512878418,0.0822353998819987,0.9955910444259644,0.468016529083252,0.11917076110839844,0.03039519488811493,0.36467604637145995,0.08788487116495768,0.9749928116798401,0.46146430969238283,0.3036640167236328,0.9375361204147339,0.3351570129394531,0.2602262496948242,0.9683246612548828,0.6565489768981934,0.32580315272013344,0.6854419112205505,0.5722115516662598,0.2703344980875651,0.9545576572418213,0.8094907760620117,0.2848414738972982,0.7776293158531189,0.7953743934631348,0.22698014577229816,0.9438340067863464,0.3722281217575073,0.8328456878662109,0.7591733336448669,0.2716829299926758,0.8160149892171223,0.8297921419143677,0.43570899963378906,1.0,0.0279228538274765,0.3282639741897583,1.0,0.055959366261959076,0.4538536548614502,1.0,0.0016397543950006366,0.35113964080810545,1.0,0.0022370568476617336
squat,0.47628130912780764,0.15026063919067384,0.9941014647483826,0.4910245895385742,0.12995888392130533,0.8634898662567139,0.4583183765411377,0.11859550476074218,0.9949694275856018,0.48538880348205565,0.15660492579142252,0.06678780168294907,0.39571480751037597,0.12636903127034504,0.9724693298339844,0.48944363594055174,0.316117795308431,0.9592204093933105,0.33560502529144287,0.2842444737752279,0.9716123938560486,0.6606977939605713,0.34384514490763346,0.7670740485191345,0.5214784622192383,0.3417760213216146,0.9294570088386536,0.8099119186401367,0.27066109975179037,0.7062363028526306,0.7507333755493164,0.27540419896443685,0.851568341255188,0.3853996753692627,0.8521353403727213,0.8097220063209534,0.2614696979522705,0.8344111124674479,0.8258606195449829,0.43668017387390134,1.0,0.031203243881464005,0.2695005416870117,1.0,0.04165590927004814,0.46979150772094724,1.0,0.002027852227911353,0.29954073429107664,1.0,0.002100722398608923
squat,0.49363346099853517,0.2122157414754232,0.9852079153060913,0.5084463119506836,0.1931036631266276,0.8521938920021057,0.47666034698486326,0.18125712076822917,0.9878268837928772,0.504178237915039,0.20703690846761066,0.10686839371919632,0.4168978691101074,0.1787270228068034,0.9390249848365784,0.5163554191589356,0.35653699239095055,0.9405651688575745,0.34684703350067136,0.30532976786295574,0.9722303748130798,0.6148689746856689,0.5352601369222005,0.6280073523521423,0.424999475479126,0.439756965637207,0.8648902773857117,0.6035019874572753,0.46945730845133465,0.45936718583106995,0.5207628726959228,0.37147817611694334,0.6432359218597412,0.40540027618408203,0.8959768295288086,0.7719680666923523,0.27788553237915037,0.8622685114542643,0.8012674450874329,0.4193861484527588,1.0,0.030808180570602417,0.2667271137237549,0.9791500727335612,0.03640638664364815,0.44766769409179685,1.0,0.003662587609142065,0.3340183734893799,0.9195290883382161,0.003664859104901552
squat,0.4776932239532471,0.2720314661661784,0.9851107597351074,0.5006439208984375,0.2500361760457357,0.9621039032936096,0.46099252700805665,0.2398863474527995,0.9613215327262878,0.5185304641723633,0.27031517028808594,0.7960999608039856,0.42514786720275877,0.2532069524129232,0.6970235109329224,0.5812197208404541,0.4294473965962728,0.9909480214118958,0.335361385345459,0.4306098302205404,0.9578009843826294,0.7044397354125976,0.5863674799601237,0.899499773979187,0.27380928993225095,0.67738037109375,0.509111762046814,0.5528697013854981,0.4562631607055664,0.7111418843269348,0.25304973125457764,0.8741844813028972,0.23832494020462036,0.47954812049865725,0.9640308380126953,0.6441386938095093,0.3259176969528198,0.951016616821289,0.4275820851325989,0.5278095245361328,1.0,0.026191817596554756,0.4000375270843506,0.9415089925130208,0.01046824175864458,0.5329747676849366,1.0,0.0036589789669960737,0.5444441795349121,0.9459532419840495,0.0019689183682203293
squat,0.48639693260192873,0.3609583536783854,0.9629133939743042,0.5089950561523438,0.3355040232340495,0.9270369410514832,0.4655810832977295,0.3316851933797201,0.9224196672439575,0.5265098094940186,0.3672355651855469,0.6451918482780457,0.42496771812438966,0.3603743235270182,0.5838149189949036,0.5904319763183594,0.5405459721883138,0.9584999084472656,0.3372457981109619,0.5441642761230469,0.8129300475120544,0.7014629364013671,0.73824462890625,0.7091518044471741,0.322446870803833,0.772633425394694,0.22094029188156128,0.5327799797058106,0.5787343343098958,0.681636393070221,0.4507486343383789,0.7130823771158854,0.25773903727531433,0.5069631099700928,0.9999406814575196,0.16215741634368896,0.34389805793762207,0.9984846750895182,0.07098697125911713,0.5632950305938721,0.875093142191569,0.010509193874895573,0.3912327766418457,0.8521697362263997,0.004351968877017498,0.5624534606933593,0.9490339279174804,0.0032566662412136793,0.5250838279724122,0.9003165562947592,0.0016844903584569693
squat,0.490141487121582,0.453717295328776,0.984911322593689,0.5166695594787598,0.42933870951334635,0.9660319685935974,0.4685999393463135,0.42172927856445314,0.9666434526443481,0.5427046775817871,0.45407772064208984,0.7969074249267578,0.4310812473297119,0.4404810269673665,0.7615818977355957,0.593603515625,0.6338650385538737,0.9802843928337097,0.3492450475692749,0.6242092768351237,0.9675474166870117,0.6692469596862793,0.8416346867879232,0.6548486948013306,0.2857962131500244,0.8914186477661132,0.41832518577575684,0.5558072566986084,0.6330301920572917,0.5059288144111633,0.27067887783050537,0.9848365147908529,0.2326764613389969,0.4886580467224121,1.0,0.10838926583528519,0.3554751634597778,1.0,0.07346032559871674,0.46284875869750974,0.8994649251302084,0.01269461214542389,0.4278238296508789,0.8394018809000651,0.007917427457869053,0.425180721282959,0.9525588989257813,0.004181453958153725,0.5937430381774902,0.879590098063151,0.003049899125471711
squat,0.5017638206481934,0.5449949264526367,0.9633171558380127,0.5259489059448242,0.513878854115804,0.9154989719390869,0.47606401443481444,0.5104415257771809,0.9581551551818848,0.5523851394653321,0.5357793172200521,0.5274468660354614,0.434525728225708,0.5306836128234863,0.8109458684921265,0.5965797901153564,0.725186538696289,0.8775507807731628,0.3480983734130859,0.7194061915079752,0.9074897170066833,0.6384302616119385,0.9043164571126302,0.2041262984275818,0.2965934038162231,0.9204370498657226,0.26364970207214355,0.5415021896362304,0.7840127309163412,0.2414635568857193,0.3698294162750244,0.8960694630940755,0.2601623833179474,0.4867071628570557,1.0,0.03578317165374756,0.3479249715805054,1.0,0.03706229478120804,0.5045848369598389,0.8829339981079102,0.010707690380513668,0.4179640769958496,0.839531135559082,0.011687527410686016,0.44130849838256836,0.9495068232218424,0.007446588948369026,0.5221207618713379,0.8874959309895833,0.007751069031655788
squat,0.5104592800140381,0.6319853464762369,0.9740685224533081,0.528998613357544,0.6013545354207357,0.8851268887519836,0.4822495937347412,0.5981011708577474,0.9837186932563782,0.5443271160125732,0.6153510411580404,0.1675681471824646,0.423478364944458,0.6094237645467122,0.9252436757087708,0.5639864921569824,0.7692982991536458,0.8295474648475647,0.3541292667388916,0.7476520538330078,0.8967735171318054,0.5939726829528809,0.9326957066853842,0.1511426866054535,0.347269344329834,0.9140357971191406,0.33207467198371887,0.5514015197753906,0.7954875946044921,0.18756800889968872,0.4415916442871094,0.8713900883992513,0.34140723943710327,0.4746833324432373,1.0,0.05948234722018242,0.3481638431549072,1.0,0.07250823080539703,0.5267990589141845,0.9344339370727539,0.019810885190963745,0.4227622985839844,0.8868063608805339,0.026568308472633362,0.494503116607666,0.985446548461914,0.01618744060397148,0.48929924964904786,0.9090485254923503,0.018700795248150826
squat,0.5136539936065674,0.6902425765991211,0.9921814203262329,0.5292844772338867,0.6616816202799479,0.9439103603363037,0.4851515293121338,0.6599208831787109,0.9884765148162842,0.5413704872131347,0.6810948689778645,0.19025196135044098,0.42286028861999514,0.672689946492513,0.9405110478401184,0.5511732578277588,0.8047738393147786,0.9806445240974426,0.3574939966201782,0.8067207336425781,0.9364885091781616,0.701237678527832,0.8626040140787761,0.8762606382369995,0.3897728443145752,0.9178338368733724,0.6511861681938171,0.8737268447875977,0.8913122812906901,0.8583143949508667,0.5943089962005615,0.892095947265625,0.7621840238571167,0.5400017738342285,1.0,0.220439612865448,0.4160613536834717,1.0,0.11376940459012985,0.6982059955596924,0.8798331578572591,0.015156957320868969,0.5480787277221679,0.9013544718424479,0.009074864909052849,0.7202084541320801,0.9492952346801757,0.0047624558210372925,0.6443000793457031,0.9287296295166015,0.0029924861155450344
squat,0.5098247528076172,0.7241085052490235,0.9900118708610535,0.5246172904968261,0.6881716410319011,0.8890787363052368,0.48024816513061525,0.6865057627360026,0.9890742897987366,0.5285545825958252,0.701949946085612,0.11137412488460541,0.4069974899291992,0.69515380859375,0.9548213481903076,0.5245938301086426,0.851936403910319,0.9759184122085571,0.36125683784484863,0.8586165110270182,0.9063253998756409,0.7038629055023193,0.8757607777913411,0.8270527720451355,0.5150468826293946,0.9365115483601888,0.6085160374641418,0.8779144287109375,0.9012916564941407,0.850712239742279,0.7819264888763428,0.9428956985473633,0.7539461255073547,0.4990236759185791,1.0,0.20594866573810577,0.3971487760543823,1.0,0.09857583791017532,0.6673664093017578,0.9220691680908203,0.021892152726650238,0.5729492664337158,0.9403352737426758,0.013267331756651402,0.708123779296875,0.9642726898193359,0.007679148111492395,0.6735141754150391,0.9527577718098958,0.00482253497466445
squat,0.496447229385376,0.6944202423095703,0.9737333059310913,0.5109032154083252,0.6712994893391927,0.8920986652374268,0.46775197982788086,0.6669082641601562,0.976228654384613,0.5274294376373291,0.6989110946655274,0.3237045705318451,0.4034243106842041,0.6915073394775391,0.9256778955459595,0.6123332977294922,0.8358008066813151,0.9393453001976013,0.3554848194122314,0.84189879099528,0.9195467829704285,0.7529500007629395,0.925351333618164,0.3470596671104431,0.4127481460571289,0.9347300211588542,0.4113299250602722,0.5197032451629638,0.8826598485310873,0.41677984595298767,0.6429425716400147,0.8953386942545573,0.5341281294822693,0.652857780456543,1.0,0.056532084941864014,0.5014202117919921,1.0,0.054056987166404724,0.7295287132263184,0.8874422709147135,0.008653827011585236,0.64295973777771,0.8967130025227864,0.009925663471221924,0.6330184459686279,0.929653549194336,0.004852924961596727,0.791714096069336,0.9239572525024414,0.005138640757650137
squat,0.4624678611755371,0.6461912790934244,0.9627586007118225,0.48255324363708496,0.6153839111328125,0.9237573146820068,0.4350583076477051,0.6157968521118165,0.9708048105239868,0.5061528205871582,0.631077257792155,0.4953369200229645,0.3922074317932129,0.6343331654866536,0.8686231970787048,0.551938533782959,0.8016977310180664,0.8286206126213074,0.3244391679763794,0.7893569310506184,0.8983864784240723,0.5703126430511475,0.9661900838216145,0.10307437926530838,0.28920693397521974,0.9518107096354167,0.2153654843568802,0.5190428256988525,0.8562156041463216,0.09201094508171082,0.35008175373077394,0.927891222635905,0.1553114801645279,0.47046947479248047,1.0,0.03112766146659851,0.3424369812011719,1.0,0.03915521502494812,0.4794450283050537,0.9712554295857747,0.009310957975685596,0.39093632698059083,0.9011672973632813,0.012237124145030975,0.4621765613555908,1.0,0.007923977449536324,0.49480581283569336,0.8927242279052734,0.00977819599211216
squat,0.4455391883850098,0.5656805674235026,0.7276052236557007,0.45964651107788085,0.5399583180745443,0.5532504916191101,0.4254669189453125,0.5409917195638021,0.6755768060684204,0.47598557472229003,0.5570465723673502,0.36204102635383606,0.39712550640106203,0.5633230209350586,0.56940758228302,0.5495838165283203,0.7296437581380208,0.8214122653007507,0.31343443393707277,0.7328465779622396,0.8388577699661255,0.5780647277832032,0.9019457499186198,0.17265665531158447,0.29679532051086427,0.9364870071411133,0.1741175353527069,0.5287749290466308,0.7998267491658528,0.09780702739953995,0.33073575496673585,0.9402638117472331,0.0785449743270874,0.46750926971435547,1.0,0.04733581095933914,0.342549204826355,1.0,0.044675376266241074,0.44927473068237306,0.9686660766601562,0.011265627108514309,0.403003454208374,0.8455155690511068,0.010030086152255535,0.46195545196533205,1.0,0.008109248243272305,0.5800839900970459,0.8204837799072265,0.008225549012422562
squat,0.43668308258056643,0.4769032796223958,0.8296623229980469,0.4499043464660645,0.44722620646158856,0.588910698890686,0.41997489929199217,0.44930324554443357,0.7247588634490967,0.46322097778320315,0.46407721837361654,0.31163689494132996,0.3898307800292969,0.47209046681722006,0.49132490158081055,0.5573355674743652,0.6175517400105794,0.904518723487854,0.3149626016616821,0.671182123819987,0.8349292874336243,0.712768840789795,0.7097297032674154,0.5738328099250793,0.29550387859344485,0.8359115600585938,0.4048384726047516,0.5256161212921142,0.6797632853190104,0.5550848841667175,0.365626859664917,0.8138773600260417,0.41648155450820923,0.5121256828308105,1.0,0.17528437077999115,0.3686013460159302,1.0,0.1341988742351532,0.5606428146362304,0.9479188919067383,0.010194032453000546,0.44781055450439455,0.9299090703328451,0.007915016263723373,0.5262099266052246,0.9915089925130208,0.0028429327066987753,0.5796231746673584,0.9292694091796875,0.002393178641796112
squat,0.4333678722381592,0.42113208770751953,0.8613826036453247,0.4477877140045166,0.3884740829467773,0.5962538123130798,0.4142420291900635,0.3906198819478353,0.8059356808662415,0.4612860202789307,0.3986224174499512,0.20587271451950073,0.37723569869995116,0.4053387006123861,0.564924418926239,0.5482309341430665,0.5572217305501302,0.8779889941215515,0.29850504398345945,0.6019671122233073,0.8519667983055115,0.6854434013366699,0.6791745503743489,0.44848859310150146,0.28013761043548585,0.8029130935668946,0.40098172426223755,0.5713529586791992,0.5946005503336589,0.3765838146209717,0.32698235511779783,0.8055688858032226,0.3113686740398407,0.5073250770568848,0.9814135869344075,0.21152406930923462,0.3559416770935059,0.9946322123209635,0.19135421514511108,0.542177963256836,0.966908582051595,0.012622511945664883,0.39881062507629395,0.9302696228027344,0.010860689915716648,0.5561665534973145,1.0,0.003538319608196616,0.5395608425140381,0.9145239512125651,0.0031749894842505455
squat,0.4260671615600586,0.34111976623535156,0.9037635922431946,0.4398180484771729,0.3044774373372396,0.6128314137458801,0.40306682586669923,0.3067853609720866,0.8379077911376953,0.4513370513916016,0.3109063784281413,0.14522583782672882,0.35103702545166016,0.3259783426920573,0.4494098722934723,0.5517030715942383,0.4638791720072428,0.863655149936676,0.30141525268554686,0.5527820587158203,0.7372537851333618,0.780123519897461,0.48026860555013023,0.5565133690834045,0.31146016120910647,0.7007478713989258,0.40546715259552,0.5383881092071533,0.506121285756429,0.6361933350563049,0.28671348094940186,0.8070781707763672,0.4686538577079773,0.4767584323883057,0.9769739786783854,0.21633438766002655,0.3202193737030029,0.9916964848836263,0.16992218792438507,0.5027866363525391,0.9493402481079102,0.009117978624999523,0.3554928541183472,0.9384435017903646,0.006983439903706312,0.42215805053710936,0.9880196889241536,0.002338515594601631,0.4328330993652344,0.9369646708170573,0.001829509623348713
squat,0.417510986328125,0.263059139251709,0.9004383683204651,0.42973012924194337,0.23533185323079428,0.4548811912536621,0.3961219310760498,0.23572470347086588,0.8335981965065002,0.43450541496276857,0.25452451705932616,0.07088562101125717,0.3501695156097412,0.2528750737508138,0.6693429946899414,0.4792651176452637,0.39551477432250975,0.9405825734138489,0.29260621070861814,0.4174161911010742,0.8386953473091125,0.6780322551727295,0.3969690958658854,0.8657410144805908,0.4113152027130127,0.5184225082397461,0.7816704511642456,0.8174062728881836,0.32231038411458335,0.8411686420440674,0.6943183898925781,0.4622284571329753,0.778770387172699,0.43386363983154297,0.8831375122070313,0.7852056622505188,0.2989978790283203,0.9014537175496419,0.6747657060623169,0.5134186267852783,0.9440313975016276,0.055301375687122345,0.35119199752807617,0.9358768463134766,0.04120173677802086,0.534360933303833,1.0,0.006084317807108164,0.41674027442932127,0.9410591125488281,0.004340390674769878
squat,0.40985541343688964,0.20867649714152017,0.9774385094642639,0.42264795303344727,0.18087949752807617,0.8079254031181335,0.386857271194458,0.1834650993347168,0.959918737411499,0.43179903030395506,0.19435462951660157,0.14199040830135345,0.34241976737976076,0.2015422503153483,0.8210422992706299,0.4656123161315918,0.3359189987182617,0.9683141112327576,0.28150787353515627,0.3750086466471354,0.9498618245124817,0.6203863143920898,0.375834592183431,0.854465901851654,0.27009267807006837,0.5916385014851888,0.7860869765281677,0.7646427154541016,0.31202125549316406,0.6984907984733582,0.29994964599609375,0.797195561726888,0.5902866721153259,0.38839111328125,0.8521011352539063,0.7727430462837219,0.2676131248474121,0.8662712732950847,0.7137702107429504,0.4144464015960693,1.0,0.04428080841898918,0.3101948261260986,0.9772960027058919,0.03481927141547203,0.436635684967041,1.0,0.004317987244576216,0.3737635135650635,0.9579284032185872,0.0033415916841477156
squat,0.4103065013885498,0.15109275182088217,0.9941998720169067,0.4264648914337158,0.13098131815592448,0.8974621891975403,0.3857475757598877,0.12799037297566732,0.9936271905899048,0.4318070411682129,0.1677739461263021,0.11839622259140015,0.3289125680923462,0.1574212392171224,0.9531381726264954,0.43814892768859864,0.32113374074300133,0.9647648334503174,0.309080171585083,0.3014928499857585,0.9601117968559265,0.6207365036010742,0.33247149785359703,0.8075336813926697,0.49762935638427735,0.323374080657959,0.9181129336357117,0.7656766891479492,0.2649470011393229,0.8045974969863892,0.7171578407287598,0.26553274790445963,0.8860772252082825,0.35342769622802733,0.805653699239095,0.8035625219345093,0.250101637840271,0.7999856313069661,0.8029725551605225,0.4041027545928955,1.0,0.045542653650045395,0.304441499710083,0.9935934702555339,0.060088854283094406,0.4106454372406006,1.0,0.002851026365533471,0.32524082660675047,1.0,0.0029352251440286636
squat,0.40808515548706054,0.12522932688395183,0.9959967136383057,0.42382206916809084,0.09714345932006836,0.8758879899978638,0.3764268159866333,0.09880898793538412,0.995919406414032,0.4307406425476074,0.1268520991007487,0.06618601083755493,0.30920886993408203,0.12561140060424805,0.9725319147109985,0.4299199104309082,0.29545510609944664,0.9672442078590393,0.30441865921020506,0.2542140960693359,0.9861982464790344,0.5705076217651367,0.3597662925720215,0.841343104839325,0.5100608825683594,0.24990342458089193,0.9816464781761169,0.7358945846557617,0.3068111419677734,0.8588889837265015,0.7408371925354004,0.19068450927734376,0.9664377570152283,0.3665979623794556,0.7985542933146159,0.8724186420440674,0.26027255058288573,0.7873735427856445,0.9189776182174683,0.39746181964874266,1.0,0.03434636816382408,0.29033889770507815,1.0,0.06613121181726456,0.43834962844848635,1.0,0.001183936488814652,0.3080700397491455,0.9956149419148763,0.0016154143959283829
squat,0.40085291862487793,0.10162731806437174,0.9963645339012146,0.4153289318084717,0.07324698766072592,0.8817041516304016,0.3661127805709839,0.07638750076293946,0.9962589740753174,0.42237205505371095,0.10632457733154296,0.04660957679152489,0.29262547492980956,0.1085205078125,0.9708643555641174,0.4263285160064697,0.2751506487528483,0.9668875336647034,0.28950693607330324,0.23463865915934246,0.9821975231170654,0.5709769248962402,0.33108361562093097,0.841474175453186,0.47446069717407224,0.22342669169108073,0.974043071269989,0.728247594833374,0.26520500183105467,0.8530383110046387,0.69815673828125,0.15353390375773113,0.9593350291252136,0.37603709697723386,0.7916042327880859,0.8736072182655334,0.26340427398681643,0.7811506271362305,0.9109838604927063,0.39790432453155516,1.0,0.03624221682548523,0.29247164726257324,1.0,0.06191807985305786,0.4279808044433594,1.0,0.0012581761693581939,0.30961811542510986,0.9812030156453451,0.0015727939317002892
squat,0.39005241394042967,0.09898958206176758,0.9951327443122864,0.4040736198425293,0.0720865249633789,0.8694965839385986,0.35786221027374265,0.07451998392740886,0.9946210384368896,0.41244077682495117,0.10336863199869792,0.07058225572109222,0.29305453300476075,0.10478947957356771,0.9647279977798462,0.42941770553588865,0.27372716267903646,0.9701108932495117,0.2881050109863281,0.22701420783996581,0.9819750189781189,0.5670289993286133,0.32898079554239906,0.8386768102645874,0.4929029941558838,0.20185813903808594,0.973178505897522,0.7179569244384766,0.2563060442606608,0.8452902436256409,0.7073939323425293,0.12616456349690755,0.9538003206253052,0.3742388725280762,0.7896708170572917,0.8951321244239807,0.2604284524917603,0.7723559061686198,0.9266799688339233,0.4094123840332031,1.0,0.04466262459754944,0.2963852882385254,0.9907050450642904,0.07743976265192032,0.45703930854797364,1.0,0.001585981110110879,0.3305069446563721,0.9973187764485677,0.0021184585057199
squat,0.3822957515716553,0.10351053873697917,0.9950012564659119,0.39495761394500734,0.07637672424316407,0.8672912120819092,0.3499588489532471,0.07987998326619467,0.9940332770347595,0.4023374080657959,0.10658146540323893,0.06721954047679901,0.28495359420776367,0.11040299733479818,0.9606817960739136,0.42046384811401366,0.27478421529134117,0.9723747372627258,0.2831923007965088,0.23033378918965658,0.980684757232666,0.5519779205322266,0.32787437438964845,0.8638786673545837,0.48760237693786623,0.1964456876118978,0.9727180004119873,0.7006467819213867,0.26222635904947916,0.8715417981147766,0.6955069541931153,0.11910565694173177,0.9575611352920532,0.3790472984313965,0.7872180302937826,0.9081844091415405,0.26795330047607424,0.7725470225016277,0.9321280121803284,0.41755051612854005,1.0,0.050991494208574295,0.30563538074493407,0.9973793029785156,0.08200255781412125,0.47385029792785643,1.0,0.0016721133142709732,0.3417816162109375,1.0,0.002144773490726948
squat,0.3783963680267334,0.10458532969156902,0.9950475692749023,0.39185471534729005,0.07782052357991537,0.8732242584228516,0.3461586952209473,0.07964363098144531,0.9936736822128296,0.39867868423461916,0.11024481455485026,0.06582807004451752,0.27971458435058594,0.10994459788004557,0.9548922181129456,0.41248126029968263,0.2788103103637695,0.9728085398674011,0.2818465709686279,0.23207516670227052,0.9759699106216431,0.5491166114807129,0.3290339152018229,0.8709132075309753,0.4867804527282715,0.1989712397257487,0.9650590419769287,0.701261329650879,0.25564435323079426,0.8786321878433228,0.6876094818115235,0.11911554336547851,0.9508534669876099,0.3769241809844971,0.7930838267008463,0.8955636620521545,0.26976723670959474,0.7780885696411133,0.9137865304946899,0.4135063648223877,1.0,0.04748966544866562,0.30719671249389646,0.9928112030029297,0.06865272670984268,0.46877083778381345,1.0,0.0016898906324058771,0.34422461986541747,0.9993688583374023,0.0019981556106358767
squat,0.37492952346801756,0.10428752899169921,0.9946182370185852,0.38993813991546633,0.0786815325419108,0.8677908778190613,0.3429220676422119,0.0791195551554362,0.993445634841919,0.39782142639160156,0.11426868438720703,0.0713445395231247,0.2770336389541626,0.11088523864746094,0.9553959965705872,0.41312761306762696,0.2826302846272786,0.9708884358406067,0.2779271364212036,0.2364371140797933,0.9767163991928101,0.5531413078308105,0.33048775990804036,0.8524096012115479,0.4871175765991211,0.20757118860880533,0.965330958366394,0.6959471225738525,0.2593032042185465,0.8649191856384277,0.6910854339599609,0.13625723520914715,0.9502636194229126,0.37513935565948486,0.7914445877075196,0.8966686725616455,0.2668691873550415,0.7761579513549804,0.9193987250328064,0.4094536781311035,1.0,0.050485819578170776,0.3090456485748291,0.9988240559895833,0.07814144343137741,0.4558356285095215,1.0,0.0017858808860182762,0.34983789920806885,1.0,0.0022153661120682955
squat,0.37494335174560545,0.10290320714314778,0.9945583343505859,0.38893632888793944,0.0774410883585612,0.8662925362586975,0.34258232116699217,0.07870359420776367,0.9933167695999146,0.3962619543075562,0.11314016977945963,0.07022586464881897,0.277026891708374,0.11221364339192709,0.9548520445823669,0.4125525951385498,0.2818192799886068,0.9708531498908997,0.28064966201782227,0.23687079747517903,0.9758091568946838,0.5515459060668946,0.3310667673746745,0.8525886535644531,0.49240927696228026,0.20637410481770832,0.9639443159103394,0.6938706874847412,0.26549909909566244,0.8633901476860046,0.6905213356018066,0.13685042063395184,0.9482883214950562,0.3761314868927002,0.7943035125732422,0.8902942538261414,0.2694366931915283,0.7791501363118489,0.9128164649009705,0.4166153907775879,1.0,0.049139946699142456,0.3159289836883545,0.9861655553181966,0.07497920095920563,0.46540493965148927,1.0,0.001864676596596837,0.35652790069580076,1.0,0.0023061013780534267
squat,0.3785055160522461,0.10459060668945312,0.9947688579559326,0.3917257308959961,0.07794516881306966,0.8631417751312256,0.3463646173477173,0.07976535161336264,0.9937182664871216,0.397845196723938,0.11080894470214844,0.06308837234973907,0.2794201374053955,0.11056632995605468,0.9585800766944885,0.41379828453063966,0.28135782877604165,0.9709965586662292,0.28082034587860105,0.2353652318318685,0.9772648811340332,0.5518156051635742,0.3330890019734701,0.85598224401474,0.49220666885375974,0.20027154286702473,0.9666773080825806,0.6967310905456543,0.27076129913330077,0.8687911629676819,0.6949622154235839,0.12852532068888348,0.9524691104888916,0.3806840181350708,0.7932075500488281,0.8947394490242004,0.2730294942855835,0.7787720998128255,0.918016791343689,0.419920539855957,1.0,0.04747156426310539,0.31560344696044923,0.9982652028401693,0.07299122214317322,0.4782933235168457,1.0,0.0016800937009975314,0.35867900848388673,1.0,0.0020870345178991556
squat,0.38607838153839114,0.10112050374348959,0.9955205917358398,0.3990645408630371,0.07401224772135416,0.8660258054733276,0.3539731025695801,0.07659082412719727,0.9950952529907227,0.40498833656311034,0.10601663589477539,0.05693462863564491,0.2866635799407959,0.10711463292439778,0.9670780301094055,0.4173820972442627,0.2804789861043294,0.9686523675918579,0.2871950626373291,0.231743590037028,0.9816723465919495,0.5553395748138428,0.33581854502360026,0.8374361395835876,0.4968717098236084,0.1933367411295573,0.973962664604187,0.7017205238342286,0.2689196268717448,0.8610007166862488,0.7056705474853515,0.12155240376790365,0.9609299302101135,0.37687134742736816,0.7915894826253255,0.8900005221366882,0.2706274509429932,0.7766421635945638,0.9246286153793335,0.41241822242736814,1.0,0.04650299996137619,0.3120968103408813,0.9979272206624349,0.08129458129405975,0.46992292404174807,1.0,0.0016897048335522413,0.3513309478759766,1.0,0.002269062679260969
squat,0.3961787700653076,0.09616473515828451,0.9958815574645996,0.4114567756652832,0.06667248407999675,0.8759950995445251,0.36046295166015624,0.0689804712931315,0.9954490065574646,0.41383981704711914,0.09826399485270182,0.05561114847660065,0.28529059886932373,0.09975188573201497,0.9693289995193481,0.4181844711303711,0.26586796442667643,0.9757834076881409,0.2754956245422363,0.24493319193522137,0.9860444068908691,0.563377571105957,0.3352353096008301,0.87935870885849,0.44519624710083006,0.29475491841634116,0.9756651520729065,0.7186609745025635,0.2620343844095866,0.8682066202163696,0.6812711238861084,0.23642527262369792,0.9594053626060486,0.38373067378997805,0.7847725550333658,0.9120134115219116,0.27298784255981445,0.7859848022460938,0.9340510368347168,0.39856929779052735,1.0,0.0605497732758522,0.30742321014404295,1.0,0.09371504932641983,0.42007856369018554,1.0,0.0018457305850461125,0.33207035064697266,0.9990854899088542,0.002130459528416395
squat,0.4175379276275635,0.10154012044270834,0.9960907101631165,0.4329977512359619,0.07378139495849609,0.8612235188484192,0.38495049476623533,0.07280178070068359,0.9965135455131531,0.4319941520690918,0.10460907618204753,0.039444949477910995,0.3066534996032715,0.09628578821818033,0.9788715243339539,0.4269270896911621,0.27246116002400717,0.9693896174430847,0.2856895446777344,0.2387119928995768,0.9881911277770996,0.5761897087097168,0.3483091036478678,0.8442814946174622,0.4499732494354248,0.2767215092976888,0.9793233871459961,0.7323199272155761,0.3043766657511393,0.8436895608901978,0.69840407371521,0.2424444834391276,0.9639238715171814,0.3905314922332764,0.7823279062906902,0.9139338135719299,0.28024866580963137,0.7818247477213541,0.9441655874252319,0.40742220878601076,1.0,0.06655767560005188,0.311420202255249,1.0,0.1168946921825409,0.4313802719116211,1.0,0.0022657648660242558,0.33652315139770506,1.0,0.0028209383599460125
squat,0.42380127906799314,0.122318967183431,0.9947172999382019,0.4431173801422119,0.098680051167806,0.8825368285179138,0.39408555030822756,0.09569133122762044,0.9957879185676575,0.4499767780303955,0.14215354919433593,0.06944572180509567,0.33008134365081787,0.13111470540364584,0.9680498838424683,0.43670477867126467,0.31630833943684894,0.9265278577804565,0.3212984323501587,0.27852602005004884,0.979689359664917,0.5550363540649415,0.37133928934733074,0.637212336063385,0.47130446434020995,0.29624322255452473,0.9593956470489502,0.6472838401794434,0.3172705014546712,0.6696776151657104,0.6289833545684814,0.267721684773763,0.9300804138183594,0.36820154190063475,0.8079421997070313,0.8410160541534424,0.27470850944519043,0.7958642323811849,0.9153406023979187,0.38976054191589354,1.0,0.08864432573318481,0.30854933261871337,1.0,0.18894276022911072,0.39682784080505373,1.0,0.007215152028948069,0.32427253723144533,1.0,0.010933609679341316
squat,0.44869437217712405,0.17127437591552735,0.9904928803443909,0.4670717239379883,0.14438403447469075,0.9145370125770569,0.4249896049499512,0.14149293899536133,0.9888648986816406,0.47344555854797366,0.16355024973551432,0.22766488790512085,0.36564819812774657,0.1586772918701172,0.8923205137252808,0.5010758876800537,0.3234206517537435,0.9574074745178223,0.3310445785522461,0.31094544728597007,0.9324098825454712,0.673926830291748,0.38445587158203126,0.7041760087013245,0.46372213363647463,0.35658289591471354,0.7067946791648865,0.5774117946624756,0.262147045135498,0.5816945433616638,0.5577845573425293,0.24782403310139975,0.5106869339942932,0.37584242820739744,0.9089329401652019,0.6749747395515442,0.24908533096313476,0.8859013875325521,0.6109979152679443,0.39971797466278075,1.0,0.029323412105441093,0.2907029390335083,1.0,0.02487073466181755,0.4130248546600342,1.0,0.003971032332628965,0.38830056190490725,0.9430699666341146,0.003150206757709384
squat,0.47677273750305177,0.23090766270955404,0.9758654832839966,0.4882474422454834,0.20736287434895834,0.7480961680412292,0.4544507026672363,0.20583581924438477,0.9815826416015625,0.48421921730041506,0.2278986930847168,0.07640588283538818,0.39826245307922364,0.22520023981730145,0.9320184588432312,0.4999116897583008,0.40307900110880535,0.896459698677063,0.341017746925354,0.364170773824056,0.9637517333030701,0.5931063175201416,0.6168687184651692,0.4421238303184509,0.4367527008056641,0.5077714602152507,0.8336077332496643,0.5886930465698242,0.5459699630737305,0.2981691360473633,0.5159982681274414,0.4108798662821452,0.5567541718482971,0.3705564498901367,0.9525764465332032,0.5187230706214905,0.2533973217010498,0.9240657806396484,0.6099912524223328,0.3924222230911255,1.0,0.019419334828853607,0.2798397302627563,0.9501777013142904,0.02834985964000225,0.4320969104766846,1.0,0.0036702919751405716,0.3626673698425293,0.9041612625122071,0.004244381561875343
squat,0.4811640739440918,0.3407831827799479,0.979831874370575,0.4987271785736084,0.30697879791259763,0.9007769823074341,0.4535780906677246,0.3065318743387858,0.980383038520813,0.5124904632568359,0.31982482274373375,0.255038321018219,0.3990608215332031,0.3226289749145508,0.8758946657180786,0.5709583759307861,0.511552365620931,0.9129952788352966,0.31945157051086426,0.49791660308837893,0.9178344011306763,0.6615322589874267,0.7328007380167644,0.3297564685344696,0.2986627101898193,0.7237319946289062,0.41744211316108704,0.5540345668792724,0.5700611750284831,0.2940690815448761,0.37465834617614746,0.7039817810058594,0.3282659351825714,0.4804637908935547,0.9790526072184245,0.1293979287147522,0.32253398895263674,0.9669499715169271,0.13040539622306824,0.5273754596710205,0.922586186726888,0.010621434077620506,0.3857293128967285,0.8599056879679362,0.010759892873466015,0.530116605758667,0.9706668853759766,0.004392521921545267,0.49883432388305665,0.8612982432047526,0.004157025367021561
squat,0.49590163230895995,0.4262279510498047,0.8556782007217407,0.5071243286132813,0.40091803868611653,0.39940762519836426,0.47583661079406736,0.39481477737426757,0.8215762972831726,0.5083449363708497,0.42777732213338215,0.0703839585185051,0.42834081649780276,0.4176928202311198,0.7402821779251099,0.5899126052856445,0.6151849110921224,0.8535988926887512,0.3278066158294678,0.6180431365966796,0.924027681350708,0.7056670188903809,0.7868624369303385,0.29988163709640503,0.27416338920593264,0.8337535858154297,0.5576523542404175,0.6660676956176758,0.6661694844563802,0.29790449142456055,0.266683292388916,0.8712408065795898,0.44195276498794556,0.5321036815643311,0.9904341379801432,0.05423884093761444,0.3879246711730957,0.9861244201660156,0.07376021146774292,0.5452239513397217,0.8237540562947591,0.008173509500920773,0.4470058441162109,0.7511683146158854,0.01060466468334198,0.5235404014587403,0.9347994486490886,0.0036673934664577246,0.5784482002258301,0.8160387674967448,0.004401191137731075
squat,0.4885141372680664,0.5114453633626302,0.9190359115600586,0.509574031829834,0.47835442225138347,0.7308382391929626,0.4665200710296631,0.47686780293782555,0.8717280030250549,0.5284175395965576,0.5075017611185709,0.31591224670410156,0.42427406311035154,0.5013376871744791,0.6848196387290955,0.6193689823150634,0.7227739969889323,0.9100980162620544,0.34904839992523196,0.7406640370686849,0.9357755184173584,0.7607379913330078,0.8837407430013021,0.23856669664382935,0.3347304105758667,0.9373841603597005,0.37186527252197266,0.7339625358581543,0.7476657867431641,0.29228317737579346,0.3676057577133179,0.8634893417358398,0.36250972747802734,0.6034428596496582,1.0,0.04852290824055672,0.46816444396972656,1.0,0.06069270521402359,0.5377642154693604,0.7620310465494792,0.040332112461328506,0.48830375671386717,0.7287975947062174,0.04877317696809769,0.5395834922790528,0.8758074442545573,0.03437065705657005,0.7014612197875977,0.8272509892781575,0.040332987904548645
squat,0.507326602935791,0.593534278869629,0.9730485677719116,0.5264663696289062,0.5601585388183594,0.895264208316803,0.48018083572387693,0.5569441477457683,0.9745940566062927,0.5434813022613525,0.5809136708577474,0.32967761158943176,0.4253218650817871,0.5735384623209635,0.9040265679359436,0.6241392135620117,0.7858729044596354,0.910447359085083,0.3422072887420654,0.7731502532958985,0.9172312617301941,0.7594910144805909,0.9514808654785156,0.1374593824148178,0.3148504734039307,0.9304342269897461,0.22129587829113007,0.7150667190551758,0.8923913319905599,0.1356281042098999,0.40476670265197756,0.8860196431477865,0.21672967076301575,0.5814686775207519,1.0,0.01754278503358364,0.4347533226013184,1.0,0.019792845472693443,0.5853504657745361,0.8533577601114909,0.008174390532076359,0.5272119522094727,0.8045738220214844,0.009874418377876282,0.5527161598205567,0.9227547963460286,0.00867081992328167,0.7106488227844239,0.8402578989664714,0.009801487438380718
squat,0.5185752868652344,0.6507724761962891,0.9918711185455322,0.5304429054260253,0.6201835632324219,0.9157571196556091,0.49012322425842286,0.6190528233846029,0.9911451935768127,0.5368612766265869,0.6384787877400716,0.09766380488872528,0.42467193603515624,0.6329264958699544,0.957955002784729,0.5460934162139892,0.7949846267700196,0.968299388885498,0.3572254657745361,0.7822717030843099,0.9376660585403442,0.6914071083068848,0.8956751505533854,0.7513216733932495,0.3873100757598877,0.9038406372070312,0.661198616027832,0.8234272003173828,0.9426321665445964,0.7280166745185852,0.597780418395996,0.9133708318074544,0.7526670098304749,0.5258646488189698,1.0,0.16015741229057312,0.4064350605010986,1.0,0.10678252577781677,0.7001431465148926,0.9072144826253256,0.011250871233642101,0.5668812274932862,0.9324075698852539,0.00954604521393776,0.7171133995056153,0.9621852238972982,0.004079519305378199,0.6487291336059571,0.9539840062459309,0.003153728786855936
squat,0.5180932998657226,0.6889792760213216,0.9899258613586426,0.5304082870483399,0.6561913808186849,0.8549060225486755,0.489564037322998,0.6564645131429037,0.9919266700744629,0.5281647682189942,0.6769798278808594,0.06181730329990387,0.4152973175048828,0.6748015085856119,0.967927873134613,0.5042977333068848,0.8364521026611328,0.9582767486572266,0.3721024990081787,0.8440003712972005,0.9069934487342834,0.6635206699371338,0.9205519358317057,0.7022789120674133,0.528988265991211,0.9611881256103516,0.6161167621612549,0.8279077529907226,0.9688463846842448,0.7425225973129272,0.7842544555664063,0.9716426849365234,0.7336544394493103,0.46846637725830076,1.0,0.14610163867473602,0.38392324447631837,1.0,0.0865984559059143,0.6527047157287598,0.9184951782226562,0.017719626426696777,0.5872941017150879,0.9655987421671549,0.0140580078586936,0.6943173408508301,0.9311250050862631,0.007548201829195023,0.6733990669250488,0.963725471496582,0.005435198079794645
squat,0.5129284381866455,0.6955718358357748,0.9886301755905151,0.5216867446899414,0.6695159912109375,0.8162230849266052,0.4846449851989746,0.6666573842366537,0.9915213584899902,0.5131599426269531,0.7018582661946614,0.03267327696084976,0.4054692268371582,0.6951122283935547,0.9641663432121277,0.4880992412567139,0.8562966664632161,0.9430444836616516,0.3727596282958984,0.863953971862793,0.8576022982597351,0.6819318294525146,0.9098181406656901,0.6483914256095886,0.5267313957214356,0.9639415740966797,0.5355660915374756,0.8506697654724121,0.9413931528727214,0.7347596287727356,0.7459831714630127,0.978641128540039,0.7216435074806213,0.45845346450805663,1.0,0.1141323372721672,0.38664698600769043,1.0,0.06331677734851837,0.6505084037780762,0.9100913365681966,0.016008786857128143,0.6093147277832032,0.9653800328572592,0.012801270931959152,0.6534034729003906,0.9044542948404948,0.007696124259382486,0.6638522148132324,0.9533871332804362,0.005485659930855036
squat,0.49574933052062986,0.6551228205362956,0.9782688021659851,0.5059245586395263,0.6303930918375651,0.8512144684791565,0.46721649169921875,0.6315414428710937,0.9815374612808228,0.5157793521881103,0.6573744455973307,0.13894633948802948,0.4109368324279785,0.6584021250406901,0.9534244537353516,0.5595955848693848,0.8122262954711914,0.9439684748649597,0.35758819580078127,0.8051934560139974,0.9329215884208679,0.7043040275573731,0.8986653010050456,0.4385479688644409,0.4106703281402588,0.9128124237060546,0.5391726493835449,0.8018444061279297,0.8817342122395834,0.4262664318084717,0.6318670272827148,0.9010720570882161,0.5744808912277222,0.5653679370880127,1.0,0.08070123195648193,0.4522406101226807,1.0,0.07228799909353256,0.670790147781372,0.8817305246988932,0.011477428488433361,0.6171424388885498,0.8745148340861003,0.013217540457844734,0.666919755935669,0.9277259190877278,0.005935890134423971,0.7532967090606689,0.876138432820638,0.006148570217192173
squat,0.47886147499084475,0.5992542266845703,0.9357811808586121,0.4884817123413086,0.5735668182373047,0.7210737466812134,0.45189332962036133,0.5728333155314128,0.9566449522972107,0.4936692237854004,0.5946970621744792,0.10617651045322418,0.39730281829833985,0.5976281483968099,0.901710569858551,0.529568862915039,0.7688995361328125,0.7733564376831055,0.33581340312957764,0.765626335144043,0.8938984870910645,0.56294264793396,0.9363686243693033,0.0840136930346489,0.31894145011901853,0.9558740615844726,0.2441665679216385,0.5588857650756835,0.8697942097981771,0.06484455615282059,0.3480428695678711,0.9726653416951497,0.157006174325943,0.47154841423034666,1.0,0.02863173373043537,0.3715307950973511,1.0,0.04065438359975815,0.45987658500671386,0.9563745498657227,0.011212468147277832,0.45197353363037107,0.8843516667683919,0.01540281344205141,0.4137758731842041,0.9853195190429688,0.01056730281561613,0.5463666439056396,0.8576165517171224,0.012892274186015129
squat,0.470672607421875,0.5215989430745442,0.9589903354644775,0.4794114112854004,0.49633026123046875,0.8205172419548035,0.44545841217041016,0.49716370900472007,0.9708095192909241,0.48115901947021483,0.520066515604655,0.1652452051639557,0.39573404788970945,0.5262161572774251,0.9240140318870544,0.5257007598876953,0.7022825876871744,0.8438951373100281,0.32469539642333983,0.701361338297526,0.9424538016319275,0.5504695415496826,0.9073033650716146,0.11727547645568848,0.305330491065979,0.9329697926839192,0.3325403332710266,0.5391786098480225,0.7780541102091472,0.08292970061302185,0.3559000492095947,0.9125893274943034,0.1790779083967209,0.46506662368774415,1.0,0.041841059923172,0.35194375514984133,1.0,0.05788039788603783,0.45352964401245116,0.9751551946004232,0.00780769158154726,0.3959453821182251,0.8905619303385417,0.010461995378136635,0.4380634784698486,0.9963415781656901,0.004860126879066229,0.48842949867248536,0.8435646692911783,0.005962733179330826
squat,0.4647343635559082,0.4492249806722005,0.9004454016685486,0.47636237144470217,0.4231374740600586,0.6998752355575562,0.44231839179992677,0.4238361994425456,0.8715552091598511,0.48546571731567384,0.4427953720092773,0.29233551025390625,0.3971200942993164,0.450311279296875,0.7154569029808044,0.5816556453704834,0.593457285563151,0.9321133494377136,0.32002882957458495,0.6296486536661784,0.8477399349212646,0.7163949966430664,0.710857073465983,0.4572160243988037,0.3185314178466797,0.8137612660725911,0.2527521848678589,0.5222513675689697,0.6301907857259115,0.352588027715683,0.3851062059402466,0.8178860346476237,0.21032340824604034,0.5256674289703369,1.0,0.12674523890018463,0.3737471580505371,1.0,0.08539924025535583,0.5620977401733398,0.9518447240193685,0.009872171096503735,0.4758430480957031,0.8854993184407552,0.006616959348320961,0.5166613101959229,1.0,0.0035498293582350016,0.6319097518920899,0.886625099182129,0.0027813639026135206
squat,0.46649999618530275,0.3865431467692057,0.85512775182724,0.4708548069000244,0.36049594879150393,0.452873170375824,0.44877138137817385,0.3619938532511393,0.843867301940918,0.46400108337402346,0.3799405733744303,0.0974276214838028,0.4130249977111816,0.3855799992879232,0.7931089401245117,0.5348162174224853,0.5527736663818359,0.9149066805839539,0.33672318458557127,0.5789558410644531,0.8839459419250488,0.6752813816070556,0.7326037089029948,0.426973819732666,0.3663713693618774,0.839396858215332,0.42933112382888794,0.6788853168487549,0.6654435475667317,0.25663790106773376,0.5173103332519531,0.8262297948201497,0.2700875401496887,0.48504023551940917,0.9730574925740559,0.2517465353012085,0.37224884033203126,0.9834643681844075,0.21388503909111023,0.5239149570465088,0.966799545288086,0.024413246661424637,0.4806056022644043,0.9221590042114258,0.02263735979795456,0.5109421730041503,0.9914605458577473,0.007880650460720062,0.5839439868927002,0.8774723052978516,0.007104069460183382
squat,0.44982175827026366,0.3229750315348307,0.7735342979431152,0.45439491271972654,0.29423999786376953,0.22651250660419464,0.4286372661590576,0.2955028533935547,0.6691688299179077,0.44965219497680664,0.3134422302246094,0.03049473650753498,0.38235788345336913,0.31720015207926433,0.4855770766735077,0.497022819519043,0.475895627339681,0.8226451277732849,0.3660212516784668,0.4894311269124349,0.6258851885795593,0.6811684608459473,0.48091227213541665,0.717629075050354,0.5588701248168946,0.5324406623840332,0.671988308429718,0.7996519088745118,0.43677984873453773,0.750178873538971,0.8042216300964355,0.4420993169148763,0.7251707911491394,0.49547786712646485,0.9355969746907552,0.4724900424480438,0.3954598426818848,0.9454109827677409,0.3668760657310486,0.5853147983551026,0.958609135945638,0.020596494898200035,0.4520833969116211,0.9181626001993816,0.016989195719361305,0.6287015438079834,1.0,0.0032585798762738705,0.5053518772125244,0.8949705123901367,0.002640163293108344
squat,0.45095219612121584,0.2479424794514974,0.9873203039169312,0.4594884872436523,0.22576230367024738,0.9076645970344543,0.4279745101928711,0.22604544957478842,0.9868935346603394,0.460048246383667,0.24307581583658855,0.15436236560344696,0.3730562448501587,0.24493910471598307,0.9256786108016968,0.47864818572998047,0.383198610941569,0.9558074474334717,0.31679768562316896,0.3766846021016439,0.9686350226402283,0.5411909580230713,0.5021787643432617,0.7013245224952698,0.30825855731964114,0.5452627817789714,0.7678088545799255,0.5638546943664551,0.42751744588216145,0.5113215446472168,0.37140507698059083,0.5898337682088216,0.5747945308685303,0.42159576416015626,0.8674732208251953,0.8290480971336365,0.3086152315139771,0.8581302642822266,0.8239712119102478,0.4126449108123779,1.0,0.08137299865484238,0.3020970821380615,0.9774228413899739,0.07182183116674423,0.4368102550506592,1.0,0.011354265734553337,0.353464937210083,0.9574808756510417,0.009387582540512085
squat,0.44885406494140623,0.21601791381835939,0.9909166693687439,0.4610037326812744,0.19297984441121419,0.8880316615104675,0.4272876739501953,0.18837442398071289,0.9894270896911621,0.46036643981933595,0.20447053909301757,0.11767245084047318,0.36997666358947756,0.19176848729451498,0.9336736798286438,0.46038031578063965,0.33949708938598633,0.9643124341964722,0.33651955127716066,0.3142799059549967,0.9756483435630798,0.5515271186828613,0.3998745282491048,0.8331427574157715,0.4262721538543701,0.36442203521728517,0.9189947247505188,0.5851036071777344,0.2889726956685384,0.7321773767471313,0.5450602531433105,0.280420716603597,0.831895649433136,0.4108025074005127,0.8173969904581706,0.8828135132789612,0.3143855333328247,0.8061574300130209,0.8907275795936584,0.4229611396789551,1.0,0.13886144757270813,0.3216844081878662,0.9859177907307942,0.1527436226606369,0.4421212196350098,1.0,0.013881221413612366,0.35386953353881834,0.9302831013997396,0.013191761448979378
squat,0.45700793266296386,0.16010332107543945,0.9959242343902588,0.469509220123291,0.1369958241780599,0.8574410080909729,0.4330928325653076,0.13189528783162435,0.9960193037986755,0.463640022277832,0.16066357294718425,0.041512999683618546,0.36169631481170655,0.14220120112101237,0.9761129021644592,0.45596652030944823,0.31581366856892906,0.9713607430458069,0.3378839731216431,0.27154448827107747,0.9878917932510376,0.6334510803222656,0.37303031285603844,0.8601807951927185,0.5060827732086182,0.2644050598144531,0.9787896275520325,0.7650466918945312,0.34410368601481117,0.8591260313987732,0.6971389293670655,0.20853954950968426,0.9600685834884644,0.39387197494506837,0.8031150182088216,0.8980084657669067,0.2987447500228882,0.7925924301147461,0.9282722473144531,0.4117288112640381,1.0,0.06693021208047867,0.32623891830444335,1.0,0.1128334328532219,0.4301746368408203,1.0,0.003037754213437438,0.34504151344299316,0.9876794179280599,0.003698409767821431
squat,0.453246021270752,0.134536075592041,0.9953655004501343,0.46759943962097167,0.10483468373616536,0.8641160726547241,0.42181787490844724,0.10113029479980469,0.9951713681221008,0.4606335163116455,0.12645896275838217,0.039191436022520065,0.34114923477172854,0.11282723744710287,0.9639116525650024,0.444728946685791,0.2925558090209961,0.9656810760498047,0.3211502552032471,0.2510350227355957,0.9686199426651001,0.5971554279327392,0.3609853108723958,0.8564871549606323,0.48975334167480467,0.2747557004292806,0.9476146697998047,0.7700320243835449,0.3157569249471029,0.8709766864776611,0.7428979873657227,0.23939094543457032,0.9397096037864685,0.4051833152770996,0.780720329284668,0.8860681056976318,0.3076493263244629,0.7788401285807292,0.8902301788330078,0.43766446113586427,1.0,0.07378687709569931,0.3489719867706299,1.0,0.09126213192939758,0.46041507720947267,1.0,0.0030416948720812798,0.3551374912261963,1.0,0.0029165956657379866
squat,0.44572176933288576,0.12137940724690756,0.9948809146881104,0.45835585594177247,0.09424355824788412,0.8298031687736511,0.4171738147735596,0.09342266718546549,0.9946411848068237,0.4593177795410156,0.11723550160725911,0.03953288868069649,0.34881179332733153,0.10891488393147787,0.9672447443008423,0.4569737434387207,0.28944091796875,0.9634560942649841,0.3321999549865723,0.22554926872253417,0.9766046404838562,0.5972181797027588,0.35381987889607747,0.8359230160713196,0.536403751373291,0.18802563349405924,0.9709422588348389,0.7706666946411133,0.3026368459065755,0.8764203190803528,0.7734990119934082,0.14184888203938803,0.9623761773109436,0.3897854328155518,0.7767311096191406,0.8817451596260071,0.2892857551574707,0.7589632670084635,0.9126162528991699,0.4302650451660156,1.0,0.05147528648376465,0.3390023708343506,0.9911692301432292,0.08620763570070267,0.4766697406768799,1.0,0.0018383074784651399,0.35820693969726564,1.0,0.0023032331373542547
squat,0.43977913856506345,0.1272332509358724,0.9939593076705933,0.45230350494384763,0.10128447214762369,0.815392792224884,0.4131114959716797,0.09798062642415364,0.99338299036026,0.4509428977966309,0.12293519973754882,0.03786389157176018,0.3447632074356079,0.10880076090494792,0.9607776999473572,0.44708709716796874,0.29129072825113933,0.9631556272506714,0.32573766708374025,0.22693514823913574,0.9729932546615601,0.5827451229095459,0.35099061330159503,0.8436224460601807,0.5243614673614502,0.1896139144897461,0.9654259085655212,0.7419892311096191,0.29123833974202473,0.8788315653800964,0.7529279708862304,0.13349129358927408,0.9580543637275696,0.39339208602905273,0.7782459894816081,0.8969952464103699,0.2962791919708252,0.761355972290039,0.9194443225860596,0.43522844314575193,1.0,0.06287240236997604,0.3478280544281006,1.0,0.0969388484954834,0.4847508430480957,1.0,0.002276222687214613,0.37599773406982423,1.0,0.002721437020227313
squat,0.43268284797668455,0.12057603200276693,0.9962295889854431,0.44488134384155276,0.09640226364135743,0.8621261119842529,0.4031216621398926,0.09387556711832683,0.9960297346115112,0.44096851348876953,0.12919397354125978,0.03471942991018295,0.32574920654296874,0.1172695795694987,0.9764707088470459,0.43995022773742676,0.2912138303120931,0.9759891033172607,0.30030968189239504,0.2521503448486328,0.9877020716667175,0.5772959232330322,0.347695795694987,0.88916015625,0.4555694580078125,0.26060914993286133,0.977664053440094,0.7312297344207763,0.291856575012207,0.8802427053451538,0.6578547477722168,0.1883122762044271,0.9637382626533508,0.4026188373565674,0.7841312408447265,0.9248737692832947,0.2942193508148193,0.776080576578776,0.9443013072013855,0.40811939239501954,1.0,0.085122250020504,0.30429658889770506,1.0,0.12633033096790314,0.4279795169830322,1.0,0.0026922801043838263,0.32019782066345215,1.0,0.003067710204049945
squat,0.42989797592163087,0.12159299850463867,0.9962820410728455,0.44206986427307127,0.09592256546020508,0.8632775545120239,0.40059514045715333,0.0928034782409668,0.9961026906967163,0.43776330947875974,0.12519747416178387,0.03221243992447853,0.32268805503845216,0.11174065272013346,0.9744167923927307,0.4355506896972656,0.28799047470092776,0.9734159111976624,0.30079030990600586,0.2455622673034668,0.9855661392211914,0.5737902164459229,0.35305147171020507,0.8881409168243408,0.4637148380279541,0.25847606658935546,0.9763185381889343,0.7273447990417481,0.2944726308186849,0.87893146276474,0.6634134292602539,0.19771095911661785,0.9618979096412659,0.40729188919067383,0.7898804982503255,0.9145758748054504,0.2984080076217651,0.7811410903930665,0.9352342486381531,0.4267561435699463,1.0,0.06905747950077057,0.30451164245605467,1.0,0.1010834276676178,0.4625283718109131,1.0,0.002296803519129753,0.31785218715667723,0.9985436121622722,0.0025822448078542948
squat,0.4287325382232666,0.12843647003173828,0.9933421015739441,0.4425822257995605,0.10276006062825521,0.81938236951828,0.40204291343688964,0.0974853515625,0.9926275610923767,0.44153590202331544,0.12581138610839843,0.039674852043390274,0.3329409122467041,0.10729115804036458,0.9528023600578308,0.43731069564819336,0.29292612075805663,0.9566195011138916,0.3164674282073975,0.23056929906209309,0.9644728899002075,0.582022762298584,0.341455618540446,0.822949230670929,0.5154117107391357,0.19075965881347656,0.9545197486877441,0.7365825653076172,0.2915312131245931,0.8656765222549438,0.7502810955047607,0.13860638936360678,0.94911128282547,0.3941751718521118,0.7877471923828125,0.873894453048706,0.2974164247512817,0.7728501637776692,0.8959845900535583,0.43904595375061034,1.0,0.04992406442761421,0.3525094509124756,1.0,0.07446165382862091,0.48341026306152346,1.0,0.0020129908807575703,0.3851456165313721,1.0,0.0023429107386618853
squat,0.4269405841827393,0.12997894287109374,0.992682158946991,0.44062490463256837,0.10527114868164063,0.8091027140617371,0.40075058937072755,0.09870656331380208,0.9915845394134521,0.4385944366455078,0.13097896575927734,0.03945549577474594,0.3322183609008789,0.11011857986450195,0.9480778574943542,0.4347702503204346,0.3000968297322591,0.9574347734451294,0.31685619354248046,0.23727533022562664,0.9619994163513184,0.5805241584777832,0.34584197998046873,0.8297089338302612,0.5165430545806885,0.1975131352742513,0.9515454769134521,0.7302743911743164,0.2935197830200195,0.86915123462677,0.7383291244506835,0.14144309361775717,0.9472013115882874,0.39377334117889407,0.7957509358723959,0.8827072381973267,0.29907956123352053,0.7797167460123698,0.9001455903053284,0.44518632888793946,1.0,0.054887279868125916,0.35774955749511717,1.0,0.07959695905447006,0.4877470016479492,1.0,0.0022714962251484394,0.38880143165588377,1.0,0.0026160331908613443
squat,0.425441837310791,0.12995421091715495,0.993396520614624,0.43936309814453123,0.10373414357503255,0.8270606994628906,0.39858009815216067,0.09827200571695964,0.9923273921012878,0.4384239673614502,0.1273784637451172,0.04107094183564186,0.32979626655578614,0.10871820449829102,0.947403609752655,0.4348801612854004,0.29693568547566734,0.9560346007347107,0.31760258674621583,0.2353497823079427,0.9605726599693298,0.5810031890869141,0.34301783243815104,0.8245320916175842,0.5186024188995362,0.19103209177652994,0.9504141211509705,0.7327447414398194,0.28878838221232095,0.8704575300216675,0.7443743705749511,0.12766777674357097,0.9475322365760803,0.395073676109314,0.7919131596883138,0.8736666440963745,0.3004067182540894,0.7767954508463542,0.8926021456718445,0.4392275810241699,1.0,0.05591045692563057,0.3513489246368408,1.0,0.08087726682424545,0.48116393089294435,1.0,0.0024229034315794706,0.37908411026000977,1.0,0.002773252548649907
squat,0.4258659839630127,0.1213171641031901,0.9961627721786499,0.4381282329559326,0.09538478851318359,0.8644590973854065,0.39655776023864747,0.09156777064005533,0.995940089225769,0.43384428024291993,0.12468290328979492,0.03404322639107704,0.31944890022277833,0.11022640864054362,0.9733580350875854,0.43375959396362307,0.28989553451538086,0.9727630019187927,0.29851393699645995,0.2488109588623047,0.9852983951568604,0.5731374740600585,0.3540193557739258,0.8840255737304688,0.46103668212890625,0.2643916447957357,0.9758114218711853,0.7242976665496826,0.2922890345255534,0.8739675283432007,0.6557976722717285,0.1951231002807617,0.9614320397377014,0.40977931022644043,0.7961708068847656,0.9125876426696777,0.30124218463897706,0.7877029418945313,0.9344081282615662,0.4345685958862305,1.0,0.062218885868787766,0.3120711803436279,1.0,0.09322157502174377,0.4677039623260498,1.0,0.001956529915332794,0.3243401527404785,1.0,0.002249619923532009
squat,0.4298196792602539,0.12670113245646158,0.993490993976593,0.44410080909729005,0.10154863993326822,0.8332715630531311,0.402955436706543,0.096502685546875,0.9923445582389832,0.4445463180541992,0.12715479532877605,0.048203855752944946,0.335875415802002,0.10937283833821615,0.9510915279388428,0.4410120487213135,0.29545456568400064,0.9626335501670837,0.32244100570678713,0.23206389745076497,0.966533362865448,0.5820383548736572,0.34861942927042644,0.8396210670471191,0.5209404945373535,0.19466867446899414,0.954171359539032,0.7370055198669434,0.29448779424031574,0.8714407682418823,0.7453849792480469,0.13641300201416015,0.946420431137085,0.3942910671234131,0.7887966791788737,0.8874972462654114,0.2985763311386108,0.7718966166178386,0.9039856195449829,0.4365877151489258,1.0,0.05783907324075699,0.3512552738189697,1.0,0.0827552005648613,0.4795507907867432,1.0,0.0023726164363324642,0.38234944343566896,1.0,0.0027078886050730944
squat,0.439393949508667,0.13060048421223958,0.9942016005516052,0.4528374195098877,0.10425974527994791,0.8242468237876892,0.4136343002319336,0.09998435974121093,0.9938098788261414,0.4524364948272705,0.12506672541300456,0.042415592819452286,0.34701008796691896,0.10843140284220378,0.9630454182624817,0.44906935691833494,0.295423698425293,0.9630154371261597,0.32939300537109373,0.23006165822347005,0.9744077324867249,0.5930704116821289,0.35820210774739586,0.8317655324935913,0.5378195762634277,0.19917081197102865,0.966661810874939,0.7598832607269287,0.29877471923828125,0.8658682703971863,0.7650235176086426,0.14444427490234374,0.9560332894325256,0.3925607681274414,0.7874198913574219,0.890045166015625,0.29532594680786134,0.7690897623697917,0.9168367385864258,0.4382959842681885,1.0,0.05040804296731949,0.34615268707275393,1.0,0.08241011947393417,0.49364261627197265,1.0,0.001755583449266851,0.3755177021026611,1.0,0.0021842436399310827
squat,0.453660774230957,0.13599526087443034,0.9960100650787354,0.46718835830688477,0.10787029266357422,0.8141041398048401,0.42612175941467284,0.10073229471842447,0.9966147541999817,0.45717663764953614,0.12655315399169922,0.02178940363228321,0.343651270866394,0.10423854192097982,0.9816471934318542,0.43101062774658205,0.2931063969930013,0.9622587561607361,0.32129664421081544,0.24189376831054688,0.9861916303634644,0.5664788722991944,0.38825359344482424,0.8314247131347656,0.5105647563934326,0.2789841969807943,0.9780848026275635,0.7330455303192138,0.3592274030049642,0.8495670557022095,0.7185336112976074,0.259578800201416,0.9639514088630676,0.38187236785888673,0.79943421681722,0.8622234463691711,0.290420389175415,0.7881673177083334,0.9074931740760803,0.40396556854248045,1.0,0.05193353071808815,0.3187122344970703,1.0,0.08777263015508652,0.43079404830932616,1.0,0.0021325924899429083,0.3273447513580322,1.0,0.002555162413045764
squat,0.45089354515075686,0.16131283442179362,0.9940224289894104,0.4673159599304199,0.13659286499023438,0.8650255799293518,0.4250615119934082,0.13010101318359374,0.9942980408668518,0.46438822746276853,0.1587063471476237,0.0611480176448822,0.35524554252624513,0.13935565948486328,0.963835597038269,0.45320281982421873,0.3041385650634766,0.9600883722305298,0.3321643590927124,0.27739159266153973,0.9819375276565552,0.5949663162231446,0.3699995994567871,0.8124017715454102,0.4690593719482422,0.33206329345703123,0.96021968126297,0.6756824016571045,0.344953982035319,0.8058604001998901,0.6507830142974853,0.33304001490275065,0.9345145225524902,0.4040538787841797,0.7901814778645834,0.8901852369308472,0.30977869033813477,0.7865159352620442,0.9197243452072144,0.4184218406677246,1.0,0.12148064374923706,0.33891341686248777,1.0,0.18262936174869537,0.41620454788208006,0.9938615163167318,0.00848497822880745,0.3549788951873779,0.9801498413085937,0.009635617956519127
squat,0.4855085849761963,0.19013748168945313,0.9923108816146851,0.4980961799621582,0.16815493901570638,0.7721240520477295,0.46462111473083495,0.15866810480753582,0.9948126077651978,0.4826725959777832,0.18574015299479166,0.02894340455532074,0.39342670440673827,0.16071443557739257,0.9795952439308167,0.4338236808776855,0.3369139035542806,0.9267954230308533,0.3612680196762085,0.2894331932067871,0.9896883368492126,0.5086235523223877,0.4682649294535319,0.6927647590637207,0.45624966621398927,0.36000178654988607,0.9756006002426147,0.5802919864654541,0.4176831563313802,0.6652200222015381,0.5415815353393555,0.301996103922526,0.9401552677154541,0.37246108055114746,0.8145178476969401,0.8433433175086975,0.30649192333221437,0.8022021611531576,0.9240813255310059,0.39366238117218016,1.0,0.09957969933748245,0.3306004762649536,1.0,0.19942958652973175,0.4076834201812744,0.9842187881469726,0.009335754439234734,0.33780455589294434,0.9560007731119792,0.013101977296173573
squat,0.49896960258483886,0.24147043228149415,0.9801219701766968,0.5079676628112793,0.21884517669677733,0.732805609703064,0.48156328201293946,0.21466004053751628,0.9842658042907715,0.4926173210144043,0.22338975270589193,0.05093180760741234,0.42253637313842773,0.21217387517293293,0.9500281810760498,0.4731861114501953,0.3650539716084798,0.9153547883033752,0.3808314800262451,0.335028076171875,0.9657886028289795,0.5866144180297852,0.5366996129353842,0.5906344652175903,0.4839474201202393,0.4450906117757161,0.8600285053253174,0.556795597076416,0.5047991752624512,0.45328032970428467,0.5357534408569335,0.37326488494873045,0.6554929614067078,0.3562354326248169,0.9105631510416666,0.6603383421897888,0.28060758113861084,0.8933327356974284,0.7050595283508301,0.36973235607147215,1.0,0.030830685049295425,0.31871957778930665,1.0,0.03773917257785797,0.39723668098449705,1.0,0.004707190208137035,0.3856566667556763,0.9505609512329102,0.00453610997647047
squat,0.5120551109313964,0.29918362299601237,0.9434362649917603,0.5213534355163574,0.27537689208984373,0.7183700203895569,0.4926000595092773,0.2719392458597819,0.9272711873054504,0.5158676147460938,0.2871707280476888,0.13444815576076508,0.4427493572235107,0.2831878980000814,0.817104160785675,0.5505845069885253,0.43770167032877605,0.9588295817375183,0.35079159736633303,0.4456469217936198,0.9168227314949036,0.6608551979064942,0.6322411855061849,0.6721379160881042,0.34124131202697755,0.7245239893595378,0.4160929322242737,0.5939490318298339,0.5287891387939453,0.4462718069553375,0.44488115310668946,0.6728543599446615,0.2720586359500885,0.4131791591644287,0.956896718343099,0.5188267827033997,0.293626594543457,0.9455125172932942,0.3618302345275879,0.39944169521331785,1.0,0.042543698102235794,0.3747053623199463,0.9433916727701823,0.02414500154554844,0.3193285703659058,1.0,0.008723053149878979,0.4468952178955078,0.9070950826009114,0.005178661085665226
squat,0.5148250102996826,0.39116061528523766,0.9563937783241272,0.5279713630676269,0.36810843149820965,0.7760991454124451,0.49169368743896485,0.3626458485921224,0.948228120803833,0.5328835487365723,0.38335908253987633,0.16994035243988037,0.44295353889465333,0.37541287740071616,0.8640275001525879,0.5682358741760254,0.5551783879597981,0.9400082230567932,0.353464412689209,0.5292667071024577,0.9574978351593018,0.6281756401062012,0.8044652303059896,0.4079522490501404,0.29298512935638427,0.8060386657714844,0.49780112504959106,0.6296061992645263,0.6979657491048177,0.23571635782718658,0.28711957931518556,0.8605747222900391,0.25388357043266296,0.4371511459350586,0.9913795471191407,0.15310043096542358,0.321842360496521,0.9687664031982421,0.14767971634864807,0.40973830223083496,0.9425818125406901,0.016409842297434807,0.41236066818237305,0.8487183888753255,0.015617825090885162,0.3361114501953125,1.0,0.005275190342217684,0.5087151050567627,0.8671875635782877,0.004875655751675367
squat,0.5099661350250244,0.4649126688639323,0.9034655690193176,0.5266563415527343,0.4392929395039876,0.7440102100372314,0.48877840042114257,0.436086908976237,0.9067546129226685,0.5382548332214355,0.4629731814066569,0.21632958948612213,0.45123996734619143,0.45828282038370766,0.7760130763053894,0.5708799839019776,0.6285770416259766,0.7442896366119385,0.3621687412261963,0.63138427734375,0.9061207175254822,0.5807706832885742,0.8765643437703451,0.13054443895816803,0.2852982997894287,0.9317832946777344,0.31650909781455994,0.547713327407837,0.7289190292358398,0.10704439133405685,0.34964981079101565,0.8545767466227213,0.19774849712848663,0.47479829788208006,0.9850774765014648,0.04123613238334656,0.35273544788360595,0.979764175415039,0.05389443784952164,0.45252223014831544,0.9313688278198242,0.006998865865170956,0.3795157432556152,0.8776652018229166,0.009097671136260033,0.3748240232467651,0.965554682413737,0.003377340966835618,0.4316774845123291,0.8657115936279297,0.003911305218935013
squat,0.513908863067627,0.5594947814941407,0.8378165364265442,0.5315105438232421,0.5349810282389323,0.5867067575454712,0.4934665679931641,0.528078269958496,0.8741973638534546,0.5434391021728515,0.5562198638916016,0.14138570427894592,0.4505173206329346,0.5410797754923503,0.7979750037193298,0.5773855209350586,0.7081958770751953,0.6843893527984619,0.35753350257873534,0.7135560353597005,0.8569619059562683,0.6076805114746093,0.8694586435953776,0.10643783956766129,0.33687806129455566,0.9457544326782227,0.2745020389556885,0.5480113506317139,0.7134773890177409,0.12579287588596344,0.4664426803588867,0.850618553161621,0.2472027838230133,0.4962860107421875,0.9985825856526692,0.04330030083656311,0.3701054811477661,0.9988616307576498,0.05719006806612015,0.5089866638183593,0.9153541564941406,0.013107077218592167,0.4263721466064453,0.8667774836222331,0.01821211539208889,0.4371970176696777,0.9637187321980795,0.009569431655108929,0.5144484996795654,0.8769248962402344,0.011518677696585655
squat,0.5184022903442382,0.6383955001831054,0.9298518300056458,0.5370878219604492,0.6061992645263672,0.8190164566040039,0.49349336624145507,0.6028041203816732,0.9255305528640747,0.5564455509185791,0.6231545766194662,0.37682443857192993,0.44359569549560546,0.6177570343017578,0.7925671935081482,0.6555701732635498,0.8085134506225586,0.9072866439819336,0.3455116987228394,0.8026620229085286,0.8555514812469482,0.8322996139526367,0.89776611328125,0.24742908775806427,0.3118638515472412,0.8985852559407552,0.2167254388332367,0.7476996421813965,0.8307866414388021,0.2641116678714752,0.4139103889465332,0.8855183919270834,0.23138515651226044,0.5829942226409912,1.0,0.06051848828792572,0.41220664978027344,1.0,0.05012408271431923,0.6318978786468505,0.8882744471232097,0.0162943284958601,0.49166364669799806,0.8416083017985027,0.015563653782010078,0.601530933380127,0.9406681060791016,0.012786190956830978,0.6478392124176026,0.8673486073811849,0.012216110713779926
squat,0.5367202758789062,0.694912338256836,0.975723922252655,0.5490340232849121,0.6621713002522787,0.8901086449623108,0.5051041126251221,0.6631937662760417,0.9658366441726685,0.5565172672271729,0.6786978403727214,0.16287878155708313,0.43698935508728026,0.6775173823038737,0.8961321711540222,0.5889897346496582,0.816505495707194,0.9659410715103149,0.36114158630371096,0.8260548909505209,0.8180578351020813,0.7041502952575683,0.8802759806315105,0.7738935947418213,0.41026782989501953,0.9503347396850585,0.29159748554229736,0.842990493774414,0.8438271840413412,0.7786005735397339,0.7339797973632812,0.8622548421223958,0.5069434642791748,0.6109216690063477,1.0,0.135492742061615,0.4678214073181152,1.0,0.05066132918000221,0.7194601058959961,0.8942831675211589,0.016968360170722008,0.5623443603515625,0.8962254206339518,0.006538298446685076,0.7540098190307617,0.9650478998819987,0.007184272166341543,0.694516944885254,0.8956120808919271,0.0034257567021995783
squat,0.5323748111724853,0.7281564712524414,0.9879216551780701,0.5439839839935303,0.6954132080078125,0.8104830980300903,0.5028898239135742,0.6917325973510742,0.9913889765739441,0.5361379146575928,0.7181161244710287,0.04552075266838074,0.422989559173584,0.7109124501546223,0.9638186097145081,0.4993098258972168,0.8686262766520182,0.9502775073051453,0.3951089859008789,0.876061757405599,0.8830140829086304,0.6618156433105469,0.878756586710612,0.704356849193573,0.6007329940795898,0.926490592956543,0.6170783638954163,0.8390403747558594,0.8688240687052409,0.7433781623840332,0.817967700958252,0.9094221750895183,0.7216066718101501,0.4762139797210693,1.0,0.15506869554519653,0.41130743026733396,1.0,0.08555028587579727,0.7119177341461181,0.8683267593383789,0.021173665300011635,0.6503268718719483,0.892143440246582,0.01612754352390766,0.7724932670593262,0.9029188791910807,0.009108682163059711,0.7243428707122803,0.9170660654703776,0.0065102409571409225
squat,0.5265560626983643,0.7044278462727864,0.9632529616355896,0.5357701778411865,0.6768288930257161,0.8473653197288513,0.49631366729736326,0.6774475733439128,0.9599919319152832,0.5468121528625488,0.7022780100504558,0.20522910356521606,0.4267019271850586,0.705427614847819,0.8840987086296082,0.6504390239715576,0.8365884780883789,0.9316426515579224,0.3812709808349609,0.8663440068562825,0.8773996233940125,0.8211008071899414,0.9192508697509766,0.40877625346183777,0.4162436485290527,0.9600753784179688,0.34058332443237305,0.5790880680084228,0.8732350667317709,0.5330464839935303,0.6564578056335449,0.8676920572916667,0.5786686539649963,0.743526840209961,1.0,0.054087962955236435,0.5851426601409913,1.0,0.04427144676446915,0.8061960220336915,0.8303850173950196,0.010720659047365189,0.6991114139556884,0.875602658589681,0.009885482490062714,0.7115259647369385,0.8663794835408528,0.006209225859493017,0.8443611145019532,0.894581158955892,0.005624955054372549
squat,0.5166110992431641,0.6588277180989583,0.9216585755348206,0.5250822067260742,0.6326310475667317,0.695965051651001,0.49040889739990234,0.6326841990152995,0.9521822929382324,0.5281537532806396,0.6472756067911783,0.09247037768363953,0.43201484680175783,0.6512154897054037,0.9056524634361267,0.5738077163696289,0.8072306315104166,0.803183376789093,0.3518261432647705,0.7905756632486979,0.8851248621940613,0.6082158565521241,0.9612079620361328,0.09650620073080063,0.3132409334182739,0.9480123519897461,0.20975472033023834,0.5690200805664063,0.8169909159342448,0.07669142633676529,0.33059210777282716,0.9475240707397461,0.1357979029417038,0.4857035160064697,1.0,0.02998427115380764,0.36854076385498047,1.0,0.035512011498212814,0.4741239547729492,0.9868582407633464,0.008198438212275505,0.44297351837158205,0.8876297632853191,0.009714525192975998,0.44967355728149416,1.0,0.005644691176712513,0.5521594524383545,0.8476277033487956,0.006568781100213528
squat,0.5132933139801026,0.5851345698038737,0.9748616814613342,0.527535343170166,0.559074338277181,0.8875346183776855,0.4859903335571289,0.5588926951090495,0.9845672845840454,0.5387770652770996,0.5777474085489909,0.2226063311100006,0.43267273902893066,0.5803774515787761,0.9494494199752808,0.5779760837554931,0.7392404556274415,0.8736158609390259,0.3545707702636719,0.7315830866495768,0.9578238725662231,0.6244934558868408,0.9297300338745117,0.1158270463347435,0.3142155647277832,0.9485220591227214,0.35093826055526733,0.6179184913635254,0.8217706044514974,0.06848767399787903,0.3172335386276245,0.9830581029256185,0.15686097741127014,0.48540143966674804,1.0,0.03298371285200119,0.3642421722412109,1.0,0.04692140966653824,0.48979625701904295,0.950712013244629,0.007318948861211538,0.44696669578552245,0.865048344930013,0.010613554157316685,0.46222238540649413,0.9822723388671875,0.0052506038919091225,0.5672683715820312,0.8398850123087566,0.006840864196419716
squat,0.5123811721801758,0.5113107045491536,0.9624943733215332,0.5274162769317627,0.4845391591389974,0.8465990424156189,0.4863440990447998,0.484979502360026,0.9753739237785339,0.5384690761566162,0.5047089258829752,0.20859619975090027,0.43726248741149903,0.5079216957092285,0.9283269047737122,0.5734344005584717,0.6722297032674154,0.8562901616096497,0.35318632125854493,0.668713633219401,0.9519960284233093,0.5970027923583985,0.8856421152750651,0.13730637729167938,0.32305088043212893,0.9130272547403971,0.3793566823005676,0.5735362529754638,0.7546059926350911,0.08105859905481339,0.36720006465911864,0.9150651931762696,0.1724214106798172,0.48628482818603513,1.0,0.05525268614292145,0.35851030349731444,1.0,0.07620064169168472,0.5133191108703613,0.9601128896077474,0.008083794265985489,0.43251523971557615,0.8815007527669271,0.011285200715065002,0.5126834869384765,0.9893182754516602,0.00480216508731246,0.5546793937683105,0.8518420537312825,0.00600476237013936
squat,0.5079220771789551,0.4434330940246582,0.9755368232727051,0.5239221572875976,0.4188745180765788,0.8779073357582092,0.48292150497436526,0.41674849192301433,0.9745645523071289,0.5367173194885254,0.4367425600687663,0.30849507451057434,0.43523035049438474,0.43679650624593097,0.8995044231414795,0.5906306266784668,0.6008920033772787,0.9387901425361633,0.3534503221511841,0.589833386739095,0.9712117314338684,0.6338899612426758,0.8320696512858073,0.35857996344566345,0.3146357536315918,0.8528977711995442,0.5991608500480652,0.5956477642059326,0.6650365829467774,0.22012372314929962,0.2995729684829712,0.9290777206420898,0.29572686553001404,0.5041388511657715,1.0,0.11183667927980423,0.3619365692138672,0.9985605239868164,0.14285290241241455,0.5222422122955322,0.9696959177652995,0.00870956014841795,0.41622486114501955,0.86776123046875,0.010335514321923256,0.538264274597168,1.0,0.0030683313962072134,0.550343132019043,0.8607527414957682,0.003486396512016654
squat,0.4985020160675049,0.3773099263509115,0.8241257071495056,0.5091401100158691,0.34768517812093097,0.42694488167762756,0.48072013854980467,0.3428123156229655,0.6908345818519592,0.5101393222808838,0.3622713088989258,0.0900678038597107,0.4259769439697266,0.3546628952026367,0.4385201334953308,0.599698543548584,0.4985571543375651,0.9154305458068848,0.3477904796600342,0.5493491490681967,0.6388912796974182,0.7775991439819336,0.5018599192301433,0.8219320178031921,0.38786869049072265,0.656489372253418,0.41691672801971436,0.5798748970031739,0.45443922678629556,0.8260583877563477,0.506324577331543,0.5928551991780598,0.6019086241722107,0.5710479259490967,0.9562432607014973,0.4575980007648468,0.3983530759811401,0.9685907999674479,0.27433493733406067,0.6590990543365478,0.984353764851888,0.015846366062760353,0.4326639175415039,0.9638480504353841,0.007915726862847805,0.6248132705688476,1.0,0.0019344211323186755,0.5017297267913818,0.9609057744344075,0.0011226850328966975
squat,0.49929275512695315,0.30818862915039064,0.78927081823349,0.5069284915924073,0.27760868072509765,0.2840178906917572,0.47675294876098634,0.2815649668375651,0.632493257522583,0.508711290359497,0.28649972279866537,0.04884606972336769,0.43105440139770507,0.29139394760131837,0.5617082118988037,0.5532607078552246,0.4222108840942383,0.9386270046234131,0.3743347883224487,0.44369637171427406,0.8033827543258667,0.6921356201171875,0.46123552322387695,0.9104488492012024,0.49054689407348634,0.5678016026814778,0.7652333378791809,0.8544256210327148,0.40967575709025067,0.8872950673103333,0.844393539428711,0.4856996536254883,0.7991592884063721,0.5735841274261475,0.9085960388183594,0.7933707237243652,0.4427158832550049,0.9363662083943685,0.649135947227478,0.6462131977081299,0.9908850987752279,0.03143234923481941,0.49074301719665525,0.9745394388834635,0.017184140160679817,0.7133745193481446,1.0,0.002349552698433399,0.5920392513275147,0.939477284749349,0.001396976294927299
squat,0.503366756439209,0.2501821517944336,0.9784244298934937,0.5143674850463867,0.22693875630696614,0.8442680239677429,0.4841634273529053,0.22313998540242513,0.9817796349525452,0.5149265766143799,0.2352511723836263,0.1037219762802124,0.4318950653076172,0.22790578206380208,0.9105700254440308,0.5297280311584472,0.37249282201131184,0.9121599793434143,0.3565638303756714,0.3691035588582357,0.9625946283340454,0.6018293380737305,0.5338692982991536,0.5428178906440735,0.3123044490814209,0.6068806330362956,0.7526254057884216,0.5952286720275879,0.4878534952799479,0.33225053548812866,0.33322393894195557,0.7047630310058594,0.49635788798332214,0.4381734371185303,0.8750815709431966,0.7803947329521179,0.3177031993865967,0.864430554707845,0.8150001168251038,0.44130778312683105,1.0,0.08870089054107666,0.31509990692138673,0.9962743123372396,0.10021030902862549,0.4366769313812256,1.0,0.018094277009367943,0.34896867275238036,0.949530283610026,0.017465626820921898
squat,0.5023777484893799,0.19205827713012696,0.9885679483413696,0.5142101287841797,0.1721813201904297,0.8612378239631653,0.4836112022399902,0.16626310348510742,0.9915054440498352,0.5085741519927979,0.1890679677327474,0.09239152818918228,0.4252184867858887,0.17493200302124023,0.953925371170044,0.5012653350830079,0.33047720591227214,0.9144822359085083,0.38474125862121583,0.2946805318196615,0.9789861440658569,0.573069429397583,0.4666682879130046,0.6413859128952026,0.4688619613647461,0.37723484039306643,0.936843991279602,0.5329380035400391,0.39101390838623046,0.5655979514122009,0.5329725265502929,0.3082133928934733,0.8335186839103699,0.4068160057067871,0.8314523061116537,0.8279137015342712,0.30644190311431885,0.8083235422770182,0.8892571330070496,0.41995391845703123,1.0,0.04149341955780983,0.281575608253479,1.0,0.06457037478685379,0.4466684341430664,1.0,0.0034149966668337584,0.2959113597869873,0.981817118326823,0.003995013423264027
squat,0.5003607749938965,0.15412346522013345,0.9961466789245605,0.5123207569122314,0.1298624038696289,0.8589800596237183,0.47748308181762694,0.12743902206420898,0.9963280558586121,0.5067796230316162,0.1488512674967448,0.04575737565755844,0.4095325469970703,0.1372068405151367,0.9790967106819153,0.49007349014282225,0.30064271291097006,0.9679424166679382,0.3783488035202026,0.2562541961669922,0.9892832040786743,0.6313423156738281,0.39219319025675453,0.8669806122779846,0.5634635925292969,0.27685810724894205,0.9835950136184692,0.7822782516479492,0.37049026489257814,0.8643972277641296,0.7488454818725586,0.2201380729675293,0.9616559743881226,0.39261298179626464,0.8160425821940104,0.8880758285522461,0.29154415130615235,0.8000430425008138,0.9250600934028625,0.41880102157592775,1.0,0.03993245214223862,0.29078049659729005,1.0,0.066971555352211,0.471406078338623,1.0,0.0016381143359467387,0.30111446380615237,1.0,0.0019523862283676863
squat,0.4931318759918213,0.131719175974528,0.9963704347610474,0.5072879791259766,0.1052281379699707,0.8505048155784607,0.4652419567108154,0.10141379038492838,0.9968979358673096,0.5024064540863037,0.12601903279622395,0.03181726485490799,0.38660666942596433,0.11132818857828776,0.9807588458061218,0.4811257362365723,0.2802485783894857,0.9631631970405579,0.35992391109466554,0.2329676310221354,0.9908590912818909,0.6014590263366699,0.38951683044433594,0.8578519225120544,0.5332385540008545,0.26923786799112953,0.9874851107597351,0.7500486373901367,0.35461918512980145,0.8572943210601807,0.737031078338623,0.2307191848754883,0.9708676338195801,0.41791472434997556,0.7872570673624675,0.9134746789932251,0.31218342781066893,0.7759764353434245,0.9503000378608704,0.4305922508239746,1.0,0.05513116344809532,0.3056233644485474,1.0,0.10172583162784576,0.46349172592163085,1.0,0.0016968537820503116,0.29711830615997314,1.0,0.0021406107116490602
squat,0.48079586029052734,0.12102556228637695,0.9958012700080872,0.49677343368530275,0.09217907587687174,0.8580726385116577,0.44935312271118166,0.09008827209472656,0.9963334798812866,0.49535293579101564,0.1172570546468099,0.037295740097761154,0.3718251705169678,0.1066648801167806,0.9766510128974915,0.4760075569152832,0.2848690032958984,0.9585840106010437,0.3446272134780884,0.24208319981892903,0.9825605750083923,0.5912179470062255,0.3772443771362305,0.8213784098625183,0.49821887016296384,0.2916189829508464,0.9714552164077759,0.7555947303771973,0.34413302739461266,0.8468828797340393,0.7385943412780762,0.28903268178304037,0.9597427845001221,0.420695161819458,0.7657925287882487,0.8784633278846741,0.316701078414917,0.7608142217000325,0.9165236949920654,0.4394134521484375,1.0,0.06591907888650894,0.3407623767852783,1.0,0.10776511579751968,0.4588780879974365,1.0,0.002347150817513466,0.3401331901550293,1.0,0.0027239862829446793
squat,0.4689306735992432,0.12629435857137045,0.995690643787384,0.48608932495117185,0.09705813725789388,0.8724149465560913,0.43756394386291503,0.09470624923706054,0.9957919120788574,0.4875699520111084,0.12232678731282552,0.045896802097558975,0.3619577407836914,0.1103949228922526,0.97064608335495,0.4731143951416016,0.28964188893636067,0.9633510112762451,0.33579401969909667,0.24536250432332357,0.9795209765434265,0.5944728851318359,0.37336066563924153,0.8440199494361877,0.4941204071044922,0.28054132461547854,0.9660857915878296,0.7529961109161377,0.3302506446838379,0.8562032580375671,0.7381948947906494,0.25588372548421223,0.9520178437232971,0.4198609352111816,0.7728706995646158,0.8824498653411865,0.31151704788208007,0.7671799977620443,0.9094973802566528,0.4394639492034912,1.0,0.0630447044968605,0.3339108467102051,1.0,0.09334475547075272,0.46371936798095703,1.0,0.00223574903793633,0.3423133850097656,1.0,0.002440341282635927
squat,0.46320104598999023,0.13449395497639974,0.9958904981613159,0.47893943786621096,0.10463002522786459,0.8721932172775269,0.4317755699157715,0.10171025594075521,0.9957162737846375,0.4778575897216797,0.12779099146525066,0.03686121106147766,0.3523160457611084,0.11438541412353516,0.9678519368171692,0.46503238677978515,0.2932042439778646,0.9648653864860535,0.3270045280456543,0.24811805089314778,0.9754787683486938,0.5916186332702636,0.37061916987101234,0.8633096218109131,0.4866334438323975,0.2666611671447754,0.9610937833786011,0.7447321891784668,0.3297479311625163,0.8753533363342285,0.7255331993103027,0.21793120702107746,0.9510852694511414,0.42255597114562987,0.7810945510864258,0.8779935240745544,0.31305665969848634,0.7755429585774739,0.8960176110267639,0.4433562755584717,1.0,0.056879762560129166,0.3308722734451294,1.0,0.0754721537232399,0.47022714614868166,1.0,0.0019925078377127647,0.34034411907196044,1.0,0.002021342283114791
squat,0.4595479011535645,0.13826840718587238,0.9955732822418213,0.4750868320465088,0.10634352366129557,0.8725664615631104,0.427677059173584,0.10513124465942383,0.9952365756034851,0.47484235763549804,0.12433398564656575,0.04249061644077301,0.3494930028915405,0.1154340108235677,0.9639478921890259,0.46564722061157227,0.28930848439534507,0.9648333787918091,0.32769031524658204,0.25248320897420246,0.9732828140258789,0.5997302532196045,0.3628004709879557,0.8556485176086426,0.49544310569763184,0.27769899368286133,0.9555097222328186,0.7477134704589844,0.3274704933166504,0.8747923970222473,0.7355578899383545,0.2430034637451172,0.9472519755363464,0.4190659523010254,0.7719196955362956,0.8724210858345032,0.31282696723937986,0.7688261667887369,0.8883941173553467,0.43235344886779786,1.0,0.06505565345287323,0.3388235569000244,1.0,0.08524677157402039,0.45608768463134763,1.0,0.002362992614507675,0.35262908935546877,1.0,0.0023831564467400312
squat,0.4565593719482422,0.14147831598917643,0.9958055019378662,0.47330613136291505,0.10836998621622722,0.8828762173652649,0.4234336853027344,0.10788294474283854,0.9952501058578491,0.476460599899292,0.12718044916788737,0.04910096898674965,0.34602694511413573,0.11952231725056967,0.963717520236969,0.47101526260375975,0.29684654871622723,0.9689247012138367,0.3229073047637939,0.2564243316650391,0.9754172563552856,0.6037781715393067,0.3738909085591634,0.868914008140564,0.49045515060424805,0.27355031967163085,0.9587539434432983,0.7566002368927002,0.33720792134602867,0.8844630122184753,0.7391138553619385,0.22603480021158853,0.9500780701637268,0.4226715564727783,0.7847690582275391,0.8709012866020203,0.3099832534790039,0.7808519999186198,0.8853651285171509,0.4397739887237549,1.0,0.057252250611782074,0.34043197631835936,1.0,0.07487699389457703,0.4666890621185303,1.0,0.0019651176407933235,0.3618312835693359,1.0,0.0019994720350950956
squat,0.45577502250671387,0.14090452194213868,0.9960445165634155,0.4730870723724365,0.10756422678629557,0.8814297914505005,0.42128667831420896,0.10728782018025716,0.995631217956543,0.4768533706665039,0.13047199249267577,0.045695025473833084,0.34221134185791013,0.12335386276245117,0.9665366411209106,0.46872768402099607,0.3026725769042969,0.967720627784729,0.32542266845703127,0.26147514979044595,0.9785435795783997,0.6000480651855469,0.376623280843099,0.8676619529724121,0.4964774131774902,0.2684254010518392,0.9670711159706116,0.7589201927185059,0.3463070233662923,0.8895773887634277,0.7412407875061036,0.21950066884358724,0.9598281383514404,0.42615280151367185,0.7871448516845703,0.8762210011482239,0.3153376579284668,0.7834832509358723,0.8987398147583008,0.44201178550720216,1.0,0.05598876625299454,0.34257166385650634,1.0,0.07925925403833389,0.4684776782989502,1.0,0.00189311767462641,0.358459997177124,1.0,0.0020390732679516077
squat,0.4574979305267334,0.1431878089904785,0.9960336089134216,0.4743478298187256,0.10968510309855144,0.8888140916824341,0.42362260818481445,0.1093432108561198,0.9954805374145508,0.4785646438598633,0.1297726313273112,0.0480855293571949,0.3460519790649414,0.12193832397460938,0.9653407335281372,0.4731637954711914,0.30354830423990886,0.968986451625824,0.3223812341690063,0.2575381596883138,0.9767515659332275,0.6049515724182128,0.37370646794637047,0.877372145652771,0.479940128326416,0.24872268040974935,0.9638189673423767,0.767640209197998,0.348186461130778,0.8962675333023071,0.7348389625549316,0.18868274688720704,0.9579367637634277,0.43097472190856934,0.7880482991536458,0.8841109275817871,0.3156703472137451,0.784542973836263,0.8989980220794678,0.45542025566101074,1.0,0.05768913775682449,0.345247745513916,1.0,0.07762502878904343,0.48357157707214354,1.0,0.0019204672425985336,0.36035943031311035,1.0,0.0020080101676285267
squat,0.4527865409851074,0.1418546676635742,0.9932140111923218,0.46915607452392577,0.11334037780761719,0.8628015518188477,0.42403717041015626,0.10874373118082682,0.9899365901947021,0.47192015647888186,0.14025115966796875,0.07188383489847183,0.35816202163696287,0.12529824574788412,0.9195601940155029,0.47043638229370116,0.31081358591715497,0.9668380618095398,0.3592072010040283,0.2655993938446045,0.9493855237960815,0.6423494815826416,0.3495941162109375,0.8700781464576721,0.5595739364624024,0.2487139860788981,0.9307374358177185,0.7902740478515625,0.3245167414347331,0.9121832847595215,0.7616329193115234,0.21828368504842122,0.944811999797821,0.42799835205078124,0.7921930948893229,0.8690497875213623,0.3404582977294922,0.7825689951578776,0.8610861897468567,0.4842484474182129,1.0,0.06290426850318909,0.41484918594360354,0.9810397466023763,0.076799176633358,0.5110392570495605,1.0,0.0031002084724605083,0.44035043716430666,1.0,0.0031452556140720844
squat,0.45240001678466796,0.1420146624247233,0.9967665672302246,0.4691047668457031,0.10969212849934896,0.9382631182670593,0.4192063808441162,0.11189219156901041,0.9945369362831116,0.4802427291870117,0.1359453519185384,0.09091300517320633,0.3506310939788818,0.13309434254964192,0.9466966390609741,0.49135680198669435,0.3106267293294271,0.983366072177887,0.31850442886352537,0.2696371078491211,0.9765754342079163,0.6385520458221435,0.3592665354410807,0.934794545173645,0.3926547527313232,0.25269603729248047,0.9470039010047913,0.7967698574066162,0.32472273508707683,0.9277772903442383,0.5678321838378906,0.15698359807332357,0.9474356770515442,0.4428055763244629,0.7964520772298177,0.9227924942970276,0.31915817260742185,0.7920580546061198,0.9114394783973694,0.46145200729370117,1.0,0.08214039355516434,0.34474868774414064,1.0,0.0859290286898613,0.4789468288421631,1.0,0.0025749735068529844,0.36461682319641114,1.0,0.002324920380488038
squat,0.45038018226623533,0.13466997146606446,0.9968574047088623,0.46664113998413087,0.10301084518432617,0.9454287886619568,0.41782073974609374,0.10563548405965169,0.9942289590835571,0.4790963172912598,0.12841135660807293,0.11444466561079025,0.35374131202697756,0.12676178614298503,0.9442062973976135,0.4945873260498047,0.30288289388020834,0.9860022068023682,0.31839287281036377,0.262948735555013,0.980252206325531,0.6424478054046631,0.3607722600301107,0.9431812763214111,0.3665980339050293,0.2656059900919596,0.9512702226638794,0.8037662506103516,0.32113800048828123,0.931286096572876,0.5371797561645508,0.1715227444966634,0.9499342441558838,0.44529213905334475,0.7991036732991537,0.927338719367981,0.3205581188201904,0.7949979146321614,0.9165080189704895,0.46102147102355956,1.0,0.07861412316560745,0.34659419059753416,1.0,0.08227061480283737,0.4690420627593994,1.0,0.0023656648118048906,0.3633129596710205,1.0,0.002139737829566002
squat,0.44598731994628904,0.1293619473775228,0.9968198537826538,0.46320552825927735,0.0977910041809082,0.9504170417785645,0.4146711349487305,0.0982800801595052,0.9932109713554382,0.47590250968933107,0.12196448644002279,0.14119362831115723,0.35293426513671877,0.11605456670125326,0.9314332604408264,0.49180030822753906,0.2958008448282878,0.9890059232711792,0.3133749485015869,0.25844558080037433,0.9803493022918701,0.6340592384338379,0.359898312886556,0.9602436423301697,0.3545032739639282,0.28286650975545247,0.951892077922821,0.7991750717163086,0.31400537490844727,0.9449268579483032,0.5188923358917237,0.17743139266967772,0.9495295286178589,0.4462130546569824,0.805041758219401,0.9421557188034058,0.3181554555892944,0.801488749186198,0.9251896739006042,0.473193359375,1.0,0.08301679790019989,0.3383589744567871,1.0,0.07688455283641815,0.48420023918151855,1.0,0.0023061989340931177,0.3522465944290161,1.0,0.0019222942646592855
squat,0.4374413013458252,0.1304073969523112,0.9966661334037781,0.4557169437408447,0.10192750295003256,0.9449424743652344,0.4113476753234863,0.09753853480021159,0.9940073490142822,0.4693777084350586,0.12497857411702475,0.13041190803050995,0.3552032232284546,0.10735562642415365,0.9412153363227844,0.4830636501312256,0.29733683268229166,0.9832668304443359,0.3154348850250244,0.24846890767415364,0.977462887763977,0.6380162715911866,0.3480077107747396,0.9266250729560852,0.3875247955322266,0.25818211237589517,0.9478949904441833,0.8001243591308593,0.3232384999593099,0.9260673522949219,0.5469534873962403,0.1723060925801595,0.9521324634552002,0.42837066650390626,0.8198415120442708,0.907282292842865,0.30680272579193113,0.8084851582845052,0.9001843333244324,0.48106937408447265,1.0,0.05190404877066612,0.35384953022003174,1.0,0.060756582766771317,0.500138807296753,1.0,0.0021313163451850414,0.38924531936645507,1.0,0.002162282820791006
squat,0.4338847637176514,0.1193695068359375,0.9966226816177368,0.4520877361297607,0.0923617680867513,0.9489723443984985,0.40673980712890623,0.08890275955200196,0.9933561086654663,0.46604623794555666,0.1226698875427246,0.15490232408046722,0.34979844093322754,0.10737400054931641,0.9366498589515686,0.48520627021789553,0.29690593083699546,0.9876275062561035,0.3075267791748047,0.2518115679423014,0.975274920463562,0.6476224899291992,0.33223161697387693,0.9451278448104858,0.3824713706970215,0.2520888805389404,0.9375266432762146,0.8107276916503906,0.30445836385091146,0.9387446641921997,0.5556594848632812,0.16234725316365559,0.94367516040802,0.42741074562072756,0.813911247253418,0.9307422637939453,0.29969172477722167,0.8036521911621094,0.9102439284324646,0.47841629981994627,1.0,0.06611596047878265,0.34388706684112547,1.0,0.06487987190485,0.49622297286987305,1.0,0.0024427964817732573,0.38157942295074465,1.0,0.00218855869024992
squat,0.4334367275238037,0.11476160685221354,0.9967080354690552,0.4520877838134766,0.0886270523071289,0.9496572017669678,0.40515942573547364,0.08461844126383464,0.9931119680404663,0.46694083213806153,0.12256304423014323,0.16206197440624237,0.34737706184387207,0.10664180119832357,0.9332535266876221,0.4849082469940186,0.30059356689453126,0.9888884425163269,0.30748534202575684,0.2490678628285726,0.9742942452430725,0.6439693450927735,0.33399902979532875,0.953083336353302,0.3927165031433105,0.23936341603597006,0.9389533996582031,0.8073119163513184,0.29624541600545246,0.9492390751838684,0.5759364604949951,0.14952042897542317,0.9471003413200378,0.4218122482299805,0.8218788146972656,0.9305789470672607,0.2931635618209839,0.808157475789388,0.9043396711349487,0.47696752548217775,1.0,0.058305323123931885,0.3433943271636963,1.0,0.05422002449631691,0.49037985801696776,1.0,0.0019478393951430917,0.3776310682296753,1.0,0.001688070478849113
squat,0.43975396156311036,0.10723711649576823,0.9967684745788574,0.45771965980529783,0.0790283203125,0.9475646615028381,0.40944523811340333,0.07905677159627279,0.9940119385719299,0.47474966049194334,0.11176961263020833,0.1599731743335724,0.35361356735229493,0.1052883783976237,0.9442277550697327,0.4964972972869873,0.2962739626566569,0.9856164455413818,0.3175077199935913,0.2467721939086914,0.9808289408683777,0.6490419387817383,0.3373819669087728,0.9343726634979248,0.3967450618743896,0.23642795880635578,0.9566418528556824,0.8153032302856446,0.29514007568359374,0.9323441386222839,0.5851319789886474,0.14385350545247397,0.9557759165763855,0.4298908233642578,0.828781000773112,0.9162821769714355,0.2992188215255737,0.8149731953938802,0.9104888439178467,0.47473459243774413,1.0,0.04349856823682785,0.33967604637146,1.0,0.05144752189517021,0.49619522094726565,1.0,0.0015249911230057478,0.37602529525756834,0.9840131123860677,0.0015671662986278534
squat,0.4476440906524658,0.10080086390177409,0.9968540072441101,0.4655472755432129,0.07391913731892903,0.9475120902061462,0.4163844108581543,0.07481555938720703,0.9946082830429077,0.4824253559112549,0.11005560557047527,0.14825741946697235,0.35810232162475586,0.10561577479044597,0.9476792216300964,0.5032608032226562,0.28999830881754557,0.9838747978210449,0.32531697750091554,0.2427629788716634,0.9794294834136963,0.6641757965087891,0.33147894541422523,0.9253698587417603,0.4117427349090576,0.2312956968943278,0.9546346068382263,0.8347532272338867,0.30485731760660806,0.9245830774307251,0.6000089645385742,0.1528501828511556,0.9522764682769775,0.4302760124206543,0.817349624633789,0.9206092357635498,0.29935469627380373,0.8037621815999348,0.9163781404495239,0.4671839714050293,1.0,0.04725997522473335,0.33275303840637205,1.0,0.0572594590485096,0.4803165435791016,1.0,0.0016317726112902164,0.35819430351257325,0.9993714014689128,0.0016770396614447236
squat,0.4580256938934326,0.10724169413248698,0.996892511844635,0.47846527099609376,0.0774486223856608,0.9468978643417358,0.42644553184509276,0.07785898844401042,0.9947184324264526,0.4978531837463379,0.10852635701497396,0.14902284741401672,0.3676456451416016,0.1019452412923177,0.953193724155426,0.5100367069244385,0.2852948506673177,0.9840199947357178,0.32965779304504395,0.2435714562733968,0.9863680005073547,0.6570160388946533,0.34051605860392253,0.9289229512214661,0.3968807697296143,0.26502165794372556,0.9697762131690979,0.8360051155090332,0.33634990056355796,0.9346382021903992,0.5826785087585449,0.20415706634521485,0.9694088697433472,0.4334887504577637,0.8104974110921224,0.9469587802886963,0.30343451499938967,0.8008995691935221,0.9523381590843201,0.45602831840515134,1.0,0.08139513432979584,0.33022446632385255,1.0,0.11200574785470963,0.45662899017333985,1.0,0.0028277228120714426,0.3511540412902832,1.0,0.0031607644632458687
squat,0.4680788993835449,0.12189076741536459,0.9955047965049744,0.48604750633239746,0.09733804066975911,0.918281614780426,0.43868579864501955,0.0928257942199707,0.9943684935569763,0.49712200164794923,0.13277537027994793,0.1392211765050888,0.37505192756652833,0.11958319346110026,0.9644460678100586,0.5091989994049072,0.30595086415608724,0.9753227829933167,0.330932092666626,0.2655862172444661,0.9902486205101013,0.5973371505737305,0.3615366617838542,0.8933442831039429,0.442107629776001,0.28077999750773114,0.9795860648155212,0.6798318386077881,0.2892284075419108,0.8913076519966125,0.655251407623291,0.18324594497680663,0.9664633274078369,0.45679397583007814,0.8330247879028321,0.9029579162597656,0.3194741249084473,0.819439188639323,0.9322267770767212,0.4981056213378906,1.0,0.04660067707300186,0.3304008960723877,0.9855524698893229,0.07208821177482605,0.5135099411010742,1.0,0.001873681554570794,0.3645448684692383,0.9792337417602539,0.002327856607735157
squat,0.47005929946899416,0.16582279205322265,0.9841606020927429,0.4863548755645752,0.14089202880859375,0.8779401779174805,0.45253190994262693,0.13012158075968425,0.9822324514389038,0.4911223888397217,0.16737925211588542,0.13185755908489227,0.397975492477417,0.14177284240722657,0.8755819201469421,0.5405142784118653,0.3395904541015625,0.9388515949249268,0.3204099893569946,0.3322065989176432,0.8474845290184021,0.7509284019470215,0.3345728556315104,0.6845882534980774,0.3757483005523682,0.39705034891764324,0.5178797245025635,0.7245678901672363,0.31959603627522787,0.6099515557289124,0.5156905174255371,0.3893151601155599,0.5386152863502502,0.47231616973876955,0.8947910308837891,0.6021669507026672,0.3192238092422485,0.8862611134847005,0.48116281628608704,0.5909712791442872,1.0,0.01803816854953766,0.39866223335266116,0.9713332494099934,0.014104936271905899,0.614402437210083,1.0,0.002796375658363104,0.4919851779937744,0.9253295262654623,0.002191638806834817
squat,0.4770806312561035,0.24037926991780598,0.907062828540802,0.496974515914917,0.2072776476542155,0.671581506729126,0.45434107780456545,0.20179786682128906,0.8353942632675171,0.5173006057739258,0.2264428456624349,0.20785848796367645,0.41538124084472655,0.21169122060139975,0.6132425665855408,0.5708243370056152,0.4145543098449707,0.92311030626297,0.34413967132568357,0.4011500358581543,0.7256749272346497,0.7384530544281006,0.4269277890523275,0.7599114775657654,0.4350015163421631,0.458523432413737,0.48572227358818054,0.8075584411621094,0.4238567352294922,0.7524234652519226,0.7430156707763672,0.42039667765299477,0.5835008025169373,0.5232332229614258,0.9537881215413412,0.4753691852092743,0.37064380645751954,0.9572038014729818,0.295929878950119,0.6554932594299316,0.9566564559936523,0.014633866026997566,0.4917887210845947,0.8938822428385417,0.009447697550058365,0.6730413913726807,1.0,0.0026947802398353815,0.6124214172363281,0.908108647664388,0.0019598857033997774
squat,0.4869228363037109,0.36597817738850913,0.908506453037262,0.5053966522216797,0.3402817408243815,0.6706324219703674,0.4623607635498047,0.33880573908487954,0.904276430606842,0.5232308387756348,0.3565177917480469,0.3023897111415863,0.4210847854614258,0.35269400278727214,0.8650603890419006,0.5956876277923584,0.5237383524576823,0.9271304607391357,0.3322014570236206,0.4997268040974935,0.9599840044975281,0.6712485790252686,0.6874898910522461,0.3731139302253723,0.39018027782440184,0.6655837376912435,0.6479269862174988,0.7069398880004882,0.6410314559936523,0.21177661418914795,0.5561824321746827,0.605212910970052,0.3682888150215149,0.5181340217590332,0.984112040201823,0.20803387463092804,0.3617050886154175,0.9643201192220052,0.2466983050107956,0.5416895866394043,0.9511845270792644,0.009621767327189445,0.43801445960998536,0.8066050847371419,0.012922115623950958,0.5874635219573975,1.0,0.002930126152932644,0.6551038742065429,0.8040088653564453,0.0037623634561896324
squat,0.4929811954498291,0.4381327311197917,0.985681414604187,0.5178775310516357,0.4091600735982259,0.9616010785102844,0.4652846813201904,0.4070337613423665,0.9755379557609558,0.5483939170837402,0.42898311614990237,0.7217224836349487,0.42722187042236326,0.423676331837972,0.8915398120880127,0.591896915435791,0.5995401382446289,0.9791999459266663,0.34458303451538086,0.5868396759033203,0.9723120927810669,0.6129661083221436,0.8119893391927083,0.6887581944465637,0.3374053478240967,0.8232452392578125,0.6139672994613647,0.6653294563293457,0.8338986078898112,0.47745123505592346,0.49216299057006835,0.833188247680664,0.4439893960952759,0.5306358337402344,1.0,0.22383971512317657,0.37938756942749025,1.0,0.18548177182674408,0.594870662689209,0.9443410873413086,0.014247182756662369,0.4624521732330322,0.8615627924601237,0.012041066773235798,0.6105916976928711,1.0,0.004246008116751909,0.6161932945251465,0.8781970977783203,0.003910138737410307
squat,0.49799580574035646,0.532474136352539,0.9607155323028564,0.5236287593841553,0.4963298161824544,0.9243865013122559,0.46821088790893556,0.4917990366617839,0.9414990544319153,0.5550673007965088,0.5285155614217122,0.5869637727737427,0.4278554439544678,0.5224698384602865,0.7203585505485535,0.6072858333587646,0.7406681696573894,0.8436501026153564,0.3843583345413208,0.7695199330647786,0.877784013748169,0.6329169273376465,0.8503883997599284,0.21696414053440094,0.4355741500854492,0.9474533081054688,0.2859989106655121,0.6187875270843506,0.8213096618652344,0.27724123001098633,0.5557211399078369,0.8574822743733724,0.34180906414985657,0.5985441684722901,1.0,0.044080983847379684,0.46877307891845704,1.0,0.04722434654831886,0.6234167575836181,0.9062704722086589,0.012976479716598988,0.48515901565551756,0.8422186533610027,0.014659259468317032,0.584800386428833,0.9870376586914062,0.009952982887625694,0.5693027973175049,0.8743858337402344,0.011432552710175514
squat,0.5094605922698975,0.6175492604573568,0.9832046627998352,0.5282416820526123,0.5883636474609375,0.9258826375007629,0.48643798828125,0.5844250996907552,0.9725353121757507,0.5448761940002441,0.6080746332804362,0.35932695865631104,0.44208331108093263,0.5960951487223307,0.8825002908706665,0.5654284477233886,0.7546953837076823,0.9686174988746643,0.3865238666534424,0.7796276092529297,0.9244238138198853,0.6763587951660156,0.7889469146728516,0.7689443826675415,0.44242005348205565,0.917753028869629,0.5557572245597839,0.7830943584442138,0.7970941543579102,0.7806625366210938,0.6503520965576172,0.9510642369588216,0.6514806151390076,0.5639577865600586,1.0,0.23059804737567902,0.458329963684082,1.0,0.14606744050979614,0.6535651206970214,0.9180704752604166,0.03372427821159363,0.5703478813171386,0.9237400690714518,0.02305862121284008,0.6544774055480957,0.9851101557413737,0.0124129019677639,0.6912220001220704,0.9543361663818359,0.009165516123175621
squat,0.5209054470062255,0.6750880559285481,0.9914576411247253,0.5380187034606934,0.6431469599405925,0.9710454344749451,0.49163379669189455,0.6436634063720703,0.9771479368209839,0.5541396617889405,0.6672754287719727,0.43116268515586853,0.43606271743774416,0.6656513214111328,0.8180943131446838,0.5801066398620606,0.8041641235351562,0.9841662645339966,0.38713784217834474,0.8464794794718424,0.8504092693328857,0.7442102432250977,0.8238908131917317,0.9172540903091431,0.40666794776916504,0.9816972096761067,0.3347577154636383,0.9447761535644531,0.8530419031778972,0.9150748252868652,0.5567837715148926,1.0,0.546523928642273,0.5852917671203614,1.0,0.18093819916248322,0.4662734031677246,1.0,0.05349191278219223,0.6678325176239014,0.8971694946289063,0.018898744136095047,0.5229089736938477,0.9263985951741537,0.005798935424536467,0.6699156284332275,0.9509970982869466,0.005873382091522217,0.5951413154602051,0.9348937352498372,0.0024823180865496397
squat,0.5307111740112305,0.7023334503173828,0.9924105405807495,0.5448743343353272,0.6651265462239583,0.9560805559158325,0.49532523155212405,0.673138682047526,0.9899186491966248,0.5534577369689941,0.6925608952840169,0.18075336515903473,0.42624902725219727,0.7078454335530598,0.9056000709533691,0.5726899623870849,0.8403149922688802,0.9497069120407104,0.38017892837524414,0.8784404754638672,0.7699609994888306,0.7594280242919922,0.8541041692097981,0.7016025185585022,0.4049962043762207,0.9880990346272787,0.2603173851966858,0.97628812789917,0.8813161214192708,0.7450911402702332,0.5589858531951905,1.0,0.48500558733940125,0.5512532234191895,1.0,0.0883450135588646,0.4338371753692627,1.0,0.036497972905635834,0.6550168514251709,0.9232454299926758,0.015404808335006237,0.5211758613586426,0.9598011016845703,0.007487030699849129,0.6867084503173828,0.943740971883138,0.007222154177725315,0.5937627792358399,0.9412627538045247,0.003968096803873777
squat,0.5338526725769043,0.6806385040283203,0.9901778101921082,0.5474642276763916,0.6464756647745769,0.9397909641265869,0.5018652439117431,0.6500554402669271,0.9858850240707397,0.5580851554870605,0.6722725550333659,0.18000251054763794,0.43599371910095214,0.6775367736816407,0.9194628596305847,0.580710506439209,0.8271315892537435,0.9714396595954895,0.3951141834259033,0.8730752309163411,0.8592826724052429,0.7723233699798584,0.8374752044677735,0.780279278755188,0.454127836227417,1.0,0.3520897924900055,0.949005126953125,0.8393088658650716,0.8021071553230286,0.6564029216766357,1.0,0.5771324038505554,0.5784797668457031,1.0,0.15304845571517944,0.46917972564697263,1.0,0.06352557986974716,0.6575000286102295,0.9413089752197266,0.02179853618144989,0.5709232807159423,0.9839797973632812,0.01102551817893982,0.6375599861145019,0.951535161336263,0.009001161903142929,0.6457972049713134,0.9532077153523763,0.005087677855044603
squat,0.5285651683807373,0.6221190134684245,0.9887660145759583,0.5486549377441406,0.590802256266276,0.9552732706069946,0.5004217147827148,0.5877958933512369,0.9757275581359863,0.567781400680542,0.6167200088500977,0.43134182691574097,0.44996018409729005,0.6079273859659831,0.8643483519554138,0.5942814826965332,0.7684603373209635,0.9806468486785889,0.4020560264587402,0.8053337097167969,0.9017122983932495,0.7287581443786622,0.7891069412231445,0.8615116477012634,0.48307151794433595,0.9487171808878581,0.45611709356307983,0.9033177375793457,0.8135000864664713,0.857860267162323,0.6784821033477784,0.9346844991048177,0.6063786149024963,0.5906465530395508,1.0,0.1824873983860016,0.47271289825439455,1.0,0.07612207531929016,0.6872035026550293,0.9007371266682943,0.02027362957596779,0.5586556434631348,0.887471071879069,0.00950947031378746,0.6861800193786621,0.9821958541870117,0.007580921053886414,0.660936689376831,0.9106896082560222,0.004444955848157406
squat,0.5402727603912354,0.5478240331013997,0.9554196000099182,0.5593955516815186,0.5118467330932617,0.8241714239120483,0.5107393741607666,0.5054264704386393,0.9385756254196167,0.570591926574707,0.5520806630452474,0.2467331439256668,0.4550436496734619,0.5386131286621094,0.8553200364112854,0.6118265151977539,0.8056158701578776,0.9346044063568115,0.3734572172164917,0.8161560694376627,0.8358069062232971,0.717068862915039,0.9085071563720704,0.40077120065689087,0.4742866516113281,0.9956041971842448,0.22756795585155487,0.8666184425354004,0.8618126551310221,0.5065273642539978,0.7880843162536622,0.8637465159098308,0.4002704620361328,0.5857595443725586,1.0,0.04723239690065384,0.4517953872680664,1.0,0.026172665879130363,0.6750679016113281,0.9045889536539714,0.01226638164371252,0.5521762847900391,0.8677604675292969,0.008409437723457813,0.6696719169616699,0.9732794443766276,0.006851141806691885,0.6664737701416016,0.881173578898112,0.005048073828220367
squat,0.5430912017822266,0.47820647557576496,0.9838024377822876,0.564097261428833,0.4468091328938802,0.9368632435798645,0.5162845134735108,0.4425621668497721,0.9602722525596619,0.5834774494171142,0.47179969151814777,0.424820214509964,0.4700786590576172,0.45911598205566406,0.8102604746818542,0.608870267868042,0.6542369842529296,0.9823198914527893,0.3975675106048584,0.6271149317423502,0.8609147667884827,0.6993672847747803,0.7718262990315755,0.8946446776390076,0.45882110595703124,0.7648728052775066,0.46939170360565186,0.8698974609375,0.7448164621988932,0.8847697973251343,0.7250428676605225,0.7042805989583333,0.6338832974433899,0.5562795639038086,1.0,0.3442504405975342,0.4154045104980469,1.0,0.14675669372081757,0.6805212497711182,0.9171937306722006,0.029590975493192673,0.5010879516601563,0.8759320576985677,0.012523384764790535,0.7268107414245606,0.9988261540730794,0.007106168661266565,0.5888872146606445,0.8986213684082032,0.0037560847122222185
squat,0.5562723636627197,0.4046471913655599,0.985491156578064,0.5752634048461914,0.37989654541015627,0.8844469785690308,0.527462387084961,0.37153647740681967,0.9726770520210266,0.5873171806335449,0.40728514989217124,0.32785168290138245,0.4741461753845215,0.3898879686991374,0.9338552951812744,0.6110888481140136,0.5868318557739258,0.9909381866455078,0.3901777744293213,0.5354801177978515,0.9633625745773315,0.6896445751190186,0.7207322438557943,0.9155075550079346,0.5186963558197022,0.6760426839192708,0.8078179955482483,0.8896406173706055,0.6581036249796549,0.8967657685279846,0.8457226753234863,0.6428886413574219,0.8119319677352905,0.5183536052703858,1.0,0.44013985991477966,0.37114500999450684,0.99568297068278,0.2631293833255768,0.669124698638916,0.9040292739868164,0.01998080126941204,0.5206725597381592,0.8008743286132812,0.012126622721552849,0.7071488380432129,1.0,0.003170831361785531,0.6258554935455323,0.8494225819905599,0.0021657610777765512
squat,0.554190731048584,0.32767855326334633,0.9604411125183105,0.5740096092224121,0.31216033299763996,0.8228282332420349,0.531010627746582,0.2984692891438802,0.9577317833900452,0.5820289134979248,0.3493808110555013,0.3382280170917511,0.47539429664611815,0.3218118667602539,0.9030510187149048,0.6335801124572754,0.5295735677083333,0.9654840230941772,0.3780076026916504,0.47707061767578124,0.9656151533126831,0.6974195957183837,0.7515510559082031,0.520571231842041,0.4323371410369873,0.686440912882487,0.6008930802345276,0.6447332859039306,0.608279291788737,0.31693363189697266,0.6026484966278076,0.6040232340494792,0.32965773344039917,0.5264463424682617,1.0,0.3126194477081299,0.36741299629211427,0.971890640258789,0.27922096848487854,0.5463701248168945,1.0,0.014175870455801487,0.44077720642089846,0.8721094131469727,0.012397999875247478,0.5262474536895752,1.0,0.0031038562301546335,0.5993803977966309,0.833180300394694,0.00277315778657794
squat,0.5510930061340332,0.25893341700236,0.9607793688774109,0.5686170101165772,0.2431379000345866,0.7749024629592896,0.5303304195404053,0.23260084788004556,0.9568702578544617,0.5725318431854248,0.2773911476135254,0.24507132172584534,0.4783024311065674,0.2560102462768555,0.885941207408905,0.6111414909362793,0.44293219248453775,0.9691187143325806,0.386458158493042,0.3993816375732422,0.9624236822128296,0.7032271385192871,0.6128742853800456,0.7278397679328918,0.46636171340942384,0.5601190567016602,0.7371728420257568,0.6663013935089112,0.4807337760925293,0.44171667098999023,0.6217136383056641,0.4827734629313151,0.39757993817329407,0.49232168197631837,0.9748489379882812,0.663559079170227,0.3386370182037354,0.9444875081380208,0.590715229511261,0.5649062633514405,1.0,0.029156101867556572,0.4179568290710449,0.916091791788737,0.023358112201094627,0.5924285888671875,1.0,0.004737245850265026,0.5580221176147461,0.8486153920491536,0.003905841615051031
squat,0.5540787220001221,0.19087289174397787,0.9872820973396301,0.5726075649261475,0.1704506238301595,0.9021866321563721,0.5325881481170655,0.15882860819498698,0.9807047247886658,0.5798488616943359,0.2028476079305013,0.25234362483024597,0.4802915096282959,0.17643941243489583,0.9133800268173218,0.6031270027160645,0.3691026051839193,0.9820215702056885,0.3915107011795044,0.3417254765828451,0.9044744372367859,0.7414919853210449,0.38650280634562173,0.8852019906044006,0.516494607925415,0.4214722951253255,0.5997127890586853,0.8439482688903809,0.3407153129577637,0.7892435789108276,0.7584903240203857,0.3785832087198893,0.5436145663261414,0.4864958763122559,0.9197546005249023,0.7116138339042664,0.3368126630783081,0.9049276987711589,0.47735652327537537,0.6289309501647949,1.0,0.0289443526417017,0.45818753242492677,0.9039341608683268,0.014569386839866638,0.6519880294799805,1.0,0.0034929050598293543,0.5567403793334961,0.9113461812337239,0.002095084171742201
squat,0.551767110824585,0.14152386983235676,0.9951103329658508,0.5745798587799072,0.12446317672729493,0.9419906735420227,0.531620979309082,0.10960337320963541,0.9938735961914062,0.5832523822784423,0.16513274510701498,0.278961181640625,0.47493276596069334,0.12853822708129883,0.9584240913391113,0.6007884979248047,0.3252240816752116,0.9798393845558167,0.3863962411880493,0.28170369466145834,0.9827175736427307,0.7224372863769531,0.37748540242513023,0.903778612613678,0.4947526931762695,0.3530742645263672,0.9489809274673462,0.7747465133666992,0.31379117965698244,0.869503915309906,0.7270922660827637,0.3066705703735352,0.904291033744812,0.48650541305541994,0.8731432596842448,0.8837785720825195,0.3196106433868408,0.8498619079589844,0.8767257928848267,0.5770103931427002,1.0,0.030928123742341995,0.3176981210708618,0.976245371500651,0.03309604898095131,0.5967004299163818,1.0,0.001518650446087122,0.3575111389160156,0.9892995198567708,0.001416502520442009
squat,0.5503661632537842,0.11416835784912109,0.9965100884437561,0.5707033157348633,0.08626454671223958,0.9282228350639343,0.5235280990600586,0.08030538558959961,0.995814859867096,0.5802737712860108,0.11578051249186198,0.13476234674453735,0.46246891021728515,0.09783922831217448,0.9728508591651917,0.5742634773254395,0.3076552708943685,0.9710113406181335,0.3895816087722778,0.24931073188781738,0.9927369952201843,0.6216018199920654,0.4134651819864909,0.8888313174247742,0.47005200386047363,0.30721810658772786,0.9851227402687073,0.7116096019744873,0.35830841064453123,0.9014022350311279,0.6971577644348145,0.24501458803812662,0.974852979183197,0.4784829139709473,0.8764415740966797,0.8974069952964783,0.33145818710327146,0.855495834350586,0.9380649328231812,0.5321142196655273,1.0,0.024975072592496872,0.32135064601898194,1.0,0.041322652250528336,0.592765998840332,1.0,0.0009499762090854347,0.3633204221725464,1.0,0.0011815890902653337
squat,0.5427103519439698,0.09156309763590495,0.9965431094169617,0.5654510021209717,0.06080147425333659,0.8995464444160461,0.5120371341705322,0.05531797409057617,0.9961310625076294,0.5794113159179688,0.0894267717997233,0.0692361369729042,0.445933198928833,0.0739130973815918,0.9648746848106384,0.5669303894042969,0.2753018379211426,0.957120954990387,0.41042890548706057,0.2225293477376302,0.9875088334083557,0.6692623138427735,0.36742343902587893,0.8403172492980957,0.5412936210632324,0.27089767456054686,0.9836154580116272,0.7601911067962647,0.29946692784627277,0.8922673463821411,0.7211773872375489,0.2080029805501302,0.9787244200706482,0.45793890953063965,0.8574075063069662,0.8630579113960266,0.3314296960830688,0.8357308705647787,0.9229726791381836,0.5180926322937012,1.0,0.02450629696249962,0.3801619291305542,1.0,0.05243596434593201,0.5269850254058838,1.0,0.0009644271922297776,0.396740198135376,1.0,0.0014042805414646864
squat,0.5337836265563964,0.07801777521769206,0.9971207976341248,0.5552066326141357,0.045841916402180986,0.9171178936958313,0.5017235279083252,0.04258257548014323,0.996369481086731,0.5689340114593506,0.07539838155110677,0.07748827338218689,0.4340959072113037,0.06433432896931966,0.9654549360275269,0.5614816188812256,0.2703706741333008,0.9702782034873962,0.4057682991027832,0.22130746841430665,0.9877455830574036,0.6825006008148193,0.35313517252604165,0.8718303442001343,0.5392545700073242,0.25814655621846516,0.9802306294441223,0.8003993988037109,0.3191889762878418,0.9068808555603027,0.7116147994995117,0.2099241256713867,0.9754113554954529,0.45859489440917967,0.8407410303751628,0.8862306475639343,0.3369260311126709,0.8199609120686849,0.9259984493255615,0.4966421127319336,1.0,0.030454616993665695,0.3779745101928711,1.0,0.05580766499042511,0.5070794105529786,1.0,0.001144097768701613,0.39785759449005126,1.0,0.0015108694788068533
squat,0.5245471477508545,0.06776660283406576,0.9974979758262634,0.5452602863311767,0.03927138646443685,0.9335064888000488,0.4929944038391113,0.034805043538411455,0.9962329268455505,0.5580307006835937,0.07703997294108073,0.0787004604935646,0.4238289833068848,0.060935560862223306,0.9620333909988403,0.5554522514343262,0.2694461186726888,0.9803388118743896,0.3910860776901245,0.2166491667429606,0.9828012585639954,0.7190989494323731,0.3312922795613607,0.9155176281929016,0.5082782745361328,0.23430617650349936,0.9677500128746033,0.8903647422790527,0.31788670221964516,0.9303960204124451,0.6870172500610352,0.1780384063720703,0.9668141007423401,0.4599482536315918,0.828648567199707,0.8974635601043701,0.33554868698120116,0.8107212066650391,0.904886782169342,0.49675426483154295,1.0,0.03252183273434639,0.37891430854797364,1.0,0.044516146183013916,0.49469633102416993,1.0,0.0011007991852238774,0.3940281867980957,0.9956970850626627,0.0011779239866882563
squat,0.516164493560791,0.06072552998860677,0.9967196583747864,0.537169075012207,0.03196773529052734,0.9340388178825378,0.4845757484436035,0.02836780548095703,0.9935734868049622,0.5523281574249268,0.06759103139241536,0.10053441673517227,0.4167928695678711,0.0519866943359375,0.9380095601081848,0.5537619590759277,0.2580925146738688,0.9863823652267456,0.37595841884613035,0.19950100580851238,0.9731119871139526,0.7357171535491943,0.32823638916015624,0.9502036571502686,0.4668610095977783,0.20673551559448242,0.9453110694885254,0.9006461143493653,0.3205726941426595,0.9553996920585632,0.6729137420654296,0.14242877960205078,0.9549894332885742,0.4581115245819092,0.8174275716145833,0.9105174541473389,0.3281452417373657,0.8036705017089844,0.8778862953186035,0.5039299011230469,1.0,0.03373972699046135,0.39847621917724607,1.0,0.03213029354810715,0.4915771961212158,1.0,0.000972788198851049,0.424497127532959,0.9968860626220704,0.0008053650381043553
squat,0.5101082801818848,0.0641612688700358,0.996631920337677,0.5278285026550293,0.030681800842285157,0.909965991973877,0.4772508144378662,0.03009764353434245,0.9946361184120178,0.5395529270172119,0.055707359313964845,0.06331481039524078,0.4054910659790039,0.048921457926432294,0.9519102573394775,0.5453443050384521,0.24742622375488282,0.9768956899642944,0.3714250087738037,0.19744145075480143,0.985238254070282,0.7025212287902832,0.3350436528523763,0.9284908771514893,0.47258477210998534,0.2127920150756836,0.9788356423377991,0.84608154296875,0.3056969960530599,0.94317227602005,0.6721874237060547,0.11786603927612305,0.9760167002677917,0.46775202751159667,0.84874267578125,0.9075616002082825,0.33141627311706545,0.8339417775472006,0.9208394289016724,0.4953355312347412,1.0,0.023478684946894646,0.3480901002883911,1.0,0.032302770763635635,0.5063716411590576,1.0,0.0006796556990593672,0.3632816791534424,0.9996994654337565,0.0007278623525053263
squat,0.5031452178955078,0.06402034759521484,0.9967895150184631,0.5198076248168946,0.029971504211425783,0.9093208909034729,0.47017970085144045,0.030231380462646486,0.9950653910636902,0.5315482139587402,0.053508885701497394,0.06118432432413101,0.39988694190979,0.04800338745117187,0.9600597023963928,0.5431429862976074,0.25093836784362794,0.9776939153671265,0.3600581407546997,0.1960826873779297,0.987170398235321,0.6938004970550538,0.3347366650899251,0.9218173623085022,0.45794110298156737,0.20261163711547853,0.9800325036048889,0.8486474990844727,0.2968875885009766,0.9361973404884338,0.6641844749450684,0.10272181828816732,0.9765552878379822,0.46462526321411135,0.8524665196736654,0.9032732248306274,0.32463483810424804,0.8350825627644857,0.9221898913383484,0.49065332412719725,1.0,0.024335669353604317,0.34007997512817384,1.0,0.035843104124069214,0.5088175773620606,1.0,0.0007201647968031466,0.36374621391296386,0.993013064066569,0.0008248753729276359
squat,0.4962259292602539,0.05163882573445638,0.991926908493042,0.5123662948608398,0.020650164286295573,0.867242157459259,0.46140527725219727,0.021338780721028645,0.9834848046302795,0.5202211856842041,0.06066176096598307,0.06364978849887848,0.3924416542053223,0.05644299189249675,0.8987500071525574,0.5356941223144531,0.26418113708496094,0.9804568886756897,0.3427037954330444,0.22002795537312825,0.9552169442176819,0.6980049133300781,0.3124879837036133,0.9374291300773621,0.3779381513595581,0.2129486083984375,0.8957696557044983,0.8605536460876465,0.2728566805521647,0.9191000461578369,0.5705764293670654,0.09155391057332357,0.9062515497207642,0.4770939826965332,0.8279799143473308,0.8884946703910828,0.34454548358917236,0.8240179697672526,0.8333051800727844,0.5125019073486328,1.0,0.03663120046257973,0.410739803314209,1.0,0.02824711985886097,0.5171890258789062,1.0,0.0012854975648224354,0.46051921844482424,0.9270517985026042,0.0009440787835046649
squat,0.498917293548584,0.05803356170654297,0.9904078841209412,0.5120443344116211,0.02562290827433268,0.8084619641304016,0.46369400024414065,0.02802591323852539,0.9805992841720581,0.5157047271728515,0.060614458719889325,0.036080583930015564,0.3907428026199341,0.06026722590128581,0.899975061416626,0.5300803661346436,0.2604485829671224,0.9779556393623352,0.34229044914245604,0.21943531036376954,0.9563570022583008,0.689688777923584,0.311904239654541,0.9410263299942017,0.3804315567016602,0.2115002950032552,0.9166619181632996,0.8675347328186035,0.2835507392883301,0.9300421476364136,0.5686871528625488,0.08443841934204102,0.9296512007713318,0.47579345703125,0.8239715576171875,0.8979893326759338,0.3461615085601807,0.8210545221964518,0.8554438352584839,0.49993896484375,1.0,0.04008356109261513,0.3996650218963623,1.0,0.03216245397925377,0.5052746772766114,1.0,0.0012936273124068975,0.44002513885498046,0.9281275431315105,0.0009686203557066619
squat,0.4949488639831543,0.0645570437113444,0.9947906732559204,0.5099733352661133,0.033672142028808597,0.888455331325531,0.46138901710510255,0.034181372324625654,0.9898968935012817,0.5199197769165039,0.06767148971557617,0.056717198342084885,0.39362008571624757,0.06259256998697917,0.9285455942153931,0.5321084976196289,0.2698369026184082,0.9801703691482544,0.35416078567504883,0.2165011723836263,0.9643759727478027,0.6928946495056152,0.3003383636474609,0.9331188797950745,0.4328941345214844,0.17792142232259114,0.9328268766403198,0.8768932342529296,0.26841920216878257,0.9377480149269104,0.6419595241546631,0.05854794184366862,0.9470996260643005,0.4642763614654541,0.838290278116862,0.8932945728302002,0.3376638650894165,0.826882807413737,0.8629052042961121,0.4985863208770752,1.0,0.03308120369911194,0.39854979515075684,1.0,0.03147328644990921,0.5029383659362793,1.0,0.0010803949553519487,0.43554487228393557,0.9736274719238281,0.0009295447962358594
squat,0.497893762588501,0.06867879231770833,0.9971426129341125,0.5135434150695801,0.03706057866414388,0.9246429800987244,0.4665840148925781,0.036874612172444664,0.9961525797843933,0.5233347415924072,0.06567106246948243,0.07334244251251221,0.39801225662231443,0.05913050969441732,0.9689916372299194,0.5425896167755127,0.2655384063720703,0.9772550463676453,0.3529703617095947,0.21632165908813478,0.9882256984710693,0.694861888885498,0.31675790150960287,0.8969021439552307,0.44424004554748536,0.2070111592610677,0.9759559631347656,0.8285730361938477,0.2584990978240967,0.9086101651191711,0.6510358810424804,0.09568449656168619,0.9695817232131958,0.4724569320678711,0.8489458084106445,0.9072587490081787,0.33077101707458495,0.8321370442708333,0.9299798607826233,0.4903539180755615,1.0,0.02882527932524681,0.3340196132659912,1.0,0.044228605926036835,0.5158945560455322,1.0,0.0009258876089006662,0.3701599597930908,0.999932861328125,0.0011023780098184943
squat,0.5069416046142579,0.08945897420247396,0.9968408346176147,0.5250148296356201,0.06061855951944987,0.9217920303344727,0.47649049758911133,0.055100631713867185,0.9953666925430298,0.5333274364471435,0.09340419769287109,0.059475626796483994,0.4040485382080078,0.07393973668416341,0.9547200798988342,0.5358399868011474,0.28754253387451173,0.9764236807823181,0.3654533863067627,0.22451558113098144,0.9635013341903687,0.7223969459533691,0.32224051157633465,0.8978212475776672,0.48868322372436523,0.18152281443277996,0.927642285823822,0.8830429077148437,0.3006444295247396,0.9151434898376465,0.7154707908630371,0.08648179372151693,0.9372197389602661,0.4573675632476807,0.8623850504557292,0.8414086699485779,0.3297103404998779,0.846354866027832,0.8105956315994263,0.5164366245269776,1.0,0.02047167718410492,0.4010436534881592,1.0,0.021738233044743538,0.5236148834228516,1.0,0.000842134584672749,0.43981013298034666,0.9945159912109375,0.0007675461238250136
squat,0.5078476905822754,0.12426153818766277,0.9917615652084351,0.5190636157989502,0.09441518783569336,0.8568810820579529,0.47903881072998045,0.09606237411499023,0.9859358072280884,0.5210443496704101,0.12036828994750977,0.07552880793809891,0.4164484977722168,0.11756388346354167,0.9306721687316895,0.5329230785369873,0.31410096486409506,0.979907751083374,0.35908505916595457,0.2566742261250814,0.975178599357605,0.6391571044921875,0.3672813415527344,0.938271701335907,0.4197532653808594,0.2261844317118327,0.9412707686424255,0.7542867660522461,0.3016103744506836,0.9119516015052795,0.6418385982513428,0.1432043711344401,0.9203283786773682,0.4816458225250244,0.8678909301757812,0.897759199142456,0.3539838075637817,0.8553953806559245,0.8732439875602722,0.5214323997497559,1.0,0.04570198059082031,0.3883372783660889,0.9982949574788411,0.03875284269452095,0.584568977355957,1.0,0.0019873182754963636,0.45350031852722167,0.9257623036702474,0.0016105022514238954
squat,0.5147935390472412,0.17424774169921875,0.9126976728439331,0.5255834102630615,0.15685450236002604,0.5148330330848694,0.500660514831543,0.14692440032958984,0.8512079119682312,0.5199295520782471,0.1845590909322103,0.06470033526420593,0.45093579292297364,0.1593015988667806,0.7344217896461487,0.5641886234283447,0.31721541086832683,0.9671346545219421,0.34900150299072263,0.32060546875,0.8279306292533875,0.7351943969726562,0.3019863128662109,0.8978937268257141,0.3949763298034668,0.4165217399597168,0.5348164439201355,0.7884856224060058,0.27640495300292967,0.7795187830924988,0.5556674003601074,0.38595364888509115,0.5206888318061829,0.4921370506286621,0.8444890340169271,0.840467631816864,0.3518235445022583,0.843452517191569,0.662307620048523,0.5789009094238281,1.0,0.06179081276059151,0.4456138610839844,0.9299807866414388,0.028760075569152832,0.5984756469726562,1.0,0.005441517103463411,0.561871862411499,0.9077871958414714,0.002981486264616251
squat,0.5097935199737549,0.24003594716389973,0.9676424860954285,0.5277217864990235,0.22222019831339518,0.7562476992607117,0.48985610008239744,0.20958932240804037,0.9426283240318298,0.5313629150390625,0.25602842966715494,0.21712352335453033,0.43868746757507326,0.22615928649902345,0.8866201639175415,0.5656568050384522,0.406451416015625,0.9876750707626343,0.34111158847808837,0.3891112009684245,0.9452162384986877,0.701285457611084,0.441323725382487,0.9369766712188721,0.48700551986694335,0.49723733266194664,0.7726252675056458,0.821472454071045,0.35805845260620117,0.8250808119773865,0.7755275249481202,0.3899961153666178,0.6104163527488708,0.4857872486114502,0.9763019561767579,0.7377843260765076,0.32726244926452636,0.969851557413737,0.5144544243812561,0.619527530670166,1.0,0.02124706842005253,0.4396083831787109,0.8913569132486979,0.01011840719729662,0.6657971858978271,1.0,0.002086418913677335,0.5923630237579346,0.8711896896362304,0.001240535988472402
squat,0.5073387622833252,0.33912312189737953,0.6785750985145569,0.5174646377563477,0.31162176132202146,0.17489781975746155,0.48690195083618165,0.3069185256958008,0.5214483141899109,0.5201756000518799,0.3348252614339193,0.06443538516759872,0.4468944549560547,0.3272742589314779,0.6045055389404297,0.5993392467498779,0.5355463663736979,0.9385786056518555,0.3529058456420898,0.5099019686381022,0.8549186587333679,0.7017560005187988,0.6281157811482747,0.759055495262146,0.47675433158874514,0.6193304061889648,0.6788833141326904,0.7549874305725097,0.5137662887573242,0.749356210231781,0.7110131263732911,0.5095319747924805,0.6876509785652161,0.5230408668518066,0.9868117014567057,0.3508463501930237,0.3712657928466797,0.9690135955810547,0.261292040348053,0.6307813644409179,0.9470102310180664,0.011828476563096046,0.4945636749267578,0.7954783121744792,0.009255705401301384,0.6969163894653321,1.0,0.0018090386874973774,0.6627156257629394,0.7922708511352539,0.0015853160293772817
squat,0.5218051433563232,0.41524925231933596,0.9696677327156067,0.5352169513702393,0.38937632242838544,0.7717221975326538,0.4955117702484131,0.3861710866292318,0.953039288520813,0.5404301166534424,0.41616201400756836,0.1844157874584198,0.43972091674804686,0.4093829472859701,0.9228292107582092,0.5760968208312989,0.5877710978190104,0.9853101968765259,0.3498508453369141,0.5926552454630534,0.9365536570549011,0.676475191116333,0.6390538533528646,0.8794515132904053,0.4759067535400391,0.7108008066813151,0.6212640404701233,0.7880232810974122,0.6251257578531901,0.8119147419929504,0.7454603672027588,0.6296831130981445,0.6352365612983704,0.509975814819336,0.997960090637207,0.4243348240852356,0.37073683738708496,1.0,0.2286076545715332,0.6393746852874755,0.9512962341308594,0.023558713495731354,0.532366943359375,0.8583522796630859,0.011986935511231422,0.6681339263916015,1.0,0.004026040900498629,0.6911458969116211,0.8600456237792968,0.0025427406653761864
squat,0.5220650672912598,0.5055088043212891,0.9613746404647827,0.5345158576965332,0.47591171264648435,0.68982994556427,0.4948107719421387,0.4733086585998535,0.9421866536140442,0.5361607551574707,0.497378667195638,0.08605165034532547,0.4338329792022705,0.4888808568318685,0.9148924946784973,0.5549118518829346,0.6613806406656901,0.9717258214950562,0.3438788890838623,0.6563292821248372,0.9250039458274841,0.6303604125976563,0.7798901240030924,0.8547301292419434,0.4286332607269287,0.8237608591715495,0.6994802355766296,0.7846906185150146,0.7254233678181966,0.8654017448425293,0.7579466819763183,0.7160950342814127,0.8122075796127319,0.5344401836395264,1.0,0.25308680534362793,0.39746947288513185,1.0,0.14632737636566162,0.6679535388946534,0.8679335912068685,0.017865531146526337,0.5226616382598877,0.8416069030761719,0.010599073022603989,0.7078464031219482,0.977792485555013,0.003792819567024708,0.640786600112915,0.8785959879557291,0.002431808039546013
squat,0.5111092567443848,0.5819002787272135,0.986630380153656,0.5290616035461426,0.5492894490559895,0.9076764583587646,0.4820218563079834,0.5470175425211589,0.9862464666366577,0.5437266826629639,0.564598274230957,0.2565990686416626,0.42670106887817383,0.5595727920532226,0.9534050822257996,0.574221420288086,0.7259985605875651,0.9652889370918274,0.3584451198577881,0.7291576385498046,0.9460312128067017,0.6570165157318115,0.8447288513183594,0.6039398908615112,0.48094701766967773,0.8969575881958007,0.6112452149391174,0.7699769020080567,0.8141735076904297,0.5847318768501282,0.730439567565918,0.8142508824666341,0.6318246126174927,0.530627965927124,1.0,0.11591468006372452,0.393764591217041,1.0,0.087720587849617,0.6775030136108399,0.8962889353434245,0.014586471021175385,0.5320709228515625,0.8304744720458984,0.01354833971709013,0.7064367294311523,1.0,0.006623324938118458,0.6607501029968261,0.8753700892130534,0.006199555937200785
squat,0.5079952716827393,0.6388090133666993,0.9851689338684082,0.5264369487762451,0.608566157023112,0.8816484212875366,0.4771977424621582,0.6065102895100911,0.9898048639297485,0.542865514755249,0.6341173807779948,0.20850205421447754,0.41736111640930174,0.628426996866862,0.9723500609397888,0.5702243328094483,0.792765998840332,0.9639769196510315,0.3630405902862549,0.7907969792683919,0.960845410823822,0.6958021640777587,0.8948861440022786,0.5386179685592651,0.5080496311187744,0.9324333190917968,0.7024921774864197,0.819582176208496,0.8889616012573243,0.43157342076301575,0.7569231986999512,0.9255621592203777,0.6092959046363831,0.5512637138366699,1.0,0.16385461390018463,0.424688720703125,1.0,0.14807896316051483,0.7330662250518799,0.9286056518554687,0.015189861878752708,0.6178957939147949,0.8907466888427734,0.019025763496756554,0.7735902786254882,0.9899666468302409,0.0059585715644061565,0.7595920085906982,0.905047861735026,0.006697848904877901
squat,0.5092705726623535,0.6835135142008464,0.991614818572998,0.5235439777374268,0.6452572504679362,0.943591833114624,0.4756622791290283,0.6528570810953777,0.9892829656600952,0.5381669998168945,0.6636746724446615,0.15965095162391663,0.4108605861663818,0.6751481374104817,0.9335342645645142,0.5559391975402832,0.8161832173665364,0.9650675058364868,0.3608320951461792,0.8373343149820963,0.8540088534355164,0.7354582786560059,0.842928949991862,0.7777795195579529,0.39600214958190916,0.948538335164388,0.42227986454963684,0.9287394523620606,0.8660433451334636,0.813604474067688,0.6322319984436036,1.0,0.6528564095497131,0.5419333457946778,1.0,0.15590983629226685,0.42117629051208494,1.0,0.07319989055395126,0.6574472427368164,0.9195788065592448,0.019775792956352234,0.5368540287017822,0.9698934555053711,0.011415738612413406,0.6832823276519775,0.9330015182495117,0.007907957769930363,0.6192905902862549,0.9491269429524739,0.0048103416338562965
squat,0.5061851501464844,0.686825180053711,0.9912165403366089,0.5189122200012207,0.6514322916666667,0.9462448358535767,0.47102065086364747,0.6595126469930013,0.9887523055076599,0.5304469585418701,0.6751715977986653,0.21211563050746918,0.40498828887939453,0.6923681259155273,0.9368485808372498,0.5516263484954834,0.8291220982869466,0.9732943773269653,0.3539600372314453,0.866461435953776,0.8793766498565674,0.7256343364715576,0.8468096415201823,0.8140321969985962,0.4330954074859619,0.961361821492513,0.4265606105327606,0.9076196670532226,0.8704617818196615,0.8129319548606873,0.6754528045654297,0.9801001230875651,0.5664464831352234,0.5414475917816162,1.0,0.13813906908035278,0.4162885665893555,1.0,0.054369304329156876,0.7017810821533204,0.885760243733724,0.010372287593781948,0.5479547023773194,0.9234924952189127,0.0049593145959079266,0.7509737968444824,0.9209506988525391,0.003979099448770285,0.6447903156280518,0.9107337315877279,0.002161678159609437
squat,0.4875003814697266,0.6435321172078451,0.9869576692581177,0.5045562267303467,0.6165901819864908,0.9380915760993958,0.4550626754760742,0.6183170954386393,0.9805837869644165,0.5243228435516357,0.6481342951456706,0.4092385470867157,0.40363588333129885,0.6551671981811523,0.9125928282737732,0.555284833908081,0.7915537516276042,0.9775993824005127,0.35731594562530516,0.8164520263671875,0.9326614737510681,0.6568394184112549,0.8380959192911784,0.8168259263038635,0.4579507350921631,0.9353705088297526,0.6141831278800964,0.7571559906005859,0.8335276921590169,0.8131047487258911,0.6860358238220214,0.9267398834228515,0.685328483581543,0.5318684577941895,1.0,0.19418926537036896,0.4054072380065918,1.0,0.10864359885454178,0.6890765190124511,0.8990034103393555,0.016724318265914917,0.5511033058166503,0.8744193394978841,0.01084099616855383,0.6969589233398438,0.9798551559448242,0.0056503950618207455,0.6537915229797363,0.898832639058431,0.004091455135494471
squat,0.4826545238494873,0.5815025965372721,0.9806507229804993,0.4993127822875977,0.554973284403483,0.8979735970497131,0.4520259857177734,0.5564090092976888,0.9746937155723572,0.5215184211730957,0.5830103556315104,0.39612239599227905,0.40677676200866697,0.5900070826212566,0.9171361923217773,0.5790200233459473,0.7341586430867513,0.9751819968223572,0.34892988204956055,0.7453727086385091,0.944247841835022,0.6967346668243408,0.8353923797607422,0.7310106754302979,0.464273738861084,0.8902197519938151,0.6725361347198486,0.7611047744750976,0.8065835952758789,0.7114741802215576,0.7037652015686036,0.841642951965332,0.6951369643211365,0.5427178859710693,1.0,0.12714223563671112,0.3984178066253662,1.0,0.0861712098121643,0.7379628181457519,0.8213701248168945,0.01261465810239315,0.5871262073516845,0.767079480489095,0.011664384044706821,0.7413631916046143,0.9700672785441081,0.004760121926665306,0.7193036556243897,0.8568300247192383,0.00457093445584178
squat,0.477523136138916,0.5096222559611002,0.9850617051124573,0.49666504859924315,0.48197135925292967,0.9425261616706848,0.4468087673187256,0.48265876770019533,0.9704528450965881,0.522013807296753,0.5125409444173177,0.5181508660316467,0.405015754699707,0.5166318257649739,0.8555822968482971,0.5638018608093261,0.6773047129313151,0.9809242486953735,0.35216431617736815,0.6743134180704753,0.9041608572006226,0.6442035675048828,0.7929294586181641,0.8355408906936646,0.43118624687194823,0.827839215596517,0.53231281042099,0.7315082550048828,0.7364027023315429,0.8357082605361938,0.6576015472412109,0.7567333221435547,0.6692914962768555,0.5068844318389892,1.0,0.2208012491464615,0.37125208377838137,1.0,0.11179978400468826,0.6493416786193847,0.8824792226155599,0.027112726122140884,0.5188036918640136,0.82713623046875,0.016417670994997025,0.6388107776641846,1.0,0.008064096793532372,0.6105437278747559,0.8839178721110026,0.0057600499130785465
squat,0.48210940361022947,0.4392189343770345,0.9856128096580505,0.502750301361084,0.41641979217529296,0.9385433793067932,0.4522454261779785,0.41201213200887044,0.9790793657302856,0.5244605064392089,0.4501680374145508,0.5760992169380188,0.4060023307800293,0.4444642384847005,0.9232177734375,0.5808579444885253,0.6191672007242839,0.9818291664123535,0.33277738094329834,0.6077642440795898,0.946592390537262,0.6722308158874511,0.6745700200398763,0.7538741827011108,0.4339940547943115,0.6968803405761719,0.583382785320282,0.7330837249755859,0.6183254877726237,0.6784306764602661,0.6474884986877442,0.6111280441284179,0.5563597083091736,0.4983388900756836,1.0,0.24711161851882935,0.3447117328643799,1.0,0.1530967503786087,0.626570463180542,0.9120523452758789,0.017431413754820824,0.484340763092041,0.7925802230834961,0.012734861113131046,0.6249380111694336,1.0,0.005062709096819162,0.6269370555877686,0.8263341267903646,0.004319712053984404
squat,0.48204379081726073,0.37436723709106445,0.9848405718803406,0.5006102085113525,0.3429391543070475,0.9385517239570618,0.45054330825805666,0.3447834014892578,0.9766871929168701,0.5243412971496582,0.3687400817871094,0.6057628989219666,0.4068413257598877,0.376556396484375,0.8860838413238525,0.6190255165100098,0.577868906656901,0.9776930212974548,0.3374535083770752,0.5349938074747721,0.9362546801567078,0.7456438541412354,0.6917096455891927,0.6788187026977539,0.4006533622741699,0.617363166809082,0.5720232129096985,0.7304240226745605,0.5393009821573893,0.653873860836029,0.6087808609008789,0.5648607889811198,0.5584849119186401,0.5257161140441895,1.0,0.19464901089668274,0.34894461631774903,0.9990275065104167,0.1389990597963333,0.6091526031494141,0.9221520105997721,0.011771295219659805,0.43738842010498047,0.7900441487630209,0.01004230510443449,0.6409917354583741,1.0,0.0035393673460930586,0.5838933944702148,0.8007654190063477,0.003329987172037363
squat,0.49570627212524415,0.2917192459106445,0.9440740942955017,0.5065700531005859,0.25870291392008465,0.5167709589004517,0.46540017127990724,0.26179075241088867,0.9189906120300293,0.5161530017852783,0.28773810068766276,0.0391678661108017,0.41110777854919434,0.2946748733520508,0.824821412563324,0.5834671497344971,0.503531551361084,0.9091547131538391,0.3425458431243896,0.47039963404337565,0.875018298625946,0.7436365604400634,0.5861290613810222,0.673998236656189,0.4110565185546875,0.5164482116699218,0.7699978947639465,0.8225191116333008,0.562828254699707,0.7895073294639587,0.6155872821807862,0.44210186004638674,0.8672102689743042,0.5091330051422119,1.0,0.2718442976474762,0.35494427680969237,0.9940089543660482,0.25731968879699707,0.6094324111938476,0.9377847035725911,0.00791153497993946,0.46732168197631835,0.8566114425659179,0.009573766961693764,0.6311392784118652,1.0,0.0013739379355683923,0.573216438293457,0.8904261271158854,0.0014942538691684604
squat,0.48009867668151857,0.23031930923461913,0.9876779913902283,0.4921576023101807,0.199507999420166,0.8406431078910828,0.45412912368774416,0.2006909688313802,0.9801313281059265,0.5035206317901612,0.22281802495320638,0.1342708021402359,0.4074431896209717,0.22438443501790364,0.9200588464736938,0.5607629776000976,0.4163142204284668,0.9725828766822815,0.34053654670715333,0.3871970812479655,0.9808886647224426,0.6804818630218505,0.5213371594746907,0.8896446228027344,0.38302788734436033,0.4687450408935547,0.9572880268096924,0.746582317352295,0.49014434814453123,0.8793686628341675,0.5261152267456055,0.3971508661905924,0.9488388299942017,0.5014344692230225,0.9499547322591145,0.6921606063842773,0.3456986665725708,0.9360827763875326,0.7335492968559265,0.610064697265625,0.9871721903483073,0.017578531056642532,0.39635477066040037,0.8892288208007812,0.025208691135048866,0.6633614540100098,1.0,0.0015579714672639966,0.4705082893371582,0.861196772257487,0.001979261636734009
squat,0.46572098731994627,0.1440378189086914,0.9799225330352783,0.4797686576843262,0.11856664021809896,0.8300195336341858,0.4419738292694092,0.11714315414428711,0.9631151556968689,0.49216690063476565,0.1538818677266439,0.21298332512378693,0.3999147891998291,0.1498950958251953,0.8573336005210876,0.5438931941986084,0.3490233103434245,0.9699382781982422,0.33750462532043457,0.324754269917806,0.968449056148529,0.6448006629943848,0.40762564341227214,0.90834641456604,0.3979692220687866,0.3824517567952474,0.9364713430404663,0.6486287117004395,0.3772487958272298,0.9073383808135986,0.6047685623168946,0.3489706039428711,0.9361732006072998,0.49787020683288574,0.8977749506632487,0.856623649597168,0.3474393367767334,0.8865845998128256,0.8559967279434204,0.5852383136749267,1.0,0.029247982427477837,0.38707766532897947,0.962921142578125,0.03220175951719284,0.6333274841308594,1.0,0.0017589343478903174,0.46306796073913575,0.9277069091796875,0.0018462893785908818
squat,0.47266426086425783,0.09223512013753256,0.9961484670639038,0.4888588905334473,0.06623064676920573,0.9340465068817139,0.44162774085998535,0.06350173950195312,0.9946603178977966,0.4966763496398926,0.11431051890055338,0.10226954519748688,0.3670078754425049,0.10367511113484701,0.9522814154624939,0.5276597023010254,0.3083261171976725,0.9801380038261414,0.3214694023132324,0.28653113047281903,0.9691329002380371,0.6812152862548828,0.35267184575398763,0.9174603819847107,0.4388484001159668,0.32498099009195963,0.9199764132499695,0.7417513370513916,0.3531243642171224,0.9073020219802856,0.6720967292785645,0.312378978729248,0.9187849760055542,0.504822826385498,0.859294319152832,0.8754221200942993,0.3460827827453613,0.8561140696207682,0.8454452157020569,0.5686819076538085,1.0,0.0331876315176487,0.34785406589508056,1.0,0.028917737305164337,0.6109870433807373,1.0,0.0015496578998863697,0.3981612205505371,0.9485088348388672,0.0012557792942970991
squat,0.46450104713439944,0.07267071406046549,0.9970113039016724,0.4857645511627197,0.04523735046386719,0.9687498211860657,0.4340111255645752,0.040033976236979164,0.9944224953651428,0.5007328987121582,0.0924753189086914,0.21099364757537842,0.36577425003051756,0.07371129989624023,0.9385130405426025,0.5408305644989013,0.28390757242838544,0.9885560870170593,0.30419943332672117,0.25967305501302085,0.9757999777793884,0.741386079788208,0.3142654101053874,0.9342825412750244,0.29316062927246095,0.2840566317240397,0.8791800737380981,0.8436158180236817,0.3367235819498698,0.8837833404541016,0.42202367782592776,0.21693092981974285,0.8648001551628113,0.5113153457641602,0.8465449015299479,0.9157965779304504,0.3485779047012329,0.8453315099080404,0.8765707015991211,0.5455798625946044,1.0,0.04040873795747757,0.36302900314331055,1.0,0.03119746409356594,0.5514791011810303,1.0,0.0014918616507202387,0.4252927780151367,0.966409174601237,0.0011285071959719062
squat,0.4571117401123047,0.07267653147379557,0.9973253011703491,0.47748575210571287,0.044525527954101564,0.9848650693893433,0.42547197341918946,0.04241129557291667,0.9936037659645081,0.4996306896209717,0.08276233673095704,0.49180373549461365,0.3714127063751221,0.07678750356038412,0.8996835350990295,0.5356565952301026,0.28258145650227867,0.9883274435997009,0.31953721046447753,0.2562555948893229,0.9813621640205383,0.7060173511505127,0.30001166661580403,0.933348536491394,0.22268128395080566,0.2797020594278971,0.8911411166191101,0.8414452552795411,0.26743412017822266,0.9049816727638245,0.26782851219177245,0.2240720589955648,0.8962889909744263,0.4945991516113281,0.8294377644856771,0.9492968916893005,0.3499041318893433,0.8234285354614258,0.9325235486030579,0.5124736785888672,1.0,0.0723574161529541,0.3481417179107666,1.0,0.059396084398031235,0.5158965110778808,1.0,0.003674641717225313,0.3744800329208374,0.9677682240804036,0.0029579701367765665
squat,0.45181846618652344,0.0865497907002767,0.9981620907783508,0.4739497661590576,0.05670642852783203,0.9830182790756226,0.42284088134765624,0.05110524495442708,0.9959945678710938,0.49578099250793456,0.08774277369181314,0.43969807028770447,0.3686364650726318,0.07446117401123047,0.9319205284118652,0.5273052215576172,0.28511199951171873,0.9884846806526184,0.3121479511260986,0.2517817974090576,0.9941954016685486,0.6978855133056641,0.28359444936116535,0.9309943318367004,0.17400767803192138,0.24950728416442872,0.9707457423210144,0.8316642761230468,0.2231025536855062,0.900921106338501,0.09886090755462647,0.20804235140482585,0.960960328578949,0.48666768074035643,0.8341502507527669,0.9532829523086548,0.3442526817321777,0.8220298131306966,0.96526038646698,0.5173662662506103,1.0,0.06542178243398666,0.3443520307540894,0.9967745463053386,0.08679773658514023,0.5452644348144531,1.0,0.0028421555180102587,0.38015170097351075,0.9506977081298829,0.0033183328341692686
squat,0.4514191150665283,0.08732382456461589,0.9980713725090027,0.47316370010375974,0.0634270985921224,0.9843251705169678,0.42397136688232423,0.056973965962727864,0.9961137771606445,0.49228363037109374,0.10253683725992839,0.500259280204773,0.3707250118255615,0.0888519287109375,0.9351469874382019,0.5268985748291015,0.2946140925089518,0.9855737090110779,0.310225510597229,0.269505246480306,0.9956306219100952,0.6757214546203614,0.28887484868367513,0.9107635617256165,0.1699995517730713,0.2711780865987142,0.9736757278442383,0.7830362319946289,0.20025022824605307,0.861283540725708,0.04986472129821777,0.20600015322367352,0.9541797041893005,0.4976067066192627,0.8338939030965169,0.9421062469482422,0.35534236431121824,0.8220372517903646,0.9635957479476929,0.5158964633941651,1.0,0.04997624456882477,0.3333376169204712,0.9974681854248046,0.07265276461839676,0.5648245334625244,1.0,0.0019642089027911425,0.3935652017593384,0.9736148834228515,0.002474271459504962
squat,0.45311832427978516,0.08523000081380208,0.9981933236122131,0.47643818855285647,0.05876592000325521,0.9859353303909302,0.42622857093811034,0.054552523295084636,0.9962739944458008,0.5003131866455078,0.0933709462483724,0.6274021863937378,0.38110527992248533,0.08690052032470703,0.9307997822761536,0.5450026512145996,0.2796809514363607,0.9882502555847168,0.3263187646865845,0.2745591481526693,0.9965806603431702,0.696897029876709,0.2661496639251709,0.9182431101799011,0.19872477054595947,0.3013004302978516,0.9814844131469727,0.7629717826843262,0.1591098149617513,0.8647251725196838,0.08911128044128418,0.22495609919230145,0.9617252349853516,0.5000721931457519,0.8407763163248698,0.9532798528671265,0.353436017036438,0.8315170923868815,0.9739232063293457,0.527744722366333,1.0,0.04719652608036995,0.3384018659591675,1.0,0.07798565924167633,0.5670882225036621,1.0,0.001699532731436193,0.3957122802734375,0.973284657796224,0.0023501364048570395
squat,0.46124954223632814,0.07976210912068685,0.9981196522712708,0.4845115184783936,0.053085645039876304,0.9880895018577576,0.4328739166259766,0.052319844563802086,0.9959949254989624,0.5123378276824951,0.08870728810628255,0.7292918562889099,0.39238686561584474,0.09167435963948568,0.9217982292175293,0.5642636775970459,0.274641482035319,0.9871085286140442,0.33814961910247804,0.27816203435262044,0.9972593784332275,0.6904316425323487,0.2538207372029622,0.9174603819847107,0.18904874324798585,0.3072529157002767,0.9854677319526672,0.7262006759643554,0.14220479329427083,0.86346435546875,0.07618908882141114,0.2555315335591634,0.9669154286384583,0.5240263938903809,0.8381292343139648,0.9596170783042908,0.3704376220703125,0.8303633371988932,0.9804959893226624,0.5466829776763916,1.0,0.04973079636693001,0.33215084075927737,1.0,0.08786974847316742,0.5964340209960938,1.0,0.0017649291548877954,0.3890794515609741,0.9690438588460286,0.0025939408224076033
squat,0.47499427795410154,0.07801942825317383,0.9974480867385864,0.49916868209838866,0.045250956217447916,0.9915441274642944,0.44657063484191895,0.046437835693359374,0.9905457496643066,0.525876522064209,0.07339140574137369,0.8351266980171204,0.4030440330505371,0.08115634918212891,0.7840071320533752,0.5772202491760254,0.2661038716634115,0.9882760643959045,0.346101713180542,0.28207143147786456,0.9944913387298584,0.6869367599487305,0.25425731341044105,0.9390547275543213,0.16219192743301392,0.31756922403971355,0.9506464600563049,0.6458135604858398,0.14051678975423176,0.9001613259315491,0.02888648509979248,0.2790886878967285,0.9211632609367371,0.5529338836669921,0.8178883870442708,0.961776852607727,0.40350751876831054,0.8166210174560546,0.9686420559883118,0.5248747825622558,1.0,0.11054976284503937,0.34801948070526123,0.9955178578694661,0.1101301908493042,0.5666399478912354,1.0,0.004896420054137707,0.4250190734863281,0.9917882283528646,0.004823670722544193
squat,0.4878850936889648,0.07480964660644532,0.9962778687477112,0.5147693634033204,0.03543039957682292,0.9898668527603149,0.4587113380432129,0.04442164103190104,0.9826077818870544,0.5542470455169678,0.0557766596476237,0.8473382592201233,0.4247918128967285,0.08128795623779297,0.5671018362045288,0.602834415435791,0.24692586263020833,0.9722563028335571,0.38888206481933596,0.2807126998901367,0.9922756552696228,0.681398582458496,0.2580008029937744,0.9041368365287781,0.20075011253356934,0.3286587397257487,0.9552152752876282,0.6430245399475097,0.1647004763285319,0.8847331404685974,0.029354381561279296,0.27057091395060223,0.9303258061408997,0.5668104648590088,0.8300631205240886,0.928427517414093,0.42453818321228026,0.8318230311075846,0.9543763399124146,0.5002487182617188,0.9839229583740234,0.08722800016403198,0.3311005592346191,0.9602575937906901,0.10528656095266342,0.5483234405517579,1.0,0.0051828292198479176,0.4048147201538086,0.9751729329427083,0.005926547572016716
squat,0.49246859550476074,0.06190821329752604,0.41539180278778076,0.5224396705627441,0.024901644388834635,0.45295628905296326,0.483457088470459,0.02615521748860677,0.02669498138129711,0.5909647941589355,0.062274169921875,0.5568182468414307,0.4997260093688965,0.06641546885172527,0.004671814385801554,0.5602287292480469,0.2703420639038086,0.5775254964828491,0.5144932270050049,0.27207743326822914,0.6612956523895264,0.30708324909210205,0.3382422129313151,0.8038697242736816,0.30956416130065917,0.3336948394775391,0.5297005772590637,0.0716512680053711,0.3605969429016113,0.8191013932228088,0.06420140266418457,0.34092124303181964,0.6492735147476196,0.532497787475586,0.8623498280843099,0.6992242932319641,0.48735909461975097,0.8433202107747396,0.6984264254570007,0.3791346549987793,0.9553517659505208,0.05131112039089203,0.37026228904724123,0.9061729431152343,0.03251061215996742,0.35624582767486573,0.9927266438802084,0.0058005740866065025,0.38325417041778564,0.9051883697509766,0.004559137858450413
squat,0.524388599395752,0.04842459360758464,0.9940406680107117,0.5604333877563477,0.010671552022298176,0.9854501485824585,0.49557785987854003,0.01616951624552409,0.9686482548713684,0.6143953800201416,0.03751843770345052,0.8277878165245056,0.46345038414001466,0.05434366861979167,0.4146537482738495,0.6267414093017578,0.19415953954060872,0.8862428069114685,0.4709782123565674,0.2284425417582194,0.9913451671600342,0.5012449741363525,0.2341514269510905,0.7711856365203857,0.32717409133911135,0.28199790318806967,0.965535044670105,0.13651542663574218,0.14966332117716472,0.7744335532188416,0.08335087299346924,0.2747743288675944,0.9422736167907715,0.6150227069854737,0.8028193155924479,0.7656043767929077,0.49187326431274414,0.7934548060099283,0.920214056968689,0.4830319404602051,0.98853759765625,0.03411577269434929,0.36947615146636964,0.9737190246582031,0.07227598875761032,0.48534584045410156,1.0,0.001987901981920004,0.43044190406799315,0.9840936024983724,0.003360274713486433
squat,0.5525910377502441,0.0469749132792155,0.9961622953414917,0.5832418441772461,0.01016403834025065,0.9833449721336365,0.5183023929595947,0.012871678670247395,0.9840493202209473,0.623691463470459,0.041917673746744794,0.5648012161254883,0.4684286117553711,0.06092694600423177,0.478531152009964,0.6354679107666016,0.20029579798380534,0.8729843497276306,0.47611160278320314,0.2656025727589925,0.9886306524276733,0.6200518608093262,0.20531670252482095,0.7749427556991577,0.3141016483306885,0.3653183301289876,0.9706129431724548,0.43176565170288084,0.16668971379597983,0.8801665902137756,0.07793278694152832,0.37367887496948243,0.9735671281814575,0.6037327766418457,0.7858889261881511,0.7785844802856445,0.4855664730072021,0.7879685719807943,0.9119008779525757,0.4902745246887207,0.8879146575927734,0.05287305638194084,0.36817755699157717,0.8856621424357096,0.09941418468952179,0.3944510221481323,0.9251907348632813,0.004705778788775206,0.3290329694747925,0.9039310455322266,0.007009212858974934
squat,0.5681534767150879,0.03270235061645508,0.9968137145042419,0.5997310161590577,0.0,0.9890089631080627,0.5331954956054688,0.0,0.9830231070518494,0.6336795330047608,0.029706891377766928,0.8519823551177979,0.4770028114318848,0.040839068094889325,0.6839417815208435,0.6600532531738281,0.186199951171875,0.990949809551239,0.44403772354125975,0.25063934326171877,0.9953369498252869,0.5946414470672607,0.19824269612630208,0.9799482822418213,0.32154135704040526,0.3789410909016927,0.9707363247871399,0.3710343599319458,0.1507944107055664,0.9569118618965149,0.14169714450836182,0.39496746063232424,0.9554387331008911,0.6754377841949463,0.8114041010538737,0.9602502584457397,0.5187543392181396,0.8213844935099284,0.9675396084785461,0.6411923408508301,1.0,0.06501519680023193,0.4543459892272949,1.0,0.049814917147159576,0.6824390411376953,1.0,0.0014191152295097709,0.548994779586792,1.0,0.0011643603211268783
squat,0.5732976913452148,0.025979328155517577,0.995438277721405,0.60774245262146,0.0,0.9880430698394775,0.5421854972839355,0.0,0.9706769585609436,0.6475925445556641,0.03919073740641276,0.9010807871818542,0.4968584060668945,0.04523938496907552,0.5444803833961487,0.6752671718597412,0.18593905766805013,0.9878495335578918,0.4662071704864502,0.252130381266276,0.9952149391174316,0.5880441665649414,0.1915628751118978,0.9784414172172546,0.3384697914123535,0.37806631724039713,0.9748395085334778,0.34703865051269533,0.15965503056844074,0.9518238306045532,0.1379152774810791,0.38430423736572267,0.9547983407974243,0.6893065929412842,0.8223901112874349,0.9596187472343445,0.5319141864776611,0.8292805353800455,0.9709122180938721,0.648410701751709,1.0,0.06189268082380295,0.4431779861450195,0.9994925816853841,0.05262298509478569,0.6874155521392822,1.0,0.0014913241611793637,0.5399606227874756,0.9955999374389648,0.0013525248505175114
squat,0.5664900779724121,0.04282328287760417,0.9957772493362427,0.6066436767578125,0.013161659240722656,0.9936698079109192,0.5392420768737793,0.007620525360107422,0.9503316879272461,0.6613951683044433,0.05417022705078125,0.9581686854362488,0.5082618236541748,0.05026658376057943,0.3179634213447571,0.6725631713867187,0.1880955696105957,0.9880959987640381,0.49904279708862304,0.26483993530273436,0.9929831027984619,0.5315983295440674,0.17059731483459473,0.9816433787345886,0.3794515132904053,0.4136966705322266,0.9556759595870972,0.2741882562637329,0.13608566919962564,0.9620253443717957,0.17641787528991698,0.4093274434407552,0.9354128837585449,0.7037358760833741,0.8477742513020833,0.9355303645133972,0.564871072769165,0.8560085296630859,0.9427453875541687,0.6358273506164551,1.0,0.03150111809372902,0.46214871406555175,0.970270284016927,0.02140853740274906,0.6503462791442871,1.0,0.000929701142013073,0.5581270217895508,0.9850577036539714,0.0007651179912500083
squat,0.5753650188446044,0.033083343505859376,0.9921296238899231,0.6047203540802002,0.0038904825846354167,0.9822331666946411,0.5542365074157715,0.012719217936197917,0.9418740272521973,0.6585351943969726,0.04295056660970052,0.9111619591712952,0.5420538902282714,0.0721156120300293,0.3241505026817322,0.7074010372161865,0.18954041798909504,0.966432511806488,0.519453763961792,0.27600437800089517,0.9946078062057495,0.6228643417358398,0.19786128997802735,0.9307032227516174,0.35920708179473876,0.4045301755269369,0.9778925776481628,0.39230809211730955,0.10493132273356119,0.8911074995994568,0.1647944927215576,0.347806708017985,0.9527272582054138,0.6963810443878173,0.8001743952433268,0.9021427035331726,0.5585846900939941,0.8118938446044922,0.9562450647354126,0.6150969982147216,1.0,0.05229512229561806,0.4572782039642334,1.0,0.07534854859113693,0.6365055561065673,1.0,0.0014443052932620049,0.5274961948394775,1.0,0.001906879711896181
squat,0.5740210056304932,0.04441992441813151,0.9941561222076416,0.6086502552032471,0.014673550923665365,0.9923027753829956,0.5534426689147949,0.02254517873128255,0.9105125069618225,0.6733441829681397,0.05245707829793294,0.9573691487312317,0.5417313575744629,0.07791986465454101,0.14435036480426788,0.6948699951171875,0.18337027231852213,0.9788561463356018,0.5318265438079834,0.28440574010213215,0.987969160079956,0.5460208892822266,0.13944387435913086,0.9762448072433472,0.3797168731689453,0.41041952768961587,0.9404025673866272,0.306357216835022,0.08115320205688477,0.9592463970184326,0.18643252849578856,0.3745338757832845,0.925207257270813,0.714271879196167,0.8531804402669271,0.9244535565376282,0.5814936637878418,0.872509765625,0.9346341490745544,0.6229432106018067,1.0,0.034147780388593674,0.4575802803039551,1.0,0.02254016511142254,0.6888697147369385,1.0,0.0008197278366424143,0.5714332580566406,1.0,0.0006411297363229096
squat,0.5809638977050782,0.05813331604003906,0.9953762292861938,0.6152979850769043,0.02678381601969401,0.9942573308944702,0.5574726104736328,0.03128458658854167,0.9339434504508972,0.6754477977752685,0.06229686737060547,0.9581490159034729,0.5406105995178223,0.08118855158487956,0.20667071640491486,0.6870299816131592,0.19643039703369142,0.9824978709220886,0.5289746761322022,0.29406925837198894,0.9872562885284424,0.5235713958740235,0.12957862218221028,0.9776889085769653,0.37513017654418945,0.415490976969401,0.9203739166259766,0.29664011001586915,0.0665822982788086,0.9611234664916992,0.199361252784729,0.38679892222086587,0.913451611995697,0.7104628086090088,0.8321253458658854,0.9204482436180115,0.5830160617828369,0.8517826716105144,0.9192471504211426,0.630860710144043,1.0,0.03760679438710213,0.4689183712005615,0.985776138305664,0.021567439660429955,0.6693772315979004,1.0,0.0011365240206941962,0.5557877540588378,1.0,0.0008118868572637439
squat,0.5769393920898438,0.07202256520589193,0.9942535758018494,0.6110188484191894,0.03643611272176107,0.9920493960380554,0.5546802043914795,0.04201577504475911,0.9232416749000549,0.6713431358337403,0.06569188435872396,0.9186586141586304,0.5382246017456055,0.08740895589192708,0.1316598802804947,0.6752754211425781,0.20457825660705567,0.9532468914985657,0.5394902706146241,0.3047788619995117,0.9761856198310852,0.5295902729034424,0.1426176071166992,0.9447262287139893,0.3864439964294434,0.41598256429036456,0.8857829570770264,0.31926276683807375,0.08192272186279297,0.9443185925483704,0.19434731006622313,0.3850606282552083,0.9057222008705139,0.6954287528991699,0.8219322840372721,0.8547621369361877,0.5881033897399902,0.8429219563802083,0.872160792350769,0.5878712177276612,0.9891596476236979,0.049154628068208694,0.47093186378479,0.9692803064982096,0.03312821313738823,0.6009120941162109,1.0,0.002341857412829995,0.5348078727722168,1.0,0.001835966482758522
squat,0.5731386661529541,0.07704410552978516,0.9956600069999695,0.6084736824035645,0.04091564814249674,0.9940967559814453,0.5469696044921875,0.045352236429850264,0.9438129663467407,0.6694492340087891,0.06869029998779297,0.9510011672973633,0.5273359298706055,0.08717371622721354,0.24449549615383148,0.6714413166046143,0.20132578214009603,0.9813567399978638,0.5255935668945313,0.2920378049214681,0.9882203340530396,0.4990697383880615,0.14099016189575195,0.9758855700492859,0.3840935230255127,0.40990753173828126,0.9323769807815552,0.29312915802001954,0.07306127548217774,0.9575265645980835,0.2042625665664673,0.37540349960327146,0.9238686561584473,0.6976629257202148,0.8238272349039714,0.9121801853179932,0.5773893356323242,0.8417167663574219,0.9173752069473267,0.6297651290893554,1.0,0.03421318531036377,0.47652668952941896,0.9699685414632161,0.021895160898566246,0.6678775310516357,1.0,0.0010939643252640963,0.5497896671295166,0.9885332743326823,0.0008466257713735104
squat,0.5612595558166504,0.07475217183430989,0.9955829977989197,0.5904468059539795,0.04228986104329427,0.9904419183731079,0.5390233039855957,0.051064682006835935,0.9662160873413086,0.6459689140319824,0.07012319564819336,0.9322770833969116,0.5256487369537354,0.09924046198527019,0.3932306170463562,0.6840728282928467,0.21269200642903646,0.9809747934341431,0.5097231388092041,0.2929091453552246,0.9947432279586792,0.611943244934082,0.21236193974812825,0.9515548944473267,0.35257782936096194,0.4040128072102865,0.9721765518188477,0.4054123878479004,0.1063658078511556,0.9133771061897278,0.17787957191467285,0.3535850207010905,0.9473437070846558,0.6888559341430665,0.7856791178385417,0.929317057132721,0.5629294395446778,0.8045413335164388,0.9593631625175476,0.6599268913269043,1.0,0.0766347274184227,0.5277425289154053,1.0,0.0936659574508667,0.683922004699707,1.0,0.0019948321860283613,0.5935881614685059,1.0,0.0023370618000626564
squat,0.5566524505615235,0.07784140904744466,0.9954788088798523,0.5828015327453613,0.04750410715738932,0.9889862537384033,0.532463264465332,0.057783889770507815,0.9738742709159851,0.6313374519348145,0.0789769172668457,0.9161524772644043,0.5162296295166016,0.11199862162272135,0.513488233089447,0.6757323741912842,0.22475484212239583,0.9755989909172058,0.4994208812713623,0.3045588493347168,0.9953071475028992,0.6108205795288086,0.21490392684936524,0.9237867593765259,0.3375117063522339,0.4010334014892578,0.9731701612472534,0.41981143951416017,0.10213893254597982,0.8656100630760193,0.1616499662399292,0.34609460830688477,0.9437694549560547,0.6884121894836426,0.7837649663289388,0.9076050519943237,0.563910961151123,0.8026044209798177,0.9553250670433044,0.6495706081390381,1.0,0.07095123827457428,0.5226431846618652,1.0,0.10091394186019897,0.6759021759033204,1.0,0.0022108005359768867,0.5909230232238769,1.0,0.0029020688962191343
squat,0.5539056777954101,0.08148527145385742,0.9954428672790527,0.5796411037445068,0.05535812377929687,0.98860102891922,0.5313029766082764,0.06273206075032552,0.9721188545227051,0.6237528800964356,0.09132976531982422,0.9213794469833374,0.5140949726104737,0.11734110514322917,0.5335487127304077,0.6674744129180908,0.23180513381958007,0.9825679659843445,0.4921256542205811,0.3087229410807292,0.9960232973098755,0.6080977439880371,0.21877787907918295,0.9464104175567627,0.328458309173584,0.4059136708577474,0.975898265838623,0.4114249229431152,0.09969930648803711,0.8929867148399353,0.15125913619995118,0.3469908078511556,0.9485191106796265,0.6889982223510742,0.7835405985514323,0.9302594661712646,0.5658711910247802,0.8028764724731445,0.9635600447654724,0.6520915508270264,1.0,0.08526104688644409,0.5297396659851075,1.0,0.11074265092611313,0.6760713577270507,1.0,0.002356097102165222,0.6053620338439941,1.0,0.0029033799655735493
squat,0.5503604412078857,0.08172458012898763,0.9957746863365173,0.5748327732086181,0.05398743947347005,0.9888496994972229,0.5283865451812744,0.06159680684407552,0.9739489555358887,0.6164406776428223,0.08506879806518555,0.9198989272117615,0.5115447998046875,0.11154435475667318,0.5541795492172241,0.6649135112762451,0.22585366566975912,0.9831914305686951,0.486479377746582,0.30548830032348634,0.9963079690933228,0.6047743797302246,0.22019046147664387,0.9517620801925659,0.32286834716796875,0.4124047915140788,0.9793999791145325,0.40353965759277344,0.09965165456136067,0.9038717746734619,0.1437150239944458,0.3464632670084635,0.9566274881362915,0.6907167434692383,0.7835456848144531,0.9252851009368896,0.5636120796203613,0.803454335530599,0.962024450302124,0.6599709033966065,1.0,0.07446067035198212,0.5157652378082276,1.0,0.09923353791236877,0.6890124320983887,1.0,0.0019150712760165334,0.5827284812927246,1.0,0.002404132392257452
squat,0.538659143447876,0.08593276341756186,0.9958063364028931,0.5664188385009765,0.06090710957845052,0.9907684922218323,0.5172700405120849,0.06560757954915365,0.969673216342926,0.6140613555908203,0.10024051666259766,0.9379799365997314,0.5023201465606689,0.11952832539876303,0.4995821714401245,0.6577131271362304,0.23788871765136718,0.9831804633140564,0.47836956977844236,0.3181843439737956,0.9958038926124573,0.5715367794036865,0.20423447291056315,0.9551222920417786,0.31553235054016116,0.41455103556315104,0.9757478833198547,0.38049471378326416,0.09994605382283529,0.9101129174232483,0.13463337421417237,0.35743748346964516,0.9543889164924622,0.6950868606567383,0.7863760630289713,0.9355948567390442,0.5659337043762207,0.8068174362182617,0.965853214263916,0.6624961853027344,1.0,0.0966847613453865,0.5084063529968261,1.0,0.12192536145448685,0.6896249771118164,1.0,0.0025427069049328566,0.5771044731140137,1.0,0.0031447098590433598
squat,0.5259322643280029,0.09052728017171224,0.995936393737793,0.5552457809448242,0.06357701619466145,0.9909825921058655,0.5010430335998535,0.07086064020792643,0.9747464060783386,0.6072251796722412,0.1055752436319987,0.9341926574707031,0.48442606925964354,0.13116143544514974,0.4997006058692932,0.6579676628112793,0.25396382013956703,0.9688794612884521,0.4720952033996582,0.33665281931559243,0.9949769377708435,0.5874391555786133,0.2003286043802897,0.8921916484832764,0.3174929141998291,0.41225833892822267,0.9671961069107056,0.41339526176452634,0.09704125722249349,0.8151595592498779,0.13159654140472413,0.37419401804606117,0.9316412806510925,0.7098071098327636,0.826226806640625,0.8464828133583069,0.5800484180450439,0.8457571665445963,0.9322578310966492,0.6557000160217286,1.0,0.045554254204034805,0.5185009956359863,1.0,0.0697636678814888,0.7023789882659912,1.0,0.001722704153507948,0.6289008140563965,1.0,0.0024891153443604708
squat,0.5138199329376221,0.14312012990315756,0.9872525334358215,0.5354501247406006,0.11584679285685222,0.9507143497467041,0.49627013206481935,0.11253414154052735,0.953224778175354,0.5726916313171386,0.14482110341389973,0.7436211705207825,0.48801465034484864,0.14017178217569987,0.6058933138847351,0.6549152851104736,0.34751885732014975,0.8953417539596558,0.466154146194458,0.33398259480794273,0.9952439665794373,0.7134640693664551,0.41723944346110026,0.48262375593185425,0.3018978118896484,0.3607274373372396,0.974261999130249,0.7294876575469971,0.44899190266927086,0.33152487874031067,0.10133814811706543,0.34112237294514974,0.9009280800819397,0.7147647380828858,0.9258500417073567,0.46053680777549744,0.603737735748291,0.9081490834554037,0.8201047778129578,0.6458929061889649,1.0,0.010179555974900723,0.5649635314941406,0.9411716461181641,0.0396915078163147,0.6728127479553223,1.0,0.0009440945577807724,0.6757200717926025,0.9214383443196614,0.0028312208596616983
squat,0.505949592590332,0.21226666768391927,0.9582645893096924,0.5297400474548339,0.18365116119384767,0.9053539037704468,0.48605756759643554,0.17952213287353516,0.8981018662452698,0.5726014137268066,0.2160646120707194,0.7173024415969849,0.47305874824523925,0.20980135599772134,0.6091867089271545,0.653876256942749,0.4472235997517904,0.967107355594635,0.43598785400390627,0.4371673901875814,0.975173830986023,0.6852399349212647,0.7343200047810873,0.47725483775138855,0.4467973232269287,0.7699170430501302,0.6928465962409973,0.6905302047729492,0.6512194315592448,0.19385305047035217,0.499117374420166,0.9310572306315105,0.27539050579071045,0.6679100513458252,0.9398183186848958,0.3197290599346161,0.5356487274169922,0.9355078379313151,0.4039643108844757,0.7097676277160645,1.0,0.010736165568232536,0.6117530345916748,0.9478647232055664,0.016267476603388786,0.7717155933380127,1.0,0.0022403968032449484,0.7798763275146484,0.8988486607869466,0.003378773108124733
squat,0.4986417770385742,0.3251359303792318,0.9412141442298889,0.5260889530181885,0.29768559137980144,0.9530308246612549,0.47850899696350097,0.2909271240234375,0.8691694140434265,0.565753984451294,0.34291725158691405,0.8754391074180603,0.4590610504150391,0.3312368075052897,0.4186178147792816,0.653659725189209,0.586878776550293,0.9118777513504028,0.40314340591430664,0.5825637181599935,0.7772545218467712,0.6753450393676758,0.776905886332194,0.20839381217956543,0.40800819396972654,0.787796147664388,0.07664303481578827,0.597090196609497,0.563269297281901,0.14870311319828033,0.4699281692504883,0.5915371576944987,0.06638622283935547,0.642459774017334,0.9600844065348307,0.06650146096944809,0.4995745658874512,0.9476968765258789,0.04596380144357681,0.6456239700317383,0.9835753122965495,0.011906985193490982,0.5283785343170166,0.8776277542114258,0.008146225474774837,0.6798025131225586,1.0,0.005041743628680706,0.7023621082305909,0.850421142578125,0.004436532035470009
squat,0.48048887252807615,0.4489093462626139,0.5671454668045044,0.49341468811035155,0.39590155283610023,0.2987613379955292,0.481754207611084,0.39326626459757485,0.334877073764801,0.4996549129486084,0.4252331733703613,0.20735377073287964,0.47919621467590334,0.4217034657796224,0.2846020758152008,0.5178213119506836,0.8207785288492838,0.6076090335845947,0.3371732234954834,0.7716113408406575,0.6082084774971008,0.4211702346801758,0.9703221638997396,0.10260225832462311,0.1471774935722351,0.8540770212809244,0.05388203635811806,0.13505051136016846,0.8220426559448242,0.19175969064235687,0.09502530097961426,0.8289431889851888,0.11311642080545425,0.3167250633239746,1.0,0.006069937255233526,0.24179773330688475,0.9790106455485026,0.005082936957478523,0.30324883460998536,0.82777525583903,0.004289887845516205,0.275886607170105,0.7467571258544922,0.0030156446155160666,0.36588592529296876,0.834048080444336,0.0035253893584012985,0.3696356534957886,0.7494644165039063,0.0027337849605828524
squat,0.46517152786254884,0.5478284200032552,0.9700284600257874,0.5023775577545166,0.5033108075459798,0.9817295670509338,0.4455606460571289,0.4979274749755859,0.9056774377822876,0.5689168453216553,0.5252129236857096,0.9281324744224548,0.4307159423828125,0.5121150970458984,0.29308512806892395,0.6427645683288574,0.756664530436198,0.8771374821662903,0.40157365798950195,0.7490399678548177,0.7233338356018066,0.6568588256835938,0.855345090230306,0.1931142807006836,0.3958868980407715,0.8509028752644857,0.0813731700181961,0.5231977939605713,0.7558629353841145,0.2874603271484375,0.4715759754180908,0.7428487777709961,0.15181785821914673,0.6115597248077392,1.0,0.04088803008198738,0.47653398513793943,1.0,0.03156976029276848,0.556712532043457,0.9531948089599609,0.017257830128073692,0.45243163108825685,0.8833821614583334,0.01343376375734806,0.5376241683959961,1.0,0.012204832397401333,0.5856710910797119,0.9219557444254557,0.011248218826949596
squat,0.4730734348297119,0.6023999532063802,0.9551604986190796,0.5040749549865723,0.5722079594930013,0.9733966588973999,0.4573365211486816,0.5709992090861002,0.8321458101272583,0.5611772537231445,0.5925625483194987,0.917603075504303,0.4440441131591797,0.5860072453816731,0.2018604725599289,0.6240402698516846,0.7320830027262369,0.9370729923248291,0.4162915229797363,0.7415700276692708,0.7533106207847595,0.6512343406677246,0.9140663782755534,0.5630348920822144,0.40464982986450193,0.938085428873698,0.14481863379478455,0.5280177116394043,0.8590393702189127,0.5045292973518372,0.5193755149841308,0.8531201680501302,0.17329151928424835,0.6178610801696778,1.0,0.12767009437084198,0.48134942054748536,1.0,0.0689711943268776,0.5872961997985839,0.9855087280273438,0.015927312895655632,0.4386481285095215,0.9733788808186848,0.007964842952787876,0.5761134147644043,1.0,0.006464383564889431,0.5553983688354492,0.9952725728352865,0.004074968863278627
squat,0.4720573425292969,0.6849940617879232,0.9833463430404663,0.5047288417816163,0.6542568206787109,0.989486813545227,0.45557208061218263,0.647900390625,0.9189344644546509,0.5630412101745605,0.6669854482014974,0.9560235738754272,0.438356351852417,0.658244260152181,0.17917458713054657,0.6150631904602051,0.7936025619506836,0.8565590381622314,0.446535062789917,0.7962741216023763,0.915386438369751,0.5559864997863769,0.9334242502848308,0.3926740288734436,0.32204864025115965,0.9076029459635416,0.4643629491329193,0.2693177700042725,0.9909111022949219,0.4290512800216675,0.12978835105895997,0.9502489725748698,0.4208883047103882,0.5627391338348389,1.0,0.08448952436447144,0.4571362495422363,1.0,0.12296930700540543,0.3641511917114258,0.9510169982910156,0.021474063396453857,0.2691170692443848,0.8945152282714843,0.022605419158935547,0.21574249267578124,0.9665030797322591,0.013158921152353287,0.24999575614929198,0.9166994094848633,0.014345766045153141
squat,0.4719520568847656,0.7121103286743165,0.9928663969039917,0.5031089305877685,0.6814008076985677,0.9900571703910828,0.4516720771789551,0.6756582260131836,0.9695467948913574,0.5635107517242431,0.7048576354980469,0.9262195825576782,0.43396649360656736,0.6987009048461914,0.42128896713256836,0.6139765739440918,0.851957893371582,0.8122177720069885,0.4432206630706787,0.8399874369303385,0.986453115940094,0.5169646263122558,0.9593502044677734,0.30845311284065247,0.2632396459579468,0.8974679946899414,0.9143239855766296,0.25982041358947755,0.985739262898763,0.4824196398258209,0.05956065654754639,0.8933323542277019,0.9011097550392151,0.5835718631744384,1.0,0.06949397176504135,0.47533106803894043,1.0,0.26437699794769287,0.3830603361129761,0.9336153666178385,0.013607163913547993,0.2680667877197266,0.8700435638427735,0.04109937325119972,0.21094865798950196,0.9729756673177083,0.006716038100421429,0.2091599464416504,0.9133275985717774,0.015053682960569859
squat,0.46653070449829104,0.697477149963379,0.9867560863494873,0.5028460025787354,0.6698073069254558,0.9912117123603821,0.44806900024414065,0.654033915201823,0.9168200492858887,0.5617535591125489,0.6933863957722982,0.9570729732513428,0.4261770248413086,0.6656136194864909,0.166279137134552,0.5968903541564942,0.8180404663085937,0.8789848685264587,0.4413825511932373,0.7946292241414388,0.9314618706703186,0.47559828758239747,0.9524520874023438,0.5148780941963196,0.2919913768768311,0.8935644149780273,0.5925986766815186,0.11236763000488281,0.9488555272420247,0.5870175957679749,0.05627486705780029,0.9169513702392578,0.6189805865287781,0.5373383045196534,1.0,0.07731793075799942,0.4325431823730469,1.0,0.11694692075252533,0.34861392974853517,0.904787254333496,0.01918584294617176,0.24003655910491944,0.8335197448730469,0.022328846156597137,0.11958942413330079,0.9341075897216797,0.010110224597156048,0.14179739952087403,0.8863614400227865,0.01208456140011549
squat,0.4621575832366943,0.6399984359741211,0.9713918566703796,0.49263548851013184,0.610145378112793,0.9802950024604797,0.44402179718017576,0.6081404368082682,0.9122594594955444,0.5459459781646728,0.6279948552449545,0.9219702482223511,0.4264830112457275,0.6201620737711588,0.3573135733604431,0.6065389156341553,0.7646813074747721,0.9428277611732483,0.40505309104919435,0.7583806991577149,0.8425306677818298,0.6327150344848633,0.9447439829508464,0.526263415813446,0.3940438985824585,0.9306476593017579,0.2330724596977234,0.4864602565765381,0.89774169921875,0.44937172532081604,0.5079488277435302,0.8779957453409831,0.2329477071762085,0.6012675762176514,1.0,0.1063399389386177,0.46787285804748535,1.0,0.07459963858127594,0.5733636379241943,0.9666182835896809,0.01170668937265873,0.433137845993042,0.9564384460449219,0.007878435775637627,0.5584402084350586,0.9617819468180339,0.004924202337861061,0.5381275653839112,0.9464578628540039,0.00368760759010911
squat,0.44568376541137694,0.552951431274414,0.9413883686065674,0.47324609756469727,0.5315444628397624,0.9495704770088196,0.4344834327697754,0.5299292882283528,0.7912495732307434,0.5291484832763672,0.5614601135253906,0.8887645602226257,0.4285292625427246,0.5534186681111654,0.23376934230327606,0.6027888298034668,0.6982763290405274,0.9169698357582092,0.40547876358032225,0.6976905186971029,0.863691508769989,0.6381669998168945,0.8688570658365885,0.4987074136734009,0.38484716415405273,0.8695626576741536,0.3627006709575653,0.5146059989929199,0.8236094156901042,0.522682249546051,0.5216684341430664,0.7977333068847656,0.38850486278533936,0.6048471927642822,1.0,0.11928391456604004,0.48039979934692384,1.0,0.10573634505271912,0.5192043304443359,0.9201591491699219,0.017647555097937584,0.4239452362060547,0.900396728515625,0.014779532328248024,0.48114991188049316,0.9694077809651692,0.007822958752512932,0.5586790084838867,0.9284876505533854,0.007171216886490583
squat,0.4310306072235107,0.4959205309549967,0.9835504293441772,0.4603848457336426,0.4650310516357422,0.9713522791862488,0.4190963268280029,0.46626459757486977,0.8468369841575623,0.5288339614868164,0.4812934875488281,0.9049100279808044,0.4194310665130615,0.48759228388468423,0.14306919276714325,0.5909839630126953,0.6132539749145508,0.9101480841636658,0.4349218845367432,0.6376508076985677,0.9833871722221375,0.5052146911621094,0.7031621297200521,0.7676013708114624,0.3159560441970825,0.7229111989339193,0.940679132938385,0.22660479545593262,0.6942220687866211,0.8363561034202576,0.09739713668823242,0.7714512507120769,0.9315745234489441,0.6259308815002441,1.0,0.23917222023010254,0.5123650074005127,0.9970240275065104,0.46854209899902344,0.5323909759521485,0.8633165995279948,0.01932664029300213,0.391660213470459,0.8166648864746093,0.037693727761507034,0.5135545253753662,0.9411836624145508,0.004740068223327398,0.4572620391845703,0.8903583526611328,0.008728728629648685
squat,0.42974348068237306,0.4396889050801595,0.9635258316993713,0.45743350982666015,0.40234076182047523,0.9569107890129089,0.4229710578918457,0.40516128540039065,0.8005075454711914,0.5277166843414307,0.42629203796386717,0.8600667715072632,0.43320589065551757,0.43488629659016925,0.13673804700374603,0.6034328460693359,0.6257904052734375,0.7884032130241394,0.3829155683517456,0.6426359176635742,0.9455586671829224,0.5763541221618652,0.6780199686686198,0.3336000144481659,0.18181689977645873,0.7178937911987304,0.6198472380638123,0.34867329597473146,0.5802005132039388,0.4001775085926056,0.10502965450286865,0.6712425231933594,0.5854320526123047,0.5706448554992676,0.9656139373779297,0.06949488818645477,0.4429582118988037,0.95466734568278,0.13438768684864044,0.4878679752349854,0.847814432779948,0.00991385243833065,0.3897578716278076,0.8062911987304687,0.0156842190772295,0.46866531372070314,0.831738026936849,0.004474289249628782,0.501336669921875,0.7701208750406902,0.006616684142500162
squat,0.4400287628173828,0.369273312886556,0.9683531522750854,0.465651798248291,0.33872076670328777,0.9574218988418579,0.4229267597198486,0.3402710914611816,0.8936035633087158,0.5189152717590332,0.3653467814127604,0.8211197853088379,0.41664752960205076,0.37164793014526365,0.37378472089767456,0.5797738075256348,0.5289732615152994,0.6852436065673828,0.38350374698638917,0.5437683741251628,0.945172131061554,0.5039280414581299,0.547968037923177,0.2701106667518616,0.20238308906555175,0.5762948354085287,0.7060670852661133,0.23455359935760497,0.5064546267191569,0.34643203020095825,0.13314709663391114,0.5668649037679037,0.716433048248291,0.6020575046539307,0.9395325978597006,0.070523701608181,0.47216334342956545,0.9354292551676432,0.1784721314907074,0.5558463573455811,0.7859324137369792,0.008762522600591183,0.4164904594421387,0.7539939244588216,0.018929453566670418,0.5222841739654541,0.8643414815266927,0.004835718777030706,0.49779067039489744,0.8074790954589843,0.008829810656607151
squat,0.4335481643676758,0.29562257130940756,0.9843332171440125,0.46311469078063966,0.27262306213378906,0.9791600108146667,0.42320904731750486,0.2711086908976237,0.8814151883125305,0.5195219039916992,0.3032766024271647,0.9381252527236938,0.42122807502746584,0.30246543884277344,0.20417626202106476,0.5708718299865723,0.4333322207132975,0.9399464726448059,0.419402027130127,0.457832400004069,0.9787001013755798,0.5097155570983887,0.45778191884358727,0.8241283297538757,0.3012829065322876,0.46696815490722654,0.8912235498428345,0.2179804801940918,0.4344167709350586,0.7652226686477661,0.11883885860443115,0.43555132548014325,0.8333784937858582,0.6228206157684326,0.8678216298421224,0.5474368333816528,0.5127342224121094,0.8655005137125651,0.6910669207572937,0.5928527355194092,0.8961912155151367,0.0432543084025383,0.46753931045532227,0.8778260548909506,0.05982426926493645,0.6186686515808105,0.9145217259724935,0.00589644955471158,0.576904296875,0.8963741302490235,0.008360312320291996
squat,0.4309356212615967,0.23652140299479166,0.9901372194290161,0.4658249855041504,0.21805906295776367,0.9856047034263611,0.4180938243865967,0.21113675435384113,0.920150101184845,0.5210521697998047,0.2573777516682943,0.9543206095695496,0.40776805877685546,0.24334421157836914,0.2735591530799866,0.5736014366149902,0.36932398478190104,0.9640010595321655,0.40755486488342285,0.40972684224446615,0.9892604351043701,0.5191750049591064,0.3855405489603678,0.8886525630950928,0.2976230621337891,0.47218526204427086,0.9403992891311646,0.24992837905883789,0.37410783767700195,0.7995976209640503,0.10006113052368164,0.44912754694620766,0.8825494647026062,0.6730918884277344,0.9209742863972982,0.6487388014793396,0.5476096630096435,0.9250677744547526,0.7919295430183411,0.6342118263244629,0.9596927642822266,0.021224642172455788,0.48381619453430175,0.918693733215332,0.029895422980189323,0.6807600021362304,1.0,0.0020246885251253843,0.6501329421997071,0.9448191324869791,0.002995389746502042
squat,0.4444618225097656,0.17942063013712564,0.9937978386878967,0.47733321189880373,0.1634177525838216,0.9863874912261963,0.4272714614868164,0.15617052714029947,0.9531384706497192,0.5264411449432373,0.20624796549479166,0.9515031576156616,0.412473201751709,0.19267965952555338,0.45679739117622375,0.5849611282348632,0.3301476796468099,0.9858940839767456,0.4140938758850098,0.3695548375447591,0.9961230158805847,0.5733142375946045,0.3425525983174642,0.936053991317749,0.3173110246658325,0.4584805170694987,0.9740530252456665,0.40300579071044923,0.30265795389811195,0.8525111079216003,0.1443603515625,0.4285632451375326,0.9308631420135498,0.6846285343170166,0.9365938186645508,0.7502804398536682,0.5668653964996337,0.9385575612386068,0.8641911149024963,0.6150822639465332,1.0,0.01484132930636406,0.5298453807830811,0.9518686930338541,0.021097049117088318,0.6431724548339843,1.0,0.0007514738827012479,0.722145414352417,0.943022346496582,0.0011273673735558987
squat,0.44040718078613283,0.13382355372111002,0.9946464896202087,0.47813897132873534,0.12027899424235027,0.9877393841743469,0.42540202140808103,0.11027441024780274,0.9644042253494263,0.5384304523468018,0.1777952194213867,0.9279142022132874,0.4158440113067627,0.15565290451049804,0.44156959652900696,0.5763774871826172,0.30842049916585285,0.965255081653595,0.42055397033691405,0.3454520543416341,0.9949550032615662,0.5572991371154785,0.27316010793050133,0.8520129919052124,0.3161426782608032,0.41346343358357746,0.9713043570518494,0.45557270050048826,0.22252804438273113,0.7683405876159668,0.16225109100341797,0.3769026438395182,0.9330942630767822,0.6720038414001465,0.9106202443440755,0.6798498630523682,0.5633767127990723,0.9152116139729818,0.8574521541595459,0.5924026966094971,0.9872875213623047,0.015577064827084541,0.5095907688140869,0.9231381098429362,0.02927127294242382,0.6197020530700683,1.0,0.0011971427593380213,0.6950881004333496,0.922573471069336,0.0021274741739034653
squat,0.4572142601013184,0.0930771509806315,0.9949239492416382,0.49289617538452146,0.08200820287068684,0.9899618625640869,0.4419133186340332,0.07502047220865886,0.9621586203575134,0.5492376327514649,0.14359849294026691,0.9499590992927551,0.43016867637634276,0.12958971659342447,0.4232245087623596,0.592348861694336,0.2726065317789714,0.984148383140564,0.4155921936035156,0.31772352854410807,0.9949437975883484,0.5870622158050537,0.24943488438924152,0.9336479306221008,0.292193078994751,0.39207770029703776,0.9628382325172424,0.49953403472900393,0.18238162994384766,0.8410265445709229,0.1342310428619385,0.3380153020222982,0.9035174250602722,0.6807250022888184,0.8467754364013672,0.8634976148605347,0.5594706058502197,0.8603200912475586,0.9186642169952393,0.6392850399017334,1.0,0.028645025566220284,0.5265597820281982,0.9739807764689128,0.03395483270287514,0.7043764114379882,1.0,0.0011263979831710458,0.7234920501708985,0.9519501368204752,0.0014353072037920356
squat,0.47418012619018557,0.049309794108072916,0.9922676682472229,0.5056188583374024,0.020893351236979166,0.978281557559967,0.4465210437774658,0.022878233591715494,0.9600703716278076,0.551438283920288,0.06750030517578125,0.8381883502006531,0.41707639694213866,0.08012892405192057,0.38874581456184387,0.6032863616943359,0.2459268569946289,0.9235222339630127,0.4177729606628418,0.298422368367513,0.9910134673118591,0.6433305740356445,0.23565451304117838,0.7614127993583679,0.27650573253631594,0.35759773254394533,0.9579060077667236,0.5415609359741211,0.1527402877807617,0.7291193604469299,0.06487827301025391,0.3408619562784831,0.9216581583023071,0.6671505928039551,0.8038316090901693,0.7959803342819214,0.5473173141479493,0.8158878326416016,0.9201511144638062,0.589537525177002,1.0,0.040987852960824966,0.4963071823120117,1.0,0.08006902039051056,0.613672924041748,1.0,0.0019718054682016373,0.6027831554412841,1.0,0.0033120226580649614
squat,0.5044607162475586,0.04783544540405273,0.9630963802337646,0.5315708160400391,0.017991669972737632,0.8692588806152344,0.472929048538208,0.021502685546875,0.852384626865387,0.5724381446838379,0.0617306391398112,0.5546507239341736,0.4365623950958252,0.07947587966918945,0.3191116452217102,0.6206660270690918,0.23281799952189128,0.9174193143844604,0.4194173336029053,0.28913173675537107,0.9846317768096924,0.6194206714630127,0.18173882166544597,0.8684150576591492,0.28467750549316406,0.3269238789876302,0.9648758172988892,0.5261055946350097,0.11296815872192383,0.8127392530441284,0.10847134590148926,0.31676127115885416,0.9406888484954834,0.6800965309143067,0.8022129694620769,0.9070014357566833,0.545232629776001,0.8182861328125,0.9580326080322266,0.6709527015686035,1.0,0.051870107650756836,0.5333229541778565,1.0,0.07945230603218079,0.7213187217712402,1.0,0.0018165272194892168,0.6432949066162109,0.9716469446818033,0.0026024847757071257
squat,0.5129569053649903,0.04191875457763672,0.8307508230209351,0.542354679107666,0.004864756266276042,0.7008450031280518,0.4965215682983398,0.011118412017822266,0.30133605003356934,0.604310131072998,0.038992881774902344,0.4346271753311157,0.48961896896362306,0.06352011362711589,0.02038532681763172,0.6365375518798828,0.20544287363688152,0.5435869693756104,0.4822723388671875,0.3012515703837077,0.8974659442901611,0.5684120178222656,0.13315852483113608,0.6308616995811462,0.32982280254364016,0.37820955912272136,0.8587263822555542,0.3272209167480469,0.029883352915445964,0.780200719833374,0.11153936386108398,0.32027126948038737,0.8927642107009888,0.6306767463684082,0.8085901896158855,0.7862561941146851,0.5227291584014893,0.8228736241658529,0.8988895416259766,0.5169804573059082,0.9792627970377604,0.07152066379785538,0.42492213249206545,0.9673641204833985,0.10931731015443802,0.5001549243927002,1.0,0.005383740179240704,0.4794736862182617,1.0,0.007716788444668055
squat,0.5195712566375732,0.04671923319498698,0.9743630290031433,0.5546245098114013,0.02942768732706706,0.9441870450973511,0.5066009521484375,0.022211774190266927,0.821771502494812,0.6067434310913086,0.09088026682535807,0.7935559749603271,0.49242749214172366,0.07991580963134766,0.12985055148601532,0.6279163837432862,0.253123410542806,0.8962885141372681,0.4599203586578369,0.3038570721944173,0.9763041138648987,0.6024191379547119,0.17266445159912108,0.8669772148132324,0.2974088668823242,0.34727052052815754,0.9299911856651306,0.43351244926452637,0.03908538818359375,0.8473194241523743,0.10641555786132813,0.30807577768961586,0.9033092260360718,0.6571259498596191,0.8241083145141601,0.818419873714447,0.5417393207550049,0.8351342519124348,0.8957066535949707,0.6006842136383057,1.0,0.03395739197731018,0.48601698875427246,1.0,0.04031234234571457,0.6429710865020752,1.0,0.0013088500127196312,0.6195234298706055,1.0,0.0014886424178257585
squat,0.531251049041748,0.0588870366414388,0.9891335368156433,0.5641993522644043,0.043398284912109376,0.9792201519012451,0.5123744964599609,0.03746493657430013,0.9163772463798523,0.6109297752380372,0.10355889002482097,0.9047012329101562,0.49258222579956057,0.09706370035807292,0.2976304888725281,0.6312628746032715,0.2532035827636719,0.9773543477058411,0.45779123306274416,0.3082574844360352,0.9863405227661133,0.5706113815307617,0.14684664408365886,0.9617231488227844,0.3045202255249023,0.3529141108194987,0.9305091500282288,0.39199645519256593,0.024507776896158854,0.9209438562393188,0.13042268753051758,0.34046039581298826,0.9003902077674866,0.6594363212585449,0.8187142054239909,0.9092076420783997,0.537922716140747,0.8307453155517578,0.9203320741653442,0.6360014915466309,1.0,0.04632629454135895,0.5081408977508545,0.9868787129720052,0.03551879897713661,0.6819452762603759,1.0,0.0014114703517407179,0.6367636680603027,0.9890600840250651,0.0012059147702530026
squat,0.5369165420532227,0.06348832448323567,0.9946532249450684,0.5749050140380859,0.04066327412923177,0.9912432432174683,0.5191360473632812,0.03310559590657552,0.9475541710853577,0.6301915168762207,0.09739742279052735,0.9027718305587769,0.4978271484375,0.0875433603922526,0.1983838677406311,0.6310867309570313,0.25622944831848143,0.9605157971382141,0.4747220516204834,0.3150100072224935,0.9817137122154236,0.5608119010925293,0.16513721148173013,0.9337464570999146,0.3031483173370361,0.37039314905802406,0.9015216827392578,0.3730683565139771,0.055623499552408855,0.9377918243408203,0.1318056583404541,0.3343810717264811,0.9153042435646057,0.6409878730773926,0.8169241587320963,0.928339421749115,0.5300983428955078,0.8274676005045573,0.9390080571174622,0.5588630199432373,1.0,0.12324275821447372,0.44700918197631834,0.9922823588053385,0.09490539878606796,0.5503973007202149,1.0,0.006774423643946648,0.5263696670532226,1.0,0.005619439762085676
squat,0.5419430732727051,0.062232589721679686,0.9899744391441345,0.5796091079711914,0.0373681386311849,0.9824368953704834,0.5235883235931397,0.03491973876953125,0.8968541622161865,0.6405674457550049,0.09422400792439779,0.8578789234161377,0.5050414085388184,0.09493687947591146,0.11485881358385086,0.6494551658630371,0.25468794504801434,0.9371253252029419,0.48673014640808104,0.31230023701985676,0.9767889976501465,0.581403398513794,0.17690199216206867,0.9200199246406555,0.310606575012207,0.360742982228597,0.9149961471557617,0.38048977851867677,0.05466960271199544,0.9387670159339905,0.13882098197937012,0.33036136627197266,0.9315059781074524,0.6546605110168457,0.829482905069987,0.9256568551063538,0.5389835834503174,0.8387095769246419,0.9455835223197937,0.5507245063781738,1.0,0.11956654489040375,0.44355058670043945,0.999377187093099,0.10531027615070343,0.5549374580383301,1.0,0.006353926379233599,0.5342357635498047,1.0,0.0058126142248511314
squat,0.5347636222839356,0.051026407877604166,0.9756582379341125,0.5727046966552735,0.02549298604329427,0.9608358144760132,0.5184356689453125,0.02529935836791992,0.7244858145713806,0.641196346282959,0.08365154266357422,0.8123424649238586,0.5064070701599122,0.08999217351277669,0.0396404005587101,0.6585906028747559,0.23982094128926595,0.8954649567604065,0.4939260959625244,0.3089513142903646,0.959604024887085,0.5985752582550049,0.15539765357971191,0.908964216709137,0.313651442527771,0.35720831553141275,0.900563657283783,0.39820997714996337,0.03827219009399414,0.9405055642127991,0.13118834495544435,0.31234064102172854,0.9279541373252869,0.6647083759307861,0.8235655466715495,0.9178773760795593,0.5474070549011231,0.8352297465006511,0.940423309803009,0.5463297843933106,0.9772272745768229,0.1297774463891983,0.4377602577209473,0.9817180633544922,0.11409387737512589,0.5454572677612305,1.0,0.007458243053406477,0.5296694755554199,1.0,0.006827216595411301
squat,0.5531473636627198,0.06110843022664388,0.9455369114875793,0.5848369121551513,0.04547465642293294,0.885301411151886,0.5433016777038574,0.04144201278686523,0.6487381458282471,0.6388578414916992,0.10247109731038412,0.7392104268074036,0.5355813503265381,0.09934231440226236,0.07925688475370407,0.6593884944915771,0.2523545265197754,0.920383095741272,0.4928296089172363,0.3076526006062826,0.9687396287918091,0.6431638717651367,0.16725616455078124,0.9294829964637756,0.32482645511627195,0.3409613291422526,0.9340521097183228,0.5056675910949707,0.06130768458048503,0.9114753007888794,0.1435286283493042,0.2899693806966146,0.9113267660140991,0.6460299968719483,0.7952182769775391,0.8890698552131653,0.5329113960266113,0.8076800028483073,0.917580783367157,0.6117676734924317,1.0,0.04283773526549339,0.49821839332580564,1.0,0.03961746767163277,0.6519926071166993,1.0,0.001234917901456356,0.6185921669006348,0.9899496078491211,0.001155657460913062
squat,0.554442310333252,0.05851593017578125,0.9657576084136963,0.5873250007629395,0.030371729532877603,0.9433127641677856,0.5432549953460694,0.03158702850341797,0.6753297448158264,0.6515796661376954,0.07799771626790365,0.7668834328651428,0.5405513763427734,0.08759393692016601,0.04251891374588013,0.6733769416809082,0.25068828264872234,0.858517050743103,0.5205726623535156,0.3147037188212077,0.9497293829917908,0.6030007839202881,0.17303986549377443,0.8705833554267883,0.3433150053024292,0.3528819719950358,0.8848229050636292,0.37552385330200194,0.06127036412556966,0.92035311460495,0.15165491104125978,0.28943030039469403,0.9181212782859802,0.6443003654479981,0.831347401936849,0.8634565472602844,0.5357133865356445,0.8350474675496419,0.9044358134269714,0.5368319511413574,0.9794868469238281,0.08127278089523315,0.43132748603820803,0.9657161712646485,0.07990571111440659,0.5319161415100098,1.0,0.004930561408400536,0.4988118648529053,1.0,0.0049718464724719524
squat,0.5659664630889892,0.04545173645019531,0.9614551663398743,0.5948857307434082,0.018155543009440105,0.9265571236610413,0.5554736614227295,0.020325851440429688,0.6887292265892029,0.6509461402893066,0.06501814524332682,0.7037813663482666,0.5535014629364013,0.07756156921386718,0.056983210146427155,0.675944709777832,0.24214566548665364,0.8347436785697937,0.5274484634399415,0.30790557861328127,0.9542397260665894,0.6058433532714844,0.17323869069417316,0.8380721807479858,0.34645559787750246,0.3586486498514811,0.8965168595314026,0.39560937881469727,0.05810324350992838,0.8954527974128723,0.1552363395690918,0.2871436436971029,0.9189261198043823,0.6428152561187744,0.8391318003336589,0.8452180027961731,0.5375736236572266,0.8421981811523438,0.9024683237075806,0.5352240562438965,0.9845516840616862,0.07508575171232224,0.42937355041503905,0.9595480600992838,0.08216044306755066,0.5323504447937012,1.0,0.005029220134019852,0.48865470886230467,1.0,0.005485610570758581
squat,0.5749871253967285,0.04867566426595052,0.908771812915802,0.5992164134979248,0.01759360631306966,0.7992690205574036,0.5627466678619385,0.021744632720947267,0.5077779293060303,0.6461963653564453,0.054033915201822914,0.4877697825431824,0.5562959671020508,0.0724999745686849,0.04736568033695221,0.6785787582397461,0.23521191279093426,0.767106294631958,0.52485032081604,0.3049661636352539,0.937977135181427,0.6333959102630615,0.16099597613016764,0.8114256858825684,0.34314181804656985,0.3525838851928711,0.9003394246101379,0.4441224098205566,0.05190292994181315,0.8799282908439636,0.15414931774139404,0.2900452931722005,0.9225794672966003,0.6460316181182861,0.8370540618896485,0.8553301095962524,0.5415507316589355,0.8423352559407552,0.9136226177215576,0.5429679870605468,1.0,0.07226179540157318,0.4466412544250488,0.9766117095947265,0.085113525390625,0.5396344661712646,1.0,0.004462164826691151,0.4977746486663818,1.0,0.005100084003061056
squat,0.5692653179168701,0.0842741330464681,0.674538254737854,0.5853006362915039,0.05590763092041016,0.38796544075012207,0.5606903553009033,0.05985279083251953,0.18132619559764862,0.6207421302795411,0.07587992350260417,0.22324620187282562,0.5574663162231446,0.09397697448730469,0.025226978585124016,0.6714214324951172,0.22670502662658693,0.6720545887947083,0.5225687026977539,0.28835922876993814,0.9041421413421631,0.6597964286804199,0.17009628613789876,0.8262401223182678,0.3435503005981445,0.3444096883138021,0.9259527921676636,0.4718599319458008,0.058633009592692055,0.8831956386566162,0.1506434202194214,0.29736131032307944,0.939403772354126,0.6451643466949463,0.8336049397786458,0.8811583518981934,0.5431158542633057,0.8339536031087239,0.9337758421897888,0.552480411529541,1.0,0.07285793870687485,0.45893154144287107,0.9652000427246094,0.09694147855043411,0.5370168685913086,1.0,0.004058772698044777,0.49071173667907714,1.0,0.0051126861944794655
squat,0.5300841808319092,0.035809866587320965,0.8884395360946655,0.5615252017974853,0.020043087005615235,0.753666341304779,0.5263265132904053,0.012877813975016276,0.37006452679634094,0.6229823112487793,0.08072888056437175,0.6211854815483093,0.5292057991027832,0.06743288040161133,0.032195378094911575,0.6531667709350586,0.25468304951985676,0.8963193297386169,0.4844967365264893,0.2878495534261068,0.9600827693939209,0.6471579074859619,0.20633935928344727,0.9382249116897583,0.32190828323364257,0.3323176066080729,0.9488804340362549,0.5659467697143554,0.10826133092244467,0.9230566024780273,0.13952782154083251,0.2903601328531901,0.929680347442627,0.6659012794494629,0.8195304870605469,0.8955432176589966,0.5495193481445313,0.8258471171061198,0.9267053008079529,0.6555350303649903,1.0,0.03460066020488739,0.512718915939331,1.0,0.03504697605967522,0.7258243083953857,1.0,0.0008244875934906304,0.6431222438812256,0.9884992599487304,0.0008661097381263971
squat,0.5094391822814941,0.050051212310791016,0.9778665900230408,0.542668628692627,0.03608973821004232,0.9522940516471863,0.504209327697754,0.03207054138183594,0.7884408831596375,0.6099011421203613,0.09551868438720704,0.838146448135376,0.5078439235687255,0.08881413141886393,0.09064984321594238,0.6442203521728516,0.2412526766459147,0.9434226751327515,0.4736973762512207,0.29188836415608727,0.9829561710357666,0.630472469329834,0.1847402572631836,0.9240463376045227,0.3027287483215332,0.3525234858194987,0.9520822167396545,0.559428071975708,0.10616010030110677,0.8846766948699951,0.1223109483718872,0.3243706703186035,0.9142926931381226,0.6750489711761475,0.8245400746663412,0.8847534656524658,0.5555928707122803,0.8368113199869792,0.9288312792778015,0.6382231712341309,1.0,0.03489813953638077,0.4977607250213623,1.0,0.038127556443214417,0.716129207611084,1.0,0.0010391061659902334,0.6498066902160644,0.9926842371622722,0.0011707162484526634
squat,0.4904984474182129,0.0650522232055664,0.974475085735321,0.5223182678222656,0.05108022689819336,0.9476602673530579,0.4905406475067139,0.051886781056722,0.7376583814620972,0.5958391666412354,0.10805155436197916,0.8511207699775696,0.5049530029296875,0.11049168904622396,0.06076531484723091,0.6504954814910888,0.24587783813476563,0.9173400402069092,0.47404279708862307,0.3104481061299642,0.9816237688064575,0.6322057723999024,0.19590396881103517,0.8847174644470215,0.3076545238494873,0.3710180282592773,0.9509211778640747,0.5278636932373046,0.14551324844360353,0.8424364924430847,0.11766395568847657,0.34918352762858074,0.9044517278671265,0.6977537155151368,0.8612248102823893,0.8238213658332825,0.5710301876068116,0.8756537119547526,0.9089728593826294,0.6428812980651856,1.0,0.02384902350604534,0.4801048278808594,0.9988597869873047,0.030590178444981575,0.7627922058105469,1.0,0.0008984173182398081,0.6739811897277832,1.0,0.0011772088473662734
squat,0.4747685432434082,0.1149078369140625,0.9905780553817749,0.5076346397399902,0.09576718012491862,0.9798884987831116,0.4784348487854004,0.09286413192749024,0.9103118181228638,0.5870799064636231,0.14122737248738607,0.8906155228614807,0.5041338443756104,0.1307222048441569,0.17054136097431183,0.6172688484191895,0.29766098658243817,0.8829996585845947,0.4941578388214111,0.33052266438802086,0.9909159541130066,0.515485143661499,0.2574143409729004,0.6693959832191467,0.3208601951599121,0.39497909545898435,0.951433002948761,0.37077059745788576,0.1535567283630371,0.5573112368583679,0.1244818925857544,0.386560312906901,0.878660261631012,0.6860955715179443,0.9218344370524089,0.5311359167098999,0.5931122303009033,0.9213682810465494,0.8155243396759033,0.5961188793182373,1.0,0.01124952919781208,0.5062620162963867,0.9602804819742838,0.025976106524467468,0.7026756286621094,1.0,0.0009719987865537405,0.6974518775939942,0.965653928120931,0.001976526342332363
squat,0.4594607353210449,0.17849286397298178,0.9838423728942871,0.4880398750305176,0.1476761817932129,0.9875960350036621,0.46567654609680176,0.15630779266357422,0.7165950536727905,0.578575849533081,0.17854398091634113,0.9542245268821716,0.5029525279998779,0.1926331837972005,0.019109686836600304,0.6574450969696045,0.36419951121012367,0.9289877414703369,0.4887541770935059,0.375994618733724,0.9055973291397095,0.6818896293640136,0.4278453826904297,0.7911010980606079,0.2923935890197754,0.40813029607137047,0.5732156038284302,0.5695913791656494,0.2995915412902832,0.768156111240387,0.206063175201416,0.3008432706197103,0.528988778591156,0.6799261093139648,0.926687749226888,0.5825595259666443,0.5675983428955078,0.9235486348470052,0.5648673176765442,0.5674374580383301,0.9978168487548829,0.04330279678106308,0.4642667293548584,0.9980248769124349,0.030457643792033195,0.6508820056915283,1.0,0.004681889433413744,0.611060905456543,1.0,0.0040849316865205765
squat,0.4527623653411865,0.24932626088460286,0.9621784090995789,0.4847450256347656,0.2220582326253255,0.970122218132019,0.45828733444213865,0.21777108510335286,0.5827513933181763,0.5697561264038086,0.2524721145629883,0.9391077160835266,0.4831232070922852,0.23835220336914062,0.03879065439105034,0.6259880065917969,0.40822153091430663,0.9830045700073242,0.4584942817687988,0.4518372853597005,0.8957125544548035,0.6275031566619873,0.4707913080851237,0.9535037875175476,0.41635899543762206,0.5995112737019856,0.5667291879653931,0.520917272567749,0.4192248026529948,0.9297449588775635,0.4386584281921387,0.44613672892252604,0.623765766620636,0.6388173580169678,0.8648633321126302,0.8308225870132446,0.5232145309448242,0.8753135045369466,0.6708728075027466,0.6523813724517822,0.993893814086914,0.05686413496732712,0.5111840724945068,0.9643831888834635,0.02406967245042324,0.6855256080627441,1.0,0.003396607469767332,0.6414038658142089,0.9523017883300782,0.002102684462442994
squat,0.4486568450927734,0.34905128479003905,0.8502616286277771,0.48043317794799806,0.30457274119059247,0.7485374808311462,0.45617899894714353,0.2968078295389811,0.5928198099136353,0.5279734134674072,0.36692276000976565,0.5023043155670166,0.47025318145751954,0.3456731796264648,0.17534804344177246,0.5470189571380615,0.7708343505859375,0.6154528260231018,0.28718693256378175,0.6984568277994792,0.6089527606964111,0.46557140350341797,0.9016741434733073,0.09470976889133453,0.03384699821472168,0.7886299133300781,0.05311579257249832,0.31339547634124754,0.6543760299682617,0.2958403527736664,0.07752244472503662,0.7754442850748698,0.1323341280221939,0.28090338706970214,0.9824014027913411,0.005012733396142721,0.15177998542785645,0.9431204477945964,0.004114997107535601,0.2531821012496948,0.7818024317423503,0.003348307916894555,0.1360412359237671,0.7194311141967773,0.0022751225624233484,0.34390418529510497,0.797397232055664,0.002236810978502035,0.26538453102111814,0.7584356943766276,0.0016208754386752844
squat,0.4600482940673828,0.41603790918986,0.8236628174781799,0.4888482570648193,0.3779258728027344,0.7600942254066467,0.46414823532104493,0.3747262001037598,0.6193366050720215,0.5314608573913574,0.4310524304707845,0.5718857645988464,0.47351608276367185,0.4180786450703939,0.25964194536209106,0.5288989067077636,0.7732060114542644,0.6938232779502869,0.3163668870925903,0.7195606231689453,0.4822102189064026,0.4782597541809082,0.7899784088134766,0.1594083309173584,0.17208256721496581,0.7156667073567708,0.03424707427620888,0.4587380886077881,0.6250705718994141,0.308697372674942,0.33502748012542727,0.6384133021036784,0.07925659418106079,0.3031317234039307,0.9453135808308919,0.024639751762151718,0.2019561767578125,0.9233098983764648,0.01213161088526249,0.30041534900665284,0.836807123819987,0.018634676933288574,0.23485546112060546,0.7798229217529297,0.00820498913526535,0.42682437896728515,0.8106385548909505,0.01581243798136711,0.4165474891662598,0.7459896723429362,0.008565175347030163
squat,0.456376838684082,0.486685307820638,0.9631461501121521,0.4833538055419922,0.46096280415852864,0.9736737012863159,0.44705820083618164,0.4590955416361491,0.7570926547050476,0.5434957504272461,0.4856322606404622,0.9437170028686523,0.4459084987640381,0.4806642532348633,0.1482516974210739,0.6044146537780761,0.6314270655314128,0.9754360914230347,0.4185794830322266,0.6540575663248698,0.8773766756057739,0.5855311393737793,0.7524128595987956,0.8799740672111511,0.3872066497802734,0.8133358001708985,0.3761374354362488,0.42429547309875487,0.7650086720784505,0.8441105484962463,0.4330927848815918,0.7769089380900065,0.4404596984386444,0.5884697914123536,0.9948915481567383,0.3929847180843353,0.46579952239990235,0.9904220581054688,0.224240243434906,0.5556090831756592,0.9425874710083008,0.034653108566999435,0.41951403617858884,0.8933491388956706,0.014862560667097569,0.5305971622467041,1.0,0.007767207454890013,0.5190941333770752,0.9198297500610352,0.00479417247697711
squat,0.44337029457092286,0.5651188532511393,0.9693283438682556,0.4689818859100342,0.5365213394165039,0.982070803642273,0.43879194259643556,0.5372156143188477,0.7062217593193054,0.535267448425293,0.5574090321858723,0.9605021476745605,0.44925293922424314,0.5600053151448567,0.054742999374866486,0.6139646053314209,0.7215328216552734,0.9161399602890015,0.443482494354248,0.7415587107340494,0.8953373432159424,0.5424830436706543,0.8872304916381836,0.5749647617340088,0.33839728832244875,0.9086572647094726,0.3324353098869324,0.3177357196807861,0.9260126749674479,0.5395950078964233,0.253436803817749,0.9244752883911133,0.28644323348999023,0.6115994453430176,1.0,0.07284156233072281,0.5049041748046875,1.0,0.07032471895217896,0.40541367530822753,0.9332096099853515,0.013051392510533333,0.30734405517578123,0.8623208999633789,0.008336176164448261,0.353059983253479,0.9766955057779948,0.006623093504458666,0.3856494665145874,0.8678642272949219,0.00560719333589077
squat,0.4418454170227051,0.631518809000651,0.9472439885139465,0.4672957420349121,0.6088022867838542,0.9672446250915527,0.4383217811584473,0.6051759084065755,0.68386310338974,0.5360887050628662,0.6421904881795247,0.9401976466178894,0.45619802474975585,0.6345942815144857,0.10178573429584503,0.6102061748504639,0.7984790802001953,0.8639863729476929,0.45613584518432615,0.799938456217448,0.8762106895446777,0.5359992980957031,0.9625989913940429,0.4312657117843628,0.38759033679962157,0.9678187052408854,0.3969908058643341,0.32638845443725584,0.96617431640625,0.45369723439216614,0.31350202560424806,0.9858638127644856,0.38927382230758667,0.6020373344421387,1.0,0.09612692892551422,0.5054153442382813,1.0,0.12219109386205673,0.48266921043395994,0.9835554122924804,0.026105521246790886,0.38193812370300295,0.917019780476888,0.02812526375055313,0.426637077331543,1.0,0.012573648244142532,0.42281527519226075,0.9467075983683269,0.015045836567878723
squat,0.4325523853302002,0.6750689188639323,0.981964111328125,0.4603785514831543,0.6562545776367188,0.9765588045120239,0.4324659824371338,0.6475301742553711,0.8581253886222839,0.5399346828460694,0.6966548919677734,0.9072659015655518,0.4502540588378906,0.6798882166544596,0.12108355760574341,0.6023358345031739,0.8664695103963216,0.7357353568077087,0.45491819381713866,0.8323906580607097,0.9767622351646423,0.47056946754455564,0.9979347229003906,0.24428698420524597,0.2755264759063721,0.9138250350952148,0.8794752955436707,0.26059536933898925,0.9821805318196615,0.4115627110004425,0.07401528358459472,0.9322572072347005,0.8508507609367371,0.5827273845672607,1.0,0.04225942865014076,0.48874921798706056,1.0,0.18190376460552216,0.37172436714172363,0.9735894521077474,0.008794196881353855,0.2697433948516846,0.8766775131225586,0.0273957047611475,0.260599946975708,1.0,0.004060642793774605,0.25398945808410645,0.9038767496744792,0.009889842011034489
squat,0.4329350471496582,0.6710330327351888,0.9816432595252991,0.46181206703186034,0.6519935607910157,0.9765204191207886,0.4317930221557617,0.6407428741455078,0.8576452732086182,0.5392574787139892,0.6913173039754231,0.9091872572898865,0.4457988739013672,0.6696168263753255,0.12111063301563263,0.5994207859039307,0.8549154917399089,0.7565418481826782,0.45417065620422364,0.8242286682128906,0.9765284657478333,0.47850403785705564,0.9899379094441731,0.27699652314186096,0.2849016904830933,0.9193925221761068,0.884540855884552,0.25612032413482666,0.9862274169921875,0.43872737884521484,0.08036291599273682,0.9395161310831706,0.8543330430984497,0.5796640872955322,1.0,0.05301976948976517,0.4862489700317383,1.0,0.20965458452701569,0.3703115701675415,0.9645947138468425,0.010661047883331776,0.2664132595062256,0.8735922495524089,0.03209175914525986,0.23057131767272948,0.9942785263061523,0.0047462559305131435,0.22992439270019532,0.9079329808553059,0.011165005154907703
squat,0.4416776657104492,0.6275079727172852,0.9774641394615173,0.47017202377319334,0.6058298746744791,0.9851644039154053,0.4369837760925293,0.6019754409790039,0.7556005716323853,0.5344231128692627,0.6372502644856771,0.9701725840568542,0.44313602447509765,0.6289348602294922,0.06438793987035751,0.6086215972900391,0.7858359018961588,0.9397894740104675,0.4458188056945801,0.7918383280436198,0.9539969563484192,0.518291425704956,0.9430535634358724,0.6872960925102234,0.3099393367767334,0.9322256724039714,0.6084588766098022,0.22965104579925538,0.9314191182454427,0.6721299290657043,0.12822535037994384,0.9518367131551106,0.5114586353302002,0.5903936862945557,1.0,0.1104690432548523,0.4853024482727051,1.0,0.14241710305213928,0.3199490785598755,0.9234536488850912,0.017322873696684837,0.20837912559509278,0.8564244588216146,0.014026886783540249,0.2266002893447876,0.9692941029866536,0.006400760728865862,0.2414928674697876,0.8943421681722005,0.006153479218482971
squat,0.4439851760864258,0.5638420104980468,0.9685497283935547,0.4661820888519287,0.5428979237874348,0.9821252822875977,0.4392707347869873,0.5432256062825521,0.6324544548988342,0.527561616897583,0.5751484553019206,0.9673248529434204,0.4525129795074463,0.578458023071289,0.048370297998189926,0.6023904800415039,0.7254159927368165,0.9176799654960632,0.456283712387085,0.73717041015625,0.9027222394943237,0.4750487804412842,0.8745473225911459,0.7362335324287415,0.3091799259185791,0.8644732157389323,0.47971782088279724,0.18451266288757323,0.9417488098144531,0.733555793762207,0.16521987915039063,0.9030068079630534,0.5231397151947021,0.6212382793426514,1.0,0.08365559577941895,0.5225807666778565,1.0,0.08850155025720596,0.4161040782928467,0.8864346186319987,0.016945451498031616,0.32113969326019287,0.8313671747843424,0.011653510853648186,0.3308937788009644,0.9649253209431966,0.007352007552981377,0.3490044593811035,0.8886977513631185,0.0065633757039904594
squat,0.4276446342468262,0.511106300354004,0.9345230460166931,0.44851508140563967,0.48852437337239585,0.9525285959243774,0.4314558029174805,0.49203879038492837,0.4523908793926239,0.5221893787384033,0.5220906893412273,0.9276344776153564,0.46199350357055663,0.5291344960530598,0.029303153976798058,0.6167560577392578,0.6659763336181641,0.8966172337532043,0.44272580146789553,0.6874502817789714,0.8499926328659058,0.5868083477020264,0.7634606679280599,0.696357250213623,0.34656007289886476,0.8138109842936198,0.5057216286659241,0.42060174942016604,0.7153959274291992,0.8311776518821716,0.5169700145721435,0.755058224995931,0.6257559061050415,0.6148012161254883,1.0,0.1628187745809555,0.49864840507507324,1.0,0.1432449221611023,0.4259242057800293,0.8326335271199544,0.029926881194114685,0.31170880794525146,0.8055498758951823,0.019152527675032616,0.3487576484680176,0.9158967336018881,0.012729844078421593,0.36274716854095457,0.8455397288004557,0.009997077286243439
squat,0.433064603805542,0.4557599703470866,0.9748215079307556,0.4544683933258057,0.4295282999674479,0.9741930961608887,0.43553571701049804,0.43087898890177406,0.6586732268333435,0.5270936489105225,0.4529160817464193,0.9233505129814148,0.46257634162902833,0.4605796178181966,0.03200080990791321,0.613572072982788,0.6056199391682943,0.9252501130104065,0.44387092590332033,0.6394865036010742,0.941436231136322,0.5896558284759521,0.6837098439534505,0.7877570390701294,0.24486632347106935,0.7619476318359375,0.7408382892608643,0.43904905319213866,0.6570905685424805,0.848545491695404,0.12913844585418702,0.8150231043497721,0.7387092113494873,0.6027830123901368,1.0,0.3033687174320221,0.4950389385223389,1.0,0.34340059757232666,0.4482964038848877,0.8305258433024089,0.05192214250564575,0.3168330192565918,0.7928351084391276,0.04219502583146095,0.3777500867843628,0.9326135635375976,0.016492575407028198,0.32889761924743655,0.8688193639119466,0.015851177275180817
squat,0.4400143623352051,0.4060471534729004,0.9595492482185364,0.46647138595581056,0.38126977284749347,0.9794085621833801,0.4427473068237305,0.37977930704752605,0.6448131799697876,0.5375077724456787,0.40735982259114584,0.9640665054321289,0.46503844261169436,0.39932238260904945,0.06750781089067459,0.6014935493469238,0.554574712117513,0.9831075668334961,0.4404927730560303,0.5827732721964518,0.8077540397644043,0.6008981704711914,0.6122919718424479,0.9233630299568176,0.38710317611694334,0.6892869949340821,0.2632429003715515,0.46295795440673826,0.5951119105021159,0.8681895732879639,0.44150500297546386,0.594371223449707,0.33229637145996094,0.6016910552978516,0.9077636082967122,0.6240922808647156,0.4959587097167969,0.9115113576253255,0.3384752869606018,0.5840105056762696,0.9607305526733398,0.06704569607973099,0.473372220993042,0.937980842590332,0.021888360381126404,0.5962925910949707,0.9650150299072265,0.009680172428488731,0.5851065158843994,0.9086510976155598,0.00494875805452466
squat,0.4453406810760498,0.3376106897989909,0.878211498260498,0.469639253616333,0.3121320406595866,0.9039874076843262,0.450236177444458,0.3092180887858073,0.37020251154899597,0.5356314182281494,0.36293938954671223,0.7777961492538452,0.4789933204650879,0.35431222915649413,0.02718536928296089,0.5723589897155762,0.577342669169108,0.6086609363555908,0.43804593086242677,0.5830546696980794,0.5819079875946045,0.45879306793212893,0.5675214131673177,0.49058791995048523,0.2784391403198242,0.5844132741292317,0.26235657930374146,0.17089834213256835,0.5676069259643555,0.6996139883995056,0.2795065641403198,0.5690638860066731,0.5100091695785522,0.5391557216644287,0.9056050618489583,0.07957404851913452,0.4465829372406006,0.8981178919474284,0.07349424809217453,0.4820896625518799,0.6717206319173177,0.018673883751034737,0.3424387454986572,0.6819107691446941,0.014465952292084694,0.4469742774963379,0.7457078297932943,0.011825946159660816,0.3582136154174805,0.766843605041504,0.010100489482283592
squat,0.4603727340698242,0.27806631724039715,0.9579775333404541,0.4863595962524414,0.2599336306254069,0.9574809074401855,0.4563405513763428,0.25242061614990235,0.6988366842269897,0.5428194046020508,0.2931558926900228,0.9385154843330383,0.4680501937866211,0.2750163714090983,0.15716439485549927,0.6255045890808105,0.4280412991841634,0.9847915172576904,0.4300400733947754,0.4404706637064616,0.9509223103523254,0.6310322284698486,0.4908869425455729,0.9374318718910217,0.36388885974884033,0.5375684102376302,0.7266908884048462,0.48681955337524413,0.4282484690348307,0.8395460247993469,0.3924809694290161,0.41936264038085935,0.6291764974594116,0.6738941669464111,0.9061898549397787,0.677379310131073,0.5450948715209961,0.9058250427246094,0.5633084774017334,0.7050046920776367,0.9261179606119792,0.039423249661922455,0.5737749576568604,0.8571915944417318,0.024204710498452187,0.7110913753509521,0.9852409998575846,0.0038599204272031784,0.7240275382995606,0.8575497309366862,0.0032854618038982153
squat,0.44681472778320314,0.22981974283854167,0.9919313788414001,0.4784609317779541,0.2043645222981771,0.9881675839424133,0.4522401809692383,0.20523881912231445,0.8541727662086487,0.5661837100982666,0.2357507069905599,0.9492723941802979,0.47910151481628416,0.2381113370259603,0.04449056461453438,0.6462973594665528,0.3864384333292643,0.94345623254776,0.477017879486084,0.4260487238566081,0.9798561334609985,0.7016851425170898,0.4061700503031413,0.8003053665161133,0.29936628341674804,0.5033207575480143,0.8863769173622131,0.5447412967681885,0.33802839914957683,0.7923707962036133,0.0721890687942505,0.548608144124349,0.822672963142395,0.6796986579895019,0.9168801625569661,0.5453361868858337,0.5688625335693359,0.9129666646321615,0.6935998201370239,0.5919711589813232,0.9610111236572265,0.03428340703248978,0.48403496742248536,0.9502270380655925,0.047344885766506195,0.63497896194458,0.9880713144938151,0.0031851213425397873,0.6188583850860596,0.9852877298990885,0.0044930363073945045
squat,0.4633951663970947,0.15883461634318033,0.9784160852432251,0.4922518253326416,0.13989639282226562,0.9527994990348816,0.46805591583251954,0.13909171422322592,0.7708307504653931,0.5650955200195312,0.17817150751749675,0.8906630277633667,0.492658805847168,0.17252931594848633,0.11260846257209778,0.6273660659790039,0.3244221051534017,0.940222442150116,0.464963960647583,0.3602903683980306,0.9919629096984863,0.553687858581543,0.3119148890177409,0.8700094223022461,0.31002421379089357,0.433797550201416,0.9691364765167236,0.4192328453063965,0.2749090830485026,0.778834879398346,0.11144733428955078,0.4807711601257324,0.9118286371231079,0.6952886581420898,0.9335679372151693,0.7088619470596313,0.57835693359375,0.9294904708862305,0.8776001930236816,0.611456298828125,1.0,0.012004353106021881,0.4628955364227295,0.9395834604899088,0.02033528871834278,0.7597322463989258,1.0,0.0006577677559107542,0.6818755626678467,0.9430887858072917,0.0011516502127051353
squat,0.4704276084899902,0.11677684783935546,0.9753448963165283,0.5026454448699951,0.09680493672688802,0.9602869749069214,0.4727160453796387,0.0932528813680013,0.6499844193458557,0.5785798072814942,0.14050750732421874,0.9175967574119568,0.4963232040405273,0.1292231877644857,0.08076608926057816,0.6096039772033691,0.2802162488301595,0.9635890126228333,0.48047327995300293,0.33580474853515624,0.9900763630867004,0.4454955101013184,0.24242610931396485,0.9562779664993286,0.3426980972290039,0.44606329600016276,0.9648687839508057,0.2544185400009155,0.21823209126790363,0.8991546034812927,0.1574359655380249,0.48188295364379885,0.9215850234031677,0.6883160591125488,0.9099520365397136,0.8498985767364502,0.5799050807952881,0.915394147237142,0.9161131381988525,0.6147839069366455,1.0,0.015561249107122421,0.4586210250854492,0.9553254445393881,0.01786297932267189,0.7380213260650634,1.0,0.000633619783911854,0.6370684146881104,0.951495107014974,0.0008343024528585374
squat,0.48054981231689453,0.07848488489786784,0.9893561005592346,0.5114955902099609,0.05237592061360677,0.9853518605232239,0.47721047401428224,0.05510355631510417,0.7869053483009338,0.5919349193572998,0.08779503504435221,0.9636192321777344,0.4990027904510498,0.09699134826660157,0.08261743932962418,0.6503815650939941,0.23175732294718424,0.9838564395904541,0.48879337310791016,0.3121836980183919,0.9918661713600159,0.5331724166870118,0.1930065155029297,0.9657956957817078,0.32396788597106935,0.4397870063781738,0.9525724053382874,0.3135091543197632,0.13891445795694987,0.927489697933197,0.14628500938415528,0.4524189631144206,0.9222954511642456,0.7034116744995117,0.8471787770589193,0.8973935842514038,0.5883170604705811,0.8582406997680664,0.9298326373100281,0.6133848190307617,1.0,0.050432950258255005,0.5120816230773926,0.9980953216552735,0.050100479274988174,0.6484629154205322,1.0,0.0012664926471188664,0.639896297454834,1.0,0.0014371249126270413
squat,0.505621862411499,0.05782114664713542,0.9935986995697021,0.5364408969879151,0.03391431172688802,0.991283655166626,0.49787564277648927,0.03189036051432292,0.899019718170166,0.6030221939086914,0.07302675247192383,0.9718837738037109,0.5055675029754638,0.07420132954915365,0.1650046408176422,0.6579428672790527,0.2250869115193685,0.992320716381073,0.4831396102905273,0.28584426244099936,0.9920765161514282,0.5874898433685303,0.2295424779256185,0.9828313589096069,0.3379791259765625,0.42395178476969403,0.9519725441932678,0.36576342582702637,0.16346473693847657,0.9558716416358948,0.16425106525421143,0.4433856964111328,0.9199218153953552,0.6843993186950683,0.8122362772623698,0.9583093523979187,0.5564954280853271,0.818005116780599,0.9594367742538452,0.6695020198822021,1.0,0.07676341384649277,0.5104795455932617,1.0,0.05885951966047287,0.704962968826294,1.0,0.001357985194772482,0.5948936462402343,1.0,0.0012264181859791279
squat,0.5192772388458252,0.06704250971476237,0.9937164187431335,0.551115894317627,0.042338116963704424,0.9910743832588196,0.5108255863189697,0.039343643188476565,0.9034209847450256,0.6156561374664307,0.07852436701456705,0.9694517850875854,0.5150096893310547,0.07686529159545899,0.17908167839050293,0.6590745925903321,0.23052956263224283,0.992672324180603,0.49095563888549804,0.285716978708903,0.9923895001411438,0.5860052585601807,0.2409703572591146,0.9843921661376953,0.3441161155700684,0.4201114018758138,0.9527966976165771,0.35822081565856934,0.1713597615559896,0.9612705111503601,0.16902096271514894,0.4338968276977539,0.9244533181190491,0.6757185935974122,0.8116889953613281,0.9561230540275574,0.5538740634918213,0.8170795440673828,0.9556099772453308,0.6545372009277344,1.0,0.07611621171236038,0.517212200164795,1.0,0.056072186678647995,0.6830458641052246,1.0,0.0013672795612365007,0.6037520408630371,1.0,0.001175193814560771
squat,0.5220358848571778,0.07034101486206054,0.995446503162384,0.5526395797729492,0.04674530029296875,0.9925509691238403,0.5143532276153564,0.04795201619466146,0.9372632503509521,0.6192469120025634,0.08540852864583333,0.9651719927787781,0.5205786228179932,0.0927074114481608,0.21277619898319244,0.6614002704620361,0.23487262725830077,0.9903725385665894,0.4973735332489014,0.29644254048665364,0.9936079978942871,0.5975462436676026,0.2388319969177246,0.9772307276725769,0.344942045211792,0.421583366394043,0.9614474773406982,0.4064780235290527,0.16267868677775066,0.9514003396034241,0.17470061779022217,0.4277452786763509,0.9326736927032471,0.6738350868225098,0.8033233642578125,0.9425327181816101,0.5543374061584473,0.8128852208455404,0.9521615505218506,0.6447096347808838,1.0,0.0667433813214302,0.5031233310699463,1.0,0.057200837880373,0.6962288379669189,1.0,0.0013490892015397549,0.5997066020965576,1.0,0.0012733719777315855
squat,0.5271431922912597,0.07019179662068685,0.9952157735824585,0.5593117713928223,0.049851608276367185,0.9921790361404419,0.5209047794342041,0.046132596333821614,0.9351403117179871,0.6236515045166016,0.09367125829060872,0.9646583199501038,0.5253086566925049,0.0895835558573405,0.21000368893146515,0.6618381023406983,0.24139283498128256,0.9908729791641235,0.4979279041290283,0.2930103619893392,0.9932382106781006,0.608836030960083,0.23597002029418945,0.9793734550476074,0.3466200351715088,0.4096678098042806,0.9611898064613342,0.41624202728271487,0.14524946212768555,0.9582114219665527,0.17271063327789307,0.4174883524576823,0.9365772604942322,0.6683399200439453,0.7946216583251953,0.9526196718215942,0.5500669479370117,0.7995361963907878,0.9585115313529968,0.6378957748413085,1.0,0.08702828735113144,0.4967936992645264,1.0,0.07229159772396088,0.6724766731262207,1.0,0.0016977472696453333,0.581833028793335,1.0,0.0015458747511729598
squat,0.5311314582824707,0.07560542424519857,0.9950876832008362,0.5625799655914306,0.05591602325439453,0.9919049739837646,0.5268840312957763,0.05281473795572917,0.9326256513595581,0.6284666061401367,0.09977362950642904,0.9627048969268799,0.5346349239349365,0.09723564783732096,0.19618824124336243,0.6684940338134766,0.24402186075846355,0.9891967177391052,0.5039522171020507,0.3000812530517578,0.9929840564727783,0.6112526416778564,0.22272195816040039,0.9759883284568787,0.3453558921813965,0.4069581667582194,0.9611283540725708,0.4222720623016357,0.13204838434855143,0.9546178579330444,0.1700974225997925,0.40708255767822266,0.9370905756950378,0.6697482109069824,0.790600840250651,0.9450302124023438,0.5513593673706054,0.7959386825561523,0.954496443271637,0.6352548599243164,1.0,0.08231768012046814,0.48963222503662107,1.0,0.0712372288107872,0.6705326080322266,1.0,0.0016742032021284103,0.5724025249481202,1.0,0.0015741805545985699
squat,0.5354860305786133,0.07735954920450847,0.9942660927772522,0.5660654067993164,0.05851751963297526,0.9906361699104309,0.5336826324462891,0.05496495564778646,0.9158391952514648,0.6319124698638916,0.10238857269287109,0.9605371356010437,0.5450911045074462,0.09846413930257161,0.16414187848567963,0.6716736793518067,0.24730472564697265,0.9891573190689087,0.5111510276794433,0.30037593841552734,0.9922055602073669,0.6152302742004394,0.2216018040974935,0.9784095883369446,0.3480068206787109,0.4020388921101888,0.95941561460495,0.4277827262878418,0.12203585306803386,0.9583972692489624,0.17283186912536622,0.3990196228027344,0.9347879886627197,0.6692459106445312,0.7972400029500325,0.9484976530075073,0.553267240524292,0.8010940551757812,0.9547700881958008,0.6374856948852539,1.0,0.08358219265937805,0.49083170890808103,1.0,0.06813956797122955,0.6788667201995849,1.0,0.0016588886501267552,0.5744550704956055,1.0,0.0014961829874664545
squat,0.5341840267181397,0.07769333521525065,0.9942979216575623,0.5651310920715332,0.06008211771647135,0.9901856184005737,0.5334689617156982,0.05598360697428385,0.9183461666107178,0.633326244354248,0.10697927474975585,0.9553233981132507,0.5457700729370117,0.10214223861694335,0.15121911466121674,0.677469539642334,0.25091997782389325,0.9872112274169922,0.5074141502380372,0.3055457433064779,0.9924686551094055,0.6435610294342041,0.22099167505900066,0.9719798564910889,0.3240450382232666,0.4042742093404134,0.9605713486671448,0.47577533721923826,0.1103965441385905,0.9492703676223755,0.15719919204711913,0.37697474161783856,0.9334222674369812,0.6748907089233398,0.8069291432698568,0.9406571984291077,0.5555644989013672,0.8125686645507812,0.9517659544944763,0.6373673439025879,1.0,0.07153068482875824,0.4967810153961182,1.0,0.06223456561565399,0.6648931503295898,1.0,0.0014558640541508794,0.5846194267272949,1.0,0.0013704670127481222
squat,0.5388964653015137,0.07517709732055664,0.9865024089813232,0.5756239414215087,0.05946184794108073,0.9798381328582764,0.5343762397766113,0.050558853149414065,0.780242919921875,0.6484387874603271,0.11865351994832357,0.926230251789093,0.5387678623199463,0.10165573755900065,0.07553966343402863,0.660222053527832,0.2587666193644206,0.9811080098152161,0.5022988796234131,0.31247145334879556,0.9853562712669373,0.5597548961639405,0.1763960043589274,0.9827719330787659,0.3235328674316406,0.4054491360982259,0.9470716714859009,0.37793817520141604,0.07507759730021159,0.9730451703071594,0.1761094331741333,0.3960420608520508,0.9378636479377747,0.6680922985076905,0.8396970748901367,0.9516602158546448,0.5456594944000244,0.8456021626790364,0.9499412178993225,0.613129997253418,1.0,0.0450606532394886,0.4466609001159668,0.9720146814982097,0.027340129017829895,0.6528839111328125,1.0,0.0011891326867043972,0.5582480430603027,0.962017567952474,0.0008762550423853099
squat,0.5410274028778076,0.06947797139485677,0.9836307764053345,0.5761609554290772,0.05678119659423828,0.9776008129119873,0.5367544651031494,0.04946349461873372,0.7379854321479797,0.6447101593017578,0.1187188466389974,0.9315187931060791,0.5408134460449219,0.10539388656616211,0.06804897636175156,0.660188865661621,0.2537033716837565,0.9832642674446106,0.49884281158447263,0.31485188802083336,0.9819716811180115,0.5640712261199952,0.1641272226969401,0.9856464266777039,0.3213936805725098,0.40409440994262696,0.9286636710166931,0.3748362064361572,0.05692424774169922,0.9746021032333374,0.17087464332580565,0.3827724774678548,0.9174664616584778,0.6689645767211914,0.8343007405598958,0.954056441783905,0.5461940765380859,0.8443262736002605,0.9434187412261963,0.6118795871734619,1.0,0.04561316967010498,0.4518317222595215,0.9846835454305013,0.022854527458548546,0.6651188373565674,1.0,0.001059725764207542,0.5829163551330566,0.9841325759887696,0.000682711717672646
squat,0.5410574436187744,0.07085704803466797,0.9925744533538818,0.5807925224304199,0.057682037353515625,0.9894989728927612,0.5331518173217773,0.04618085225423177,0.8798850178718567,0.6487815380096436,0.12385889689127604,0.9480001926422119,0.5292707443237304,0.10114669799804688,0.12423847615718842,0.6499604701995849,0.26029052734375,0.9856312274932861,0.4952564716339111,0.3191390037536621,0.9873088002204895,0.5494148254394531,0.1589771588643392,0.9844151139259338,0.32806811332702634,0.40544376373291013,0.9384089112281799,0.3617377281188965,0.05656763712565104,0.9728838205337524,0.16576263904571534,0.3835115114847819,0.9283154010772705,0.6671291828155518,0.8399274190266927,0.9451421499252319,0.5472538471221924,0.8502037048339843,0.938110888004303,0.6136977195739746,1.0,0.039017438888549805,0.45471415519714353,0.9801564534505208,0.021377235651016235,0.6546812534332276,1.0,0.001024722121655941,0.5790236473083497,0.9782080332438151,0.0006959606544114649
squat,0.546312665939331,0.07180194854736328,0.9958217144012451,0.5862303256988526,0.0548617680867513,0.9930874705314636,0.5292421817779541,0.044596163431803386,0.9528303742408752,0.6448703289031983,0.11669076283772786,0.9500855207443237,0.51146559715271,0.09779059092203776,0.32549527287483215,0.6413318634033203,0.2534147580464681,0.9885127544403076,0.4817319869995117,0.31278883616129555,0.993398904800415,0.5309624671936035,0.16617263158162435,0.9822174906730652,0.3248908281326294,0.41011117299397787,0.9591816067695618,0.3417841911315918,0.06293621063232421,0.9652037620544434,0.16848399639129638,0.38632818857828777,0.9444824457168579,0.6678725242614746,0.8325354894002278,0.9551849365234375,0.544491958618164,0.845160166422526,0.9586647748947144,0.6178313732147217,1.0,0.050017550587654114,0.45928077697753905,0.9849398295084636,0.03420434892177582,0.6488521575927735,1.0,0.0014095555525273085,0.5712788581848145,0.9898519515991211,0.0011000779923051596
squat,0.5405160903930664,0.08102833429972331,0.9964258074760437,0.5738883972167969,0.06370760599772135,0.9904224872589111,0.5211659908294678,0.05764853159586589,0.9844600558280945,0.6208561420440674,0.11837762196858724,0.8980724215507507,0.5005419731140137,0.11221726735432942,0.6065595149993896,0.6500288963317871,0.262519105275472,0.9546186327934265,0.4684744834899902,0.32083559036254883,0.995187520980835,0.623541784286499,0.19456472396850585,0.8436443209648132,0.3103358745574951,0.3837048848470052,0.9736191034317017,0.5302574634552002,0.13598445256551106,0.7690296769142151,0.12745420932769774,0.3627394358317057,0.9387324452400208,0.6747460842132569,0.8167065938313802,0.853878378868103,0.5496716022491455,0.8282711029052734,0.943390429019928,0.6369730949401855,1.0,0.044666584581136703,0.48436641693115234,1.0,0.07987070083618164,0.6545193672180176,1.0,0.0018440262647345662,0.5698171138763428,1.0,0.0028613952454179525
squat,0.5474916458129883,0.1340274175008138,0.9764885902404785,0.567213773727417,0.11208651860555013,0.8733040690422058,0.5289864063262939,0.10202449162801107,0.92181795835495,0.5851851463317871,0.1494258244832357,0.448591023683548,0.5017529487609863,0.13274291356404622,0.5417579412460327,0.6390524864196777,0.33664194742838544,0.8929084539413452,0.4687382698059082,0.3323530197143555,0.991040050983429,0.6766860485076904,0.339558474222819,0.7107697129249573,0.3265789031982422,0.3548792839050293,0.9734711050987244,0.599641990661621,0.19147186279296874,0.6453267931938171,0.1613595724105835,0.2662126859029134,0.9381564855575562,0.6953174591064453,0.9208961486816406,0.6597209572792053,0.5881157398223877,0.9075178782145182,0.8727310299873352,0.6360457420349122,1.0,0.025136319920420647,0.5466776847839355,0.9461073557535807,0.058675434440374374,0.6381991386413575,1.0,0.0019164353143423796,0.635071849822998,0.9403462727864583,0.0037226455751806498
squat,0.5209934711456299,0.19630746841430663,0.9512677192687988,0.548608922958374,0.1631362279256185,0.8912605047225952,0.49644041061401367,0.15928436915079752,0.9031667113304138,0.5869171619415283,0.2000819683074951,0.5755605697631836,0.46901779174804686,0.19372819264729818,0.5478717088699341,0.6616303443908691,0.4409013748168945,0.9037238359451294,0.42345380783081055,0.43465461730957033,0.9268456101417542,0.6935877323150634,0.6832927703857422,0.28576672077178955,0.4344362258911133,0.6711802800496419,0.4702431857585907,0.6397139072418213,0.4168237686157227,0.3008561432361603,0.497359561920166,0.37820421854654945,0.4539491534233093,0.6598891735076904,0.9470883051554362,0.17271238565444946,0.513858699798584,0.9415009816487631,0.22547240555286407,0.6928469657897949,1.0,0.009277177974581718,0.5779444217681885,0.9180845896402995,0.01326238177716732,0.7296507358551025,1.0,0.001719675143249333,0.7408498764038086,0.9078465143839518,0.0023403295781463385
squat,0.48926634788513185,0.30689430236816406,0.9360576868057251,0.5172786235809326,0.2850390752156576,0.8956427574157715,0.4818920135498047,0.272102419535319,0.7251684665679932,0.5737486839294433,0.3375211397806803,0.7792562246322632,0.48629097938537597,0.3092704137166341,0.18429815769195557,0.6385732650756836,0.5804951985677084,0.8669811487197876,0.4514430522918701,0.5057500203450521,0.9524020552635193,0.6936373710632324,0.7035243352254231,0.4010778069496155,0.2993752956390381,0.5446128209431966,0.7356407046318054,0.6476264476776123,0.48619696299235027,0.40836039185523987,0.17905871868133544,0.46326917012532554,0.6366280317306519,0.6261350631713867,0.9037022908528646,0.24205182492733002,0.5232667922973633,0.8655872344970703,0.39202800393104553,0.5951218128204345,0.9956703186035156,0.017355777323246002,0.5344905853271484,0.9290676116943359,0.03262493386864662,0.6077816963195801,0.9256711959838867,0.0023006859701126814,0.6230639934539794,0.8717142740885416,0.003911017440259457
squat,0.46260643005371094,0.4051698684692383,0.8848211765289307,0.4878102779388428,0.36875038146972655,0.8760460019111633,0.4673792362213135,0.366842524210612,0.5275638699531555,0.5604419708251953,0.4174482345581055,0.7625964879989624,0.5039704799652099,0.4117182413736979,0.09738846868276596,0.57314453125,0.7167660395304362,0.4618009626865387,0.46840481758117675,0.6801869710286458,0.7537403702735901,0.4409529209136963,0.6621726989746094,0.12151933461427689,0.3265009641647339,0.5916514714558919,0.23610876500606537,0.2158409595489502,0.5901528040568034,0.2509670853614807,0.2202272891998291,0.5947683970133464,0.36072754859924316,0.4909550666809082,0.9283971150716146,0.013357340358197689,0.4449629783630371,0.8970040639241537,0.02460773102939129,0.46110782623291013,0.7513648986816406,0.005721041467040777,0.4462295055389404,0.6760022481282552,0.009003262966871262,0.5122241973876953,0.7315951029459635,0.006113175768405199,0.5518705368041992,0.655018170674642,0.009197711944580078
squat,0.4681082725524902,0.5032942771911622,0.8878586888313293,0.49638214111328127,0.4621863047281901,0.9151480197906494,0.45734710693359376,0.46727991104125977,0.6803711652755737,0.5649208068847656,0.4847210566202799,0.7973266243934631,0.4588212490081787,0.49497365951538086,0.13778166472911835,0.6360608100891113,0.6881345748901367,0.5629040002822876,0.39723968505859375,0.6899607340494792,0.6530673503875732,0.5756665229797363,0.699656867980957,0.13943783938884735,0.27240924835205077,0.6846010208129882,0.15596264600753784,0.278079891204834,0.6718818028767903,0.29522037506103516,0.3420686960220337,0.6676383972167969,0.28014373779296875,0.5427136421203613,0.9088924407958985,0.022125108167529106,0.3990450382232666,0.8900438944498698,0.026742486283183098,0.47060270309448243,0.6723590850830078,0.010674902237951756,0.31444563865661623,0.6283870697021484,0.01176208071410656,0.4349548816680908,0.7434101104736328,0.013170481659471989,0.4001255989074707,0.6822694142659506,0.01503695733845234
squat,0.47292470932006836,0.5787987391153971,0.969141960144043,0.5042213439941406,0.5467517852783204,0.9653412699699402,0.4570579528808594,0.5421798706054688,0.9397290349006653,0.5590658187866211,0.5782025655110677,0.7957748174667358,0.4402803421020508,0.5650590260823568,0.5559266209602356,0.6100550174713135,0.7724468231201171,0.7276332974433899,0.3637761354446411,0.7511979420979817,0.8448302745819092,0.6209662437438965,0.7738248825073242,0.1426461637020111,0.2695032596588135,0.7657071431477864,0.273949533700943,0.4807714939117432,0.6922049840291341,0.34029555320739746,0.472669792175293,0.7138024648030599,0.43360161781311035,0.5149723529815674,1.0,0.032579854130744934,0.373079514503479,0.9916057586669922,0.042338453233242035,0.43198370933532715,0.8000316619873047,0.013302446343004704,0.30991549491882325,0.7652730305989583,0.016438104212284088,0.3569084405899048,0.8600000381469727,0.014390429481863976,0.4059478759765625,0.8071446736653646,0.016306409612298012
squat,0.46848106384277344,0.6343919118245442,0.9867058396339417,0.5034456729888916,0.6042013168334961,0.9916501045227051,0.45293731689453126,0.5990976969401042,0.9318084120750427,0.5714208602905273,0.6363139470418294,0.9441433548927307,0.44035935401916504,0.6276664733886719,0.1701885312795639,0.6243646621704102,0.7886034647623698,0.7945520281791687,0.43761610984802246,0.7789276758829753,0.8908798098564148,0.5381176948547364,0.8763258616129558,0.3215292990207672,0.2943869590759277,0.8275714874267578,0.4463338851928711,0.18837597370147705,0.8261428197224935,0.5129331946372986,0.15708367824554442,0.8397574106852214,0.5507381558418274,0.575020694732666,0.9948961893717448,0.04589500650763512,0.4494657516479492,0.9582771301269531,0.07427762448787689,0.4220980167388916,0.8435871124267578,0.011372946202754974,0.26055164337158204,0.8045955022176107,0.01462605781853199,0.3132511615753174,0.846487553914388,0.007201211992651224,0.24664487838745117,0.8262840270996094,0.00938328169286251
squat,0.46909127235412595,0.6828058242797852,0.991008460521698,0.5075705528259278,0.6470954259236653,0.9914097189903259,0.44962453842163086,0.6440335591634114,0.9314621090888977,0.57822265625,0.6734725952148437,0.9559369683265686,0.4367989540100098,0.6650824864705404,0.24698853492736816,0.6062612056732177,0.8188255945841472,0.9109757542610168,0.4584473133087158,0.8128883361816406,0.9648209810256958,0.4670858383178711,0.877252705891927,0.7035816311836243,0.34396090507507326,0.84114990234375,0.8011514544487,0.16955485343933105,0.8772635142008464,0.7908700108528137,0.17911298274993898,0.8645313262939454,0.8447485566139221,0.6142701148986817,1.0,0.07041700929403305,0.5061051368713378,1.0,0.1254800260066986,0.4690860748291016,0.8792811075846354,0.0074392687529325485,0.3316305637359619,0.8336851755777995,0.009831173345446587,0.42719545364379885,0.9277916590372721,0.003479622770100832,0.37346477508544923,0.8838040669759114,0.004615557845681906
squat,0.4721526622772217,0.6917158762613932,0.9875795245170593,0.5057228088378907,0.6657439549763997,0.9900264739990234,0.4546647071838379,0.6627332687377929,0.9060490727424622,0.5675278663635254,0.699881108601888,0.9544152021408081,0.4398397445678711,0.6953447341918946,0.16734281182289124,0.6116653442382812,0.828245735168457,0.8904082179069519,0.45142397880554197,0.8279329935709635,0.9282960891723633,0.5147376537322998,0.877583376566569,0.6904456615447998,0.3504032135009766,0.8410691579182943,0.6722270250320435,0.2340994119644165,0.906390126546224,0.8298234343528748,0.21087298393249512,0.8626887003580729,0.7862432599067688,0.5949155330657959,1.0,0.09400273114442825,0.48566527366638185,1.0,0.1263827085494995,0.42292423248291017,0.8982581456502279,0.020529640838503838,0.2984631061553955,0.8494415283203125,0.019602209329605103,0.3415811538696289,0.9767099380493164,0.00995873473584652,0.3270734786987305,0.9306151707967122,0.010551036335527897
squat,0.4683072566986084,0.6856124242146809,0.9882828593254089,0.5028306007385254,0.6592562357584636,0.9910815954208374,0.4523157119750977,0.6551303863525391,0.8958539366722107,0.5663166999816894,0.690845235188802,0.96189945936203,0.43833274841308595,0.6845152537027995,0.12342644482851028,0.6104224681854248,0.814055061340332,0.9115778207778931,0.45714426040649414,0.820313835144043,0.9290207028388977,0.532477855682373,0.8662682851155599,0.7535585761070251,0.3576676368713379,0.841747538248698,0.6849527359008789,0.24808764457702637,0.9148310979207357,0.8649612665176392,0.20125839710235596,0.8661488215128581,0.78842693567276,0.589560604095459,1.0,0.12809306383132935,0.4853031635284424,1.0,0.15536782145500183,0.4012185573577881,0.9129341125488282,0.022963229566812515,0.28806796073913576,0.8715049743652343,0.01954108476638794,0.30228171348571775,0.975685183207194,0.009325699880719185,0.30492324829101564,0.9407405217488607,0.008993708528578281
squat,0.4668692111968994,0.6713214874267578,0.9893448948860168,0.5013708114624024,0.6384520848592122,0.9882091283798218,0.44821391105651853,0.6359183629353841,0.9231746196746826,0.5662853717803955,0.6662055333455403,0.934593677520752,0.43622360229492185,0.6612457275390625,0.23703601956367493,0.5953965663909913,0.8151183446248372,0.8773587942123413,0.456361198425293,0.8035100936889649,0.9609407186508179,0.4555057525634766,0.880488395690918,0.64920973777771,0.3676367521286011,0.829012934366862,0.8117499947547913,0.21956861019134521,0.8968684514363606,0.7921030521392822,0.22534651756286622,0.8538033803304036,0.8613062500953674,0.5946827411651612,1.0,0.10067985206842422,0.4970405101776123,1.0,0.1863240748643875,0.43486361503601073,0.9377569834391276,0.018578067421913147,0.326613450050354,0.8670696258544922,0.02557085081934929,0.38998606204986574,1.0,0.008447004482150078,0.36133532524108886,0.9246504465738933,0.011773765087127686
squat,0.46567606925964355,0.6594750086466471,0.9857777953147888,0.4989903926849365,0.6239301681518554,0.9920118451118469,0.44524121284484863,0.6236011505126953,0.8663187623023987,0.5670567512512207,0.6509179433186849,0.9603418111801147,0.434415864944458,0.6529018402099609,0.12443001568317413,0.5956702709197998,0.807383410135905,0.8696132898330688,0.4473104476928711,0.815947151184082,0.8764423131942749,0.4201897144317627,0.8501359939575195,0.6643717885017395,0.3165905475616455,0.8555898030598958,0.43233540654182434,0.1657811164855957,0.8659128189086914,0.7596997618675232,0.18826735019683838,0.8649719874064128,0.6080591678619385,0.6019932746887207,1.0,0.07122788578271866,0.498033332824707,1.0,0.07671123743057251,0.44092540740966796,0.9286716461181641,0.017880816012620926,0.3205710887908936,0.8724793752034505,0.012846780009567738,0.371649169921875,0.9968715031941732,0.010020606219768524,0.3321667671203613,0.9206811904907226,0.008992616087198257
squat,0.46668272018432616,0.6556816736857096,0.9871671795845032,0.5013076782226562,0.6250217437744141,0.9903020262718201,0.44987974166870115,0.6228448867797851,0.8855939507484436,0.5660892009735108,0.6570148468017578,0.9539985060691833,0.4389601707458496,0.6534944534301758,0.14261004328727722,0.5954376697540283,0.79868590037028,0.8983932733535767,0.4521540641784668,0.8083709716796875,0.9178137183189392,0.4612601280212402,0.8431787490844727,0.7295353412628174,0.3599691390991211,0.8418062210083008,0.5925490856170654,0.22455615997314454,0.8611634572347006,0.820625901222229,0.21639509201049806,0.8377926508585612,0.7172765731811523,0.6004915714263916,1.0,0.10650856047868729,0.500216007232666,1.0,0.12312965840101242,0.4524343490600586,0.9301631291707356,0.02289884351193905,0.33551194667816164,0.8739658991495768,0.018123235553503036,0.41856703758239744,0.992962900797526,0.0108497841283679,0.3879549980163574,0.9246867497762045,0.010415698401629925
squat,0.4694709777832031,0.6673568725585938,0.9897472858428955,0.5100090503692627,0.6368326187133789,0.9896106719970703,0.45108871459960936,0.6303248723347982,0.9319136738777161,0.5758606910705566,0.6743053436279297,0.947460949420929,0.43578310012817384,0.656668217976888,0.27715152502059937,0.6002065181732178,0.8144776026407877,0.9029120206832886,0.4495851516723633,0.8115970611572265,0.9605487585067749,0.4717778205871582,0.8522481282552083,0.6804606318473816,0.3720909595489502,0.835733159383138,0.7681896686553955,0.21851785182952882,0.8518352508544922,0.7600685954093933,0.22216997146606446,0.8343775431315105,0.802870512008667,0.6202183723449707,1.0,0.07548452168703079,0.5105819225311279,1.0,0.12627945840358734,0.4877945423126221,0.9003589630126954,0.008135883137583733,0.3388357639312744,0.8378534952799479,0.009867269545793533,0.48666996955871583,0.9600659052530924,0.004132662899792194,0.42829222679138185,0.8881577809651693,0.005293612834066153
squat,0.4769762992858887,0.6814635594685873,0.9855319857597351,0.5097256660461426,0.650707499186198,0.9883362650871277,0.4600043773651123,0.647177251180013,0.8955265879631042,0.5714122772216796,0.6808154424031575,0.921694278717041,0.4495985507965088,0.6720602671305339,0.20424509048461914,0.5797359466552734,0.8234701156616211,0.843249499797821,0.4541755676269531,0.8187392552693685,0.9060326814651489,0.404835844039917,0.8494736989339192,0.6330285668373108,0.3398524522781372,0.8400108337402343,0.5525184273719788,0.23420498371124268,0.8682613372802734,0.7256945967674255,0.2400489330291748,0.8527578989664714,0.6825442314147949,0.6077166557312011,1.0,0.0888058990240097,0.5174231052398681,1.0,0.11233827471733093,0.4874080181121826,0.9553967793782552,0.021373670548200607,0.375151252746582,0.897726313273112,0.018543783575296402,0.4729776859283447,1.0,0.011835557408630848,0.4207033157348633,0.9327884674072265,0.01218643318861723
squat,0.48026018142700194,0.6842123667399088,0.9865180850028992,0.5127749443054199,0.6573337554931641,0.9884927868843079,0.4643717765808105,0.6544461568196615,0.8979625105857849,0.5731913566589355,0.6915810267130534,0.9326858520507812,0.45363750457763674,0.6848053614298503,0.18651491403579712,0.5925355911254883,0.8281763712565104,0.8708648085594177,0.4609102249145508,0.8237695058186849,0.915006160736084,0.4487325668334961,0.8607309341430665,0.6849647760391235,0.36031398773193357,0.835580571492513,0.6044183969497681,0.24583024978637696,0.8723211924235026,0.7928990125656128,0.24293324947357178,0.8493466059366862,0.7312231659889221,0.6075536251068115,1.0,0.09583422541618347,0.5141433715820313,1.0,0.11887353658676147,0.47549123764038087,0.9360647201538086,0.022926172241568565,0.3636053800582886,0.882603136698405,0.019686169922351837,0.4577885627746582,1.0,0.011928390711545944,0.42054052352905275,0.9369568506876628,0.012122378684580326
squat,0.4829679489135742,0.678359858194987,0.987066924571991,0.5168996810913086,0.6505545298258464,0.9880141615867615,0.4674038887023926,0.646290143330892,0.9047986268997192,0.5763083934783936,0.6838423411051432,0.9296225309371948,0.4548140048980713,0.6742014567057292,0.18759353458881378,0.5947769165039063,0.8196484883626302,0.8756628036499023,0.4658961296081543,0.818127695719401,0.9215229749679565,0.4720047950744629,0.8551097869873047,0.6915281414985657,0.3805945634841919,0.8339721043904622,0.6385828256607056,0.26089749336242674,0.8706094741821289,0.8077198266983032,0.2528575658798218,0.848399543762207,0.7553379535675049,0.6082684516906738,1.0,0.10319402813911438,0.517682409286499,1.0,0.13060437142848969,0.48058037757873534,0.9339855194091797,0.023522257804870605,0.37690138816833496,0.8862195332845052,0.021098995581269264,0.46141481399536133,0.9897350947062175,0.011791069991886616,0.43804259300231935,0.9372487386067708,0.012249649502336979
squat,0.4830318927764893,0.6711193084716797,0.9816774129867554,0.5175216674804688,0.6414010365804036,0.9887363314628601,0.4664145946502686,0.6381472269694011,0.8591998815536499,0.5775879859924317,0.6735253016153971,0.9632571935653687,0.4541532039642334,0.6666328430175781,0.15726357698440552,0.6112193107604981,0.8159683227539063,0.9221211671829224,0.4584846019744873,0.8295220692952474,0.8897177577018738,0.48684868812561033,0.8543709437052409,0.7458640933036804,0.3824458122253418,0.8669041315714519,0.4235963523387909,0.2452787160873413,0.8581873575846354,0.7749229669570923,0.24032692909240722,0.8406017303466797,0.5361559987068176,0.6173990726470947,1.0,0.11685024201869965,0.5140824317932129,1.0,0.10370738059282303,0.48711223602294923,0.9444321950276693,0.026767656207084656,0.366482138633728,0.882896614074707,0.016546539962291718,0.47304697036743165,1.0,0.013705402612686157,0.4457231998443604,0.9310850143432617,0.011233295314013958
squat,0.4838540554046631,0.6671764373779296,0.9812740683555603,0.5183401107788086,0.637213134765625,0.9887756109237671,0.4665471076965332,0.6351664225260417,0.8567050099372864,0.5777198314666748,0.6697882334391276,0.9650728106498718,0.45304079055786134,0.6663834889729817,0.14462946355342865,0.615268325805664,0.8103825251261393,0.922835111618042,0.46196470260620115,0.8341016133626302,0.8819730281829834,0.5082349300384521,0.8499187469482422,0.7429590225219727,0.3973205089569092,0.8788691838582356,0.4012592136859894,0.2574154376983643,0.8571794509887696,0.7841396927833557,0.25374660491943357,0.8425791422526042,0.5216503143310547,0.6168733596801758,1.0,0.11515820026397705,0.5145689010620117,1.0,0.09846606105566025,0.47478575706481935,0.934779167175293,0.027755189687013626,0.36146843433380127,0.881183369954427,0.01655922457575798,0.4503168106079102,0.9931438446044922,0.01444929838180542,0.4396688938140869,0.927694829305013,0.011428694240748882
squat,0.4844828605651855,0.6662564595540365,0.9887279272079468,0.52155442237854,0.6386549631754558,0.9894635677337646,0.4699560642242432,0.6324827829996745,0.9080263376235962,0.5835601329803467,0.6737238566080729,0.9302040338516235,0.45690326690673827,0.6596268971761068,0.14690536260604858,0.5985933780670166,0.7939990361531576,0.8786044716835022,0.4774660110473633,0.807946523030599,0.9079981446266174,0.49948821067810056,0.8430197397867839,0.7093431353569031,0.4128440856933594,0.8564114888509115,0.6082128882408142,0.2699265003204346,0.8565675735473632,0.8273309469223022,0.26598296165466306,0.8382202784220377,0.7412686347961426,0.6123634815216065,1.0,0.07891936600208282,0.5230247020721436,1.0,0.09070315212011337,0.4942181587219238,0.8863932291666666,0.016700129956007004,0.382167649269104,0.8549683888753256,0.01396450586616993,0.4552446365356445,0.9507245381673177,0.008840559050440788,0.4378819465637207,0.9239148457845052,0.008700643666088581
squat,0.4865722179412842,0.6720844268798828,0.9883910417556763,0.523710823059082,0.6467002868652344,0.9899029731750488,0.4740614891052246,0.6405081431070964,0.8996638655662537,0.586811637878418,0.6845687866210938,0.936725378036499,0.46271457672119143,0.6700950622558594,0.12358774244785309,0.6034224033355713,0.8006145477294921,0.8909183144569397,0.48017520904541017,0.8167986551920573,0.8922170996665955,0.5155343532562255,0.8473512649536132,0.7416897416114807,0.4177358150482178,0.8622070948282877,0.5572629570960999,0.2738659858703613,0.8574527104695638,0.846481442451477,0.26718759536743164,0.8397540410359701,0.7070642709732056,0.6096257209777832,1.0,0.08435076475143433,0.5186647891998291,1.0,0.08411470800638199,0.49938316345214845,0.8822692235310873,0.01771707832813263,0.38087873458862304,0.8570650100708008,0.012951062060892582,0.4645848274230957,0.9457303365071614,0.009060939773917198,0.44322824478149414,0.9305397669474283,0.008121242746710777
squat,0.48991847038269043,0.6794340133666992,0.9811848998069763,0.5236327648162842,0.6514134089152018,0.9888090491294861,0.4759983062744141,0.647471300760905,0.8438330888748169,0.5827145576477051,0.6828238169352213,0.9661468863487244,0.4648231029510498,0.6751263936360677,0.130740687251091,0.6237422943115234,0.8183642705281575,0.9359195828437805,0.4652531147003174,0.8455551147460938,0.878000020980835,0.5301431179046631,0.8519673665364583,0.7742706537246704,0.4034243583679199,0.898050053914388,0.36902451515197754,0.28415164947509763,0.8583153406778972,0.8164576292037964,0.2771815299987793,0.8528836568196615,0.5086289644241333,0.6233958721160888,1.0,0.12228316068649292,0.5201158046722412,1.0,0.09208028763532639,0.48749690055847167,0.9360176086425781,0.032122477889060974,0.3758362054824829,0.8811714172363281,0.01698749139904976,0.45474948883056643,1.0,0.016165517270565033,0.4615181446075439,0.9341093063354492,0.011885875836014748
squat,0.4933286190032959,0.6758031209309896,0.982402503490448,0.5261829376220704,0.6483650207519531,0.9883254766464233,0.47847533226013184,0.6444811503092448,0.8721470832824707,0.5839993476867675,0.6804196675618489,0.9600300192832947,0.4662285327911377,0.6729019165039063,0.17071206867694855,0.6248376846313477,0.8231505711873373,0.9204816818237305,0.46265397071838377,0.8391470591227214,0.8953565359115601,0.5264182090759277,0.8542800267537435,0.7202410101890564,0.3872640132904053,0.8733644485473633,0.4349113404750824,0.285573673248291,0.8652690251668295,0.7836012244224548,0.26656103134155273,0.8464160919189453,0.5663129687309265,0.6209897041320801,1.0,0.11076491326093674,0.5156615734100342,1.0,0.10068778693675995,0.48674540519714354,0.936013666788737,0.028094831854104996,0.3700129270553589,0.8776118596394856,0.01807992346584797,0.4547060489654541,1.0,0.014623432420194149,0.4500560283660889,0.9328544616699219,0.012193984352052212
squat,0.49319167137145997,0.672812016805013,0.9829329252243042,0.5269278049468994,0.643680191040039,0.9892250895500183,0.47928709983825685,0.6407582600911458,0.8586413264274597,0.587466049194336,0.6743389129638672,0.9640277624130249,0.46823840141296386,0.6690117518107096,0.13263247907161713,0.628863525390625,0.8167154947916667,0.9301314353942871,0.46761107444763184,0.8426007588704427,0.8817063570022583,0.5412381649017334,0.8498793919881185,0.7592313885688782,0.40105586051940917,0.8869806925455729,0.3945857286453247,0.2936249256134033,0.865773328145345,0.8248564600944519,0.27694010734558105,0.8536479949951172,0.5511063933372498,0.6210665225982666,1.0,0.1125396192073822,0.5170453071594239,1.0,0.0897010788321495,0.485031795501709,0.9252732594807943,0.02975783497095108,0.37393884658813475,0.8755711873372396,0.01674802415072918,0.45324339866638186,0.9940913518269857,0.01521480455994606,0.459867525100708,0.9345513661702474,0.011542312800884247
squat,0.49231643676757814,0.6722242991129558,0.9824833869934082,0.5262151718139648,0.6430559158325195,0.9887195229530334,0.4785943031311035,0.6390017827351888,0.8623628616333008,0.5864146709442138,0.6735040028889974,0.9618977308273315,0.4676061153411865,0.6655338287353516,0.14487244188785553,0.6270606517791748,0.8156460444132487,0.924942135810852,0.46603102684020997,0.8392542521158854,0.8872518539428711,0.5341815948486328,0.8508356094360352,0.7354418635368347,0.4004944324493408,0.8879449844360352,0.406151682138443,0.2891850471496582,0.8638423283894857,0.7997559309005737,0.27736892700195315,0.8501490275065104,0.5488241910934448,0.6219525337219238,1.0,0.10945901274681091,0.5172878265380859,1.0,0.0927361473441124,0.4906355857849121,0.9315284093221029,0.02862338162958622,0.3750628471374512,0.8759927749633789,0.01730567403137684,0.45752363204956054,0.9973826090494792,0.01502139214426279,0.4576775074005127,0.9297123591105143,0.01203451119363308
squat,0.49243593215942383,0.6741123835245768,0.9829294681549072,0.5266470432281494,0.6448825836181641,0.9890025854110718,0.47814226150512695,0.6419061024983724,0.8580544590950012,0.58638014793396,0.6762958526611328,0.9642617106437683,0.4658790588378906,0.6712158838907878,0.1299513280391693,0.6278660297393799,0.8181104024251302,0.933880627155304,0.4680598735809326,0.849002456665039,0.8807839751243591,0.5519027709960938,0.847686767578125,0.7683741450309753,0.4102177143096924,0.8931422551472982,0.38842839002609253,0.29920153617858886,0.860171381632487,0.8359082937240601,0.2796020030975342,0.8514830271402994,0.5532260537147522,0.622297716140747,1.0,0.11377318203449249,0.5202584266662598,1.0,0.08784401416778564,0.49039649963378906,0.9260900497436524,0.030479978770017624,0.387387752532959,0.8819920221964518,0.0167983528226614,0.4589378356933594,0.98924560546875,0.015403356403112411,0.4797942638397217,0.9389624277750651,0.011514242738485336
squat,0.4922919750213623,0.678478749593099,0.9823540449142456,0.5260774612426757,0.6492036183675131,0.9890135526657104,0.4777215003967285,0.6453272501627604,0.8616235256195068,0.5848030567169189,0.6780684153238933,0.9658401012420654,0.4642763137817383,0.6713991165161133,0.14075495302677155,0.6297629356384278,0.820188331604004,0.9391879439353943,0.4592115879058838,0.8434579213460286,0.8789850473403931,0.5546911239624024,0.8509468078613281,0.780460774898529,0.39435539245605467,0.8816616058349609,0.3873281180858612,0.295937705039978,0.8641268412272135,0.8371401429176331,0.2702187061309814,0.8472225824991862,0.5430853366851807,0.6105627536773681,1.0,0.1303042769432068,0.5013454914093017,1.0,0.09693141281604767,0.4844820022583008,0.9351317087809244,0.03173676133155823,0.36521129608154296,0.880543581644694,0.0169408917427063,0.44523053169250487,1.0,0.015226583927869797,0.44714879989624023,0.9419041315714518,0.011098417453467846
squat,0.4921774387359619,0.6785302480061849,0.9904374480247498,0.5300896644592286,0.6505924224853515,0.9906965494155884,0.47618579864501953,0.6449746449788412,0.9363743662834167,0.5926075935363769,0.685024642944336,0.9527514576911926,0.4596705913543701,0.6700766881306967,0.281919002532959,0.6263184070587158,0.8220014572143555,0.9281975626945496,0.45064406394958495,0.8234186172485352,0.9558892846107483,0.5344139575958252,0.8572047551472982,0.7517541646957397,0.3448435068130493,0.8415843327840169,0.7254794239997864,0.24842336177825927,0.8651774724324545,0.8253464102745056,0.2110590696334839,0.8474629720052084,0.7960325479507446,0.6233561038970947,1.0,0.08535021543502808,0.5011643409729004,1.0,0.112293541431427,0.5150417804718017,0.8926385879516602,0.008596780709922314,0.3526036500930786,0.8496744155883789,0.008305718190968037,0.5006558895111084,0.9596212387084961,0.003860744182020426,0.4512281894683838,0.9139504750569661,0.004182899370789528
squat,0.49196672439575195,0.6783512115478516,0.9910845756530762,0.5297375202178956,0.6499966939290365,0.9907968044281006,0.47703003883361816,0.6452555338541667,0.9404272437095642,0.5924888134002686,0.6823142369588217,0.9509142637252808,0.4608604907989502,0.669013786315918,0.2592892050743103,0.6285519123077392,0.8174498240152995,0.930848240852356,0.4542898654937744,0.8185292561848958,0.9558020234107971,0.5621938705444336,0.862481435139974,0.7686485648155212,0.35593423843383787,0.8380562464396158,0.7531334161758423,0.27899582386016847,0.8728780110677083,0.8469340205192566,0.22800800800323487,0.8489921569824219,0.8149988055229187,0.6199983596801758,1.0,0.09632022678852081,0.4982895851135254,1.0,0.12523719668388367,0.5112579345703125,0.8836499532063802,0.008943642489612103,0.344300651550293,0.8511094411214193,0.008645772002637386,0.5020796298980713,0.9463305791219075,0.003842036472633481,0.44290971755981445,0.9183801015218099,0.00407347921282053
squat,0.4914995670318604,0.6731564203898112,0.989098072052002,0.5257862567901611,0.6491266886393229,0.9909296631813049,0.47996978759765624,0.6438226064046224,0.8986753821372986,0.5893945693969727,0.6827576955159506,0.9531221389770508,0.4696451187133789,0.6723386764526367,0.11614138633012772,0.6243263244628906,0.809985860188802,0.9099699258804321,0.4770166873931885,0.8094422022501627,0.9208179116249084,0.5490678310394287,0.8621554056803385,0.77052903175354,0.3708139419555664,0.829012107849121,0.6602483987808228,0.27595090866088867,0.8844906489054362,0.8906809687614441,0.22027287483215333,0.8521586736043294,0.7983554601669312,0.5964958190917968,1.0,0.11499035358428955,0.4968825340270996,1.0,0.12818516790866852,0.4345863342285156,0.889375114440918,0.024432726204395294,0.32850284576416017,0.8555928548177083,0.01910175383090973,0.3595468997955322,0.9506023406982422,0.010631720535457134,0.36792118549346925,0.9308258056640625,0.009699550457298756
squat,0.48939266204833987,0.6765528361002604,0.9917057752609253,0.52761812210083,0.6491334279378255,0.9910023808479309,0.47507505416870116,0.643692143758138,0.9416447877883911,0.5914177417755127,0.682309913635254,0.9500707387924194,0.4596856594085693,0.6672842661539714,0.24088352918624878,0.6254486560821533,0.8144632975260416,0.9349530339241028,0.4588420867919922,0.8119913101196289,0.9591580033302307,0.5660820484161377,0.8636857350667317,0.7968481183052063,0.36761927604675293,0.8333062489827474,0.7977527379989624,0.29001262187957766,0.8802953720092773,0.8685484528541565,0.24551680088043212,0.8516693751017252,0.8436087369918823,0.6147555351257324,1.0,0.11777321249246597,0.495435094833374,1.0,0.1546829491853714,0.49929370880126955,0.8958489735921223,0.008892914280295372,0.33033180236816406,0.8640578587849935,0.008769508451223373,0.4863134384155273,0.9510783513387044,0.0035107324365526438,0.41997566223144533,0.9247178395589193,0.0037150667048990726
squat,0.48714818954467776,0.6787237167358399,0.9920416474342346,0.5257675647735596,0.6506544748942057,0.9916844367980957,0.4725960731506348,0.6463994344075521,0.9432622790336609,0.5917017936706543,0.6843140920003256,0.9502561092376709,0.45749125480651853,0.6716522852579753,0.22406284511089325,0.6243062019348145,0.8146080017089844,0.9264141917228699,0.4596043586730957,0.8155272801717123,0.954378604888916,0.5669835090637207,0.8630366007486979,0.7830573916435242,0.36148767471313475,0.8357672373453776,0.7856519222259521,0.28718152046203616,0.8828628540039063,0.8676782846450806,0.23805613517761232,0.8543272018432617,0.8436219692230225,0.613496971130371,1.0,0.1055828258395195,0.4944883346557617,1.0,0.14054368436336517,0.4938997745513916,0.8810222625732422,0.008490913547575474,0.3228940725326538,0.8622207641601562,0.008437405340373516,0.4765117645263672,0.9327410380045573,0.0035228843335062265,0.4048008441925049,0.9251283645629883,0.0036958560813218355
squat,0.48723526000976564,0.6785059611002604,0.9906361699104309,0.5214741230010986,0.6545157114664714,0.9922285676002502,0.47548980712890626,0.6508316040039063,0.9116885662078857,0.5854270935058594,0.6871012369791667,0.9579217433929443,0.4641857624053955,0.6806783676147461,0.11253846436738968,0.6225712299346924,0.8092344284057618,0.9054627418518066,0.47223315238952634,0.8147509892781576,0.9308539032936096,0.5565986633300781,0.8622475941975911,0.7586001753807068,0.3383885383605957,0.8280526479085286,0.6964348554611206,0.2718061447143555,0.8926922480265299,0.8891775012016296,0.1560457706451416,0.8471441904703776,0.8191033601760864,0.5877788066864014,1.0,0.1095368042588234,0.4874846935272217,1.0,0.13438118994235992,0.40128750801086427,0.8771752675374349,0.02261744998395443,0.29609479904174807,0.859055773417155,0.0186716727912426,0.3123807668685913,0.9393758773803711,0.009264144115149975,0.3244121789932251,0.9436743418375652,0.008543692529201508
squat,0.48676600456237795,0.6817387898763021,0.9912232160568237,0.5215905189514161,0.6555264790852865,0.9923628568649292,0.4738746643066406,0.6515183130900065,0.9238954782485962,0.586022424697876,0.685020637512207,0.9556798338890076,0.46063055992126467,0.678804588317871,0.1221715584397316,0.6249423503875733,0.8102884928385417,0.8891671895980835,0.4714041709899902,0.8174758275349935,0.9370545744895935,0.568377685546875,0.8602723439534505,0.7060000896453857,0.33187706470489503,0.8277975082397461,0.7261548638343811,0.27263169288635253,0.8948771158854166,0.8695077300071716,0.1409297466278076,0.8463630040486654,0.8347198963165283,0.5848339557647705,1.0,0.09997616708278656,0.4835648059844971,1.0,0.1401531845331192,0.391023588180542,0.8817066828409831,0.01972246542572975,0.28639655113220214,0.8655123392740885,0.018886612728238106,0.28292644023895264,0.9356756210327148,0.008213786408305168,0.299729323387146,0.9447896957397461,0.008270053192973137
squat,0.48629255294799806,0.6818761189778646,0.9909539818763733,0.5194802284240723,0.6543087005615235,0.9918597340583801,0.4720003128051758,0.6514986038208008,0.9294745326042175,0.584890079498291,0.6815756479899089,0.953213095664978,0.46018333435058595,0.6784921646118164,0.1492043137550354,0.6298042297363281,0.8130207061767578,0.8717677593231201,0.4709756851196289,0.8136509577433269,0.9509955644607544,0.5515197277069092,0.8697022755940755,0.6306520104408264,0.3283564567565918,0.8275966008504232,0.7751498222351074,0.2632447242736816,0.9052181879679362,0.8183284997940063,0.15060138702392578,0.8487565358479817,0.8421608805656433,0.5794388294219971,1.0,0.09730534255504608,0.47546610832214353,1.0,0.16667209565639496,0.3578929424285889,0.8766367594401042,0.019427580758929253,0.2460258722305298,0.8361516316731771,0.022830098867416382,0.2317603349685669,0.9424426396687825,0.008498352020978928,0.23660595417022706,0.9141976038614908,0.009865107014775276
squat,0.4852471828460693,0.6803223927815755,0.9905778169631958,0.5191773414611817,0.6536256790161132,0.9920172691345215,0.4706875324249268,0.651119613647461,0.9308199286460876,0.5836929321289063,0.6836774190266927,0.9533715844154358,0.457093334197998,0.6807528177897135,0.14810849726200104,0.6273847579956054,0.8126234690348307,0.8657093644142151,0.4636599063873291,0.8156304041544596,0.9383276700973511,0.5607583045959472,0.8681877136230469,0.6207525730133057,0.31967883110046386,0.8296337127685547,0.7192234396934509,0.2692702770233154,0.9008155186971029,0.8126343488693237,0.1477557897567749,0.8512048721313477,0.8081451654434204,0.5732836246490478,1.0,0.08964016288518906,0.465943431854248,1.0,0.14085827767848969,0.3600806713104248,0.869134521484375,0.018820591270923615,0.24258384704589844,0.840792465209961,0.02006027102470398,0.24143736362457274,0.9320439656575521,0.008771178312599659,0.24256460666656493,0.9215963363647461,0.00938752107322216
squat,0.4842803955078125,0.6813720703125,0.990461528301239,0.5185115814208985,0.6535670598347981,0.9920545816421509,0.4695606708526611,0.6509766896565755,0.9286588430404663,0.5832282543182373,0.6824476242065429,0.9531435966491699,0.45572237968444823,0.6795747756958008,0.13942812383174896,0.6255056381225585,0.8133330663045247,0.8642992973327637,0.46492629051208495,0.8182229359944662,0.9312154650688171,0.5616498947143554,0.8629677454630534,0.6243402361869812,0.3272045135498047,0.827751096089681,0.6959282755851746,0.2725099802017212,0.8979936599731445,0.8187586665153503,0.15402066707611084,0.8488557815551758,0.8003938794136047,0.5755298137664795,1.0,0.08812502026557922,0.47039146423339845,1.0,0.1325426548719406,0.37049288749694825,0.8742991129557292,0.018994102254509926,0.25655622482299806,0.8475327173868815,0.019489683210849762,0.2570699691772461,0.9331596374511719,0.009012836031615734,0.2592036008834839,0.9248388926188151,0.00944298692047596
squat,0.4836017608642578,0.6816212972005208,0.9903942942619324,0.5184625625610352,0.6542438507080078,0.9919370412826538,0.46893134117126467,0.6512905120849609,0.9262298345565796,0.5827652454376221,0.6834996541341146,0.9531934857368469,0.4541407585144043,0.6795090993245443,0.13106706738471985,0.6240851402282714,0.8109839121500652,0.8758194446563721,0.46637921333312987,0.8166300455729166,0.9255762100219727,0.5729117870330811,0.8607934315999349,0.6666181683540344,0.3427767038345337,0.8266086578369141,0.693080723285675,0.276007866859436,0.8959905624389648,0.8503286838531494,0.18030915260314942,0.8523468653361003,0.8091599345207214,0.5758066654205323,1.0,0.09841791540384293,0.47136149406433103,1.0,0.13609535992145538,0.3782073736190796,0.8760825475056966,0.020197229459881783,0.2665524959564209,0.8578553517659505,0.01952746883034706,0.2664175271987915,0.9332193374633789,0.009260620921850204,0.2742382287979126,0.9387654622395833,0.009247317910194397
squat,0.4834909439086914,0.6833984375,0.990712583065033,0.5178652286529541,0.6546120961507161,0.9921545386314392,0.46849737167358396,0.6515588124593099,0.9260303378105164,0.58279390335083,0.68221435546875,0.9546775221824646,0.4548953533172607,0.6782857259114583,0.13662028312683105,0.6247690677642822,0.8162664413452149,0.8642914295196533,0.4689159870147705,0.8194423675537109,0.9380803108215332,0.5525314331054687,0.8674783070882162,0.6232690215110779,0.32841804027557375,0.8284015655517578,0.7168163061141968,0.2611716270446777,0.896901257832845,0.8193469047546387,0.14364757537841796,0.8487923940022787,0.8179104328155518,0.589032793045044,1.0,0.0822354257106781,0.48714022636413573,1.0,0.1318269968032837,0.3782514095306396,0.8814039866129557,0.018105896189808846,0.2736234426498413,0.8521467844645182,0.019550524652004242,0.26671156883239744,0.9372170766194662,0.0085672652348876,0.2788943529129028,0.9260781606038412,0.009441622532904148
squat,0.4825650691986084,0.6834751764933268,0.9909380674362183,0.517821216583252,0.6551437377929688,0.9918796420097351,0.46814489364624023,0.6513589223225912,0.9315512776374817,0.582981014251709,0.6829278310139973,0.9506028294563293,0.45376100540161135,0.6771085103352864,0.1434076577425003,0.6211419105529785,0.812641970316569,0.8714321255683899,0.4652682304382324,0.8160167058308919,0.9380316734313965,0.5611193656921387,0.8641738255818685,0.6473753452301025,0.3318809986114502,0.827808698018392,0.7327444553375244,0.26995234489440917,0.8981894175211589,0.8372270464897156,0.15378670692443847,0.8508274714152019,0.8293454647064209,0.5718325614929199,1.0,0.09356395900249481,0.469165563583374,1.0,0.14341217279434204,0.37391014099121095,0.879793357849121,0.018579106777906418,0.2654621124267578,0.856353759765625,0.019883500412106514,0.2591442584991455,0.934245491027832,0.00838368758559227,0.26834821701049805,0.9334664026896159,0.009005292318761349
squat,0.4829102516174316,0.680478858947754,0.9902403354644775,0.5179612636566162,0.6531864166259765,0.9918463826179504,0.46895642280578614,0.6507649103800456,0.9270752668380737,0.5830548286437989,0.6833330154418945,0.949711263179779,0.45531501770019533,0.6796913146972656,0.12838086485862732,0.6206452369689941,0.8111670176188152,0.8595026135444641,0.46720027923583984,0.8167059580485027,0.9183775186538696,0.567297887802124,0.8629578272501628,0.6349530220031738,0.3419512748718262,0.8280035654703776,0.6701877117156982,0.28016977310180663,0.8979286829630534,0.8319041728973389,0.18158915042877197,0.851882807413737,0.7906430959701538,0.5715291023254394,1.0,0.08928652852773666,0.4693957805633545,1.0,0.1252218633890152,0.3727360486984253,0.8753766377766927,0.01917874813079834,0.2624495506286621,0.8621307373046875,0.018634097650647163,0.2691753387451172,0.930364990234375,0.009213265031576157,0.273208475112915,0.9425134023030599,0.009160061366856098
squat,0.4841360092163086,0.6816874821980794,0.9911679029464722,0.518169355392456,0.65418701171875,0.9922327995300293,0.4694254398345947,0.6515090942382813,0.9334679841995239,0.5816395282745361,0.6812100728352865,0.9557117819786072,0.45446033477783204,0.6788174947102864,0.14331574738025665,0.6259257316589355,0.8098809560139973,0.8848004341125488,0.4640005111694336,0.8162862141927083,0.9432730078697205,0.5760648727416993,0.8627384821573894,0.6659547090530396,0.32491891384124755,0.8264862060546875,0.7486308813095093,0.27385678291320803,0.9032174428304036,0.8474360108375549,0.1437448263168335,0.8452373504638672,0.8335490822792053,0.5612206935882569,1.0,0.107406385242939,0.45649471282958987,1.0,0.16204090416431427,0.3434458255767822,0.8674093882242838,0.020908789709210396,0.23507928848266602,0.8439915974934896,0.021850472316145897,0.21056578159332276,0.9248439788818359,0.009075877256691456,0.22714357376098632,0.9237661997477213,0.009435339830815792
squat,0.48466858863830564,0.6812526702880859,0.9905952215194702,0.5183944702148438,0.6540439605712891,0.9919161200523376,0.4701416492462158,0.6519795735677083,0.9288027882575989,0.584074592590332,0.6832949956258138,0.9529488682746887,0.4575664520263672,0.6818875630696615,0.13409613072872162,0.6296557426452637,0.8135644912719726,0.8580717444419861,0.4719334602355957,0.8172489166259765,0.9361623525619507,0.5670530319213867,0.8672276178995768,0.6095613241195679,0.3396641492843628,0.8262805938720703,0.7306125164031982,0.26725029945373535,0.9018245697021484,0.8198297619819641,0.16598494052886964,0.8505297978719075,0.8229879140853882,0.5764164924621582,1.0,0.08752387762069702,0.472639799118042,1.0,0.14223335683345795,0.35991880893707273,0.8657822926839193,0.019118644297122955,0.24851057529449463,0.8375866572062175,0.021539660170674324,0.23578197956085206,0.9287048975626627,0.009214915335178375,0.24244318008422852,0.9210327784220378,0.010251209139823914
squat,0.48470249176025393,0.6793161392211914,0.9912328124046326,0.5187999725341796,0.6507083892822265,0.9916959404945374,0.4692686080932617,0.6481243769327799,0.9258931875228882,0.5849731922149658,0.6786766052246094,0.9533440470695496,0.45688514709472655,0.6760061899820964,0.14488959312438965,0.6252833843231201,0.8110804239908854,0.8898972868919373,0.47565398216247556,0.8107557932535807,0.9539520740509033,0.5405627250671386,0.8711316426595052,0.6984007954597473,0.348537015914917,0.8263329188028972,0.8022341728210449,0.24702305793762208,0.899154790242513,0.8593012690544128,0.1660001516342163,0.8529654184977213,0.8691006302833557,0.5842126846313477,1.0,0.11183416098356247,0.48348140716552734,1.0,0.18286751210689545,0.3781026840209961,0.8817861557006836,0.0203370600938797,0.2704775810241699,0.8435052235921224,0.023510590195655823,0.2656699657440186,0.9418277104695638,0.00830161850899458,0.2664019107818604,0.9188684463500977,0.009611634537577629
squat,0.4827469825744629,0.6636941274007161,0.9925111532211304,0.5207309246063232,0.6319311141967774,0.991398811340332,0.46330914497375486,0.6254050572713216,0.9447752833366394,0.5853741645812989,0.661005147298177,0.9567972421646118,0.44698238372802734,0.6471996307373047,0.29447296261787415,0.6187126159667968,0.803346316019694,0.9291109442710876,0.4646240234375,0.798683230082194,0.9780988693237305,0.4912264823913574,0.8617597579956054,0.7522982358932495,0.35487213134765627,0.8325934727986654,0.8781129121780396,0.17067308425903321,0.8784934997558593,0.8112131953239441,0.15492463111877441,0.8658452987670898,0.8825266361236572,0.6126653671264648,1.0,0.09774921089410782,0.49988770484924316,1.0,0.1860821694135666,0.46463541984558104,0.900875981648763,0.0071296836249530315,0.312467622756958,0.8363283793131511,0.010343233123421669,0.39643828868865966,0.9655673344930013,0.0026569776237010956,0.33994688987731936,0.8992912292480468,0.0037611518055200577
squat,0.48167977333068845,0.6267868041992187,0.9897924661636353,0.5160490989685058,0.5968538284301758,0.9913193583488464,0.46081862449645994,0.5971290588378906,0.9367749691009521,0.5802719593048096,0.6271800359090169,0.9635838270187378,0.4447793006896973,0.6298824310302734,0.2829134464263916,0.6315799236297608,0.7683341344197591,0.9009594321250916,0.44968204498291015,0.7726430257161458,0.9585364460945129,0.5237326622009277,0.845730717976888,0.5919929146766663,0.29480419158935545,0.8100809733072917,0.6967736482620239,0.15629634857177735,0.8148807525634766,0.7118415832519531,0.09930684566497802,0.8380419413248698,0.7609919309616089,0.6151987075805664,1.0,0.05238546058535576,0.49218525886535647,1.0,0.09268400818109512,0.46499972343444823,0.8216803868611654,0.009180871769785881,0.33596076965332033,0.7945200602213541,0.011735948733985424,0.38536376953125,0.8917475382486979,0.0047117904759943485,0.38073320388793946,0.8819638570149739,0.006022725719958544
squat,0.48138275146484377,0.5858287811279297,0.9788091778755188,0.5123649597167969,0.5565353393554687,0.9868804216384888,0.45892677307128904,0.5531252543131511,0.8825073838233948,0.5727576732635498,0.5836966196695964,0.9577707052230835,0.4395263195037842,0.5788554509480794,0.2533435523509979,0.6315323352813721,0.7196308771769205,0.8922955393791199,0.44141325950622556,0.7123748779296875,0.8910630345344543,0.5219832420349121,0.7998951594034831,0.5981276631355286,0.3714547872543335,0.7718147277832031,0.5326793789863586,0.11176888942718506,0.7813352584838867,0.8007836937904358,0.4793700695037842,0.7413469950358073,0.7558409571647644,0.5926037788391113,0.9943087259928386,0.06825121492147446,0.45729904174804686,0.9627017339070638,0.07558199018239975,0.42129859924316404,0.7120708465576172,0.017164912074804306,0.28238754272460936,0.6936511993408203,0.01666088216006756,0.20390763282775878,0.8134714126586914,0.011021551676094532,0.23666484355926515,0.7996745427449544,0.010877483524382114
squat,0.4717389106750488,0.5506001154581706,0.9878755211830139,0.5041993618011474,0.5173982620239258,0.9935207962989807,0.4548948287963867,0.5126419385274251,0.886501669883728,0.5742830276489258,0.5412956873575846,0.9510082602500916,0.4476141929626465,0.5346290588378906,0.09003303200006485,0.597901439666748,0.6928016662597656,0.8348168730735779,0.4680732250213623,0.6870112737019857,0.8656777739524841,0.438491678237915,0.7349002202351888,0.5394806861877441,0.28957505226135255,0.7112107594807943,0.43686339259147644,0.13332116603851318,0.7302684783935547,0.7205520272254944,0.13613500595092773,0.700625483194987,0.6525139212608337,0.5576417922973633,0.914199701944987,0.06887917220592499,0.47169246673583987,0.8772093454996744,0.08365567028522491,0.34061079025268554,0.6910110473632812,0.03010174259543419,0.2558889389038086,0.656192398071289,0.02721526101231575,0.1476353168487549,0.7576527913411458,0.020486662164330482,0.16313083171844484,0.7309900919596354,0.020762955769896507
squat,0.47294249534606936,0.49948304494222007,0.9740710258483887,0.4993685245513916,0.46642484664916994,0.9827989935874939,0.44755921363830564,0.472570260365804,0.91042560338974,0.5668507099151612,0.48996063868204753,0.9291501045227051,0.4345396041870117,0.506804879506429,0.3487975597381592,0.6369059562683106,0.6272308349609375,0.800385594367981,0.42786574363708496,0.6238363265991211,0.9192615151405334,0.5406954765319825,0.6923241933186849,0.2988725006580353,0.2962378978729248,0.6744838714599609,0.6194304823875427,0.20876166820526124,0.6377281824747721,0.5599766373634338,0.5023324012756347,0.6083826065063477,0.754697322845459,0.5652386665344238,0.8749024709065755,0.12353665381669998,0.4230396270751953,0.8460133234659831,0.20785218477249146,0.3459639549255371,0.6282695134480795,0.037335436791181564,0.20411348342895508,0.6228858311971028,0.058722421526908875,0.09173758029937744,0.708181635538737,0.028321659192442894,0.10889897346496583,0.687214215596517,0.03622707352042198
squat,0.46346607208251955,0.45617949167887367,0.9879952073097229,0.499379301071167,0.42948919932047525,0.9885833263397217,0.4470846176147461,0.42921374638875326,0.9230057001113892,0.5636837005615234,0.46441644032796225,0.9568526148796082,0.4347346305847168,0.4662407557169596,0.24727323651313782,0.6042002677917481,0.5876164118448893,0.9011135101318359,0.42770824432373045,0.6089284261067708,0.971077561378479,0.4873772144317627,0.6430722554524739,0.6400856375694275,0.26918485164642336,0.637889544169108,0.7575827240943909,0.12732949256896972,0.6457054773966472,0.5826621055603027,0.03840019702911377,0.6550431569417318,0.6825720071792603,0.6259645462036133,0.942089589436849,0.14015944302082062,0.5038140296936036,0.934017562866211,0.2456262707710266,0.5571175575256347,0.8502969106038412,0.01404577400535345,0.4422162055969238,0.8273058573404948,0.01895272172987461,0.5617011547088623,0.8600723902384441,0.004487460013478994,0.5668004035949707,0.8450303395589193,0.006173270288854837
squat,0.4663124084472656,0.4129066467285156,0.9879915118217468,0.49782533645629884,0.3828009287516276,0.9911978840827942,0.45033812522888184,0.38288211822509766,0.9309612512588501,0.5650997161865234,0.40574735005696616,0.9337181448936462,0.4402295112609863,0.41027145385742186,0.1313905268907547,0.6108767509460449,0.5400216420491536,0.7719070315361023,0.45651726722717284,0.5289880116780599,0.852398157119751,0.5385829448699951,0.6148807525634765,0.42404210567474365,0.31571791172027586,0.5409106572469076,0.5206521153450012,0.19914700984954833,0.5572603225708008,0.6950220465660095,0.16223337650299072,0.56329345703125,0.6981392502784729,0.5548514366149903,0.7966326395670573,0.0472874641418457,0.4453730583190918,0.7609243392944336,0.07093675434589386,0.41967196464538575,0.6147050221761068,0.009055623784661293,0.28301129341125486,0.5925729115804036,0.011055621318519115,0.3097624540328979,0.6552824020385742,0.004743556026369333,0.2501275062561035,0.659093729654948,0.005808438174426556
squat,0.4650890827178955,0.3562065442403158,0.9912036657333374,0.4983684539794922,0.3307705243428548,0.9879066944122314,0.4525339126586914,0.33378960291544596,0.9422335028648376,0.561584758758545,0.3617089589436849,0.9528805613517761,0.4462240219116211,0.37263851165771483,0.26097220182418823,0.6191352844238281,0.48826891581217446,0.9190980792045593,0.44010114669799805,0.5324043273925781,0.9851363897323608,0.5540318489074707,0.5120790163675945,0.6798663139343262,0.2927273750305176,0.5671138127644857,0.8848519325256348,0.19460697174072267,0.4538739204406738,0.6131287217140198,0.03594212532043457,0.5618141810099284,0.7932581305503845,0.6387609481811524,0.9472007115681966,0.34023958444595337,0.5124371528625489,0.943859354654948,0.571539580821991,0.5754052639007569,0.9581497192382813,0.02156033180654049,0.44686598777770997,0.9402002970377604,0.037978317588567734,0.6080828666687011,0.9820259730021159,0.00328248692676425,0.5868146896362305,0.9750114440917969,0.005349953193217516
squat,0.4647317886352539,0.30861711502075195,0.9951327443122864,0.4983955383300781,0.2744494756062826,0.9911193251609802,0.44637398719787597,0.2766013781229655,0.9710854291915894,0.5635996341705323,0.30090287526448567,0.8811705708503723,0.43248591423034666,0.3096373240152995,0.2828398644924164,0.6060408592224121,0.46362749735514325,0.8496099710464478,0.43530974388122556,0.4918701489766439,0.9724162220954895,0.6122810363769531,0.4494325319925944,0.5367241501808167,0.2902350425720215,0.5116148948669433,0.8507880568504333,0.4516569137573242,0.40663776397705076,0.6598848700523376,0.09867377281188965,0.583685557047526,0.844965934753418,0.6242759227752686,0.9200517018636067,0.31461799144744873,0.5112798690795899,0.9182949701944987,0.5301899909973145,0.5631548881530761,0.910763931274414,0.028397010639309883,0.4502256393432617,0.9053384145100911,0.05333438515663147,0.5698512077331543,0.9849999109903972,0.005925550125539303,0.5323785305023193,0.992352040608724,0.009839077480137348
squat,0.46791934967041016,0.24943914413452148,0.996290922164917,0.5025866985321045,0.21858682632446289,0.9914724230766296,0.4520408153533936,0.22245791753133137,0.9809789657592773,0.5688169956207275,0.2479962666829427,0.9010323286056519,0.44215826988220214,0.260518487294515,0.36572563648223877,0.6232703685760498,0.3884045918782552,0.8458868861198425,0.4442317008972168,0.44927342732747394,0.989427387714386,0.6504398345947265,0.3467386245727539,0.4477486312389374,0.29960439205169676,0.4981636683146159,0.931404173374176,0.5156379699707031,0.27434040705362955,0.4928376376628876,0.09767441749572754,0.5275328954060873,0.868347704410553,0.6674798011779786,0.9098689397176106,0.33164864778518677,0.549729871749878,0.9183633168538411,0.67473965883255,0.5687966823577881,0.9766025543212891,0.01886865869164467,0.45952844619750977,0.9661169687906901,0.05125220865011215,0.6077150344848633,1.0,0.0027061377186328173,0.5942611694335938,1.0,0.005739610642194748
squat,0.4716312885284424,0.19305969874064127,0.9913454055786133,0.5047804355621338,0.17039337158203124,0.9835661053657532,0.4551565647125244,0.16863247553507488,0.9371282458305359,0.5657440185546875,0.2110491434733073,0.9426818490028381,0.4481814384460449,0.21033430099487305,0.38296031951904297,0.6206794738769531,0.3439511299133301,0.9758093953132629,0.4350594997406006,0.3900453249613444,0.9950169920921326,0.5547526836395263,0.30834083557128905,0.9228698015213013,0.2983436584472656,0.4637499491373698,0.9730064868927002,0.3268192529678345,0.2059970219930013,0.8376917243003845,0.11664528846740722,0.48373982111612956,0.9263908267021179,0.6821155071258544,0.9283091862996419,0.8348573446273804,0.5436796188354492,0.9286736806233724,0.9225056767463684,0.640549612045288,1.0,0.015475123189389706,0.45950875282287595,0.9479735692342123,0.023690568283200264,0.7187517166137696,1.0,0.0009090763633139431,0.6217244148254395,0.9365191141764323,0.0014134624507278204
squat,0.4773719787597656,0.14820954004923503,0.9943029880523682,0.5120879173278808,0.12275918324788411,0.9912539124488831,0.45772624015808105,0.12404772440592447,0.9545816779136658,0.5763782501220703,0.16445153554280598,0.9612621665000916,0.4498960018157959,0.1703150431315104,0.4322432577610016,0.6174990653991699,0.30443334579467773,0.9762420654296875,0.43886451721191405,0.36123472849527993,0.9944673776626587,0.4875380516052246,0.23635287284851075,0.9205869436264038,0.2915318250656128,0.4206001917521159,0.956202507019043,0.24449172019958496,0.13738091786702475,0.8104556798934937,0.10901198387145997,0.4117310841878255,0.8998311161994934,0.6899879455566407,0.9092421213785807,0.8050329685211182,0.5545114040374756,0.9159861246744792,0.8985046148300171,0.641614294052124,1.0,0.01328240241855383,0.478104829788208,0.967555554707845,0.017624059692025185,0.7372003555297851,1.0,0.0006927638314664364,0.6555631160736084,0.9548377990722656,0.000978807802312076
squat,0.4847318172454834,0.11516125996907552,0.9947831034660339,0.518409013748169,0.08975006739298502,0.9918763637542725,0.4625375270843506,0.09066759745279948,0.9497931003570557,0.5764582633972168,0.13259137471516927,0.9666547775268555,0.44924654960632326,0.13938687642415365,0.43710654973983765,0.6167734146118165,0.27465826670328775,0.9882442951202393,0.4389045238494873,0.34324092864990235,0.9952424764633179,0.48125624656677246,0.20491224924723309,0.9691308736801147,0.3148867845535278,0.4325214068094889,0.9639293551445007,0.23628039360046388,0.11032098134358724,0.9094130396842957,0.14087371826171874,0.4390912691752116,0.9214973449707031,0.6887773990631103,0.8973851521809896,0.8939065933227539,0.5512832641601563,0.9063666025797527,0.9306531548500061,0.6375141620635987,1.0,0.01767374575138092,0.4655318260192871,0.9842772801717122,0.0175129696726799,0.7296221256256104,1.0,0.0006255547632463276,0.6303503513336182,0.9609792073567708,0.0007215947844088078
squat,0.49112758636474607,0.09514471689860025,0.9952889680862427,0.5239027500152588,0.06853392918904623,0.9927352666854858,0.46826324462890623,0.0705603281656901,0.9505080580711365,0.5821722507476806,0.1093121846516927,0.9680458307266235,0.45459542274475095,0.11989186604817709,0.40461465716362,0.6214104175567627,0.25407559076944985,0.9906294941902161,0.4457895278930664,0.3243027369181315,0.9947858452796936,0.4959449768066406,0.19858353932698566,0.9775872826576233,0.3216362237930298,0.4270558993021647,0.9627978205680847,0.2611388683319092,0.10435930887858073,0.9352713823318481,0.15420064926147461,0.4482195218404134,0.9269735217094421,0.6876450538635254,0.8684544881184896,0.9245336055755615,0.5520466804504395,0.8802533467610677,0.9432437419891357,0.651792335510254,1.0,0.023101840168237686,0.48326678276062013,1.0,0.020296774804592133,0.7355378627777099,1.0,0.0006152237765491009,0.625993013381958,0.9909847259521485,0.000639157893601805
squat,0.499102783203125,0.08248116175333658,0.9955412745475769,0.5317327499389648,0.05715487798055013,0.9932717680931091,0.48099360466003416,0.05669736862182617,0.9484432935714722,0.5910073280334472,0.09697984059651693,0.9665082097053528,0.47173147201538085,0.10149361292521158,0.3325498402118683,0.6256970405578614,0.23815031051635743,0.9902641773223877,0.45752568244934083,0.30419206619262695,0.9936357736587524,0.5091872692108155,0.1926465670267741,0.9799639582633972,0.3204845190048218,0.4110265731811523,0.9611056447029114,0.30397720336914064,0.11292327245076497,0.9471941590309143,0.15173873901367188,0.4233278274536133,0.9360246658325195,0.6866396427154541,0.8190849304199219,0.945160984992981,0.5555824279785156,0.8321755727132162,0.955816924571991,0.670622730255127,1.0,0.054893169552087784,0.49137001037597655,1.0,0.04686347395181656,0.7389167308807373,1.0,0.0013438340974971652,0.5946850776672363,1.0,0.001321277697570622
squat,0.5052518844604492,0.09098154703776042,0.9950199127197266,0.53810133934021,0.05829556783040365,0.9929314851760864,0.480495023727417,0.06102272669474284,0.9437981247901917,0.6006321430206298,0.09074840545654297,0.9597206115722656,0.4660829544067383,0.10485687255859374,0.31858259439468384,0.6248893737792969,0.23932267824808756,0.9884345531463623,0.4645118236541748,0.31046822865804036,0.9917129278182983,0.49079084396362305,0.1804079214731852,0.9795348048210144,0.33247714042663573,0.41388384501139325,0.9547324776649475,0.27641682624816893,0.10304587682088216,0.9560298323631287,0.18150112628936768,0.44050687154134116,0.9341375827789307,0.6601929664611816,0.8363525390625,0.9344729781150818,0.5319472789764405,0.8470121383666992,0.9420826435089111,0.6239120960235596,1.0,0.03009825386106968,0.4516345500946045,0.9609849294026692,0.022954393178224564,0.668701457977295,1.0,0.000979919102974236,0.5306098937988282,0.9421852111816407,0.0008897315128706396
squat,0.5131196975708008,0.08394136428833007,0.9951170682907104,0.5497372627258301,0.056985632578531904,0.9923909306526184,0.4908877372741699,0.05574531555175781,0.9492209553718567,0.6121953964233399,0.10054314931233724,0.9537080526351929,0.47492570877075196,0.10345128377278646,0.3363170027732849,0.6239155769348145,0.24118504524230958,0.9855136871337891,0.4679437160491943,0.30852702458699544,0.9920502305030823,0.4954869747161865,0.1748208999633789,0.9743942618370056,0.33366968631744387,0.41225566864013674,0.9552754163742065,0.28962395191192625,0.08314100901285808,0.9443725347518921,0.1701359510421753,0.4285916328430176,0.9342510104179382,0.6699556350708008,0.8348356882731119,0.9240401983261108,0.5460236549377442,0.8494162877400716,0.9395896792411804,0.6397745132446289,1.0,0.028570251539349556,0.488953161239624,1.0,0.024167977273464203,0.6964673042297364,1.0,0.0007515738252550364,0.5967997074127197,1.0,0.0007124296971596777
squat,0.5245442867279053,0.06804548899332682,0.9942135214805603,0.5569017887115478,0.04486249287923177,0.9880840182304382,0.5076776504516601,0.04234390258789063,0.9557015299797058,0.6112483024597168,0.09194825490315756,0.929641604423523,0.495939826965332,0.0937564214070638,0.379562109708786,0.643228816986084,0.2383705457051595,0.9822714328765869,0.4689052104949951,0.30670782725016277,0.9928626418113708,0.5862006664276123,0.18880287806193033,0.9598015546798706,0.3243540287017822,0.4104314804077148,0.9648977518081665,0.41513876914978026,0.09255873362223307,0.9212144017219543,0.1603837013244629,0.39929815928141277,0.9403489232063293,0.6633413314819336,0.7815068562825521,0.929359495639801,0.537312364578247,0.7970531463623047,0.9521466493606567,0.6615917682647705,1.0,0.062481172382831573,0.5040223121643066,1.0,0.0673525333404541,0.6886890888214111,1.0,0.001487075467593968,0.5754310607910156,1.0,0.0016028869431465864
squat,0.5254504680633545,0.07072664896647135,0.9941200613975525,0.5571623802185058,0.04615224202473958,0.9872705936431885,0.5095370292663575,0.045760854085286455,0.9601094722747803,0.613984489440918,0.08879502614339192,0.9171056747436523,0.49981050491333007,0.09565175374348958,0.36384591460227966,0.6524938106536865,0.23289340337117512,0.9729129076004028,0.47197751998901366,0.3052975336710612,0.9925270080566406,0.6212008476257325,0.18321682612101237,0.9337606430053711,0.3178339242935181,0.4008935292561849,0.9667657613754272,0.473052978515625,0.10911471048990885,0.8898141384124756,0.15708017349243164,0.39293346405029295,0.9390358328819275,0.6650935649871826,0.7857348759969075,0.9097191691398621,0.536386775970459,0.8023053487141927,0.9484646916389465,0.6587030410766601,1.0,0.04987946152687073,0.495634937286377,1.0,0.06352914124727249,0.6876383781433105,1.0,0.0013503116788342595,0.568592882156372,1.0,0.001630890415981412
squat,0.5216391563415528,0.07511119842529297,0.989266037940979,0.5578582763671875,0.04626795450846354,0.9853935241699219,0.5065490245819092,0.04527905782063802,0.8559727072715759,0.6269410610198974,0.09212522506713867,0.8964487314224243,0.49949212074279786,0.09837013880411784,0.07269685715436935,0.6393630981445313,0.2404017448425293,0.9356452822685242,0.4892401218414307,0.3258037567138672,0.9704828262329102,0.5318504333496094,0.145526123046875,0.918620765209198,0.3114249467849731,0.4178479512532552,0.8741912245750427,0.332330584526062,0.040488020579020186,0.9274606704711914,0.13331570625305175,0.4107111612955729,0.8936314582824707,0.655890941619873,0.814706548055013,0.8970839977264404,0.5462617397308349,0.8303293863932292,0.9161178469657898,0.5532678127288818,0.9974102020263672,0.09441208094358444,0.44102916717529295,0.9816118876139323,0.07303822785615921,0.5435620307922363,1.0,0.005143964663147926,0.5068235874176026,1.0,0.004430525004863739
squat,0.5190045833587646,0.07545057932535808,0.9592023491859436,0.5512593269348145,0.04813989003499349,0.9439381957054138,0.5113164901733398,0.050335057576497394,0.5720178484916687,0.6247754573822022,0.08924179077148438,0.8095465302467346,0.5175618171691895,0.1022778828938802,0.024591462686657906,0.653658676147461,0.22981395721435546,0.8681026697158813,0.5002782821655274,0.3193873723347982,0.9445210695266724,0.5629384040832519,0.14143311182657878,0.880298912525177,0.31531753540039065,0.4107349395751953,0.8562290668487549,0.350548529624939,0.032935365041097,0.9054184556007385,0.13187873363494873,0.39210465749104817,0.8773455619812012,0.6518487453460693,0.8174172719319661,0.8936599493026733,0.5404195785522461,0.8308624903361003,0.9208999276161194,0.5485603332519531,1.0,0.09877821803092957,0.433851432800293,0.9878912607828776,0.08597525209188461,0.5462618827819824,1.0,0.005507155787199736,0.5065390586853027,1.0,0.0052175684832036495
squat,0.5200131893157959,0.06002063751220703,0.9041736721992493,0.5538054943084717,0.030295117696126302,0.8510583639144897,0.5128098487854004,0.032462056477864584,0.40781742334365845,0.6313101768493652,0.07075668970743815,0.638232946395874,0.519760274887085,0.08357524871826172,0.016929540783166885,0.6630653381347656,0.2169549783070882,0.6893952488899231,0.5049139022827148,0.3071399688720703,0.91923987865448,0.5947931289672852,0.13224747975667317,0.7283745408058167,0.33398706912994386,0.39375464121500653,0.8593295216560364,0.3947668313980103,0.03972279230753581,0.8222677707672119,0.13749423027038574,0.37034784952799477,0.8748722076416016,0.6470477104187011,0.8081013997395833,0.8579472303390503,0.5349449157714844,0.8199848175048828,0.9224336743354797,0.5480719566345215,1.0,0.09367721527814865,0.4374387741088867,0.9862161000569661,0.1172947883605957,0.5386651039123536,1.0,0.006568672601133585,0.5095548152923584,1.0,0.008140147663652897
squat,0.5256616115570069,0.061743704477945964,0.9438170194625854,0.5564667224884033,0.02970444361368815,0.9234504103660583,0.5190372467041016,0.03304634094238281,0.5400670766830444,0.6315043926239013,0.06411024729410807,0.7428284287452698,0.529360580444336,0.08103218078613281,0.0237891748547554,0.6592440605163574,0.2202633062998454,0.7624040246009827,0.5154852867126465,0.31434926986694334,0.9208629131317139,0.5680277824401856,0.13405539194742838,0.7485653758049011,0.33324196338653567,0.40395755767822267,0.8088829517364502,0.3593751907348633,0.041773223876953126,0.8279374241828918,0.1417374849319458,0.3598504066467285,0.8487069010734558,0.636639404296875,0.7969740549723308,0.8387019634246826,0.5339724063873291,0.8097792943318685,0.895700991153717,0.5443819999694824,0.982043965657552,0.11386343836784363,0.440003490447998,0.963968022664388,0.12457280606031418,0.5170159339904785,1.0,0.009864875115454197,0.4797671794891357,1.0,0.011046403087675571
squat,0.5389140129089356,0.06474615732828776,0.8935367465019226,0.5658857345581054,0.032291475931803384,0.8328825235366821,0.5327280998229981,0.03721815745035807,0.39828553795814514,0.6349027633666993,0.06204770406087239,0.6131303310394287,0.5440838813781739,0.083026123046875,0.0204768069088459,0.6712337493896484,0.22659289042154948,0.688747227191925,0.5236271858215332,0.30809199015299477,0.9072863459587097,0.593447208404541,0.15269255638122559,0.7318389415740967,0.3408179759979248,0.37983887990315757,0.8505305051803589,0.37291412353515624,0.05516064961751302,0.8306061625480652,0.14117238521575928,0.33560110727945963,0.8836917877197266,0.6297111988067627,0.8173561096191406,0.8211023807525635,0.5247118473052979,0.8227273305257161,0.8950090408325195,0.5505537986755371,0.9995110829671224,0.07669363170862198,0.4404036045074463,0.9669596989949544,0.09688613563776016,0.5326562881469726,1.0,0.0057644047774374485,0.4763922691345215,1.0,0.007176551967859268
squat,0.5447081089019775,0.06101783116658529,0.8322575688362122,0.5708024024963378,0.02977574666341146,0.668531596660614,0.5402958393096924,0.03134485880533854,0.3136891722679138,0.6339920043945313,0.05973033905029297,0.4256074130535126,0.5504511833190918,0.07192083994547525,0.023644594475626945,0.6660840511322021,0.23180297215779622,0.6449809670448303,0.5215823173522949,0.3027745564778646,0.9216703772544861,0.6213135719299316,0.14377950032552084,0.7318010926246643,0.34753167629241943,0.3648007074991862,0.9120969772338867,0.45759897232055663,0.04858484268188477,0.8458483815193176,0.14912950992584229,0.333958371480306,0.9301747679710388,0.6169754981994628,0.8117926279703777,0.8323246240615845,0.518892240524292,0.8149246215820313,0.9165042042732239,0.5487107276916504,0.9960797627766927,0.06824745237827301,0.44814286231994627,0.9599419275919596,0.10631397366523743,0.5326615333557129,1.0,0.004306653048843145,0.48576979637145995,1.0,0.00614439882338047
squat,0.5618813514709473,0.13342291514078777,0.7072524428367615,0.5813694000244141,0.09689668019612631,0.39568886160850525,0.550014591217041,0.10358047485351562,0.282554030418396,0.6283529281616211,0.09541765848795573,0.1569959819316864,0.5450196743011475,0.12017472585042317,0.03528571128845215,0.6654406547546386,0.2312115987141927,0.43791282176971436,0.5188406944274903,0.30347846349080404,0.8960465788841248,0.6545730590820312,0.15005518595377604,0.5970032215118408,0.35481486320495603,0.3551675796508789,0.9325628280639648,0.5130219459533691,0.05271368026733399,0.7688342332839966,0.15997202396392823,0.33069060643514,0.9445579648017883,0.6225212097167969,0.8046614329020182,0.7958120703697205,0.5227962970733643,0.8114245096842448,0.9204902648925781,0.556156587600708,0.9927558898925781,0.056326329708099365,0.463700532913208,0.9674301783243815,0.12114459276199341,0.5370614528656006,1.0,0.00407678447663784,0.48207821846008303,1.0,0.007186197210103273
squat,0.5689827919006347,0.07150783538818359,0.5565654635429382,0.5840857982635498,0.03959245681762695,0.22403305768966675,0.5581400871276856,0.04661296208699544,0.15731370449066162,0.619834566116333,0.055502796173095705,0.11845610290765762,0.5532174587249756,0.08107986450195312,0.033914707601070404,0.6588568210601806,0.212670103708903,0.5412089228630066,0.5168825626373291,0.2851012865702311,0.9087837338447571,0.6497950553894043,0.14675861994425457,0.7361215353012085,0.3518143892288208,0.35293890635172526,0.9445980787277222,0.5255781650543213,0.05352363586425781,0.8327906727790833,0.15597317218780518,0.3289238929748535,0.9516775012016296,0.6174591064453125,0.7879015604654948,0.8743178248405457,0.5234036445617676,0.7965044021606446,0.9458280801773071,0.5516180038452149,0.9824963887532552,0.08208870142698288,0.46812191009521487,0.9557676315307617,0.14810633659362793,0.5422555446624756,1.0,0.004620555322617292,0.48804702758789065,1.0,0.007194359786808491
squat,0.5621778964996338,0.07284584045410156,0.7474595308303833,0.5859404563903808,0.042058245340983076,0.5138309597969055,0.5553316116333008,0.04609403610229492,0.22551779448986053,0.6423613071441651,0.06914901733398438,0.31427815556526184,0.5597667694091797,0.0862328847249349,0.02279822714626789,0.6735341072082519,0.2288613001505534,0.6510708928108215,0.5262063980102539,0.3020654042561849,0.9178013801574707,0.6456863403320312,0.14506807327270507,0.7802035212516785,0.35808825492858887,0.36464068094889324,0.9265186190605164,0.5100298404693604,0.05048294067382812,0.8682540655136108,0.15935230255126953,0.33546530405680336,0.9392978549003601,0.6200882911682128,0.7983352661132812,0.869459867477417,0.5209946155548095,0.8049782435099284,0.933509111404419,0.5455385684967041,0.9802563985188802,0.08165233582258224,0.45068988800048826,0.953451665242513,0.12527938187122345,0.5374929904937744,1.0,0.004608312156051397,0.48950943946838377,1.0,0.006469203624874353
squat,0.5525870323181152,0.05846427281697591,0.6814147233963013,0.5742450714111328,0.031006908416748045,0.34545496106147766,0.5447795867919922,0.03450692494710286,0.1968117654323578,0.6222244262695312,0.0719214121500651,0.2935280501842499,0.5485900402069092,0.086278502146403,0.033836472779512405,0.6671933650970459,0.2733786900838216,0.7335646152496338,0.4987482070922852,0.319633420308431,0.9400293827056885,0.6637992858886719,0.21681839625040691,0.8742325305938721,0.35769991874694823,0.3678526560465495,0.9596109390258789,0.579659366607666,0.11336816151936849,0.8873755931854248,0.1788269281387329,0.35582167307535806,0.9473727941513062,0.6361232757568359,0.854624621073405,0.7736803889274597,0.5208005905151367,0.8563714345296224,0.8776863217353821,0.6357825756072998,0.9925941467285156,0.017658239230513573,0.47484617233276366,0.9245372136433919,0.02549026906490326,0.7363399505615235,1.0,0.0006764607969671488,0.5867926120758057,0.9129948298136393,0.0008977914112620056
squat,0.5280860424041748,0.09669745763142903,0.9695709943771362,0.5592800140380859,0.07113030751546225,0.9396882057189941,0.5238905429840088,0.07600965499877929,0.7953356504440308,0.6325462818145752,0.10888900756835937,0.7230951189994812,0.5319756031036377,0.12047767639160156,0.06672700494527817,0.659619140625,0.2702779769897461,0.8393685221672058,0.5041202068328857,0.31482372283935545,0.9489524960517883,0.6831847190856933,0.27518367767333984,0.7618159651756287,0.32515416145324705,0.4095544179280599,0.8707669973373413,0.6192211151123047,0.17755254109700522,0.7517527937889099,0.1545673131942749,0.3917287190755208,0.8091946840286255,0.626009750366211,0.8970034917195638,0.762410581111908,0.5121137619018554,0.9045080184936524,0.8448200821876526,0.5828647136688232,1.0,0.023670174181461334,0.44713845252990725,1.0,0.02783692441880703,0.6764431953430176,1.0,0.001754101598635316,0.584576416015625,1.0,0.001938707777298987
squat,0.5275498390197754,0.09788970947265625,0.9944741129875183,0.5572029113769531,0.06931711832682291,0.9892592430114746,0.5169001579284668,0.07729969024658204,0.9621223211288452,0.6289329051971435,0.10773429870605469,0.9223790168762207,0.5209201812744141,0.12322260538736979,0.38084983825683594,0.6828680038452148,0.31265058517456057,0.9653372764587402,0.5009090423583984,0.3097900708516439,0.9933376312255859,0.7202666759490967,0.578581428527832,0.7547343373298645,0.36730160713195803,0.4602144877115885,0.9425737857818604,0.695437240600586,0.8083610534667969,0.5808874368667603,0.1826990842819214,0.4831871032714844,0.8192124962806702,0.6346065044403076,0.8407922108968099,0.737036406993866,0.5158181190490723,0.8326052347819011,0.8642181754112244,0.601569938659668,1.0,0.029781855642795563,0.4946596145629883,1.0,0.06013476848602295,0.6503098964691162,1.0,0.001686801202595234,0.5956740379333496,1.0,0.0029235677793622017
squat,0.5197288513183593,0.10635283788045248,0.9940424561500549,0.5481587886810303,0.07885859807332357,0.9918550252914429,0.512057113647461,0.08441038131713867,0.9379552006721497,0.6181475639343261,0.10260413487752279,0.9586438536643982,0.5167240619659423,0.1154356320699056,0.21219444274902344,0.665615177154541,0.26866423288981117,0.9928889274597168,0.5039895057678223,0.2960479736328125,0.9848151206970215,0.7013234615325927,0.4797637939453125,0.9638458490371704,0.43083763122558594,0.48671445846557615,0.8896534442901611,0.6680110454559326,0.6925066630045573,0.9047985076904297,0.32210752964019773,0.5330341339111329,0.7753730416297913,0.6097136974334717,0.8137721379597982,0.9444844722747803,0.49783892631530763,0.8118621190388997,0.9250891208648682,0.5886403083801269,1.0,0.07753846049308777,0.4755250930786133,1.0,0.052096497267484665,0.6278182983398437,1.0,0.0029773188289254904,0.5688549041748047,1.0,0.002348466543480754
squat,0.5203704833984375,0.11000471115112305,0.9967129230499268,0.5506167888641358,0.07898047765096029,0.9931964874267578,0.5075550079345703,0.08495842615763347,0.9659052491188049,0.613293981552124,0.10428832372029623,0.9488345980644226,0.4995901584625244,0.11902894973754882,0.3488691747188568,0.6569310665130615,0.2877484957377116,0.9922837615013123,0.4860206604003906,0.3249179840087891,0.9938791990280151,0.7213881969451904,0.5180981636047364,0.9613544940948486,0.4019641876220703,0.5497151692708333,0.9487445950508118,0.649324369430542,0.7004044850667318,0.9382628202438354,0.2349405527114868,0.6796255111694336,0.9018597602844238,0.6106856822967529,0.8185394287109375,0.8908295035362244,0.4988839149475098,0.8259074529012044,0.896662712097168,0.5814045906066895,0.9648482004801432,0.07226518541574478,0.489642333984375,0.9830184936523437,0.0697181299328804,0.614973497390747,0.9980061213175456,0.0031669619493186474,0.5916423797607422,1.0,0.0031249690800905228
squat,0.5198960304260254,0.10570850372314453,0.9956674575805664,0.548600721359253,0.07201054890950521,0.9909244179725647,0.5004578590393066,0.07924168904622396,0.9712750315666199,0.6043359279632569,0.09589576721191406,0.9458949565887451,0.4853567123413086,0.11540273030598959,0.5080068707466125,0.664220666885376,0.2869917869567871,0.9930760860443115,0.4746542453765869,0.3255986213684082,0.9944741129875183,0.7295430183410645,0.5534201939900716,0.9605624079704285,0.4262143611907959,0.581698226928711,0.9632489681243896,0.6632054328918457,0.8059562683105469,0.9257096648216248,0.2954657793045044,0.7710513432820638,0.9144642949104309,0.6133028984069824,0.7960515340169271,0.9409418702125549,0.4863003730773926,0.8011511484781901,0.9497005343437195,0.602058219909668,1.0,0.10754937678575516,0.4621567249298096,1.0,0.12021808326244354,0.6230537414550781,1.0,0.0038083328399807215,0.5169426441192627,1.0,0.004164857789874077
squat,0.5218633651733399,0.11547571818033854,0.9960253238677979,0.5498981952667237,0.0794409434000651,0.9914420247077942,0.49822344779968264,0.0858648935953776,0.9772655367851257,0.6033355712890625,0.09743982950846354,0.9426106810569763,0.47834296226501466,0.11575546264648437,0.5610248446464539,0.6726450443267822,0.2928725242614746,0.9942253232002258,0.4630758762359619,0.3194955190022786,0.9936070442199707,0.7327413558959961,0.566533915201823,0.9672979712486267,0.4303715705871582,0.5812842051188151,0.9643001556396484,0.6979046821594238,0.8429534276326497,0.9203550219535828,0.356961989402771,0.7996325174967448,0.9040026664733887,0.623551607131958,0.8252773284912109,0.9511784315109253,0.47802114486694336,0.823382314046224,0.9543594717979431,0.6292821407318115,1.0,0.07831729203462601,0.4384035110473633,1.0,0.08132529258728027,0.6483058929443359,1.0,0.0024922951124608517,0.4726406097412109,1.0,0.0026195866521447897
squat,0.5206976413726807,0.11927375793457032,0.995728075504303,0.550788164138794,0.08089243570963542,0.990471601486206,0.49494318962097167,0.08505318959554037,0.9767345190048218,0.6036767959594727,0.09322776794433593,0.9354410767555237,0.47056012153625487,0.1055938720703125,0.5989985466003418,0.6698265075683594,0.2909883817036947,0.9942929744720459,0.4552299499511719,0.3144287109375,0.9937199354171753,0.7361204147338867,0.5678112030029296,0.961641788482666,0.4325435638427734,0.5938227971394857,0.9577947854995728,0.7201091289520264,0.8500099817911784,0.905894935131073,0.3810714244842529,0.840564219156901,0.8814247846603394,0.6195884227752686,0.8350076039632162,0.9331998229026794,0.4768744945526123,0.8319366455078125,0.9361876249313354,0.5947798728942871,1.0,0.0599154457449913,0.44544758796691897,1.0,0.061258330941200256,0.5929759502410888,1.0,0.0020482430700212717,0.4960164070129395,1.0,0.0021366409491747618
squat,0.5217491149902344,0.1195224126180013,0.9956761002540588,0.5518178939819336,0.07928937276204427,0.9894219040870667,0.4936363220214844,0.08371626536051432,0.9791487455368042,0.6030957698822021,0.08700555165608724,0.9217256903648376,0.46543359756469727,0.09993336995442709,0.6572216749191284,0.6703800678253173,0.2856259346008301,0.9938610792160034,0.44907827377319337,0.30876315434773766,0.9941335320472717,0.7415387630462646,0.5650449752807617,0.955328106880188,0.4326582908630371,0.5954108556111654,0.9593901634216309,0.7337500095367432,0.8526996612548828,0.8918909430503845,0.39879279136657714,0.854457410176595,0.880441427230835,0.6196183204650879,0.8373336791992188,0.9235448837280273,0.47392616271972654,0.8344652811686198,0.9307982325553894,0.5888155937194824,1.0,0.050892867147922516,0.44577465057373045,1.0,0.05550438538193703,0.5810313701629639,1.0,0.0018485174514353275,0.5003562927246094,1.0,0.0020133350044488907
squat,0.5244099140167237,0.11746400197347005,0.9955898523330688,0.5538476943969727,0.0767987569173177,0.9887474775314331,0.4949939250946045,0.08167750040690104,0.9795524477958679,0.6029962539672852,0.08188756306966145,0.9162841439247131,0.46399903297424316,0.09609642028808593,0.6782031655311584,0.6723239421844482,0.28030465443929037,0.9942842125892639,0.44748721122741697,0.30271139144897463,0.99434894323349,0.7485684394836426,0.5646867116292318,0.9560236930847168,0.43476243019104005,0.5898342132568359,0.9588591456413269,0.7358579635620117,0.856294314066569,0.8906311392784119,0.4036716461181641,0.838913091023763,0.8808063864707947,0.6212268352508545,0.8382085164388021,0.9250485897064209,0.4746767520904541,0.8344010670979818,0.9310621023178101,0.5871087074279785,1.0,0.05366978421807289,0.45209488868713377,1.0,0.05785861238837242,0.5756376266479493,1.0,0.002032355172559619,0.5129798889160156,0.9988723119099935,0.0021933496464043856
squat,0.5275698184967041,0.11002209981282553,0.9959216117858887,0.5578004360198975,0.07088661193847656,0.9869747161865234,0.4978200912475586,0.07404505411783854,0.9804248213768005,0.604536771774292,0.07778828938802083,0.893256664276123,0.46227221488952636,0.08762588500976562,0.6988704800605774,0.672504472732544,0.2725913365681966,0.9955750703811646,0.4408098220825195,0.2964917182922363,0.9943336248397827,0.7550152778625489,0.5519431432088217,0.9592929482460022,0.4301938533782959,0.5839292526245117,0.9521110653877258,0.7314559936523437,0.8635492960611979,0.8862579464912415,0.40412168502807616,0.8425762176513671,0.8606104850769043,0.6181512832641601,0.8422598520914714,0.9168115854263306,0.4713572978973389,0.8393311818440755,0.9173638224601746,0.5672959327697754,1.0,0.048303619027137756,0.4654876708984375,1.0,0.04594649374485016,0.5397351264953614,1.0,0.0017445932608097792,0.550894021987915,0.9832630157470703,0.001711282879114151
squat,0.5267938137054443,0.10706774393717448,0.9960821270942688,0.5577497959136963,0.06840712229410807,0.9875900745391846,0.4977092742919922,0.07064628601074219,0.9808381199836731,0.6052079200744629,0.07582817077636719,0.901199460029602,0.46295480728149413,0.08360246022542318,0.6936696171760559,0.6750124454498291,0.269937006632487,0.9956795573234558,0.4402002811431885,0.2926953633626302,0.9946467280387878,0.7592120170593262,0.5522286732991536,0.9598877429962158,0.4298731327056885,0.5837841033935547,0.9552072286605835,0.7320657730102539,0.863940175374349,0.8863328695297241,0.3984007596969604,0.8456703821818033,0.8623971939086914,0.6172285556793213,0.8466779073079427,0.9185847640037537,0.46754961013793944,0.8417338053385417,0.9208750128746033,0.5654409408569336,1.0,0.04608066380023956,0.4556111335754395,1.0,0.04466808959841728,0.5370957851409912,1.0,0.001613181084394455,0.5407258987426757,0.9866165161132813,0.001609806902706623
squat,0.5259207248687744,0.09993476867675781,0.996417760848999,0.5609621047973633,0.05768521626790365,0.9905436635017395,0.4955007553100586,0.05886300404866537,0.9835350513458252,0.6150064468383789,0.06503791809082031,0.9162145853042603,0.4606898784637451,0.07094732920328777,0.6654215455055237,0.6810989856719971,0.261763064066569,0.9932168126106262,0.4474172592163086,0.28643592198689777,0.9948321580886841,0.769503402709961,0.554332160949707,0.9501264095306396,0.43338985443115235,0.588987922668457,0.9657783508300781,0.736985445022583,0.8569709777832031,0.8873868584632874,0.3791038513183594,0.8566360473632812,0.8951825499534607,0.6326096057891846,0.8507743835449219,0.9120981693267822,0.47785048484802245,0.8481589635213216,0.9277893900871277,0.6053293228149415,1.0,0.035038743168115616,0.4557300567626953,1.0,0.042396821081638336,0.587095069885254,1.0,0.0012696473859250546,0.5197187423706054,1.0,0.0014688147930428386
squat,0.5240920066833497,0.09202601114908854,0.9965835213661194,0.5582695484161377,0.04636815388997396,0.9913756251335144,0.49219670295715334,0.05152289072672526,0.9835784435272217,0.6153322219848633,0.04798596700032552,0.9234522581100464,0.45897836685180665,0.06367963155110677,0.6291730999946594,0.6882028102874755,0.24931163787841798,0.9927242398262024,0.4507750034332275,0.27660497029622394,0.994484007358551,0.7761873245239258,0.5494583129882813,0.9493952989578247,0.43229241371154786,0.5758711496988932,0.9669387936592102,0.7358139991760254,0.8518461227416992,0.8957720398902893,0.3720423460006714,0.8462281545003255,0.904688835144043,0.6333054065704345,0.8472076416015625,0.9150130152702332,0.474376916885376,0.8435855229695638,0.9322493672370911,0.6037499904632568,1.0,0.035293251276016235,0.4415403366088867,1.0,0.04380788281559944,0.5936196327209473,1.0,0.0012434555683284998,0.4968559741973877,1.0,0.00146567658521235
squat,0.5202990531921386,0.08453369140625,0.9967846870422363,0.558488416671753,0.036819203694661455,0.9925419092178345,0.48853745460510256,0.04135538736979167,0.9831194281578064,0.6242831230163575,0.03925399780273438,0.934464693069458,0.45742998123168943,0.053108469645182295,0.5626299381256104,0.6986562252044678,0.23866052627563478,0.9920042157173157,0.452684211730957,0.2658528327941895,0.9942665696144104,0.7854653358459472,0.5455163955688477,0.9464758634567261,0.4351675987243652,0.569211196899414,0.9682906866073608,0.7330805778503418,0.8569803237915039,0.8950828313827515,0.37121829986572263,0.8338945388793946,0.9094653129577637,0.641381025314331,0.8480333964029948,0.9093093872070312,0.4742452621459961,0.8430734634399414,0.9304741621017456,0.619610071182251,1.0,0.02981320209801197,0.437740421295166,1.0,0.03915690258145332,0.6121606349945068,1.0,0.0010662570130079985,0.4965726375579834,0.9988686879475911,0.0013124687829986215
squat,0.5263388156890869,0.03804365793863932,0.9953593611717224,0.5599111080169678,0.0,0.9877097606658936,0.49088287353515625,0.0,0.9719317555427551,0.6174122333526612,0.0,0.9128546118736267,0.4541801452636719,0.01973584493001302,0.48386937379837036,0.7029996395111084,0.20665864944458007,0.9940106272697449,0.44984989166259765,0.2427433967590332,0.9922702312469482,0.7940448760986328,0.5166965166727702,0.9677479863166809,0.44187312126159667,0.5508966445922852,0.9650866985321045,0.7554580211639405,0.8491969426472982,0.9109483361244202,0.3802026271820068,0.8177447001139323,0.8904761672019958,0.6567073822021484,0.8542344411214192,0.9394693970680237,0.48101229667663575,0.8512330373128255,0.9434465765953064,0.6338060379028321,1.0,0.028455261141061783,0.42851667404174804,1.0,0.028541263192892075,0.6378200054168701,1.0,0.0007764173205941916,0.48649277687072756,1.0,0.0008015724597498775
squat,0.5222335815429687,0.019795989990234374,0.9611759185791016,0.5546505451202393,0.0,0.8949893116950989,0.48898611068725584,0.0,0.786117672920227,0.6149415969848633,0.0,0.7413491606712341,0.4566755771636963,0.015722274780273438,0.1899273693561554,0.7109024047851562,0.19984985987345377,0.9805775880813599,0.44655327796936034,0.23731619517008465,0.981074869632721,0.799114179611206,0.5083945592244467,0.956815242767334,0.44216213226318357,0.544024912516276,0.9663079380989075,0.7615384101867676,0.8557603836059571,0.892987072467804,0.38085169792175294,0.8096468607584636,0.8979424238204956,0.6750521659851074,0.8498477935791016,0.9396741390228271,0.48828554153442383,0.8479808807373047,0.9505430459976196,0.6740147590637207,1.0,0.025140801444649696,0.4339103698730469,1.0,0.02932746335864067,0.6878127098083496,1.0,0.0006420714198611677,0.4965639114379883,1.0,0.0007444757502526045
squat,0.5346379280090332,0.0017009735107421874,0.690471887588501,0.5625170707702637,0.0,0.37928852438926697,0.50363187789917,0.0,0.2402237057685852,0.6168715953826904,0.0,0.35494503378868103,0.4719693660736084,0.0098846435546875,0.06388435512781143,0.7192008972167969,0.19626426696777344,0.9458832144737244,0.44906907081604003,0.23035240173339844,0.9539309144020081,0.8050880432128906,0.5030624071756998,0.946769118309021,0.44530415534973145,0.535073979695638,0.9618692398071289,0.7665207386016846,0.86779359181722,0.8736131191253662,0.38546698093414306,0.8009916941324869,0.892398476600647,0.6804533958435058,0.8472671508789062,0.9407042860984802,0.49187817573547366,0.8430347442626953,0.9527050256729126,0.6821752071380616,1.0,0.026653185486793518,0.44971866607666017,1.0,0.03202810883522034,0.6884254932403564,1.0,0.0006899613072164357,0.5216064929962159,0.9676803588867188,0.0008189966320060194
squat,0.5343307971954345,0.0,0.36824947595596313,0.5557938575744629,0.0,0.12168106436729431,0.5069969177246094,0.0,0.06883452832698822,0.6068008422851563,0.0,0.20244698226451874,0.48349475860595703,0.0,0.03511780500411987,0.7236591339111328,0.16627092361450196,0.9279369711875916,0.45353264808654786,0.20168870290120441,0.9404829740524292,0.8231974601745605,0.48677107493082683,0.9326440095901489,0.44106202125549315,0.5117092132568359,0.952972948551178,0.7798129081726074,0.8997215270996094,0.8213759064674377,0.38800768852233886,0.8031320571899414,0.8553140759468079,0.6708627700805664,0.835370127360026,0.9262471199035645,0.4952109336853027,0.8298252741495769,0.9414519667625427,0.6347178459167481,1.0,0.02531353384256363,0.4898533344268799,1.0,0.03130905330181122,0.6197277069091797,1.0,0.0006697735516354442,0.595682954788208,0.9465185801188151,0.0008141405414789915
squat,0.5109045028686523,0.0,0.17557933926582336,0.5362904071807861,0.0,0.06880543380975723,0.4918220043182373,0.0,0.016239190474152565,0.6077047348022461,0.0,0.23209205269813538,0.49047093391418456,0.0,0.00885405670851469,0.7279903411865234,0.16274312337239583,0.8826345205307007,0.46766109466552735,0.17712783813476562,0.9067037105560303,0.8228596687316895,0.5140178044637044,0.9154131412506104,0.4600680351257324,0.5015568097432455,0.940414547920227,0.8030172348022461,0.9304562886555989,0.7878941297531128,0.3896425008773804,0.7948773701985677,0.8213772773742676,0.6640711784362793,0.849415651957194,0.8963202834129333,0.499527645111084,0.8324012756347656,0.9185335040092468,0.6098920345306397,1.0,0.016484934836626053,0.4896091461181641,1.0,0.02301131747663021,0.6036201000213623,1.0,0.0004125766281504184,0.6171215534210205,0.9735698699951172,0.0005620361189357936
squat,0.5152447700500489,0.0,0.18046033382415771,0.5398979187011719,0.0,0.05464857444167137,0.49667892456054685,0.0,0.02041477896273136,0.6082927227020264,0.0,0.16672383248806,0.4941594123840332,0.0,0.012213021516799927,0.7333163738250732,0.14767694473266602,0.8800484538078308,0.46125192642211915,0.1617816925048828,0.9195590019226074,0.8341167449951172,0.5022766431172688,0.9058471322059631,0.45096893310546876,0.49004688262939455,0.954249382019043,0.8070836067199707,0.9317122141520182,0.7521432042121887,0.40813169479370115,0.7801717758178711,0.8435458540916443,0.6695764541625977,0.8433195114135742,0.9020410180091858,0.49555220603942873,0.8277642567952473,0.932293176651001,0.6335267543792724,1.0,0.014994874596595764,0.5054824352264404,1.0,0.023692643269896507,0.6233995437622071,1.0,0.00036870964686386287,0.6369954586029053,0.9479218165079752,0.0005428318399935961
squat,0.5249412536621094,0.0,0.20713655650615692,0.548174524307251,0.0,0.05273481085896492,0.5041649341583252,0.0,0.029405446723103523,0.6098315238952636,0.0,0.1269494742155075,0.4962409019470215,0.0,0.019916987046599388,0.7329972267150879,0.1433863639831543,0.8705759644508362,0.4596583366394043,0.1546635627746582,0.9344204068183899,0.8374758720397949,0.5058357238769531,0.8937200307846069,0.45120654106140134,0.4862038294474284,0.9626696705818176,0.8284553527832031,0.9376257578531901,0.7153895497322083,0.4105099678039551,0.7818207422892253,0.8558942675590515,0.6737499237060547,0.8546274820963542,0.8829700350761414,0.49859843254089353,0.8394935607910157,0.927452564239502,0.6339945793151855,1.0,0.011029745452105999,0.49952101707458496,1.0,0.019252145662903786,0.6437179565429687,1.0,0.00029018352506682277,0.6417708396911621,0.938002077738444,0.0004527558630798012
squat,0.5173944950103759,0.0011846542358398438,0.15169893205165863,0.5410812854766845,0.0,0.03942910209298134,0.4994074821472168,0.0,0.017203720286488533,0.6092372417449952,0.0,0.11989416182041168,0.49973058700561523,0.0,0.011675488203763962,0.7414723396301269,0.13484567006429035,0.8482378125190735,0.4623527526855469,0.13364845911661785,0.9128802418708801,0.8518750190734863,0.514079221089681,0.8881020545959473,0.4496952533721924,0.4754211743672689,0.9575838446617126,0.8457298278808594,0.905294926961263,0.7407950758934021,0.4149158954620361,0.7780544916788737,0.8543514013290405,0.6685509204864502,0.8596569061279297,0.8764915466308594,0.4909961223602295,0.8365074157714844,0.9210712909698486,0.6143050193786621,1.0,0.011183250695466995,0.48389520645141604,1.0,0.019506772980093956,0.6188698768615722,1.0,0.0002905184810515493,0.622783613204956,0.937224006652832,0.00045945041347295046
